"response_id","visited_before_or_after","country","nights"
"GEN24_1000488","Before","Hong Kong (Special Administrative Region)",1
"GEN24_1000512","After","French Polynesia",7
"GEN24_1000612","After","Cambodia",12
"GEN24_1000612","After","England",5
"GEN24_1000612","After","Switzerland",4
"GEN24_1000612","Before","Cambodia",36
"GEN24_1000637","Before","Australia",1
"GEN24_1000719","After","Australia",1
"GEN24_1000719","Before","Australia",1
"GEN24_1000729","After","Australia",4
"GEN24_1000731","After","Australia",99
"GEN24_1000731","Before","Australia",99
"GEN24_1000746","Before","Australia",1
"GEN24_1000748","After","Australia",1
"GEN24_1000778","After","Australia",30
"GEN24_1000829","After","Australia",2
"GEN24_1000853","After","Australia",10
"GEN24_1000853","Before","Australia",10
"GEN24_1000871","After","Australia",10
"GEN24_1000871","After","Germany",1
"GEN24_1000871","Before","Australia",11
"GEN24_1000871","Before","Germany",2
"GEN24_1000873","After","Australia",1
"GEN24_1000873","Before","Australia",5
"GEN24_1000877","Before","Australia",20
"GEN24_1000879","After","Canada",80
"GEN24_1000879","Before","Hong Kong (Special Administrative Region)",1
"GEN24_1000927","After","Thailand",6
"GEN24_1000980","Before","Australia",15
"GEN24_1000992","After","Australia",14
"GEN24_1000992","Before","Australia",14
"GEN24_1001074","After","Australia",7
"GEN24_1001090","Before","Australia",1
"GEN24_1001135","Before","United States of America",1
"GEN24_1001139","After","Singapore",4
"GEN24_1001139","Before","Malaysia",11
"GEN24_1001139","Before","Singapore",7
"GEN24_1001160","After","Singapore",1
"GEN24_1001160","Before","Singapore",4
"GEN24_1001183","Before","Australia",39
"GEN24_1001209","Before","Australia",3
"GEN24_1001230","After","Australia",1
"GEN24_1001230","Before","Australia",1
"GEN24_1001235","Before","Australia",1
"GEN24_1001313","After","Australia",14
"GEN24_1001350","After","Kenya",14
"GEN24_1001350","Before","Spain",28
"GEN24_1001417","After","Australia",8
"GEN24_1001417","Before","Australia",2
"GEN24_1001440","After","Australia",2
"GEN24_1001446","After","Canada",4
"GEN24_1001446","After","Scotland",1
"GEN24_1001446","Before","Austria",4
"GEN24_1001446","Before","French Polynesia",7
"GEN24_1001446","Before","Singapore",4
"GEN24_1001446","Before","Turkey",2
"GEN24_1001447","Before","Austria",9
"GEN24_1001447","Before","Switzerland",2
"GEN24_1001447","Before","United Arab Emirates",1
"GEN24_1001478","After","Australia",1
"GEN24_1001493","Before","Australia",6
"GEN24_1001507","After","Fiji",4
"GEN24_1001507","After","Singapore",3
"GEN24_1001511","Before","Australia",1
"GEN24_1001514","After","Australia",1
"GEN24_1001527","After","Qatar",1
"GEN24_1001527","Before","Australia",1
"GEN24_1001548","Before","Australia",7
"GEN24_1001557","After","Australia",36
"GEN24_1001560","After","Australia",1
"GEN24_1001560","Before","Australia",99
"GEN24_1001646","After","China, People's Republic of",99
"GEN24_1001646","Before","Australia",99
"GEN24_1001651","After","Turkey",1
"GEN24_1001659","After","United States of America",5
"GEN24_1001659","Before","Singapore",5
"GEN24_1001681","After","Hong Kong (Special Administrative Region)",1
"GEN24_1001681","Before","Hong Kong (Special Administrative Region)",1
"GEN24_1001696","After","Australia",9
"GEN24_1001701","Before","Australia",60
"GEN24_1001717","After","Australia",3
"GEN24_1001757","Before","Australia",35
"GEN24_1001771","Before","United States of America",1
"GEN24_1001793","After","Australia",1
"GEN24_1001793","Before","Australia",1
"GEN24_1001805","After","Australia",2
"GEN24_1001805","Before","Australia",25
"GEN24_1001822","Before","Australia",17
"GEN24_1001841","Before","Singapore",2
"GEN24_1001872","Before","Australia",50
"GEN24_1001889","After","Canada",1
"GEN24_1001901","Before","Australia",8
"GEN24_1001906","After","Australia",1
"GEN24_1001906","Before","Australia",1
"GEN24_1001918","After","Egypt",14
"GEN24_1001918","Before","Argentina",5
"GEN24_1001918","Before","Brazil",5
"GEN24_1001918","Before","Colombia",21
"GEN24_1001918","Before","Peru",5
"GEN24_1001924","After","Taiwan",10
"GEN24_1001924","Before","Japan",45
"GEN24_1001930","Before","Australia",1
"GEN24_1001940","Before","Australia",1
"GEN24_1001971","Before","Japan",3
"GEN24_1001972","After","Singapore",1
"GEN24_1001972","Before","Singapore",1
"GEN24_1001975","Before","Singapore",2
"GEN24_1001975","Before","Turkey",25
"GEN24_1001986","After","Australia",30
"GEN24_1001986","Before","Australia",30
"GEN24_1002005","After","United States of America",10
"GEN24_1002005","Before","Indonesia",60
"GEN24_1002005","Before","Italy",7
"GEN24_1002009","After","Singapore",2
"GEN24_1002011","Before","Singapore",1
"GEN24_1002022","After","Australia",1
"GEN24_1002039","After","Australia",10
"GEN24_1002039","Before","Australia",10
"GEN24_1002092","After","Australia",30
"GEN24_1002171","After","Australia",1
"GEN24_1002171","Before","Australia",1
"GEN24_1002191","Before","Australia",1
"GEN24_1002226","After","United States of America",18
"GEN24_1002229","After","Brunei Darussalam",35
"GEN24_1002284","After","Australia",36
"GEN24_1002297","Before","Australia",1
"GEN24_1002298","Before","Australia",10
"GEN24_1002345","After","Singapore",1
"GEN24_1002346","After","Singapore",2
"GEN24_1002361","After","Australia",90
"GEN24_1002361","Before","Australia",50
"GEN24_1002369","Before","Australia",1
"GEN24_1002383","After","Australia",16
"GEN24_1002384","Before","Australia",99
"GEN24_1002436","After","Australia",99
"GEN24_1002436","Before","Australia",99
"GEN24_1002443","Before","Singapore",1
"GEN24_1002488","After","Australia",1
"GEN24_1002514","After","United States of America",1
"GEN24_1002536","After","Australia",1
"GEN24_1002559","After","Australia",4
"GEN24_1002561","Before","Australia",10
"GEN24_1002585","After","Australia",10
"GEN24_1002585","Before","Australia",36
"GEN24_1002671","After","Australia",12
"GEN24_1002671","Before","Australia",14
"GEN24_1002674","Before","Australia",3
"GEN24_1002677","After","United States of America",5
"GEN24_1002717","Before","Australia",4
"GEN24_1002762","Before","Fiji",16
"GEN24_1002786","After","Australia",1
"GEN24_1002853","Before","New Caledonia",2
"GEN24_1002856","After","Australia",1
"GEN24_1002858","After","Australia",99
"GEN24_1002951","Before","Australia",30
"GEN24_1003081","Before","Australia",1
"GEN24_1003092","Before","Australia",21
"GEN24_1003116","After","Australia",7
"GEN24_1003116","Before","Australia",3
"GEN24_1003118","After","Australia",30
"GEN24_1003142","After","Australia",12
"GEN24_1003146","After","Australia",1
"GEN24_1003146","Before","Australia",1
"GEN24_1003158","Before","Australia",1
"GEN24_1003162","Before","Colombia",28
"GEN24_1003202","Before","Australia",2
"GEN24_1003202","Before","Canada",20
"GEN24_1003206","After","United States of America",1
"GEN24_1003206","Before","United States of America",2
"GEN24_1003209","After","Australia",5
"GEN24_1003217","After","Philippines",14
"GEN24_1003217","Before","Australia",24
"GEN24_1003235","After","Australia",1
"GEN24_1003235","Before","Australia",1
"GEN24_1003273","Before","French Polynesia",30
"GEN24_1003280","After","Thailand",7
"GEN24_1003323","After","Canada",14
"GEN24_1003354","After","Australia",1
"GEN24_1003354","Before","Australia",10
"GEN24_1003378","After","Singapore",1
"GEN24_1003379","After","Singapore",1
"GEN24_1003379","Before","Singapore",1
"GEN24_1003435","After","Malaysia",15
"GEN24_1003435","Before","Malaysia",5
"GEN24_1003454","After","Australia",9
"GEN24_1003454","Before","Australia",9
"GEN24_1003456","Before","Australia",3
"GEN24_1003472","After","Australia",1
"GEN24_1003472","Before","Australia",1
"GEN24_1003503","After","Cambodia",15
"GEN24_1003503","After","Indonesia",15
"GEN24_1003503","After","Philippines",30
"GEN24_1003503","After","Viet Nam",30
"GEN24_1003503","Before","Australia",30
"GEN24_1003528","Before","Australia",3
"GEN24_1003538","After","United States of America",4
"GEN24_1003570","After","Australia",99
"GEN24_1003570","Before","Australia",80
"GEN24_1003622","Before","Australia",1
"GEN24_1003736","After","United States of America",10
"GEN24_1003738","Before","Australia",6
"GEN24_1003750","After","Italy",2
"GEN24_1003750","Before","Canada",2
"GEN24_1003750","Before","Italy",2
"GEN24_1003760","After","Australia",99
"GEN24_1003767","After","China, People's Republic of",60
"GEN24_1003783","After","Australia",89
"GEN24_1003783","Before","Australia",72
"GEN24_1003803","After","Australia",5
"GEN24_1003842","After","United States of America",6
"GEN24_1003853","After","Canada",10
"GEN24_1003853","Before","Australia",14
"GEN24_1003857","After","Australia",5
"GEN24_1003857","Before","Australia",21
"GEN24_1003907","After","Australia",1
"GEN24_1003907","Before","Australia",1
"GEN24_1003908","After","Australia",20
"GEN24_1003908","Before","Australia",6
"GEN24_1003909","After","Australia",99
"GEN24_1003909","Before","Australia",99
"GEN24_1003960","Before","Australia",99
"GEN24_1003964","Before","Australia",1
"GEN24_1003974","After","Australia",30
"GEN24_1004009","Before","United States of America",3
"GEN24_1004024","Before","Australia",1
"GEN24_1004049","After","Australia",6
"GEN24_1004049","Before","Australia",6
"GEN24_1004051","Before","Australia",6
"GEN24_1004054","Before","Fiji",6
"GEN24_1004057","After","Canada",5
"GEN24_1004057","After","United States of America",5
"GEN24_1004057","Before","Australia",21
"GEN24_1004057","Before","United Arab Emirates",3
"GEN24_1004094","Before","Australia",8
"GEN24_1004109","Before","Australia",10
"GEN24_1004149","Before","Hong Kong (Special Administrative Region)",3
"GEN24_1004149","Before","Japan",4
"GEN24_1004149","Before","Philippines",6
"GEN24_1004154","Before","Australia",14
"GEN24_1004157","Before","Singapore",2
"GEN24_1004183","Before","Australia",12
"GEN24_1004293","After","Switzerland",1
"GEN24_1004293","Before","Australia",5
"GEN24_1004293","Before","French Polynesia",7
"GEN24_1004294","After","United States of America",4
"GEN24_1004301","Before","Australia",1
"GEN24_1004351","Before","Australia",10
"GEN24_1004355","After","Australia",1
"GEN24_1004355","Before","Australia",1
"GEN24_1004377","After","United States of America",1
"GEN24_1004377","Before","United States of America",2
"GEN24_1004403","After","Australia",56
"GEN24_1004403","Before","Australia",45
"GEN24_1004418","After","Australia",10
"GEN24_1004425","After","Australia",1
"GEN24_1004500","Before","Korea, Republic of",20
"GEN24_1004522","Before","Malaysia",1
"GEN24_1004527","Before","Australia",3
"GEN24_1004569","After","Hong Kong (Special Administrative Region)",1
"GEN24_1004599","After","China, People's Republic of",30
"GEN24_1004599","Before","Australia",20
"GEN24_1004603","Before","Australia",88
"GEN24_1004623","Before","Australia",21
"GEN24_1004641","After","United Arab Emirates",4
"GEN24_1004641","Before","Australia",7
"GEN24_1004641","Before","Philippines",1
"GEN24_1004643","Before","Singapore",1
"GEN24_1004652","Before","Australia",21
"GEN24_1004672","After","Australia",10
"GEN24_1004672","Before","Australia",21
"GEN24_1004685","After","Australia",1
"GEN24_1004685","Before","Australia",1
"GEN24_1004701","Before","Australia",4
"GEN24_1004761","After","Singapore",1
"GEN24_1004761","Before","Singapore",2
"GEN24_1004872","After","Australia",3
"GEN24_1004872","Before","Australia",14
"GEN24_1004881","Before","French Polynesia",9
"GEN24_1004902","Before","Australia",11
"GEN24_1004906","After","Australia",21
"GEN24_1004906","Before","Australia",21
"GEN24_1004920","After","Thailand",14
"GEN24_1004920","Before","Australia",42
"GEN24_1004928","After","France",10
"GEN24_1004928","Before","Australia",5
"GEN24_1004935","After","Australia",10
"GEN24_1004943","Before","Australia",1
"GEN24_1004974","After","Australia",1
"GEN24_1005003","After","Australia",99
"GEN24_1005003","Before","Australia",10
"GEN24_1005034","Before","Australia",36
"GEN24_1005036","After","Australia",5
"GEN24_1005036","Before","Australia",1
"GEN24_1005069","Before","Australia",1
"GEN24_1005095","After","China, People's Republic of",30
"GEN24_1005101","After","Maldives",6
"GEN24_1005107","After","Australia",6
"GEN24_1005111","After","Australia",1
"GEN24_1005111","Before","Australia",1
"GEN24_1005138","After","Maldives",7
"GEN24_1005141","After","Switzerland",14
"GEN24_1005152","After","Australia",45
"GEN24_1005152","After","England",45
"GEN24_1005152","Before","Australia",45
"GEN24_1005164","After","United States of America",99
"GEN24_1005164","Before","England",8
"GEN24_1005173","After","South Africa",6
"GEN24_1005173","Before","South Africa",10
"GEN24_1005180","Before","Australia",12
"GEN24_1005181","Before","Australia",13
"GEN24_1005206","Before","Australia",8
"GEN24_1005216","Before","Spain",1
"GEN24_1005217","After","United Arab Emirates",1
"GEN24_1005217","Before","Australia",8
"GEN24_1005218","Before","Australia",23
"GEN24_1005226","After","Australia",1
"GEN24_1005273","After","New Caledonia",1
"GEN24_1005303","Before","Australia",1
"GEN24_1005303","Before","Viet Nam",14
"GEN24_1005324","After","Australia",1
"GEN24_1005324","Before","Australia",1
"GEN24_1005343","After","United States of America",99
"GEN24_1005343","Before","Australia",6
"GEN24_1005350","After","Nepal",45
"GEN24_1005350","Before","Australia",30
"GEN24_1005350","Before","Thailand",99
"GEN24_1005350","Before","Viet Nam",30
"GEN24_1005369","Before","Australia",10
"GEN24_1005369","Before","Indonesia",6
"GEN24_1005372","After","Singapore",2
"GEN24_1005372","Before","Singapore",5
"GEN24_1005394","After","Australia",60
"GEN24_1005394","Before","Australia",60
"GEN24_1005411","Before","Australia",4
"GEN24_1005424","Before","Australia",30
"GEN24_1005425","Before","Australia",21
"GEN24_1005452","After","Fiji",3
"GEN24_1005452","Before","Australia",12
"GEN24_1005457","After","Fiji",3
"GEN24_1005457","Before","Australia",8
"GEN24_1005527","After","Singapore",2
"GEN24_1005527","Before","Fiji",4
"GEN24_1005527","Before","Singapore",1
"GEN24_1005552","After","United States of America",2
"GEN24_1005552","Before","United States of America",1
"GEN24_1005599","Before","Korea, Republic of",7
"GEN24_1005606","Before","French Polynesia",1
"GEN24_1005606","Before","United States of America",1
"GEN24_1005608","Before","Australia",19
"GEN24_1005611","Before","French Polynesia",2
"GEN24_1005611","Before","United States of America",1
"GEN24_1005630","Before","Australia",99
"GEN24_1005642","Before","United States of America",44
"GEN24_1005645","Before","Australia",7
"GEN24_1005661","After","New Caledonia",7
"GEN24_1005667","After","Australia",99
"GEN24_1005705","Before","Australia",14
"GEN24_1005705","Before","Bolivia",21
"GEN24_1005705","Before","Chile",7
"GEN24_1005705","Before","Peru",21
"GEN24_1005725","After","Indonesia",1
"GEN24_1005725","Before","Australia",2
"GEN24_1005726","Before","Australia",1
"GEN24_1005767","After","Australia",1
"GEN24_1005767","Before","Australia",3
"GEN24_1005768","After","Australia",1
"GEN24_1005768","Before","Australia",1
"GEN24_1005769","After","Singapore",4
"GEN24_1005769","Before","Australia",10
"GEN24_1005774","After","Australia",99
"GEN24_1005784","Before","Ireland",1
"GEN24_1005785","Before","Australia",21
"GEN24_1005823","After","Cook Islands",6
"GEN24_1005823","Before","Cook Islands",6
"GEN24_1005825","Before","Australia",3
"GEN24_1005842","After","Australia",5
"GEN24_1005866","After","Cook Islands",15
"GEN24_1005884","After","Australia",29
"GEN24_1005884","After","Philippines",29
"GEN24_1005884","After","Singapore",7
"GEN24_1005884","After","Viet Nam",29
"GEN24_1005897","After","China, People's Republic of",10
"GEN24_1005901","Before","Canada",29
"GEN24_1005913","After","United Arab Emirates",4
"GEN24_1005913","Before","Indonesia",4
"GEN24_1005913","Before","Thailand",3
"GEN24_1005913","Before","United Arab Emirates",5
"GEN24_1005913","Before","Viet Nam",4
"GEN24_1005914","Before","Japan",4
"GEN24_1005915","Before","Australia",9
"GEN24_1005917","Before","Australia",7
"GEN24_1005918","Before","Australia",17
"GEN24_1005919","Before","Australia",21
"GEN24_1005920","Before","United States of America",3
"GEN24_1005921","Before","United States of America",2
"GEN24_1005925","After","United States of America",1
"GEN24_1005925","Before","United States of America",2
"GEN24_1005926","After","United States of America",1
"GEN24_1005926","Before","United States of America",1
"GEN24_1005931","After","Singapore",3
"GEN24_1005931","Before","Australia",1
"GEN24_1005932","Before","Australia",24
"GEN24_1005936","After","Japan",3
"GEN24_1005936","Before","Australia",3
"GEN24_1005936","Before","Fiji",8
"GEN24_1005939","After","Australia",1
"GEN24_1005939","Before","Australia",1
"GEN24_1005942","After","Australia",1
"GEN24_1005942","Before","Australia",1
"GEN24_1005947","After","Australia",30
"GEN24_1005947","Before","Australia",60
"GEN24_1005980","After","Australia",7
"GEN24_1005980","Before","Australia",7
"GEN24_1005981","Before","French Polynesia",1
"GEN24_1005983","After","Australia",3
"GEN24_1005983","Before","Australia",3
"GEN24_1006003","Before","Australia",99
"GEN24_1006026","After","Australia",1
"GEN24_1006057","After","Australia",1
"GEN24_1006057","Before","Australia",1
"GEN24_1006074","Before","Germany",1
"GEN24_1006084","Before","Australia",99
"GEN24_1006094","Before","Australia",21
"GEN24_1006097","After","United States of America",1
"GEN24_1006097","Before","United States of America",1
"GEN24_1006122","After","Australia",15
"GEN24_1006122","Before","Canada",3
"GEN24_1006150","After","Malaysia",2
"GEN24_1006150","After","Thailand",5
"GEN24_1006150","Before","Indonesia",2
"GEN24_1006152","Before","Hong Kong (Special Administrative Region)",3
"GEN24_1006164","After","Turkey",1
"GEN24_1006164","Before","Kenya",21
"GEN24_1006164","Before","Rwanda",14
"GEN24_1006164","Before","Scotland",20
"GEN24_1006164","Before","Turkey",3
"GEN24_1006164","Before","Uganda",20
"GEN24_1006169","After","Australia",5
"GEN24_1006169","Before","Australia",5
"GEN24_1006177","After","Australia",10
"GEN24_1006177","Before","Australia",10
"GEN24_1006184","After","Singapore",1
"GEN24_1006184","Before","Singapore",3
"GEN24_1006205","After","Indonesia",5
"GEN24_1006205","After","Singapore",2
"GEN24_1006205","Before","Australia",70
"GEN24_1006235","Before","Australia",8
"GEN24_1006248","Before","Indonesia",11
"GEN24_1006260","Before","Australia",1
"GEN24_1006280","After","United States of America",7
"GEN24_1006280","Before","Korea, Republic of",1
"GEN24_1006284","Before","Australia",20
"GEN24_1006285","Before","French Polynesia",6
"GEN24_1006296","After","Australia",1
"GEN24_1006301","Before","Colombia",17
"GEN24_1006311","After","Australia",4
"GEN24_1006311","After","Singapore",2
"GEN24_1006314","After","Australia",5
"GEN24_1006314","Before","United States of America",30
"GEN24_1006320","After","Australia",2
"GEN24_1006320","Before","Australia",8
"GEN24_1006377","Before","Singapore",1
"GEN24_1006443","After","Australia",90
"GEN24_1006443","Before","Singapore",5
"GEN24_1006460","Before","Australia",10
"GEN24_1006460","Before","New Caledonia",10
"GEN24_1006460","Before","Thailand",14
"GEN24_1006460","Before","Viet Nam",9
"GEN24_1006497","After","United States of America",1
"GEN24_1006497","Before","Australia",29
"GEN24_1006498","Before","Australia",20
"GEN24_1006522","After","Australia",10
"GEN24_1006587","Before","Singapore",2
"GEN24_1006611","After","Australia",10
"GEN24_1006621","After","Australia",2
"GEN24_1006621","Before","Australia",15
"GEN24_1006637","Before","Australia",90
"GEN24_1006649","After","Singapore",2
"GEN24_1006649","Before","Germany",1
"GEN24_1006652","After","Singapore",5
"GEN24_1006655","Before","Korea, Republic of",3
"GEN24_1006674","After","Australia",4
"GEN24_1006679","Before","Australia",7
"GEN24_1006687","Before","Singapore",1
"GEN24_1006693","After","France",31
"GEN24_1006693","Before","New Caledonia",31
"GEN24_1006701","Before","Singapore",1
"GEN24_1006702","After","Australia",13
"GEN24_1006704","After","Australia",3
"GEN24_1006704","After","Nepal",4
"GEN24_1006704","Before","Canada",3
"GEN24_1006704","Before","French Polynesia",5
"GEN24_1006704","Before","United States of America",4
"GEN24_1006770","After","Australia",7
"GEN24_1006773","Before","Australia",10
"GEN24_1006795","After","Australia",5
"GEN24_1006795","Before","Australia",1
"GEN24_1006820","Before","Australia",1
"GEN24_1006820","Before","Kenya",14
"GEN24_1006820","Before","Qatar",1
"GEN24_1006828","After","Australia",1
"GEN24_1006836","After","Australia",4
"GEN24_1006854","After","Australia",1
"GEN24_1006881","After","Philippines",99
"GEN24_1006881","Before","Singapore",1
"GEN24_1006891","After","Australia",9
"GEN24_1006891","Before","Australia",9
"GEN24_1006928","After","Australia",4
"GEN24_1006944","After","Australia",11
"GEN24_1006944","Before","Australia",9
"GEN24_1007020","After","Singapore",1
"GEN24_1007020","Before","Singapore",1
"GEN24_1007092","After","Australia",28
"GEN24_1007092","Before","Fiji",15
"GEN24_1007113","After","Viet Nam",16
"GEN24_1007113","Before","Mexico",14
"GEN24_1007113","Before","United States of America",17
"GEN24_1007129","After","Singapore",2
"GEN24_1007132","Before","Philippines",34
"GEN24_1007155","After","Australia",11
"GEN24_1007210","After","Australia",12
"GEN24_1007210","Before","Mexico",9
"GEN24_1007215","Before","Australia",7
"GEN24_1007260","After","United States of America",1
"GEN24_1007275","After","Australia",10
"GEN24_1007293","After","Australia",7
"GEN24_1007293","Before","Australia",7
"GEN24_1007312","After","Samoa",7
"GEN24_1007312","Before","Samoa",7
"GEN24_1007329","After","Singapore",4
"GEN24_1007329","Before","Singapore",2
"GEN24_1007342","After","Australia",1
"GEN24_1007364","After","Australia",6
"GEN24_1007364","Before","Australia",5
"GEN24_1007367","Before","Australia",60
"GEN24_1007368","Before","Australia",99
"GEN24_1007413","After","United States of America",1
"GEN24_1007413","Before","Australia",10
"GEN24_1007418","After","Australia",7
"GEN24_1007422","Before","Canada",1
"GEN24_1007437","Before","Australia",31
"GEN24_1007485","After","Singapore",2
"GEN24_1007485","Before","Singapore",3
"GEN24_1007499","Before","United States of America",1
"GEN24_1007603","After","Singapore",1
"GEN24_1007603","Before","Singapore",1
"GEN24_1007638","After","Australia",2
"GEN24_1007643","Before","Australia",35
"GEN24_1007645","Before","United States of America",2
"GEN24_1007647","After","Australia",16
"GEN24_1007647","Before","United States of America",1
"GEN24_1007692","After","Indonesia",7
"GEN24_1007692","After","Singapore",3
"GEN24_1007699","After","Australia",1
"GEN24_1007699","Before","Australia",1
"GEN24_1007715","Before","Singapore",1
"GEN24_1007731","Before","Singapore",5
"GEN24_1007747","After","Fiji",6
"GEN24_1007757","Before","United Arab Emirates",1
"GEN24_1007779","After","Australia",2
"GEN24_1007779","Before","Australia",2
"GEN24_1007781","Before","Australia",2
"GEN24_1007783","After","Australia",30
"GEN24_1007793","After","Australia",7
"GEN24_1007793","Before","Australia",28
"GEN24_1007824","After","Australia",7
"GEN24_1007824","Before","Australia",7
"GEN24_1007857","Before","Australia",2
"GEN24_1007862","Before","Australia",5
"GEN24_1007875","After","Australia",6
"GEN24_1007917","After","Qatar",1
"GEN24_1007917","Before","Qatar",1
"GEN24_1007925","After","Singapore",99
"GEN24_1007925","Before","Singapore",90
"GEN24_1007930","After","Germany",10
"GEN24_1007930","Before","Germany",10
"GEN24_1007941","After","Argentina",6
"GEN24_1007941","After","Australia",5
"GEN24_1007941","After","Chile",6
"GEN24_1007996","After","Australia",7
"GEN24_1008021","Before","Australia",1
"GEN24_1008027","Before","Australia",9
"GEN24_1008068","Before","Australia",9
"GEN24_1008073","After","Canada",1
"GEN24_1008073","Before","Australia",31
"GEN24_1008073","Before","Canada",2
"GEN24_1008091","Before","Singapore",1
"GEN24_1008121","After","Australia",7
"GEN24_1008132","Before","Australia",14
"GEN24_1008132","Before","Thailand",29
"GEN24_1008160","Before","Australia",5
"GEN24_1008171","Before","Australia",1
"GEN24_1008175","After","Australia",1
"GEN24_1008175","Before","Australia",7
"GEN24_1008236","After","Australia",45
"GEN24_1008277","After","United Arab Emirates",4
"GEN24_1008277","Before","United Arab Emirates",1
"GEN24_1008288","Before","Australia",1
"GEN24_1008303","After","French Polynesia",6
"GEN24_1008303","After","Singapore",2
"GEN24_1008308","Before","Australia",3
"GEN24_1008310","Before","Australia",6
"GEN24_1008311","After","Australia",6
"GEN24_1008326","After","China, People's Republic of",80
"GEN24_1008326","Before","Australia",99
"GEN24_1008354","After","Germany",1
"GEN24_1008354","Before","Germany",1
"GEN24_1008368","Before","Australia",1
"GEN24_1008369","After","Australia",90
"GEN24_1008369","Before","Australia",90
"GEN24_1008403","After","Australia",1
"GEN24_1008403","Before","Australia",1
"GEN24_1008417","After","Australia",63
"GEN24_1008417","Before","Australia",48
"GEN24_1008427","After","Australia",99
"GEN24_1008427","Before","Australia",7
"GEN24_1008446","After","Singapore",1
"GEN24_1008446","Before","Singapore",3
"GEN24_1008448","After","Singapore",2
"GEN24_1008448","Before","Singapore",1
"GEN24_1008453","After","Singapore",1
"GEN24_1008453","Before","Singapore",1
"GEN24_1008456","Before","England",1
"GEN24_1008457","Before","Singapore",2
"GEN24_1008463","After","Australia",10
"GEN24_1008463","Before","Australia",10
"GEN24_1008477","After","Australia",1
"GEN24_1008477","Before","Fiji",6
"GEN24_1008488","Before","Australia",6
"GEN24_1008492","Before","Australia",30
"GEN24_1008492","Before","Singapore",5
"GEN24_1008515","Before","Australia",1
"GEN24_1008523","After","Singapore",3
"GEN24_1008524","After","Cook Islands",7
"GEN24_1008524","Before","Cook Islands",7
"GEN24_1008525","After","Cook Islands",8
"GEN24_1008537","Before","United States of America",28
"GEN24_1008598","After","Singapore",3
"GEN24_1008598","Before","Australia",14
"GEN24_1008645","Before","Singapore",1
"GEN24_1008683","Before","Australia",1
"GEN24_1008710","Before","Australia",7
"GEN24_1008715","After","United States of America",4
"GEN24_1008715","Before","United Arab Emirates",3
"GEN24_1008719","After","Australia",6
"GEN24_1008719","After","Fiji",6
"GEN24_1008727","Before","Fiji",6
"GEN24_1008743","After","Australia",56
"GEN24_1008743","Before","Australia",19
"GEN24_1008752","After","Singapore",1
"GEN24_1008752","Before","Singapore",2
"GEN24_1008766","After","Australia",16
"GEN24_1008766","Before","Australia",15
"GEN24_1008785","After","Australia",10
"GEN24_1008794","After","Canada",2
"GEN24_1008794","Before","Australia",2
"GEN24_1008794","Before","United States of America",3
"GEN24_1008811","After","Switzerland",10
"GEN24_1008811","Before","Fiji",24
"GEN24_1008811","Before","Indonesia",15
"GEN24_1008824","Before","Singapore",1
"GEN24_1008830","After","Australia",1
"GEN24_1008836","After","Australia",2
"GEN24_1008836","Before","Australia",2
"GEN24_1008839","After","United States of America",15
"GEN24_1008839","Before","Mexico",5
"GEN24_1008861","After","Australia",2
"GEN24_1008897","After","Australia",10
"GEN24_1008921","After","Samoa",3
"GEN24_1008925","After","Australia",1
"GEN24_1008925","Before","Australia",1
"GEN24_1008955","After","Singapore",1
"GEN24_1008955","Before","Singapore",1
"GEN24_1008969","Before","Malaysia",1
"GEN24_1008971","Before","Malaysia",1
"GEN24_1008979","After","Australia",53
"GEN24_1008979","Before","Australia",30
"GEN24_1008995","After","Fiji",4
"GEN24_1008995","Before","Australia",35
"GEN24_1008995","Before","Fiji",4
"GEN24_1008995","Before","Singapore",4
"GEN24_1008997","After","Australia",1
"GEN24_1009018","After","Australia",15
"GEN24_1009018","Before","Australia",5
"GEN24_1009041","After","Fiji",3
"GEN24_1009041","Before","Australia",7
"GEN24_1009066","After","Australia",10
"GEN24_1009084","After","Australia",2
"GEN24_1009084","Before","Singapore",2
"GEN24_1009109","After","Australia",99
"GEN24_1009109","Before","Australia",99
"GEN24_1009165","After","Australia",45
"GEN24_1009165","Before","Canada",35
"GEN24_1009165","Before","United States of America",35
"GEN24_1009190","Before","Australia",10
"GEN24_1009198","After","Australia",3
"GEN24_1009206","After","Australia",1
"GEN24_1009220","Before","Australia",3
"GEN24_1009226","After","Australia",29
"GEN24_1009232","After","Australia",10
"GEN24_1009232","Before","Australia",5
"GEN24_1009276","After","Australia",1
"GEN24_1009276","Before","Australia",1
"GEN24_1009279","After","Australia",3
"GEN24_1009279","Before","Australia",2
"GEN24_1009295","Before","Malaysia",2
"GEN24_1009295","Before","Oman",7
"GEN24_1009303","Before","Australia",1
"GEN24_1009334","After","Australia",6
"GEN24_1009334","Before","Australia",6
"GEN24_1009349","After","United States of America",3
"GEN24_1009349","Before","Malaysia",3
"GEN24_1009375","After","Australia",1
"GEN24_1009375","Before","Australia",1
"GEN24_1009397","Before","Australia",33
"GEN24_1009398","Before","Singapore",3
"GEN24_1009400","After","Singapore",1
"GEN24_1009400","Before","Singapore",3
"GEN24_1009402","After","India",10
"GEN24_1009421","Before","Australia",3
"GEN24_1009436","Before","Singapore",1
"GEN24_1009492","Before","Australia",26
"GEN24_1009516","After","United States of America",4
"GEN24_1009574","After","Indonesia",7
"GEN24_1009574","Before","Australia",14
"GEN24_1009574","Before","Indonesia",7
"GEN24_1009611","After","Australia",42
"GEN24_1009611","Before","Australia",14
"GEN24_1009621","After","Australia",13
"GEN24_1009650","After","Singapore",1
"GEN24_1009666","After","Canada",1
"GEN24_1009666","Before","England",1
"GEN24_1009666","Before","United States of America",1
"GEN24_1009675","Before","Australia",1
"GEN24_1009715","After","Singapore",3
"GEN24_1009718","After","Singapore",2
"GEN24_1009721","Before","Singapore",1
"GEN24_1009732","After","Fiji",10
"GEN24_1009753","After","Australia",1
"GEN24_1009753","Before","Australia",1
"GEN24_1009755","Before","United States of America",2
"GEN24_1009757","Before","Australia",12
"GEN24_1009763","After","Australia",21
"GEN24_1009763","Before","United Arab Emirates",1
"GEN24_1009766","Before","Australia",3
"GEN24_1009776","Before","Australia",21
"GEN24_1009791","After","United States of America",1
"GEN24_1009791","Before","United States of America",3
"GEN24_1009806","After","Australia",10
"GEN24_1009806","Before","Fiji",7
"GEN24_1009843","After","Cook Islands",6
"GEN24_1009843","After","Singapore",2
"GEN24_1009843","Before","Singapore",3
"GEN24_1009850","After","Singapore",1
"GEN24_1009850","Before","Singapore",3
"GEN24_1009900","After","Australia",5
"GEN24_1009903","Before","Australia",14
"GEN24_1009909","Before","Australia",1
"GEN24_1009924","After","Australia",3
"GEN24_1009924","Before","Australia",7
"GEN24_1009929","Before","Australia",1
"GEN24_1009930","After","Australia",1
"GEN24_1009930","Before","Australia",1
"GEN24_1009958","After","Australia",4
"GEN24_1009960","After","Australia",7
"GEN24_1009965","Before","United States of America",2
"GEN24_1009994","After","Korea, Republic of",10
"GEN24_1009997","After","Korea, Republic of",1
"GEN24_1009997","Before","France",3
"GEN24_1009998","After","Korea, Republic of",1
"GEN24_1009998","Before","France",3
"GEN24_1010001","Before","Australia",60
"GEN24_1010013","Before","Singapore",2
"GEN24_1010036","Before","Australia",5
"GEN24_1010051","After","French Polynesia",3
"GEN24_1010053","After","Australia",4
"GEN24_1010053","Before","Australia",4
"GEN24_1010090","Before","Australia",10
"GEN24_1010094","After","Australia",1
"GEN24_1010094","Before","Australia",28
"GEN24_1010098","Before","United Arab Emirates",1
"GEN24_1010107","After","Australia",1
"GEN24_1010108","Before","Australia",20
"GEN24_1010108","Before","Japan",28
"GEN24_1010108","Before","Laos",21
"GEN24_1010108","Before","Viet Nam",30
"GEN24_1010131","Before","United States of America",1
"GEN24_1010141","After","Colombia",21
"GEN24_1010141","After","Ecuador",21
"GEN24_1010141","After","United States of America",7
"GEN24_1010141","Before","Australia",6
"GEN24_1010150","Before","Cook Islands",6
"GEN24_1010179","Before","Australia",12
"GEN24_1010179","Before","Qatar",2
"GEN24_1010189","After","Singapore",4
"GEN24_1010189","Before","Australia",12
"GEN24_1010190","After","Singapore",2
"GEN24_1010190","Before","Singapore",1
"GEN24_1010192","After","Malaysia",7
"GEN24_1010192","After","Singapore",7
"GEN24_1010192","Before","Malaysia",3
"GEN24_1010192","Before","Singapore",30
"GEN24_1010218","After","Australia",10
"GEN24_1010218","Before","Australia",10
"GEN24_1010218","Before","Singapore",2
"GEN24_1010241","Before","Australia",10
"GEN24_1010245","Before","United Arab Emirates",1
"GEN24_1010249","Before","Canada",4
"GEN24_1010249","Before","Ecuador",21
"GEN24_1010249","Before","Ireland",7
"GEN24_1010249","Before","Jamaica",5
"GEN24_1010258","After","United States of America",1
"GEN24_1010261","After","United States of America",1
"GEN24_1010261","Before","United States of America",1
"GEN24_1010284","Before","Australia",49
"GEN24_1010300","After","Singapore",1
"GEN24_1010300","Before","England",1
"GEN24_1010310","After","Singapore",2
"GEN24_1010310","Before","Australia",7
"GEN24_1010311","Before","Singapore",3
"GEN24_1010312","After","Singapore",3
"GEN24_1010313","Before","Singapore",1
"GEN24_1010344","Before","Australia",3
"GEN24_1010363","After","Australia",25
"GEN24_1010363","Before","Malaysia",4
"GEN24_1010367","Before","Australia",40
"GEN24_1010367","Before","Indonesia",15
"GEN24_1010376","After","Australia",1
"GEN24_1010378","After","Malaysia",1
"GEN24_1010382","After","Australia",38
"GEN24_1010400","After","Australia",2
"GEN24_1010400","Before","Australia",2
"GEN24_1010410","Before","Australia",5
"GEN24_1010446","After","Qatar",1
"GEN24_1010446","After","Vanuatu",32
"GEN24_1010446","Before","Qatar",1
"GEN24_1010480","After","Australia",90
"GEN24_1010480","Before","Australia",90
"GEN24_1010524","After","Singapore",4
"GEN24_1010524","Before","Singapore",4
"GEN24_1010525","Before","Australia",10
"GEN24_1010531","After","Singapore",3
"GEN24_1010532","After","Singapore",3
"GEN24_1010532","Before","Australia",13
"GEN24_1010537","After","Japan",3
"GEN24_1010562","Before","Malaysia",1
"GEN24_1010564","Before","Malaysia",5
"GEN24_1010577","Before","Australia",28
"GEN24_1010595","After","Australia",1
"GEN24_1010595","Before","Australia",1
"GEN24_1010598","After","Australia",1
"GEN24_1010598","Before","Australia",1
"GEN24_1010620","Before","Fiji",5
"GEN24_1010628","After","Australia",1
"GEN24_1010674","After","Indonesia",20
"GEN24_1010674","Before","Australia",20
"GEN24_1010707","After","Australia",40
"GEN24_1010707","Before","Australia",31
"GEN24_1010735","Before","Australia",1
"GEN24_1010750","After","Korea, Republic of",1
"GEN24_1010753","After","Singapore",4
"GEN24_1010753","Before","Australia",20
"GEN24_1010756","Before","Australia",28
"GEN24_1010791","After","Malaysia",1
"GEN24_1010796","After","French Polynesia",2
"GEN24_1010796","Before","French Polynesia",4
"GEN24_1010800","Before","Australia",7
"GEN24_1010804","After","Fiji",3
"GEN24_1010831","After","Australia",1
"GEN24_1010831","Before","Australia",1
"GEN24_1010878","After","Qatar",1
"GEN24_1010886","Before","Australia",4
"GEN24_1010888","Before","Fiji",60
"GEN24_1010898","After","Singapore",1
"GEN24_1010898","After","Thailand",9
"GEN24_1010913","Before","Hong Kong (Special Administrative Region)",3
"GEN24_1010913","Before","Korea, Republic of",3
"GEN24_1010913","Before","Taiwan",4
"GEN24_1010913","Before","United States of America",7
"GEN24_1010922","After","Australia",35
"GEN24_1010922","After","Cambodia",10
"GEN24_1010922","After","Laos",30
"GEN24_1010922","After","Thailand",45
"GEN24_1010922","Before","Canada",25
"GEN24_1010922","Before","French Polynesia",35
"GEN24_1010922","Before","United States of America",45
"GEN24_1010924","Before","Australia",8
"GEN24_1010927","Before","Singapore",3
"GEN24_1010948","Before","Singapore",1
"GEN24_1010954","After","Singapore",1
"GEN24_1010970","Before","Australia",4
"GEN24_1010972","After","Singapore",1
"GEN24_1010972","Before","Australia",3
"GEN24_1010976","Before","Canada",1
"GEN24_1010980","Before","Australia",30
"GEN24_1010992","Before","Cambodia",14
"GEN24_1010992","Before","Laos",14
"GEN24_1010992","Before","Nepal",12
"GEN24_1010992","Before","Thailand",4
"GEN24_1011000","Before","United Arab Emirates",1
"GEN24_1011007","After","Australia",20
"GEN24_1011007","Before","Australia",2
"GEN24_1011021","After","United States of America",2
"GEN24_1011021","Before","United States of America",2
"GEN24_1011025","Before","Australia",12
"GEN24_1011030","After","Australia",11
"GEN24_1011045","After","Australia",14
"GEN24_1011058","After","Hong Kong (Special Administrative Region)",3
"GEN24_1011058","Before","Singapore",5
"GEN24_1011069","After","Singapore",2
"GEN24_1011069","Before","Australia",11
"GEN24_1011069","Before","Singapore",3
"GEN24_1011071","After","Australia",34
"GEN24_1011071","Before","Australia",17
"GEN24_1011090","After","Australia",8
"GEN24_1011090","Before","Australia",8
"GEN24_1011094","After","Australia",2
"GEN24_1011094","Before","Australia",6
"GEN24_1011096","Before","United Arab Emirates",5
"GEN24_1011097","After","Australia",1
"GEN24_1011097","Before","Australia",6
"GEN24_1011106","Before","Australia",5
"GEN24_1011107","After","Australia",30
"GEN24_1011107","Before","Australia",25
"GEN24_1011107","Before","France",15
"GEN24_1011120","Before","Australia",60
"GEN24_1011127","After","Ghana",5
"GEN24_1011127","After","Hong Kong (Special Administrative Region)",50
"GEN24_1011127","Before","Hong Kong (Special Administrative Region)",10
"GEN24_1011152","After","Japan",5
"GEN24_1011152","Before","Australia",7
"GEN24_1011155","After","Australia",20
"GEN24_1011155","Before","United States of America",1
"GEN24_1011156","Before","Singapore",6
"GEN24_1011161","After","Australia",14
"GEN24_1011161","After","United Arab Emirates",2
"GEN24_1011161","Before","Australia",17
"GEN24_1011161","Before","United Arab Emirates",3
"GEN24_1011164","Before","Indonesia",22
"GEN24_1011184","After","Korea, Republic of",11
"GEN24_1011194","After","Korea, Republic of",1
"GEN24_1011199","After","Australia",20
"GEN24_1011199","Before","Singapore",1
"GEN24_1011212","After","Canada",30
"GEN24_1011212","Before","Australia",4
"GEN24_1011213","After","Canada",1
"GEN24_1011213","Before","Canada",1
"GEN24_1011221","Before","Australia",10
"GEN24_1011221","Before","Fiji",10
"GEN24_1011221","Before","United States of America",14
"GEN24_1011224","Before","Australia",21
"GEN24_1011225","Before","Australia",1
"GEN24_1011255","Before","Australia",36
"GEN24_1011277","After","Australia",7
"GEN24_1011277","Before","Australia",7
"GEN24_1011290","Before","Australia",1
"GEN24_1011292","After","Australia",99
"GEN24_1011292","Before","Australia",90
"GEN24_1011297","After","Australia",7
"GEN24_1011297","After","Indonesia",2
"GEN24_1011297","After","Malaysia",5
"GEN24_1011297","Before","Australia",4
"GEN24_1011308","After","Australia",14
"GEN24_1011308","Before","Singapore",8
"GEN24_1011309","After","Australia",14
"GEN24_1011309","Before","Singapore",10
"GEN24_1011323","Before","Australia",1
"GEN24_1011340","After","Australia",14
"GEN24_1011340","Before","Australia",14
"GEN24_1011349","After","Fiji",3
"GEN24_1011355","Before","Australia",99
"GEN24_1011360","After","Australia",20
"GEN24_1011364","Before","India",21
"GEN24_1011364","Before","Indonesia",21
"GEN24_1011364","Before","Philippines",21
"GEN24_1011383","After","Korea, Republic of",1
"GEN24_1011393","After","Australia",4
"GEN24_1011408","Before","Australia",2
"GEN24_1011492","After","Australia",20
"GEN24_1011492","Before","Australia",16
"GEN24_1011495","After","Australia",8
"GEN24_1011495","After","Laos",20
"GEN24_1011495","After","Thailand",30
"GEN24_1011495","Before","Australia",7
"GEN24_1011495","Before","Indonesia",50
"GEN24_1011495","Before","Singapore",3
"GEN24_1011522","After","Korea, Republic of",8
"GEN24_1011522","Before","Australia",5
"GEN24_1011525","Before","Canada",15
"GEN24_1011525","Before","United States of America",10
"GEN24_1011538","Before","Singapore",1
"GEN24_1011583","After","Fiji",12
"GEN24_1011583","Before","Australia",80
"GEN24_1011634","After","Australia",12
"GEN24_1011634","Before","Australia",30
"GEN24_1011669","After","Singapore",7
"GEN24_1011682","Before","United States of America",2
"GEN24_1011710","After","Singapore",4
"GEN24_1011710","Before","Fiji",14
"GEN24_1011711","Before","United States of America",21
"GEN24_1011747","After","Australia",8
"GEN24_1011762","After","Australia",7
"GEN24_1011762","Before","Australia",7
"GEN24_1011763","Before","Singapore",2
"GEN24_1011764","After","Indonesia",18
"GEN24_1011764","After","Japan",14
"GEN24_1011764","After","South Africa",28
"GEN24_1011764","After","Thailand",25
"GEN24_1011843","After","Australia",8
"GEN24_1011916","Before","England",1
"GEN24_1011918","Before","Australia",21
"GEN24_1011952","After","England",1
"GEN24_1011952","Before","England",1
"GEN24_1011953","Before","United States of America",1
"GEN24_1012088","After","Australia",3
"GEN24_1012094","After","Australia",30
"GEN24_1012128","Before","Australia",10
"GEN24_1012169","After","United States of America",1
"GEN24_1012169","Before","United States of America",1
"GEN24_1012188","Before","Australia",8
"GEN24_1012218","After","Australia",35
"GEN24_1012218","Before","Australia",20
"GEN24_1012292","Before","Germany",1
"GEN24_1012360","After","United Arab Emirates",12
"GEN24_1012360","Before","United Arab Emirates",7
"GEN24_1012364","After","Australia",99
"GEN24_1012380","Before","Australia",1
"GEN24_1012424","Before","England",1
"GEN24_1012438","After","Singapore",1
"GEN24_1012438","Before","Singapore",1
"GEN24_1012445","After","Australia",12
"GEN24_1012445","After","Singapore",65
"GEN24_1012445","Before","Singapore",89
"GEN24_1012454","After","Korea, Democratic People's Republic of",1
"GEN24_1012460","After","Korea, Republic of",1
"GEN24_1012461","Before","Australia",5
"GEN24_1012497","Before","Australia",2
"GEN24_1012498","Before","Malaysia",30
"GEN24_1012523","After","Singapore",1
"GEN24_1012548","After","Germany",99
"GEN24_1012548","Before","Germany",99
"GEN24_1012587","Before","Singapore",2
"GEN24_1012600","Before","Australia",1
"GEN24_1012600","Before","Turkey",1
"GEN24_1012619","After","Indonesia",7
"GEN24_1012619","After","Singapore",4
"GEN24_1012620","Before","Singapore",1
"GEN24_1012624","After","Singapore",3
"GEN24_1012640","Before","Malaysia",36
"GEN24_1012647","Before","Australia",7
"GEN24_1012661","After","Australia",6
"GEN24_1012661","After","French Polynesia",8
"GEN24_1012667","After","United States of America",10
"GEN24_1012667","Before","United States of America",1
"GEN24_1012669","Before","Australia",8
"GEN24_1012669","Before","Singapore",3
"GEN24_1012669","Before","United States of America",5
"GEN24_1012739","After","Japan",1
"GEN24_1012743","After","Japan",1
"GEN24_1012743","Before","Japan",1
"GEN24_1012772","After","Singapore",1
"GEN24_1012772","Before","Singapore",1
"GEN24_1012777","After","Korea, Republic of",1
"GEN24_1012783","After","Korea, Republic of",1
"GEN24_1012786","After","Singapore",2
"GEN24_1012793","After","Singapore",2
"GEN24_1012801","Before","Australia",1
"GEN24_1012801","Before","Canada",1
"GEN24_1012834","After","New Caledonia",8
"GEN24_1012834","After","Singapore",1
"GEN24_1012839","After","Singapore",1
"GEN24_1012849","After","Australia",5
"GEN24_1012849","After","Fiji",3
"GEN24_1012849","Before","Japan",9
"GEN24_1012854","After","Singapore",1
"GEN24_1012876","After","Australia",1
"GEN24_1012877","After","Australia",10
"GEN24_1012877","Before","Australia",35
"GEN24_1012900","Before","Australia",2
"GEN24_1012953","After","Korea, Republic of",1
"GEN24_1012953","Before","Hong Kong (Special Administrative Region)",1
"GEN24_1012954","After","Korea, Republic of",1
"GEN24_1012954","Before","Hong Kong (Special Administrative Region)",1
"GEN24_1012961","After","Korea, Republic of",99
"GEN24_1012961","Before","Thailand",7
"GEN24_1012965","Before","Australia",1
"GEN24_1012965","Before","Singapore",1
"GEN24_1012983","After","Germany",10
"GEN24_1012983","Before","France",14
"GEN24_1012983","Before","Italy",15
"GEN24_1012996","After","Korea, Republic of",1
"GEN24_1012996","Before","Korea, Republic of",1
"GEN24_1013019","After","Australia",3
"GEN24_1013019","Before","Australia",14
"GEN24_1013035","After","Canada",1
"GEN24_1013046","Before","Fiji",4
"GEN24_1013068","After","Australia",1
"GEN24_1013068","Before","Australia",1
"GEN24_1013125","After","Australia",7
"GEN24_1013130","Before","Fiji",2
"GEN24_1013151","Before","Singapore",3
"GEN24_1013159","Before","Australia",3
"GEN24_1013175","Before","Australia",4
"GEN24_1013194","Before","United Arab Emirates",1
"GEN24_1013203","Before","Australia",5
"GEN24_1013232","After","Japan",4
"GEN24_1013260","After","France",10
"GEN24_1013260","Before","France",90
"GEN24_1013261","After","Singapore",2
"GEN24_1013261","Before","Singapore",2
"GEN24_1013280","Before","United States of America",8
"GEN24_1013289","Before","Singapore",3
"GEN24_1013304","After","Australia",1
"GEN24_1013305","After","Australia",2
"GEN24_1013305","Before","Australia",2
"GEN24_1013311","After","Australia",10
"GEN24_1013311","Before","Australia",10
"GEN24_1013320","After","Australia",4
"GEN24_1013320","Before","Canada",1
"GEN24_1013355","Before","Australia",1
"GEN24_1013374","After","Australia",1
"GEN24_1013414","After","Australia",21
"GEN24_1013414","After","Singapore",5
"GEN24_1013414","Before","Singapore",7
"GEN24_1013424","After","Hong Kong (Special Administrative Region)",1
"GEN24_1013424","Before","Hong Kong (Special Administrative Region)",1
"GEN24_1013450","Before","Australia",25
"GEN24_1013450","Before","Singapore",1
"GEN24_1013460","After","Singapore",3
"GEN24_1013467","After","Singapore",1
"GEN24_1013467","Before","Australia",58
"GEN24_1013483","Before","Singapore",1
"GEN24_1013513","After","French Polynesia",4
"GEN24_1013515","Before","Australia",10
"GEN24_1013517","Before","United States of America",1
"GEN24_1013548","After","United States of America",24
"GEN24_1013548","Before","Australia",39
"GEN24_1013548","Before","Malaysia",5
"GEN24_1013551","Before","United States of America",2
"GEN24_1013571","After","United States of America",5
"GEN24_1013579","After","Australia",36
"GEN24_1013579","Before","Australia",35
"GEN24_1013580","Before","Australia",1
"GEN24_1013583","After","Australia",2
"GEN24_1013615","Before","Singapore",1
"GEN24_1013622","After","Singapore",2
"GEN24_1013627","Before","Korea, Democratic People's Republic of",1
"GEN24_1013632","Before","Singapore",1
"GEN24_1013650","Before","Singapore",1
"GEN24_1013718","After","Australia",7
"GEN24_1013741","After","Canada",3
"GEN24_1013747","After","Australia",7
"GEN24_1013758","After","England",3
"GEN24_1013779","After","Australia",7
"GEN24_1013794","After","Singapore",1
"GEN24_1013794","Before","Singapore",1
"GEN24_1013799","After","Singapore",1
"GEN24_1013799","Before","Singapore",3
"GEN24_1013819","Before","Singapore",1
"GEN24_1013830","Before","Australia",15
"GEN24_1013830","Before","Singapore",4
"GEN24_1013833","After","Australia",12
"GEN24_1013844","After","Malaysia",2
"GEN24_1013852","After","Cook Islands",10
"GEN24_1013852","After","French Polynesia",7
"GEN24_1013869","After","Belize",5
"GEN24_1013869","After","Fiji",3
"GEN24_1013869","After","United States of America",7
"GEN24_1013869","Before","Singapore",2
"GEN24_1013888","After","Australia",10
"GEN24_1013888","Before","Australia",10
"GEN24_1013892","Before","Australia",1
"GEN24_1013909","After","Australia",10
"GEN24_1013931","Before","Australia",1
"GEN24_1013931","Before","Norway",2
"GEN24_1013935","After","Canada",2
"GEN24_1013960","Before","Australia",7
"GEN24_1013963","Before","Australia",3
"GEN24_1013964","Before","United States of America",2
"GEN24_1013994","After","France",1
"GEN24_1013994","Before","France",4
"GEN24_1014004","Before","Korea, Democratic People's Republic of",1
"GEN24_1014007","After","Korea, Republic of",1
"GEN24_1014037","Before","Australia",10
"GEN24_1014038","Before","Canada",1
"GEN24_1014040","After","Australia",2
"GEN24_1014040","Before","Australia",2
"GEN24_1014055","Before","Australia",2
"GEN24_1014087","Before","Australia",3
"GEN24_1014088","Before","Australia",8
"GEN24_1014118","Before","Australia",8
"GEN24_1014140","After","Japan",5
"GEN24_1014140","After","Spain",2
"GEN24_1014140","After","Switzerland",1
"GEN24_1014140","Before","Austria",1
"GEN24_1014140","Before","Cyprus",2
"GEN24_1014140","Before","United States of America",1
"GEN24_1014147","After","China, People's Republic of",10
"GEN24_1014147","After","Taiwan",8
"GEN24_1014147","Before","China, People's Republic of",10
"GEN24_1014147","Before","Taiwan",9
"GEN24_1014153","Before","Singapore",1
"GEN24_1014157","Before","Australia",44
"GEN24_1014164","After","Singapore",1
"GEN24_1014164","Before","Singapore",1
"GEN24_1014166","After","Korea, Republic of",3
"GEN24_1014172","After","Australia",6
"GEN24_1014176","After","Singapore",3
"GEN24_1014176","Before","Singapore",3
"GEN24_1014191","Before","Australia",7
"GEN24_1014219","Before","Australia",3
"GEN24_1014219","Before","Fiji",16
"GEN24_1014219","Before","Indonesia",9
"GEN24_1014245","Before","Australia",1
"GEN24_1014249","After","Australia",12
"GEN24_1014274","After","Australia",1
"GEN24_1014274","Before","Australia",1
"GEN24_1014287","Before","Germany",2
"GEN24_1014288","Before","Trinidad and Tobago",50
"GEN24_1014288","Before","United States of America",2
"GEN24_1014292","Before","Australia",2
"GEN24_1014293","Before","Australia",2
"GEN24_1014308","After","England",10
"GEN24_1014308","After","Wales",6
"GEN24_1014308","Before","England",5
"GEN24_1014309","After","Kenya",14
"GEN24_1014314","Before","Singapore",1
"GEN24_1014327","After","United States of America",1
"GEN24_1014327","Before","Australia",3
"GEN24_1014330","Before","Japan",3
"GEN24_1014332","After","Australia",4
"GEN24_1014344","After","Australia",6
"GEN24_1014344","After","United States of America",6
"GEN24_1014344","Before","Australia",8
"GEN24_1014344","Before","United States of America",2
"GEN24_1014345","After","Australia",1
"GEN24_1014345","Before","Australia",1
"GEN24_1014406","After","Australia",17
"GEN24_1014410","After","Sweden",1
"GEN24_1014410","Before","Australia",4
"GEN24_1014418","Before","Canada",1
"GEN24_1014421","Before","Germany",1
"GEN24_1014424","After","Netherlands",10
"GEN24_1014424","Before","Australia",8
"GEN24_1014444","After","Korea, Republic of",1
"GEN24_1014444","Before","Germany",2
"GEN24_1014464","Before","Australia",3
"GEN24_1014466","After","Australia",3
"GEN24_1014466","Before","Australia",3
"GEN24_1014476","After","United Arab Emirates",3
"GEN24_1014483","After","Australia",3
"GEN24_1014491","After","Japan",2
"GEN24_1014505","After","England",19
"GEN24_1014505","Before","England",10
"GEN24_1014511","After","Singapore",3
"GEN24_1014513","After","Singapore",32
"GEN24_1014513","After","Thailand",4
"GEN24_1014513","Before","United States of America",1
"GEN24_1014538","Before","Singapore",3
"GEN24_1014539","Before","Australia",1
"GEN24_1014554","After","Singapore",1
"GEN24_1014554","Before","Singapore",1
"GEN24_1014557","After","Australia",3
"GEN24_1014557","Before","Australia",99
"GEN24_1014559","After","Australia",5
"GEN24_1014559","Before","Australia",8
"GEN24_1014617","After","Germany",1
"GEN24_1014623","Before","Australia",14
"GEN24_1014746","After","Australia",15
"GEN24_1014746","Before","Australia",15
"GEN24_1014761","Before","Australia",18
"GEN24_1014772","After","Australia",10
"GEN24_1014787","After","Australia",1
"GEN24_1014787","Before","Australia",1
"GEN24_1014791","After","Australia",7
"GEN24_1014807","After","Australia",30
"GEN24_1014843","Before","United Arab Emirates",1
"GEN24_1014848","Before","Australia",70
"GEN24_1014868","Before","Australia",4
"GEN24_1014881","After","Singapore",1
"GEN24_1014881","Before","United States of America",1
"GEN24_1014883","After","Singapore",2
"GEN24_1014883","Before","Singapore",2
"GEN24_1014887","After","Singapore",2
"GEN24_1014887","Before","Singapore",1
"GEN24_1014902","After","Singapore",1
"GEN24_1014902","Before","Singapore",1
"GEN24_1014961","Before","Australia",15
"GEN24_1014965","Before","Malaysia",3
"GEN24_1014975","After","Canada",1
"GEN24_1014975","Before","Canada",1
"GEN24_1014978","Before","United States of America",1
"GEN24_1014989","Before","Australia",10
"GEN24_1015012","After","Australia",1
"GEN24_1015015","After","Australia",16
"GEN24_1015015","Before","Australia",7
"GEN24_1015018","Before","Australia",1
"GEN24_1015026","Before","Cook Islands",7
"GEN24_1015038","Before","Australia",1
"GEN24_1015041","Before","Australia",5
"GEN24_1015066","After","Australia",8
"GEN24_1015066","After","Viet Nam",99
"GEN24_1015066","Before","Australia",4
"GEN24_1015066","Before","Viet Nam",99
"GEN24_1015082","Before","Germany",1
"GEN24_1015113","After","Australia",21
"GEN24_1015113","After","United Arab Emirates",2
"GEN24_1015118","Before","Australia",10
"GEN24_1015139","After","Fiji",3
"GEN24_1015139","Before","Australia",7
"GEN24_1015175","Before","Singapore",1
"GEN24_1015189","Before","Singapore",3
"GEN24_1015191","After","Korea, Republic of",1
"GEN24_1015191","After","Netherlands",1
"GEN24_1015191","Before","England",1
"GEN24_1015194","After","Singapore",2
"GEN24_1015198","Before","Singapore",1
"GEN24_1015202","Before","Singapore",3
"GEN24_1015210","After","Korea, Republic of",1
"GEN24_1015243","After","Australia",11
"GEN24_1015260","Before","United Arab Emirates",1
"GEN24_1015294","Before","Australia",7
"GEN24_1015343","After","United Arab Emirates",1
"GEN24_1015378","After","Singapore",2
"GEN24_1015378","Before","Singapore",3
"GEN24_1015414","After","Australia",2
"GEN24_1015414","Before","Australia",2
"GEN24_1015442","Before","Australia",23
"GEN24_1015446","After","Australia",3
"GEN24_1015519","Before","Australia",8
"GEN24_1015526","After","United States of America",30
"GEN24_1015526","Before","United States of America",30
"GEN24_1015529","Before","United Arab Emirates",1
"GEN24_1015532","Before","United Arab Emirates",1
"GEN24_1015535","After","United Arab Emirates",2
"GEN24_1015542","After","China, People's Republic of",45
"GEN24_1015552","After","Japan",3
"GEN24_1015552","Before","Singapore",3
"GEN24_1015572","Before","Australia",6
"GEN24_1015594","After","Singapore",3
"GEN24_1015594","Before","Australia",5
"GEN24_1015594","Before","Singapore",3
"GEN24_1015594","Before","United Arab Emirates",2
"GEN24_1015622","After","United States of America",3
"GEN24_1015622","Before","United States of America",6
"GEN24_1015633","Before","Australia",1
"GEN24_1015677","After","Canada",3
"GEN24_1015677","Before","Canada",3
"GEN24_1015678","After","Australia",3
"GEN24_1015680","After","United States of America",1
"GEN24_1015681","After","Australia",3
"GEN24_1015700","After","Korea, Republic of",1
"GEN24_1015704","After","Korea, Republic of",5
"GEN24_1015716","After","Japan",5
"GEN24_1015716","Before","Japan",2
"GEN24_1015734","After","Singapore",1
"GEN24_1015734","Before","United States of America",6
"GEN24_1015742","Before","Singapore",3
"GEN24_1015745","After","Australia",7
"GEN24_1015745","Before","Australia",17
"GEN24_1015784","Before","Malaysia",4
"GEN24_1015793","Before","Australia",10
"GEN24_1015801","After","Australia",1
"GEN24_1015805","After","Australia",3
"GEN24_1015811","After","China, People's Republic of",6
"GEN24_1015846","After","Singapore",3
"GEN24_1015857","After","Singapore",1
"GEN24_1015857","After","Viet Nam",27
"GEN24_1015857","Before","Singapore",3
"GEN24_1015884","After","Canada",1
"GEN24_1015884","Before","Canada",1
"GEN24_1015935","After","Australia",31
"GEN24_1015974","After","Singapore",1
"GEN24_1015974","Before","United States of America",1
"GEN24_1015975","After","Singapore",2
"GEN24_1015982","After","Korea, Republic of",4
"GEN24_1015982","Before","Australia",8
"GEN24_1015982","Before","Japan",11
"GEN24_1016032","Before","Australia",4
"GEN24_1016049","After","Australia",5
"GEN24_1016066","After","Australia",14
"GEN24_1016068","After","Australia",1
"GEN24_1016068","Before","Australia",1
"GEN24_1016093","After","Singapore",1
"GEN24_1016093","Before","Singapore",1
"GEN24_1016100","After","Singapore",1
"GEN24_1016121","Before","United States of America",7
"GEN24_1016129","After","England",30
"GEN24_1016152","After","Thailand",12
"GEN24_1016152","Before","Singapore",4
"GEN24_1016159","After","Singapore",1
"GEN24_1016159","Before","Singapore",2
"GEN24_1016159","Before","Thailand",22
"GEN24_1016160","After","Indonesia",3
"GEN24_1016160","After","Thailand",11
"GEN24_1016188","After","Singapore",1
"GEN24_1016188","Before","Singapore",1
"GEN24_1016203","Before","Australia",2
"GEN24_1016218","Before","Australia",10
"GEN24_1016224","After","Singapore",3
"GEN24_1016224","Before","Australia",8
"GEN24_1016231","After","Fiji",5
"GEN24_1016231","Before","Australia",8
"GEN24_1016269","Before","Singapore",4
"GEN24_1016325","Before","Australia",21
"GEN24_1016325","Before","Thailand",28
"GEN24_1016327","Before","United Arab Emirates",1
"GEN24_1016362","After","Australia",90
"GEN24_1016362","After","Greece",22
"GEN24_1016362","Before","Canada",77
"GEN24_1016362","Before","Ireland",99
"GEN24_1016363","After","Australia",18
"GEN24_1016389","Before","Singapore",2
"GEN24_1016397","Before","Singapore",1
"GEN24_1016399","After","Singapore",2
"GEN24_1016401","After","Singapore",5
"GEN24_1016423","Before","Australia",4
"GEN24_1016429","Before","Australia",14
"GEN24_1016431","Before","Fiji",4
"GEN24_1016440","Before","Australia",2
"GEN24_1016441","Before","Australia",2
"GEN24_1016447","Before","Australia",2
"GEN24_1016464","Before","Australia",3
"GEN24_1016465","Before","Australia",7
"GEN24_1016470","Before","Australia",4
"GEN24_1016474","After","Australia",10
"GEN24_1016474","Before","Australia",10
"GEN24_1016489","After","Australia",4
"GEN24_1016489","After","Singapore",4
"GEN24_1016489","Before","Australia",3
"GEN24_1016502","After","Australia",15
"GEN24_1016502","Before","Australia",15
"GEN24_1016514","Before","Cambodia",14
"GEN24_1016556","After","Singapore",2
"GEN24_1016556","Before","Singapore",2
"GEN24_1016559","Before","Australia",12
"GEN24_1016576","After","Korea, Republic of",1
"GEN24_1016576","Before","Korea, Republic of",1
"GEN24_1016589","Before","Australia",7
"GEN24_1016596","Before","Egypt",4
"GEN24_1016596","Before","Jordan",12
"GEN24_1016596","Before","Malaysia",14
"GEN24_1016596","Before","Thailand",40
"GEN24_1016608","Before","Australia",1
"GEN24_1016628","Before","Antarctica",30
"GEN24_1016629","Before","Australia",2
"GEN24_1016633","Before","Australia",3
"GEN24_1016649","Before","Australia",3
"GEN24_1016668","After","Australia",1
"GEN24_1016668","Before","Australia",1
"GEN24_1016673","After","Australia",30
"GEN24_1016673","After","Thailand",5
"GEN24_1016673","Before","Australia",45
"GEN24_1016673","Before","Malaysia",30
"GEN24_1016673","Before","Singapore",10
"GEN24_1016691","After","Singapore",2
"GEN24_1016691","Before","Singapore",2
"GEN24_1016693","After","Singapore",4
"GEN24_1016693","Before","Singapore",3
"GEN24_1016695","After","Singapore",1
"GEN24_1016695","Before","Singapore",1
"GEN24_1016698","After","Singapore",3
"GEN24_1016698","Before","Australia",3
"GEN24_1016698","Before","Singapore",1
"GEN24_1016743","After","Singapore",2
"GEN24_1016743","Before","Singapore",2
"GEN24_1016749","Before","Australia",4
"GEN24_1016751","After","Australia",6
"GEN24_1016751","Before","Australia",8
"GEN24_1016769","After","Australia",5
"GEN24_1016769","After","England",1
"GEN24_1016769","Before","Australia",5
"GEN24_1016769","Before","England",1
"GEN24_1016772","After","Cook Islands",7
"GEN24_1016776","Before","Australia",6
"GEN24_1016787","Before","England",1
"GEN24_1016790","Before","Australia",5
"GEN24_1016834","Before","United Arab Emirates",1
"GEN24_1016848","After","Australia",8
"GEN24_1016853","After","Australia",4
"GEN24_1016853","After","Singapore",4
"GEN24_1016853","Before","Australia",4
"GEN24_1016854","Before","Australia",90
"GEN24_1016855","After","Australia",4
"GEN24_1016869","Before","Australia",13
"GEN24_1016893","Before","Singapore",1
"GEN24_1016895","Before","Australia",10
"GEN24_1016903","Before","Germany",1
"GEN24_1016904","After","Australia",10
"GEN24_1016904","Before","Australia",10
"GEN24_1016906","After","Singapore",1
"GEN24_1016908","After","Indonesia",20
"GEN24_1016908","Before","Thailand",21
"GEN24_1016913","After","Singapore",4
"GEN24_1016913","Before","Australia",5
"GEN24_1016913","Before","Thailand",2
"GEN24_1016935","Before","Fiji",6
"GEN24_1016943","After","Australia",14
"GEN24_1016943","Before","Australia",14
"GEN24_1016943","Before","Ireland",6
"GEN24_1016943","Before","Scotland",2
"GEN24_1016957","After","Indonesia",3
"GEN24_1016957","Before","England",1
"GEN24_1016957","Before","Singapore",2
"GEN24_1016969","After","Australia",7
"GEN24_1016969","Before","Australia",10
"GEN24_1016976","After","Australia",1
"GEN24_1016998","Before","Australia",10
"GEN24_1017006","After","Australia",19
"GEN24_1017006","Before","French Polynesia",6
"GEN24_1017022","After","Australia",1
"GEN24_1017022","After","Singapore",2
"GEN24_1017022","Before","Australia",9
"GEN24_1017049","After","United Arab Emirates",4
"GEN24_1017056","Before","United States of America",1
"GEN24_1017064","Before","Australia",1
"GEN24_1017072","After","England",7
"GEN24_1017072","After","Germany",28
"GEN24_1017072","After","India",99
"GEN24_1017072","After","Scotland",14
"GEN24_1017072","After","United States of America",28
"GEN24_1017072","Before","England",7
"GEN24_1017072","Before","Germany",30
"GEN24_1017072","Before","India",99
"GEN24_1017072","Before","Scotland",14
"GEN24_1017072","Before","United States of America",30
"GEN24_1017082","Before","Singapore",3
"GEN24_1017100","After","Thailand",16
"GEN24_1017100","Before","Thailand",1
"GEN24_1017153","After","England",7
"GEN24_1017153","Before","Australia",3
"GEN24_1017153","Before","England",14
"GEN24_1017192","After","Australia",20
"GEN24_1017192","After","Singapore",3
"GEN24_1017192","Before","Australia",23
"GEN24_1017192","Before","Singapore",3
"GEN24_1017216","Before","Australia",10
"GEN24_1017234","Before","Australia",10
"GEN24_1017261","After","Singapore",3
"GEN24_1017261","Before","Singapore",1
"GEN24_1017270","After","Thailand",15
"GEN24_1017275","After","Thailand",9
"GEN24_1017275","Before","Singapore",3
"GEN24_1017301","Before","Australia",12
"GEN24_1017303","After","Costa Rica",30
"GEN24_1017303","Before","Australia",14
"GEN24_1017303","Before","Indonesia",30
"GEN24_1017303","Before","Singapore",4
"GEN24_1017303","Before","Thailand",30
"GEN24_1017330","Before","Australia",15
"GEN24_1017332","After","United States of America",15
"GEN24_1017332","Before","Germany",82
"GEN24_1017332","Before","United States of America",30
"GEN24_1017374","After","Australia",1
"GEN24_1017374","Before","Australia",1
"GEN24_1017399","Before","Singapore",3
"GEN24_1017444","After","Fiji",13
"GEN24_1017444","After","Indonesia",60
"GEN24_1017444","After","Spain",86
"GEN24_1017447","Before","United States of America",1
"GEN24_1017457","After","New Caledonia",1
"GEN24_1017457","Before","New Caledonia",1
"GEN24_1017470","After","French Polynesia",6
"GEN24_1017470","Before","French Polynesia",6
"GEN24_1017496","Before","Australia",5
"GEN24_1017502","Before","United Arab Emirates",3
"GEN24_1017513","After","United States of America",17
"GEN24_1017518","Before","Argentina",6
"GEN24_1017518","Before","Chile",3
"GEN24_1017518","Before","Uruguay",14
"GEN24_1017610","Before","Malaysia",2
"GEN24_1017612","Before","Malaysia",3
"GEN24_1017645","After","Australia",45
"GEN24_1017645","Before","Australia",55
"GEN24_1017654","Before","Singapore",2
"GEN24_1017655","Before","Australia",8
"GEN24_1017655","Before","Portugal",7
"GEN24_1017671","Before","Australia",4
"GEN24_1017693","Before","Fiji",4
"GEN24_1017754","After","Singapore",1
"GEN24_1017754","Before","Singapore",1
"GEN24_1017757","After","Singapore",3
"GEN24_1017757","Before","Singapore",4
"GEN24_1017763","After","Saudi Arabia",10
"GEN24_1017763","Before","Hong Kong (Special Administrative Region)",7
"GEN24_1017763","Before","Japan",9
"GEN24_1017763","Before","Singapore",7
"GEN24_1017763","Before","United States of America",12
"GEN24_1017769","After","Australia",1
"GEN24_1017769","Before","Australia",2
"GEN24_1017784","After","Australia",21
"GEN24_1017807","Before","Australia",75
"GEN24_1017813","Before","Australia",1
"GEN24_1017816","Before","Australia",9
"GEN24_1017817","After","United States of America",1
"GEN24_1017817","Before","Thailand",4
"GEN24_1017828","Before","Australia",3
"GEN24_1017831","Before","Australia",14
"GEN24_1017844","Before","Australia",4
"GEN24_1017865","After","Singapore",2
"GEN24_1017880","After","Korea, Republic of",1
"GEN24_1017881","After","Korea, Democratic People's Republic of",1
"GEN24_1017885","After","England",1
"GEN24_1017885","After","Korea, Republic of",1
"GEN24_1017885","Before","England",1
"GEN24_1017915","After","Australia",3
"GEN24_1017922","Before","Australia",3
"GEN24_1017931","Before","Australia",60
"GEN24_1017933","Before","Austria",15
"GEN24_1017933","Before","England",5
"GEN24_1017933","Before","Scotland",4
"GEN24_1017933","Before","Singapore",3
"GEN24_1017933","Before","United States of America",15
"GEN24_1017991","Before","Australia",1
"GEN24_1017997","After","Singapore",1
"GEN24_1018052","After","United States of America",1
"GEN24_1018052","Before","United States of America",1
"GEN24_1018057","After","Singapore",1
"GEN24_1018073","After","Singapore",2
"GEN24_1018073","Before","Australia",9
"GEN24_1018073","Before","Singapore",1
"GEN24_1018085","After","Singapore",1
"GEN24_1018085","Before","Singapore",1
"GEN24_1018126","After","Australia",40
"GEN24_1018126","Before","Fiji",4
"GEN24_1018128","After","Australia",7
"GEN24_1018199","After","Australia",28
"GEN24_1018218","After","Cambodia",3
"GEN24_1018218","After","Indonesia",7
"GEN24_1018218","After","Thailand",14
"GEN24_1018218","After","Viet Nam",7
"GEN24_1018226","After","Korea, Democratic People's Republic of",1
"GEN24_1018228","Before","Australia",1
"GEN24_1018253","After","Australia",10
"GEN24_1018253","Before","United Arab Emirates",1
"GEN24_1018265","Before","Singapore",2
"GEN24_1018268","Before","Fiji",14
"GEN24_1018293","Before","Australia",1
"GEN24_1018294","After","Australia",1
"GEN24_1018304","After","Australia",1
"GEN24_1018304","Before","Australia",1
"GEN24_1018305","After","Ireland",1
"GEN24_1018311","After","Australia",3
"GEN24_1018311","Before","Australia",6
"GEN24_1018319","After","Australia",35
"GEN24_1018319","After","Indonesia",11
"GEN24_1018319","Before","Singapore",4
"GEN24_1018336","After","Australia",10
"GEN24_1018337","After","Australia",9
"GEN24_1018343","After","Australia",4
"GEN24_1018343","Before","Australia",36
"GEN24_1018344","Before","England",1
"GEN24_1018354","After","Japan",7
"GEN24_1018366","After","Myanmar",3
"GEN24_1018366","After","Singapore",1
"GEN24_1018367","Before","England",1
"GEN24_1018369","Before","Singapore",2
"GEN24_1018376","After","Singapore",1
"GEN24_1018376","Before","Singapore",1
"GEN24_1018377","After","Singapore",2
"GEN24_1018377","Before","Singapore",2
"GEN24_1018384","After","Singapore",3
"GEN24_1018384","Before","Indonesia",1
"GEN24_1018384","Before","Singapore",3
"GEN24_1018390","After","Singapore",3
"GEN24_1018390","Before","Australia",3
"GEN24_1018390","Before","Indonesia",27
"GEN24_1018404","After","Singapore",1
"GEN24_1018404","Before","Australia",90
"GEN24_1018407","After","Australia",1
"GEN24_1018407","Before","Australia",7
"GEN24_1018411","After","Singapore",2
"GEN24_1018411","Before","Singapore",3
"GEN24_1018456","After","Australia",8
"GEN24_1018456","Before","Australia",8
"GEN24_1018467","After","French Polynesia",6
"GEN24_1018467","Before","Australia",4
"GEN24_1018467","Before","French Polynesia",6
"GEN24_1018489","After","Singapore",3
"GEN24_1018489","Before","Singapore",3
"GEN24_1018505","After","Singapore",2
"GEN24_1018505","Before","Singapore",2
"GEN24_1018507","After","Singapore",2
"GEN24_1018507","Before","Singapore",1
"GEN24_1018516","After","Singapore",7
"GEN24_1018516","Before","Hong Kong (Special Administrative Region)",60
"GEN24_1018537","After","Australia",16
"GEN24_1018537","Before","Fiji",3
"GEN24_1018547","Before","Australia",15
"GEN24_1018547","Before","Thailand",14
"GEN24_1018550","After","Australia",99
"GEN24_1018550","Before","Australia",11
"GEN24_1018581","Before","Australia",5
"GEN24_1018629","After","Malaysia",2
"GEN24_1018629","Before","Singapore",1
"GEN24_1018629","Before","Turkey",1
"GEN24_1018642","Before","United States of America",15
"GEN24_1018658","Before","Australia",99
"GEN24_1018659","After","Singapore",1
"GEN24_1018659","Before","Canada",3
"GEN24_1018670","Before","Australia",5
"GEN24_1018674","Before","Korea, Republic of",8
"GEN24_1018686","Before","Malaysia",1
"GEN24_1018720","After","Japan",12
"GEN24_1018721","After","Japan",1
"GEN24_1018721","Before","Japan",3
"GEN24_1018723","Before","Cook Islands",11
"GEN24_1018723","Before","Kiribati",21
"GEN24_1018742","After","Thailand",44
"GEN24_1018742","After","Viet Nam",13
"GEN24_1018785","Before","Cambodia",10
"GEN24_1018785","Before","Czech Republic",5
"GEN24_1018785","Before","Germany",15
"GEN24_1018785","Before","Japan",10
"GEN24_1018785","Before","Nepal",10
"GEN24_1018802","After","Singapore",3
"GEN24_1018804","Before","Nepal",60
"GEN24_1018804","Before","Philippines",30
"GEN24_1018806","After","Australia",3
"GEN24_1018806","After","Fiji",1
"GEN24_1018806","Before","Australia",3
"GEN24_1018806","Before","Fiji",1
"GEN24_1018822","After","Japan",13
"GEN24_1018822","Before","Singapore",3
"GEN24_1018825","After","Singapore",2
"GEN24_1018836","After","Singapore",3
"GEN24_1018842","After","Australia",1
"GEN24_1018855","After","Singapore",3
"GEN24_1018864","After","Australia",20
"GEN24_1018864","Before","Australia",10
"GEN24_1018897","Before","Fiji",1
"GEN24_1018897","Before","United States of America",18
"GEN24_1018899","After","Australia",1
"GEN24_1018912","Before","Australia",5
"GEN24_1018918","After","Australia",2
"GEN24_1018918","Before","Fiji",3
"GEN24_1018920","After","Fiji",4
"GEN24_1018938","After","Fiji",8
"GEN24_1018945","After","Australia",16
"GEN24_1018945","After","Fiji",2
"GEN24_1018945","After","Samoa",1
"GEN24_1018945","After","Samoa, American",1
"GEN24_1018945","After","Tonga",1
"GEN24_1018945","Before","French Polynesia",1
"GEN24_1018952","After","Australia",15
"GEN24_1018952","Before","United States of America",12
"GEN24_1018954","After","United States of America",6
"GEN24_1018954","Before","Singapore",2
"GEN24_1018976","After","Hong Kong (Special Administrative Region)",4
"GEN24_1018976","After","Turkey",5
"GEN24_1018976","Before","Austria",6
"GEN24_1018976","Before","Czech Republic",6
"GEN24_1018976","Before","Greece",16
"GEN24_1018976","Before","Italy",35
"GEN24_1018995","After","Singapore",2
"GEN24_1018995","Before","Australia",10
"GEN24_1018995","Before","England",3
"GEN24_1018995","Before","Singapore",3
"GEN24_1019016","After","Australia",10
"GEN24_1019043","After","Cook Islands",6
"GEN24_1019067","After","Australia",99
"GEN24_1019091","After","Singapore",1
"GEN24_1019091","Before","Singapore",1
"GEN24_1019092","After","Singapore",1
"GEN24_1019092","Before","Singapore",1
"GEN24_1019097","After","Singapore",2
"GEN24_1019097","Before","Singapore",2
"GEN24_1019116","Before","Australia",1
"GEN24_1019119","After","United States of America",14
"GEN24_1019120","Before","Australia",2
"GEN24_1019122","Before","Australia",18
"GEN24_1019128","After","China, People's Republic of",90
"GEN24_1019140","After","Japan",6
"GEN24_1019140","Before","Singapore",3
"GEN24_1019158","Before","Australia",8
"GEN24_1019181","After","Malaysia",4
"GEN24_1019181","Before","Costa Rica",8
"GEN24_1019181","Before","United States of America",7
"GEN24_1019191","After","Australia",11
"GEN24_1019208","Before","Fiji",7
"GEN24_1019212","After","Fiji",10
"GEN24_1019213","Before","Malaysia",1
"GEN24_1019216","Before","Malaysia",4
"GEN24_1019227","After","Australia",34
"GEN24_1019230","After","French Polynesia",5
"GEN24_1019233","Before","Papua New Guinea",28
"GEN24_1019233","Before","Vanuatu",28
"GEN24_1019262","After","Australia",10
"GEN24_1019262","After","Fiji",10
"GEN24_1019262","Before","United States of America",6
"GEN24_1019281","After","Singapore",1
"GEN24_1019281","Before","Singapore",2
"GEN24_1019284","After","Singapore",3
"GEN24_1019285","After","Singapore",2
"GEN24_1019285","Before","Singapore",2
"GEN24_1019286","After","Singapore",1
"GEN24_1019286","Before","Singapore",1
"GEN24_1019292","After","Singapore",1
"GEN24_1019292","Before","Singapore",2
"GEN24_1019335","After","Australia",2
"GEN24_1019356","After","Australia",10
"GEN24_1019361","Before","Australia",5
"GEN24_1019399","Before","Australia",7
"GEN24_1019416","After","Singapore",3
"GEN24_1019416","Before","Australia",10
"GEN24_1019416","Before","Singapore",4
"GEN24_1019432","Before","Singapore",2
"GEN24_1019434","Before","United States of America",1
"GEN24_1019456","Before","Japan",6
"GEN24_1019490","After","Hong Kong (Special Administrative Region)",2
"GEN24_1019495","Before","Australia",7
"GEN24_1019504","Before","Netherlands",1
"GEN24_1019509","After","Singapore",1
"GEN24_1019509","Before","Australia",14
"GEN24_1019509","Before","Singapore",3
"GEN24_1019517","After","Singapore",1
"GEN24_1019517","Before","Singapore",2
"GEN24_1019534","Before","Australia",2
"GEN24_1019554","After","Australia",10
"GEN24_1019554","After","Fiji",6
"GEN24_1019568","Before","Hong Kong (Special Administrative Region)",1
"GEN24_1019569","After","Hong Kong (Special Administrative Region)",3
"GEN24_1019569","Before","United States of America",8
"GEN24_1019574","Before","Australia",1
"GEN24_1019601","After","Singapore",1
"GEN24_1019601","After","United Arab Emirates",5
"GEN24_1019601","Before","Australia",4
"GEN24_1019601","Before","Ireland",6
"GEN24_1019603","After","Singapore",4
"GEN24_1019603","Before","Singapore",1
"GEN24_1019613","After","Malaysia",14
"GEN24_1019613","Before","Malaysia",3
"GEN24_1019622","After","Malaysia",1
"GEN24_1019622","Before","Malaysia",1
"GEN24_1019623","Before","Malaysia",3
"GEN24_1019631","After","Fiji",7
"GEN24_1019639","Before","Australia",7
"GEN24_1019642","Before","Argentina",25
"GEN24_1019642","Before","Chile",70
"GEN24_1019642","Before","Colombia",30
"GEN24_1019644","Before","Thailand",8
"GEN24_1019665","After","Australia",7
"GEN24_1019682","Before","Japan",1
"GEN24_1019697","After","Thailand",10
"GEN24_1019697","Before","United Arab Emirates",3
"GEN24_1019701","After","Singapore",1
"GEN24_1019701","Before","Scotland",1
"GEN24_1019707","After","Singapore",2
"GEN24_1019707","Before","Australia",7
"GEN24_1019716","Before","Singapore",3
"GEN24_1019728","After","Singapore",3
"GEN24_1019728","Before","Australia",6
"GEN24_1019731","After","Singapore",1
"GEN24_1019731","Before","Singapore",1
"GEN24_1019740","After","Canada",2
"GEN24_1019740","Before","Fiji",1
"GEN24_1019746","After","Australia",10
"GEN24_1019751","After","Costa Rica",21
"GEN24_1019751","After","Fiji",21
"GEN24_1019751","After","United States of America",2
"GEN24_1019751","Before","Australia",25
"GEN24_1019751","Before","Indonesia",21
"GEN24_1019759","After","Australia",30
"GEN24_1019759","Before","United States of America",1
"GEN24_1019763","After","United States of America",4
"GEN24_1019766","After","United States of America",1
"GEN24_1019766","Before","United States of America",4
"GEN24_1019768","After","United States of America",1
"GEN24_1019768","Before","Australia",8
"GEN24_1019776","Before","Australia",14
"GEN24_1019802","After","Singapore",1
"GEN24_1019802","Before","Singapore",6
"GEN24_1019809","After","Indonesia",60
"GEN24_1019809","After","Malaysia",30
"GEN24_1019809","Before","Australia",88
"GEN24_1019833","After","Singapore",1
"GEN24_1019833","Before","Singapore",1
"GEN24_1019834","After","Korea, Democratic People's Republic of",1
"GEN24_1019837","After","United States of America",88
"GEN24_1019837","Before","Australia",89
"GEN24_1019837","Before","Costa Rica",60
"GEN24_1019837","Before","United States of America",89
"GEN24_1019839","After","Australia",6
"GEN24_1019839","After","Japan",8
"GEN24_1019854","Before","Australia",1
"GEN24_1019859","Before","Australia",1
"GEN24_1019861","After","Australia",12
"GEN24_1019861","Before","Australia",7
"GEN24_1019869","After","Malaysia",4
"GEN24_1019876","After","Australia",1
"GEN24_1019876","Before","Australia",15
"GEN24_1019878","Before","United Arab Emirates",1
"GEN24_1019879","After","Australia",3
"GEN24_1019879","Before","Australia",3
"GEN24_1019880","After","Hong Kong (Special Administrative Region)",1
"GEN24_1019880","Before","United States of America",1
"GEN24_1019883","After","Australia",1
"GEN24_1019883","Before","Australia",10
"GEN24_1019884","Before","Australia",1
"GEN24_1019908","Before","Australia",10
"GEN24_1019910","After","Australia",10
"GEN24_1019915","Before","Australia",8
"GEN24_1019924","After","Singapore",1
"GEN24_1019924","Before","Singapore",6
"GEN24_1019926","After","Singapore",3
"GEN24_1019931","After","Singapore",2
"GEN24_1019931","Before","Singapore",2
"GEN24_1019933","After","Singapore",2
"GEN24_1019933","Before","Singapore",4
"GEN24_1019941","After","Australia",10
"GEN24_1019941","Before","United States of America",1
"GEN24_1019987","After","Anguilla",60
"GEN24_1019987","After","United States of America",1
"GEN24_1019987","Before","United States of America",1
"GEN24_1019990","After","Costa Rica",60
"GEN24_1019990","After","Nicaragua",28
"GEN24_1019990","Before","Australia",7
"GEN24_1019990","Before","Indonesia",45
"GEN24_1019990","Before","New Caledonia",30
"GEN24_1019992","Before","Australia",10
"GEN24_1019992","Before","United Arab Emirates",1
"GEN24_1019994","Before","Australia",7
"GEN24_1020022","After","Fiji",11
"GEN24_1020041","After","Korea, Republic of",1
"GEN24_1020042","After","Korea, Republic of",1
"GEN24_1020072","Before","Canada",1
"GEN24_1020081","Before","Australia",1
"GEN24_1020181","After","Singapore",3
"GEN24_1020203","Before","Australia",1
"GEN24_1020233","Before","Singapore",3
"GEN24_1020235","Before","Singapore",1
"GEN24_1020279","After","Australia",7
"GEN24_1020279","Before","Australia",4
"GEN24_1020332","After","Cook Islands",5
"GEN24_1020343","Before","Fiji",3
"GEN24_1020364","After","Singapore",7
"GEN24_1020369","After","Singapore",5
"GEN24_1020376","Before","Australia",7
"GEN24_1020387","After","Singapore",1
"GEN24_1020387","Before","India",7
"GEN24_1020396","Before","Australia",74
"GEN24_1020424","After","Fiji",3
"GEN24_1020447","Before","United Arab Emirates",1
"GEN24_1020455","Before","Australia",9
"GEN24_1020460","After","Indonesia",12
"GEN24_1020460","After","Singapore",1
"GEN24_1020460","Before","Singapore",4
"GEN24_1020463","After","Singapore",2
"GEN24_1020463","Before","Australia",7
"GEN24_1020484","Before","Thailand",6
"GEN24_1020497","After","Australia",15
"GEN24_1020497","After","Singapore",4
"GEN24_1020505","After","Australia",40
"GEN24_1020519","After","Australia",1
"GEN24_1020538","After","Singapore",3
"GEN24_1020539","After","Singapore",3
"GEN24_1020550","After","Australia",4
"GEN24_1020550","Before","Australia",2
"GEN24_1020555","Before","Australia",6
"GEN24_1020558","After","Australia",9
"GEN24_1020570","After","Taiwan",2
"GEN24_1020570","Before","New Caledonia",1
"GEN24_1020572","After","Japan",7
"GEN24_1020578","After","Taiwan",17
"GEN24_1020601","Before","Singapore",4
"GEN24_1020604","Before","Switzerland",1
"GEN24_1020617","After","Singapore",2
"GEN24_1020617","Before","Singapore",1
"GEN24_1020630","After","Malaysia",3
"GEN24_1020635","Before","Malaysia",2
"GEN24_1020636","After","Malaysia",3
"GEN24_1020636","Before","Malaysia",3
"GEN24_1020636","Before","Singapore",3
"GEN24_1020650","After","French Polynesia",7
"GEN24_1020686","After","United States of America",19
"GEN24_1020686","Before","Kenya",7
"GEN24_1020686","Before","Maldives",12
"GEN24_1020686","Before","Tanzania",7
"GEN24_1020686","Before","Thailand",13
"GEN24_1020689","After","Australia",21
"GEN24_1020689","Before","Australia",23
"GEN24_1020690","After","United States of America",5
"GEN24_1020690","Before","United States of America",2
"GEN24_1020700","After","United States of America",3
"GEN24_1020700","Before","United States of America",42
"GEN24_1020703","Before","Australia",5
"GEN24_1020721","After","Australia",1
"GEN24_1020721","Before","Australia",1
"GEN24_1020764","After","Korea, Republic of",1
"GEN24_1020764","Before","Korea, Republic of",2
"GEN24_1020767","Before","Australia",35
"GEN24_1020768","Before","Australia",10
"GEN24_1020789","Before","Australia",38
"GEN24_1020797","After","United States of America",10
"GEN24_1020797","Before","Australia",14
"GEN24_1020797","Before","India",20
"GEN24_1020797","Before","Thailand",40
"GEN24_1020814","After","Australia",14
"GEN24_1020847","After","Australia",7
"GEN24_1020889","Before","Hong Kong (Special Administrative Region)",2
"GEN24_1020892","Before","United States of America",3
"GEN24_1020904","Before","Australia",23
"GEN24_1020926","Before","Australia",2
"GEN24_1020930","Before","Australia",3
"GEN24_1020941","After","Singapore",2
"GEN24_1020941","Before","Singapore",2
"GEN24_1020954","After","England",1
"GEN24_1020956","Before","Australia",10
"GEN24_1020956","Before","Malaysia",1
"GEN24_1020957","After","Malaysia",1
"GEN24_1020957","Before","Malaysia",5
"GEN24_1020959","After","Cambodia",30
"GEN24_1020959","Before","Australia",11
"GEN24_1020959","Before","Malaysia",30
"GEN24_1021003","Before","Australia",4
"GEN24_1021022","After","Singapore",2
"GEN24_1021022","Before","United States of America",2
"GEN24_1021034","Before","Singapore",2
"GEN24_1021039","After","Singapore",2
"GEN24_1021056","After","New Caledonia",90
"GEN24_1021063","After","Australia",3
"GEN24_1021073","Before","Australia",1
"GEN24_1021096","Before","Singapore",3
"GEN24_1021098","Before","Singapore",1
"GEN24_1021101","After","Singapore",3
"GEN24_1021101","Before","Australia",1
"GEN24_1021101","Before","Singapore",1
"GEN24_1021114","After","Korea, Republic of",8
"GEN24_1021119","After","Australia",7
"GEN24_1021119","After","United States of America",2
"GEN24_1021126","Before","Singapore",3
"GEN24_1021131","After","Singapore",2
"GEN24_1021131","Before","Singapore",3
"GEN24_1021133","After","Singapore",3
"GEN24_1021133","Before","United States of America",4
"GEN24_1021136","After","Singapore",1
"GEN24_1021136","Before","Singapore",2
"GEN24_1021139","After","Australia",10
"GEN24_1021161","After","Australia",1
"GEN24_1021204","After","Canada",21
"GEN24_1021206","After","Australia",1
"GEN24_1021206","Before","Australia",1
"GEN24_1021207","Before","Australia",1
"GEN24_1021212","After","Australia",2
"GEN24_1021212","Before","Australia",14
"GEN24_1021233","Before","Australia",14
"GEN24_1021275","After","Australia",8
"GEN24_1021275","Before","Australia",8
"GEN24_1021292","Before","Australia",5
"GEN24_1021297","After","Australia",3
"GEN24_1021297","After","Indonesia",8
"GEN24_1021297","After","Malaysia",2
"GEN24_1021297","Before","Australia",3
"GEN24_1021297","Before","Indonesia",14
"GEN24_1021303","After","Australia",15
"GEN24_1021303","Before","Australia",2
"GEN24_1021303","Before","England",5
"GEN24_1021308","Before","Singapore",1
"GEN24_1021313","After","Singapore",1
"GEN24_1021313","Before","Singapore",1
"GEN24_1021314","Before","Switzerland",1
"GEN24_1021317","After","Singapore",3
"GEN24_1021356","Before","Australia",4
"GEN24_1021408","Before","Australia",15
"GEN24_1021419","After","Canada",70
"GEN24_1021419","After","United States of America",32
"GEN24_1021420","After","United States of America",1
"GEN24_1021420","Before","United States of America",1
"GEN24_1021434","Before","Australia",99
"GEN24_1021434","Before","Fiji",60
"GEN24_1021468","After","Singapore",2
"GEN24_1021488","After","Korea, Democratic People's Republic of",1
"GEN24_1021491","After","Korea, Republic of",1
"GEN24_1021492","After","Singapore",3
"GEN24_1021492","Before","Australia",3
"GEN24_1021495","After","Korea, Democratic People's Republic of",1
"GEN24_1021498","After","Korea, Democratic People's Republic of",1
"GEN24_1021501","After","Korea, Republic of",1
"GEN24_1021518","Before","Canada",3
"GEN24_1021518","Before","United States of America",20
"GEN24_1021521","Before","Fiji",9
"GEN24_1021521","Before","United States of America",3
"GEN24_1021540","After","Singapore",2
"GEN24_1021540","Before","Malaysia",2
"GEN24_1021542","Before","Singapore",1
"GEN24_1021552","Before","Canada",1
"GEN24_1021594","After","Samoa",6
"GEN24_1021594","Before","Samoa",6
"GEN24_1021614","After","Taiwan",2
"GEN24_1021616","Before","Singapore",5
"GEN24_1021657","After","Fiji",9
"GEN24_1021657","Before","Singapore",3
"GEN24_1021658","After","Fiji",9
"GEN24_1021658","Before","Singapore",3
"GEN24_1021686","After","Australia",1
"GEN24_1021686","Before","Australia",5
"GEN24_1021691","After","Singapore",3
"GEN24_1021691","Before","Australia",20
"GEN24_1021691","Before","Singapore",3
"GEN24_1021702","Before","Switzerland",10
"GEN24_1021712","After","United States of America",5
"GEN24_1021712","Before","Australia",27
"GEN24_1021716","Before","Australia",8
"GEN24_1021750","After","Australia",1
"GEN24_1021751","After","Australia",1
"GEN24_1021751","Before","Australia",1
"GEN24_1021757","After","Japan",7
"GEN24_1021757","Before","United States of America",7
"GEN24_1021769","After","Singapore",3
"GEN24_1021769","Before","Indonesia",3
"GEN24_1021769","Before","Singapore",8
"GEN24_1021773","Before","Singapore",2
"GEN24_1021776","Before","Australia",4
"GEN24_1021776","Before","Singapore",2
"GEN24_1021780","Before","Philippines",3
"GEN24_1021791","After","Singapore",2
"GEN24_1021791","Before","Cambodia",4
"GEN24_1021793","After","Singapore",1
"GEN24_1021815","Before","Australia",3
"GEN24_1021840","After","Australia",21
"GEN24_1021840","Before","Australia",42
"GEN24_1021847","Before","Singapore",1
"GEN24_1021858","Before","Australia",5
"GEN24_1021869","After","Australia",1
"GEN24_1021869","Before","Australia",1
"GEN24_1021871","Before","Scotland",6
"GEN24_1021925","After","Australia",3
"GEN24_1021925","After","Samoa",7
"GEN24_1021925","After","Switzerland",99
"GEN24_1021925","Before","Australia",10
"GEN24_1021932","After","United States of America",7
"GEN24_1021968","Before","Korea, Republic of",10
"GEN24_1021984","Before","Australia",8
"GEN24_1021984","Before","Fiji",5
"GEN24_1021985","Before","Canada",1
"GEN24_1021992","Before","Australia",2
"GEN24_1021994","After","Malaysia",4
"GEN24_1021994","Before","Malaysia",3
"GEN24_1022056","Before","England",10
"GEN24_1022063","After","Singapore",2
"GEN24_1022070","Before","Australia",22
"GEN24_1022072","After","Australia",45
"GEN24_1022075","Before","Australia",7
"GEN24_1022079","After","Fiji",7
"GEN24_1022082","After","Australia",14
"GEN24_1022099","Before","Viet Nam",9
"GEN24_1022104","After","Viet Nam",1
"GEN24_1022104","Before","Germany",1
"GEN24_1022104","Before","United States of America",1
"GEN24_1022107","Before","Australia",28
"GEN24_1022120","After","Australia",21
"GEN24_1022120","After","Hong Kong (Special Administrative Region)",5
"GEN24_1022120","Before","Singapore",7
"GEN24_1022127","After","Japan",19
"GEN24_1022139","After","Japan",7
"GEN24_1022139","After","Singapore",3
"GEN24_1022139","Before","Australia",20
"GEN24_1022142","After","Singapore",4
"GEN24_1022142","Before","Malaysia",4
"GEN24_1022153","Before","Singapore",2
"GEN24_1022156","Before","Singapore",1
"GEN24_1022159","Before","Australia",9
"GEN24_1022163","After","Singapore",2
"GEN24_1022163","Before","Singapore",3
"GEN24_1022196","After","Australia",20
"GEN24_1022202","After","Fiji",3
"GEN24_1022202","Before","Australia",15
"GEN24_1022203","Before","Australia",1
"GEN24_1022210","Before","Australia",3
"GEN24_1022260","After","Australia",2
"GEN24_1022260","Before","Qatar",1
"GEN24_1022265","After","Australia",30
"GEN24_1022265","Before","Australia",60
"GEN24_1022265","Before","Hong Kong (Special Administrative Region)",6
"GEN24_1022265","Before","Singapore",3
"GEN24_1022275","After","Australia",8
"GEN24_1022280","After","United States of America",4
"GEN24_1022280","Before","Singapore",4
"GEN24_1022289","After","Australia",7
"GEN24_1022289","Before","Canada",2
"GEN24_1022290","Before","United States of America",5
"GEN24_1022294","Before","Australia",98
"GEN24_1022298","Before","Australia",74
"GEN24_1022310","Before","Australia",2
"GEN24_1022320","After","Singapore",2
"GEN24_1022323","Before","Singapore",1
"GEN24_1022324","After","Singapore",3
"GEN24_1022324","Before","Singapore",4
"GEN24_1022327","After","Singapore",2
"GEN24_1022327","Before","Singapore",3
"GEN24_1022328","Before","Singapore",2
"GEN24_1022331","After","Singapore",3
"GEN24_1022333","After","Singapore",2
"GEN24_1022340","After","Singapore",4
"GEN24_1022340","Before","Singapore",2
"GEN24_1022345","After","Fiji",9
"GEN24_1022345","Before","Australia",77
"GEN24_1022357","After","Fiji",6
"GEN24_1022357","Before","Australia",8
"GEN24_1022365","Before","Singapore",1
"GEN24_1022398","After","Australia",60
"GEN24_1022398","Before","Australia",70
"GEN24_1022398","Before","Canada",5
"GEN24_1022402","After","Australia",4
"GEN24_1022440","After","Australia",10
"GEN24_1022481","After","Singapore",4
"GEN24_1022481","Before","Singapore",22
"GEN24_1022482","After","Korea, Republic of",1
"GEN24_1022485","After","Cook Islands",7
"GEN24_1022485","After","Korea, Republic of",1
"GEN24_1022489","After","Australia",1
"GEN24_1022494","After","Australia",2
"GEN24_1022494","Before","Australia",99
"GEN24_1022501","Before","Malaysia",2
"GEN24_1022509","After","Australia",10
"GEN24_1022520","After","Australia",8
"GEN24_1022520","Before","Australia",8
"GEN24_1022531","After","Australia",31
"GEN24_1022531","Before","French Polynesia",10
"GEN24_1022537","Before","Australia",25
"GEN24_1022544","After","Australia",2
"GEN24_1022557","After","Australia",10
"GEN24_1022571","After","Australia",30
"GEN24_1022607","After","Turkey",4
"GEN24_1022607","Before","Singapore",5
"GEN24_1022624","After","Singapore",2
"GEN24_1022624","Before","Singapore",2
"GEN24_1022629","After","Australia",9
"GEN24_1022629","Before","Australia",12
"GEN24_1022630","Before","Australia",10
"GEN24_1022633","After","Singapore",2
"GEN24_1022633","Before","Singapore",1
"GEN24_1022645","After","Australia",31
"GEN24_1022645","After","Fiji",8
"GEN24_1022646","Before","Singapore",4
"GEN24_1022646","Before","Thailand",5
"GEN24_1022646","Before","Viet Nam",6
"GEN24_1022655","After","French Polynesia",4
"GEN24_1022660","Before","French Polynesia",3
"GEN24_1022661","Before","French Polynesia",3
"GEN24_1022687","Before","Singapore",2
"GEN24_1022688","Before","Singapore",2
"GEN24_1022704","After","Australia",2
"GEN24_1022761","After","Australia",2
"GEN24_1022770","After","Australia",40
"GEN24_1022770","After","Cook Islands",8
"GEN24_1022770","After","Fiji",5
"GEN24_1022770","After","Samoa",8
"GEN24_1022770","After","Vanuatu",8
"GEN24_1022770","Before","Argentina",6
"GEN24_1022770","Before","Brazil",20
"GEN24_1022770","Before","Costa Rica",22
"GEN24_1022770","Before","Ecuador",8
"GEN24_1022770","Before","Peru",1
"GEN24_1022791","Before","Australia",8
"GEN24_1022792","After","Australia",60
"GEN24_1022792","After","Viet Nam",30
"GEN24_1022792","Before","Fiji",11
"GEN24_1022809","After","Kazakhstan",4
"GEN24_1022809","After","Kyrgyzstan",3
"GEN24_1022809","After","Tajikistan",3
"GEN24_1022809","After","Thailand",12
"GEN24_1022809","After","Uzbekistan",3
"GEN24_1022809","Before","Finland",4
"GEN24_1022809","Before","Pakistan",6
"GEN24_1022809","Before","Samoa",7
"GEN24_1022809","Before","Thailand",30
"GEN24_1022809","Before","Wallis and Futuna",5
"GEN24_1022810","After","Australia",2
"GEN24_1022810","Before","Australia",1
"GEN24_1022817","After","Australia",5
"GEN24_1022821","Before","Australia",20
"GEN24_1022837","Before","Australia",10
"GEN24_1022837","Before","China, People's Republic of",9
"GEN24_1022837","Before","Japan",9
"GEN24_1022837","Before","Thailand",8
"GEN24_1022849","After","Singapore",2
"GEN24_1022849","Before","Singapore",2
"GEN24_1022860","Before","Singapore",2
"GEN24_1022893","After","England",1
"GEN24_1022893","After","Malaysia",3
"GEN24_1022893","After","United Arab Emirates",3
"GEN24_1022893","Before","Australia",3
"GEN24_1022893","Before","Malaysia",4
"GEN24_1022893","Before","Singapore",3
"GEN24_1022893","Before","United Arab Emirates",3
"GEN24_1022896","Before","Malaysia",5
"GEN24_1022899","After","Cook Islands",5
"GEN24_1022899","Before","Singapore",2
"GEN24_1022903","After","Australia",1
"GEN24_1022903","Before","Australia",12
"GEN24_1022903","Before","South Africa",12
"GEN24_1022908","After","Australia",3
"GEN24_1022912","After","Australia",1
"GEN24_1022912","Before","Australia",3
"GEN24_1022926","Before","Australia",7
"GEN24_1022949","After","Canada",3
"GEN24_1022949","After","Cook Islands",7
"GEN24_1022949","Before","Singapore",3
"GEN24_1022957","After","Australia",4
"GEN24_1022982","After","Australia",3
"GEN24_1022982","Before","Australia",3
"GEN24_1023004","Before","Singapore",1
"GEN24_1023008","After","Germany",12
"GEN24_1023008","After","Maldives",9
"GEN24_1023008","After","Spain",14
"GEN24_1023008","After","Thailand",12
"GEN24_1023008","Before","Australia",21
"GEN24_1023008","Before","Costa Rica",30
"GEN24_1023008","Before","Spain",7
"GEN24_1023032","After","New Caledonia",1
"GEN24_1023033","After","New Caledonia",1
"GEN24_1023063","Before","Australia",3
"GEN24_1023069","Before","Singapore",1
"GEN24_1023083","Before","Korea, Democratic People's Republic of",1
"GEN24_1023083","Before","Korea, Republic of",1
"GEN24_1023089","After","Korea, Republic of",4
"GEN24_1023089","Before","United States of America",3
"GEN24_1023092","After","Germany",10
"GEN24_1023092","Before","United States of America",10
"GEN24_1023101","Before","Australia",3
"GEN24_1023104","Before","Australia",2
"GEN24_1023115","After","Singapore",3
"GEN24_1023115","Before","United States of America",2
"GEN24_1023120","After","Germany",1
"GEN24_1023120","After","Singapore",1
"GEN24_1023142","After","Australia",14
"GEN24_1023142","After","Fiji",7
"GEN24_1023142","After","Malaysia",2
"GEN24_1023142","After","Singapore",7
"GEN24_1023142","Before","Australia",14
"GEN24_1023142","Before","Fiji",7
"GEN24_1023142","Before","Malaysia",2
"GEN24_1023142","Before","Singapore",7
"GEN24_1023147","After","Malaysia",2
"GEN24_1023147","Before","Singapore",3
"GEN24_1023152","After","Australia",1
"GEN24_1023163","After","United States of America",2
"GEN24_1023163","Before","Fiji",2
"GEN24_1023163","Before","United States of America",6
"GEN24_1023172","After","Australia",7
"GEN24_1023176","Before","Australia",3
"GEN24_1023225","After","Taiwan",2
"GEN24_1023233","Before","Australia",14
"GEN24_1023233","Before","France",1
"GEN24_1023233","Before","Singapore",2
"GEN24_1023235","Before","Singapore",2
"GEN24_1023239","Before","Singapore",1
"GEN24_1023244","Before","Singapore",3
"GEN24_1023255","Before","Singapore",2
"GEN24_1023259","After","Singapore",4
"GEN24_1023263","After","Samoa",14
"GEN24_1023268","After","Fiji",4
"GEN24_1023268","After","Samoa",6
"GEN24_1023268","After","United States of America",8
"GEN24_1023268","Before","Singapore",2
"GEN24_1023284","After","Australia",1
"GEN24_1023286","After","Australia",20
"GEN24_1023290","After","Australia",20
"GEN24_1023290","Before","Australia",90
"GEN24_1023292","After","Australia",99
"GEN24_1023292","Before","Australia",99
"GEN24_1023296","Before","Canada",8
"GEN24_1023302","After","Australia",90
"GEN24_1023302","Before","Australia",70
"GEN24_1023307","After","Australia",48
"GEN24_1023311","After","Australia",5
"GEN24_1023311","Before","Australia",27
"GEN24_1023311","Before","United States of America",1
"GEN24_1023314","Before","Korea, Republic of",30
"GEN24_1023330","Before","Australia",11
"GEN24_1023349","Before","Malaysia",2
"GEN24_1023352","After","Singapore",1
"GEN24_1023352","Before","Singapore",2
"GEN24_1023353","After","Singapore",1
"GEN24_1023353","Before","United Arab Emirates",1
"GEN24_1023358","After","Canada",7
"GEN24_1023358","After","England",82
"GEN24_1023358","After","Singapore",8
"GEN24_1023358","After","Turkey",7
"GEN24_1023360","After","Thailand",2
"GEN24_1023360","Before","Thailand",3
"GEN24_1023368","After","Singapore",1
"GEN24_1023371","After","Singapore",2
"GEN24_1023371","Before","Singapore",3
"GEN24_1023399","After","Australia",21
"GEN24_1023399","After","Singapore",5
"GEN24_1023399","After","Viet Nam",12
"GEN24_1023424","After","Australia",8
"GEN24_1023424","Before","United Arab Emirates",3
"GEN24_1023441","Before","Australia",7
"GEN24_1023442","After","Australia",3
"GEN24_1023442","Before","Australia",50
"GEN24_1023489","After","Cook Islands",6
"GEN24_1023489","After","Singapore",2
"GEN24_1023489","Before","Australia",18
"GEN24_1023519","Before","Australia",10
"GEN24_1023536","After","Australia",10
"GEN24_1023551","After","Singapore",2
"GEN24_1023551","Before","Singapore",2
"GEN24_1023559","Before","Australia",14
"GEN24_1023564","After","Singapore",2
"GEN24_1023564","Before","Singapore",2
"GEN24_1023569","After","Indonesia",35
"GEN24_1023581","Before","Singapore",1
"GEN24_1023586","After","Australia",3
"GEN24_1023602","Before","Hong Kong (Special Administrative Region)",2
"GEN24_1023603","After","Australia",30
"GEN24_1023603","Before","Australia",90
"GEN24_1023623","After","Thailand",1
"GEN24_1023628","Before","Australia",10
"GEN24_1023642","After","Singapore",2
"GEN24_1023642","Before","Singapore",1
"GEN24_1023644","After","Australia",5
"GEN24_1023644","After","Mauritius",14
"GEN24_1023644","Before","Canada",10
"GEN24_1023644","Before","Mexico",28
"GEN24_1023649","After","Australia",28
"GEN24_1023650","After","Australia",10
"GEN24_1023654","After","Australia",1
"GEN24_1023658","After","Australia",15
"GEN24_1023716","Before","Malaysia",5
"GEN24_1023720","After","Malaysia",2
"GEN24_1023720","Before","Malaysia",2
"GEN24_1023720","Before","Thailand",4
"GEN24_1023728","Before","Malaysia",2
"GEN24_1023733","After","Fiji",3
"GEN24_1023761","Before","Australia",1
"GEN24_1023762","After","Japan",21
"GEN24_1023762","Before","Cambodia",25
"GEN24_1023762","Before","Laos",28
"GEN24_1023762","Before","Malaysia",40
"GEN24_1023762","Before","Thailand",45
"GEN24_1023775","Before","Australia",6
"GEN24_1023777","After","Australia",22
"GEN24_1023777","After","Nepal",35
"GEN24_1023796","After","Australia",3
"GEN24_1023810","After","Australia",60
"GEN24_1023810","After","Canada",30
"GEN24_1023812","After","Japan",30
"GEN24_1023812","Before","Malaysia",1
"GEN24_1023812","Before","Singapore",4
"GEN24_1023820","After","Singapore",1
"GEN24_1023820","Before","Singapore",2
"GEN24_1023822","After","Indonesia",21
"GEN24_1023822","Before","Australia",31
"GEN24_1023823","After","Singapore",1
"GEN24_1023824","After","Singapore",2
"GEN24_1023826","After","Singapore",1
"GEN24_1023826","Before","Singapore",4
"GEN24_1023834","After","Korea, Republic of",1
"GEN24_1023837","After","Fiji",7
"GEN24_1023837","Before","Australia",21
"GEN24_1023837","Before","Fiji",7
"GEN24_1023855","Before","Australia",3
"GEN24_1023860","Before","Australia",4
"GEN24_1023861","After","Australia",99
"GEN24_1023861","Before","Australia",1
"GEN24_1023880","After","Singapore",3
"GEN24_1023880","Before","Singapore",1
"GEN24_1023895","Before","Australia",1
"GEN24_1023897","After","France",25
"GEN24_1023902","After","Australia",1
"GEN24_1023909","After","Australia",29
"GEN24_1023909","Before","Australia",29
"GEN24_1023915","After","Australia",3
"GEN24_1023915","Before","Australia",4
"GEN24_1023918","After","Australia",1
"GEN24_1023918","Before","Australia",4
"GEN24_1023934","Before","Australia",3
"GEN24_1023936","After","Singapore",2
"GEN24_1023936","Before","Singapore",3
"GEN24_1023959","After","Australia",1
"GEN24_1023970","After","Australia",5
"GEN24_1023970","Before","Singapore",2
"GEN24_1023978","After","Australia",4
"GEN24_1023978","After","Thailand",12
"GEN24_1023980","Before","Australia",1
"GEN24_1023989","After","Australia",1
"GEN24_1024001","After","Australia",1
"GEN24_1024001","Before","Australia",1
"GEN24_1024012","After","Hong Kong (Special Administrative Region)",3
"GEN24_1024012","Before","Fiji",1
"GEN24_1024012","Before","Singapore",2
"GEN24_1024013","Before","Germany",1
"GEN24_1024033","After","Indonesia",8
"GEN24_1024033","Before","Australia",60
"GEN24_1024050","After","Australia",10
"GEN24_1024050","Before","Australia",1
"GEN24_1024095","After","Australia",14
"GEN24_1024095","After","Viet Nam",14
"GEN24_1024103","After","Australia",16
"GEN24_1024116","After","Singapore",3
"GEN24_1024123","After","Korea, Republic of",1
"GEN24_1024123","Before","Korea, Republic of",1
"GEN24_1024145","Before","Australia",6
"GEN24_1024152","Before","Singapore",1
"GEN24_1024155","Before","Australia",10
"GEN24_1024156","Before","England",1
"GEN24_1024156","Before","Singapore",1
"GEN24_1024157","Before","Singapore",1
"GEN24_1024161","Before","Thailand",6
"GEN24_1024182","Before","Thailand",2
"GEN24_1024184","After","Australia",24
"GEN24_1024199","Before","Australia",30
"GEN24_1024199","Before","Cambodia",7
"GEN24_1024199","Before","Indonesia",28
"GEN24_1024199","Before","Laos",14
"GEN24_1024199","Before","Viet Nam",30
"GEN24_1024211","Before","Hong Kong (Special Administrative Region)",10
"GEN24_1024211","Before","Iceland",15
"GEN24_1024211","Before","Japan",12
"GEN24_1024253","After","Fiji",14
"GEN24_1024253","After","Singapore",2
"GEN24_1024253","Before","Singapore",2
"GEN24_1024335","After","Indonesia",30
"GEN24_1024335","Before","Australia",90
"GEN24_1024336","After","Australia",10
"GEN24_1024336","After","Indonesia",30
"GEN24_1024336","Before","Australia",90
"GEN24_1024342","After","Australia",28
"GEN24_1024342","Before","Australia",5
"GEN24_1024364","After","Taiwan",1
"GEN24_1024387","After","Korea, Republic of",1
"GEN24_1024390","After","Singapore",3
"GEN24_1024390","Before","Singapore",3
"GEN24_1024391","After","Singapore",3
"GEN24_1024397","Before","Singapore",3
"GEN24_1024436","After","Australia",5
"GEN24_1024436","Before","Germany",1
"GEN24_1024453","Before","Japan",1
"GEN24_1024463","Before","Australia",3
"GEN24_1024474","Before","Japan",10
"GEN24_1024474","Before","Malaysia",10
"GEN24_1024509","Before","Australia",10
"GEN24_1024529","Before","Germany",1
"GEN24_1024529","Before","Singapore",1
"GEN24_1024538","Before","Australia",66
"GEN24_1024564","After","Australia",3
"GEN24_1024564","After","Thailand",10
"GEN24_1024564","Before","Australia",10
"GEN24_1024564","Before","Singapore",4
"GEN24_1024566","After","Australia",99
"GEN24_1024566","After","Fiji",10
"GEN24_1024566","After","Thailand",30
"GEN24_1024566","Before","Australia",5
"GEN24_1024567","After","Australia",20
"GEN24_1024567","Before","Australia",5
"GEN24_1024570","After","Australia",7
"GEN24_1024570","Before","Australia",7
"GEN24_1024577","After","Japan",30
"GEN24_1024577","Before","Japan",1
"GEN24_1024581","After","Australia",1
"GEN24_1024581","Before","Australia",1
"GEN24_1024596","After","Singapore",4
"GEN24_1024596","Before","Australia",6
"GEN24_1024598","After","Singapore",1
"GEN24_1024607","After","Nepal",30
"GEN24_1024607","Before","Australia",22
"GEN24_1024607","Before","Indonesia",30
"GEN24_1024635","Before","Japan",20
"GEN24_1024663","After","Australia",4
"GEN24_1024663","After","Hong Kong (Special Administrative Region)",2
"GEN24_1024682","After","Australia",60
"GEN24_1024682","Before","Australia",40
"GEN24_1024706","Before","Australia",29
"GEN24_1024706","Before","Singapore",2
"GEN24_1024726","After","United States of America",30
"GEN24_1024726","Before","Philippines",5
"GEN24_1024729","After","Australia",4
"GEN24_1024741","After","Indonesia",14
"GEN24_1024741","Before","Australia",99
"GEN24_1024741","Before","Malaysia",6
"GEN24_1024756","After","New Caledonia",11
"GEN24_1024769","After","Australia",26
"GEN24_1024769","Before","Australia",3
"GEN24_1024775","Before","India",28
"GEN24_1024800","Before","Japan",6
"GEN24_1024800","Before","Thailand",4
"GEN24_1024803","After","Singapore",3
"GEN24_1024821","After","Australia",5
"GEN24_1024821","Before","Australia",4
"GEN24_1024845","After","Australia",1
"GEN24_1024850","After","Korea, Republic of",4
"GEN24_1024850","Before","Korea, Republic of",4
"GEN24_1024850","Before","United States of America",2
"GEN24_1024877","After","Australia",9
"GEN24_1024906","After","Australia",3
"GEN24_1024906","After","United Arab Emirates",2
"GEN24_1024906","Before","United Arab Emirates",2
"GEN24_1024920","Before","Australia",30
"GEN24_1024965","After","Australia",1
"GEN24_1024965","Before","Australia",1
"GEN24_1024971","After","Australia",1
"GEN24_1024981","After","France",1
"GEN24_1024981","After","United States of America",1
"GEN24_1024981","Before","France",2
"GEN24_1024981","Before","United States of America",1
"GEN24_1024998","After","Taiwan",60
"GEN24_1024998","Before","Taiwan",20
"GEN24_1025040","After","Samoa",15
"GEN24_1025040","Before","Ecuador",90
"GEN24_1025040","Before","Singapore",8
"GEN24_1025071","After","Bolivia",27
"GEN24_1025071","After","Greece",8
"GEN24_1025071","After","Netherlands",6
"GEN24_1025071","After","Peru",20
"GEN24_1025071","Before","India",23
"GEN24_1025071","Before","Indonesia",27
"GEN24_1025071","Before","Thailand",34
"GEN24_1025076","After","Australia",1
"GEN24_1025076","Before","Australia",1
"GEN24_1025089","After","Australia",20
"GEN24_1025089","After","Philippines",40
"GEN24_1025100","Before","United Arab Emirates",1
"GEN24_1025134","After","Cook Islands",7
"GEN24_1025140","After","Australia",18
"GEN24_1025140","Before","Australia",7
"GEN24_1025156","After","Australia",5
"GEN24_1025156","Before","Indonesia",2
"GEN24_1025207","After","Australia",60
"GEN24_1025207","Before","Australia",60
"GEN24_1025213","After","Australia",4
"GEN24_1025213","After","Malaysia",30
"GEN24_1025213","Before","Australia",4
"GEN24_1025250","After","Singapore",2
"GEN24_1025255","After","Singapore",2
"GEN24_1025255","Before","Australia",20
"GEN24_1025258","Before","Spain",14
"GEN24_1025263","Before","Japan",12
"GEN24_1025265","After","Australia",4
"GEN24_1025296","After","Australia",3
"GEN24_1025296","Before","Australia",10
"GEN24_1025303","Before","Thailand",20
"GEN24_1025303","Before","Viet Nam",20
"GEN24_1025308","After","Denmark",99
"GEN24_1025308","Before","Australia",32
"GEN24_1025335","After","Australia",10
"GEN24_1025360","After","Australia",14
"GEN24_1025360","Before","Fiji",5
"GEN24_1025360","Before","United States of America",1
"GEN24_1025371","After","Australia",2
"GEN24_1025380","Before","Japan",3
"GEN24_1025380","Before","Korea, Republic of",4
"GEN24_1025380","Before","Portugal",8
"GEN24_1025380","Before","Taiwan",7
"GEN24_1025414","After","Indonesia",11
"GEN24_1025414","Before","Singapore",5
"GEN24_1025433","After","Australia",1
"GEN24_1025443","Before","Australia",1
"GEN24_1025452","After","New Caledonia",8
"GEN24_1025456","After","Australia",2
"GEN24_1025456","Before","Italy",3
"GEN24_1025463","After","Australia",14
"GEN24_1025501","After","Singapore",1
"GEN24_1025501","Before","Singapore",3
"GEN24_1025507","Before","Fiji",4
"GEN24_1025507","Before","United States of America",4
"GEN24_1025597","Before","Thailand",1
"GEN24_1025604","After","Australia",1
"GEN24_1025604","Before","Australia",2
"GEN24_1025608","After","Australia",2
"GEN24_1025608","Before","Singapore",2
"GEN24_1025623","After","Australia",1
"GEN24_1025632","Before","Australia",1
"GEN24_1025641","After","Turkey",30
"GEN24_1025641","Before","Australia",30
"GEN24_1025645","Before","Singapore",1
"GEN24_1025649","After","Singapore",3
"GEN24_1025673","After","Singapore",4
"GEN24_1025673","Before","Australia",5
"GEN24_1025674","Before","Korea, Republic of",3
"GEN24_1025691","After","Malaysia",1
"GEN24_1025691","Before","Malaysia",1
"GEN24_1025694","After","Malaysia",15
"GEN24_1025706","Before","Japan",7
"GEN24_1025706","Before","New Caledonia",90
"GEN24_1025716","After","Australia",20
"GEN24_1025716","Before","Australia",5
"GEN24_1025719","After","Australia",8
"GEN24_1025766","Before","India",20
"GEN24_1025766","Before","Nepal",25
"GEN24_1025766","Before","Thailand",5
"GEN24_1025780","After","Singapore",2
"GEN24_1025780","Before","Australia",7
"GEN24_1025780","Before","Singapore",5
"GEN24_1025781","Before","Cambodia",11
"GEN24_1025781","Before","Singapore",4
"GEN24_1025781","Before","Thailand",11
"GEN24_1025789","Before","Singapore",2
"GEN24_1025887","After","Australia",1
"GEN24_1025887","After","Korea, Republic of",3
"GEN24_1025887","After","United States of America",3
"GEN24_1025887","Before","United States of America",1
"GEN24_1025904","After","Singapore",2
"GEN24_1025904","After","Thailand",7
"GEN24_1025907","Before","Australia",7
"GEN24_1025927","After","Singapore",3
"GEN24_1025927","Before","Singapore",3
"GEN24_1025967","After","Malaysia",1
"GEN24_1025967","Before","India",1
"GEN24_1025973","Before","Australia",1
"GEN24_1025986","After","Australia",14
"GEN24_1025986","Before","United States of America",1
"GEN24_1026000","Before","Australia",20
"GEN24_1026014","After","Australia",20
"GEN24_1026032","After","Australia",35
"GEN24_1026032","Before","Australia",35
"GEN24_1026067","Before","Australia",1
"GEN24_1026067","Before","Japan",17
"GEN24_1026071","Before","Australia",15
"GEN24_1026082","After","Australia",7
"GEN24_1026082","Before","Australia",90
"GEN24_1026087","After","Australia",1
"GEN24_1026087","Before","Australia",1
"GEN24_1026089","After","Australia",12
"GEN24_1026089","Before","Australia",4
"GEN24_1026109","After","Australia",12
"GEN24_1026116","Before","Australia",5
"GEN24_1026117","Before","Singapore",3
"GEN24_1026145","After","Australia",3
"GEN24_1026153","Before","Australia",1
"GEN24_1026183","After","Singapore",1
"GEN24_1026206","After","Malaysia",2
"GEN24_1026206","Before","Malaysia",4
"GEN24_1026221","After","Australia",1
"GEN24_1026223","After","Australia",10
"GEN24_1026234","After","Australia",6
"GEN24_1026234","After","United Arab Emirates",1
"GEN24_1026234","Before","Singapore",3
"GEN24_1026262","After","Serbia",19
"GEN24_1026262","Before","Australia",99
"GEN24_1026282","After","Korea, Republic of",1
"GEN24_1026282","Before","Switzerland",1
"GEN24_1026285","Before","Australia",7
"GEN24_1026298","After","United States of America",1
"GEN24_1026301","After","United States of America",1
"GEN24_1026306","After","Singapore",1
"GEN24_1026306","Before","Thailand",55
"GEN24_1026327","After","Australia",15
"GEN24_1026327","Before","Australia",1
"GEN24_1026349","Before","Australia",5
"GEN24_1026350","Before","Australia",13
"GEN24_1026354","Before","Australia",16
"GEN24_1026354","Before","Indonesia",6
"GEN24_1026354","Before","Turkey",3
"GEN24_1026357","After","Australia",14
"GEN24_1026357","After","Samoa",8
"GEN24_1026395","After","Australia",6
"GEN24_1026402","Before","Malaysia",3
"GEN24_1026425","After","Australia",1
"GEN24_1026437","Before","Australia",4
"GEN24_1026440","After","Australia",22
"GEN24_1026460","After","Fiji",12
"GEN24_1026484","After","Australia",1
"GEN24_1026484","Before","Australia",1
"GEN24_1026499","After","Australia",3
"GEN24_1026499","Before","Singapore",2
"GEN24_1026502","Before","Australia",15
"GEN24_1026513","After","Australia",1
"GEN24_1026513","Before","Australia",1
"GEN24_1026513","Before","Nepal",16
"GEN24_1026521","Before","Australia",5
"GEN24_1026532","Before","India",15
"GEN24_1026542","After","Australia",60
"GEN24_1026542","Before","Dominican Republic",7
"GEN24_1026542","Before","Mexico",7
"GEN24_1026581","After","Singapore",1
"GEN24_1026581","Before","Singapore",1
"GEN24_1026581","Before","South Africa",1
"GEN24_1026586","After","Singapore",1
"GEN24_1026586","Before","Singapore",2
"GEN24_1026588","Before","Singapore",3
"GEN24_1026598","After","Australia",3
"GEN24_1026602","After","Australia",1
"GEN24_1026603","After","Australia",3
"GEN24_1026603","Before","Cambodia",12
"GEN24_1026603","Before","Philippines",14
"GEN24_1026603","Before","Thailand",25
"GEN24_1026603","Before","Viet Nam",30
"GEN24_1026624","After","Fiji",5
"GEN24_1026624","After","Tonga",6
"GEN24_1026624","After","United States of America",1
"GEN24_1026624","Before","Australia",35
"GEN24_1026624","Before","United Arab Emirates",1
"GEN24_1026628","After","Australia",1
"GEN24_1026628","Before","Australia",1
"GEN24_1026653","After","United States of America",5
"GEN24_1026691","After","Japan",7
"GEN24_1026717","Before","Canada",5
"GEN24_1026717","Before","England",5
"GEN24_1026717","Before","Germany",2
"GEN24_1026717","Before","India",25
"GEN24_1026717","Before","United States of America",98
"GEN24_1026772","After","Australia",5
"GEN24_1026772","Before","Australia",1
"GEN24_1026776","After","Australia",3
"GEN24_1026821","After","Fiji",30
"GEN24_1026821","Before","Fiji",80
"GEN24_1026881","Before","Australia",13
"GEN24_1026890","Before","Australia",7
"GEN24_1026927","After","Australia",5
"GEN24_1026927","Before","Singapore",2
"GEN24_1026942","After","Viet Nam",29
"GEN24_1026942","Before","Australia",5
"GEN24_1026973","Before","Indonesia",5
"GEN24_1026974","After","Singapore",3
"GEN24_1027018","After","Singapore",3
"GEN24_1027034","After","Australia",3
"GEN24_1027034","After","Indonesia",50
"GEN24_1027034","After","Thailand",14
"GEN24_1027034","After","Viet Nam",14
"GEN24_1027034","Before","United States of America",99
"GEN24_1027041","After","Australia",2
"GEN24_1027041","Before","Australia",6
"GEN24_1027060","After","Australia",6
"GEN24_1027060","Before","Australia",1
"GEN24_1027074","After","Australia",7
"GEN24_1027082","Before","Malaysia",2
"GEN24_1027094","Before","Malaysia",16
"GEN24_1027137","Before","Australia",25
"GEN24_1027137","Before","Thailand",26
"GEN24_1027137","Before","Viet Nam",29
"GEN24_1027144","Before","Australia",12
"GEN24_1027162","After","Cook Islands",9
"GEN24_1027202","Before","Australia",1
"GEN24_1027204","Before","Australia",1
"GEN24_1027210","After","Fiji",8
"GEN24_1027210","After","Indonesia",21
"GEN24_1027210","Before","Australia",20
"GEN24_1027210","Before","Thailand",26
"GEN24_1027225","After","India",4
"GEN24_1027225","After","Indonesia",7
"GEN24_1027225","After","Philippines",5
"GEN24_1027225","After","United Arab Emirates",3
"GEN24_1027225","Before","United States of America",7
"GEN24_1027227","After","Australia",1
"GEN24_1027281","Before","Australia",1
"GEN24_1027285","After","Australia",6
"GEN24_1027285","Before","Australia",6
"GEN24_1027285","Before","Germany",6
"GEN24_1027285","Before","Slovenia",64
"GEN24_1027286","After","Australia",10
"GEN24_1027286","Before","Australia",20
"GEN24_1027300","Before","Australia",60
"GEN24_1027302","Before","Australia",90
"GEN24_1027315","After","Australia",1
"GEN24_1027315","Before","Australia",2
"GEN24_1027321","Before","Australia",1
"GEN24_1027328","After","United States of America",5
"GEN24_1027332","After","United States of America",1
"GEN24_1027332","Before","United States of America",1
"GEN24_1027348","Before","Korea, Republic of",6
"GEN24_1027357","Before","Australia",45
"GEN24_1027411","Before","Australia",1
"GEN24_1027429","After","Australia",10
"GEN24_1027445","After","Australia",4
"GEN24_1027445","After","Indonesia",6
"GEN24_1027445","Before","Australia",4
"GEN24_1027445","Before","Indonesia",6
"GEN24_1027445","Before","Laos",12
"GEN24_1027445","Before","Thailand",10
"GEN24_1027445","Before","Viet Nam",7
"GEN24_1027474","After","Singapore",2
"GEN24_1027474","Before","Singapore",2
"GEN24_1027510","After","Fiji",9
"GEN24_1027510","Before","Germany",1
"GEN24_1027531","After","Australia",1
"GEN24_1027531","Before","Australia",3
"GEN24_1027534","After","Australia",20
"GEN24_1027534","Before","South Africa",20
"GEN24_1027541","After","United States of America",36
"GEN24_1027541","Before","Australia",10
"GEN24_1027645","After","India",31
"GEN24_1027645","Before","England",31
"GEN24_1027671","After","Japan",1
"GEN24_1027715","After","Australia",10
"GEN24_1027718","After","Indonesia",30
"GEN24_1027718","Before","Australia",10
"GEN24_1027743","Before","Australia",1
"GEN24_1027753","Before","Australia",7
"GEN24_1027754","Before","Netherlands Antilles",7
"GEN24_1027754","Before","United States of America",30
"GEN24_1027761","Before","England",1
"GEN24_1027773","Before","United States of America",3
"GEN24_1027783","After","Hong Kong (Special Administrative Region)",1
"GEN24_1027798","After","Australia",14
"GEN24_1027805","After","Australia",9
"GEN24_1027821","After","Singapore",3
"GEN24_1027835","After","Australia",1
"GEN24_1027835","Before","Australia",1
"GEN24_1027850","Before","Australia",1
"GEN24_1027855","After","Fiji",10
"GEN24_1027855","After","Samoa",20
"GEN24_1027867","Before","Australia",12
"GEN24_1027882","After","Fiji",1
"GEN24_1027882","Before","Australia",7
"GEN24_1027903","After","Japan",5
"GEN24_1027903","Before","Australia",7
"GEN24_1027907","After","Japan",35
"GEN24_1027907","Before","Australia",12
"GEN24_1027918","After","Singapore",99
"GEN24_1027918","Before","Singapore",99
"GEN24_1027943","After","Australia",4
"GEN24_1027954","After","Australia",4
"GEN24_1027954","Before","French Polynesia",7
"GEN24_1027962","After","Australia",10
"GEN24_1027972","After","Australia",1
"GEN24_1027972","Before","Australia",1
"GEN24_1027986","After","South Africa",30
"GEN24_1027986","Before","Australia",30
"GEN24_1027986","Before","South Africa",30
"GEN24_1027990","After","England",1
"GEN24_1027990","Before","Australia",36
"GEN24_1028015","Before","Sri Lanka",5
"GEN24_1028032","After","Australia",4
"GEN24_1028053","After","Taiwan",10
"GEN24_1028053","Before","Taiwan",10
"GEN24_1028059","After","Singapore",1
"GEN24_1028059","Before","Switzerland",4
"GEN24_1028071","Before","Singapore",1
"GEN24_1028098","After","Australia",5
"GEN24_1028098","Before","Australia",2
"GEN24_1028143","Before","Cook Islands",10
"GEN24_1028162","After","Australia",99
"GEN24_1028162","Before","Australia",99
"GEN24_1028167","After","Australia",1
"GEN24_1028167","Before","Australia",1
"GEN24_1028177","After","Australia",1
"GEN24_1028177","Before","Australia",1
"GEN24_1028199","Before","Australia",10
"GEN24_1028199","Before","Philippines",10
"GEN24_1028224","Before","Australia",44
"GEN24_1028250","Before","Australia",4
"GEN24_1028256","After","Qatar",1
"GEN24_1028256","Before","Qatar",1
"GEN24_1028276","After","New Caledonia",15
"GEN24_1028276","Before","New Caledonia",1
"GEN24_1028289","After","Singapore",3
"GEN24_1028309","After","Japan",5
"GEN24_1028309","After","United States of America",8
"GEN24_1028309","Before","Australia",3
"GEN24_1028309","Before","Japan",5
"GEN24_1028319","After","New Caledonia",6
"GEN24_1028319","Before","French Polynesia",9
"GEN24_1028324","After","Australia",8
"GEN24_1028324","Before","Australia",8
"GEN24_1028330","After","Australia",1
"GEN24_1028330","Before","Australia",1
"GEN24_1028335","After","Singapore",1
"GEN24_1028335","Before","Indonesia",1
"GEN24_1028347","Before","Singapore",3
"GEN24_1028361","After","Fiji",3
"GEN24_1028377","After","Australia",60
"GEN24_1028390","After","Australia",1
"GEN24_1028390","Before","Australia",1
"GEN24_1028395","Before","Singapore",1
"GEN24_1028417","After","Fiji",14
"GEN24_1028417","Before","Australia",50
"GEN24_1028440","Before","Singapore",2
"GEN24_1028441","Before","Singapore",3
"GEN24_1028446","Before","Germany",3
"GEN24_1028485","After","Australia",10
"GEN24_1028485","Before","Australia",10
"GEN24_1028506","Before","Australia",5
"GEN24_1028510","Before","New Caledonia",5
"GEN24_1028562","Before","Australia",10
"GEN24_1028581","After","Australia",10
"GEN24_1028581","Before","Australia",7
"GEN24_1028611","Before","Spain",14
"GEN24_1028635","Before","Australia",5
"GEN24_1028636","After","Australia",1
"GEN24_1028636","Before","Australia",5
"GEN24_1028648","After","Australia",10
"GEN24_1028680","Before","Australia",6
"GEN24_1028684","After","United States of America",3
"GEN24_1028684","Before","United States of America",3
"GEN24_1028691","After","French Polynesia",7
"GEN24_1028745","After","Australia",30
"GEN24_1028745","Before","Australia",20
"GEN24_1028748","After","Australia",2
"GEN24_1028755","After","Australia",7
"GEN24_1028760","Before","Austria",3
"GEN24_1028760","Before","Germany",3
"GEN24_1028760","Before","Greece",10
"GEN24_1028760","Before","Italy",7
"GEN24_1028769","After","Fiji",2
"GEN24_1028769","After","United States of America",3
"GEN24_1028769","Before","Australia",5
"GEN24_1028769","Before","Germany",1
"GEN24_1028769","Before","India",2
"GEN24_1028769","Before","Malaysia",2
"GEN24_1028792","After","England",8
"GEN24_1028792","After","Norway",12
"GEN24_1028792","After","Singapore",3
"GEN24_1028792","After","United States of America",12
"GEN24_1028793","Before","Australia",8
"GEN24_1028841","After","Australia",9
"GEN24_1028862","After","Singapore",1
"GEN24_1028862","After","Thailand",17
"GEN24_1028867","Before","Australia",6
"GEN24_1028887","After","Fiji",1
"GEN24_1028901","After","United States of America",5
"GEN24_1028901","Before","United States of America",5
"GEN24_1028916","Before","Australia",1
"GEN24_1028943","After","Australia",28
"GEN24_1028943","After","United States of America",10
"GEN24_1028943","Before","Australia",90
"GEN24_1028943","Before","Indonesia",13
"GEN24_1028970","Before","Australia",1
"GEN24_1028979","After","Australia",1
"GEN24_1028979","Before","Australia",3
"GEN24_1029001","After","Australia",10
"GEN24_1029001","Before","Australia",10
"GEN24_1029010","After","Australia",4
"GEN24_1029018","After","Australia",2
"GEN24_1029018","Before","Australia",2
"GEN24_1029025","After","Fiji",5
"GEN24_1029042","After","Australia",6
"GEN24_1029044","Before","Australia",5
"GEN24_1029057","After","Singapore",3
"GEN24_1029075","Before","Australia",6
"GEN24_1029084","After","Fiji",6
"GEN24_1029086","After","Australia",29
"GEN24_1029114","Before","Australia",3
"GEN24_1029133","Before","Australia",20
"GEN24_1029139","Before","United States of America",9
"GEN24_1029154","After","Australia",1
"GEN24_1029154","Before","Australia",1
"GEN24_1029176","After","Australia",18
"GEN24_1029176","After","Fiji",1
"GEN24_1029206","After","Australia",3
"GEN24_1029206","Before","Australia",1
"GEN24_1029271","After","Australia",31
"GEN24_1029271","Before","Australia",99
"GEN24_1029320","Before","Australia",3
"GEN24_1029333","After","Australia",20
"GEN24_1029333","Before","Australia",20
"GEN24_1029333","Before","Indonesia",10
"GEN24_1029334","After","Australia",1
"GEN24_1029334","Before","Australia",1
"GEN24_1029356","After","Australia",99
"GEN24_1029356","Before","Australia",99
"GEN24_1029376","After","Viet Nam",30
"GEN24_1029387","After","Australia",21
"GEN24_1029387","After","Japan",10
"GEN24_1029405","After","Fiji",4
"GEN24_1029492","After","Japan",21
"GEN24_1029492","Before","Switzerland",1
"GEN24_1029501","Before","Japan",10
"GEN24_1029501","Before","Thailand",4
"GEN24_1029509","Before","United States of America",1
"GEN24_1029540","Before","Australia",1
"GEN24_1029543","After","Australia",10
"GEN24_1029543","Before","Fiji",30
"GEN24_1029549","After","Malaysia",3
"GEN24_1029549","Before","Australia",10
"GEN24_1029549","Before","Malaysia",5
"GEN24_1029554","Before","Nepal",30
"GEN24_1029580","Before","Australia",4
"GEN24_1029580","Before","Indonesia",8
"GEN24_1029598","Before","United States of America",1
"GEN24_1029612","Before","Canada",29
"GEN24_1029612","Before","United States of America",16
"GEN24_1029637","After","Australia",2
"GEN24_1029637","After","Singapore",1
"GEN24_1029637","Before","Australia",8
"GEN24_1029641","Before","Australia",4
"GEN24_1029688","Before","Hong Kong (Special Administrative Region)",1
"GEN24_1029688","Before","Japan",1
"GEN24_1029779","After","Malaysia",1
"GEN24_1029779","Before","Australia",7
"GEN24_1029847","After","Australia",4
"GEN24_1029847","Before","Australia",12
"GEN24_1029877","After","Australia",3
"GEN24_1029877","Before","Australia",3
"GEN24_1029950","After","Singapore",4
"GEN24_1029950","After","Thailand",30
"GEN24_1029950","Before","Costa Rica",55
"GEN24_1029950","Before","Cuba",26
"GEN24_1029950","Before","Panama",5
"GEN24_1029950","Before","United States of America",11
"GEN24_1029980","After","Italy",4
"GEN24_1029980","Before","Italy",14
"GEN24_1029989","Before","Australia",11
"GEN24_1029996","Before","United Arab Emirates",1
"GEN24_1029999","After","Australia",70
"GEN24_1029999","Before","Australia",70
"GEN24_1030063","After","Australia",7
"GEN24_1030063","After","Indonesia",10
"GEN24_1030064","After","Australia",4
"GEN24_1030078","After","Cook Islands",6
"GEN24_1030122","After","Singapore",4
"GEN24_1030168","After","Australia",3
"GEN24_1030183","After","Fiji",8
"GEN24_1030198","Before","United Arab Emirates",1
"GEN24_1030199","After","France",10
"GEN24_1030199","After","Greece",7
"GEN24_1030199","Before","Korea, Republic of",15
"GEN24_1030220","After","Thailand",11
"GEN24_1030220","Before","Australia",90
"GEN24_1030224","After","Hong Kong (Special Administrative Region)",1
"GEN24_1030238","After","Singapore",1
"GEN24_1030238","Before","Singapore",3
"GEN24_1030270","Before","Australia",60
"GEN24_1030287","After","Malaysia",1
"GEN24_1030310","Before","Australia",11
"GEN24_1030358","After","Singapore",2
"GEN24_1030380","After","Fiji",4
"GEN24_1030391","After","Australia",5
"GEN24_1030441","After","Cook Islands",15
"GEN24_1030483","After","Australia",4
"GEN24_1030539","Before","Australia",1
"GEN24_1030542","Before","Fiji",21
"GEN24_1030546","Before","Indonesia",7
"GEN24_1030551","After","Australia",1
"GEN24_1030551","Before","Australia",1
"GEN24_1030571","After","Fiji",6
"GEN24_1030585","After","Australia",10
"GEN24_1030585","Before","Australia",10
"GEN24_1030586","After","Australia",6
"GEN24_1030624","After","Australia",75
"GEN24_1030624","Before","Australia",60
"GEN24_1030630","After","Australia",99
"GEN24_1030630","Before","Australia",90
"GEN24_1030638","After","Australia",5
"GEN24_1030645","After","Australia",1
"GEN24_1030647","After","Australia",4
"GEN24_1030661","Before","United Arab Emirates",20
"GEN24_1030732","After","Australia",1
"GEN24_1030738","Before","Singapore",3
"GEN24_1030755","After","Falkland Islands",4
"GEN24_1030761","After","Australia",3
"GEN24_1030776","After","Australia",7
"GEN24_1030800","After","Australia",6
"GEN24_1030800","Before","Australia",6
"GEN24_1030840","After","Australia",1
"GEN24_1030894","Before","Australia",5
"GEN24_1030914","Before","Australia",3
"GEN24_1030918","After","Australia",9
"GEN24_1030953","Before","England",5
"GEN24_1030953","Before","Ireland",5
"GEN24_1030953","Before","Northern Ireland",3
"GEN24_1030953","Before","Scotland",5
"GEN24_1031003","After","Australia",12
"GEN24_1031020","Before","Australia",6
"GEN24_1031050","After","India",15
"GEN24_1031050","Before","India",1
"GEN24_1031070","After","Singapore",1
"GEN24_1031070","Before","Singapore",1
"GEN24_1031075","Before","French Polynesia",1
"GEN24_1031078","After","Indonesia",5
"GEN24_1031081","After","Australia",2
"GEN24_1031081","After","Malaysia",2
"GEN24_1031081","Before","Australia",5
"GEN24_1031081","Before","Singapore",5
"GEN24_1031082","After","Fiji",1
"GEN24_1031114","After","Singapore",3
"GEN24_1031114","Before","Singapore",1
"GEN24_1031129","Before","Sri Lanka",13
"GEN24_1031172","After","Germany",30
"GEN24_1031182","After","Australia",10
"GEN24_1031182","After","Fiji",8
"GEN24_1031182","Before","Taiwan",14
"GEN24_1031242","After","Australia",90
"GEN24_1031242","Before","Australia",90
"GEN24_1031291","After","Australia",9
"GEN24_1031291","Before","Australia",7
"GEN24_1031305","After","Australia",15
"GEN24_1031305","After","Canada",90
"GEN24_1031305","After","Hong Kong (Special Administrative Region)",10
"GEN24_1031305","After","India",90
"GEN24_1031305","Before","Australia",30
"GEN24_1031305","Before","England",10
"GEN24_1031305","Before","Japan",30
"GEN24_1031305","Before","United States of America",10
"GEN24_1031307","After","Australia",3
"GEN24_1031314","After","United States of America",1
"GEN24_1031329","Before","Australia",7
"GEN24_1031414","After","Australia",3
"GEN24_1031448","Before","Australia",1
"GEN24_1031449","After","Australia",30
"GEN24_1031455","After","Australia",12
"GEN24_1031479","After","Australia",7
"GEN24_1031511","After","Singapore",1
"GEN24_1031520","After","Australia",68
"GEN24_1031545","After","Australia",99
"GEN24_1031566","Before","Fiji",6
"GEN24_1031619","After","Singapore",1
"GEN24_1031630","Before","Singapore",2
"GEN24_1031725","Before","Australia",1
"GEN24_1031801","Before","United States of America",1
"GEN24_1031806","Before","Australia",35
"GEN24_1031840","Before","Australia",30
"GEN24_1031866","Before","Australia",2
"GEN24_1031866","Before","Cambodia",2
"GEN24_1031866","Before","Fiji",4
"GEN24_1031869","After","Australia",1
"GEN24_1031869","Before","Australia",15
"GEN24_1031877","Before","Papua New Guinea",3
"GEN24_1031877","Before","Solomon Islands",1
"GEN24_1031890","After","Australia",30
"GEN24_1031895","Before","Australia",1
"GEN24_1031905","Before","Australia",10
"GEN24_1031912","After","Australia",14
"GEN24_1031918","After","French Polynesia",5
"GEN24_1031918","Before","Australia",5
"GEN24_1031932","After","Australia",1
"GEN24_1031983","After","Australia",2
"GEN24_1031983","Before","United Arab Emirates",1
"GEN24_1032102","After","Singapore",30
"GEN24_1032102","Before","Singapore",30
"GEN24_1032135","Before","United Arab Emirates",1
"GEN24_1032137","After","Australia",1
"GEN24_1032137","Before","Australia",1
"GEN24_1032165","After","Philippines",3
"GEN24_1032165","Before","Hong Kong (Special Administrative Region)",3
"GEN24_1032288","Before","Fiji",1
"GEN24_1032322","After","Australia",1
"GEN24_1032322","Before","Australia",1
"GEN24_1032348","Before","Australia",14
"GEN24_1032359","Before","Australia",7
"GEN24_1032359","Before","England",8
"GEN24_1032359","Before","Italy",4
"GEN24_1032359","Before","Switzerland",5
"GEN24_1032382","After","Japan",14
"GEN24_1032421","After","United States of America",1
"GEN24_1032421","Before","Fiji",4
"GEN24_1032431","Before","United States of America",2
"GEN24_1032437","After","United States of America",7
"GEN24_1032437","Before","Australia",30
"GEN24_1032439","After","Canada",1
"GEN24_1032439","After","United States of America",3
"GEN24_1032439","Before","Australia",23
"GEN24_1032439","Before","Fiji",2
"GEN24_1032439","Before","United States of America",1
"GEN24_1032456","Before","Australia",8
"GEN24_1032502","Before","Australia",70
"GEN24_1032506","After","United States of America",1
"GEN24_1032515","After","Australia",30
"GEN24_1032515","After","Ireland",20
"GEN24_1032541","Before","Fiji",10
"GEN24_1032559","Before","New Caledonia",1
"GEN24_1032599","After","Australia",1
"GEN24_1032716","Before","Australia",60
"GEN24_1032726","After","Singapore",2
"GEN24_1032726","Before","Australia",4
"GEN24_1032755","After","Australia",21
"GEN24_1032766","After","England",1
"GEN24_1032778","After","Fiji",4
"GEN24_1032778","After","United States of America",1
"GEN24_1032778","Before","Fiji",15
"GEN24_1032778","Before","United States of America",3
"GEN24_1032800","Before","Australia",4
"GEN24_1032847","After","Australia",1
"GEN24_1032847","Before","Australia",1
"GEN24_1032874","After","Australia",4
"GEN24_1032908","Before","United States of America",4
"GEN24_1032913","Before","Australia",1
"GEN24_1032957","After","Australia",1
"GEN24_1032957","Before","Australia",1
"GEN24_1032966","After","Australia",2
"GEN24_1033007","After","New Caledonia",13
"GEN24_1033007","Before","New Caledonia",6
"GEN24_1033010","After","Indonesia",6
"GEN24_1033010","After","Singapore",3
"GEN24_1033010","Before","Singapore",1
"GEN24_1033016","Before","Australia",14
"GEN24_1033019","After","United States of America",1
"GEN24_1033068","Before","Australia",1
"GEN24_1033074","Before","Australia",10
"GEN24_1033080","Before","Australia",7
"GEN24_1033100","After","Australia",1
"GEN24_1033100","Before","Australia",2
"GEN24_1033105","Before","Australia",4
"GEN24_1033132","After","Australia",1
"GEN24_1033132","After","China, People's Republic of",1
"GEN24_1033132","Before","Canada",2
"GEN24_1033132","Before","Fiji",4
"GEN24_1033132","Before","United States of America",9
"GEN24_1033133","After","Australia",36
"GEN24_1033151","Before","Australia",1
"GEN24_1033151","Before","China, People's Republic of",1
"GEN24_1033155","After","Cook Islands",7
"GEN24_1033173","Before","Australia",12
"GEN24_1033176","Before","Australia",10
"GEN24_1033183","Before","Japan",7
"GEN24_1033221","After","Australia",5
"GEN24_1033221","Before","Australia",5
"GEN24_1033258","After","Australia",5
"GEN24_1033258","Before","Indonesia",6
"GEN24_1033258","Before","Malaysia",5
"GEN24_1033263","After","Fiji",3
"GEN24_1033266","Before","Australia",6
"GEN24_1033274","After","Philippines",20
"GEN24_1033274","Before","Israel",14
"GEN24_1033312","After","Korea, Republic of",30
"GEN24_1033312","Before","Australia",30
"GEN24_1033320","After","Singapore",4
"GEN24_1033332","After","Australia",14
"GEN24_1033332","Before","Australia",14
"GEN24_1033336","After","Australia",14
"GEN24_1033336","After","Indonesia",6
"GEN24_1033336","After","Turkey",10
"GEN24_1033338","After","Australia",4
"GEN24_1033342","After","Hong Kong (Special Administrative Region)",3
"GEN24_1033342","Before","Australia",30
"GEN24_1033354","Before","Fiji",7
"GEN24_1033356","After","Australia",5
"GEN24_1033361","Before","Australia",5
"GEN24_1033421","After","Australia",4
"GEN24_1033438","After","Australia",9
"GEN24_1033448","After","Australia",7
"GEN24_1033452","Before","Australia",1
"GEN24_1033471","After","Australia",5
"GEN24_1033471","Before","Australia",3
"GEN24_1033481","After","Australia",9
"GEN24_1033481","Before","Australia",4
"GEN24_1033482","After","Australia",10
"GEN24_1033482","Before","Australia",4
"GEN24_1033486","After","South Africa",2
"GEN24_1033486","Before","Australia",23
"GEN24_1033490","After","Australia",3
"GEN24_1033490","Before","Australia",5
"GEN24_1033493","After","United States of America",5
"GEN24_1033607","After","Australia",8
"GEN24_1033679","Before","Australia",11
"GEN24_1033687","Before","Maldives",6
"GEN24_1033687","Before","Singapore",1
"GEN24_1033687","Before","Thailand",8
"GEN24_1033687","Before","Viet Nam",8
"GEN24_1033693","Before","United States of America",15
"GEN24_1033756","After","Australia",1
"GEN24_1033788","After","United States of America",2
"GEN24_1033788","Before","Germany",1
"GEN24_1033788","Before","United States of America",5
"GEN24_1033798","After","United States of America",2
"GEN24_1033798","Before","Tonga",10
"GEN24_1033816","After","Australia",5
"GEN24_1033856","Before","Australia",1
"GEN24_1033890","Before","Australia",7
"GEN24_1033916","After","Australia",5
"GEN24_1033917","Before","Australia",10
"GEN24_1033919","Before","Australia",7
"GEN24_1033922","After","United States of America",7
"GEN24_1033922","Before","United States of America",7
"GEN24_1033932","Before","Australia",34
"GEN24_1033974","Before","Australia",7
"GEN24_1034005","After","Australia",10
"GEN24_1034031","After","Singapore",1
"GEN24_1034031","Before","Singapore",1
"GEN24_1034088","After","Singapore",2
"GEN24_1034088","Before","Australia",10
"GEN24_1034088","Before","Singapore",1
"GEN24_1034099","After","Australia",13
"GEN24_1034099","Before","United States of America",7
"GEN24_1034102","Before","Australia",1
"GEN24_1034103","After","Australia",4
"GEN24_1034103","Before","Australia",4
"GEN24_1034110","Before","Australia",7
"GEN24_1034113","After","Australia",5
"GEN24_1034121","Before","Australia",4
"GEN24_1034121","Before","Singapore",3
"GEN24_1034122","After","Australia",18
"GEN24_1034125","After","Australia",15
"GEN24_1034131","Before","England",10
"GEN24_1034131","Before","Japan",6
"GEN24_1034131","Before","Switzerland",8
"GEN24_1034166","After","China, People's Republic of",3
"GEN24_1034173","Before","Fiji",4
"GEN24_1034176","After","Australia",12
"GEN24_1034176","Before","Australia",12
"GEN24_1034205","After","Australia",3
"GEN24_1034239","Before","Australia",7
"GEN24_1034239","Before","Austria",4
"GEN24_1034239","Before","Singapore",3
"GEN24_1034286","After","Singapore",3
"GEN24_1034286","Before","Australia",99
"GEN24_1034287","Before","Australia",13
"GEN24_1034319","After","Australia",19
"GEN24_1034319","Before","Australia",4
"GEN24_1034320","After","Australia",16
"GEN24_1034320","After","Indonesia",12
"GEN24_1034331","After","Singapore",7
"GEN24_1034331","Before","Singapore",1
"GEN24_1034335","After","Australia",5
"GEN24_1034335","After","Fiji",3
"GEN24_1034338","After","Australia",30
"GEN24_1034338","Before","Australia",30
"GEN24_1034361","Before","Singapore",1
"GEN24_1034412","After","Australia",8
"GEN24_1034412","Before","Australia",8
"GEN24_1034428","Before","Australia",6
"GEN24_1034428","Before","Malaysia",3
"GEN24_1034428","Before","Thailand",10
"GEN24_1034428","Before","Viet Nam",3
"GEN24_1034432","Before","United States of America",10
"GEN24_1034438","After","Singapore",3
"GEN24_1034451","After","Australia",3
"GEN24_1034473","After","Australia",1
"GEN24_1034473","After","Fiji",2
"GEN24_1034473","Before","Australia",8
"GEN24_1034493","After","Australia",4
"GEN24_1034494","After","Australia",1
"GEN24_1034494","Before","Australia",19
"GEN24_1034506","Before","Taiwan",90
"GEN24_1034558","Before","Thailand",10
"GEN24_1034562","Before","Australia",30
"GEN24_1034572","After","Australia",1
"GEN24_1034574","After","Australia",14
"GEN24_1034587","Before","Australia",4
"GEN24_1034590","Before","Australia",10
"GEN24_1034591","After","Australia",8
"GEN24_1034600","After","Canada",8
"GEN24_1034600","After","France",2
"GEN24_1034600","After","Germany",4
"GEN24_1034600","After","Spain",7
"GEN24_1034623","Before","Japan",1
"GEN24_1034677","After","Cook Islands",10
"GEN24_1034677","Before","Australia",1
"GEN24_1034677","Before","Palau",14
"GEN24_1034677","Before","Taiwan",1
"GEN24_1034687","Before","Australia",12
"GEN24_1034713","After","Australia",1
"GEN24_1034713","After","United Arab Emirates",2
"GEN24_1034713","Before","United States of America",2
"GEN24_1034716","After","Australia",2
"GEN24_1034726","After","Australia",1
"GEN24_1034726","Before","Australia",1
"GEN24_1034747","After","Australia",1
"GEN24_1034747","Before","Australia",14
"GEN24_1034771","After","Australia",4
"GEN24_1034771","Before","Australia",4
"GEN24_1034773","Before","United States of America",99
"GEN24_1034778","After","Australia",12
"GEN24_1034820","After","Vanuatu",4
"GEN24_1034820","Before","Canada",2
"GEN24_1034831","Before","Singapore",4
"GEN24_1034835","After","Australia",4
"GEN24_1034839","After","Australia",8
"GEN24_1034839","Before","Australia",8
"GEN24_1034850","After","Australia",2
"GEN24_1034850","Before","Australia",4
"GEN24_1034850","Before","Papua New Guinea",30
"GEN24_1034858","After","Australia",1
"GEN24_1034858","Before","Australia",1
"GEN24_1034861","After","Australia",24
"GEN24_1034861","Before","Australia",24
"GEN24_1034872","After","Australia",5
"GEN24_1034875","Before","Thailand",11
"GEN24_1034875","Before","United States of America",11
"GEN24_1034882","Before","Australia",10
"GEN24_1034892","After","United States of America",3
"GEN24_1034892","Before","Australia",21
"GEN24_1034896","After","Fiji",11
"GEN24_1034896","After","United States of America",9
"GEN24_1034906","After","Australia",3
"GEN24_1034909","After","Australia",20
"GEN24_1034909","After","Fiji",10
"GEN24_1034923","After","Australia",10
"GEN24_1034923","Before","Australia",21
"GEN24_1034924","After","Australia",7
"GEN24_1034924","Before","United States of America",7
"GEN24_1034927","After","Australia",6
"GEN24_1034930","After","Australia",15
"GEN24_1034935","Before","Australia",10
"GEN24_1034940","After","Fiji",28
"GEN24_1034940","Before","Fiji",28
"GEN24_1034981","After","Australia",9
"GEN24_1034991","After","Indonesia",1
"GEN24_1034999","After","Singapore",1
"GEN24_1034999","Before","Hong Kong (Special Administrative Region)",1
"GEN24_1035008","Before","Australia",4
"GEN24_1035043","After","Australia",5
"GEN24_1035046","After","Australia",4
"GEN24_1035070","Before","Australia",7
"GEN24_1035082","After","Australia",4
"GEN24_1035082","Before","Australia",4
"GEN24_1035087","After","Australia",5
"GEN24_1035087","Before","Canada",1
"GEN24_1035089","After","Australia",8
"GEN24_1035103","Before","Australia",4
"GEN24_1035107","Before","Australia",4
"GEN24_1035114","After","United States of America",1
"GEN24_1035114","Before","Portugal",6
"GEN24_1035114","Before","Spain",1
"GEN24_1035114","Before","United States of America",1
"GEN24_1035127","Before","Australia",7
"GEN24_1035168","Before","Australia",43
"GEN24_1035176","Before","Australia",9
"GEN24_1035176","Before","Fiji",9
"GEN24_1035196","After","Australia",5
"GEN24_1035205","Before","Singapore",4
"GEN24_1035217","After","Australia",4
"GEN24_1035222","Before","Australia",13
"GEN24_1035242","After","Australia",19
"GEN24_1035244","After","Australia",8
"GEN24_1035244","Before","Indonesia",3
"GEN24_1035255","After","Australia",15
"GEN24_1035259","After","Australia",6
"GEN24_1035259","Before","Costa Rica",4
"GEN24_1035270","After","Australia",7
"GEN24_1035271","Before","Samoa",20
"GEN24_1035274","After","Australia",6
"GEN24_1035281","After","Fiji",6
"GEN24_1035281","After","India",14
"GEN24_1035286","After","Australia",20
"GEN24_1035286","Before","United States of America",20
"GEN24_1035294","After","Australia",1
"GEN24_1035313","After","Indonesia",7
"GEN24_1035316","After","Taiwan",4
"GEN24_1035338","Before","Tonga",7
"GEN24_1035363","After","Singapore",5
"GEN24_1035363","Before","Australia",14
"GEN24_1035367","After","Australia",28
"GEN24_1035367","Before","Australia",14
"GEN24_1035381","After","France",7
"GEN24_1035381","After","New Caledonia",30
"GEN24_1035381","Before","Australia",22
"GEN24_1035412","After","Singapore",1
"GEN24_1035433","Before","Australia",10
"GEN24_1035468","After","Australia",3
"GEN24_1035468","After","Indonesia",6
"GEN24_1035509","Before","Australia",14
"GEN24_1035539","After","Australia",7
"GEN24_1035546","After","Singapore",1
"GEN24_1035556","After","Cook Islands",10
"GEN24_1035556","After","Japan",7
"GEN24_1035556","Before","Cook Islands",10
"GEN24_1035556","Before","Japan",7
"GEN24_1035600","Before","France",8
"GEN24_1035600","Before","Netherlands",14
"GEN24_1035600","Before","Portugal",30
"GEN24_1035600","Before","Turkey",10
"GEN24_1035608","After","Singapore",1
"GEN24_1035625","After","Australia",21
"GEN24_1035625","Before","Australia",20
"GEN24_1035645","Before","Australia",35
"GEN24_1035645","Before","Singapore",3
"GEN24_1035695","After","Australia",99
"GEN24_1035695","Before","Australia",99
"GEN24_1035721","After","Australia",17
"GEN24_1035726","After","United States of America",4
"GEN24_1035726","Before","United States of America",3
"GEN24_1035743","After","Australia",1
"GEN24_1035743","Before","United States of America",52
"GEN24_1035747","Before","Germany",1
"GEN24_1035747","Before","United States of America",6
"GEN24_1035764","After","Australia",10
"GEN24_1035773","After","Australia",2
"GEN24_1035779","After","Australia",13
"GEN24_1035782","Before","Australia",1
"GEN24_1035800","After","Australia",21
"GEN24_1035800","After","Canada",14
"GEN24_1035800","After","United States of America",14
"GEN24_1035801","After","Australia",7
"GEN24_1035801","Before","Australia",6
"GEN24_1035821","Before","Australia",7
"GEN24_1035821","Before","Fiji",3
"GEN24_1035828","Before","China, People's Republic of",20
"GEN24_1035828","Before","Korea, Republic of",5
"GEN24_1035830","Before","Australia",15
"GEN24_1035859","After","Australia",30
"GEN24_1035871","After","Australia",6
"GEN24_1035871","Before","Australia",6
"GEN24_1035872","After","Australia",5
"GEN24_1035872","Before","Australia",5
"GEN24_1035876","Before","United States of America",1
"GEN24_1035887","Before","United Arab Emirates",1
"GEN24_1035889","Before","Australia",18
"GEN24_1035913","After","United States of America",1
"GEN24_1035919","After","Australia",10
"GEN24_1035933","Before","Australia",6
"GEN24_1035973","After","Fiji",6
"GEN24_1035973","Before","Japan",60
"GEN24_1035974","Before","Fiji",1
"GEN24_1036023","After","Australia",5
"GEN24_1036049","After","Australia",5
"GEN24_1036049","After","United States of America",1
"GEN24_1036049","Before","Australia",3
"GEN24_1036049","Before","United States of America",1
"GEN24_1036104","After","United States of America",1
"GEN24_1036104","Before","United States of America",3
"GEN24_1036105","Before","Australia",3
"GEN24_1036105","Before","United States of America",5
"GEN24_1036161","Before","Netherlands",21
"GEN24_1036164","After","Australia",3
"GEN24_1036164","Before","Australia",5
"GEN24_1036183","After","Australia",1
"GEN24_1036183","Before","Australia",1
"GEN24_1036198","After","Australia",1
"GEN24_1036198","Before","Australia",13
"GEN24_1036203","After","Australia",1
"GEN24_1036203","Before","Australia",1
"GEN24_1036206","After","Australia",1
"GEN24_1036206","Before","Australia",4
"GEN24_1036220","Before","Australia",7
"GEN24_1036227","After","Australia",5
"GEN24_1036227","Before","Australia",5
"GEN24_1036270","After","Australia",1
"GEN24_1036270","Before","Australia",1
"GEN24_1036275","Before","Australia",30
"GEN24_1036293","After","Australia",1
"GEN24_1036293","Before","Australia",14
"GEN24_1036302","After","Australia",7
"GEN24_1036302","Before","Australia",7
"GEN24_1036327","Before","United States of America",1
"GEN24_1036346","After","Australia",1
"GEN24_1036346","Before","Australia",1
"GEN24_1036502","After","Australia",30
"GEN24_1036502","Before","Australia",30
"GEN24_1036524","After","Iceland",7
"GEN24_1036524","After","Japan",7
"GEN24_1036524","Before","Japan",7
"GEN24_1036530","Before","Canada",4
"GEN24_1036530","Before","England",4
"GEN24_1036561","After","Singapore",1
"GEN24_1036573","After","Singapore",1
"GEN24_1036619","After","Australia",1
"GEN24_1036647","After","Australia",5
"GEN24_1036647","Before","Australia",6
"GEN24_1036720","After","Hong Kong (Special Administrative Region)",1
"GEN24_1036720","Before","Australia",43
"GEN24_1036720","Before","Canada",12
"GEN24_1036738","After","Australia",8
"GEN24_1036738","After","Singapore",4
"GEN24_1036869","After","Australia",36
"GEN24_1036887","After","Japan",10
"GEN24_1036905","Before","Australia",15
"GEN24_1036917","After","Australia",14
"GEN24_1036917","Before","Australia",9
"GEN24_1036946","Before","Australia",10
"GEN24_1036949","Before","Cook Islands",11
"GEN24_1036992","After","Japan",30
"GEN24_1036992","Before","Korea, Republic of",10
"GEN24_1037041","After","Australia",10
"GEN24_1037060","Before","Australia",5
"GEN24_1037064","After","United States of America",3
"GEN24_1037064","Before","Canada",8
"GEN24_1037123","After","United Arab Emirates",4
"GEN24_1037123","Before","United Arab Emirates",1
"GEN24_1037137","After","Singapore",2
"GEN24_1037156","After","Australia",1
"GEN24_1037166","After","Australia",10
"GEN24_1037167","After","Australia",1
"GEN24_1037167","Before","Australia",1
"GEN24_1037174","Before","Australia",6
"GEN24_1037182","After","United States of America",5
"GEN24_1037182","Before","United States of America",7
"GEN24_1037191","Before","Australia",6
"GEN24_1037196","Before","Australia",6
"GEN24_1037233","Before","Australia",16
"GEN24_1037261","After","Australia",1
"GEN24_1037263","After","Australia",1
"GEN24_1037263","Before","Australia",1
"GEN24_1037297","After","Canada",10
"GEN24_1037297","Before","Canada",30
"GEN24_1037310","After","Australia",10
"GEN24_1037310","Before","Australia",10
"GEN24_1037317","After","Fiji",13
"GEN24_1037329","After","England",1
"GEN24_1037329","After","Singapore",4
"GEN24_1037329","Before","Australia",6
"GEN24_1037329","Before","England",1
"GEN24_1037345","After","Fiji",5
"GEN24_1037345","Before","Australia",5
"GEN24_1037349","After","Australia",36
"GEN24_1037349","Before","Australia",36
"GEN24_1037373","After","United States of America",19
"GEN24_1037399","After","Australia",14
"GEN24_1037412","Before","Japan",8
"GEN24_1037414","After","Cambodia",12
"GEN24_1037414","After","Singapore",3
"GEN24_1037414","Before","Australia",21
"GEN24_1037414","Before","Japan",15
"GEN24_1037414","Before","Korea, Republic of",10
"GEN24_1037414","Before","Philippines",5
"GEN24_1037423","After","Singapore",3
"GEN24_1037423","Before","United Arab Emirates",2
"GEN24_1037427","After","Australia",5
"GEN24_1037431","After","Fiji",4
"GEN24_1037459","Before","Australia",14
"GEN24_1037483","After","Australia",12
"GEN24_1037483","Before","Australia",85
"GEN24_1037494","After","Australia",90
"GEN24_1037494","Before","Australia",90
"GEN24_1037495","Before","Australia",1
"GEN24_1037502","After","Malaysia",1
"GEN24_1037584","Before","Australia",2
"GEN24_1037595","After","Singapore",3
"GEN24_1037618","Before","Australia",7
"GEN24_1037653","After","Japan",28
"GEN24_1037653","Before","Australia",7
"GEN24_1037653","Before","Germany",2
"GEN24_1037653","Before","Singapore",4
"GEN24_1037655","After","Australia",9
"GEN24_1037696","Before","Australia",20
"GEN24_1037696","Before","Thailand",30
"GEN24_1037696","Before","Viet Nam",13
"GEN24_1037763","After","Australia",1
"GEN24_1037763","Before","Australia",1
"GEN24_1037782","Before","South Africa",1
"GEN24_1037823","Before","Japan",5
"GEN24_1037888","After","United States of America",1
"GEN24_1037888","Before","United States of America",1
"GEN24_1037895","Before","Australia",3
"GEN24_1037895","Before","Fiji",3
"GEN24_1037913","After","France",4
"GEN24_1037913","Before","Australia",5
"GEN24_1037932","Before","Australia",3
"GEN24_1037953","After","Australia",1
"GEN24_1037959","After","Australia",1
"GEN24_1037966","Before","Australia",8
"GEN24_1037985","After","Singapore",2
"GEN24_1037985","Before","Singapore",4
"GEN24_1037997","After","Australia",1
"GEN24_1038000","After","Australia",1
"GEN24_1038000","Before","Australia",5
"GEN24_1038044","After","Australia",15
"GEN24_1038044","Before","Australia",6
"GEN24_1038068","After","England",7
"GEN24_1038068","Before","England",10
"GEN24_1038102","Before","Japan",11
"GEN24_1038102","Before","Thailand",3
"GEN24_1038114","After","Singapore",1
"GEN24_1038166","Before","Australia",10
"GEN24_1038168","Before","Australia",15
"GEN24_1038168","Before","Indonesia",7
"GEN24_1038193","Before","Australia",10
"GEN24_1038193","Before","Hong Kong (Special Administrative Region)",15
"GEN24_1038193","Before","Japan",15
"GEN24_1038193","Before","United States of America",1
"GEN24_1038254","Before","Australia",12
"GEN24_1038256","After","Australia",10
"GEN24_1038285","Before","Australia",1
"GEN24_1038295","After","Australia",3
"GEN24_1038318","Before","Australia",18
"GEN24_1038335","After","Australia",1
"GEN24_1038335","Before","Australia",1
"GEN24_1038374","Before","Japan",15
"GEN24_1038378","Before","Australia",30
"GEN24_1038394","After","Malaysia",1
"GEN24_1038395","After","Malaysia",1
"GEN24_1038397","After","China, People's Republic of",30
"GEN24_1038397","Before","China, People's Republic of",30
"GEN24_1038400","Before","Australia",1
"GEN24_1038404","Before","Egypt",12
"GEN24_1038404","Before","France",12
"GEN24_1038404","Before","Singapore",15
"GEN24_1038438","After","Australia",5
"GEN24_1038438","Before","Australia",5
"GEN24_1038498","Before","Australia",1
"GEN24_1038513","After","Singapore",1
"GEN24_1038540","After","Australia",1
"GEN24_1038540","Before","Australia",1
"GEN24_1038575","Before","Australia",14
"GEN24_1038628","After","Australia",4
"GEN24_1038632","Before","Australia",5
"GEN24_1038667","After","Hong Kong (Special Administrative Region)",1
"GEN24_1038667","Before","Australia",15
"GEN24_1038667","Before","England",7
"GEN24_1038667","Before","France",8
"GEN24_1038667","Before","Japan",15
"GEN24_1038714","After","Indonesia",7
"GEN24_1038714","Before","Albania",3
"GEN24_1038714","Before","England",4
"GEN24_1038714","Before","Greece",3
"GEN24_1038714","Before","Spain",6
"GEN24_1038731","Before","Australia",1
"GEN24_1038751","After","Australia",7
"GEN24_1038751","Before","Australia",7
"GEN24_1038781","After","Australia",2
"GEN24_1038781","Before","Australia",23
"GEN24_1038802","Before","Australia",14
"GEN24_1038804","Before","Singapore",2
"GEN24_1038815","Before","Italy",3
"GEN24_1038815","Before","Japan",3
"GEN24_1038815","Before","United States of America",30
"GEN24_1038815","Before","Viet Nam",3
"GEN24_1038845","After","Australia",13
"GEN24_1038845","After","Fiji",3
"GEN24_1038845","After","Malaysia",1
"GEN24_1038845","After","Samoa",3
"GEN24_1038845","Before","Malaysia",3
"GEN24_1038902","After","Cook Islands",6
"GEN24_1038903","After","Australia",30
"GEN24_1038903","Before","Australia",30
"GEN24_1038914","Before","Australia",8
"GEN24_1038936","After","Fiji",1
"GEN24_1038936","After","Samoa",10
"GEN24_1038936","Before","United States of America",99
"GEN24_1038957","After","Singapore",1
"GEN24_1038982","After","Australia",90
"GEN24_1038982","Before","Australia",60
"GEN24_1038991","After","Australia",7
"GEN24_1038991","After","Malaysia",2
"GEN24_1038991","Before","Australia",7
"GEN24_1038991","Before","Malaysia",2
"GEN24_1039033","After","Hong Kong (Special Administrative Region)",30
"GEN24_1039069","Before","Australia",15
"GEN24_1039082","After","Australia",7
"GEN24_1039082","Before","Australia",14
"GEN24_1039097","After","Australia",15
"GEN24_1039097","After","Indonesia",1
"GEN24_1039097","After","Singapore",4
"GEN24_1039097","Before","United States of America",6
"GEN24_1039099","After","Australia",7
"GEN24_1039127","Before","Australia",14
"GEN24_1039127","Before","Singapore",4
"GEN24_1039130","Before","Australia",10
"GEN24_1039142","Before","Australia",10
"GEN24_1039251","Before","United Arab Emirates",1
"GEN24_1039280","After","Singapore",3
"GEN24_1039280","Before","Singapore",2
"GEN24_1039281","Before","Australia",70
"GEN24_1039312","After","Hong Kong (Special Administrative Region)",16
"GEN24_1039361","Before","Australia",4
"GEN24_1039428","Before","Australia",18
"GEN24_1039447","After","Australia",1
"GEN24_1039447","Before","Australia",1
"GEN24_1039456","Before","Indonesia",15
"GEN24_1039467","After","Australia",7
"GEN24_1039471","After","Australia",14
"GEN24_1039474","After","Australia",7
"GEN24_1039508","After","Fiji",21
"GEN24_1039508","Before","Singapore",1
"GEN24_1039516","Before","Australia",1
"GEN24_1039530","Before","Australia",14
"GEN24_1039558","Before","Fiji",1
"GEN24_1039561","After","Fiji",8
"GEN24_1039561","Before","Australia",11
"GEN24_1039634","After","Fiji",3
"GEN24_1039669","Before","Singapore",2
"GEN24_1039671","Before","Hong Kong (Special Administrative Region)",1
"GEN24_1039692","After","Australia",9
"GEN24_1039692","Before","Australia",5
"GEN24_1039696","After","Australia",30
"GEN24_1039696","Before","Australia",60
"GEN24_1039737","Before","Cook Islands",7
"GEN24_1039737","Before","Fiji",40
"GEN24_1039737","Before","French Polynesia",28
"GEN24_1039737","Before","New Caledonia",5
"GEN24_1039741","After","Australia",1
"GEN24_1039741","Before","Australia",1
"GEN24_1039744","Before","Australia",11
"GEN24_1039750","After","Australia",20
"GEN24_1039750","Before","Australia",20
"GEN24_1039768","After","United Arab Emirates",16
"GEN24_1039768","Before","United Arab Emirates",21
"GEN24_1039792","Before","Australia",9
"GEN24_1039794","After","Cambodia",8
"GEN24_1039794","After","Indonesia",7
"GEN24_1039794","After","Laos",6
"GEN24_1039794","After","Viet Nam",30
"GEN24_1039794","Before","Singapore",4
"GEN24_1039807","Before","Fiji",2
"GEN24_1039883","Before","China, People's Republic of",7
"GEN24_1039883","Before","Japan",7
"GEN24_1039890","After","Canada",14
"GEN24_1039939","After","Australia",30
"GEN24_1039939","After","Viet Nam",14
"GEN24_1039983","Before","Australia",20
"GEN24_1039995","Before","Viet Nam",4
"GEN24_1040001","After","Fiji",3
"GEN24_1040010","Before","Ireland",7
"GEN24_1040010","Before","Italy",6
"GEN24_1040010","Before","Portugal",6
"GEN24_1040010","Before","Scotland",24
"GEN24_1040011","Before","Singapore",1
"GEN24_1040022","After","Australia",3
"GEN24_1040022","Before","Australia",3
"GEN24_1040027","Before","Germany",1
"GEN24_1040027","Before","Singapore",3
"GEN24_1040050","After","Australia",14
"GEN24_1040101","Before","Hong Kong (Special Administrative Region)",3
"GEN24_1040111","Before","Malaysia",3
"GEN24_1040129","Before","Australia",16
"GEN24_1040130","Before","Australia",10
"GEN24_1040183","After","Australia",1
"GEN24_1040205","After","Australia",8
"GEN24_1040205","Before","New Caledonia",60
"GEN24_1040208","After","Australia",1
"GEN24_1040208","Before","Australia",14
"GEN24_1040229","Before","Italy",10
"GEN24_1040229","Before","Japan",14
"GEN24_1040229","Before","Korea, Republic of",3
"GEN24_1040229","Before","Taiwan",3
"GEN24_1040230","Before","Fiji",8
"GEN24_1040245","After","China, People's Republic of",10
"GEN24_1040245","Before","China, People's Republic of",10
"GEN24_1040251","After","Australia",4
"GEN24_1040252","Before","Fiji",5
"GEN24_1040277","After","Singapore",1
"GEN24_1040277","Before","Singapore",2
"GEN24_1040282","After","Singapore",1
"GEN24_1040282","Before","Singapore",2
"GEN24_1040320","After","Australia",9
"GEN24_1040340","After","Australia",7
"GEN24_1040340","Before","United States of America",1
"GEN24_1040369","Before","United Arab Emirates",1
"GEN24_1040380","After","Japan",10
"GEN24_1040467","Before","Czech Republic",30
"GEN24_1040467","Before","England",14
"GEN24_1040467","Before","Iceland",13
"GEN24_1040467","Before","Norway",25
"GEN24_1040467","Before","United States of America",20
"GEN24_1040484","Before","Australia",23
"GEN24_1040515","Before","Australia",1
"GEN24_1040529","After","Australia",1
"GEN24_1040529","Before","Australia",1
"GEN24_1040560","Before","United Arab Emirates",1
"GEN24_1040615","After","Australia",8
"GEN24_1040655","After","Malaysia",2
"GEN24_1040655","Before","Australia",7
"GEN24_1040655","Before","Singapore",5
"GEN24_1040659","Before","Australia",6
"GEN24_1040660","Before","Malaysia",10
"GEN24_1040660","Before","Singapore",10
"GEN24_1040667","Before","Australia",2
"GEN24_1040688","Before","Australia",1
"GEN24_1040694","After","Australia",5
"GEN24_1040694","After","Singapore",2
"GEN24_1040694","Before","Australia",3
"GEN24_1040703","Before","England",1
"GEN24_1040703","Before","Singapore",1
"GEN24_1040704","Before","England",1
"GEN24_1040704","Before","Singapore",1
"GEN24_1040705","Before","England",4
"GEN24_1040705","Before","Singapore",2
"GEN24_1040709","After","Singapore",1
"GEN24_1040709","Before","Singapore",1
"GEN24_1040714","Before","Singapore",1
"GEN24_1040751","After","Australia",21
"GEN24_1040751","Before","Australia",21
"GEN24_1040767","Before","Australia",5
"GEN24_1040785","Before","Singapore",2
"GEN24_1040789","After","Australia",45
"GEN24_1040791","Before","Singapore",2
"GEN24_1040803","Before","Tonga",99
"GEN24_1040812","After","Cook Islands",6
"GEN24_1040812","After","United States of America",23
"GEN24_1040812","Before","Australia",23
"GEN24_1040825","Before","Indonesia",12
"GEN24_1040835","Before","Australia",6
"GEN24_1040843","Before","Australia",14
"GEN24_1040862","Before","Australia",7
"GEN24_1040863","Before","Thailand",25
"GEN24_1040871","After","Singapore",2
"GEN24_1040878","After","New Caledonia",11
"GEN24_1040878","Before","New Caledonia",11
"GEN24_1040891","After","Singapore",1
"GEN24_1040891","After","Viet Nam",45
"GEN24_1040894","After","Australia",4
"GEN24_1040894","Before","Australia",24
"GEN24_1040895","Before","Australia",10
"GEN24_1040900","After","Australia",1
"GEN24_1040908","After","Australia",60
"GEN24_1040908","Before","France",1
"GEN24_1040914","After","Saudi Arabia",99
"GEN24_1040914","Before","Saudi Arabia",99
"GEN24_1040929","Before","United States of America",1
"GEN24_1040931","Before","Australia",14
"GEN24_1040943","After","Canada",2
"GEN24_1040943","Before","Japan",12
"GEN24_1040943","Before","Singapore",2
"GEN24_1040948","After","Australia",12
"GEN24_1040986","Before","Singapore",3
"GEN24_1040988","After","Singapore",2
"GEN24_1040993","After","Singapore",4
"GEN24_1040993","Before","Singapore",1
"GEN24_1041008","After","Fiji",7
"GEN24_1041008","After","Hong Kong (Special Administrative Region)",2
"GEN24_1041008","Before","Australia",10
"GEN24_1041008","Before","Indonesia",21
"GEN24_1041008","Before","Malaysia",31
"GEN24_1041018","Before","Thailand",4
"GEN24_1041021","After","Tonga",19
"GEN24_1041045","After","Australia",10
"GEN24_1041079","After","Australia",29
"GEN24_1041080","After","Australia",5
"GEN24_1041080","Before","Australia",4
"GEN24_1041094","Before","Australia",1
"GEN24_1041099","After","Singapore",1
"GEN24_1041099","Before","Australia",30
"GEN24_1041099","Before","Indonesia",3
"GEN24_1041099","Before","Singapore",1
"GEN24_1041134","After","England",1
"GEN24_1041134","Before","England",1
"GEN24_1041139","Before","Australia",1
"GEN24_1041140","After","Australia",3
"GEN24_1041140","Before","Singapore",3
"GEN24_1041152","Before","Fiji",2
"GEN24_1041152","Before","Tonga",2
"GEN24_1041154","Before","Switzerland",6
"GEN24_1041156","After","Cook Islands",6
"GEN24_1041156","Before","Cook Islands",6
"GEN24_1041160","After","Australia",7
"GEN24_1041160","Before","Australia",2
"GEN24_1041168","Before","Australia",3
"GEN24_1041169","After","Fiji",3
"GEN24_1041169","Before","Australia",11
"GEN24_1041171","After","Australia",12
"GEN24_1041175","After","United States of America",6
"GEN24_1041181","After","United States of America",31
"GEN24_1041181","Before","Thailand",14
"GEN24_1041199","After","Singapore",1
"GEN24_1041205","After","Fiji",11
"GEN24_1041213","After","Fiji",5
"GEN24_1041213","Before","French Polynesia",10
"GEN24_1041231","Before","Australia",1
"GEN24_1041246","After","Canada",80
"GEN24_1041246","After","England",18
"GEN24_1041246","Before","Indonesia",30
"GEN24_1041246","Before","Laos",8
"GEN24_1041246","Before","Malaysia",18
"GEN24_1041246","Before","Thailand",35
"GEN24_1041253","After","Australia",12
"GEN24_1041267","Before","Indonesia",8
"GEN24_1041267","Before","Japan",15
"GEN24_1041267","Before","Taiwan",13
"GEN24_1041267","Before","Thailand",15
"GEN24_1041269","After","China, People's Republic of",1
"GEN24_1041279","After","Singapore",1
"GEN24_1041279","Before","Singapore",3
"GEN24_1041280","After","Singapore",3
"GEN24_1041280","Before","United States of America",3
"GEN24_1041282","Before","Singapore",2
"GEN24_1041285","Before","Australia",10
"GEN24_1041285","Before","Singapore",3
"GEN24_1041286","After","Singapore",6
"GEN24_1041286","Before","Singapore",2
"GEN24_1041290","Before","Fiji",2
"GEN24_1041291","Before","Fiji",2
"GEN24_1041292","After","Fiji",7
"GEN24_1041292","Before","Australia",1
"GEN24_1041292","Before","Singapore",1
"GEN24_1041297","After","Canada",2
"GEN24_1041297","Before","United States of America",4
"GEN24_1041330","Before","Australia",5
"GEN24_1041339","After","Australia",1
"GEN24_1041339","Before","Australia",21
"GEN24_1041347","Before","Australia",3
"GEN24_1041347","Before","Indonesia",3
"GEN24_1041347","Before","Malaysia",3
"GEN24_1041347","Before","Singapore",3
"GEN24_1041361","Before","Singapore",2
"GEN24_1041391","Before","Australia",1
"GEN24_1041393","Before","United States of America",28
"GEN24_1041408","After","Samoa",1
"GEN24_1041408","Before","Australia",1
"GEN24_1041408","Before","United Arab Emirates",3
"GEN24_1041410","After","Indonesia",21
"GEN24_1041410","After","Nepal",15
"GEN24_1041410","After","Thailand",7
"GEN24_1041421","After","Australia",5
"GEN24_1041421","Before","Australia",60
"GEN24_1041424","After","Australia",5
"GEN24_1041436","After","Australia",99
"GEN24_1041436","Before","Australia",99
"GEN24_1041450","After","China, People's Republic of",1
"GEN24_1041450","Before","China, People's Republic of",1
"GEN24_1041450","Before","Hungary",2
"GEN24_1041483","Before","Singapore",5
"GEN24_1041483","Before","Taiwan",60
"GEN24_1041492","Before","Australia",8
"GEN24_1041499","Before","United States of America",1
"GEN24_1041542","Before","Australia",10
"GEN24_1041559","After","Australia",10
"GEN24_1041593","After","Fiji",6
"GEN24_1041616","After","Australia",2
"GEN24_1041616","After","Singapore",1
"GEN24_1041616","Before","Australia",18
"GEN24_1041634","After","Korea, Republic of",1
"GEN24_1041672","After","Australia",4
"GEN24_1041681","After","Australia",8
"GEN24_1041681","Before","Australia",5
"GEN24_1041682","After","Australia",16
"GEN24_1041682","Before","Japan",7
"GEN24_1041684","Before","Australia",1
"GEN24_1041706","After","Australia",40
"GEN24_1041706","Before","Australia",14
"GEN24_1041706","Before","Viet Nam",14
"GEN24_1041711","Before","Australia",15
"GEN24_1041712","After","Singapore",3
"GEN24_1041712","Before","Malaysia",3
"GEN24_1041716","After","Singapore",2
"GEN24_1041760","Before","Australia",1
"GEN24_1041770","After","Australia",1
"GEN24_1041770","Before","Australia",1
"GEN24_1041780","Before","Australia",10
"GEN24_1041780","Before","Japan",5
"GEN24_1041780","Before","Malaysia",8
"GEN24_1041780","Before","Taiwan",5
"GEN24_1041780","Before","United States of America",5
"GEN24_1041807","Before","Singapore",3
"GEN24_1041822","After","Singapore",2
"GEN24_1041822","Before","Singapore",2
"GEN24_1041825","Before","Australia",4
"GEN24_1041830","After","Singapore",10
"GEN24_1041831","After","Singapore",3
"GEN24_1041836","Before","Australia",90
"GEN24_1041844","After","Australia",4
"GEN24_1041844","Before","Australia",4
"GEN24_1041851","After","Fiji",7
"GEN24_1041871","After","United States of America",60
"GEN24_1041871","Before","Australia",60
"GEN24_1041871","Before","India",20
"GEN24_1041871","Before","Japan",30
"GEN24_1041879","Before","Chile",1
"GEN24_1041906","After","Singapore",2
"GEN24_1041908","After","Singapore",2
"GEN24_1041908","Before","United States of America",2
"GEN24_1041911","After","Singapore",2
"GEN24_1041911","Before","United States of America",1
"GEN24_1041913","After","Thailand",5
"GEN24_1041925","After","Malaysia",3
"GEN24_1041928","After","Maldives",5
"GEN24_1041928","Before","United Arab Emirates",1
"GEN24_1041970","Before","Azerbaijan",3
"GEN24_1041970","Before","Georgia",3
"GEN24_1041970","Before","Thailand",3
"GEN24_1041970","Before","Turkey",7
"GEN24_1041971","Before","Indonesia",45
"GEN24_1042011","After","Australia",14
"GEN24_1042044","After","Ireland",6
"GEN24_1042092","After","Singapore",2
"GEN24_1042094","Before","Singapore",3
"GEN24_1042103","Before","Singapore",3
"GEN24_1042109","After","Fiji",1
"GEN24_1042109","After","United States of America",3
"GEN24_1042109","Before","Fiji",1
"GEN24_1042109","Before","United States of America",3
"GEN24_1042116","Before","Australia",3
"GEN24_1042116","Before","Fiji",2
"GEN24_1042138","After","French Polynesia",1
"GEN24_1042138","Before","France",8
"GEN24_1042138","Before","French Polynesia",7
"GEN24_1042148","Before","Australia",1
"GEN24_1042158","After","Australia",7
"GEN24_1042158","Before","Australia",60
"GEN24_1042201","Before","Australia",19
"GEN24_1042202","Before","Singapore",15
"GEN24_1042202","Before","Thailand",3
"GEN24_1042202","Before","Viet Nam",4
"GEN24_1042207","After","Fiji",3
"GEN24_1042207","Before","Fiji",3
"GEN24_1042214","Before","Australia",9
"GEN24_1042246","Before","Australia",8
"GEN24_1042285","Before","Singapore",2
"GEN24_1042299","Before","Netherlands",1
"GEN24_1042301","Before","Netherlands",1
"GEN24_1042319","After","Australia",3
"GEN24_1042350","Before","Australia",30
"GEN24_1042368","Before","England",5
"GEN24_1042368","Before","Northern Ireland",5
"GEN24_1042368","Before","Scotland",5
"GEN24_1042368","Before","Viet Nam",3
"GEN24_1042390","After","Fiji",3
"GEN24_1042465","Before","Singapore",1
"GEN24_1042505","After","Fiji",7
"GEN24_1042505","Before","Singapore",7
"GEN24_1042556","After","United States of America",4
"GEN24_1042556","Before","Hong Kong (Special Administrative Region)",2
"GEN24_1042557","After","Australia",4
"GEN24_1042561","Before","Australia",3
"GEN24_1042570","Before","Australia",3
"GEN24_1042642","After","Australia",16
"GEN24_1042655","After","French Polynesia",3
"GEN24_1042655","After","Samoa, American",1
"GEN24_1042655","Before","French Polynesia",3
"GEN24_1042655","Before","Samoa, American",1
"GEN24_1042674","After","United States of America",7
"GEN24_1042681","Before","Australia",3
"GEN24_1042708","After","Fiji",4
"GEN24_1042717","Before","Australia",3
"GEN24_1042717","Before","French Polynesia",3
"GEN24_1042721","After","Fiji",3
"GEN24_1042721","Before","Australia",8
"GEN24_1042735","Before","Australia",22
"GEN24_1042791","After","Singapore",2
"GEN24_1042791","Before","Malaysia",2
"GEN24_1042812","After","United States of America",1
"GEN24_1042812","Before","Fiji",2
"GEN24_1042844","Before","Singapore",2
"GEN24_1042850","After","Malaysia",1
"GEN24_1042850","Before","Malaysia",1
"GEN24_1042854","Before","Singapore",12
"GEN24_1042855","After","Australia",1
"GEN24_1042855","Before","Australia",1
"GEN24_1042867","After","United States of America",1
"GEN24_1042867","Before","United States of America",1
"GEN24_1042879","After","Australia",1
"GEN24_1042909","Before","Australia",6
"GEN24_1042909","Before","French Polynesia",1
"GEN24_1042909","Before","Tonga",1
"GEN24_1042909","Before","United States of America",3
"GEN24_1042924","After","Canada",72
"GEN24_1042924","Before","Australia",75
"GEN24_1042933","Before","Australia",27
"GEN24_1042935","Before","United Arab Emirates",1
"GEN24_1042960","Before","Japan",10
"GEN24_1042961","After","Fiji",3
"GEN24_1042961","Before","Australia",12
"GEN24_1043012","After","Fiji",3
"GEN24_1043012","Before","Australia",17
"GEN24_1043057","Before","Fiji",6
"GEN24_1043064","Before","United Arab Emirates",4
"GEN24_1043065","After","United States of America",1
"GEN24_1043065","Before","United States of America",2
"GEN24_1043073","After","Indonesia",21
"GEN24_1043073","After","Philippines",21
"GEN24_1043073","After","United States of America",21
"GEN24_1043082","After","China, People's Republic of",1
"GEN24_1043103","Before","Australia",22
"GEN24_1043107","Before","Fiji",7
"GEN24_1043112","Before","Australia",1
"GEN24_1043149","After","Australia",2
"GEN24_1043149","Before","Australia",8
"GEN24_1043156","After","China, People's Republic of",1
"GEN24_1043156","Before","China, People's Republic of",1
"GEN24_1043156","Before","Hungary",1
"GEN24_1043171","Before","Japan",5
"GEN24_1043174","After","Fiji",6
"GEN24_1043176","Before","Fiji",4
"GEN24_1043225","After","United States of America",3
"GEN24_1043225","Before","Singapore",2
"GEN24_1043236","Before","Canada",1
"GEN24_1043238","Before","Australia",3
"GEN24_1043239","Before","Australia",20
"GEN24_1043246","Before","Australia",16
"GEN24_1043297","Before","Japan",7
"GEN24_1043297","Before","Thailand",5
"GEN24_1043304","Before","Singapore",1
"GEN24_1043307","Before","Singapore",2
"GEN24_1043308","Before","Singapore",2
"GEN24_1043315","After","Singapore",5
"GEN24_1043315","After","Thailand",14
"GEN24_1043332","After","Canada",1
"GEN24_1043332","Before","Canada",1
"GEN24_1043378","After","Australia",30
"GEN24_1043378","Before","Australia",60
"GEN24_1043383","Before","Australia",7
"GEN24_1043387","After","China, People's Republic of",1
"GEN24_1043387","Before","China, People's Republic of",1
"GEN24_1043401","Before","Australia",14
"GEN24_1043403","After","Singapore",2
"GEN24_1043403","Before","Singapore",2
"GEN24_1043405","Before","Singapore",3
"GEN24_1043412","After","Singapore",3
"GEN24_1043412","Before","Canada",4
"GEN24_1043421","Before","Singapore",3
"GEN24_1043424","Before","Singapore",3
"GEN24_1043432","After","Fiji",4
"GEN24_1043433","After","Fiji",4
"GEN24_1043472","Before","Bolivia",4
"GEN24_1043472","Before","Canada",8
"GEN24_1043472","Before","Germany",6
"GEN24_1043472","Before","Ireland",7
"GEN24_1043481","After","United States of America",5
"GEN24_1043481","Before","Australia",60
"GEN24_1043482","Before","Australia",7
"GEN24_1043505","Before","Australia",4
"GEN24_1043530","After","Singapore",1
"GEN24_1043530","Before","Singapore",1
"GEN24_1043531","After","Singapore",2
"GEN24_1043535","After","Singapore",3
"GEN24_1043538","Before","Singapore",2
"GEN24_1043562","After","Australia",10
"GEN24_1043567","After","Samoa",6
"GEN24_1043567","Before","Singapore",1
"GEN24_1043576","Before","Germany",1
"GEN24_1043595","After","Australia",1
"GEN24_1043595","Before","Australia",14
"GEN24_1043597","After","Australia",2
"GEN24_1043597","Before","Australia",8
"GEN24_1043608","Before","Australia",40
"GEN24_1043652","Before","Singapore",1
"GEN24_1043658","After","Singapore",2
"GEN24_1043658","Before","Singapore",2
"GEN24_1043672","Before","Singapore",1
"GEN24_1043677","Before","Australia",10
"GEN24_1043712","Before","Australia",3
"GEN24_1043738","After","United Arab Emirates",3
"GEN24_1043752","After","Korea, Republic of",1
"GEN24_1043767","Before","Australia",1
"GEN24_1043771","After","Australia",10
"GEN24_1043771","Before","Australia",23
"GEN24_1043773","Before","Australia",5
"GEN24_1043782","After","Australia",45
"GEN24_1043782","After","Samoa",8
"GEN24_1043788","Before","United States of America",6
"GEN24_1043797","Before","Australia",90
"GEN24_1043838","After","Laos",15
"GEN24_1043838","After","Malaysia",20
"GEN24_1043838","After","Thailand",25
"GEN24_1043838","After","Viet Nam",20
"GEN24_1043841","After","Australia",3
"GEN24_1043886","Before","Australia",10
"GEN24_1043900","Before","Japan",5
"GEN24_1043942","Before","Australia",6
"GEN24_1043952","Before","Singapore",1
"GEN24_1043971","Before","Australia",6
"GEN24_1043982","After","Australia",8
"GEN24_1043991","After","Singapore",3
"GEN24_1043998","After","India",11
"GEN24_1043998","After","Singapore",3
"GEN24_1044004","After","Indonesia",5
"GEN24_1044004","Before","Japan",28
"GEN24_1044027","After","Australia",1
"GEN24_1044027","Before","Australia",10
"GEN24_1044043","After","United States of America",6
"GEN24_1044043","Before","United States of America",1
"GEN24_1044073","After","Singapore",2
"GEN24_1044076","Before","Singapore",2
"GEN24_1044079","After","Singapore",2
"GEN24_1044080","After","Singapore",2
"GEN24_1044099","After","Canada",27
"GEN24_1044100","Before","Australia",26
"GEN24_1044152","Before","Malaysia",7
"GEN24_1044152","Before","Philippines",21
"GEN24_1044152","Before","Singapore",3
"GEN24_1044152","Before","Viet Nam",14
"GEN24_1044171","After","Australia",1
"GEN24_1044171","Before","Australia",1
"GEN24_1044203","Before","Japan",6
"GEN24_1044226","After","Singapore",3
"GEN24_1044248","After","Singapore",2
"GEN24_1044252","After","England",1
"GEN24_1044252","After","Singapore",1
"GEN24_1044252","Before","England",1
"GEN24_1044252","Before","Singapore",2
"GEN24_1044266","After","Australia",6
"GEN24_1044281","Before","Australia",10
"GEN24_1044287","After","Australia",5
"GEN24_1044287","Before","Australia",3
"GEN24_1044293","After","Australia",24
"GEN24_1044316","After","Australia",14
"GEN24_1044316","After","England",3
"GEN24_1044316","Before","Australia",60
"GEN24_1044332","After","Canada",1
"GEN24_1044332","Before","Canada",1
"GEN24_1044368","Before","Singapore",3
"GEN24_1044370","After","Singapore",2
"GEN24_1044370","Before","Australia",30
"GEN24_1044370","Before","Singapore",4
"GEN24_1044411","After","Australia",7
"GEN24_1044411","Before","Australia",90
"GEN24_1044415","After","Australia",8
"GEN24_1044450","Before","Australia",75
"GEN24_1044459","After","Singapore",1
"GEN24_1044459","Before","Australia",23
"GEN24_1044459","Before","Singapore",3
"GEN24_1044462","Before","United States of America",1
"GEN24_1044479","After","Fiji",7
"GEN24_1044490","After","England",5
"GEN24_1044490","Before","England",3
"GEN24_1044491","Before","Australia",1
"GEN24_1044498","After","Australia",14
"GEN24_1044498","Before","United States of America",2
"GEN24_1044538","Before","Australia",4
"GEN24_1044538","Before","Singapore",1
"GEN24_1044548","After","China, People's Republic of",99
"GEN24_1044548","After","India",30
"GEN24_1044559","After","United States of America",5
"GEN24_1044559","Before","Australia",14
"GEN24_1044569","After","Australia",14
"GEN24_1044576","After","Australia",22
"GEN24_1044581","After","Australia",34
"GEN24_1044581","Before","Fiji",14
"GEN24_1044581","Before","United States of America",40
"GEN24_1044585","After","Australia",60
"GEN24_1044585","Before","Fiji",2
"GEN24_1044585","Before","Portugal",14
"GEN24_1044585","Before","Singapore",14
"GEN24_1044589","After","Australia",15
"GEN24_1044589","After","China, People's Republic of",60
"GEN24_1044589","Before","Australia",90
"GEN24_1044590","After","Australia",99
"GEN24_1044590","After","China, People's Republic of",99
"GEN24_1044590","Before","Australia",90
"GEN24_1044590","Before","China, People's Republic of",99
"GEN24_1044616","After","Japan",8
"GEN24_1044616","Before","Korea, Republic of",11
"GEN24_1044675","Before","Australia",12
"GEN24_1044676","Before","Australia",30
"GEN24_1044676","Before","United States of America",5
"GEN24_1044693","Before","Antarctica",60
"GEN24_1044758","Before","Japan",1
"GEN24_1044766","After","Singapore",5
"GEN24_1044770","Before","Australia",3
"GEN24_1044777","After","Singapore",1
"GEN24_1044777","Before","Singapore",1
"GEN24_1044786","Before","Japan",25
"GEN24_1044786","Before","Korea, Republic of",6
"GEN24_1044811","After","China, People's Republic of",2
"GEN24_1044811","After","Fiji",5
"GEN24_1044811","Before","Italy",4
"GEN24_1044843","After","Australia",11
"GEN24_1044843","After","Samoa",10
"GEN24_1044843","Before","Singapore",4
"GEN24_1044850","Before","Singapore",2
"GEN24_1044913","After","Australia",1
"GEN24_1044913","Before","United States of America",1
"GEN24_1044925","Before","Australia",30
"GEN24_1044969","Before","Australia",14
"GEN24_1044969","Before","Singapore",6
"GEN24_1044987","After","Australia",90
"GEN24_1044987","Before","Australia",60
"GEN24_1045016","Before","Australia",30
"GEN24_1045068","Before","Indonesia",7
"GEN24_1045073","After","Australia",5
"GEN24_1045073","Before","Australia",7
"GEN24_1045074","Before","United Arab Emirates",1
"GEN24_1045092","After","Australia",6
"GEN24_1045118","Before","French Polynesia",5
"GEN24_1045125","Before","Viet Nam",8
"GEN24_1045147","Before","Singapore",2
"GEN24_1045154","Before","Australia",80
"GEN24_1045156","After","Indonesia",14
"GEN24_1045156","Before","Australia",99
"GEN24_1045162","After","Singapore",2
"GEN24_1045162","Before","Australia",32
"GEN24_1045164","After","Cambodia",7
"GEN24_1045164","After","Laos",7
"GEN24_1045164","After","Sri Lanka",28
"GEN24_1045164","After","Viet Nam",28
"GEN24_1045164","Before","Thailand",42
"GEN24_1045176","After","Australia",1
"GEN24_1045189","Before","Fiji",2
"GEN24_1045193","Before","Cambodia",7
"GEN24_1045193","Before","China, People's Republic of",1
"GEN24_1045193","Before","Laos",14
"GEN24_1045193","Before","Viet Nam",30
"GEN24_1045203","After","Australia",7
"GEN24_1045203","Before","Australia",7
"GEN24_1045233","Before","Indonesia",99
"GEN24_1045233","Before","Malaysia",4
"GEN24_1045268","After","China, People's Republic of",1
"GEN24_1045280","After","Australia",27
"GEN24_1045324","After","Australia",6
"GEN24_1045331","After","Australia",16
"GEN24_1045340","After","Australia",24
"GEN24_1045340","Before","Austria",20
"GEN24_1045340","Before","England",10
"GEN24_1045340","Before","Ireland",3
"GEN24_1045340","Before","Scotland",5
"GEN24_1045426","After","Japan",1
"GEN24_1045426","Before","Japan",1
"GEN24_1045459","Before","Australia",3
"GEN24_1045475","Before","Korea, Republic of",8
"GEN24_1045480","After","Australia",99
"GEN24_1045487","After","Australia",45
"GEN24_1045487","Before","Australia",70
"GEN24_1045554","Before","Malaysia",1
"GEN24_1045556","After","Australia",19
"GEN24_1045589","After","New Caledonia",10
"GEN24_1045602","Before","Australia",8
"GEN24_1045602","Before","China, People's Republic of",30
"GEN24_1045602","Before","India",5
"GEN24_1045602","Before","Japan",5
"GEN24_1045602","Before","Korea, Republic of",5
"GEN24_1045641","After","Hong Kong (Special Administrative Region)",1
"GEN24_1045641","Before","China, People's Republic of",1
"GEN24_1045683","Before","Malaysia",6
"GEN24_1045695","Before","Cook Islands",7
"GEN24_1045710","After","Australia",2
"GEN24_1045710","Before","Singapore",2
"GEN24_1045716","After","Australia",14
"GEN24_1045716","Before","French Polynesia",5
"GEN24_1045723","Before","Chile",1
"GEN24_1045723","Before","Fiji",4
"GEN24_1045726","After","Australia",99
"GEN24_1045726","After","Fiji",7
"GEN24_1045726","After","Japan",7
"GEN24_1045726","After","Timor-Leste",7
"GEN24_1045726","Before","Laos",14
"GEN24_1045726","Before","Malaysia",5
"GEN24_1045726","Before","Singapore",6
"GEN24_1045726","Before","Thailand",14
"GEN24_1045726","Before","Viet Nam",30
"GEN24_1045780","After","Fiji",1
"GEN24_1045780","Before","Fiji",6
"GEN24_1045780","Before","Solomon Islands",9
"GEN24_1045795","Before","Australia",2
"GEN24_1045795","Before","Japan",13
"GEN24_1045795","Before","Korea, Republic of",6
"GEN24_1045796","Before","United Arab Emirates",1
"GEN24_1045802","Before","Canada",10
"GEN24_1045827","After","Australia",10
"GEN24_1045892","Before","Australia",6
"GEN24_1045900","After","Indonesia",20
"GEN24_1045900","After","Sri Lanka",20
"GEN24_1045900","After","Thailand",30
"GEN24_1045900","After","Viet Nam",30
"GEN24_1045909","After","Australia",3
"GEN24_1045914","Before","Australia",4
"GEN24_1045918","After","Canada",1
"GEN24_1045918","Before","Canada",1
"GEN24_1045937","After","Australia",8
"GEN24_1045937","Before","Australia",3
"GEN24_1045962","After","Singapore",2
"GEN24_1045962","Before","Singapore",2
"GEN24_1045973","Before","Malaysia",2
"GEN24_1045981","Before","Australia",6
"GEN24_1046000","After","Australia",5
"GEN24_1046000","Before","Australia",7
"GEN24_1046002","Before","Japan",4
"GEN24_1046002","Before","Korea, Republic of",4
"GEN24_1046011","After","Cambodia",4
"GEN24_1046011","After","Laos",7
"GEN24_1046011","After","Thailand",10
"GEN24_1046011","After","Viet Nam",30
"GEN24_1046011","Before","France",10
"GEN24_1046011","Before","Greece",30
"GEN24_1046011","Before","Italy",30
"GEN24_1046011","Before","Uzbekistan",14
"GEN24_1046022","Before","Fiji",3
"GEN24_1046028","Before","Mexico",1
"GEN24_1046040","After","Australia",36
"GEN24_1046073","After","Singapore",4
"GEN24_1046073","Before","Australia",10
"GEN24_1046073","Before","Singapore",4
"GEN24_1046094","Before","Taiwan",6
"GEN24_1046144","After","United States of America",1
"GEN24_1046152","After","Hong Kong (Special Administrative Region)",1
"GEN24_1046152","Before","Hong Kong (Special Administrative Region)",1
"GEN24_1046160","After","Singapore",1
"GEN24_1046160","Before","Indonesia",20
"GEN24_1046160","Before","Singapore",15
"GEN24_1046160","Before","United Arab Emirates",30
"GEN24_1046172","After","United States of America",7
"GEN24_1046183","After","Australia",15
"GEN24_1046184","Before","Australia",4
"GEN24_1046209","After","Australia",4
"GEN24_1046217","After","Japan",5
"GEN24_1046217","Before","Japan",1
"GEN24_1046242","Before","Singapore",1
"GEN24_1046255","Before","Australia",9
"GEN24_1046328","After","Niue",7
"GEN24_1046345","Before","Australia",14
"GEN24_1046353","After","Ireland",4
"GEN24_1046353","Before","Singapore",2
"GEN24_1046356","After","Singapore",3
"GEN24_1046356","Before","Australia",6
"GEN24_1046360","After","Singapore",1
"GEN24_1046421","After","Japan",10
"GEN24_1046421","After","Korea, Republic of",4
"GEN24_1046421","After","United Arab Emirates",23
"GEN24_1046421","After","United States of America",5
"GEN24_1046421","Before","Australia",4
"GEN24_1046425","After","United States of America",1
"GEN24_1046425","Before","Canada",2
"GEN24_1046472","After","Brazil",19
"GEN24_1046484","Before","Australia",2
"GEN24_1046522","After","Malaysia",1
"GEN24_1046522","Before","Malaysia",1
"GEN24_1046562","After","Australia",1
"GEN24_1046562","Before","Australia",5
"GEN24_1046563","After","Australia",1
"GEN24_1046563","Before","Australia",50
"GEN24_1046574","After","Australia",12
"GEN24_1046576","After","United States of America",2
"GEN24_1046576","Before","United States of America",4
"GEN24_1046644","After","Fiji",10
"GEN24_1046691","Before","Australia",7
"GEN24_1046713","Before","Indonesia",7
"GEN24_1046752","After","United States of America",10
"GEN24_1046753","Before","Singapore",2
"GEN24_1046754","After","United States of America",1
"GEN24_1046754","Before","Singapore",2
"GEN24_1046779","Before","Australia",3
"GEN24_1046900","After","Australia",1
"GEN24_1046900","Before","Australia",1
"GEN24_1046902","Before","Singapore",1
"GEN24_1046978","After","Singapore",4
"GEN24_1046981","After","Indonesia",3
"GEN24_1046981","After","Singapore",1
"GEN24_1046981","Before","Singapore",2
"GEN24_1046992","After","Singapore",1
"GEN24_1046992","Before","Singapore",1
"GEN24_1047000","After","Korea, Republic of",1
"GEN24_1047000","Before","Korea, Republic of",4
"GEN24_1047023","Before","Fiji",8
"GEN24_1047037","After","Malaysia",7
"GEN24_1047037","Before","Malaysia",1
"GEN24_1047048","After","Australia",14
"GEN24_1047048","Before","Australia",14
"GEN24_1047049","After","Hong Kong (Special Administrative Region)",2
"GEN24_1047049","Before","Australia",15
"GEN24_1047049","Before","Fiji",10
"GEN24_1047049","Before","Singapore",3
"GEN24_1047065","After","Australia",20
"GEN24_1047065","Before","Australia",20
"GEN24_1047071","Before","Singapore",1
"GEN24_1047094","After","Australia",5
"GEN24_1047101","Before","Australia",1
"GEN24_1047118","After","Korea, Republic of",7
"GEN24_1047118","Before","Thailand",14
"GEN24_1047131","After","Singapore",1
"GEN24_1047134","Before","Australia",10
"GEN24_1047136","After","Singapore",1
"GEN24_1047136","Before","Singapore",1
"GEN24_1047169","Before","Australia",3
"GEN24_1047176","Before","Fiji",1
"GEN24_1047181","After","Australia",4
"GEN24_1047187","After","Australia",10
"GEN24_1047187","After","United Arab Emirates",3
"GEN24_1047187","Before","Australia",15
"GEN24_1047187","Before","China, People's Republic of",1
"GEN24_1047187","Before","Macau (Special Administrative Region)",9
"GEN24_1047195","After","Australia",1
"GEN24_1047195","Before","Australia",3
"GEN24_1047195","Before","Qatar",2
"GEN24_1047195","Before","Saudi Arabia",7
"GEN24_1047195","Before","United States of America",2
"GEN24_1047218","After","Canada",1
"GEN24_1047218","Before","Canada",2
"GEN24_1047225","After","China, People's Republic of",1
"GEN24_1047225","Before","China, People's Republic of",1
"GEN24_1047232","After","Australia",3
"GEN24_1047232","Before","Australia",7
"GEN24_1047238","After","Philippines",1
"GEN24_1047238","Before","Philippines",1
"GEN24_1047261","After","Japan",14
"GEN24_1047261","After","Korea, Republic of",17
"GEN24_1047261","After","Singapore",5
"GEN24_1047261","After","Taiwan",10
"GEN24_1047261","Before","Australia",60
"GEN24_1047261","Before","Cape Verde",14
"GEN24_1047261","Before","Ireland",30
"GEN24_1047261","Before","Morocco",10
"GEN24_1047296","After","Australia",30
"GEN24_1047296","Before","Australia",7
"GEN24_1047300","After","Australia",2
"GEN24_1047300","Before","Australia",6
"GEN24_1047325","After","China, People's Republic of",1
"GEN24_1047359","After","Singapore",4
"GEN24_1047373","After","Thailand",6
"GEN24_1047392","Before","Australia",37
"GEN24_1047392","Before","Qatar",4
"GEN24_1047396","After","Malaysia",4
"GEN24_1047396","Before","Viet Nam",3
"GEN24_1047404","Before","Australia",6
"GEN24_1047428","Before","Japan",20
"GEN24_1047430","Before","Cook Islands",5
"GEN24_1047430","Before","Japan",19
"GEN24_1047435","After","Fiji",3
"GEN24_1047445","Before","Australia",5
"GEN24_1047445","Before","Fiji",2
"GEN24_1047445","Before","French Polynesia",6
"GEN24_1047445","Before","New Caledonia",1
"GEN24_1047445","Before","Samoa",1
"GEN24_1047453","Before","Singapore",2
"GEN24_1047460","After","Korea, Republic of",1
"GEN24_1047491","After","United States of America",2
"GEN24_1047497","After","Australia",2
"GEN24_1047500","After","Australia",5
"GEN24_1047513","After","Australia",2
"GEN24_1047513","Before","Australia",2
"GEN24_1047528","Before","United States of America",10
"GEN24_1047536","Before","Canada",1
"GEN24_1047588","After","Korea, Republic of",1
"GEN24_1047588","Before","Korea, Republic of",1
"GEN24_1047607","Before","Malaysia",1
"GEN24_1047656","Before","Australia",7
"GEN24_1047658","After","Australia",50
"GEN24_1047658","Before","Australia",2
"GEN24_1047709","Before","Australia",33
"GEN24_1047709","Before","New Caledonia",7
"GEN24_1047721","After","Australia",3
"GEN24_1047721","Before","Australia",9
"GEN24_1047727","Before","Australia",10
"GEN24_1047752","Before","China, People's Republic of",1
"GEN24_1047767","After","United States of America",3
"GEN24_1047767","Before","United States of America",4
"GEN24_1047774","After","United States of America",13
"GEN24_1047774","Before","United States of America",35
"GEN24_1047795","After","Austria",1
"GEN24_1047795","After","Korea, Republic of",1
"GEN24_1047855","After","Australia",25
"GEN24_1047855","Before","Australia",3
"GEN24_1047867","After","England",99
"GEN24_1047947","After","Australia",4
"GEN24_1047948","After","Australia",4
"GEN24_1047948","Before","Australia",3
"GEN24_1047978","Before","Australia",7
"GEN24_1048012","Before","Australia",6
"GEN24_1048013","Before","Australia",99
"GEN24_1048016","After","United States of America",2
"GEN24_1048020","After","Australia",5
"GEN24_1048020","After","Italy",3
"GEN24_1048020","After","Namibia",12
"GEN24_1048020","After","Singapore",3
"GEN24_1048020","After","Spain",11
"GEN24_1048021","After","United States of America",31
"GEN24_1048021","Before","Cook Islands",15
"GEN24_1048021","Before","Singapore",13
"GEN24_1048035","After","Samoa",5
"GEN24_1048035","After","Solomon Islands",5
"GEN24_1048035","After","Vanuatu",5
"GEN24_1048035","Before","Australia",15
"GEN24_1048035","Before","England",12
"GEN24_1048035","Before","Japan",20
"GEN24_1048035","Before","Papua New Guinea",5
"GEN24_1048035","Before","United States of America",20
"GEN24_1048047","After","United States of America",1
"GEN24_1048047","Before","United States of America",6
"GEN24_1048051","After","Belgium",3
"GEN24_1048051","After","Czech Republic",3
"GEN24_1048051","After","England",2
"GEN24_1048051","Before","Australia",6
"GEN24_1048051","Before","Belgium",3
"GEN24_1048051","Before","Germany",4
"GEN24_1048051","Before","India",6
"GEN24_1048051","Before","Scotland",3
"GEN24_1048064","After","Australia",13
"GEN24_1048064","Before","Australia",5
"GEN24_1048064","Before","India",15
"GEN24_1048064","Before","Indonesia",7
"GEN24_1048064","Before","Singapore",7
"GEN24_1048067","Before","Antarctica",99
"GEN24_1048068","After","United States of America",1
"GEN24_1048071","After","Australia",15
"GEN24_1048071","Before","Australia",15
"GEN24_1048078","Before","United States of America",1
"GEN24_1048079","Before","Australia",9
"GEN24_1048103","After","Thailand",7
"GEN24_1048123","After","Australia",6
"GEN24_1048169","After","England",2
"GEN24_1048169","Before","England",1
"GEN24_1048215","Before","Singapore",1
"GEN24_1048221","Before","Australia",52
"GEN24_1048227","After","Singapore",4
"GEN24_1048265","After","Australia",9
"GEN24_1048265","Before","Australia",9
"GEN24_1048267","After","Australia",36
"GEN24_1048282","After","Australia",1
"GEN24_1048282","Before","Australia",1
"GEN24_1048284","After","Australia",12
"GEN24_1048340","After","Australia",3
"GEN24_1048340","Before","Australia",28
"GEN24_1048362","After","Fiji",5
"GEN24_1048362","Before","United States of America",1
"GEN24_1048374","After","Fiji",2
"GEN24_1048382","Before","Australia",7
"GEN24_1048383","After","Thailand",10
"GEN24_1048396","After","Australia",15
"GEN24_1048401","Before","Australia",2
"GEN24_1048412","After","Australia",99
"GEN24_1048412","Before","Australia",99
"GEN24_1048433","Before","Hong Kong (Special Administrative Region)",3
"GEN24_1048435","Before","Australia",9
"GEN24_1048436","Before","Australia",14
"GEN24_1048452","Before","Australia",15
"GEN24_1048468","After","Fiji",5
"GEN24_1048473","Before","Fiji",6
"GEN24_1048477","Before","Australia",7
"GEN24_1048479","After","Australia",3
"GEN24_1048486","After","Australia",10
"GEN24_1048498","After","Australia",90
"GEN24_1048498","Before","United States of America",7
"GEN24_1048500","After","Australia",40
"GEN24_1048500","Before","Australia",7
"GEN24_1048535","After","Sri Lanka",20
"GEN24_1048535","Before","United States of America",12
"GEN24_1048557","After","Australia",2
"GEN24_1048557","After","Qatar",2
"GEN24_1048597","Before","Australia",3
"GEN24_1048599","Before","Australia",2
"GEN24_1048608","After","Australia",3
"GEN24_1048643","After","Australia",8
"GEN24_1048643","Before","Australia",8
"GEN24_1048668","After","Singapore",2
"GEN24_1048668","Before","Singapore",3
"GEN24_1048670","After","Singapore",2
"GEN24_1048693","After","Fiji",4
"GEN24_1048709","After","United States of America",9
"GEN24_1048709","Before","United States of America",4
"GEN24_1048712","Before","Australia",2
"GEN24_1048755","After","Australia",20
"GEN24_1048755","Before","Australia",90
"GEN24_1048755","Before","Thailand",14
"GEN24_1048762","After","United States of America",1
"GEN24_1048762","Before","United States of America",2
"GEN24_1048802","Before","England",21
"GEN24_1048802","Before","Hong Kong (Special Administrative Region)",1
"GEN24_1048802","Before","Japan",5
"GEN24_1048802","Before","Korea, Republic of",1
"GEN24_1048847","After","Philippines",24
"GEN24_1048847","Before","Indonesia",11
"GEN24_1048848","Before","China, People's Republic of",5
"GEN24_1048848","Before","Singapore",60
"GEN24_1048848","Before","Taiwan",5
"GEN24_1048848","Before","Thailand",7
"GEN24_1048852","After","Singapore",2
"GEN24_1048852","Before","United States of America",6
"GEN24_1048868","After","Australia",4
"GEN24_1048883","After","Australia",10
"GEN24_1048883","Before","Australia",3
"GEN24_1048883","Before","Singapore",3
"GEN24_1048932","After","Australia",3
"GEN24_1048933","Before","Indonesia",6
"GEN24_1048966","Before","United States of America",22
"GEN24_1048973","After","Hong Kong (Special Administrative Region)",5
"GEN24_1048973","Before","Singapore",4
"GEN24_1048977","Before","Australia",60
"GEN24_1048977","Before","Singapore",4
"GEN24_1048980","After","Australia",21
"GEN24_1049020","After","Singapore",2
"GEN24_1049020","Before","Australia",6
"GEN24_1049020","Before","Singapore",6
"GEN24_1049025","After","Malaysia",12
"GEN24_1049025","After","Singapore",5
"GEN24_1049025","Before","Bolivia",55
"GEN24_1049025","Before","Chile",28
"GEN24_1049025","Before","Colombia",35
"GEN24_1049025","Before","Mexico",21
"GEN24_1049025","Before","Peru",21
"GEN24_1049032","Before","Malaysia",6
"GEN24_1049034","After","Singapore",2
"GEN24_1049034","Before","Singapore",2
"GEN24_1049041","Before","New Caledonia",12
"GEN24_1049050","After","Australia",5
"GEN24_1049050","Before","United States of America",2
"GEN24_1049089","Before","Australia",2
"GEN24_1049116","Before","Australia",99
"GEN24_1049121","Before","Australia",5
"GEN24_1049195","Before","Malaysia",3
"GEN24_1049228","Before","Australia",12
"GEN24_1049263","Before","United States of America",3
"GEN24_1049264","After","United States of America",4
"GEN24_1049264","Before","Australia",20
"GEN24_1049266","After","United States of America",3
"GEN24_1049281","Before","Australia",6
"GEN24_1049282","Before","Australia",1
"GEN24_1049284","Before","Australia",14
"GEN24_1049284","Before","Malaysia",6
"GEN24_1049319","After","Singapore",3
"GEN24_1049319","Before","United States of America",3
"GEN24_1049334","Before","Australia",1
"GEN24_1049335","After","Australia",5
"GEN24_1049335","Before","Australia",5
"GEN24_1049339","After","Australia",7
"GEN24_1049349","After","Australia",10
"GEN24_1049349","After","Japan",10
"GEN24_1049349","After","Viet Nam",8
"GEN24_1049349","Before","Australia",1
"GEN24_1049349","Before","Indonesia",10
"GEN24_1049349","Before","United Arab Emirates",5
"GEN24_1049355","After","Australia",30
"GEN24_1049356","After","United States of America",4
"GEN24_1049356","Before","Singapore",3
"GEN24_1049356","Before","United States of America",4
"GEN24_1049371","After","Australia",3
"GEN24_1049414","Before","Australia",1
"GEN24_1049414","Before","England",1
"GEN24_1049423","Before","Australia",13
"GEN24_1049429","After","Australia",1
"GEN24_1049429","Before","Australia",7
"GEN24_1049430","After","Australia",30
"GEN24_1049430","Before","Australia",30
"GEN24_1049448","Before","Australia",7
"GEN24_1049459","Before","Australia",7
"GEN24_1049467","Before","Australia",2
"GEN24_1049500","After","Australia",10
"GEN24_1049504","Before","Canada",2
"GEN24_1049521","After","China, People's Republic of",30
"GEN24_1049521","Before","China, People's Republic of",99
"GEN24_1049521","Before","Hong Kong (Special Administrative Region)",1
"GEN24_1049521","Before","Kazakhstan",6
"GEN24_1049544","Before","Vanuatu",13
"GEN24_1049554","Before","United Arab Emirates",1
"GEN24_1049555","Before","Singapore",1
"GEN24_1049571","After","Fiji",11
"GEN24_1049604","Before","Australia",19
"GEN24_1049631","After","Australia",7
"GEN24_1049661","After","Australia",6
"GEN24_1049706","Before","Australia",5
"GEN24_1049706","Before","Hong Kong (Special Administrative Region)",4
"GEN24_1049747","Before","Australia",15
"GEN24_1049782","Before","Singapore",2
"GEN24_1049789","After","Australia",3
"GEN24_1049789","Before","Australia",9
"GEN24_1049808","After","Singapore",1
"GEN24_1049827","After","Singapore",2
"GEN24_1049829","After","Singapore",2
"GEN24_1049829","Before","Singapore",2
"GEN24_1049859","After","Australia",14
"GEN24_1049898","After","Australia",4
"GEN24_1049903","After","Australia",14
"GEN24_1049919","After","Canada",2
"GEN24_1049919","Before","Singapore",3
"GEN24_1049925","Before","Australia",3
"GEN24_1049928","Before","Singapore",3
"GEN24_1049957","After","Australia",10
"GEN24_1049967","After","Thailand",14
"GEN24_1049972","Before","Singapore",1
"GEN24_1049973","After","Australia",5
"GEN24_1049985","After","Australia",12
"GEN24_1049985","After","United States of America",35
"GEN24_1049985","Before","Australia",16
"GEN24_1049985","Before","United States of America",2
"GEN24_1049987","After","Australia",28
"GEN24_1049996","After","Australia",3
"GEN24_1049996","Before","Indonesia",10
"GEN24_1050010","Before","Australia",15
"GEN24_1050013","After","Australia",31
"GEN24_1050013","Before","Australia",31
"GEN24_1050014","After","Australia",14
"GEN24_1050014","After","United Arab Emirates",2
"GEN24_1050014","Before","Singapore",2
"GEN24_1050022","After","Singapore",3
"GEN24_1050022","Before","Australia",14
"GEN24_1050023","After","Singapore",3
"GEN24_1050023","Before","Australia",14
"GEN24_1050025","Before","Australia",7
"GEN24_1050033","After","Australia",8
"GEN24_1050033","Before","Australia",15
"GEN24_1050054","After","Singapore",5
"GEN24_1050071","Before","Australia",14
"GEN24_1050082","After","United States of America",2
"GEN24_1050082","Before","Australia",6
"GEN24_1050083","After","Australia",5
"GEN24_1050087","Before","Australia",5
"GEN24_1050087","Before","United States of America",10
"GEN24_1050094","Before","Canada",3
"GEN24_1050117","Before","Finland",1
"GEN24_1050117","Before","Norway",1
"GEN24_1050117","Before","Sweden",1
"GEN24_1050118","After","Japan",1
"GEN24_1050118","Before","Japan",1
"GEN24_1050128","After","Singapore",1
"GEN24_1050128","Before","Singapore",1
"GEN24_1050135","Before","Australia",1
"GEN24_1050142","After","Japan",40
"GEN24_1050142","After","Taiwan",14
"GEN24_1050142","After","Viet Nam",15
"GEN24_1050142","Before","Australia",40
"GEN24_1050142","Before","New Caledonia",30
"GEN24_1050164","After","Fiji",7
"GEN24_1050164","Before","Australia",14
"GEN24_1050164","Before","Singapore",3
"GEN24_1050164","Before","Thailand",16
"GEN24_1050251","Before","Australia",53
"GEN24_1050252","After","Singapore",1
"GEN24_1050252","Before","Singapore",1
"GEN24_1050270","Before","United States of America",7
"GEN24_1050307","After","Singapore",1
"GEN24_1050307","After","Thailand",5
"GEN24_1050307","Before","Australia",4
"GEN24_1050307","Before","Indonesia",14
"GEN24_1050307","Before","Malaysia",5
"GEN24_1050307","Before","Thailand",30
"GEN24_1050307","Before","Viet Nam",14
"GEN24_1050337","Before","Australia",14
"GEN24_1050409","After","Singapore",1
"GEN24_1050409","Before","Singapore",1
"GEN24_1050415","Before","Singapore",2
"GEN24_1050422","After","Singapore",3
"GEN24_1050432","After","Australia",99
"GEN24_1050432","Before","Australia",30
"GEN24_1050447","Before","United Arab Emirates",2
"GEN24_1050468","Before","China, People's Republic of",1
"GEN24_1050468","Before","United Arab Emirates",1
"GEN24_1050475","After","Australia",10
"GEN24_1050475","Before","Australia",1
"GEN24_1050525","Before","Australia",16
"GEN24_1050597","Before","Australia",2
"GEN24_1050606","Before","Fiji",14
"GEN24_1050632","Before","Australia",6
"GEN24_1050635","After","Australia",4
"GEN24_1050639","Before","Japan",1
"GEN24_1050662","After","Singapore",2
"GEN24_1050667","Before","England",1
"GEN24_1050679","After","England",1
"GEN24_1050679","Before","England",1
"GEN24_1050686","Before","Singapore",1
"GEN24_1050692","After","Singapore",1
"GEN24_1050692","Before","Australia",2
"GEN24_1050692","Before","Singapore",1
"GEN24_1050692","Before","Thailand",1
"GEN24_1050705","After","Singapore",2
"GEN24_1050705","Before","Australia",20
"GEN24_1050711","Before","Singapore",1
"GEN24_1050732","After","Canada",7
"GEN24_1050740","Before","Indonesia",21
"GEN24_1050768","After","Fiji",3
"GEN24_1050783","After","Australia",6
"GEN24_1050802","Before","United States of America",2
"GEN24_1050813","After","Singapore",3
"GEN24_1050813","Before","Australia",14
"GEN24_1050814","After","Singapore",2
"GEN24_1050814","Before","Singapore",2
"GEN24_1050816","After","Malaysia",3
"GEN24_1050817","After","Singapore",2
"GEN24_1050821","After","Australia",78
"GEN24_1050821","Before","Australia",78
"GEN24_1050839","Before","Australia",20
"GEN24_1050862","Before","Singapore",4
"GEN24_1050872","After","Australia",7
"GEN24_1050872","Before","Australia",6
"GEN24_1050875","After","Singapore",2
"GEN24_1050875","Before","Australia",14
"GEN24_1050875","Before","Singapore",2
"GEN24_1050877","After","Singapore",3
"GEN24_1050877","Before","Canada",2
"GEN24_1050882","Before","Singapore",2
"GEN24_1050904","After","Australia",1
"GEN24_1050904","Before","Australia",1
"GEN24_1050921","Before","Australia",7
"GEN24_1050941","Before","Australia",10
"GEN24_1050943","After","United States of America",14
"GEN24_1050955","After","Australia",10
"GEN24_1050992","After","Fiji",4
"GEN24_1051002","Before","Belgium",67
"GEN24_1051002","Before","England",8
"GEN24_1051002","Before","France",21
"GEN24_1051002","Before","Lithuania",67
"GEN24_1051009","Before","Australia",3
"GEN24_1051019","Before","Australia",1
"GEN24_1051025","After","Australia",21
"GEN24_1051025","Before","Australia",14
"GEN24_1051039","After","Australia",8
"GEN24_1051039","After","China, People's Republic of",14
"GEN24_1051046","After","Australia",12
"GEN24_1051048","After","Canada",3
"GEN24_1051048","Before","Canada",3
"GEN24_1051061","Before","Australia",3
"GEN24_1051062","Before","Australia",7
"GEN24_1051064","Before","Australia",4
"GEN24_1051067","Before","Australia",2
"GEN24_1051081","Before","Australia",2
"GEN24_1051081","Before","Singapore",5
"GEN24_1051084","After","Australia",30
"GEN24_1051084","Before","Argentina",5
"GEN24_1051084","Before","Bolivia",14
"GEN24_1051084","Before","Chile",23
"GEN24_1051091","Before","Australia",11
"GEN24_1051135","After","Singapore",1
"GEN24_1051135","Before","Singapore",2
"GEN24_1051136","After","Singapore",1
"GEN24_1051136","Before","Singapore",2
"GEN24_1051145","After","Singapore",1
"GEN24_1051149","After","United States of America",23
"GEN24_1051149","Before","Australia",12
"GEN24_1051155","Before","Australia",3
"GEN24_1051169","After","United States of America",3
"GEN24_1051178","After","Germany",5
"GEN24_1051178","After","Netherlands",45
"GEN24_1051178","After","Turkey",6
"GEN24_1051187","After","Australia",1
"GEN24_1051196","Before","Australia",4
"GEN24_1051198","After","Australia",9
"GEN24_1051198","Before","Australia",7
"GEN24_1051213","After","Australia",7
"GEN24_1051227","After","Australia",10
"GEN24_1051227","Before","Australia",14
"GEN24_1051231","After","Australia",1
"GEN24_1051231","Before","Australia",1
"GEN24_1051236","Before","Australia",6
"GEN24_1051248","Before","Australia",7
"GEN24_1051252","Before","Australia",5
"GEN24_1051278","After","Singapore",2
"GEN24_1051278","Before","Singapore",2
"GEN24_1051279","Before","Singapore",2
"GEN24_1051280","After","Singapore",1
"GEN24_1051280","Before","Singapore",3
"GEN24_1051283","After","Indonesia",5
"GEN24_1051283","Before","Singapore",3
"GEN24_1051284","Before","Singapore",2
"GEN24_1051294","Before","United Arab Emirates",2
"GEN24_1051306","After","United States of America",1
"GEN24_1051306","Before","United States of America",1
"GEN24_1051309","After","Ireland",5
"GEN24_1051309","Before","France",1
"GEN24_1051313","Before","Fiji",7
"GEN24_1051313","Before","French Polynesia",7
"GEN24_1051318","After","Canada",1
"GEN24_1051318","Before","Canada",1
"GEN24_1051319","Before","Australia",87
"GEN24_1051320","Before","Fiji",5
"GEN24_1051335","Before","Japan",14
"GEN24_1051348","After","Singapore",3
"GEN24_1051348","Before","Singapore",2
"GEN24_1051350","After","Singapore",1
"GEN24_1051350","Before","Singapore",1
"GEN24_1051351","Before","Singapore",3
"GEN24_1051352","Before","Singapore",5
"GEN24_1051356","Before","Australia",29
"GEN24_1051365","Before","England",4
"GEN24_1051365","Before","Tanzania",16
"GEN24_1051375","Before","Australia",3
"GEN24_1051386","After","United States of America",56
"GEN24_1051407","After","Italy",31
"GEN24_1051407","After","Slovenia",30
"GEN24_1051431","After","Australia",11
"GEN24_1051458","Before","Australia",16
"GEN24_1051471","After","Qatar",1
"GEN24_1051475","Before","Fiji",3
"GEN24_1051479","After","Australia",2
"GEN24_1051502","Before","Australia",2
"GEN24_1051558","After","Fiji",10
"GEN24_1051559","After","Australia",1
"GEN24_1051559","Before","Malaysia",1
"GEN24_1051567","After","Hong Kong (Special Administrative Region)",3
"GEN24_1051567","Before","United States of America",3
"GEN24_1051569","After","China, People's Republic of",1
"GEN24_1051569","Before","Hong Kong (Special Administrative Region)",1
"GEN24_1051584","Before","Antarctica",99
"GEN24_1051596","Before","Australia",2
"GEN24_1051598","Before","Australia",5
"GEN24_1051605","After","Australia",9
"GEN24_1051605","Before","Australia",16
"GEN24_1051618","After","Australia",14
"GEN24_1051618","Before","Australia",57
"GEN24_1051634","Before","Hong Kong (Special Administrative Region)",3
"GEN24_1051634","Before","United States of America",10
"GEN24_1051662","Before","Singapore",2
"GEN24_1051668","After","Singapore",4
"GEN24_1051686","Before","Australia",2
"GEN24_1051699","Before","Australia",4
"GEN24_1051704","After","Australia",2
"GEN24_1051704","Before","Australia",2
"GEN24_1051716","Before","Australia",2
"GEN24_1051723","After","Singapore",2
"GEN24_1051723","Before","Singapore",2
"GEN24_1051736","Before","Australia",7
"GEN24_1051761","After","Australia",23
"GEN24_1051761","After","Singapore",3
"GEN24_1051761","Before","Singapore",3
"GEN24_1051772","After","Australia",5
"GEN24_1051772","Before","Australia",63
"GEN24_1051779","Before","Australia",9
"GEN24_1051795","Before","Australia",7
"GEN24_1051823","After","Australia",3
"GEN24_1051823","Before","Antarctica",99
"GEN24_1051839","After","Australia",15
"GEN24_1051839","Before","Australia",10
"GEN24_1051952","Before","Australia",12
"GEN24_1051952","Before","Singapore",3
"GEN24_1051961","After","Hong Kong (Special Administrative Region)",4
"GEN24_1051961","Before","Australia",22
"GEN24_1051961","Before","United Arab Emirates",4
"GEN24_1051963","After","French Polynesia",14
"GEN24_1051963","After","Singapore",1
"GEN24_1051968","After","Singapore",1
"GEN24_1051968","Before","Singapore",2
"GEN24_1051969","Before","Singapore",3
"GEN24_1051978","Before","Malaysia",6
"GEN24_1051983","After","Singapore",4
"GEN24_1051987","After","Singapore",3
"GEN24_1051987","Before","United States of America",3
"GEN24_1051998","After","Singapore",2
"GEN24_1051998","Before","Malaysia",2
"GEN24_1052027","Before","Australia",2
"GEN24_1052028","Before","Australia",4
"GEN24_1052035","After","Australia",8
"GEN24_1052047","After","Fiji",4
"GEN24_1052047","After","United States of America",2
"GEN24_1052047","Before","Singapore",3
"GEN24_1052070","Before","Singapore",1
"GEN24_1052080","After","Mexico",14
"GEN24_1052080","Before","Australia",71
"GEN24_1052080","Before","Indonesia",53
"GEN24_1052080","Before","Japan",17
"GEN24_1052080","Before","Malaysia",41
"GEN24_1052091","After","Australia",3
"GEN24_1052091","Before","Australia",5
"GEN24_1052138","After","Fiji",8
"GEN24_1052138","Before","United States of America",1
"GEN24_1052145","After","Singapore",5
"GEN24_1052145","Before","Australia",99
"GEN24_1052146","After","Singapore",4
"GEN24_1052148","After","Singapore",2
"GEN24_1052148","Before","Australia",7
"GEN24_1052155","After","Singapore",3
"GEN24_1052155","Before","Australia",2
"GEN24_1052155","Before","Hong Kong (Special Administrative Region)",2
"GEN24_1052166","After","Japan",21
"GEN24_1052166","After","Singapore",3
"GEN24_1052166","Before","Thailand",30
"GEN24_1052170","After","Australia",1
"GEN24_1052170","Before","Australia",1
"GEN24_1052188","After","England",14
"GEN24_1052188","After","Greece",21
"GEN24_1052188","After","Portugal",21
"GEN24_1052188","Before","Japan",30
"GEN24_1052188","Before","Thailand",14
"GEN24_1052188","Before","Viet Nam",35
"GEN24_1052214","Before","Australia",5
"GEN24_1052241","After","United Arab Emirates",1
"GEN24_1052241","Before","United Arab Emirates",1
"GEN24_1052256","After","Australia",1
"GEN24_1052277","Before","Australia",9
"GEN24_1052292","After","United States of America",2
"GEN24_1052295","After","United States of America",3
"GEN24_1052295","Before","United States of America",3
"GEN24_1052302","Before","Australia",6
"GEN24_1052305","Before","Australia",4
"GEN24_1052307","Before","Australia",14
"GEN24_1052338","After","Thailand",8
"GEN24_1052338","Before","Thailand",75
"GEN24_1052355","Before","Singapore",1
"GEN24_1052361","After","Singapore",3
"GEN24_1052366","Before","Cook Islands",7
"GEN24_1052401","Before","Singapore",2
"GEN24_1052415","After","Australia",7
"GEN24_1052415","Before","Australia",35
"GEN24_1052417","Before","Australia",10
"GEN24_1052424","Before","Australia",9
"GEN24_1052440","Before","Japan",10
"GEN24_1052440","Before","Korea, Republic of",7
"GEN24_1052440","Before","Mongolia",4
"GEN24_1052440","Before","Thailand",7
"GEN24_1052449","Before","Japan",5
"GEN24_1052460","After","Thailand",26
"GEN24_1052460","Before","Thailand",90
"GEN24_1052473","After","Singapore",3
"GEN24_1052474","After","Singapore",3
"GEN24_1052477","After","Australia",4
"GEN24_1052477","After","Singapore",5
"GEN24_1052477","After","United States of America",5
"GEN24_1052489","After","Singapore",2
"GEN24_1052499","Before","Singapore",3
"GEN24_1052510","After","Australia",24
"GEN24_1052510","After","Japan",8
"GEN24_1052510","After","Korea, Republic of",8
"GEN24_1052517","Before","Australia",6
"GEN24_1052554","After","Singapore",5
"GEN24_1052554","Before","Cook Islands",35
"GEN24_1052572","After","Australia",5
"GEN24_1052572","Before","United Arab Emirates",1
"GEN24_1052573","Before","Australia",1
"GEN24_1052576","After","Australia",12
"GEN24_1052578","After","Australia",3
"GEN24_1052578","After","Cambodia",2
"GEN24_1052578","After","Hong Kong (Special Administrative Region)",4
"GEN24_1052578","After","Singapore",4
"GEN24_1052578","After","Thailand",3
"GEN24_1052578","Before","Australia",20
"GEN24_1052578","Before","Fiji",12
"GEN24_1052579","After","Australia",1
"GEN24_1052579","Before","Australia",90
"GEN24_1052579","Before","Singapore",6
"GEN24_1052579","Before","United Arab Emirates",6
"GEN24_1052584","After","Australia",7
"GEN24_1052586","After","Australia",4
"GEN24_1052589","After","Australia",2
"GEN24_1052589","Before","Australia",8
"GEN24_1052593","Before","Australia",10
"GEN24_1052635","Before","Antarctica",6
"GEN24_1052635","Before","Chile",2
"GEN24_1052668","Before","Australia",12
"GEN24_1052704","After","Canada",2
"GEN24_1052704","Before","Canada",2
"GEN24_1052723","After","Singapore",2
"GEN24_1052723","Before","Australia",4
"GEN24_1052729","After","Australia",15
"GEN24_1052729","Before","Australia",5
"GEN24_1052731","Before","Indonesia",13
"GEN24_1052731","Before","Thailand",15
"GEN24_1052763","Before","Australia",3
"GEN24_1052777","Before","Australia",3
"GEN24_1052781","After","England",1
"GEN24_1052781","After","United States of America",2
"GEN24_1052781","Before","England",1
"GEN24_1052781","Before","Singapore",2
"GEN24_1052785","After","United States of America",1
"GEN24_1052785","Before","United States of America",1
"GEN24_1052794","After","Australia",14
"GEN24_1052808","After","Laos",18
"GEN24_1052808","After","Singapore",3
"GEN24_1052808","After","Thailand",30
"GEN24_1052808","Before","United States of America",17
"GEN24_1052809","After","Singapore",3
"GEN24_1052809","Before","Fiji",7
"GEN24_1052809","Before","United States of America",4
"GEN24_1052817","After","Viet Nam",30
"GEN24_1052819","Before","Singapore",3
"GEN24_1052830","After","Singapore",3
"GEN24_1052831","After","Singapore",3
"GEN24_1052831","Before","Malaysia",3
"GEN24_1052831","Before","Singapore",3
"GEN24_1052837","Before","Singapore",2
"GEN24_1052857","After","Fiji",7
"GEN24_1052863","After","Australia",20
"GEN24_1052863","Before","Australia",18
"GEN24_1052871","Before","Australia",2
"GEN24_1052878","After","Australia",4
"GEN24_1052884","After","Australia",3
"GEN24_1052887","Before","Australia",1
"GEN24_1052899","After","Australia",50
"GEN24_1052899","Before","Australia",99
"GEN24_1052904","After","Australia",30
"GEN24_1052905","After","Australia",28
"GEN24_1052917","After","China, People's Republic of",1
"GEN24_1052922","After","England",21
"GEN24_1052922","After","Hong Kong (Special Administrative Region)",2
"GEN24_1052922","After","Thailand",42
"GEN24_1052922","Before","Australia",7
"GEN24_1052922","Before","Hong Kong (Special Administrative Region)",2
"GEN24_1052922","Before","Viet Nam",5
"GEN24_1052925","After","Bhutan",6
"GEN24_1052925","After","Singapore",23
"GEN24_1052925","Before","Malaysia",3
"GEN24_1052925","Before","Singapore",43
"GEN24_1052926","After","Bhutan",6
"GEN24_1052926","After","Singapore",30
"GEN24_1052926","Before","Singapore",30
"GEN24_1052929","After","Singapore",2
"GEN24_1052930","After","Singapore",2
"GEN24_1052930","Before","Australia",35
"GEN24_1052930","Before","Singapore",4
"GEN24_1052941","Before","Singapore",1
"GEN24_1052954","After","Australia",3
"GEN24_1052954","After","China, People's Republic of",1
"GEN24_1052954","After","France",2
"GEN24_1052954","After","Viet Nam",10
"GEN24_1052954","Before","Mexico",10
"GEN24_1052958","After","Australia",1
"GEN24_1052958","Before","Australia",1
"GEN24_1052958","Before","Malaysia",30
"GEN24_1052958","Before","Singapore",1
"GEN24_1052981","After","Australia",14
"GEN24_1052983","After","Brazil",6
"GEN24_1052983","Before","Mexico",5
"GEN24_1052983","Before","Puerto Rico",5
"GEN24_1052987","Before","Australia",4
"GEN24_1053019","Before","Australia",77
"GEN24_1053019","Before","Indonesia",14
"GEN24_1053019","Before","Thailand",14
"GEN24_1053019","Before","Viet Nam",14
"GEN24_1053023","After","Australia",12
"GEN24_1053023","Before","Australia",26
"GEN24_1053024","After","Australia",60
"GEN24_1053024","Before","Australia",30
"GEN24_1053033","After","Australia",3
"GEN24_1053033","After","Singapore",2
"GEN24_1053046","After","Singapore",4
"GEN24_1053050","Before","Singapore",1
"GEN24_1053061","After","Singapore",2
"GEN24_1053061","Before","Singapore",2
"GEN24_1053068","After","Australia",7
"GEN24_1053068","Before","Australia",2
"GEN24_1053070","Before","Australia",1
"GEN24_1053074","After","Australia",18
"GEN24_1053074","After","Malaysia",6
"GEN24_1053074","Before","Indonesia",7
"GEN24_1053083","After","Australia",1
"GEN24_1053086","After","Australia",4
"GEN24_1053086","After","Singapore",3
"GEN24_1053091","Before","Singapore",3
"GEN24_1053094","After","Luxembourg",1
"GEN24_1053094","Before","Singapore",1
"GEN24_1053109","After","Australia",3
"GEN24_1053139","After","Singapore",2
"GEN24_1053139","Before","Singapore",3
"GEN24_1053142","After","Singapore",2
"GEN24_1053147","Before","Singapore",2
"GEN24_1053149","After","Singapore",1
"GEN24_1053149","Before","Singapore",2
"GEN24_1053150","After","Singapore",2
"GEN24_1053150","Before","Singapore",2
"GEN24_1053168","After","Australia",9
"GEN24_1053168","After","Indonesia",30
"GEN24_1053168","Before","Japan",60
"GEN24_1053174","Before","Australia",3
"GEN24_1053187","After","Australia",15
"GEN24_1053213","After","Australia",5
"GEN24_1053220","After","Australia",1
"GEN24_1053245","After","Singapore",7
"GEN24_1053246","After","Thailand",8
"GEN24_1053246","Before","Australia",1
"GEN24_1053260","After","Australia",14
"GEN24_1053260","Before","Australia",14
"GEN24_1053268","After","Australia",5
"GEN24_1053268","Before","Antarctica",99
"GEN24_1053284","After","Australia",1
"GEN24_1053301","After","Australia",2
"GEN24_1053301","Before","Australia",30
"GEN24_1053315","After","Australia",3
"GEN24_1053321","After","Australia",5
"GEN24_1053354","Before","Singapore",2
"GEN24_1053364","After","Singapore",1
"GEN24_1053364","Before","Netherlands",1
"GEN24_1053364","Before","Singapore",2
"GEN24_1053372","After","Malaysia",7
"GEN24_1053372","After","Singapore",1
"GEN24_1053384","After","France",99
"GEN24_1053384","Before","France",99
"GEN24_1053385","Before","Antarctica",99
"GEN24_1053385","Before","Cook Islands",7
"GEN24_1053399","After","Australia",1
"GEN24_1053410","Before","Australia",45
"GEN24_1053412","After","Australia",1
"GEN24_1053413","After","Australia",21
"GEN24_1053423","After","Australia",20
"GEN24_1053423","Before","Australia",28
"GEN24_1053438","After","French Polynesia",11
"GEN24_1053438","Before","Australia",5
"GEN24_1053443","After","Australia",7
"GEN24_1053443","Before","French Polynesia",2
"GEN24_1053454","After","Fiji",3
"GEN24_1053454","Before","Australia",4
"GEN24_1053459","After","Hong Kong (Special Administrative Region)",1
"GEN24_1053459","Before","Hong Kong (Special Administrative Region)",1
"GEN24_1053482","After","Singapore",1
"GEN24_1053482","Before","Singapore",3
"GEN24_1053485","Before","Singapore",1
"GEN24_1053503","Before","Australia",5
"GEN24_1053516","Before","Fiji",3
"GEN24_1053542","Before","United Arab Emirates",1
"GEN24_1053573","After","Australia",12
"GEN24_1053573","Before","Australia",40
"GEN24_1053573","Before","Singapore",10
"GEN24_1053603","Before","Indonesia",1
"GEN24_1053607","After","Singapore",2
"GEN24_1053607","Before","Japan",3
"GEN24_1053612","After","Singapore",2
"GEN24_1053612","Before","Singapore",2
"GEN24_1053615","Before","Singapore",2
"GEN24_1053621","After","Singapore",5
"GEN24_1053621","Before","Australia",25
"GEN24_1053644","Before","Papua New Guinea",30
"GEN24_1053655","After","Canada",3
"GEN24_1053655","Before","Canada",2
"GEN24_1053662","After","United States of America",2
"GEN24_1053662","Before","Australia",4
"GEN24_1053664","After","Singapore",1
"GEN24_1053664","Before","Singapore",2
"GEN24_1053668","After","Australia",6
"GEN24_1053668","Before","Australia",25
"GEN24_1053668","Before","Singapore",2
"GEN24_1053671","After","Singapore",3
"GEN24_1053671","Before","Singapore",1
"GEN24_1053690","After","Australia",14
"GEN24_1053705","After","Australia",1
"GEN24_1053705","After","England",1
"GEN24_1053705","Before","Australia",38
"GEN24_1053709","After","Australia",3
"GEN24_1053709","Before","Australia",10
"GEN24_1053709","Before","Qatar",1
"GEN24_1053709","Before","Spain",1
"GEN24_1053746","After","Australia",6
"GEN24_1053765","After","Singapore",4
"GEN24_1053765","Before","Singapore",9
"GEN24_1053774","After","Singapore",4
"GEN24_1053774","Before","Singapore",4
"GEN24_1053777","After","Singapore",2
"GEN24_1053798","Before","United States of America",1
"GEN24_1053816","Before","Singapore",1
"GEN24_1053821","Before","Singapore",3
"GEN24_1053822","After","Germany",1
"GEN24_1053822","After","Singapore",1
"GEN24_1053822","Before","Singapore",1
"GEN24_1053825","Before","United States of America",1
"GEN24_1053834","Before","Singapore",2
"GEN24_1053835","Before","Thailand",2
"GEN24_1053836","After","Australia",2
"GEN24_1053843","After","Australia",5
"GEN24_1053866","After","Australia",27
"GEN24_1053866","Before","Australia",40
"GEN24_1053874","After","United States of America",1
"GEN24_1053874","Before","United States of America",1
"GEN24_1053896","After","Australia",10
"GEN24_1053900","After","Australia",3
"GEN24_1053900","Before","Australia",3
"GEN24_1053914","Before","Fiji",5
"GEN24_1053914","Before","Singapore",1
"GEN24_1053915","After","Thailand",7
"GEN24_1053915","Before","Malaysia",3
"GEN24_1053917","After","Singapore",1
"GEN24_1053917","Before","Singapore",1
"GEN24_1053927","After","Singapore",2
"GEN24_1053927","Before","Singapore",2
"GEN24_1053939","Before","Australia",7
"GEN24_1053957","Before","Australia",7
"GEN24_1053965","Before","Singapore",2
"GEN24_1053977","After","Australia",35
"GEN24_1053977","Before","Australia",7
"GEN24_1053980","After","Australia",5
"GEN24_1053980","After","Indonesia",29
"GEN24_1053993","Before","Australia",4
"GEN24_1054041","After","Singapore",2
"GEN24_1054041","Before","Australia",2
"GEN24_1054041","Before","United Arab Emirates",2
"GEN24_1054045","After","Malaysia",4
"GEN24_1054045","After","Philippines",4
"GEN24_1054045","After","Singapore",2
"GEN24_1054045","Before","Brunei Darussalam",1
"GEN24_1054045","Before","Malaysia",4
"GEN24_1054065","Before","Australia",1
"GEN24_1054103","Before","Australia",7
"GEN24_1054117","Before","Australia",15
"GEN24_1054126","After","Singapore",1
"GEN24_1054142","Before","United States of America",3
"GEN24_1054146","Before","United States of America",2
"GEN24_1054158","Before","Australia",2
"GEN24_1054174","After","Fiji",3
"GEN24_1054187","After","Australia",21
"GEN24_1054187","Before","Australia",6
"GEN24_1054205","After","Australia",13
"GEN24_1054205","After","United States of America",1
"GEN24_1054205","Before","Australia",13
"GEN24_1054205","Before","United States of America",3
"GEN24_1054214","After","United States of America",1
"GEN24_1054214","Before","United States of America",3
"GEN24_1054218","Before","Australia",10
"GEN24_1054246","After","Singapore",1
"GEN24_1054251","Before","Singapore",5
"GEN24_1054269","Before","Australia",12
"GEN24_1054269","Before","Maldives",10
"GEN24_1054269","Before","Philippines",12
"GEN24_1054269","Before","Singapore",1
"GEN24_1054269","Before","Sri Lanka",15
"GEN24_1054275","Before","Singapore",2
"GEN24_1054289","After","Singapore",3
"GEN24_1054289","Before","Singapore",3
"GEN24_1054322","Before","Hong Kong (Special Administrative Region)",4
"GEN24_1054391","After","Singapore",1
"GEN24_1054391","Before","Singapore",10
"GEN24_1054411","Before","Australia",13
"GEN24_1054415","After","Australia",3
"GEN24_1054415","Before","Cambodia",9
"GEN24_1054415","Before","Laos",8
"GEN24_1054415","Before","Thailand",5
"GEN24_1054415","Before","Viet Nam",13
"GEN24_1054426","Before","Australia",12
"GEN24_1054429","After","Australia",3
"GEN24_1054434","After","United States of America",2
"GEN24_1054446","Before","United States of America",6
"GEN24_1054450","After","Australia",2
"GEN24_1054465","Before","Costa Rica",14
"GEN24_1054465","Before","Nicaragua",14
"GEN24_1054465","Before","Panama",14
"GEN24_1054465","Before","United States of America",8
"GEN24_1054472","After","Singapore",4
"GEN24_1054472","Before","Denmark",1
"GEN24_1054474","Before","Singapore",3
"GEN24_1054475","After","Singapore",2
"GEN24_1054475","Before","Singapore",2
"GEN24_1054512","After","Australia",4
"GEN24_1054518","After","Singapore",3
"GEN24_1054518","Before","United States of America",4
"GEN24_1054560","After","United States of America",1
"GEN24_1054560","Before","United States of America",2
"GEN24_1054626","Before","Australia",14
"GEN24_1054626","Before","United States of America",7
"GEN24_1054645","After","Fiji",10
"GEN24_1054645","Before","Switzerland",99
"GEN24_1054651","After","Fiji",1
"GEN24_1054651","Before","Fiji",1
"GEN24_1054656","Before","Australia",10
"GEN24_1054656","Before","Singapore",1
"GEN24_1054658","After","Singapore",2
"GEN24_1054658","Before","Singapore",2
"GEN24_1054669","After","Australia",4
"GEN24_1054669","After","Canada",5
"GEN24_1054669","Before","Singapore",3
"GEN24_1054682","Before","Singapore",3
"GEN24_1054682","Before","Thailand",30
"GEN24_1054687","Before","Australia",1
"GEN24_1054688","Before","Australia",14
"GEN24_1054694","Before","Australia",14
"GEN24_1054700","Before","Australia",7
"GEN24_1054701","After","United States of America",3
"GEN24_1054701","Before","United States of America",1
"GEN24_1054749","After","Australia",23
"GEN24_1054769","Before","Canada",1
"GEN24_1054786","Before","Australia",1
"GEN24_1054789","Before","Australia",1
"GEN24_1054833","Before","United Arab Emirates",1
"GEN24_1054838","Before","Australia",7
"GEN24_1054842","After","United States of America",8
"GEN24_1054842","Before","United Arab Emirates",1
"GEN24_1054850","After","United States of America",1
"GEN24_1054871","After","Singapore",3
"GEN24_1054871","Before","Singapore",3
"GEN24_1054881","After","Singapore",2
"GEN24_1054920","After","Singapore",3
"GEN24_1054920","Before","Cambodia",5
"GEN24_1054920","Before","Singapore",3
"GEN24_1054925","Before","Australia",1
"GEN24_1054934","After","England",99
"GEN24_1054934","Before","England",99
"GEN24_1054958","After","United States of America",2
"GEN24_1054960","Before","Australia",9
"GEN24_1054963","Before","Australia",30
"GEN24_1054969","Before","Australia",28
"GEN24_1054980","Before","United Arab Emirates",1
"GEN24_1055029","After","Singapore",3
"GEN24_1055029","Before","Singapore",3
"GEN24_1055032","After","Singapore",3
"GEN24_1055032","Before","Singapore",5
"GEN24_1055033","After","Singapore",3
"GEN24_1055033","Before","Australia",28
"GEN24_1055036","Before","Singapore",3
"GEN24_1055039","After","New Caledonia",7
"GEN24_1055039","After","Singapore",1
"GEN24_1055041","After","England",1
"GEN24_1055041","After","Singapore",3
"GEN24_1055041","Before","Scotland",1
"GEN24_1055048","After","Singapore",2
"GEN24_1055069","After","Australia",3
"GEN24_1055078","Before","Australia",7
"GEN24_1055094","After","Australia",25
"GEN24_1055096","After","Australia",17
"GEN24_1055096","Before","Japan",17
"GEN24_1055117","Before","Australia",2
"GEN24_1055117","Before","China, People's Republic of",36
"GEN24_1055117","Before","Japan",50
"GEN24_1055118","After","Australia",4
"GEN24_1055118","Before","Australia",9
"GEN24_1055136","After","Australia",6
"GEN24_1055136","After","Fiji",3
"GEN24_1055138","After","Australia",14
"GEN24_1055150","After","Cook Islands",5
"GEN24_1055150","Before","Singapore",4
"GEN24_1055151","Before","Australia",10
"GEN24_1055151","Before","United Arab Emirates",1
"GEN24_1055187","After","Australia",1
"GEN24_1055187","Before","Australia",2
"GEN24_1055200","After","Singapore",2
"GEN24_1055200","Before","Singapore",2
"GEN24_1055205","After","Singapore",2
"GEN24_1055206","After","Singapore",2
"GEN24_1055236","Before","Australia",12
"GEN24_1055241","Before","Greece",7
"GEN24_1055241","Before","Thailand",9
"GEN24_1055241","Before","Viet Nam",1
"GEN24_1055241","Before","Wales",3
"GEN24_1055242","After","Australia",9
"GEN24_1055250","After","Australia",5
"GEN24_1055250","Before","Australia",5
"GEN24_1055260","Before","Singapore",2
"GEN24_1055270","After","Australia",14
"GEN24_1055274","After","Australia",4
"GEN24_1055274","Before","Australia",12
"GEN24_1055274","Before","Singapore",3
"GEN24_1055293","After","United States of America",4
"GEN24_1055293","Before","Australia",40
"GEN24_1055297","Before","Australia",60
"GEN24_1055345","Before","United States of America",3
"GEN24_1055352","After","Singapore",6
"GEN24_1055352","Before","United States of America",5
"GEN24_1055354","After","Singapore",6
"GEN24_1055354","Before","United States of America",6
"GEN24_1055355","After","Singapore",2
"GEN24_1055355","Before","Singapore",2
"GEN24_1055364","After","Singapore",2
"GEN24_1055364","Before","Singapore",2
"GEN24_1055384","Before","Australia",14
"GEN24_1055393","Before","Fiji",5
"GEN24_1055415","Before","Australia",4
"GEN24_1055431","After","Australia",3
"GEN24_1055441","After","Australia",6
"GEN24_1055441","After","United States of America",4
"GEN24_1055448","Before","Australia",7
"GEN24_1055451","After","Australia",6
"GEN24_1055451","Before","Australia",6
"GEN24_1055458","Before","Thailand",16
"GEN24_1055459","Before","Fiji",7
"GEN24_1055459","Before","United States of America",25
"GEN24_1055462","After","Hong Kong (Special Administrative Region)",3
"GEN24_1055462","Before","Australia",3
"GEN24_1055462","Before","Indonesia",5
"GEN24_1055468","Before","China, People's Republic of",1
"GEN24_1055469","Before","China, People's Republic of",1
"GEN24_1055477","After","Singapore",3
"GEN24_1055480","After","Singapore",1
"GEN24_1055480","Before","Australia",14
"GEN24_1055480","Before","Singapore",2
"GEN24_1055502","Before","Indonesia",14
"GEN24_1055514","After","Australia",7
"GEN24_1055529","After","Indonesia",7
"GEN24_1055529","Before","Indonesia",7
"GEN24_1055532","After","Australia",4
"GEN24_1055569","After","Fiji",10
"GEN24_1055569","Before","Australia",5
"GEN24_1055595","After","French Polynesia",3
"GEN24_1055595","Before","Hong Kong (Special Administrative Region)",2
"GEN24_1055603","After","Australia",4
"GEN24_1055613","After","Australia",3
"GEN24_1055628","After","United States of America",3
"GEN24_1055628","Before","Singapore",1
"GEN24_1055646","Before","Korea, Republic of",4
"GEN24_1055670","After","Australia",99
"GEN24_1055686","After","Singapore",2
"GEN24_1055691","After","Singapore",2
"GEN24_1055691","Before","Singapore",1
"GEN24_1055695","After","Singapore",1
"GEN24_1055696","After","Singapore",1
"GEN24_1055712","Before","Australia",1
"GEN24_1055731","After","Malaysia",8
"GEN24_1055731","Before","Malaysia",2
"GEN24_1055734","Before","Malaysia",2
"GEN24_1055743","After","Australia",3
"GEN24_1055744","After","Australia",90
"GEN24_1055757","After","Australia",15
"GEN24_1055757","Before","Malaysia",5
"GEN24_1055788","After","Thailand",99
"GEN24_1055788","Before","Australia",80
"GEN24_1055788","Before","Cambodia",30
"GEN24_1055788","Before","Laos",21
"GEN24_1055788","Before","Taiwan",10
"GEN24_1055799","Before","Australia",14
"GEN24_1055808","Before","Australia",28
"GEN24_1055829","After","Australia",30
"GEN24_1055829","After","Fiji",7
"GEN24_1055835","After","Australia",1
"GEN24_1055835","Before","Australia",17
"GEN24_1055840","After","Australia",5
"GEN24_1055840","After","Fiji",4
"GEN24_1055841","After","Australia",30
"GEN24_1055841","After","Fiji",25
"GEN24_1055841","After","Japan",16
"GEN24_1055841","Before","United States of America",3
"GEN24_1055852","After","Australia",90
"GEN24_1055852","Before","Australia",90
"GEN24_1055856","Before","United States of America",14
"GEN24_1055866","After","Hong Kong (Special Administrative Region)",5
"GEN24_1055885","Before","Australia",4
"GEN24_1055889","After","Australia",5
"GEN24_1055897","After","Australia",99
"GEN24_1055906","Before","Singapore",2
"GEN24_1055936","Before","Australia",9
"GEN24_1055943","After","India",2
"GEN24_1055943","Before","Australia",9
"GEN24_1055985","Before","Cambodia",2
"GEN24_1055985","Before","Japan",6
"GEN24_1055985","Before","Singapore",4
"GEN24_1055985","Before","Thailand",3
"GEN24_1055985","Before","United Arab Emirates",7
"GEN24_1056005","After","Australia",9
"GEN24_1056005","Before","Australia",1
"GEN24_1056016","After","Australia",3
"GEN24_1056018","After","Australia",5
"GEN24_1056034","After","Australia",3
"GEN24_1056064","After","Australia",70
"GEN24_1056064","Before","Australia",43
"GEN24_1056082","After","Australia",3
"GEN24_1056082","Before","Australia",3
"GEN24_1056082","Before","Singapore",2
"GEN24_1056114","Before","Australia",5
"GEN24_1056119","After","Australia",33
"GEN24_1056133","Before","Australia",5
"GEN24_1056133","Before","Singapore",1
"GEN24_1056160","After","Australia",1
"GEN24_1056179","Before","Australia",27
"GEN24_1056204","Before","Australia",3
"GEN24_1056212","After","Australia",40
"GEN24_1056227","Before","Thailand",5
"GEN24_1056236","Before","Australia",1
"GEN24_1056244","After","Australia",3
"GEN24_1056244","After","Singapore",1
"GEN24_1056244","Before","Singapore",1
"GEN24_1056249","After","Australia",2
"GEN24_1056249","Before","United States of America",4
"GEN24_1056266","Before","Australia",5
"GEN24_1056266","Before","China, People's Republic of",10
"GEN24_1056266","Before","Hong Kong (Special Administrative Region)",5
"GEN24_1056266","Before","Taiwan",5
"GEN24_1056266","Before","United States of America",5
"GEN24_1056270","After","Singapore",3
"GEN24_1056270","Before","Australia",11
"GEN24_1056273","After","Fiji",7
"GEN24_1056297","After","New Caledonia",30
"GEN24_1056297","Before","New Caledonia",30
"GEN24_1056308","Before","Australia",3
"GEN24_1056321","After","Australia",16
"GEN24_1056344","After","United States of America",24
"GEN24_1056347","Before","Australia",13
"GEN24_1056354","Before","Australia",23
"GEN24_1056364","Before","Australia",6
"GEN24_1056380","After","Singapore",1
"GEN24_1056380","Before","Singapore",5
"GEN24_1056381","After","Singapore",1
"GEN24_1056381","Before","Singapore",5
"GEN24_1056393","After","Singapore",2
"GEN24_1056393","Before","Singapore",2
"GEN24_1056414","After","Australia",31
"GEN24_1056467","After","Australia",90
"GEN24_1056467","Before","Australia",20
"GEN24_1056473","After","Australia",2
"GEN24_1056480","After","Australia",1
"GEN24_1056480","Before","Australia",1
"GEN24_1056488","After","French Polynesia",8
"GEN24_1056488","Before","Singapore",3
"GEN24_1056520","After","Singapore",3
"GEN24_1056520","Before","Singapore",5
"GEN24_1056536","After","Singapore",1
"GEN24_1056536","Before","Singapore",1
"GEN24_1056546","After","Australia",8
"GEN24_1056546","Before","Australia",10
"GEN24_1056568","Before","Singapore",2
"GEN24_1056570","Before","Malaysia",2
"GEN24_1056624","After","Australia",1
"GEN24_1056624","Before","Australia",1
"GEN24_1056649","Before","Australia",13
"GEN24_1056652","After","Malaysia",6
"GEN24_1056658","After","Egypt",16
"GEN24_1056658","Before","Australia",60
"GEN24_1056658","Before","Scotland",21
"GEN24_1056666","After","Australia",3
"GEN24_1056666","After","Cook Islands",10
"GEN24_1056678","Before","Singapore",2
"GEN24_1056684","Before","Australia",30
"GEN24_1056769","After","Australia",3
"GEN24_1056769","After","China, People's Republic of",1
"GEN24_1056769","Before","China, People's Republic of",1
"GEN24_1056776","Before","Australia",1
"GEN24_1056789","After","Australia",1
"GEN24_1056789","Before","Australia",1
"GEN24_1056796","Before","Australia",5
"GEN24_1056800","After","Australia",7
"GEN24_1056804","Before","Australia",12
"GEN24_1056809","After","Canada",2
"GEN24_1056814","After","Singapore",3
"GEN24_1056814","Before","Singapore",3
"GEN24_1056822","Before","Singapore",4
"GEN24_1056850","Before","Australia",19
"GEN24_1056889","After","Australia",2
"GEN24_1056889","Before","Australia",3
"GEN24_1056907","After","United States of America",1
"GEN24_1056907","Before","Australia",40
"GEN24_1056907","Before","Singapore",1
"GEN24_1056919","Before","Australia",22
"GEN24_1056919","Before","Canada",10
"GEN24_1056946","After","Singapore",2
"GEN24_1056957","Before","India",30
"GEN24_1056962","Before","Singapore",2
"GEN24_1056998","After","Australia",30
"GEN24_1057048","After","United Arab Emirates",1
"GEN24_1057048","Before","United Arab Emirates",2
"GEN24_1057088","After","Australia",3
"GEN24_1057088","Before","England",1
"GEN24_1057094","After","Singapore",3
"GEN24_1057094","Before","Singapore",2
"GEN24_1057096","Before","Samoa",10
"GEN24_1057099","Before","Australia",35
"GEN24_1057140","Before","Scotland",1
"GEN24_1057166","Before","Australia",19
"GEN24_1057187","After","Singapore",2
"GEN24_1057187","Before","Singapore",2
"GEN24_1057197","After","Australia",5
"GEN24_1057197","Before","Australia",8
"GEN24_1057199","After","Singapore",6
"GEN24_1057199","Before","Australia",90
"GEN24_1057199","Before","United Arab Emirates",10
"GEN24_1057216","After","United Arab Emirates",1
"GEN24_1057216","Before","United Arab Emirates",2
"GEN24_1057219","After","United Arab Emirates",1
"GEN24_1057219","Before","United Arab Emirates",2
"GEN24_1057232","After","Australia",5
"GEN24_1057239","Before","Philippines",21
"GEN24_1057239","Before","Thailand",21
"GEN24_1057239","Before","Viet Nam",14
"GEN24_1057255","After","Australia",10
"GEN24_1057256","After","Fiji",8
"GEN24_1057256","After","Singapore",1
"GEN24_1057256","Before","Australia",27
"GEN24_1057256","Before","Indonesia",28
"GEN24_1057256","Before","Malaysia",18
"GEN24_1057256","Before","Singapore",2
"GEN24_1057256","Before","Thailand",27
"GEN24_1057262","After","China, People's Republic of",29
"GEN24_1057262","Before","Cambodia",25
"GEN24_1057262","Before","Laos",20
"GEN24_1057262","Before","Thailand",5
"GEN24_1057262","Before","Viet Nam",25
"GEN24_1057295","After","Hong Kong (Special Administrative Region)",3
"GEN24_1057295","Before","United States of America",3
"GEN24_1057309","After","Australia",11
"GEN24_1057309","Before","Australia",20
"GEN24_1057320","Before","Australia",90
"GEN24_1057346","After","Australia",26
"GEN24_1057361","After","Australia",28
"GEN24_1057361","After","United States of America",3
"GEN24_1057361","Before","United States of America",3
"GEN24_1057406","After","Australia",7
"GEN24_1057406","After","England",7
"GEN24_1057406","Before","Australia",17
"GEN24_1057406","Before","England",7
"GEN24_1057407","Before","Australia",9
"GEN24_1057426","After","Australia",9
"GEN24_1057426","Before","Australia",10
"GEN24_1057443","After","Australia",3
"GEN24_1057443","Before","Singapore",1
"GEN24_1057445","After","New Caledonia",30
"GEN24_1057445","Before","New Caledonia",30
"GEN24_1057450","Before","Australia",35
"GEN24_1057457","After","Australia",4
"GEN24_1057457","Before","Australia",4
"GEN24_1057460","Before","Australia",14
"GEN24_1057463","Before","Indonesia",5
"GEN24_1057479","Before","England",1
"GEN24_1057494","After","Hong Kong (Special Administrative Region)",3
"GEN24_1057494","Before","Australia",21
"GEN24_1057495","Before","Australia",12
"GEN24_1057496","After","Singapore",1
"GEN24_1057496","Before","Singapore",1
"GEN24_1057518","After","Australia",27
"GEN24_1057518","Before","United States of America",1
"GEN24_1057563","Before","Australia",6
"GEN24_1057582","Before","Australia",14
"GEN24_1057598","After","Singapore",2
"GEN24_1057598","Before","Singapore",2
"GEN24_1057605","After","Australia",13
"GEN24_1057605","After","Singapore",4
"GEN24_1057605","Before","Australia",13
"GEN24_1057605","Before","Singapore",4
"GEN24_1057613","After","Australia",1
"GEN24_1057613","Before","Australia",1
"GEN24_1057614","After","Australia",10
"GEN24_1057687","Before","Japan",3
"GEN24_1057702","Before","Japan",5
"GEN24_1057709","After","Fiji",6
"GEN24_1057709","Before","Singapore",3
"GEN24_1057723","After","Cook Islands",3
"GEN24_1057752","After","Australia",1
"GEN24_1057752","Before","Australia",5
"GEN24_1057775","Before","Australia",36
"GEN24_1057782","After","Australia",1
"GEN24_1057782","Before","Australia",1
"GEN24_1057785","After","United Arab Emirates",1
"GEN24_1057788","After","Australia",60
"GEN24_1057788","Before","Thailand",54
"GEN24_1057814","After","United Arab Emirates",4
"GEN24_1057814","Before","United Arab Emirates",2
"GEN24_1057834","After","Singapore",4
"GEN24_1057834","Before","Canada",4
"GEN24_1057843","After","Singapore",2
"GEN24_1057843","Before","Singapore",1
"GEN24_1057849","After","Australia",35
"GEN24_1057849","After","Singapore",5
"GEN24_1057849","Before","United States of America",3
"GEN24_1057870","After","Australia",10
"GEN24_1057895","After","Australia",5
"GEN24_1057895","Before","Australia",10
"GEN24_1057920","Before","Australia",1
"GEN24_1057939","Before","Australia",10
"GEN24_1057950","Before","United Arab Emirates",1
"GEN24_1057954","Before","Malaysia",1
"GEN24_1057956","After","Singapore",1
"GEN24_1057961","After","Australia",7
"GEN24_1057963","After","Maldives",6
"GEN24_1058004","After","Australia",1
"GEN24_1058004","Before","Australia",3
"GEN24_1058059","Before","Japan",10
"GEN24_1058068","After","Fiji",12
"GEN24_1058069","After","Fiji",4
"GEN24_1058069","Before","Australia",20
"GEN24_1058069","Before","Switzerland",9
"GEN24_1058069","Before","United States of America",90
"GEN24_1058088","Before","Singapore",1
"GEN24_1058106","After","Australia",12
"GEN24_1058106","Before","United States of America",4
"GEN24_1058108","After","Cook Islands",5
"GEN24_1058108","Before","China, People's Republic of",2
"GEN24_1058118","After","Australia",1
"GEN24_1058118","Before","Australia",1
"GEN24_1058123","After","Australia",1
"GEN24_1058123","Before","Australia",1
"GEN24_1058148","After","Australia",10
"GEN24_1058148","Before","Australia",36
"GEN24_1058156","After","Australia",7
"GEN24_1058156","After","Singapore",1
"GEN24_1058156","After","United Arab Emirates",1
"GEN24_1058156","Before","Australia",26
"GEN24_1058156","Before","Singapore",3
"GEN24_1058156","Before","United Arab Emirates",1
"GEN24_1058160","After","Singapore",2
"GEN24_1058160","Before","Australia",15
"GEN24_1058160","Before","Singapore",4
"GEN24_1058167","After","China, People's Republic of",1
"GEN24_1058167","Before","Australia",99
"GEN24_1058190","After","Australia",5
"GEN24_1058190","Before","Australia",10
"GEN24_1058195","After","Australia",36
"GEN24_1058202","After","Australia",99
"GEN24_1058202","Before","Australia",99
"GEN24_1058228","After","Singapore",3
"GEN24_1058228","Before","Singapore",10
"GEN24_1058233","After","Singapore",2
"GEN24_1058233","Before","Singapore",2
"GEN24_1058292","After","Australia",1
"GEN24_1058297","Before","Australia",3
"GEN24_1058316","After","Australia",30
"GEN24_1058316","After","Belgium",4
"GEN24_1058316","After","Greece",8
"GEN24_1058331","After","Hong Kong (Special Administrative Region)",5
"GEN24_1058331","After","Japan",5
"GEN24_1058331","After","Korea, Republic of",5
"GEN24_1058331","After","Taiwan",14
"GEN24_1058331","Before","Japan",5
"GEN24_1058331","Before","Korea, Republic of",5
"GEN24_1058331","Before","Taiwan",14
"GEN24_1058371","After","Australia",38
"GEN24_1058371","Before","Australia",10
"GEN24_1058371","Before","Indonesia",58
"GEN24_1058376","After","Australia",4
"GEN24_1058376","Before","Australia",4
"GEN24_1058441","After","Australia",10
"GEN24_1058441","Before","Australia",20
"GEN24_1058442","After","Indonesia",28
"GEN24_1058442","After","Malaysia",21
"GEN24_1058442","After","Singapore",5
"GEN24_1058442","After","Thailand",20
"GEN24_1058442","Before","Australia",51
"GEN24_1058455","After","Australia",59
"GEN24_1058455","Before","Australia",50
"GEN24_1058475","After","Australia",6
"GEN24_1058475","After","United States of America",18
"GEN24_1058475","Before","United States of America",9
"GEN24_1058480","After","Australia",11
"GEN24_1058521","Before","Australia",9
"GEN24_1058521","Before","Fiji",4
"GEN24_1058541","Before","Australia",12
"GEN24_1058577","After","Fiji",5
"GEN24_1058581","After","Australia",1
"GEN24_1058581","Before","Australia",99
"GEN24_1058652","After","Singapore",3
"GEN24_1058652","Before","Australia",10
"GEN24_1058652","Before","Thailand",3
"GEN24_1058675","Before","Singapore",5
"GEN24_1058702","After","Australia",4
"GEN24_1058702","Before","Australia",7
"GEN24_1058719","After","Australia",5
"GEN24_1058719","Before","Australia",5
"GEN24_1058719","Before","Tonga",90
"GEN24_1058769","After","Australia",1
"GEN24_1058789","Before","Australia",2
"GEN24_1058833","After","China, People's Republic of",5
"GEN24_1058833","Before","China, People's Republic of",4
"GEN24_1058852","After","Jamaica",14
"GEN24_1058852","After","Japan",7
"GEN24_1058852","After","Laos",14
"GEN24_1058852","After","Thailand",3
"GEN24_1058852","After","United States of America",18
"GEN24_1058852","Before","Indonesia",20
"GEN24_1058866","Before","Laos",10
"GEN24_1058866","Before","Thailand",30
"GEN24_1058866","Before","Viet Nam",45
"GEN24_1058868","Before","United States of America",3
"GEN24_1058934","After","United States of America",13
"GEN24_1058935","After","United States of America",10
"GEN24_1058993","After","Bahamas",2
"GEN24_1058993","After","Canada",12
"GEN24_1058993","After","Ecuador",4
"GEN24_1058993","After","French Polynesia",6
"GEN24_1058993","After","United States of America",21
"GEN24_1058993","Before","Australia",14
"GEN24_1058993","Before","Fiji",3
"GEN24_1058993","Before","Laos",7
"GEN24_1058993","Before","Singapore",1
"GEN24_1058993","Before","Vanuatu",3
"GEN24_1059005","After","French Polynesia",7
"GEN24_1059015","After","Australia",5
"GEN24_1059021","After","Australia",1
"GEN24_1059035","After","Japan",1
"GEN24_1059049","After","Singapore",1
"GEN24_1059049","Before","Singapore",1
"GEN24_1059090","After","Australia",13
"GEN24_1059103","After","Australia",2
"GEN24_1059107","Before","Malaysia",11
"GEN24_1059122","After","Fiji",7
"GEN24_1059122","After","Indonesia",14
"GEN24_1059122","After","Thailand",3
"GEN24_1059131","After","Malaysia",3
"GEN24_1059131","Before","Malaysia",3
"GEN24_1059171","After","Australia",1
"GEN24_1059171","Before","Australia",2
"GEN24_1059214","After","Australia",1
"GEN24_1059218","After","Australia",1
"GEN24_1059218","Before","Australia",1
"GEN24_1059235","After","Finland",4
"GEN24_1059235","After","Sweden",4
"GEN24_1059235","Before","Faeroe Islands",14
"GEN24_1059235","Before","Iceland",14
"GEN24_1059235","Before","Norway",14
"GEN24_1059252","After","Fiji",14
"GEN24_1059252","Before","Thailand",21
"GEN24_1059255","Before","Singapore",3
"GEN24_1059293","After","Australia",1
"GEN24_1059293","Before","Australia",1
"GEN24_1059294","After","Australia",2
"GEN24_1059296","Before","Malaysia",1
"GEN24_1059321","Before","Australia",7
"GEN24_1059375","After","Singapore",3
"GEN24_1059415","After","Australia",12
"GEN24_1059418","After","Australia",1
"GEN24_1059418","Before","Australia",10
"GEN24_1059419","After","Australia",14
"GEN24_1059436","After","Australia",99
"GEN24_1059436","Before","Australia",99
"GEN24_1059446","After","Australia",1
"GEN24_1059498","Before","Australia",7
"GEN24_1059498","Before","United States of America",1
"GEN24_1059513","After","Australia",6
"GEN24_1059513","Before","Australia",1
"GEN24_1059513","Before","Mauritius",8
"GEN24_1059588","Before","Australia",20
"GEN24_1059593","Before","Argentina",5
"GEN24_1059593","Before","Chile",2
"GEN24_1059593","Before","United States of America",30
"GEN24_1059594","Before","Australia",90
"GEN24_1059616","After","Australia",21
"GEN24_1059621","Before","Fiji",6
"GEN24_1059644","After","Australia",4
"GEN24_1059644","After","Singapore",1
"GEN24_1059695","Before","Australia",40
"GEN24_1059702","After","Australia",8
"GEN24_1059702","After","Saudi Arabia",2
"GEN24_1059702","Before","Japan",3
"GEN24_1059705","Before","Australia",12
"GEN24_1059705","Before","Japan",15
"GEN24_1059707","Before","Australia",14
"GEN24_1059717","After","Australia",10
"GEN24_1059717","After","Viet Nam",14
"GEN24_1059717","Before","Australia",99
"GEN24_1059778","After","United States of America",3
"GEN24_1059778","Before","Australia",3
"GEN24_1059829","After","Singapore",4
"GEN24_1059829","Before","Germany",1
"GEN24_1059856","After","Japan",13
"GEN24_1059856","Before","Indonesia",28
"GEN24_1059864","After","Australia",14
"GEN24_1059864","After","Canada",2
"GEN24_1059864","After","United States of America",5
"GEN24_1059864","Before","Australia",21
"GEN24_1059866","Before","Australia",1
"GEN24_1059882","After","Fiji",9
"GEN24_1059882","Before","Australia",90
"GEN24_1059882","Before","Canada",30
"GEN24_1059882","Before","England",30
"GEN24_1059930","After","French Polynesia",8
"GEN24_1059930","Before","Australia",4
"GEN24_1059930","Before","Japan",12
"GEN24_1059933","After","French Polynesia",5
"GEN24_1059933","Before","French Polynesia",5
"GEN24_1059951","Before","United Arab Emirates",1
"GEN24_1060031","After","Australia",10
"GEN24_1060031","Before","Cook Islands",12
"GEN24_1060050","After","Canada",1
"GEN24_1060050","Before","Australia",16
"GEN24_1060055","After","Canada",2
"GEN24_1060061","Before","Australia",3
"GEN24_1060063","Before","Japan",5
"GEN24_1060063","Before","Thailand",12
"GEN24_1060087","After","Australia",30
"GEN24_1060087","After","Thailand",30
"GEN24_1060156","After","Australia",5
"GEN24_1060161","Before","Australia",5
"GEN24_1060165","After","Australia",60
"GEN24_1060180","After","Singapore",10
"GEN24_1060180","Before","Australia",60
"GEN24_1060189","Before","Japan",5
"GEN24_1060189","Before","Korea, Republic of",4
"GEN24_1060189","Before","Taiwan",3
"GEN24_1060191","Before","Cyprus",30
"GEN24_1060203","After","Australia",17
"GEN24_1060203","Before","Australia",1
"GEN24_1060217","After","Australia",4
"GEN24_1060217","Before","Australia",14
"GEN24_1060309","After","Singapore",1
"GEN24_1060309","Before","Singapore",3
"GEN24_1060318","Before","Australia",14
"GEN24_1060318","Before","Japan",10
"GEN24_1060318","Before","Korea, Republic of",8
"GEN24_1060318","Before","United Arab Emirates",5
"GEN24_1060352","After","Australia",17
"GEN24_1060352","Before","Australia",10
"GEN24_1060367","Before","Australia",10
"GEN24_1060369","After","Australia",7
"GEN24_1060370","After","United States of America",3
"GEN24_1060370","Before","Canada",2
"GEN24_1060391","Before","Cook Islands",1
"GEN24_1060391","Before","Hong Kong (Special Administrative Region)",1
"GEN24_1060391","Before","Singapore",1
"GEN24_1060391","Before","Thailand",2
"GEN24_1060410","After","Australia",6
"GEN24_1060412","After","Australia",1
"GEN24_1060412","Before","Australia",1
"GEN24_1060420","Before","Australia",1
"GEN24_1060425","After","Australia",4
"GEN24_1060425","Before","Singapore",3
"GEN24_1060425","Before","Thailand",4
"GEN24_1060527","After","Australia",4
"GEN24_1060527","After","Singapore",6
"GEN24_1060527","Before","Singapore",4
"GEN24_1060529","Before","Australia",30
"GEN24_1060574","After","Australia",8
"GEN24_1060626","After","Australia",14
"GEN24_1060626","After","Cook Islands",8
"GEN24_1060626","After","French Polynesia",21
"GEN24_1060641","After","China, People's Republic of",11
"GEN24_1060641","After","Japan",10
"GEN24_1060641","After","Korea, Republic of",12
"GEN24_1060641","Before","Australia",10
"GEN24_1060641","Before","China, People's Republic of",14
"GEN24_1060641","Before","Hong Kong (Special Administrative Region)",7
"GEN24_1060641","Before","Singapore",6
"GEN24_1060641","Before","Taiwan",10
"GEN24_1060653","After","Korea, Republic of",3
"GEN24_1060653","Before","Australia",5
"GEN24_1060653","Before","Singapore",2
"GEN24_1060670","After","Fiji",1
"GEN24_1060670","Before","Fiji",1
"GEN24_1060679","Before","Australia",2
"GEN24_1060713","After","Australia",1
"GEN24_1060742","Before","Japan",4
"GEN24_1060766","Before","Australia",1
"GEN24_1060784","Before","Australia",4
"GEN24_1060871","After","Australia",1
"GEN24_1060871","Before","Australia",1
"GEN24_1060880","Before","Australia",30
"GEN24_1060880","Before","Thailand",21
"GEN24_1060880","Before","Viet Nam",16
"GEN24_1060881","Before","Australia",10
"GEN24_1060911","After","Australia",1
"GEN24_1060911","Before","Australia",1
"GEN24_1060974","After","Australia",2
"GEN24_1060995","After","United States of America",4
"GEN24_1060995","Before","Fiji",4
"GEN24_1061000","After","China, People's Republic of",6
"GEN24_1061000","After","Japan",4
"GEN24_1061000","After","Mexico",5
"GEN24_1061000","Before","Australia",13
"GEN24_1061023","After","Australia",4
"GEN24_1061023","Before","Australia",7
"GEN24_1061084","Before","Hong Kong (Special Administrative Region)",2
"GEN24_1061105","After","Australia",2
"GEN24_1061105","Before","Australia",1
"GEN24_1061117","Before","Australia",5
"GEN24_1061139","After","United Arab Emirates",20
"GEN24_1061139","Before","United Arab Emirates",5
"GEN24_1061207","Before","Australia",1
"GEN24_1061211","After","Australia",14
"GEN24_1061211","After","Singapore",3
"GEN24_1061211","Before","Australia",14
"GEN24_1061211","Before","Korea, Republic of",14
"GEN24_1061211","Before","Singapore",6
"GEN24_1061247","After","Australia",3
"GEN24_1061265","After","Viet Nam",18
"GEN24_1061301","Before","Australia",30
"GEN24_1061301","Before","Indonesia",60
"GEN24_1061314","Before","Cook Islands",13
"GEN24_1061337","After","Australia",99
"GEN24_1061359","After","Australia",4
"GEN24_1061368","After","Singapore",2
"GEN24_1061370","Before","Australia",6
"GEN24_1061370","Before","India",30
"GEN24_1061382","After","Australia",99
"GEN24_1061382","Before","Australia",35
"GEN24_1061426","After","Australia",1
"GEN24_1061426","Before","Australia",10
"GEN24_1061437","Before","Australia",6
"GEN24_1061444","After","Australia",3
"GEN24_1061444","Before","Australia",3
"GEN24_1061463","Before","Australia",6
"GEN24_1061498","After","China, People's Republic of",1
"GEN24_1061516","Before","Australia",30
"GEN24_1061518","After","Papua New Guinea",99
"GEN24_1061595","After","Singapore",1
"GEN24_1061657","After","United Arab Emirates",2
"GEN24_1061657","Before","Australia",9
"GEN24_1061670","After","Thailand",8
"GEN24_1061690","Before","Australia",7
"GEN24_1061703","After","Australia",10
"GEN24_1061710","Before","Australia",14
"GEN24_1061729","After","Cook Islands",5
"GEN24_1061731","Before","Cook Islands",5
"GEN24_1061750","After","Indonesia",60
"GEN24_1061750","Before","Japan",30
"GEN24_1061757","After","Australia",45
"GEN24_1061758","After","Australia",1
"GEN24_1061758","Before","United States of America",1
"GEN24_1061768","Before","Australia",1
"GEN24_1061816","After","United States of America",19
"GEN24_1061816","Before","Australia",60
"GEN24_1061821","After","Australia",7
"GEN24_1061827","After","Australia",2
"GEN24_1061827","Before","Australia",14
"GEN24_1061833","After","Australia",4
"GEN24_1061835","After","Australia",14
"GEN24_1061835","Before","Australia",3
"GEN24_1061840","After","United States of America",1
"GEN24_1061840","Before","Cook Islands",12
"GEN24_1061840","Before","United States of America",4
"GEN24_1061843","After","Hong Kong (Special Administrative Region)",1
"GEN24_1061843","Before","China, People's Republic of",1
"GEN24_1061865","After","Australia",1
"GEN24_1061865","Before","Australia",99
"GEN24_1061866","Before","Australia",6
"GEN24_1061878","After","Australia",90
"GEN24_1061878","Before","Australia",45
"GEN24_1061907","Before","Australia",15
"GEN24_1061969","Before","Singapore",3
"GEN24_1062006","Before","Australia",1
"GEN24_1062037","After","Australia",4
"GEN24_1062037","Before","Australia",3
"GEN24_1062038","Before","Australia",1
"GEN24_1062045","After","Australia",12
"GEN24_1062154","Before","Australia",6
"GEN24_1062156","After","Japan",25
"GEN24_1062156","After","Taiwan",7
"GEN24_1062156","Before","Japan",14
"GEN24_1062204","After","Australia",14
"GEN24_1062215","After","Australia",1
"GEN24_1062215","Before","Australia",1
"GEN24_1062235","Before","England",1
"GEN24_1062243","Before","Australia",1
"GEN24_1062250","After","Australia",1
"GEN24_1062250","Before","Australia",1
"GEN24_1062260","Before","Philippines",1
"GEN24_1062287","Before","Malaysia",1
"GEN24_1062290","Before","Canada",21
"GEN24_1062306","After","Indonesia",55
"GEN24_1062306","Before","Bolivia",25
"GEN24_1062306","Before","French Polynesia",15
"GEN24_1062306","Before","Peru",20
"GEN24_1062306","Before","United States of America",2
"GEN24_1062333","After","Australia",4
"GEN24_1062333","Before","United States of America",1
"GEN24_1062358","Before","Australia",90
"GEN24_1062449","Before","Australia",60
"GEN24_1062460","After","Australia",10
"GEN24_1062460","Before","Australia",1
"GEN24_1062482","After","Australia",13
"GEN24_1062486","After","Australia",30
"GEN24_1062486","Before","Australia",14
"GEN24_1062486","Before","Philippines",90
"GEN24_1062546","Before","Australia",1
"GEN24_1062561","Before","Indonesia",5
"GEN24_1062561","Before","Korea, Republic of",4
"GEN24_1062565","Before","Australia",13
"GEN24_1062570","Before","Indonesia",99
"GEN24_1062570","Before","Japan",99
"GEN24_1062570","Before","Singapore",29
"GEN24_1062602","After","Australia",3
"GEN24_1062605","After","Samoa",14
"GEN24_1062605","Before","Australia",19
"GEN24_1062605","Before","Indonesia",29
"GEN24_1062605","Before","Thailand",29
"GEN24_1062655","After","Australia",6
"GEN24_1062655","Before","United States of America",6
"GEN24_1062714","Before","Australia",4
"GEN24_1062720","After","Australia",4
"GEN24_1062742","After","Australia",6
"GEN24_1062796","After","Australia",99
"GEN24_1062796","Before","Australia",99
"GEN24_1062832","After","Fiji",3
"GEN24_1062878","After","Australia",99
"GEN24_1062878","Before","Australia",99
"GEN24_1062888","After","Australia",3
"GEN24_1062888","After","Fiji",3
"GEN24_1062938","After","Philippines",30
"GEN24_1062938","Before","Australia",7
"GEN24_1062938","Before","India",14
"GEN24_1062938","Before","Philippines",15
"GEN24_1062944","After","Japan",14
"GEN24_1062944","After","Thailand",29
"GEN24_1062944","Before","Australia",90
"GEN24_1062945","Before","Australia",90
"GEN24_1062955","After","Australia",6
"GEN24_1062972","Before","Japan",3
"GEN24_1062972","Before","Thailand",2
"GEN24_1062985","After","Hong Kong (Special Administrative Region)",1
"GEN24_1063000","Before","Australia",7
"GEN24_1063006","After","United States of America",10
"GEN24_1063006","Before","United States of America",1
"GEN24_1063031","After","Australia",8
"GEN24_1063091","After","Australia",4
"GEN24_1063091","Before","Japan",12
"GEN24_1063107","After","Australia",1
"GEN24_1063107","After","Solomon Islands",4
"GEN24_1063107","Before","United States of America",13
"GEN24_1063117","Before","China, People's Republic of",3
"GEN24_1063117","Before","Hong Kong (Special Administrative Region)",3
"GEN24_1063117","Before","Japan",8
"GEN24_1063131","After","Australia",10
"GEN24_1063153","After","Australia",1
"GEN24_1063159","Before","Iceland",15
"GEN24_1063159","Before","Japan",30
"GEN24_1063159","Before","Korea, Democratic People's Republic of",60
"GEN24_1063183","After","Australia",8
"GEN24_1063183","Before","Australia",3
"GEN24_1063191","Before","Australia",1
"GEN24_1063191","Before","England",1
"GEN24_1063191","Before","Northern Ireland",1
"GEN24_1063191","Before","Scotland",1
"GEN24_1063191","Before","Wales",1
"GEN24_1063227","Before","Cambodia",30
"GEN24_1063227","Before","Philippines",21
"GEN24_1063227","Before","Viet Nam",30
"GEN24_1063232","After","England",15
"GEN24_1063232","After","Japan",12
"GEN24_1063232","After","Thailand",6
"GEN24_1063232","Before","England",25
"GEN24_1063232","Before","Germany",25
"GEN24_1063232","Before","Japan",70
"GEN24_1063232","Before","Thailand",40
"GEN24_1063236","Before","China, People's Republic of",6
"GEN24_1063236","Before","Taiwan",7
"GEN24_1063341","Before","Australia",2
"GEN24_1063346","After","Australia",6
"GEN24_1063428","Before","Hong Kong (Special Administrative Region)",1
"GEN24_1063496","After","Fiji",6
"GEN24_1063496","Before","Indonesia",30
"GEN24_1063511","After","Cook Islands",30
"GEN24_1063511","After","Japan",5
"GEN24_1063518","After","Australia",20
"GEN24_1063554","After","Japan",1
"GEN24_1063585","After","Qatar",1
"GEN24_1063606","Before","Australia",1
"GEN24_1063642","After","Australia",1
"GEN24_1063642","Before","Australia",1
"GEN24_1063661","Before","Tonga",1
"GEN24_1063670","Before","Australia",6
"GEN24_1063702","After","Australia",1
"GEN24_1063702","Before","Australia",8
"GEN24_1063708","Before","Australia",16
"GEN24_1063742","After","Tonga",11
"GEN24_1063763","Before","Australia",1
"GEN24_1063764","Before","England",10
"GEN24_1063764","Before","Ireland",4
"GEN24_1063764","Before","Scotland",3
"GEN24_1063764","Before","Switzerland",5
"GEN24_1063764","Before","United States of America",25
"GEN24_1063769","Before","Australia",8
"GEN24_1063823","After","United States of America",1
"GEN24_1063823","Before","United States of America",1
"GEN24_1063916","After","Cook Islands",2
"GEN24_1063916","Before","Australia",4
"GEN24_1063930","After","China, People's Republic of",29
"GEN24_1064015","After","Australia",5
"GEN24_1064015","After","Indonesia",10
"GEN24_1064015","After","Singapore",4
"GEN24_1064015","Before","Australia",4
"GEN24_1064023","Before","Hong Kong (Special Administrative Region)",2
"GEN24_1064074","After","Australia",3
"GEN24_1064074","Before","Australia",3
"GEN24_1064087","After","Philippines",14
"GEN24_1064105","After","Australia",9
"GEN24_1064126","After","Cook Islands",8
"GEN24_1064135","After","Australia",14
"GEN24_1064135","Before","Fiji",32
"GEN24_1064210","After","Indonesia",90
"GEN24_1064210","After","Thailand",20
"GEN24_1064210","Before","Australia",20
"GEN24_1064255","After","Australia",4
"GEN24_1064255","After","Singapore",3
"GEN24_1064255","Before","Australia",10
"GEN24_1064274","After","Australia",3
"GEN24_1064306","Before","Australia",4
"GEN24_1064326","After","Australia",3
"GEN24_1064326","After","Indonesia",9
"GEN24_1064355","After","Cook Islands",14
"GEN24_1064377","Before","Australia",20
"GEN24_1064399","After","Australia",20
"GEN24_1064399","Before","Australia",1
"GEN24_1064408","After","Luxembourg",10
"GEN24_1064408","Before","Italy",30
"GEN24_1064408","Before","Turkey",30
"GEN24_1064520","After","Australia",76
"GEN24_1064520","After","French Polynesia",14
"GEN24_1064520","After","Japan",14
"GEN24_1064520","After","Malaysia",9
"GEN24_1064520","After","Singapore",3
"GEN24_1064540","After","Hong Kong (Special Administrative Region)",9
"GEN24_1064540","Before","Hong Kong (Special Administrative Region)",3
"GEN24_1064573","Before","Australia",1
"GEN24_1064837","After","Hong Kong (Special Administrative Region)",1
"GEN24_1064844","Before","Australia",21
"GEN24_1064844","Before","Singapore",3
"GEN24_1064844","Before","Spain",7
"GEN24_1064855","Before","Australia",1
"GEN24_1064902","Before","Fiji",1
"GEN24_1064913","After","England",10
"GEN24_1064913","After","Germany",5
"GEN24_1064913","After","Japan",10
"GEN24_1064913","After","United States of America",20
"GEN24_1064913","Before","Australia",99
"GEN24_1064913","Before","China, People's Republic of",99
"GEN24_1064913","Before","Hong Kong (Special Administrative Region)",10
"GEN24_1064913","Before","Korea, Republic of",15
"GEN24_1064941","Before","Australia",4
"GEN24_1064963","After","Australia",30
"GEN24_1065072","Before","Australia",12
"GEN24_1065085","After","Japan",15
"GEN24_1065090","Before","Australia",3
"GEN24_1065112","After","Australia",12
"GEN24_1065220","After","United States of America",1
"GEN24_1065263","After","Japan",10
"GEN24_1065263","Before","Australia",10
"GEN24_1065279","After","Australia",15
"GEN24_1065300","After","Ireland",5
"GEN24_1065300","After","Scotland",3
"GEN24_1065300","After","Viet Nam",1
"GEN24_1065300","After","Wales",2
"GEN24_1065300","Before","Australia",9
"GEN24_1065300","Before","Cambodia",1
"GEN24_1065300","Before","Japan",30
"GEN24_1065324","Before","Germany",1
"GEN24_1065336","After","Germany",6
"GEN24_1065393","Before","Australia",1
"GEN24_1065420","After","Australia",10
"GEN24_1065420","Before","Australia",10
"GEN24_1065421","After","Japan",5
"GEN24_1065421","After","Thailand",14
"GEN24_1065421","Before","Japan",5
"GEN24_1065421","Before","Thailand",14
"GEN24_1065433","After","Australia",14
"GEN24_1065433","Before","Australia",15
"GEN24_1065445","Before","France",10
"GEN24_1065445","Before","Russia",8
"GEN24_1065445","Before","Singapore",15
"GEN24_1065445","Before","Spain",9
"GEN24_1065465","After","Singapore",20
"GEN24_1065465","After","Thailand",5
"GEN24_1065465","Before","Singapore",7
"GEN24_1065517","After","Australia",1
"GEN24_1065517","Before","Australia",9
"GEN24_1065527","Before","Australia",60
"GEN24_1065539","After","Singapore",1
"GEN24_1065539","Before","Australia",72
"GEN24_1065548","Before","Singapore",5
"GEN24_1065583","After","United Arab Emirates",3
"GEN24_1065679","Before","Australia",3
"GEN24_1065680","Before","United Arab Emirates",1
"GEN24_1065728","After","Japan",20
"GEN24_1065728","After","Korea, Republic of",20
"GEN24_1065728","After","Singapore",5
"GEN24_1065753","After","French Polynesia",5
"GEN24_1065781","Before","Australia",17
"GEN24_1065786","After","Australia",12
"GEN24_1065786","Before","Australia",12
"GEN24_1065904","Before","Australia",9
"GEN24_1065904","Before","United States of America",3
"GEN24_1065936","After","Canada",25
"GEN24_1065936","Before","Australia",90
"GEN24_1065936","Before","Fiji",14
"GEN24_1065966","After","Singapore",3
"GEN24_1065966","Before","Hong Kong (Special Administrative Region)",2
"GEN24_1065966","Before","Singapore",3
"GEN24_1065980","After","Singapore",1
"GEN24_1065996","After","Australia",3
"GEN24_1066027","After","United States of America",2
"GEN24_1066028","After","Australia",24
"GEN24_1066049","After","United Arab Emirates",1
"GEN24_1066085","Before","Australia",2
"GEN24_1066087","Before","Australia",1
"GEN24_1066095","After","Australia",2
"GEN24_1066095","Before","Australia",2
"GEN24_1066122","Before","Australia",3
"GEN24_1066168","Before","Australia",99
"GEN24_1066188","After","Australia",60
"GEN24_1066188","Before","Australia",38
"GEN24_1066190","After","Singapore",3
"GEN24_1066190","After","Thailand",1
"GEN24_1066190","Before","Australia",99
"GEN24_1066210","After","Cook Islands",8
"GEN24_1066210","Before","Australia",2
"GEN24_1066210","Before","Singapore",3
"GEN24_1066211","After","Cook Islands",8
"GEN24_1066211","Before","Australia",2
"GEN24_1066211","Before","Singapore",3
"GEN24_1066211","Before","United Arab Emirates",1
"GEN24_1066286","After","Australia",1
"GEN24_1066319","Before","Australia",7
"GEN24_1066361","Before","Australia",7
"GEN24_1066368","Before","Canada",20
"GEN24_1066368","Before","United States of America",7
"GEN24_1066391","Before","United Arab Emirates",3
"GEN24_1066443","After","Australia",8
"GEN24_1066466","After","Singapore",1
"GEN24_1066466","Before","Singapore",1
"GEN24_1066489","After","Australia",1
"GEN24_1066489","Before","Australia",15
"GEN24_1066586","After","Denmark",4
"GEN24_1066586","After","Norway",10
"GEN24_1066598","After","Australia",20
"GEN24_1066598","Before","Australia",20
"GEN24_1066603","After","Australia",23
"GEN24_1066608","After","Australia",99
"GEN24_1066621","After","Australia",3
"GEN24_1066621","After","China, People's Republic of",20
"GEN24_1066663","After","Indonesia",8
"GEN24_1066663","After","Thailand",3
"GEN24_1066663","Before","Korea, Republic of",2
"GEN24_1066665","Before","China, People's Republic of",1
"GEN24_1066725","After","Australia",99
"GEN24_1066725","Before","Australia",99
"GEN24_1066728","Before","Australia",1
"GEN24_1066756","Before","Australia",6
"GEN24_1066797","After","Indonesia",8
"GEN24_1066805","Before","Australia",4
"GEN24_1066807","After","Australia",2
"GEN24_1066807","Before","Australia",2
"GEN24_1066863","After","Australia",3
"GEN24_1066863","After","Thailand",7
"GEN24_1066863","After","Viet Nam",7
"GEN24_1066894","After","Singapore",1
"GEN24_1066898","After","Japan",4
"GEN24_1066946","After","Australia",8
"GEN24_1066946","Before","Fiji",4
"GEN24_1066957","After","Fiji",5
"GEN24_1066958","Before","Australia",99
"GEN24_1066967","After","China, People's Republic of",1
"GEN24_1066967","Before","China, People's Republic of",1
"GEN24_1067081","After","China, People's Republic of",14
"GEN24_1067081","After","Hong Kong (Special Administrative Region)",3
"GEN24_1067081","After","India",12
"GEN24_1067081","Before","Australia",22
"GEN24_1067081","Before","Cambodia",9
"GEN24_1067081","Before","Laos",12
"GEN24_1067081","Before","Thailand",20
"GEN24_1067111","After","Australia",10
"GEN24_1067111","Before","Australia",3
"GEN24_1067157","Before","Japan",7
"GEN24_1067230","Before","Australia",30
"GEN24_1067230","Before","United Arab Emirates",1
"GEN24_1067233","Before","United Arab Emirates",1
"GEN24_1067284","After","Singapore",2
"GEN24_1067286","Before","Thailand",6
"GEN24_1067290","Before","Singapore",1
"GEN24_1067295","Before","Australia",8
"GEN24_1067298","After","Australia",21
"GEN24_1067298","Before","Australia",10
"GEN24_1067304","After","Australia",1
"GEN24_1067323","Before","Japan",5
"GEN24_1067323","Before","Portugal",3
"GEN24_1067323","Before","Singapore",5
"GEN24_1067323","Before","Spain",5
"GEN24_1067335","After","United Arab Emirates",4
"GEN24_1067437","After","Australia",10
"GEN24_1067437","Before","Australia",10
"GEN24_1067437","Before","United States of America",26
"GEN24_1067456","After","Australia",14
"GEN24_1067456","Before","Taiwan",2
"GEN24_1067460","After","Australia",4
"GEN24_1067460","Before","Australia",6
"GEN24_1067495","Before","Australia",13
"GEN24_1067531","Before","Japan",5
"GEN24_1067531","Before","Thailand",4
"GEN24_1067540","After","Australia",5
"GEN24_1067540","Before","Australia",10
"GEN24_1067605","Before","Cambodia",15
"GEN24_1067605","Before","Laos",30
"GEN24_1067605","Before","Thailand",30
"GEN24_1067605","Before","Viet Nam",45
"GEN24_1067643","Before","China, People's Republic of",99
"GEN24_1067782","After","Australia",4
"GEN24_1067782","Before","Malaysia",3
"GEN24_1067782","Before","Thailand",15
"GEN24_1067804","Before","Australia",10
"GEN24_1067822","Before","Australia",6
"GEN24_1067822","Before","India",1
"GEN24_1067844","After","Australia",20
"GEN24_1067859","Before","Australia",11
"GEN24_1067869","Before","Australia",9
"GEN24_1067907","Before","Australia",1
"GEN24_1067943","After","Singapore",2
"GEN24_1067943","Before","Australia",3
"GEN24_1067958","After","Australia",2
"GEN24_1067982","After","Australia",2
"GEN24_1067982","Before","Australia",72
"GEN24_1067993","Before","Italy",5
"GEN24_1067993","Before","Singapore",1
"GEN24_1068072","After","Australia",1
"GEN24_1068072","After","Thailand",1
"GEN24_1068072","Before","Australia",12
"GEN24_1068072","Before","Thailand",15
"GEN24_1068096","Before","China, People's Republic of",99
"GEN24_1068099","Before","Korea, Republic of",1
"GEN24_1068099","Before","Netherlands",2
"GEN24_1068099","Before","Switzerland",2
"GEN24_1068099","Before","United States of America",7
"GEN24_1068130","After","Fiji",9
"GEN24_1068130","Before","Australia",7
"GEN24_1068136","Before","Australia",2
"GEN24_1068170","Before","Australia",14
"GEN24_1068173","Before","Australia",24
"GEN24_1068243","Before","Australia",1
"GEN24_1068383","After","China, People's Republic of",4
"GEN24_1068384","After","China, People's Republic of",4
"GEN24_1068400","Before","Australia",30
"GEN24_1068418","After","China, People's Republic of",7
"GEN24_1068418","After","Indonesia",4
"GEN24_1068418","After","Japan",4
"GEN24_1068418","After","Korea, Republic of",4
"GEN24_1068434","After","Hong Kong (Special Administrative Region)",3
"GEN24_1068434","Before","Australia",60
"GEN24_1068443","After","Germany",2
"GEN24_1068443","Before","Australia",1
"GEN24_1068443","Before","England",2
"GEN24_1068443","Before","India",1
"GEN24_1068463","After","Australia",3
"GEN24_1068483","After","United States of America",2
"GEN24_1068483","Before","Australia",16
"GEN24_1068485","After","China, People's Republic of",40
"GEN24_1068499","Before","United Arab Emirates",1
"GEN24_1068501","After","China, People's Republic of",60
"GEN24_1068525","After","Cook Islands",10
"GEN24_1068571","Before","Korea, Republic of",5
"GEN24_1068602","Before","Germany",10
"GEN24_1068609","After","Australia",1
"GEN24_1068665","After","Malaysia",5
"GEN24_1068665","Before","Singapore",1
"GEN24_1068743","After","Fiji",4
"GEN24_1068777","Before","Australia",1
"GEN24_1068784","Before","Australia",14
"GEN24_1068809","After","China, People's Republic of",5
"GEN24_1068809","Before","Cambodia",25
"GEN24_1068829","After","Hong Kong (Special Administrative Region)",99
"GEN24_1068835","Before","Philippines",60
"GEN24_1068835","Before","Taiwan",90
"GEN24_1068865","Before","Norway",10
"GEN24_1068865","Before","Poland",1
"GEN24_1068865","Before","Qatar",1
"GEN24_1068865","Before","Spain",4
"GEN24_1068878","After","United States of America",1
"GEN24_1068878","Before","United States of America",2
"GEN24_1068897","Before","Fiji",8
"GEN24_1068912","Before","Canada",30
"GEN24_1068912","Before","United States of America",60
"GEN24_1068927","After","French Polynesia",10
"GEN24_1068928","After","United States of America",15
"GEN24_1068933","Before","Australia",40
"GEN24_1069095","After","Australia",7
"GEN24_1069095","Before","Australia",7
"GEN24_1069095","Before","Thailand",18
"GEN24_1069136","Before","Australia",3
"GEN24_1069136","Before","Cook Islands",15
"GEN24_1069184","Before","Fiji",2
"GEN24_1069184","Before","Hong Kong (Special Administrative Region)",4
"GEN24_1069185","Before","United States of America",1
"GEN24_1069259","After","Japan",30
"GEN24_1069259","After","Korea, Republic of",30
"GEN24_1069259","Before","Australia",45
"GEN24_1069265","After","Australia",5
"GEN24_1069265","Before","Australia",5
"GEN24_1069356","After","Australia",10
"GEN24_1069356","Before","Australia",60
"GEN24_1069420","After","Singapore",4
"GEN24_1069420","Before","Singapore",3
"GEN24_1069445","Before","Australia",8
"GEN24_1069498","Before","Australia",3
"GEN24_1069582","Before","Australia",1
"GEN24_1069597","After","Australia",50
"GEN24_1069597","Before","Australia",3
"GEN24_1069631","After","Singapore",1
"GEN24_1069631","Before","Singapore",1
"GEN24_1069646","After","Australia",7
"GEN24_1069646","Before","Australia",6
"GEN24_1069663","Before","Australia",3
"GEN24_1069666","After","Japan",8
"GEN24_1069687","After","Australia",1
"GEN24_1069687","Before","Cambodia",2
"GEN24_1069687","Before","India",4
"GEN24_1069687","Before","Malaysia",5
"GEN24_1069687","Before","Philippines",4
"GEN24_1069687","Before","Thailand",5
"GEN24_1069699","After","French Polynesia",8
"GEN24_1069726","After","Thailand",2
"GEN24_1069726","Before","Australia",5
"GEN24_1069738","Before","Singapore",1
"GEN24_1069739","Before","Australia",7
"GEN24_1069785","Before","Australia",50
"GEN24_1069854","After","Australia",11
"GEN24_1069854","After","China, People's Republic of",11
"GEN24_1069854","After","Hong Kong (Special Administrative Region)",3
"GEN24_1069854","After","Korea, Republic of",7
"GEN24_1069892","After","United Arab Emirates",1
"GEN24_1069892","Before","Australia",6
"GEN24_1069911","Before","Australia",8
"GEN24_1069936","Before","Australia",2
"GEN24_1069936","Before","Indonesia",20
"GEN24_1069977","Before","Australia",3
"GEN24_1069979","Before","Australia",1
"GEN24_1069983","After","Singapore",3
"GEN24_1070036","After","Australia",1
"GEN24_1070047","After","Australia",2
"GEN24_1070047","Before","Australia",7
"GEN24_1070061","After","French Polynesia",8
"GEN24_1070061","After","United States of America",3
"GEN24_1070061","Before","United Arab Emirates",3
"GEN24_1070068","After","French Polynesia",9
"GEN24_1070068","Before","Australia",14
"GEN24_1070125","Before","Japan",10
"GEN24_1070128","Before","Australia",5
"GEN24_1070149","Before","Australia",32
"GEN24_1070151","Before","Australia",6
"GEN24_1070161","After","China, People's Republic of",1
"GEN24_1070161","Before","Australia",17
"GEN24_1070209","Before","Australia",5
"GEN24_1070209","Before","Singapore",2
"GEN24_1070257","After","French Polynesia",14
"GEN24_1070291","After","Japan",9
"GEN24_1070292","After","Australia",14
"GEN24_1070298","After","United States of America",3
"GEN24_1070298","Before","United States of America",6
"GEN24_1070310","After","Australia",3
"GEN24_1070310","Before","Australia",3
"GEN24_1070311","After","China, People's Republic of",20
"GEN24_1070311","After","Indonesia",7
"GEN24_1070311","After","Taiwan",20
"GEN24_1070311","Before","Australia",30
"GEN24_1070313","After","Australia",1
"GEN24_1070360","Before","Australia",21
"GEN24_1070449","After","Australia",10
"GEN24_1070449","Before","Australia",10
"GEN24_1070480","Before","China, People's Republic of",30
"GEN24_1070493","Before","Singapore",1
"GEN24_1070509","Before","Australia",21
"GEN24_1070517","Before","Australia",1
"GEN24_1070518","After","Australia",4
"GEN24_1070547","After","Australia",2
"GEN24_1070547","Before","Australia",3
"GEN24_1070565","After","Australia",1
"GEN24_1070565","After","Finland",1
"GEN24_1070565","After","Thailand",2
"GEN24_1070565","Before","Australia",1
"GEN24_1070565","Before","Finland",2
"GEN24_1070565","Before","Thailand",2
"GEN24_1070574","Before","Hong Kong (Special Administrative Region)",7
"GEN24_1070574","Before","United States of America",10
"GEN24_1070591","Before","Thailand",11
"GEN24_1070615","Before","England",18
"GEN24_1070615","Before","Germany",4
"GEN24_1070615","Before","United States of America",13
"GEN24_1070619","After","Australia",36
"GEN24_1070619","Before","Australia",36
"GEN24_1070645","Before","Australia",1
"GEN24_1070646","After","Hong Kong (Special Administrative Region)",1
"GEN24_1070674","After","Australia",1
"GEN24_1070674","Before","Australia",1
"GEN24_1070690","Before","Australia",11
"GEN24_1070715","After","Bolivia",30
"GEN24_1070715","After","Chile",8
"GEN24_1070715","After","Guatemala",8
"GEN24_1070715","Before","Malaysia",3
"GEN24_1070737","After","Australia",7
"GEN24_1070737","Before","Australia",14
"GEN24_1070752","Before","Australia",5
"GEN24_1070753","Before","Australia",5
"GEN24_1070753","Before","Vanuatu",4
"GEN24_1070769","Before","Japan",12
"GEN24_1070785","After","Australia",7
"GEN24_1070785","Before","Australia",7
"GEN24_1070792","After","Scotland",1
"GEN24_1070801","Before","China, People's Republic of",10
"GEN24_1070820","Before","Japan",5
"GEN24_1070820","Before","Thailand",5
"GEN24_1070842","After","Thailand",3
"GEN24_1070897","Before","Australia",6
"GEN24_1070943","After","Singapore",1
"GEN24_1070943","Before","Malaysia",8
"GEN24_1070943","Before","Singapore",3
"GEN24_1071002","After","Australia",3
"GEN24_1071002","After","United Arab Emirates",2
"GEN24_1071002","Before","United Arab Emirates",1
"GEN24_1071018","Before","Australia",24
"GEN24_1071058","After","Hong Kong (Special Administrative Region)",1
"GEN24_1071105","After","Australia",30
"GEN24_1071105","Before","Australia",30
"GEN24_1071115","After","United States of America",20
"GEN24_1071115","Before","United States of America",16
"GEN24_1071123","After","Japan",6
"GEN24_1071123","Before","Japan",11
"GEN24_1071134","After","China, People's Republic of",12
"GEN24_1071141","Before","China, People's Republic of",90
"GEN24_1071152","Before","Australia",10
"GEN24_1071157","Before","Singapore",4
"GEN24_1071174","After","Singapore",1
"GEN24_1071174","Before","Australia",4
"GEN24_1071191","After","Australia",1
"GEN24_1071191","Before","Australia",1
"GEN24_1071210","Before","Australia",3
"GEN24_1071236","After","China, People's Republic of",4
"GEN24_1071271","After","United States of America",1
"GEN24_1071271","Before","Australia",4
"GEN24_1071271","Before","United States of America",7
"GEN24_1071340","Before","Australia",1
"GEN24_1071379","After","China, People's Republic of",36
"GEN24_1071394","After","France",15
"GEN24_1071394","Before","Australia",15
"GEN24_1071394","Before","England",9
"GEN24_1071394","Before","Japan",5
"GEN24_1071394","Before","Singapore",3
"GEN24_1071394","Before","Taiwan",5
"GEN24_1071428","After","Australia",9
"GEN24_1071440","Before","Australia",6
"GEN24_1071443","Before","Fiji",58
"GEN24_1071466","After","Malaysia",1
"GEN24_1071466","Before","Malaysia",1
"GEN24_1071474","After","Hong Kong (Special Administrative Region)",1
"GEN24_1071474","Before","China, People's Republic of",1
"GEN24_1071479","After","Japan",14
"GEN24_1071479","After","Korea, Republic of",10
"GEN24_1071479","After","Philippines",10
"GEN24_1071479","After","Taiwan",10
"GEN24_1071488","Before","Australia",5
"GEN24_1071515","Before","Australia",1
"GEN24_1071521","Before","Australia",5
"GEN24_1071532","After","French Polynesia",13
"GEN24_1071532","After","Niue",7
"GEN24_1071536","After","Tonga",4
"GEN24_1071538","After","French Polynesia",18
"GEN24_1071547","After","Canada",7
"GEN24_1071547","Before","Vanuatu",12
"GEN24_1071580","Before","Singapore",1
"GEN24_1071580","Before","Tonga",13
"GEN24_1071591","After","Australia",30
"GEN24_1071604","Before","Australia",2
"GEN24_1071645","After","Australia",10
"GEN24_1071696","After","Hong Kong (Special Administrative Region)",2
"GEN24_1071696","Before","Hong Kong (Special Administrative Region)",1
"GEN24_1071717","After","Singapore",1
"GEN24_1071744","Before","Australia",99
"GEN24_1071758","Before","Singapore",14
"GEN24_1071761","After","Australia",10
"GEN24_1071761","Before","Australia",99
"GEN24_1071766","Before","United Arab Emirates",1
"GEN24_1071776","Before","Australia",6
"GEN24_1071776","Before","Philippines",4
"GEN24_1071776","Before","Thailand",9
"GEN24_1071789","After","Singapore",3
"GEN24_1071789","Before","Portugal",5
"GEN24_1071789","Before","Singapore",1
"GEN24_1071795","Before","Australia",1
"GEN24_1071831","After","Australia",2
"GEN24_1071831","Before","Australia",5
"GEN24_1071839","After","Australia",5
"GEN24_1071841","After","Australia",10
"GEN24_1071907","After","Fiji",20
"GEN24_1071907","After","French Polynesia",30
"GEN24_1071907","Before","China, People's Republic of",1
"GEN24_1071907","Before","Kazakhstan",1
"GEN24_1071907","Before","Tajikistan",2
"GEN24_1071907","Before","Uzbekistan",7
"GEN24_1071913","After","Taiwan",30
"GEN24_1071914","After","Australia",1
"GEN24_1071914","Before","Australia",1
"GEN24_1071942","Before","Singapore",1
"GEN24_1071956","After","Australia",1
"GEN24_1071956","Before","Australia",2
"GEN24_1071984","After","England",5
"GEN24_1071984","After","France",4
"GEN24_1071984","Before","China, People's Republic of",6
"GEN24_1071984","Before","Hong Kong (Special Administrative Region)",4
"GEN24_1071984","Before","Taiwan",5
"GEN24_1072004","After","Australia",1
"GEN24_1072004","Before","Australia",1
"GEN24_1072035","Before","Taiwan",1
"GEN24_1072073","Before","Fiji",8
"GEN24_1072073","Before","Vanuatu",5
"GEN24_1072099","After","Australia",1
"GEN24_1072099","Before","Australia",1
"GEN24_1072141","Before","Australia",1
"GEN24_1072146","After","Australia",6
"GEN24_1072146","Before","Australia",1
"GEN24_1072163","Before","Australia",14
"GEN24_1072174","After","China, People's Republic of",10
"GEN24_1072174","Before","China, People's Republic of",90
"GEN24_1072180","After","Australia",3
"GEN24_1072180","Before","Australia",35
"GEN24_1072189","After","Singapore",2
"GEN24_1072189","Before","Philippines",5
"GEN24_1072217","After","Australia",2
"GEN24_1072217","Before","Australia",6
"GEN24_1072273","Before","Indonesia",2
"GEN24_1072273","Before","Malaysia",3
"GEN24_1072273","Before","Singapore",1
"GEN24_1072281","After","Australia",10
"GEN24_1072282","After","Australia",10
"GEN24_1072283","After","Australia",10
"GEN24_1072287","After","Japan",1
"GEN24_1072287","Before","Japan",1
"GEN24_1072312","Before","Australia",8
"GEN24_1072324","Before","Australia",1
"GEN24_1072328","After","Australia",7
"GEN24_1072343","After","Singapore",3
"GEN24_1072343","Before","Singapore",3
"GEN24_1072345","After","Singapore",30
"GEN24_1072345","Before","Singapore",30
"GEN24_1072355","After","Australia",6
"GEN24_1072355","Before","Australia",6
"GEN24_1072355","Before","Taiwan",7
"GEN24_1072368","Before","Australia",35
"GEN24_1072368","Before","Indonesia",21
"GEN24_1072380","After","China, People's Republic of",99
"GEN24_1072380","After","Hong Kong (Special Administrative Region)",5
"GEN24_1072380","After","Japan",5
"GEN24_1072380","Before","China, People's Republic of",99
"GEN24_1072380","Before","Japan",5
"GEN24_1072380","Before","Korea, Republic of",4
"GEN24_1072433","After","Cook Islands",10
"GEN24_1072433","After","French Polynesia",40
"GEN24_1072439","After","Australia",7
"GEN24_1072441","After","Cook Islands",5
"GEN24_1072453","After","Australia",21
"GEN24_1072456","After","Australia",21
"GEN24_1072462","After","Singapore",1
"GEN24_1072462","Before","Singapore",1
"GEN24_1072514","Before","Australia",1
"GEN24_1072517","After","Australia",2
"GEN24_1072517","Before","Australia",10
"GEN24_1072543","After","French Polynesia",31
"GEN24_1072543","Before","French Polynesia",31
"GEN24_1072578","After","Australia",1
"GEN24_1072644","Before","Australia",10
"GEN24_1072714","Before","Australia",5
"GEN24_1072714","Before","Indonesia",4
"GEN24_1072714","Before","Singapore",4
"GEN24_1072723","Before","Japan",6
"GEN24_1072725","Before","France",4
"GEN24_1072725","Before","Japan",15
"GEN24_1072725","Before","Netherlands",3
"GEN24_1072725","Before","Singapore",5
"GEN24_1072725","Before","United States of America",99
"GEN24_1072737","Before","Australia",8
"GEN24_1072808","Before","Chile",11
"GEN24_1072830","Before","United States of America",12
"GEN24_1072831","After","Hong Kong (Special Administrative Region)",1
"GEN24_1072831","Before","Australia",29
"GEN24_1072831","Before","Papua New Guinea",29
"GEN24_1072872","Before","Fiji",6
"GEN24_1072872","Before","Papua New Guinea",2
"GEN24_1072872","Before","Philippines",1
"GEN24_1072872","Before","Solomon Islands",3
"GEN24_1072882","Before","England",6
"GEN24_1072882","Before","Germany",6
"GEN24_1072882","Before","Poland",3
"GEN24_1072882","Before","Scotland",5
"GEN24_1072882","Before","Spain",4
"GEN24_1072894","After","Australia",10
"GEN24_1072894","Before","Australia",10
"GEN24_1072932","After","Thailand",7
"GEN24_1072968","After","Singapore",3
"GEN24_1072968","Before","Cambodia",7
"GEN24_1072968","Before","Viet Nam",12
"GEN24_1072970","After","Singapore",1
"GEN24_1072970","Before","Japan",7
"GEN24_1072970","Before","United States of America",1
"GEN24_1072986","After","Australia",4
"GEN24_1072986","Before","Australia",3
"GEN24_1073022","After","Japan",15
"GEN24_1073022","Before","United States of America",30
"GEN24_1073039","After","Australia",14
"GEN24_1073058","Before","Japan",1
"GEN24_1073059","After","Hong Kong (Special Administrative Region)",1
"GEN24_1073059","Before","Australia",14
"GEN24_1073066","After","Australia",50
"GEN24_1073091","After","Australia",60
"GEN24_1073091","Before","United States of America",30
"GEN24_1073170","After","China, People's Republic of",1
"GEN24_1073171","Before","Australia",1
"GEN24_1073181","After","Australia",4
"GEN24_1073181","After","Thailand",5
"GEN24_1073181","Before","Australia",5
"GEN24_1073187","After","Australia",6
"GEN24_1073187","Before","Australia",8
"GEN24_1073230","Before","Japan",1
"GEN24_1073281","Before","Cook Islands",8
"GEN24_1073299","After","United States of America",4
"GEN24_1073299","Before","Saudi Arabia",2
"GEN24_1073309","Before","Australia",12
"GEN24_1073314","After","French Polynesia",21
"GEN24_1073318","Before","Australia",13
"GEN24_1073367","After","Australia",1
"GEN24_1073367","Before","Australia",20
"GEN24_1073374","Before","Canada",28
"GEN24_1073382","After","Singapore",1
"GEN24_1073383","After","Singapore",2
"GEN24_1073383","Before","Singapore",1
"GEN24_1073385","Before","Australia",3
"GEN24_1073392","After","Singapore",2
"GEN24_1073393","After","Singapore",3
"GEN24_1073393","Before","Australia",5
"GEN24_1073492","After","China, People's Republic of",1
"GEN24_1073492","Before","China, People's Republic of",1
"GEN24_1073521","Before","Australia",5
"GEN24_1073529","Before","Australia",17
"GEN24_1073560","Before","Austria",5
"GEN24_1073560","Before","Croatia",6
"GEN24_1073560","Before","Italy",48
"GEN24_1073560","Before","Slovenia",6
"GEN24_1073569","After","Malaysia",1
"GEN24_1073569","Before","Malaysia",1
"GEN24_1073589","Before","Australia",10
"GEN24_1073636","Before","Australia",3
"GEN24_1073639","Before","Australia",12
"GEN24_1073670","After","Australia",9
"GEN24_1073671","Before","Australia",1
"GEN24_1073722","After","Australia",6
"GEN24_1073929","After","Singapore",2
"GEN24_1073929","Before","Singapore",2
"GEN24_1074025","After","Australia",99
"GEN24_1074025","Before","Australia",99
"GEN24_1074145","After","Nepal",5
"GEN24_1074224","After","Singapore",2
"GEN24_1074224","Before","Singapore",2
"GEN24_1074241","After","Japan",5
"GEN24_1074242","Before","Japan",5
"GEN24_1074246","After","India",29
"GEN24_1074246","Before","Australia",7
"GEN24_1074246","Before","Indonesia",28
"GEN24_1074265","After","Australia",30
"GEN24_1074268","After","Singapore",1
"GEN24_1074289","After","China, People's Republic of",8
"GEN24_1074289","Before","China, People's Republic of",1
"GEN24_1074296","After","China, People's Republic of",1
"GEN24_1074296","Before","China, People's Republic of",1
"GEN24_1074304","After","Australia",30
"GEN24_1074304","Before","Australia",90
"GEN24_1074318","Before","Japan",7
"GEN24_1074333","Before","Australia",1
"GEN24_1074355","After","Australia",15
"GEN24_1074355","Before","Australia",3
"GEN24_1074355","Before","England",1
"GEN24_1074370","Before","Philippines",1
"GEN24_1074388","Before","Australia",6
"GEN24_1074391","After","Fiji",4
"GEN24_1074391","After","United States of America",8
"GEN24_1074391","Before","Australia",10
"GEN24_1074391","Before","Malaysia",2
"GEN24_1074398","Before","Fiji",1
"GEN24_1074401","Before","Australia",1
"GEN24_1074438","Before","Australia",5
"GEN24_1074455","After","Australia",4
"GEN24_1074455","Before","Australia",12
"GEN24_1074514","Before","Australia",8
"GEN24_1074566","Before","Indonesia",7
"GEN24_1074581","After","United States of America",1
"GEN24_1074651","After","Australia",9
"GEN24_1074701","Before","Fiji",70
"GEN24_1074713","After","Australia",20
"GEN24_1074713","Before","Australia",20
"GEN24_1074713","Before","Singapore",3
"GEN24_1074726","Before","Australia",7
"GEN24_1074736","After","England",7
"GEN24_1074736","After","United States of America",7
"GEN24_1074736","Before","Japan",4
"GEN24_1074746","Before","Australia",5
"GEN24_1074765","Before","Hong Kong (Special Administrative Region)",2
"GEN24_1074765","Before","Singapore",2
"GEN24_1074767","After","Argentina",30
"GEN24_1074767","Before","Argentina",30
"GEN24_1074820","After","Australia",14
"GEN24_1074914","After","Japan",16
"GEN24_1074957","Before","Australia",14
"GEN24_1074972","Before","Fiji",5
"GEN24_1074972","Before","French Polynesia",2
"GEN24_1075040","After","Japan",4
"GEN24_1075040","Before","Hong Kong (Special Administrative Region)",1
"GEN24_1075040","Before","Japan",4
"GEN24_1075040","Before","Korea, Republic of",4
"GEN24_1075074","After","Australia",12
"GEN24_1075074","After","Hong Kong (Special Administrative Region)",2
"GEN24_1075074","After","Niue",4
"GEN24_1075074","Before","United States of America",4
"GEN24_1075091","Before","Australia",3
"GEN24_1075120","Before","Fiji",5
"GEN24_1075120","Before","Samoa",4
"GEN24_1075120","Before","Tonga",5
"GEN24_1075120","Before","United States of America",7
"GEN24_1075128","Before","Australia",3
"GEN24_1075201","After","Australia",2
"GEN24_1075224","After","Singapore",1
"GEN24_1075266","After","Malaysia",31
"GEN24_1075266","Before","Malaysia",30
"GEN24_1075272","After","Fiji",18
"GEN24_1075272","Before","Australia",3
"GEN24_1075276","Before","Australia",1
"GEN24_1075301","Before","Australia",1
"GEN24_1075305","After","Hong Kong (Special Administrative Region)",1
"GEN24_1075305","Before","Hong Kong (Special Administrative Region)",1
"GEN24_1075327","After","Australia",4
"GEN24_1075327","Before","Australia",10
"GEN24_1075343","Before","Australia",6
"GEN24_1075344","Before","Australia",4
"GEN24_1075346","Before","Australia",7
"GEN24_1075360","After","China, People's Republic of",30
"GEN24_1075360","Before","China, People's Republic of",30
"GEN24_1075364","Before","Australia",20
"GEN24_1075384","After","Fiji",5
"GEN24_1075384","After","Vanuatu",3
"GEN24_1075384","Before","Cook Islands",4
"GEN24_1075384","Before","French Polynesia",4
"GEN24_1075403","After","Australia",21
"GEN24_1075431","After","Fiji",5
"GEN24_1075431","Before","Australia",2
"GEN24_1075438","After","Australia",1
"GEN24_1075464","After","Australia",1
"GEN24_1075464","Before","Australia",1
"GEN24_1075564","After","Fiji",6
"GEN24_1075564","Before","China, People's Republic of",1
"GEN24_1075594","Before","Australia",7
"GEN24_1075618","Before","Georgia",14
"GEN24_1075618","Before","Greece",25
"GEN24_1075618","Before","Viet Nam",14
"GEN24_1075701","Before","Singapore",36
"GEN24_1075725","After","Cambodia",15
"GEN24_1075725","After","Taiwan",15
"GEN24_1075725","After","United States of America",30
"GEN24_1075725","Before","Cambodia",15
"GEN24_1075725","Before","Taiwan",15
"GEN24_1075725","Before","United States of America",30
"GEN24_1075741","After","Germany",30
"GEN24_1075797","After","Northern Ireland",1
"GEN24_1075861","After","Australia",1
"GEN24_1075861","Before","Australia",4
"GEN24_1075861","Before","United Arab Emirates",1
"GEN24_1075865","After","Australia",3
"GEN24_1075865","After","Philippines",2
"GEN24_1075865","Before","Australia",1
"GEN24_1075865","Before","Philippines",3
"GEN24_1075893","Before","Australia",10
"GEN24_1075936","After","Hong Kong (Special Administrative Region)",7
"GEN24_1075936","Before","Australia",7
"GEN24_1075936","Before","Hong Kong (Special Administrative Region)",7
"GEN24_1075936","Before","Korea, Republic of",7
"GEN24_1075936","Before","Taiwan",7
"GEN24_1075941","After","China, People's Republic of",10
"GEN24_1075951","Before","Singapore",2
"GEN24_1075953","After","Singapore",4
"GEN24_1075953","Before","Singapore",4
"GEN24_1076125","After","Fiji",25
"GEN24_1076164","Before","Qatar",1
"GEN24_1076219","Before","Chile",1
"GEN24_1076280","After","Japan",1
"GEN24_1076280","Before","Australia",30
"GEN24_1076287","After","Hong Kong (Special Administrative Region)",1
"GEN24_1076299","After","Australia",3
"GEN24_1076299","After","Indonesia",3
"GEN24_1076299","After","Viet Nam",3
"GEN24_1076299","Before","French Polynesia",9
"GEN24_1076299","Before","United States of America",3
"GEN24_1076313","After","Qatar",2
"GEN24_1076313","After","Sweden",1
"GEN24_1076321","After","Fiji",4
"GEN24_1076323","After","Fiji",2
"GEN24_1076323","After","Tonga",7
"GEN24_1076323","Before","Fiji",2
"GEN24_1076323","Before","Germany",14
"GEN24_1076323","Before","Tonga",7
"GEN24_1076323","Before","United States of America",17
"GEN24_1076327","Before","Indonesia",7
"GEN24_1076327","Before","Korea, Democratic People's Republic of",7
"GEN24_1076369","Before","Malaysia",1
"GEN24_1076407","After","Malaysia",3
"GEN24_1076407","Before","Singapore",2
"GEN24_1076455","After","Philippines",11
"GEN24_1076455","After","Thailand",31
"GEN24_1076455","Before","Australia",35
"GEN24_1076465","Before","Singapore",2
"GEN24_1076468","After","Korea, Republic of",6
"GEN24_1076468","Before","Australia",30
"GEN24_1076572","Before","Australia",4
"GEN24_1076583","After","Japan",4
"GEN24_1076583","After","Taiwan",6
"GEN24_1076583","Before","Finland",2
"GEN24_1076583","Before","Germany",4
"GEN24_1076583","Before","Portugal",5
"GEN24_1076583","Before","Taiwan",9
"GEN24_1076606","After","Qatar",5
"GEN24_1076606","Before","Qatar",5
"GEN24_1076609","After","Australia",4
"GEN24_1076613","After","Australia",14
"GEN24_1076666","Before","Australia",7
"GEN24_1076673","Before","Australia",6
"GEN24_1076677","After","Hong Kong (Special Administrative Region)",1
"GEN24_1076690","After","Singapore",1
"GEN24_1076690","Before","Singapore",2
"GEN24_1076691","After","England",1
"GEN24_1076691","Before","Australia",13
"GEN24_1076705","Before","Indonesia",12
"GEN24_1076743","Before","Australia",3
"GEN24_1076743","Before","Singapore",2
"GEN24_1076751","After","Australia",1
"GEN24_1076751","Before","Australia",1
"GEN24_1076771","Before","Mexico",3
"GEN24_1076773","After","United States of America",1
"GEN24_1076773","Before","United States of America",3
"GEN24_1076776","Before","Australia",11
"GEN24_1076786","Before","Australia",10
"GEN24_1076786","Before","United States of America",10
"GEN24_1076831","Before","Australia",6
"GEN24_1076843","After","Fiji",2
"GEN24_1076843","After","Samoa",6
"GEN24_1076853","After","Australia",20
"GEN24_1076853","After","United Arab Emirates",2
"GEN24_1076899","After","Australia",4
"GEN24_1076913","After","United States of America",1
"GEN24_1076956","After","Singapore",2
"GEN24_1076956","After","United States of America",2
"GEN24_1076956","Before","Singapore",2
"GEN24_1076956","Before","United States of America",2
"GEN24_1076970","Before","Singapore",2
"GEN24_1077032","After","Australia",28
"GEN24_1077040","Before","French Polynesia",2
"GEN24_1077040","Before","United States of America",3
"GEN24_1077129","After","Australia",10
"GEN24_1077129","After","United States of America",30
"GEN24_1077129","Before","Saudi Arabia",30
"GEN24_1077129","Before","Singapore",10
"GEN24_1077153","Before","Australia",4
"GEN24_1077169","Before","Singapore",1
"GEN24_1077173","Before","Singapore",1
"GEN24_1077183","Before","Australia",2
"GEN24_1077197","After","Australia",14
"GEN24_1077197","Before","Australia",14
"GEN24_1077218","After","Australia",3
"GEN24_1077218","After","Viet Nam",3
"GEN24_1077218","Before","Malaysia",3
"GEN24_1077222","After","Australia",1
"GEN24_1077222","Before","Australia",1
"GEN24_1077246","Before","Australia",7
"GEN24_1077248","Before","Australia",1
"GEN24_1077251","After","Australia",9
"GEN24_1077258","After","Canada",14
"GEN24_1077258","Before","Canada",13
"GEN24_1077264","Before","Australia",23
"GEN24_1077292","After","Australia",10
"GEN24_1077292","Before","Australia",10
"GEN24_1077319","Before","Australia",12
"GEN24_1077341","After","Australia",3
"GEN24_1077341","Before","Australia",5
"GEN24_1077350","Before","Fiji",7
"GEN24_1077369","After","Australia",1
"GEN24_1077369","Before","Australia",3
"GEN24_1077393","Before","Australia",7
"GEN24_1077393","Before","Fiji",3
"GEN24_1077399","After","Fiji",3
"GEN24_1077399","Before","Australia",6
"GEN24_1077425","Before","Australia",8
"GEN24_1077432","After","United States of America",7
"GEN24_1077447","After","Australia",7
"GEN24_1077540","After","Australia",7
"GEN24_1077544","After","Australia",3
"GEN24_1077564","Before","Australia",8
"GEN24_1077627","After","Singapore",3
"GEN24_1077627","Before","Australia",28
"GEN24_1077632","Before","Singapore",3
"GEN24_1077636","Before","Singapore",1
"GEN24_1077645","After","Australia",3
"GEN24_1077645","Before","Singapore",3
"GEN24_1077652","After","Australia",4
"GEN24_1077652","Before","Australia",4
"GEN24_1077656","After","Philippines",9
"GEN24_1077656","After","Taiwan",3
"GEN24_1077656","Before","Australia",3
"GEN24_1077691","After","Australia",1
"GEN24_1077691","Before","Australia",16
"GEN24_1077726","After","Australia",5
"GEN24_1077760","Before","Singapore",1
"GEN24_1077768","After","Malaysia",3
"GEN24_1077768","Before","Australia",14
"GEN24_1077768","Before","Singapore",2
"GEN24_1077783","Before","Australia",4
"GEN24_1077827","Before","Ireland",5
"GEN24_1077827","Before","Italy",6
"GEN24_1077827","Before","Portugal",5
"GEN24_1077827","Before","Scotland",4
"GEN24_1077864","After","Australia",9
"GEN24_1077864","After","Mauritius",3
"GEN24_1077864","Before","Singapore",3
"GEN24_1077896","Before","Australia",1
"GEN24_1077900","After","Indonesia",30
"GEN24_1077900","After","Viet Nam",50
"GEN24_1078006","After","Australia",9
"GEN24_1078024","Before","Australia",27
"GEN24_1078024","Before","Fiji",2
"GEN24_1078024","Before","French Polynesia",12
"GEN24_1078024","Before","Vanuatu",8
"GEN24_1078030","Before","Japan",5
"GEN24_1078030","Before","Malaysia",5
"GEN24_1078098","After","Australia",60
"GEN24_1078098","Before","Indonesia",29
"GEN24_1078101","Before","Australia",2
"GEN24_1078119","Before","Fiji",4
"GEN24_1078124","After","Australia",2
"GEN24_1078137","After","Qatar",1
"GEN24_1078137","Before","Australia",5
"GEN24_1078169","After","Germany",1
"GEN24_1078179","After","Australia",2
"GEN24_1078179","After","Singapore",2
"GEN24_1078179","Before","Australia",25
"GEN24_1078192","Before","Indonesia",10
"GEN24_1078220","Before","Tonga",12
"GEN24_1078223","After","Australia",12
"GEN24_1078223","Before","Australia",10
"GEN24_1078259","Before","Japan",7
"GEN24_1078259","Before","Singapore",3
"GEN24_1078267","Before","India",10
"GEN24_1078267","Before","Indonesia",2
"GEN24_1078286","After","Australia",3
"GEN24_1078296","Before","Australia",1
"GEN24_1078307","After","China, People's Republic of",1
"GEN24_1078307","Before","China, People's Republic of",1
"GEN24_1078322","After","China, People's Republic of",1
"GEN24_1078322","Before","China, People's Republic of",1
"GEN24_1078330","After","Japan",21
"GEN24_1078330","Before","Indonesia",28
"GEN24_1078374","After","Canada",7
"GEN24_1078374","After","Japan",21
"GEN24_1078374","After","Korea, Republic of",12
"GEN24_1078374","Before","Singapore",2
"GEN24_1078374","Before","Tanzania",29
"GEN24_1078375","After","Japan",1
"GEN24_1078375","Before","Japan",2
"GEN24_1078390","After","Australia",21
"GEN24_1078390","Before","Australia",40
"GEN24_1078395","After","Australia",1
"GEN24_1078395","Before","Australia",1
"GEN24_1078396","After","Australia",11
"GEN24_1078423","After","England",1
"GEN24_1078423","Before","England",13
"GEN24_1078424","Before","Australia",2
"GEN24_1078432","After","Australia",5
"GEN24_1078432","Before","Australia",42
"GEN24_1078448","Before","Australia",7
"GEN24_1078448","Before","French Polynesia",10
"GEN24_1078448","Before","Niue",5
"GEN24_1078448","Before","Tonga",45
"GEN24_1078498","After","Australia",1
"GEN24_1078498","Before","Australia",4
"GEN24_1078509","Before","Australia",1
"GEN24_1078511","After","Australia",4
"GEN24_1078511","Before","United Arab Emirates",1
"GEN24_1078519","Before","Singapore",2
"GEN24_1078520","After","Singapore",6
"GEN24_1078520","Before","United States of America",6
"GEN24_1078522","Before","Australia",7
"GEN24_1078525","Before","Japan",6
"GEN24_1078525","Before","Malaysia",1
"GEN24_1078544","After","Malaysia",3
"GEN24_1078544","Before","Malaysia",3
"GEN24_1078612","Before","Qatar",1
"GEN24_1078619","Before","Hong Kong (Special Administrative Region)",1
"GEN24_1078620","After","Hong Kong (Special Administrative Region)",1
"GEN24_1078633","After","Australia",9
"GEN24_1078633","After","Canada",9
"GEN24_1078633","After","Hong Kong (Special Administrative Region)",9
"GEN24_1078633","After","Japan",9
"GEN24_1078633","After","Taiwan",9
"GEN24_1078663","Before","Indonesia",29
"GEN24_1078669","After","Australia",16
"GEN24_1078669","Before","Australia",2
"GEN24_1078669","Before","Fiji",6
"GEN24_1078683","After","Fiji",1
"GEN24_1078683","After","Kiribati",4
"GEN24_1078683","Before","Fiji",1
"GEN24_1078683","Before","Kiribati",4
"GEN24_1078684","After","China, People's Republic of",1
"GEN24_1078684","Before","Kiribati",4
"GEN24_1078684","Before","Tonga",4
"GEN24_1078686","After","Australia",30
"GEN24_1078698","After","Australia",8
"GEN24_1078743","After","Australia",21
"GEN24_1078743","Before","Australia",99
"GEN24_1078769","Before","Australia",14
"GEN24_1078779","After","Singapore",2
"GEN24_1078779","Before","Australia",21
"GEN24_1078794","After","Australia",1
"GEN24_1078794","Before","Australia",1
"GEN24_1078799","After","United Arab Emirates",1
"GEN24_1078799","Before","United Arab Emirates",1
"GEN24_1078804","After","Australia",10
"GEN24_1078804","Before","Australia",10
"GEN24_1078816","After","Taiwan",60
"GEN24_1078816","Before","Australia",84
"GEN24_1078829","Before","Australia",90
"GEN24_1078829","Before","Iceland",12
"GEN24_1078829","Before","United States of America",90
"GEN24_1078854","After","Hong Kong (Special Administrative Region)",1
"GEN24_1078864","Before","Japan",7
"GEN24_1078895","Before","Australia",1
"GEN24_1078923","After","Cook Islands",10
"GEN24_1079007","After","Australia",10
"GEN24_1079029","After","Australia",1
"GEN24_1079029","Before","Australia",36
"GEN24_1079037","Before","Australia",4
"GEN24_1079045","After","Australia",1
"GEN24_1079045","Before","Australia",14
"GEN24_1079050","Before","Fiji",3
"GEN24_1079057","Before","Fiji",15
"GEN24_1079069","After","Canada",2
"GEN24_1079070","After","Australia",8
"GEN24_1079072","After","United States of America",1
"GEN24_1079072","Before","United States of America",1
"GEN24_1079081","After","Canada",1
"GEN24_1079081","Before","Singapore",1
"GEN24_1079090","After","Cook Islands",12
"GEN24_1079099","After","China, People's Republic of",99
"GEN24_1079101","Before","Japan",14
"GEN24_1079147","After","Niue",14
"GEN24_1079164","Before","Australia",1
"GEN24_1079181","Before","Australia",6
"GEN24_1079254","After","Fiji",3
"GEN24_1079254","After","Qatar",1
"GEN24_1079266","After","Fiji",7
"GEN24_1079269","After","Fiji",7
"GEN24_1079299","After","Australia",60
"GEN24_1079299","Before","Australia",30
"GEN24_1079317","Before","Australia",1
"GEN24_1079346","After","Australia",20
"GEN24_1079359","Before","Singapore",1
"GEN24_1079382","Before","China, People's Republic of",1
"GEN24_1079394","After","Canada",7
"GEN24_1079394","After","Fiji",7
"GEN24_1079394","After","Japan",7
"GEN24_1079394","After","Thailand",7
"GEN24_1079394","After","Viet Nam",7
"GEN24_1079394","Before","Canada",7
"GEN24_1079394","Before","Japan",7
"GEN24_1079394","Before","Thailand",7
"GEN24_1079399","After","Australia",1
"GEN24_1079410","After","Australia",3
"GEN24_1079427","After","Australia",30
"GEN24_1079427","Before","Australia",2
"GEN24_1079437","After","Indonesia",5
"GEN24_1079437","Before","Australia",5
"GEN24_1079437","Before","Fiji",4
"GEN24_1079444","Before","Australia",1
"GEN24_1079471","After","Fiji",4
"GEN24_1079482","After","Qatar",1
"GEN24_1079482","Before","Qatar",1
"GEN24_1079494","After","Thailand",7
"GEN24_1079494","Before","Singapore",3
"GEN24_1079494","Before","Thailand",40
"GEN24_1079497","After","Hong Kong (Special Administrative Region)",1
"GEN24_1079497","Before","Hong Kong (Special Administrative Region)",3
"GEN24_1079525","After","Australia",8
"GEN24_1079529","Before","United Arab Emirates",1
"GEN24_1079534","Before","Australia",11
"GEN24_1079536","After","Scotland",1
"GEN24_1079537","After","United Arab Emirates",3
"GEN24_1079537","Before","United Arab Emirates",1
"GEN24_1079564","After","Hong Kong (Special Administrative Region)",1
"GEN24_1079564","Before","Hong Kong (Special Administrative Region)",1
"GEN24_1079577","Before","Australia",12
"GEN24_1079577","Before","Singapore",2
"GEN24_1079597","After","Korea, Republic of",3
"GEN24_1079637","Before","Australia",30
"GEN24_1079642","After","Hong Kong (Special Administrative Region)",1
"GEN24_1079642","Before","China, People's Republic of",1
"GEN24_1079642","Before","Malaysia",1
"GEN24_1079650","Before","French Polynesia",15
"GEN24_1079652","After","Singapore",2
"GEN24_1079652","Before","United States of America",1
"GEN24_1079664","After","United States of America",10
"GEN24_1079664","Before","United States of America",10
"GEN24_1079779","After","Australia",14
"GEN24_1079779","Before","Australia",14
"GEN24_1079782","After","Australia",1
"GEN24_1079782","Before","Australia",77
"GEN24_1079783","After","Australia",13
"GEN24_1079783","After","Indonesia",10
"GEN24_1079783","After","Japan",10
"GEN24_1079795","Before","Fiji",2
"GEN24_1079835","Before","Indonesia",1
"GEN24_1079843","Before","Hong Kong (Special Administrative Region)",1
"GEN24_1079855","Before","Philippines",1
"GEN24_1079869","After","Australia",4
"GEN24_1079869","Before","Australia",4
"GEN24_1079921","Before","United States of America",10
"GEN24_1079924","After","Fiji",21
"GEN24_1079924","Before","Indonesia",30
"GEN24_1079967","Before","Australia",9
"GEN24_1079989","Before","England",8
"GEN24_1079989","Before","Japan",7
"GEN24_1080011","After","Australia",19
"GEN24_1080012","After","Australia",15
"GEN24_1080021","Before","Australia",7
"GEN24_1080036","After","Hong Kong (Special Administrative Region)",1
"GEN24_1080036","Before","China, People's Republic of",10
"GEN24_1080041","After","Singapore",3
"GEN24_1080041","Before","Australia",35
"GEN24_1080045","After","Singapore",1
"GEN24_1080045","Before","Singapore",1
"GEN24_1080057","After","Japan",5
"GEN24_1080057","Before","Japan",5
"GEN24_1080071","After","Singapore",2
"GEN24_1080071","Before","Singapore",3
"GEN24_1080072","After","Singapore",2
"GEN24_1080074","Before","Singapore",2
"GEN24_1080143","After","Australia",14
"GEN24_1080143","Before","Australia",30
"GEN24_1080143","Before","Ireland",30
"GEN24_1080183","After","Australia",4
"GEN24_1080183","Before","United Arab Emirates",2
"GEN24_1080190","After","Fiji",1
"GEN24_1080202","After","Qatar",1
"GEN24_1080202","Before","Qatar",1
"GEN24_1080209","After","Philippines",20
"GEN24_1080209","Before","Indonesia",1
"GEN24_1080217","After","Cambodia",14
"GEN24_1080217","After","Indonesia",42
"GEN24_1080217","After","Philippines",28
"GEN24_1080217","After","Viet Nam",21
"GEN24_1080222","Before","Singapore",1
"GEN24_1080229","After","United States of America",1
"GEN24_1080229","Before","United States of America",1
"GEN24_1080232","After","United States of America",1
"GEN24_1080232","Before","United States of America",1
"GEN24_1080257","Before","China, People's Republic of",1
"GEN24_1080264","After","Japan",3
"GEN24_1080331","Before","Qatar",1
"GEN24_1080332","Before","Qatar",1
"GEN24_1080346","Before","Australia",3
"GEN24_1080348","Before","China, People's Republic of",1
"GEN24_1080358","After","Singapore",2
"GEN24_1080358","Before","Thailand",7
"GEN24_1080368","Before","Australia",16
"GEN24_1080371","After","United States of America",1
"GEN24_1080378","After","United Arab Emirates",1
"GEN24_1080378","Before","United Arab Emirates",1
"GEN24_1080381","Before","Thailand",6
"GEN24_1080396","Before","Japan",5
"GEN24_1080396","Before","United States of America",5
"GEN24_1080475","Before","Australia",9
"GEN24_1080482","Before","Australia",14
"GEN24_1080496","Before","Australia",3
"GEN24_1080502","After","Fiji",3
"GEN24_1080502","Before","Australia",13
"GEN24_1080508","After","French Polynesia",11
"GEN24_1080510","Before","United States of America",1
"GEN24_1080541","Before","Australia",12
"GEN24_1080570","Before","Taiwan",5
"GEN24_1080583","After","Australia",1
"GEN24_1080583","Before","Australia",2
"GEN24_1080616","After","Australia",86
"GEN24_1080616","Before","Fiji",9
"GEN24_1080666","Before","Australia",6
"GEN24_1080693","After","Australia",13
"GEN24_1080746","After","Singapore",5
"GEN24_1080746","Before","Japan",14
"GEN24_1080766","After","Malaysia",5
"GEN24_1080766","Before","Australia",2
"GEN24_1080828","After","Samoa",3
"GEN24_1080828","After","Solomon Islands",7
"GEN24_1080828","Before","Samoa",4
"GEN24_1080829","Before","Niue",14
"GEN24_1080880","After","Australia",2
"GEN24_1080880","Before","Australia",78
"GEN24_1080884","Before","United Arab Emirates",1
"GEN24_1080916","After","Australia",13
"GEN24_1080916","Before","Australia",12
"GEN24_1080936","After","Fiji",3
"GEN24_1080957","After","Hong Kong (Special Administrative Region)",1
"GEN24_1080957","After","Japan",11
"GEN24_1080957","Before","Australia",10
"GEN24_1080970","Before","Australia",3
"GEN24_1080973","After","Australia",5
"GEN24_1080986","Before","Australia",21
"GEN24_1081000","After","Australia",5
"GEN24_1081000","Before","Australia",5
"GEN24_1081003","After","Australia",4
"GEN24_1081003","After","United States of America",5
"GEN24_1081003","Before","United States of America",4
"GEN24_1081009","After","Fiji",4
"GEN24_1081009","Before","Australia",14
"GEN24_1081014","After","Australia",2
"GEN24_1081014","Before","Australia",3
"GEN24_1081028","After","China, People's Republic of",20
"GEN24_1081045","Before","Australia",5
"GEN24_1081045","Before","Singapore",1
"GEN24_1081049","Before","Singapore",3
"GEN24_1081056","After","Singapore",1
"GEN24_1081056","Before","Singapore",2
"GEN24_1081057","Before","Australia",5
"GEN24_1081075","Before","Poland",1
"GEN24_1081167","After","Japan",80
"GEN24_1081240","Before","Singapore",3
"GEN24_1081315","Before","Korea, Republic of",1
"GEN24_1081342","After","Germany",10
"GEN24_1081342","Before","Australia",29
"GEN24_1081362","Before","Australia",15
"GEN24_1081362","Before","Qatar",1
"GEN24_1081435","After","Australia",55
"GEN24_1081491","Before","Hong Kong (Special Administrative Region)",5
"GEN24_1081519","After","Australia",6
"GEN24_1081519","After","Indonesia",4
"GEN24_1081519","After","Malaysia",4
"GEN24_1081519","Before","Bolivia",5
"GEN24_1081519","Before","Chile",7
"GEN24_1081519","Before","Peru",7
"GEN24_1081532","Before","Australia",2
"GEN24_1081533","Before","Fiji",2
"GEN24_1081565","After","Australia",2
"GEN24_1081565","Before","Australia",16
"GEN24_1081596","Before","Australia",4
"GEN24_1081601","After","Australia",47
"GEN24_1081601","Before","Australia",64
"GEN24_1081610","Before","Thailand",4
"GEN24_1081647","Before","Australia",4
"GEN24_1081648","After","Australia",8
"GEN24_1081648","Before","Australia",8
"GEN24_1081658","Before","Singapore",2
"GEN24_1081675","After","Australia",15
"GEN24_1081676","Before","Australia",5
"GEN24_1081691","After","Australia",7
"GEN24_1081742","Before","Australia",6
"GEN24_1081784","After","China, People's Republic of",1
"GEN24_1081784","Before","China, People's Republic of",1
"GEN24_1081821","After","Australia",10
"GEN24_1081827","After","England",20
"GEN24_1081827","Before","Australia",20
"GEN24_1081868","After","Australia",1
"GEN24_1081869","After","Cook Islands",5
"GEN24_1081869","After","Singapore",1
"GEN24_1081869","Before","Singapore",2
"GEN24_1081870","Before","Singapore",3
"GEN24_1081913","After","Jordan",11
"GEN24_1081937","After","Singapore",3
"GEN24_1081937","Before","Singapore",5
"GEN24_1081939","After","Singapore",4
"GEN24_1081942","Before","Singapore",2
"GEN24_1081952","After","Singapore",2
"GEN24_1081952","Before","Australia",8
"GEN24_1081952","Before","Singapore",5
"GEN24_1081960","After","Australia",1
"GEN24_1081960","Before","Australia",15
"GEN24_1081961","Before","Australia",21
"GEN24_1081994","After","United Arab Emirates",4
"GEN24_1081994","Before","Australia",29
"GEN24_1081994","Before","Singapore",3
"GEN24_1082023","Before","Australia",5
"GEN24_1082023","Before","Switzerland",1
"GEN24_1082056","After","Singapore",1
"GEN24_1082056","After","Thailand",6
"GEN24_1082056","Before","Argentina",12
"GEN24_1082056","Before","Australia",2
"GEN24_1082056","Before","Chile",13
"GEN24_1082058","After","Hong Kong (Special Administrative Region)",2
"GEN24_1082058","Before","Hong Kong (Special Administrative Region)",1
"GEN24_1082103","After","Australia",6
"GEN24_1082115","After","Singapore",3
"GEN24_1082115","Before","Australia",1
"GEN24_1082127","After","Singapore",3
"GEN24_1082127","Before","Australia",35
"GEN24_1082127","Before","Thailand",3
"GEN24_1082156","After","Australia",40
"GEN24_1082254","Before","Greece",11
"GEN24_1082254","Before","Israel",6
"GEN24_1082254","Before","Japan",3
"GEN24_1082254","Before","Singapore",1
"GEN24_1082268","Before","Australia",15
"GEN24_1082281","After","Australia",8
"GEN24_1082286","Before","Argentina",12
"GEN24_1082286","Before","Brazil",7
"GEN24_1082286","Before","Fiji",7
"GEN24_1082286","Before","United States of America",33
"GEN24_1082309","Before","Hong Kong (Special Administrative Region)",7
"GEN24_1082309","Before","United States of America",7
"GEN24_1082335","After","Australia",2
"GEN24_1082376","After","Australia",2
"GEN24_1082376","Before","Australia",6
"GEN24_1082412","After","Australia",27
"GEN24_1082413","After","Australia",1
"GEN24_1082426","After","Australia",1
"GEN24_1082506","Before","Singapore",2
"GEN24_1082508","Before","Singapore",2
"GEN24_1082542","Before","Australia",2
"GEN24_1082542","Before","Papua New Guinea",80
"GEN24_1082550","Before","United Arab Emirates",1
"GEN24_1082562","After","Australia",99
"GEN24_1082610","Before","Australia",8
"GEN24_1082610","Before","United States of America",4
"GEN24_1082654","After","Australia",6
"GEN24_1082662","After","China, People's Republic of",1
"GEN24_1082662","Before","New Caledonia",42
"GEN24_1082698","After","Australia",2
"GEN24_1082698","After","Indonesia",3
"GEN24_1082698","After","Philippines",5
"GEN24_1082698","After","Timor-Leste",2
"GEN24_1082698","Before","Fiji",2
"GEN24_1082709","Before","Australia",14
"GEN24_1082729","After","Japan",1
"GEN24_1082729","Before","Japan",4
"GEN24_1082774","Before","Australia",2
"GEN24_1082775","Before","Australia",5
"GEN24_1082776","Before","Australia",4
"GEN24_1082797","Before","Australia",2
"GEN24_1082797","Before","India",1
"GEN24_1082797","Before","Philippines",10
"GEN24_1082797","Before","Thailand",3
"GEN24_1082802","Before","French Polynesia",4
"GEN24_1082809","Before","Fiji",4
"GEN24_1082813","Before","China, People's Republic of",15
"GEN24_1082813","Before","Japan",35
"GEN24_1082813","Before","Korea, Democratic People's Republic of",21
"GEN24_1082813","Before","Malaysia",42
"GEN24_1082817","Before","Japan",6
"GEN24_1082820","Before","China, People's Republic of",3
"GEN24_1082820","Before","Japan",7
"GEN24_1082820","Before","Switzerland",8
"GEN24_1082820","Before","United States of America",5
"GEN24_1082823","Before","Japan",9
"GEN24_1082823","Before","Singapore",3
"GEN24_1082823","Before","Taiwan",10
"GEN24_1082823","Before","Thailand",7
"GEN24_1082823","Before","United States of America",15
"GEN24_1082864","After","Japan",1
"GEN24_1082921","Before","Singapore",1
"GEN24_1083115","Before","Singapore",2
"GEN24_1083135","Before","Singapore",5
"GEN24_1083139","After","Fiji",12
"GEN24_1083160","After","China, People's Republic of",1
"GEN24_1083160","Before","China, People's Republic of",2
"GEN24_1083182","Before","Australia",50
"GEN24_1083208","Before","Thailand",4
"GEN24_1083208","Before","Viet Nam",3
"GEN24_1083245","After","Singapore",1
"GEN24_1083245","Before","Singapore",2
"GEN24_1083255","Before","Australia",5
"GEN24_1083260","After","Indonesia",19
"GEN24_1083260","Before","China, People's Republic of",30
"GEN24_1083260","Before","Indonesia",28
"GEN24_1083260","Before","Philippines",14
"GEN24_1083279","After","Australia",35
"GEN24_1083279","After","Japan",7
"GEN24_1083279","After","Viet Nam",14
"GEN24_1083279","Before","Chile",14
"GEN24_1083279","Before","Mexico",15
"GEN24_1083279","Before","United States of America",42
"GEN24_1083286","Before","Australia",5
"GEN24_1083397","After","Australia",60
"GEN24_1083397","Before","Australia",60
"GEN24_1083437","Before","Spain",1
"GEN24_1083449","Before","Singapore",1
"GEN24_1083470","After","Australia",89
"GEN24_1083470","Before","Australia",72
"GEN24_1083495","After","Australia",30
"GEN24_1083500","After","Australia",9
"GEN24_1083500","Before","Singapore",1
"GEN24_1083505","After","Australia",24
"GEN24_1083505","Before","Australia",2
"GEN24_1083510","Before","Australia",35
"GEN24_1083541","After","Australia",10
"GEN24_1083541","After","France",7
"GEN24_1083541","After","Japan",7
"GEN24_1083541","After","Singapore",7
"GEN24_1083541","After","United States of America",10
"GEN24_1083541","Before","Bhutan",7
"GEN24_1083541","Before","England",10
"GEN24_1083541","Before","Germany",10
"GEN24_1083541","Before","Nepal",10
"GEN24_1083541","Before","Swaziland",7
"GEN24_1083564","After","Hong Kong (Special Administrative Region)",2
"GEN24_1083590","After","French Polynesia",20
"GEN24_1083590","Before","Australia",21
"GEN24_1083590","Before","Indonesia",30
"GEN24_1083590","Before","Thailand",30
"GEN24_1083686","After","Australia",8
"GEN24_1083691","After","Singapore",1
"GEN24_1083692","Before","Singapore",3
"GEN24_1083693","After","Indonesia",7
"GEN24_1083693","After","Malaysia",2
"GEN24_1083693","After","Singapore",4
"GEN24_1083710","After","Thailand",6
"GEN24_1083732","Before","Australia",7
"GEN24_1083736","After","United States of America",1
"GEN24_1083736","Before","United States of America",1
"GEN24_1083737","After","United States of America",1
"GEN24_1083737","Before","United States of America",1
"GEN24_1083825","Before","Indonesia",28
"GEN24_1083825","Before","Viet Nam",42
"GEN24_1083835","After","Saudi Arabia",5
"GEN24_1083835","Before","Saudi Arabia",62
"GEN24_1083868","After","Singapore",2
"GEN24_1083868","Before","Australia",1
"GEN24_1083868","Before","Singapore",3
"GEN24_1083879","After","Luxembourg",7
"GEN24_1083879","Before","Australia",90
"GEN24_1083921","Before","Australia",21
"GEN24_1084044","After","Australia",1
"GEN24_1084063","Before","China, People's Republic of",1
"GEN24_1084072","After","South Africa",21
"GEN24_1084117","After","Belgium",1
"GEN24_1084117","After","Italy",2
"GEN24_1084117","After","Mexico",21
"GEN24_1084117","Before","Australia",99
"GEN24_1084117","Before","Cambodia",15
"GEN24_1084117","Before","Thailand",45
"GEN24_1084117","Before","Viet Nam",30
"GEN24_1084121","After","Hong Kong (Special Administrative Region)",6
"GEN24_1084121","After","Singapore",5
"GEN24_1084121","After","Thailand",20
"GEN24_1084121","After","Viet Nam",24
"GEN24_1084121","Before","Australia",16
"GEN24_1084121","Before","Fiji",30
"GEN24_1084138","After","Singapore",2
"GEN24_1084140","After","Singapore",15
"GEN24_1084155","Before","Australia",5
"GEN24_1084165","After","Australia",18
"GEN24_1084165","After","United States of America",12
"GEN24_1084165","Before","Fiji",7
"GEN24_1084165","Before","Japan",16
"GEN24_1084165","Before","Korea, Republic of",3
"GEN24_1084187","Before","China, People's Republic of",1
"GEN24_1084193","Before","Austria",99
"GEN24_1084237","After","Singapore",2
"GEN24_1084237","Before","Hong Kong (Special Administrative Region)",1
"GEN24_1084248","After","United States of America",1
"GEN24_1084248","Before","France",99
"GEN24_1084248","Before","French Polynesia",10
"GEN24_1084259","Before","Hong Kong (Special Administrative Region)",3
"GEN24_1084294","Before","Singapore",2
"GEN24_1084297","Before","Argentina",6
"GEN24_1084297","Before","Colombia",6
"GEN24_1084297","Before","Mexico",6
"GEN24_1084297","Before","Peru",6
"GEN24_1084313","Before","Indonesia",18
"GEN24_1084386","After","Brazil",12
"GEN24_1084386","After","United States of America",16
"GEN24_1084418","After","Australia",13
"GEN24_1084616","Before","England",21
"GEN24_1084616","Before","Italy",14
"GEN24_1084616","Before","Malaysia",7
"GEN24_1084616","Before","Singapore",7
"GEN24_1084641","After","Australia",2
"GEN24_1084641","Before","Australia",15
"GEN24_1084715","Before","Australia",25
"GEN24_1084715","Before","Canada",20
"GEN24_1084715","Before","England",15
"GEN24_1084715","Before","Thailand",20
"GEN24_1084719","Before","Australia",12
"GEN24_1084719","Before","Singapore",1
"GEN24_1084756","Before","England",1
"GEN24_1084756","Before","Saudi Arabia",1
"GEN24_1084760","Before","Canada",6
"GEN24_1084760","Before","Thailand",12
"GEN24_1084760","Before","United States of America",15
"GEN24_1084884","Before","Australia",15
"GEN24_1084997","After","Netherlands",30
"GEN24_1084997","Before","Netherlands",30
"GEN24_1085016","Before","Australia",7
"GEN24_1085016","Before","Japan",5
"GEN24_1085016","Before","Singapore",2
"GEN24_1085016","Before","Taiwan",4
"GEN24_1085025","Before","Australia",1
"GEN24_1085025","Before","Germany",1
"GEN24_1085025","Before","Hungary",3
"GEN24_1085025","Before","Japan",9
"GEN24_1085042","After","Australia",2
"GEN24_1085086","Before","Australia",5
"GEN24_1085096","Before","Australia",6
"GEN24_1085103","After","Hong Kong (Special Administrative Region)",1
"GEN24_1085107","After","Japan",6
"GEN24_1085107","Before","Indonesia",5
"GEN24_1085130","Before","Australia",18
"GEN24_1085137","Before","Australia",22
"GEN24_1085147","After","United States of America",1
"GEN24_1085152","Before","Australia",10
"GEN24_1085153","After","Canada",2
"GEN24_1085153","Before","Japan",2
"GEN24_1085163","After","France",99
"GEN24_1085163","Before","Samoa",21
"GEN24_1085168","After","England",99
"GEN24_1085168","Before","Australia",9
"GEN24_1085189","Before","China, People's Republic of",10
"GEN24_1085238","After","Australia",10
"GEN24_1085242","After","Australia",6
"GEN24_1085242","After","Hong Kong (Special Administrative Region)",3
"GEN24_1085242","Before","French Polynesia",22
"GEN24_1085259","After","Singapore",1
"GEN24_1085267","After","India",10
"GEN24_1085267","Before","Viet Nam",10
"GEN24_1085287","After","Singapore",3
"GEN24_1085287","Before","Australia",14
"GEN24_1085297","Before","Australia",23
"GEN24_1085304","After","England",1
"GEN24_1085304","Before","England",1
"GEN24_1085367","Before","Australia",70
"GEN24_1085412","After","Singapore",1
"GEN24_1085412","Before","Singapore",1
"GEN24_1085425","After","Cook Islands",9
"GEN24_1085442","Before","Australia",7
"GEN24_1085454","After","China, People's Republic of",1
"GEN24_1085454","Before","Hungary",1
"GEN24_1085472","Before","Australia",22
"GEN24_1085496","After","Australia",1
"GEN24_1085496","Before","Australia",36
"GEN24_1085534","Before","Australia",99
"GEN24_1085543","Before","Japan",5
"GEN24_1085549","After","Thailand",15
"GEN24_1085550","After","Singapore",1
"GEN24_1085550","Before","Nepal",28
"GEN24_1085553","After","Fiji",5
"GEN24_1085558","Before","Australia",11
"GEN24_1085561","After","Australia",5
"GEN24_1085561","Before","Australia",15
"GEN24_1085571","After","Qatar",2
"GEN24_1085571","Before","Singapore",1
"GEN24_1085596","Before","Singapore",2
"GEN24_1085642","Before","United States of America",1
"GEN24_1085645","After","Australia",10
"GEN24_1085650","Before","Australia",9
"GEN24_1085676","Before","Australia",1
"GEN24_1085732","After","Singapore",1
"GEN24_1085732","Before","Australia",10
"GEN24_1085755","Before","Singapore",2
"GEN24_1085786","After","Australia",1
"GEN24_1085786","After","Northern Ireland",1
"GEN24_1085787","Before","China, People's Republic of",14
"GEN24_1085787","Before","England",8
"GEN24_1085787","Before","Japan",13
"GEN24_1085787","Before","United States of America",7
"GEN24_1085788","After","Australia",1
"GEN24_1085807","After","Australia",26
"GEN24_1085807","Before","Australia",35
"GEN24_1085836","After","China, People's Republic of",2
"GEN24_1085836","After","Fiji",4
"GEN24_1085895","Before","Australia",5
"GEN24_1085958","Before","Singapore",1
"GEN24_1085961","Before","Singapore",3
"GEN24_1085984","Before","Australia",1
"GEN24_1086008","Before","Australia",14
"GEN24_1086028","After","Australia",1
"GEN24_1086028","Before","Australia",12
"GEN24_1086032","After","Australia",31
"GEN24_1086032","Before","Australia",15
"GEN24_1086053","Before","Singapore",9
"GEN24_1086094","After","Fiji",10
"GEN24_1086102","Before","Fiji",5
"GEN24_1086117","After","Australia",7
"GEN24_1086119","After","Australia",86
"GEN24_1086119","Before","Australia",86
"GEN24_1086130","After","Australia",18
"GEN24_1086214","After","Australia",50
"GEN24_1086219","After","Fiji",3
"GEN24_1086244","Before","Australia",40
"GEN24_1086306","After","Korea, Democratic People's Republic of",2
"GEN24_1086338","After","Australia",14
"GEN24_1086346","Before","England",1
"GEN24_1086406","After","Australia",1
"GEN24_1086406","Before","Australia",1
"GEN24_1086451","After","Australia",2
"GEN24_1086482","After","Hong Kong (Special Administrative Region)",2
"GEN24_1086482","Before","Australia",12
"GEN24_1086488","Before","Australia",24
"GEN24_1086488","Before","Japan",15
"GEN24_1086488","Before","Malaysia",5
"GEN24_1086488","Before","Turkey",15
"GEN24_1086502","After","Mauritius",1
"GEN24_1086523","After","Fiji",14
"GEN24_1086523","Before","Fiji",14
"GEN24_1086547","After","United Arab Emirates",2
"GEN24_1086547","Before","Singapore",2
"GEN24_1086595","Before","Australia",60
"GEN24_1086599","After","Australia",1
"GEN24_1086599","Before","Australia",1
"GEN24_1086611","After","Australia",21
"GEN24_1086619","After","Hong Kong (Special Administrative Region)",1
"GEN24_1086619","Before","Hong Kong (Special Administrative Region)",2
"GEN24_1086656","Before","Cuba",10
"GEN24_1086656","Before","England",5
"GEN24_1086656","Before","Indonesia",19
"GEN24_1086656","Before","Tanzania",19
"GEN24_1086656","Before","Thailand",16
"GEN24_1086688","Before","Australia",1
"GEN24_1086694","After","England",3
"GEN24_1086694","Before","England",1
"GEN24_1086700","Before","Singapore",2
"GEN24_1086722","After","United States of America",3
"GEN24_1086722","Before","Singapore",3
"GEN24_1086722","Before","United States of America",3
"GEN24_1086798","After","Japan",6
"GEN24_1086798","Before","Japan",6
"GEN24_1086798","Before","Korea, Republic of",4
"GEN24_1086839","Before","England",1
"GEN24_1086843","After","Australia",42
"GEN24_1086855","Before","Australia",2
"GEN24_1086872","Before","Australia",9
"GEN24_1086878","After","Scotland",1
"GEN24_1086878","Before","Scotland",1
"GEN24_1086908","Before","Australia",1
"GEN24_1086969","Before","Australia",12
"GEN24_1086969","Before","United States of America",12
"GEN24_1086973","After","Malaysia",1
"GEN24_1086973","Before","Malaysia",1
"GEN24_1086998","Before","Australia",21
"GEN24_1087012","Before","Australia",20
"GEN24_1087049","After","Singapore",1
"GEN24_1087049","Before","Singapore",1
"GEN24_1087052","After","Singapore",2
"GEN24_1087052","Before","Singapore",1
"GEN24_1087059","Before","Australia",25
"GEN24_1087065","After","Australia",3
"GEN24_1087065","After","South Africa",14
"GEN24_1087070","Before","Australia",4
"GEN24_1087102","Before","United States of America",1
"GEN24_1087132","Before","Hong Kong (Special Administrative Region)",1
"GEN24_1087140","After","Japan",11
"GEN24_1087140","Before","Australia",20
"GEN24_1087153","Before","Australia",2
"GEN24_1087183","After","China, People's Republic of",1
"GEN24_1087183","Before","China, People's Republic of",1
"GEN24_1087219","Before","Australia",1
"GEN24_1087229","After","Australia",10
"GEN24_1087253","After","Singapore",1
"GEN24_1087253","Before","Singapore",2
"GEN24_1087281","After","Australia",3
"GEN24_1087324","After","Australia",10
"GEN24_1087324","Before","Australia",51
"GEN24_1087363","After","Maldives",4
"GEN24_1087372","After","Singapore",4
"GEN24_1087372","Before","Australia",7
"GEN24_1087390","Before","England",1
"GEN24_1087407","Before","Australia",1
"GEN24_1087488","After","Philippines",20
"GEN24_1087488","After","Thailand",30
"GEN24_1087488","Before","China, People's Republic of",1
"GEN24_1087542","After","Australia",11
"GEN24_1087569","Before","Australia",3
"GEN24_1087569","Before","England",3
"GEN24_1087578","After","Australia",4
"GEN24_1087600","After","Australia",1
"GEN24_1087600","Before","Australia",1
"GEN24_1087611","After","Australia",5
"GEN24_1087622","Before","Australia",14
"GEN24_1087625","After","Cook Islands",7
"GEN24_1087625","After","United States of America",15
"GEN24_1087625","Before","Japan",10
"GEN24_1087634","After","Canada",2
"GEN24_1087634","Before","Canada",2
"GEN24_1087634","Before","Japan",3
"GEN24_1087642","Before","Australia",3
"GEN24_1087698","Before","Singapore",1
"GEN24_1087723","After","French Polynesia",31
"GEN24_1087723","After","Philippines",25
"GEN24_1087733","After","Australia",3
"GEN24_1087735","After","Australia",3
"GEN24_1087735","Before","Australia",7
"GEN24_1087741","After","Australia",90
"GEN24_1087743","Before","Australia",5
"GEN24_1087743","Before","Indonesia",15
"GEN24_1087746","Before","Singapore",1
"GEN24_1087758","Before","Australia",14
"GEN24_1087772","After","United Arab Emirates",2
"GEN24_1087772","Before","Cook Islands",6
"GEN24_1087772","Before","United Arab Emirates",3
"GEN24_1087783","After","Australia",9
"GEN24_1087783","After","Singapore",1
"GEN24_1087783","After","Thailand",32
"GEN24_1087783","After","Viet Nam",6
"GEN24_1087852","Before","Australia",5
"GEN24_1087853","Before","Canada",1
"GEN24_1087854","Before","Australia",15
"GEN24_1087869","After","Qatar",1
"GEN24_1087869","Before","Qatar",1
"GEN24_1087875","Before","Qatar",1
"GEN24_1087912","Before","Australia",7
"GEN24_1087989","Before","England",1
"GEN24_1088010","Before","Australia",10
"GEN24_1088041","Before","Qatar",1
"GEN24_1088051","After","Singapore",8
"GEN24_1088051","Before","Singapore",8
"GEN24_1088062","After","Australia",19
"GEN24_1088062","After","United States of America",2
"GEN24_1088062","Before","Australia",10
"GEN24_1088062","Before","Singapore",4
"GEN24_1088067","After","Australia",23
"GEN24_1088067","Before","Australia",10
"GEN24_1088085","Before","Australia",40
"GEN24_1088092","Before","Indonesia",13
"GEN24_1088113","After","China, People's Republic of",1
"GEN24_1088113","Before","China, People's Republic of",1
"GEN24_1088135","After","Singapore",3
"GEN24_1088135","Before","Korea, Republic of",3
"GEN24_1088232","After","Thailand",5
"GEN24_1088232","Before","Australia",30
"GEN24_1088232","Before","Singapore",4
"GEN24_1088232","Before","Viet Nam",10
"GEN24_1088246","After","Singapore",2
"GEN24_1088246","Before","Australia",6
"GEN24_1088265","After","Australia",21
"GEN24_1088265","Before","Australia",7
"GEN24_1088267","After","Australia",5
"GEN24_1088267","Before","Australia",2
"GEN24_1088297","After","Australia",2
"GEN24_1088309","After","Australia",18
"GEN24_1088339","Before","Australia",14
"GEN24_1088342","After","China, People's Republic of",1
"GEN24_1088342","Before","China, People's Republic of",1
"GEN24_1088382","After","Australia",1
"GEN24_1088382","Before","Australia",1
"GEN24_1088418","After","Australia",7
"GEN24_1088418","After","Malaysia",5
"GEN24_1088418","Before","Canada",1
"GEN24_1088418","Before","Fiji",3
"GEN24_1088418","Before","United States of America",2
"GEN24_1088443","After","Australia",30
"GEN24_1088443","Before","Australia",40
"GEN24_1088454","After","Australia",4
"GEN24_1088454","After","Fiji",9
"GEN24_1088454","Before","Canada",55
"GEN24_1088461","After","Qatar",1
"GEN24_1088466","Before","Australia",8
"GEN24_1088467","After","Australia",14
"GEN24_1088467","After","Singapore",1
"GEN24_1088467","Before","Australia",1
"GEN24_1088468","Before","Australia",5
"GEN24_1088478","After","Australia",30
"GEN24_1088478","Before","Australia",85
"GEN24_1088521","After","Australia",3
"GEN24_1088521","Before","Australia",5
"GEN24_1088569","Before","Australia",1
"GEN24_1088602","After","Australia",1
"GEN24_1088602","Before","Australia",90
"GEN24_1088622","Before","Australia",3
"GEN24_1088645","Before","Canada",20
"GEN24_1088645","Before","Cyprus",7
"GEN24_1088645","Before","Greece",8
"GEN24_1088645","Before","Scotland",8
"GEN24_1088645","Before","United States of America",20
"GEN24_1088660","Before","China, People's Republic of",3
"GEN24_1088660","Before","United States of America",5
"GEN24_1088663","Before","Japan",9
"GEN24_1088702","After","Taiwan",2
"GEN24_1088702","Before","Taiwan",2
"GEN24_1088756","After","Singapore",1
"GEN24_1088756","Before","Singapore",1
"GEN24_1088769","Before","Singapore",2
"GEN24_1088780","After","Australia",1
"GEN24_1088780","Before","Australia",1
"GEN24_1088790","After","Australia",3
"GEN24_1088791","Before","Australia",8
"GEN24_1088825","Before","Australia",15
"GEN24_1088828","Before","Germany",5
"GEN24_1088828","Before","Japan",20
"GEN24_1088828","Before","Korea, Republic of",2
"GEN24_1088828","Before","Netherlands",2
"GEN24_1088828","Before","United States of America",30
"GEN24_1088841","Before","Japan",12
"GEN24_1088860","Before","Singapore",5
"GEN24_1088881","After","Australia",2
"GEN24_1088881","After","Fiji",9
"GEN24_1088912","After","Australia",11
"GEN24_1088912","Before","Australia",11
"GEN24_1088928","After","Hong Kong (Special Administrative Region)",1
"GEN24_1088928","Before","Australia",4
"GEN24_1089002","Before","France",5
"GEN24_1089002","Before","Italy",1
"GEN24_1089019","Before","Australia",18
"GEN24_1089051","Before","Australia",3
"GEN24_1089092","After","Fiji",7
"GEN24_1089092","After","Singapore",4
"GEN24_1089092","Before","Australia",5
"GEN24_1089097","After","Australia",23
"GEN24_1089097","Before","Australia",60
"GEN24_1089148","After","Fiji",4
"GEN24_1089166","Before","Fiji",1
"GEN24_1089166","Before","United States of America",7
"GEN24_1089175","Before","Singapore",2
"GEN24_1089183","After","Singapore",2
"GEN24_1089183","Before","Australia",60
"GEN24_1089189","After","Singapore",3
"GEN24_1089258","After","Australia",7
"GEN24_1089258","Before","Australia",7
"GEN24_1089276","After","Singapore",3
"GEN24_1089276","Before","Australia",3
"GEN24_1089276","Before","Singapore",3
"GEN24_1089284","Before","Singapore",1
"GEN24_1089296","After","Fiji",2
"GEN24_1089296","Before","Fiji",2
"GEN24_1089307","Before","Singapore",2
"GEN24_1089325","After","Canada",1
"GEN24_1089325","Before","Canada",1
"GEN24_1089339","Before","Australia",6
"GEN24_1089339","Before","Japan",5
"GEN24_1089339","Before","Korea, Republic of",4
"GEN24_1089339","Before","Singapore",6
"GEN24_1089339","Before","United States of America",10
"GEN24_1089344","Before","Australia",1
"GEN24_1089396","After","China, People's Republic of",1
"GEN24_1089396","Before","Australia",86
"GEN24_1089410","After","Singapore",2
"GEN24_1089410","Before","Australia",20
"GEN24_1089418","After","Australia",3
"GEN24_1089423","After","Australia",2
"GEN24_1089423","Before","Australia",3
"GEN24_1089424","After","Australia",6
"GEN24_1089432","Before","Australia",2
"GEN24_1089434","Before","Australia",2
"GEN24_1089438","After","Colombia",18
"GEN24_1089442","Before","Australia",10
"GEN24_1089444","Before","Australia",4
"GEN24_1089444","Before","England",1
"GEN24_1089458","After","Qatar",4
"GEN24_1089458","Before","Australia",3
"GEN24_1089470","Before","Singapore",1
"GEN24_1089471","Before","Hong Kong (Special Administrative Region)",2
"GEN24_1089473","Before","Hong Kong (Special Administrative Region)",1
"GEN24_1089478","Before","Singapore",1
"GEN24_1089483","Before","Singapore",3
"GEN24_1089523","After","Australia",3
"GEN24_1089523","Before","Australia",8
"GEN24_1089529","Before","Australia",3
"GEN24_1089529","Before","Fiji",7
"GEN24_1089529","Before","Tonga",4
"GEN24_1089550","Before","Australia",5
"GEN24_1089552","Before","Australia",3
"GEN24_1089596","After","Australia",16
"GEN24_1089602","After","England",1
"GEN24_1089602","After","Northern Ireland",1
"GEN24_1089604","After","Italy",60
"GEN24_1089604","Before","Malaysia",60
"GEN24_1089630","Before","Australia",1
"GEN24_1089671","After","Qatar",6
"GEN24_1089671","Before","Australia",21
"GEN24_1089677","Before","Australia",20
"GEN24_1089683","After","Singapore",2
"GEN24_1089683","Before","Singapore",2
"GEN24_1089690","After","Australia",1
"GEN24_1089690","Before","Australia",10
"GEN24_1089690","Before","Thailand",7
"GEN24_1089690","Before","Turkey",5
"GEN24_1089702","After","Australia",36
"GEN24_1089702","Before","Australia",36
"GEN24_1089708","Before","Australia",7
"GEN24_1089716","After","China, People's Republic of",7
"GEN24_1089716","Before","Korea, Republic of",4
"GEN24_1089716","Before","Turkey",9
"GEN24_1089754","Before","Cook Islands",5
"GEN24_1089776","After","Australia",7
"GEN24_1089783","Before","Australia",7
"GEN24_1089790","Before","Australia",14
"GEN24_1089793","After","Australia",12
"GEN24_1089806","After","Australia",2
"GEN24_1089806","Before","Australia",2
"GEN24_1089853","Before","Australia",10
"GEN24_1089853","Before","Canada",20
"GEN24_1089853","Before","Japan",10
"GEN24_1089853","Before","United States of America",30
"GEN24_1089857","After","Cambodia",1
"GEN24_1089857","After","Singapore",3
"GEN24_1089857","Before","Cambodia",14
"GEN24_1089857","Before","Singapore",3
"GEN24_1089858","Before","Australia",4
"GEN24_1089858","Before","Singapore",3
"GEN24_1089894","Before","Hong Kong (Special Administrative Region)",5
"GEN24_1089894","Before","Viet Nam",5
"GEN24_1089895","Before","Canada",18
"GEN24_1089895","Before","France",22
"GEN24_1089895","Before","Taiwan",15
"GEN24_1089895","Before","Turkey",25
"GEN24_1089895","Before","United States of America",20
"GEN24_1089903","Before","Singapore",1
"GEN24_1089913","After","Singapore",6
"GEN24_1089913","Before","Australia",5
"GEN24_1089916","After","Singapore",1
"GEN24_1089918","Before","Australia",11
"GEN24_1089926","Before","Australia",7
"GEN24_1089929","After","Australia",1
"GEN24_1089929","Before","Australia",1
"GEN24_1089931","Before","Australia",2
"GEN24_1089949","After","Fiji",4
"GEN24_1089960","Before","Korea, Republic of",7
"GEN24_1089960","Before","Maldives",5
"GEN24_1089960","Before","Sri Lanka",2
"GEN24_1089960","Before","Thailand",7
"GEN24_1089986","After","Japan",7
"GEN24_1089986","Before","Japan",7
"GEN24_1090002","Before","England",2
"GEN24_1090021","After","Singapore",8
"GEN24_1090026","Before","Singapore",2
"GEN24_1090042","Before","Australia",10
"GEN24_1090063","After","Cambodia",30
"GEN24_1090063","After","Taiwan",45
"GEN24_1090065","Before","Singapore",5
"GEN24_1090082","Before","Japan",21
"GEN24_1090082","Before","Malaysia",10
"GEN24_1090082","Before","Singapore",3
"GEN24_1090082","Before","Taiwan",5
"GEN24_1090082","Before","Thailand",5
"GEN24_1090086","After","Singapore",2
"GEN24_1090086","Before","Canada",2
"GEN24_1090091","After","Australia",3
"GEN24_1090091","Before","Australia",3
"GEN24_1090107","Before","Australia",3
"GEN24_1090170","After","Australia",3
"GEN24_1090170","Before","Singapore",3
"GEN24_1090174","After","Australia",1
"GEN24_1090174","Before","Australia",1
"GEN24_1090185","Before","Australia",3
"GEN24_1090205","After","Singapore",2
"GEN24_1090205","Before","Singapore",2
"GEN24_1090206","Before","Singapore",1
"GEN24_1090210","After","Singapore",2
"GEN24_1090210","Before","Singapore",2
"GEN24_1090217","After","Malaysia",12
"GEN24_1090217","After","Singapore",2
"GEN24_1090217","Before","Singapore",1
"GEN24_1090226","After","Singapore",2
"GEN24_1090226","Before","Australia",14
"GEN24_1090226","Before","Singapore",2
"GEN24_1090248","Before","Fiji",1
"GEN24_1090248","Before","French Polynesia",3
"GEN24_1090248","Before","Samoa",1
"GEN24_1090248","Before","Samoa, American",1
"GEN24_1090262","After","Singapore",1
"GEN24_1090262","Before","Singapore",1
"GEN24_1090287","Before","Australia",10
"GEN24_1090290","After","Argentina",27
"GEN24_1090290","After","Costa Rica",18
"GEN24_1090290","After","Guatemala",21
"GEN24_1090290","Before","Australia",21
"GEN24_1090290","Before","Ethiopia",3
"GEN24_1090290","Before","Kenya",23
"GEN24_1090290","Before","Laos",14
"GEN24_1090292","Before","Australia",13
"GEN24_1090354","After","Singapore",6
"GEN24_1090354","Before","Australia",10
"GEN24_1090354","Before","England",15
"GEN24_1090354","Before","Singapore",6
"GEN24_1090354","Before","United States of America",18
"GEN24_1090381","Before","Australia",4
"GEN24_1090386","After","Hong Kong (Special Administrative Region)",2
"GEN24_1090386","Before","Hong Kong (Special Administrative Region)",4
"GEN24_1090394","After","Hong Kong (Special Administrative Region)",3
"GEN24_1090394","Before","Australia",8
"GEN24_1090394","Before","Cambodia",5
"GEN24_1090394","Before","Viet Nam",9
"GEN24_1090402","After","Singapore",1
"GEN24_1090403","Before","Australia",47
"GEN24_1090411","After","Australia",10
"GEN24_1090411","Before","Australia",10
"GEN24_1090417","After","Australia",9
"GEN24_1090424","After","Australia",1
"GEN24_1090436","After","Australia",18
"GEN24_1090436","Before","Australia",53
"GEN24_1090440","Before","United States of America",1
"GEN24_1090453","After","United States of America",5
"GEN24_1090453","Before","Australia",6
"GEN24_1090460","After","China, People's Republic of",5
"GEN24_1090460","Before","Australia",5
"GEN24_1090467","Before","Australia",11
"GEN24_1090487","Before","United Arab Emirates",1
"GEN24_1090534","After","Australia",14
"GEN24_1090534","Before","Australia",1
"GEN24_1090539","Before","Macau (Special Administrative Region)",2
"GEN24_1090539","Before","Taiwan",8
"GEN24_1090541","Before","Singapore",1
"GEN24_1090545","After","Hong Kong (Special Administrative Region)",1
"GEN24_1090545","Before","Japan",1
"GEN24_1090568","After","Australia",4
"GEN24_1090568","Before","Australia",4
"GEN24_1090578","After","Singapore",3
"GEN24_1090592","Before","Hong Kong (Special Administrative Region)",2
"GEN24_1090605","After","Australia",6
"GEN24_1090619","Before","Hong Kong (Special Administrative Region)",5
"GEN24_1090619","Before","Taiwan",8
"GEN24_1090620","After","Australia",80
"GEN24_1090620","Before","Australia",80
"GEN24_1090646","Before","Australia",3
"GEN24_1090651","After","United States of America",1
"GEN24_1090651","Before","United States of America",1
"GEN24_1090667","Before","England",1
"GEN24_1090667","Before","United States of America",1
"GEN24_1090676","Before","United Arab Emirates",1
"GEN24_1090677","After","Taiwan",1
"GEN24_1090677","Before","China, People's Republic of",8
"GEN24_1090677","Before","Philippines",6
"GEN24_1090682","Before","England",1
"GEN24_1090685","After","Australia",7
"GEN24_1090690","After","Australia",50
"GEN24_1090690","Before","Australia",50
"GEN24_1090693","After","Canada",1
"GEN24_1090693","Before","Canada",6
"GEN24_1090693","Before","Fiji",1
"GEN24_1090693","Before","Vanuatu",7
"GEN24_1090695","After","Canada",1
"GEN24_1090720","After","Australia",5
"GEN24_1090720","After","Qatar",1
"GEN24_1090739","After","Fiji",5
"GEN24_1090739","Before","Australia",2
"GEN24_1090749","Before","Australia",1
"GEN24_1090755","After","Australia",1
"GEN24_1090755","Before","Australia",1
"GEN24_1090773","After","Australia",15
"GEN24_1090781","After","Australia",1
"GEN24_1090781","Before","Australia",1
"GEN24_1090787","Before","Australia",4
"GEN24_1090795","Before","Singapore",2
"GEN24_1090801","Before","United States of America",99
"GEN24_1090818","After","China, People's Republic of",3
"GEN24_1090818","Before","China, People's Republic of",3
"GEN24_1090818","Before","Germany",2
"GEN24_1090843","Before","France",3
"GEN24_1090843","Before","Greece",3
"GEN24_1090843","Before","Japan",6
"GEN24_1090843","Before","Korea, Republic of",5
"GEN24_1090893","After","Korea, Republic of",3
"GEN24_1090893","Before","United States of America",3
"GEN24_1090897","After","Australia",12
"GEN24_1090897","After","Japan",30
"GEN24_1090930","Before","China, People's Republic of",1
"GEN24_1090939","After","Australia",7
"GEN24_1090939","After","Thailand",12
"GEN24_1090940","After","Australia",9
"GEN24_1090940","Before","Australia",9
"GEN24_1090987","Before","Singapore",4
"GEN24_1091132","After","Singapore",2
"GEN24_1091132","Before","Singapore",2
"GEN24_1091133","After","Thailand",30
"GEN24_1091133","Before","Australia",60
"GEN24_1091136","Before","Singapore",3
"GEN24_1091140","After","Australia",3
"GEN24_1091151","Before","Singapore",3
"GEN24_1091163","After","Qatar",1
"GEN24_1091163","Before","Qatar",1
"GEN24_1091175","Before","Australia",21
"GEN24_1091176","Before","Qatar",1
"GEN24_1091200","Before","Australia",18
"GEN24_1091201","After","Singapore",2
"GEN24_1091201","Before","England",1
"GEN24_1091212","After","Australia",7
"GEN24_1091212","Before","Australia",1
"GEN24_1091214","After","Australia",4
"GEN24_1091217","After","Australia",11
"GEN24_1091226","Before","Australia",2
"GEN24_1091255","After","China, People's Republic of",1
"GEN24_1091259","After","China, People's Republic of",30
"GEN24_1091270","After","Australia",3
"GEN24_1091270","Before","Australia",3
"GEN24_1091271","Before","Australia",4
"GEN24_1091331","Before","Singapore",3
"GEN24_1091342","After","Netherlands",1
"GEN24_1091342","Before","Australia",10
"GEN24_1091342","Before","Netherlands",1
"GEN24_1091346","After","England",1
"GEN24_1091346","After","Singapore",1
"GEN24_1091355","After","Singapore",3
"GEN24_1091355","Before","Australia",4
"GEN24_1091363","After","Australia",1
"GEN24_1091363","Before","Australia",1
"GEN24_1091396","After","Germany",90
"GEN24_1091396","After","South Africa",12
"GEN24_1091396","Before","Germany",16
"GEN24_1091396","Before","South Africa",90
"GEN24_1091396","Before","United States of America",14
"GEN24_1091425","After","Australia",5
"GEN24_1091443","After","Australia",3
"GEN24_1091444","Before","Australia",1
"GEN24_1091458","After","Australia",2
"GEN24_1091458","Before","United Arab Emirates",2
"GEN24_1091463","Before","Singapore",3
"GEN24_1091480","Before","Australia",25
"GEN24_1091560","Before","Australia",6
"GEN24_1091568","Before","Fiji",3
"GEN24_1091608","After","Qatar",3
"GEN24_1091625","Before","Australia",1
"GEN24_1091644","After","Fiji",8
"GEN24_1091658","After","Canada",1
"GEN24_1091658","Before","Fiji",4
"GEN24_1091658","Before","Samoa, American",4
"GEN24_1091674","Before","Australia",6
"GEN24_1091690","After","Hong Kong (Special Administrative Region)",2
"GEN24_1091690","Before","Australia",14
"GEN24_1091693","After","Thailand",3
"GEN24_1091705","Before","Korea, Republic of",1
"GEN24_1091724","After","Belgium",45
"GEN24_1091724","Before","Belgium",30
"GEN24_1091732","Before","Australia",2
"GEN24_1091768","After","Australia",3
"GEN24_1091768","Before","Australia",4
"GEN24_1091782","Before","Australia",1
"GEN24_1091797","After","United Arab Emirates",2
"GEN24_1091831","After","Australia",1
"GEN24_1091894","Before","Australia",5
"GEN24_1091913","After","Australia",90
"GEN24_1091913","Before","Australia",30
"GEN24_1091923","Before","Japan",7
"GEN24_1091923","Before","United States of America",7
"GEN24_1091933","After","Australia",4
"GEN24_1091955","Before","Australia",13
"GEN24_1091979","Before","Australia",55
"GEN24_1091982","Before","Qatar",7
"GEN24_1092010","Before","Australia",1
"GEN24_1092013","After","Australia",5
"GEN24_1092013","Before","Australia",22
"GEN24_1092021","After","Australia",13
"GEN24_1092021","Before","Australia",2
"GEN24_1092022","Before","Australia",1
"GEN24_1092056","After","China, People's Republic of",1
"GEN24_1092158","After","Australia",3
"GEN24_1092158","Before","Qatar",1
"GEN24_1092168","Before","Australia",1
"GEN24_1092173","Before","Ireland",56
"GEN24_1092210","Before","Australia",2
"GEN24_1092213","Before","Singapore",1
"GEN24_1092214","Before","Singapore",2
"GEN24_1092228","Before","Australia",10
"GEN24_1092259","After","Australia",14
"GEN24_1092261","After","Australia",1
"GEN24_1092261","Before","Australia",1
"GEN24_1092275","After","Australia",10
"GEN24_1092286","After","Singapore",4
"GEN24_1092286","Before","Australia",9
"GEN24_1092286","Before","United Arab Emirates",2
"GEN24_1092307","After","Singapore",3
"GEN24_1092307","Before","Australia",4
"GEN24_1092323","After","Australia",1
"GEN24_1092323","Before","Australia",4
"GEN24_1092327","After","Australia",14
"GEN24_1092327","Before","Australia",4
"GEN24_1092330","After","Australia",6
"GEN24_1092337","After","Australia",1
"GEN24_1092337","Before","Australia",11
"GEN24_1092338","Before","United States of America",3
"GEN24_1092373","After","Singapore",99
"GEN24_1092373","Before","Singapore",90
"GEN24_1092377","After","Singapore",1
"GEN24_1092377","Before","China, People's Republic of",1
"GEN24_1092377","Before","England",10
"GEN24_1092403","Before","Singapore",3
"GEN24_1092454","Before","Australia",11
"GEN24_1092464","After","Singapore",4
"GEN24_1092464","Before","Singapore",3
"GEN24_1092479","After","Singapore",3
"GEN24_1092498","Before","China, People's Republic of",5
"GEN24_1092498","Before","Korea, Republic of",5
"GEN24_1092504","Before","Hong Kong (Special Administrative Region)",3
"GEN24_1092512","After","Australia",10
"GEN24_1092512","After","Singapore",2
"GEN24_1092513","Before","Canada",1
"GEN24_1092527","After","Australia",30
"GEN24_1092528","After","Australia",90
"GEN24_1092528","Before","Australia",90
"GEN24_1092535","After","Cook Islands",30
"GEN24_1092535","After","Denmark",7
"GEN24_1092535","Before","Indonesia",60
"GEN24_1092535","Before","Japan",60
"GEN24_1092543","After","Australia",10
"GEN24_1092545","Before","England",1
"GEN24_1092560","Before","Australia",24
"GEN24_1092573","Before","United Arab Emirates",1
"GEN24_1092607","After","Australia",2
"GEN24_1092609","Before","Australia",7
"GEN24_1092638","Before","Australia",4
"GEN24_1092639","Before","Australia",19
"GEN24_1092640","After","Australia",70
"GEN24_1092640","After","Fiji",7
"GEN24_1092640","After","Vanuatu",7
"GEN24_1092653","After","Singapore",2
"GEN24_1092653","Before","Singapore",4
"GEN24_1092665","After","Singapore",2
"GEN24_1092665","Before","Singapore",2
"GEN24_1092684","After","Malaysia",1
"GEN24_1092684","Before","Australia",3
"GEN24_1092684","Before","Maldives",6
"GEN24_1092684","Before","Singapore",2
"GEN24_1092684","Before","Thailand",10
"GEN24_1092712","After","France",4
"GEN24_1092712","After","Greece",3
"GEN24_1092712","Before","Australia",70
"GEN24_1092712","Before","Indonesia",13
"GEN24_1092722","After","Hong Kong (Special Administrative Region)",4
"GEN24_1092727","Before","Australia",10
"GEN24_1092728","Before","Singapore",2
"GEN24_1092732","After","Singapore",2
"GEN24_1092732","After","Thailand",7
"GEN24_1092732","Before","Canada",10
"GEN24_1092735","Before","Malaysia",3
"GEN24_1092735","Before","Singapore",2
"GEN24_1092761","After","India",4
"GEN24_1092761","Before","India",4
"GEN24_1092786","After","Hong Kong (Special Administrative Region)",1
"GEN24_1092787","After","Hong Kong (Special Administrative Region)",3
"GEN24_1092787","Before","Hong Kong (Special Administrative Region)",3
"GEN24_1092812","Before","Australia",21
"GEN24_1092832","After","Singapore",1
"GEN24_1092832","Before","Singapore",1
"GEN24_1092885","Before","Canada",2
"GEN24_1092885","Before","Singapore",1
"GEN24_1092886","After","Singapore",2
"GEN24_1092886","Before","Australia",5
"GEN24_1092886","Before","Mongolia",4
"GEN24_1092886","Before","Thailand",5
"GEN24_1092887","Before","Singapore",1
"GEN24_1092912","After","Australia",20
"GEN24_1092912","Before","Australia",4
"GEN24_1092927","Before","Australia",5
"GEN24_1092931","After","Australia",30
"GEN24_1092951","Before","Australia",1
"GEN24_1092953","Before","Australia",1
"GEN24_1092957","Before","Australia",3
"GEN24_1092984","Before","Malaysia",2
"GEN24_1092994","After","Hong Kong (Special Administrative Region)",1
"GEN24_1092994","Before","Hong Kong (Special Administrative Region)",1
"GEN24_1093011","Before","Australia",6
"GEN24_1093011","Before","Hong Kong (Special Administrative Region)",6
"GEN24_1093031","After","Australia",37
"GEN24_1093031","After","Fiji",7
"GEN24_1093031","Before","Cook Islands",14
"GEN24_1093031","Before","French Polynesia",14
"GEN24_1093055","After","Fiji",5
"GEN24_1093055","After","Indonesia",3
"GEN24_1093055","After","Malaysia",4
"GEN24_1093055","After","Thailand",14
"GEN24_1093067","After","Thailand",11
"GEN24_1093067","Before","Sri Lanka",21
"GEN24_1093070","After","Australia",5
"GEN24_1093070","Before","Australia",8
"GEN24_1093135","Before","Singapore",4
"GEN24_1093140","Before","Australia",9
"GEN24_1093188","After","Australia",5
"GEN24_1093188","Before","Australia",3
"GEN24_1093191","Before","Australia",1
"GEN24_1093201","After","Australia",21
"GEN24_1093205","After","Singapore",7
"GEN24_1093205","Before","England",2
"GEN24_1093219","After","Australia",28
"GEN24_1093219","Before","Australia",65
"GEN24_1093236","After","Australia",9
"GEN24_1093243","After","Australia",4
"GEN24_1093243","Before","Australia",4
"GEN24_1093260","After","Singapore",3
"GEN24_1093262","Before","Australia",10
"GEN24_1093264","After","Singapore",1
"GEN24_1093264","Before","Singapore",3
"GEN24_1093279","Before","Australia",8
"GEN24_1093285","Before","Australia",10
"GEN24_1093299","After","Canada",36
"GEN24_1093306","Before","China, People's Republic of",1
"GEN24_1093320","After","Singapore",1
"GEN24_1093320","Before","Singapore",3
"GEN24_1093331","After","Singapore",3
"GEN24_1093338","After","Singapore",3
"GEN24_1093344","After","Australia",6
"GEN24_1093344","Before","Australia",14
"GEN24_1093359","After","Qatar",1
"GEN24_1093359","Before","Australia",3
"GEN24_1093384","After","Singapore",4
"GEN24_1093384","Before","United States of America",3
"GEN24_1093386","Before","United States of America",1
"GEN24_1093387","After","Singapore",1
"GEN24_1093387","Before","Singapore",1
"GEN24_1093390","After","Australia",20
"GEN24_1093390","Before","Australia",4
"GEN24_1093392","After","Australia",10
"GEN24_1093392","After","Viet Nam",28
"GEN24_1093399","After","Australia",14
"GEN24_1093435","After","Singapore",2
"GEN24_1093435","Before","Singapore",2
"GEN24_1093444","After","Australia",30
"GEN24_1093444","Before","Australia",14
"GEN24_1093462","Before","Australia",12
"GEN24_1093470","Before","Qatar",1
"GEN24_1093473","Before","Denmark",1
"GEN24_1093475","Before","Australia",33
"GEN24_1093479","After","Hong Kong (Special Administrative Region)",1
"GEN24_1093479","Before","Australia",5
"GEN24_1093479","Before","Singapore",3
"GEN24_1093506","Before","Australia",6
"GEN24_1093506","Before","Singapore",3
"GEN24_1093527","After","Cook Islands",8
"GEN24_1093527","After","Nepal",30
"GEN24_1093527","After","Viet Nam",20
"GEN24_1093527","Before","Australia",90
"GEN24_1093527","Before","Philippines",10
"GEN24_1093528","After","Singapore",2
"GEN24_1093528","Before","Singapore",2
"GEN24_1093531","Before","Australia",4
"GEN24_1093531","Before","Malaysia",10
"GEN24_1093544","Before","Australia",99
"GEN24_1093553","Before","India",8
"GEN24_1093577","Before","Singapore",2
"GEN24_1093603","After","Australia",4
"GEN24_1093603","Before","Hong Kong (Special Administrative Region)",4
"GEN24_1093603","Before","Singapore",4
"GEN24_1093603","Before","Thailand",1
"GEN24_1093606","After","Australia",60
"GEN24_1093606","After","Canada",20
"GEN24_1093606","After","United States of America",40
"GEN24_1093614","Before","China, People's Republic of",1
"GEN24_1093616","After","Australia",8
"GEN24_1093616","After","Samoa",5
"GEN24_1093616","Before","Singapore",1
"GEN24_1093640","After","Australia",1
"GEN24_1093640","Before","Australia",1
"GEN24_1093709","After","Australia",14
"GEN24_1093724","After","Australia",2
"GEN24_1093724","Before","Australia",6
"GEN24_1093738","After","Australia",4
"GEN24_1093738","After","Cambodia",2
"GEN24_1093738","After","Thailand",2
"GEN24_1093738","After","Viet Nam",9
"GEN24_1093738","Before","Australia",2
"GEN24_1093748","Before","Australia",4
"GEN24_1093752","Before","Fiji",3
"GEN24_1093768","After","United Arab Emirates",2
"GEN24_1093768","Before","Thailand",1
"GEN24_1093778","Before","Thailand",4
"GEN24_1093814","Before","Australia",12
"GEN24_1093826","After","Australia",4
"GEN24_1093829","After","Fiji",4
"GEN24_1093829","After","Singapore",5
"GEN24_1093829","Before","Australia",5
"GEN24_1093829","Before","Sri Lanka",14
"GEN24_1093829","Before","Viet Nam",3
"GEN24_1093843","After","Australia",9
"GEN24_1093845","After","Australia",3
"GEN24_1093852","Before","Canada",10
"GEN24_1093855","After","Singapore",2
"GEN24_1093855","Before","Antarctica",20
"GEN24_1093855","Before","Argentina",6
"GEN24_1093856","After","Singapore",1
"GEN24_1093856","Before","Singapore",4
"GEN24_1093867","After","India",2
"GEN24_1093867","Before","India",6
"GEN24_1093880","Before","Australia",24
"GEN24_1093890","Before","Australia",6
"GEN24_1093902","Before","Australia",14
"GEN24_1093913","After","China, People's Republic of",1
"GEN24_1093913","Before","China, People's Republic of",1
"GEN24_1093914","After","China, People's Republic of",1
"GEN24_1093914","Before","China, People's Republic of",1
"GEN24_1093929","Before","China, People's Republic of",1
"GEN24_1093944","Before","Japan",7
"GEN24_1093944","Before","Thailand",7
"GEN24_1093998","After","Korea, Republic of",1
"GEN24_1094024","After","Singapore",3
"GEN24_1094024","Before","Hong Kong (Special Administrative Region)",1
"GEN24_1094025","Before","Singapore",3
"GEN24_1094027","After","Singapore",1
"GEN24_1094056","After","Australia",22
"GEN24_1094060","After","Poland",1
"GEN24_1094060","Before","Italy",1
"GEN24_1094060","Before","Poland",1
"GEN24_1094064","After","United Arab Emirates",2
"GEN24_1094064","Before","Australia",25
"GEN24_1094073","After","China, People's Republic of",1
"GEN24_1094073","Before","China, People's Republic of",1
"GEN24_1094075","Before","Australia",6
"GEN24_1094109","After","Samoa",2
"GEN24_1094109","After","Samoa, American",3
"GEN24_1094109","Before","Australia",10
"GEN24_1094131","After","Australia",5
"GEN24_1094131","After","Fiji",5
"GEN24_1094131","Before","Australia",5
"GEN24_1094131","Before","Fiji",5
"GEN24_1094147","After","Singapore",2
"GEN24_1094147","Before","Singapore",4
"GEN24_1094149","Before","Singapore",3
"GEN24_1094163","Before","Singapore",3
"GEN24_1094164","Before","Singapore",3
"GEN24_1094193","After","Australia",7
"GEN24_1094193","After","Indonesia",7
"GEN24_1094226","After","Australia",1
"GEN24_1094226","Before","Australia",1
"GEN24_1094239","Before","Singapore",1
"GEN24_1094264","After","Australia",4
"GEN24_1094271","Before","United Arab Emirates",5
"GEN24_1094273","After","Germany",99
"GEN24_1094273","Before","Germany",90
"GEN24_1094282","Before","United Arab Emirates",1
"GEN24_1094288","After","Sri Lanka",10
"GEN24_1094288","Before","Australia",50
"GEN24_1094288","Before","Singapore",4
"GEN24_1094288","Before","Thailand",25
"GEN24_1094288","Before","Viet Nam",10
"GEN24_1094336","Before","Australia",40
"GEN24_1094338","Before","United States of America",14
"GEN24_1094356","After","Korea, Republic of",1
"GEN24_1094357","After","Singapore",2
"GEN24_1094357","Before","Singapore",2
"GEN24_1094368","Before","Australia",3
"GEN24_1094368","Before","Singapore",3
"GEN24_1094382","After","Australia",23
"GEN24_1094382","Before","Australia",12
"GEN24_1094384","After","United States of America",14
"GEN24_1094384","Before","Antarctica",14
"GEN24_1094415","Before","Australia",4
"GEN24_1094428","After","Australia",5
"GEN24_1094428","After","Philippines",3
"GEN24_1094430","After","Philippines",29
"GEN24_1094430","Before","Australia",42
"GEN24_1094437","After","Hong Kong (Special Administrative Region)",5
"GEN24_1094471","After","Singapore",7
"GEN24_1094489","Before","Australia",21
"GEN24_1094515","After","Australia",1
"GEN24_1094521","After","Singapore",2
"GEN24_1094521","Before","Hong Kong (Special Administrative Region)",3
"GEN24_1094528","Before","Australia",99
"GEN24_1094531","Before","Australia",2
"GEN24_1094586","After","England",1
"GEN24_1094586","Before","England",1
"GEN24_1094587","Before","Hong Kong (Special Administrative Region)",1
"GEN24_1094598","Before","Australia",3
"GEN24_1094640","Before","China, People's Republic of",1
"GEN24_1094651","After","Australia",4
"GEN24_1094651","After","Vanuatu",2
"GEN24_1094652","After","Australia",3
"GEN24_1094652","Before","Australia",1
"GEN24_1094668","After","Australia",10
"GEN24_1094668","After","Japan",16
"GEN24_1094668","After","Viet Nam",6
"GEN24_1094668","Before","United States of America",4
"GEN24_1094696","Before","Australia",7
"GEN24_1094716","Before","Australia",20
"GEN24_1094722","After","Singapore",1
"GEN24_1094722","Before","Australia",20
"GEN24_1094723","After","Australia",21
"GEN24_1094723","Before","Australia",21
"GEN24_1094731","After","Australia",3
"GEN24_1094731","Before","Australia",6
"GEN24_1094731","Before","Indonesia",14
"GEN24_1094735","After","Australia",1
"GEN24_1094745","Before","Fiji",7
"GEN24_1094745","Before","United States of America",21
"GEN24_1094752","Before","United States of America",10
"GEN24_1094778","After","Malaysia",17
"GEN24_1094778","Before","Cambodia",60
"GEN24_1094778","Before","Thailand",10
"GEN24_1094781","After","Australia",11
"GEN24_1094781","Before","Australia",1
"GEN24_1094789","Before","Philippines",1
"GEN24_1094838","After","Taiwan",5
"GEN24_1094838","Before","Australia",7
"GEN24_1094838","Before","Singapore",6
"GEN24_1094917","Before","Singapore",1
"GEN24_1094926","After","United States of America",33
"GEN24_1094926","Before","Singapore",3
"GEN24_1094931","After","Australia",8
"GEN24_1094931","Before","Singapore",3
"GEN24_1094937","Before","Australia",1
"GEN24_1094938","After","Japan",28
"GEN24_1095030","Before","Australia",1
"GEN24_1095046","Before","Australia",4
"GEN24_1095055","After","Japan",7
"GEN24_1095055","After","Malaysia",10
"GEN24_1095055","After","Thailand",15
"GEN24_1095055","After","United States of America",10
"GEN24_1095055","Before","Hong Kong (Special Administrative Region)",7
"GEN24_1095055","Before","Japan",90
"GEN24_1095055","Before","Taiwan",15
"GEN24_1095055","Before","United States of America",30
"GEN24_1095061","Before","Australia",3
"GEN24_1095086","Before","United Arab Emirates",1
"GEN24_1095135","After","Australia",25
"GEN24_1095135","Before","Australia",25
"GEN24_1095180","Before","Australia",4
"GEN24_1095185","Before","Australia",7
"GEN24_1095194","After","Singapore",1
"GEN24_1095194","Before","Singapore",1
"GEN24_1095215","Before","Singapore",2
"GEN24_1095239","Before","Singapore",2
"GEN24_1095240","Before","Australia",7
"GEN24_1095251","Before","Australia",7
"GEN24_1095259","After","Australia",30
"GEN24_1095259","Before","Australia",30
"GEN24_1095284","After","Singapore",4
"GEN24_1095284","Before","Australia",7
"GEN24_1095291","Before","France",30
"GEN24_1095291","Before","Morocco",5
"GEN24_1095291","Before","Taiwan",3
"GEN24_1095303","Before","Indonesia",50
"GEN24_1095304","After","Singapore",7
"GEN24_1095304","Before","Australia",7
"GEN24_1095305","Before","Singapore",2
"GEN24_1095309","After","Singapore",1
"GEN24_1095309","Before","Singapore",1
"GEN24_1095331","After","Qatar",2
"GEN24_1095331","Before","Australia",19
"GEN24_1095338","Before","Qatar",1
"GEN24_1095378","After","Australia",1
"GEN24_1095378","Before","Australia",10
"GEN24_1095397","After","Australia",5
"GEN24_1095397","Before","Australia",5
"GEN24_1095431","After","Australia",1
"GEN24_1095483","After","Singapore",3
"GEN24_1095488","Before","Australia",6
"GEN24_1095492","After","Singapore",1
"GEN24_1095492","Before","Singapore",1
"GEN24_1095492","Before","Taiwan",14
"GEN24_1095499","After","Singapore",2
"GEN24_1095499","Before","United States of America",3
"GEN24_1095508","After","Australia",28
"GEN24_1095508","Before","Australia",3
"GEN24_1095525","After","Australia",7
"GEN24_1095525","Before","Australia",24
"GEN24_1095536","Before","Australia",12
"GEN24_1095536","Before","Malaysia",1
"GEN24_1095549","After","Australia",7
"GEN24_1095549","Before","Australia",7
"GEN24_1095554","Before","Singapore",5
"GEN24_1095567","Before","Australia",3
"GEN24_1095568","After","Taiwan",14
"GEN24_1095568","Before","Taiwan",12
"GEN24_1095573","Before","Hong Kong (Special Administrative Region)",1
"GEN24_1095578","Before","Singapore",1
"GEN24_1095578","Before","Switzerland",1
"GEN24_1095627","Before","Australia",14
"GEN24_1095641","Before","Australia",11
"GEN24_1095643","Before","Australia",11
"GEN24_1095649","After","Thailand",4
"GEN24_1095649","Before","Hong Kong (Special Administrative Region)",3
"GEN24_1095650","Before","Malaysia",3
"GEN24_1095687","After","Hong Kong (Special Administrative Region)",2
"GEN24_1095687","After","Singapore",3
"GEN24_1095687","Before","Hong Kong (Special Administrative Region)",2
"GEN24_1095687","Before","Singapore",3
"GEN24_1095693","After","Australia",46
"GEN24_1095693","After","Peru",35
"GEN24_1095693","After","United States of America",20
"GEN24_1095693","Before","Thailand",20
"GEN24_1095700","After","Singapore",3
"GEN24_1095728","Before","Australia",12
"GEN24_1095739","Before","Australia",3
"GEN24_1095743","Before","Hong Kong (Special Administrative Region)",2
"GEN24_1095756","After","Australia",3
"GEN24_1095756","Before","Singapore",3
"GEN24_1095761","After","Australia",39
"GEN24_1095761","Before","Singapore",1
"GEN24_1095795","Before","China, People's Republic of",1
"GEN24_1095801","Before","China, People's Republic of",1
"GEN24_1095801","Before","Egypt",14
"GEN24_1095812","Before","Australia",3
"GEN24_1095814","After","Indonesia",60
"GEN24_1095814","After","Norway",60
"GEN24_1095814","Before","Australia",14
"GEN24_1095814","Before","Nepal",42
"GEN24_1095844","After","Australia",5
"GEN24_1095844","Before","Australia",2
"GEN24_1095850","After","Qatar",1
"GEN24_1095851","After","Hong Kong (Special Administrative Region)",1
"GEN24_1095851","Before","Hong Kong (Special Administrative Region)",1
"GEN24_1095863","Before","Japan",5
"GEN24_1095863","Before","Korea, Republic of",4
"GEN24_1095863","Before","Singapore",4
"GEN24_1095863","Before","Thailand",4
"GEN24_1095871","After","Australia",9
"GEN24_1095871","Before","United States of America",1
"GEN24_1095873","Before","United States of America",3
"GEN24_1095874","Before","Australia",30
"GEN24_1095881","After","Japan",19
"GEN24_1095881","Before","Japan",15
"GEN24_1095886","Before","Singapore",5
"GEN24_1095901","Before","United Arab Emirates",2
"GEN24_1095941","After","Australia",3
"GEN24_1095941","Before","United States of America",1
"GEN24_1095964","After","Fiji",8
"GEN24_1095992","After","Australia",6
"GEN24_1095992","Before","Australia",3
"GEN24_1096001","After","Australia",4
"GEN24_1096001","After","Singapore",2
"GEN24_1096001","Before","Fiji",2
"GEN24_1096009","After","Australia",3
"GEN24_1096009","Before","Australia",5
"GEN24_1096012","After","Australia",20
"GEN24_1096012","Before","Australia",36
"GEN24_1096040","Before","Thailand",14
"GEN24_1096044","Before","Qatar",2
"GEN24_1096056","After","Australia",12
"GEN24_1096057","After","Australia",99
"GEN24_1096057","Before","Australia",99
"GEN24_1096059","After","Singapore",2
"GEN24_1096059","Before","Singapore",1
"GEN24_1096076","After","England",7
"GEN24_1096076","Before","England",60
"GEN24_1096096","After","Australia",16
"GEN24_1096096","Before","Singapore",1
"GEN24_1096146","After","Australia",1
"GEN24_1096146","Before","Australia",1
"GEN24_1096192","After","Australia",1
"GEN24_1096226","After","Cook Islands",5
"GEN24_1096226","Before","Cook Islands",5
"GEN24_1096232","After","Australia",1
"GEN24_1096237","After","Fiji",5
"GEN24_1096237","Before","Fiji",5
"GEN24_1096265","After","Australia",12
"GEN24_1096265","Before","Canada",3
"GEN24_1096268","Before","Australia",7
"GEN24_1096308","Before","Australia",90
"GEN24_1096308","Before","United States of America",10
"GEN24_1096332","After","Australia",10
"GEN24_1096379","Before","Australia",19
"GEN24_1096387","After","Singapore",1
"GEN24_1096387","Before","Singapore",2
"GEN24_1096388","After","Australia",5
"GEN24_1096388","Before","Singapore",2
"GEN24_1096391","After","Singapore",3
"GEN24_1096391","Before","Australia",4
"GEN24_1096391","Before","Singapore",3
"GEN24_1096492","Before","United States of America",87
"GEN24_1096494","After","Viet Nam",34
"GEN24_1096494","Before","Australia",19
"GEN24_1096494","Before","England",50
"GEN24_1096494","Before","Ireland",14
"GEN24_1096494","Before","United States of America",30
"GEN24_1096539","Before","Singapore",2
"GEN24_1096545","Before","Singapore",3
"GEN24_1096566","After","Australia",2
"GEN24_1096566","Before","Australia",7
"GEN24_1096583","After","Australia",11
"GEN24_1096583","After","Japan",21
"GEN24_1096583","After","Singapore",4
"GEN24_1096583","Before","United States of America",10
"GEN24_1096627","Before","Singapore",1
"GEN24_1096637","Before","United States of America",2
"GEN24_1096647","After","United States of America",4
"GEN24_1096647","Before","United States of America",11
"GEN24_1096655","Before","Australia",15
"GEN24_1096657","After","United States of America",2
"GEN24_1096657","Before","Cook Islands",15
"GEN24_1096661","After","Canada",7
"GEN24_1096679","After","Australia",4
"GEN24_1096679","After","Fiji",1
"GEN24_1096679","After","French Polynesia",7
"GEN24_1096679","After","United States of America",5
"GEN24_1096708","After","Australia",12
"GEN24_1096720","After","Japan",1
"GEN24_1096731","After","Singapore",1
"GEN24_1096731","Before","Australia",8
"GEN24_1096731","Before","Singapore",3
"GEN24_1096732","After","Singapore",2
"GEN24_1096736","Before","Singapore",2
"GEN24_1096737","Before","Singapore",2
"GEN24_1096778","After","Australia",2
"GEN24_1096778","Before","Australia",20
"GEN24_1096791","After","Iraq",90
"GEN24_1096791","Before","Iraq",90
"GEN24_1096795","After","Australia",1
"GEN24_1096795","After","South Africa",1
"GEN24_1096795","Before","Australia",14
"GEN24_1096795","Before","South Africa",1
"GEN24_1096800","Before","Australia",20
"GEN24_1096807","Before","Australia",3
"GEN24_1096812","After","Australia",28
"GEN24_1096812","Before","United States of America",4
"GEN24_1096815","After","Australia",13
"GEN24_1096847","After","Canada",1
"GEN24_1096847","Before","Canada",1
"GEN24_1096860","Before","Canada",60
"GEN24_1096860","Before","China, People's Republic of",10
"GEN24_1096877","Before","Australia",7
"GEN24_1096877","Before","Japan",24
"GEN24_1096877","Before","Korea, Republic of",5
"GEN24_1096877","Before","Thailand",10
"GEN24_1096877","Before","United States of America",27
"GEN24_1096879","Before","Australia",7
"GEN24_1096883","After","Singapore",1
"GEN24_1096883","Before","Australia",90
"GEN24_1096883","Before","Malaysia",5
"GEN24_1096883","Before","Thailand",7
"GEN24_1096891","Before","Fiji",5
"GEN24_1096914","Before","Australia",1
"GEN24_1096925","After","Hong Kong (Special Administrative Region)",1
"GEN24_1096934","Before","Singapore",3
"GEN24_1096979","After","United States of America",1
"GEN24_1096979","Before","Australia",15
"GEN24_1096979","Before","United States of America",1
"GEN24_1096981","Before","Australia",14
"GEN24_1096999","After","Canada",1
"GEN24_1096999","Before","Canada",1
"GEN24_1097032","Before","Australia",10
"GEN24_1097034","Before","Australia",9
"GEN24_1097037","Before","Australia",5
"GEN24_1097040","After","England",1
"GEN24_1097040","After","Singapore",3
"GEN24_1097040","Before","Australia",21
"GEN24_1097040","Before","England",3
"GEN24_1097040","Before","Thailand",4
"GEN24_1097069","After","Australia",7
"GEN24_1097096","After","Singapore",10
"GEN24_1097096","Before","Singapore",2
"GEN24_1097107","After","Australia",3
"GEN24_1097108","After","Australia",7
"GEN24_1097117","Before","Australia",3
"GEN24_1097163","Before","United Arab Emirates",1
"GEN24_1097181","After","Australia",4
"GEN24_1097187","Before","Singapore",5
"GEN24_1097189","After","Australia",10
"GEN24_1097216","Before","Australia",28
"GEN24_1097223","Before","Australia",6
"GEN24_1097226","After","China, People's Republic of",1
"GEN24_1097226","Before","China, People's Republic of",1
"GEN24_1097245","Before","England",4
"GEN24_1097245","Before","Thailand",10
"GEN24_1097258","After","Australia",10
"GEN24_1097258","Before","Australia",10
"GEN24_1097273","After","Japan",8
"GEN24_1097273","Before","United States of America",4
"GEN24_1097309","Before","Australia",19
"GEN24_1097309","Before","Singapore",4
"GEN24_1097315","Before","Singapore",4
"GEN24_1097329","After","Australia",90
"GEN24_1097329","Before","Australia",50
"GEN24_1097359","Before","Indonesia",3
"GEN24_1097403","After","Cook Islands",6
"GEN24_1097403","Before","Australia",6
"GEN24_1097403","Before","Cook Islands",6
"GEN24_1097471","After","Australia",4
"GEN24_1097486","After","Australia",10
"GEN24_1097486","Before","England",20
"GEN24_1097510","After","Australia",10
"GEN24_1097520","Before","Australia",10
"GEN24_1097545","Before","Australia",12
"GEN24_1097554","After","Hong Kong (Special Administrative Region)",2
"GEN24_1097614","Before","Iceland",16
"GEN24_1097614","Before","Taiwan",8
"GEN24_1097617","After","Japan",23
"GEN24_1097617","After","Korea, Republic of",4
"GEN24_1097617","After","Thailand",8
"GEN24_1097622","After","Japan",27
"GEN24_1097622","Before","Singapore",4
"GEN24_1097666","After","Australia",5
"GEN24_1097681","Before","Australia",6
"GEN24_1097699","After","Singapore",4
"GEN24_1097737","After","New Caledonia",2
"GEN24_1097737","After","Vanuatu",1
"GEN24_1097750","After","Singapore",2
"GEN24_1097750","Before","Singapore",2
"GEN24_1097763","Before","Australia",13
"GEN24_1097805","After","Canada",10
"GEN24_1097805","Before","China, People's Republic of",5
"GEN24_1097826","After","Qatar",1
"GEN24_1097922","After","China, People's Republic of",1
"GEN24_1097922","Before","China, People's Republic of",1
"GEN24_1097942","After","Canada",1
"GEN24_1097961","After","Australia",4
"GEN24_1097980","After","Korea, Democratic People's Republic of",1
"GEN24_1097992","After","Australia",1
"GEN24_1097992","Before","Australia",13
"GEN24_1098005","Before","Qatar",1
"GEN24_1098012","After","Hong Kong (Special Administrative Region)",2
"GEN24_1098020","Before","South Africa",3
"GEN24_1098050","After","Australia",30
"GEN24_1098050","Before","Australia",7
"GEN24_1098060","After","Australia",1
"GEN24_1098060","Before","Australia",2
"GEN24_1098067","After","United Arab Emirates",2
"GEN24_1098067","Before","United Arab Emirates",2
"GEN24_1098070","After","Australia",5
"GEN24_1098070","Before","Japan",1
"GEN24_1098091","After","Australia",20
"GEN24_1098091","Before","Switzerland",3
"GEN24_1098161","After","Indonesia",24
"GEN24_1098161","After","Italy",9
"GEN24_1098161","After","Philippines",20
"GEN24_1098161","After","Singapore",2
"GEN24_1098161","Before","Australia",25
"GEN24_1098189","After","Ireland",1
"GEN24_1098189","Before","Denmark",1
"GEN24_1098225","After","Australia",1
"GEN24_1098225","Before","Australia",4
"GEN24_1098247","After","Australia",13
"GEN24_1098260","After","Canada",1
"GEN24_1098261","Before","Japan",10
"GEN24_1098289","After","Australia",1
"GEN24_1098340","After","Australia",15
"GEN24_1098341","After","Australia",3
"GEN24_1098341","Before","Singapore",2
"GEN24_1098345","After","Australia",4
"GEN24_1098356","Before","Australia",3
"GEN24_1098379","After","Australia",1
"GEN24_1098445","Before","Singapore",7
"GEN24_1098446","Before","Australia",60
"GEN24_1098446","Before","Singapore",4
"GEN24_1098481","Before","Australia",14
"GEN24_1098529","Before","Switzerland",1
"GEN24_1098533","After","Singapore",1
"GEN24_1098534","After","Singapore",1
"GEN24_1098554","After","Australia",4
"GEN24_1098554","After","Fiji",5
"GEN24_1098560","After","Fiji",3
"GEN24_1098560","Before","Australia",28
"GEN24_1098591","After","United States of America",3
"GEN24_1098591","Before","United States of America",1
"GEN24_1098593","After","Qatar",1
"GEN24_1098600","After","Fiji",4
"GEN24_1098600","Before","Australia",10
"GEN24_1098648","Before","Australia",7
"GEN24_1098669","After","United States of America",1
"GEN24_1098669","Before","United States of America",2
"GEN24_1098690","After","Singapore",3
"GEN24_1098690","Before","Australia",8
"GEN24_1098690","Before","Singapore",3
"GEN24_1098690","Before","United Arab Emirates",4
"GEN24_1098692","After","Singapore",3
"GEN24_1098723","After","Australia",40
"GEN24_1098723","After","Indonesia",5
"GEN24_1098723","Before","Malaysia",5
"GEN24_1098723","Before","Samoa",14
"GEN24_1098723","Before","Tonga",2
"GEN24_1098726","After","Singapore",4
"GEN24_1098736","After","Australia",5
"GEN24_1098736","After","Fiji",5
"GEN24_1098736","Before","Australia",29
"GEN24_1098736","Before","Canada",20
"GEN24_1098736","Before","England",10
"GEN24_1098736","Before","United States of America",20
"GEN24_1098750","Before","Australia",7
"GEN24_1098775","Before","Singapore",4
"GEN24_1098790","Before","Australia",65
"GEN24_1098792","After","Australia",7
"GEN24_1098792","Before","Canada",42
"GEN24_1098794","Before","Australia",21
"GEN24_1098801","Before","Fiji",7
"GEN24_1098805","Before","China, People's Republic of",3
"GEN24_1098808","After","Australia",2
"GEN24_1098808","Before","Australia",3
"GEN24_1098816","Before","Australia",17
"GEN24_1098824","After","Australia",1
"GEN24_1098824","After","Cambodia",6
"GEN24_1098824","After","Malaysia",6
"GEN24_1098824","After","Thailand",28
"GEN24_1098824","Before","Indonesia",55
"GEN24_1098824","Before","Philippines",30
"GEN24_1098849","After","Australia",6
"GEN24_1098849","After","Singapore",1
"GEN24_1098849","Before","Singapore",4
"GEN24_1098857","Before","Australia",10
"GEN24_1098867","Before","Singapore",4
"GEN24_1098884","After","Malaysia",12
"GEN24_1098892","Before","Australia",1
"GEN24_1098908","After","Northern Ireland",1
"GEN24_1098909","After","Qatar",1
"GEN24_1098942","After","Hong Kong (Special Administrative Region)",1
"GEN24_1098942","Before","Hong Kong (Special Administrative Region)",3
"GEN24_1098957","After","Fiji",6
"GEN24_1098957","Before","Singapore",3
"GEN24_1098961","Before","Australia",4
"GEN24_1098991","Before","Australia",3
"GEN24_1098996","After","Singapore",1
"GEN24_1098996","Before","Australia",7
"GEN24_1099006","Before","Singapore",2
"GEN24_1099016","Before","Australia",10
"GEN24_1099016","Before","United Arab Emirates",2
"GEN24_1099049","After","Australia",31
"GEN24_1099049","Before","England",3
"GEN24_1099063","After","Australia",18
"GEN24_1099084","After","Australia",15
"GEN24_1099088","After","Australia",14
"GEN24_1099088","After","Indonesia",45
"GEN24_1099088","After","Thailand",30
"GEN24_1099088","After","Viet Nam",30
"GEN24_1099097","After","Fiji",11
"GEN24_1099138","After","Iceland",12
"GEN24_1099138","Before","Australia",7
"GEN24_1099138","Before","England",21
"GEN24_1099138","Before","Japan",7
"GEN24_1099138","Before","Turkey",12
"GEN24_1099165","After","French Polynesia",7
"GEN24_1099274","Before","Singapore",1
"GEN24_1099283","After","Australia",1
"GEN24_1099283","Before","Australia",37
"GEN24_1099283","Before","Indonesia",15
"GEN24_1099283","Before","Saudi Arabia",60
"GEN24_1099293","After","Australia",1
"GEN24_1099293","Before","Australia",1
"GEN24_1099302","After","Australia",14
"GEN24_1099389","Before","Australia",4
"GEN24_1099389","Before","Japan",4
"GEN24_1099429","After","Hong Kong (Special Administrative Region)",1
"GEN24_1099429","After","Thailand",10
"GEN24_1099429","Before","Qatar",1
"GEN24_1099481","After","Netherlands",1
"GEN24_1099481","Before","Netherlands",5
"GEN24_1099483","Before","Japan",10
"GEN24_1099635","Before","United Arab Emirates",1
"GEN24_1099641","After","Australia",2
"GEN24_1099647","Before","England",14
"GEN24_1099647","Before","France",10
"GEN24_1099647","Before","Portugal",9
"GEN24_1099647","Before","United States of America",21
"GEN24_1099656","Before","Australia",9
"GEN24_1099658","Before","Australia",6
"GEN24_1099658","Before","Singapore",3
"GEN24_1099661","Before","Australia",20
"GEN24_1099667","Before","Singapore",2
"GEN24_1099676","After","Fiji",13
"GEN24_1099747","After","Australia",16
"GEN24_1099747","After","Singapore",4
"GEN24_1099747","Before","Australia",3
"GEN24_1099747","Before","Japan",18
"GEN24_1099785","After","Australia",2
"GEN24_1099799","Before","Philippines",9
"GEN24_1099805","Before","India",60
"GEN24_1099809","After","United States of America",2
"GEN24_1099809","Before","United States of America",17
"GEN24_1099816","Before","Australia",90
"GEN24_1099830","After","China, People's Republic of",3
"GEN24_1099830","Before","Australia",3
"GEN24_1099830","Before","Singapore",3
"GEN24_1099840","After","Japan",5
"GEN24_1099840","Before","Thailand",5
"GEN24_1099854","After","Qatar",7
"GEN24_1099854","After","Thailand",4
"GEN24_1099854","Before","Indonesia",3
"GEN24_1099854","Before","Malaysia",3
"GEN24_1099854","Before","United Arab Emirates",8
"GEN24_1099866","Before","Singapore",2
"GEN24_1099867","After","Singapore",1
"GEN24_1099867","Before","Japan",6
"GEN24_1099919","After","Hong Kong (Special Administrative Region)",5
"GEN24_1099919","Before","Fiji",3
"GEN24_1099959","After","Australia",14
"GEN24_1099966","After","Australia",28
"GEN24_1100008","Before","Fiji",6
"GEN24_1100025","Before","Australia",2
"GEN24_1100028","Before","Australia",3
"GEN24_1100040","Before","Qatar",1
"GEN24_1100056","After","Hong Kong (Special Administrative Region)",1
"GEN24_1100058","After","South Africa",1
"GEN24_1100058","Before","South Africa",1
"GEN24_1100080","After","United States of America",4
"GEN24_1100080","Before","Canada",2
"GEN24_1100080","Before","United States of America",17
"GEN24_1100088","Before","Australia",1
"GEN24_1100106","After","Australia",1
"GEN24_1100106","Before","Australia",1
"GEN24_1100111","After","United Arab Emirates",1
"GEN24_1100111","Before","England",1
"GEN24_1100111","Before","United Arab Emirates",1
"GEN24_1100151","After","Australia",1
"GEN24_1100151","Before","Australia",1
"GEN24_1100178","Before","Australia",7
"GEN24_1100180","Before","Japan",70
"GEN24_1100192","After","Fiji",1
"GEN24_1100192","Before","Fiji",1
"GEN24_1100247","After","Australia",13
"GEN24_1100247","After","Fiji",3
"GEN24_1100256","Before","Singapore",1
"GEN24_1100329","After","Canada",1
"GEN24_1100329","Before","Canada",2
"GEN24_1100382","After","Cook Islands",9
"GEN24_1100384","After","Australia",1
"GEN24_1100384","Before","Australia",1
"GEN24_1100386","Before","Korea, Republic of",5
"GEN24_1100465","After","Qatar",1
"GEN24_1100468","Before","Australia",1
"GEN24_1100484","After","Australia",7
"GEN24_1100484","Before","Australia",16
"GEN24_1100495","After","Australia",1
"GEN24_1100500","Before","Indonesia",7
"GEN24_1100500","Before","Japan",10
"GEN24_1100500","Before","Malaysia",10
"GEN24_1100500","Before","Thailand",20
"GEN24_1100501","Before","Australia",6
"GEN24_1100512","Before","Australia",7
"GEN24_1100520","After","Cambodia",6
"GEN24_1100520","After","Laos",2
"GEN24_1100520","After","Thailand",7
"GEN24_1100520","After","Viet Nam",3
"GEN24_1100554","Before","Switzerland",1
"GEN24_1100579","After","Australia",10
"GEN24_1100579","After","United Arab Emirates",2
"GEN24_1100579","Before","Australia",12
"GEN24_1100579","Before","United Arab Emirates",2
"GEN24_1100587","After","Korea, Republic of",8
"GEN24_1100587","Before","Australia",40
"GEN24_1100624","Before","Australia",35
"GEN24_1100626","After","Australia",1
"GEN24_1100635","After","Singapore",1
"GEN24_1100643","After","Turkey",7
"GEN24_1100643","Before","Turkey",1
"GEN24_1100648","Before","Australia",9
"GEN24_1100659","After","Australia",3
"GEN24_1100659","Before","Australia",8
"GEN24_1100667","After","Australia",7
"GEN24_1100667","Before","Australia",5
"GEN24_1100667","Before","Singapore",3
"GEN24_1100679","After","United States of America",3
"GEN24_1100679","Before","Singapore",4
"GEN24_1100684","Before","England",30
"GEN24_1100717","After","Canada",8
"GEN24_1100755","After","Samoa",7
"GEN24_1100770","Before","Qatar",3
"GEN24_1100774","After","England",1
"GEN24_1100774","After","Qatar",1
"GEN24_1100774","Before","England",1
"GEN24_1100774","Before","Qatar",1
"GEN24_1100795","Before","Australia",15
"GEN24_1100795","Before","Cambodia",7
"GEN24_1100795","Before","Indonesia",5
"GEN24_1100795","Before","Thailand",21
"GEN24_1100795","Before","Viet Nam",21
"GEN24_1100839","After","Australia",80
"GEN24_1100839","Before","Australia",80
"GEN24_1100862","After","Singapore",4
"GEN24_1100862","Before","Australia",99
"GEN24_1100862","Before","Cambodia",10
"GEN24_1100862","Before","Indonesia",21
"GEN24_1100862","Before","Thailand",30
"GEN24_1100862","Before","Viet Nam",30
"GEN24_1100884","After","Australia",14
"GEN24_1100900","Before","Australia",5
"GEN24_1100905","Before","Australia",18
"GEN24_1100935","After","Samoa",7
"GEN24_1100949","After","Australia",21
"GEN24_1100949","Before","England",1
"GEN24_1100949","Before","Malaysia",1
"GEN24_1100949","Before","Viet Nam",21
"GEN24_1101043","Before","Singapore",2
"GEN24_1101106","After","Australia",7
"GEN24_1101106","Before","Australia",7
"GEN24_1101203","After","Japan",10
"GEN24_1101204","Before","Australia",1
"GEN24_1101219","Before","Australia",11
"GEN24_1101232","Before","Scotland",1
"GEN24_1101234","After","Australia",1
"GEN24_1101234","Before","Australia",8
"GEN24_1101249","Before","Singapore",4
"GEN24_1101257","Before","Australia",14
"GEN24_1101289","After","China, People's Republic of",1
"GEN24_1101291","Before","Argentina",30
"GEN24_1101297","After","United States of America",1
"GEN24_1101297","Before","United States of America",1
"GEN24_1101301","Before","Vanuatu",49
"GEN24_1101307","After","Singapore",2
"GEN24_1101307","Before","Australia",16
"GEN24_1101307","Before","Singapore",1
"GEN24_1101311","Before","Singapore",1
"GEN24_1101318","Before","Australia",30
"GEN24_1101320","Before","Singapore",2
"GEN24_1101356","After","Australia",30
"GEN24_1101356","Before","Australia",30
"GEN24_1101393","After","United States of America",1
"GEN24_1101393","Before","United States of America",1
"GEN24_1101395","Before","Australia",7
"GEN24_1101403","Before","Greece",17
"GEN24_1101425","After","Australia",1
"GEN24_1101451","After","Japan",10
"GEN24_1101451","After","Peru",9
"GEN24_1101451","Before","Australia",9
"GEN24_1101499","Before","Australia",1
"GEN24_1101512","After","Philippines",12
"GEN24_1101512","Before","China, People's Republic of",1
"GEN24_1101512","Before","Turkey",1
"GEN24_1101514","Before","Thailand",3
"GEN24_1101517","After","Singapore",8
"GEN24_1101517","Before","Australia",9
"GEN24_1101532","Before","Australia",1
"GEN24_1101552","After","Australia",2
"GEN24_1101552","Before","Australia",4
"GEN24_1101568","Before","Canada",1
"GEN24_1101583","After","Japan",30
"GEN24_1101615","After","Indonesia",23
"GEN24_1101628","After","Australia",22
"GEN24_1101628","Before","Japan",28
"GEN24_1101678","Before","Australia",32
"GEN24_1101718","Before","Hong Kong (Special Administrative Region)",3
"GEN24_1101718","Before","Korea, Republic of",5
"GEN24_1101718","Before","Malaysia",5
"GEN24_1101718","Before","Taiwan",5
"GEN24_1101718","Before","Turkey",9
"GEN24_1101730","After","Korea, Republic of",1
"GEN24_1101737","Before","Australia",30
"GEN24_1101737","Before","Turkey",7
"GEN24_1101737","Before","United States of America",10
"GEN24_1101737","Before","Viet Nam",3
"GEN24_1101757","Before","Italy",14
"GEN24_1101757","Before","Japan",10
"GEN24_1101757","Before","Singapore",5
"GEN24_1101772","Before","Laos",30
"GEN24_1101772","Before","Philippines",20
"GEN24_1101772","Before","Thailand",15
"GEN24_1101792","After","Fiji",5
"GEN24_1101816","After","China, People's Republic of",10
"GEN24_1101816","Before","China, People's Republic of",10
"GEN24_1101816","Before","Italy",7
"GEN24_1101816","Before","United States of America",7
"GEN24_1101831","After","Australia",1
"GEN24_1101831","Before","Australia",1
"GEN24_1101844","After","Singapore",1
"GEN24_1101844","Before","Australia",21
"GEN24_1101874","Before","Cook Islands",6
"GEN24_1101881","Before","Qatar",1
"GEN24_1101887","Before","Taiwan",3
"GEN24_1101891","Before","Singapore",3
"GEN24_1101895","After","Australia",1
"GEN24_1101895","Before","Australia",14
"GEN24_1101901","After","Cook Islands",5
"GEN24_1101907","Before","Australia",25
"GEN24_1101959","After","Singapore",1
"GEN24_1101959","Before","China, People's Republic of",3
"GEN24_1101966","After","Singapore",1
"GEN24_1101966","Before","Singapore",2
"GEN24_1101981","Before","Australia",5
"GEN24_1102036","After","Taiwan",1
"GEN24_1102036","Before","Taiwan",1
"GEN24_1102039","After","Canada",3
"GEN24_1102039","Before","Singapore",1
"GEN24_1102078","After","Singapore",4
"GEN24_1102078","After","Spain",20
"GEN24_1102078","Before","Australia",21
"GEN24_1102078","Before","Finland",21
"GEN24_1102082","After","Australia",5
"GEN24_1102087","Before","China, People's Republic of",7
"GEN24_1102087","Before","Thailand",4
"GEN24_1102152","After","Germany",7
"GEN24_1102152","Before","Germany",7
"GEN24_1102197","After","Singapore",2
"GEN24_1102197","Before","Thailand",7
"GEN24_1102201","After","Fiji",4
"GEN24_1102254","Before","Australia",13
"GEN24_1102259","Before","Australia",5
"GEN24_1102259","Before","Japan",4
"GEN24_1102261","Before","Japan",15
"GEN24_1102261","Before","Malaysia",15
"GEN24_1102261","Before","Philippines",10
"GEN24_1102261","Before","Thailand",3
"GEN24_1102268","After","China, People's Republic of",8
"GEN24_1102268","Before","Australia",45
"GEN24_1102292","After","Singapore",3
"GEN24_1102292","Before","United States of America",2
"GEN24_1102297","After","Singapore",1
"GEN24_1102297","Before","Singapore",1
"GEN24_1102342","After","Singapore",1
"GEN24_1102345","After","Australia",1
"GEN24_1102345","Before","Australia",10
"GEN24_1102351","Before","Australia",6
"GEN24_1102351","Before","Indonesia",5
"GEN24_1102354","After","Australia",30
"GEN24_1102354","After","Singapore",5
"GEN24_1102362","After","United States of America",1
"GEN24_1102377","Before","Niue",3
"GEN24_1102414","After","India",10
"GEN24_1102414","Before","Australia",10
"GEN24_1102414","Before","Japan",7
"GEN24_1102414","Before","Luxembourg",3
"GEN24_1102414","Before","Norway",5
"GEN24_1102416","Before","Australia",2
"GEN24_1102437","Before","South Africa",1
"GEN24_1102453","After","Fiji",4
"GEN24_1102502","After","Viet Nam",30
"GEN24_1102502","Before","Malaysia",28
"GEN24_1102503","After","Viet Nam",30
"GEN24_1102503","Before","Malaysia",23
"GEN24_1102504","After","Viet Nam",28
"GEN24_1102504","Before","Malaysia",21
"GEN24_1102529","After","Korea, Republic of",3
"GEN24_1102529","Before","Korea, Republic of",4
"GEN24_1102537","Before","Fiji",1
"GEN24_1102547","Before","Australia",26
"GEN24_1102559","Before","Indonesia",7
"GEN24_1102565","Before","Australia",5
"GEN24_1102594","Before","Argentina",8
"GEN24_1102594","Before","Australia",17
"GEN24_1102594","Before","Japan",5
"GEN24_1102595","Before","Japan",23
"GEN24_1102630","After","Singapore",1
"GEN24_1102630","Before","Singapore",1
"GEN24_1102667","After","Denmark",1
"GEN24_1102708","After","Australia",5
"GEN24_1102806","After","Australia",1
"GEN24_1102806","Before","Australia",5
"GEN24_1102830","After","Australia",7
"GEN24_1102830","After","United Arab Emirates",3
"GEN24_1102841","Before","Australia",7
"GEN24_1102844","After","Germany",9
"GEN24_1102844","After","Sweden",9
"GEN24_1102844","Before","Austria",9
"GEN24_1102844","Before","Japan",5
"GEN24_1102844","Before","Spain",10
"GEN24_1102844","Before","Switzerland",9
"GEN24_1102848","Before","Iceland",10
"GEN24_1102848","Before","Japan",3
"GEN24_1102854","After","Turkey",4
"GEN24_1102854","Before","Australia",7
"GEN24_1102858","Before","Thailand",3
"GEN24_1102881","After","Fiji",5
"GEN24_1102929","Before","United Arab Emirates",1
"GEN24_1102944","After","Canada",15
"GEN24_1102944","Before","England",12
"GEN24_1102944","Before","Japan",10
"GEN24_1102944","Before","Singapore",10
"GEN24_1102944","Before","United States of America",10
"GEN24_1102958","Before","Germany",4
"GEN24_1102958","Before","United States of America",11
"GEN24_1102987","After","Australia",14
"GEN24_1102987","Before","Australia",1
"GEN24_1102999","Before","Qatar",1
"GEN24_1103056","Before","Hong Kong (Special Administrative Region)",5
"GEN24_1103056","Before","Thailand",4
"GEN24_1103080","Before","India",85
"GEN24_1103080","Before","Singapore",3
"GEN24_1103092","After","Fiji",4
"GEN24_1103093","After","Fiji",4
"GEN24_1103094","After","Fiji",5
"GEN24_1103094","After","Hong Kong (Special Administrative Region)",3
"GEN24_1103094","After","Japan",7
"GEN24_1103094","After","Thailand",5
"GEN24_1103094","Before","Australia",3
"GEN24_1103094","Before","Norway",1
"GEN24_1103094","Before","United States of America",10
"GEN24_1103143","Before","Australia",60
"GEN24_1103155","Before","Japan",5
"GEN24_1103161","Before","Japan",10
"GEN24_1103161","Before","United States of America",10
"GEN24_1103166","Before","Italy",7
"GEN24_1103166","Before","Japan",3
"GEN24_1103172","After","Viet Nam",24
"GEN24_1103172","Before","Australia",40
"GEN24_1103207","After","French Polynesia",15
"GEN24_1103210","After","Singapore",2
"GEN24_1103210","Before","Romania",1
"GEN24_1103227","After","Qatar",7
"GEN24_1103227","Before","Qatar",7
"GEN24_1103239","Before","Australia",1
"GEN24_1103244","After","Hong Kong (Special Administrative Region)",1
"GEN24_1103244","Before","Thailand",1
"GEN24_1103258","Before","Fiji",5
"GEN24_1103261","After","Australia",1
"GEN24_1103298","After","Philippines",15
"GEN24_1103298","Before","Australia",15
"GEN24_1103304","After","Australia",10
"GEN24_1103340","After","Australia",7
"GEN24_1103340","After","Malaysia",2
"GEN24_1103340","After","Singapore",3
"GEN24_1103340","Before","Australia",21
"GEN24_1103369","After","Australia",4
"GEN24_1103369","Before","Australia",1
"GEN24_1103419","After","Australia",10
"GEN24_1103419","After","England",8
"GEN24_1103419","After","Scotland",5
"GEN24_1103456","After","Australia",99
"GEN24_1103456","Before","Australia",80
"GEN24_1103490","Before","Canada",14
"GEN24_1103490","Before","Malaysia",6
"GEN24_1103490","Before","Singapore",3
"GEN24_1103490","Before","Viet Nam",11
"GEN24_1103492","After","Australia",1
"GEN24_1103492","Before","Australia",1
"GEN24_1103500","After","Ireland",3
"GEN24_1103500","Before","Ireland",5
"GEN24_1103560","After","Australia",10
"GEN24_1103560","Before","United States of America",20
"GEN24_1103575","Before","United Arab Emirates",1
"GEN24_1103598","After","Australia",1
"GEN24_1103674","Before","Australia",12
"GEN24_1103683","Before","Cambodia",16
"GEN24_1103683","Before","Laos",11
"GEN24_1103683","Before","Thailand",22
"GEN24_1103683","Before","Viet Nam",21
"GEN24_1103698","After","Australia",6
"GEN24_1103723","Before","French Polynesia",6
"GEN24_1103723","Before","Singapore",2
"GEN24_1103724","Before","Australia",4
"GEN24_1103809","After","Australia",1
"GEN24_1103821","Before","Australia",62
"GEN24_1103861","After","Canada",1
"GEN24_1103861","After","Fiji",3
"GEN24_1103861","Before","Singapore",2
"GEN24_1103861","Before","United Arab Emirates",3
"GEN24_1103862","Before","Fiji",1
"GEN24_1103868","After","Saudi Arabia",1
"GEN24_1103897","After","Burkina Faso",41
"GEN24_1103910","After","Cambodia",2
"GEN24_1103910","Before","France",1
"GEN24_1103913","After","Ireland",2
"GEN24_1103913","Before","Ireland",1
"GEN24_1103916","Before","Australia",5
"GEN24_1103925","After","Cook Islands",18
"GEN24_1103925","Before","Philippines",26
"GEN24_1103925","Before","Thailand",32
"GEN24_1103925","Before","Viet Nam",46
"GEN24_1103934","After","China, People's Republic of",1
"GEN24_1103934","Before","China, People's Republic of",1
"GEN24_1103947","After","Japan",8
"GEN24_1103947","After","Singapore",4
"GEN24_1103947","After","Thailand",10
"GEN24_1103947","After","Viet Nam",10
"GEN24_1103974","After","Singapore",4
"GEN24_1104009","After","Australia",4
"GEN24_1104081","After","Hong Kong (Special Administrative Region)",1
"GEN24_1104081","Before","Hong Kong (Special Administrative Region)",1
"GEN24_1104081","Before","Malaysia",8
"GEN24_1104108","After","United States of America",10
"GEN24_1104108","Before","United States of America",5
"GEN24_1104110","Before","Australia",5
"GEN24_1104117","After","Hong Kong (Special Administrative Region)",1
"GEN24_1104131","Before","Australia",6
"GEN24_1104133","After","Fiji",5
"GEN24_1104163","Before","Indonesia",30
"GEN24_1104163","Before","Sri Lanka",30
"GEN24_1104164","Before","Australia",15
"GEN24_1104164","Before","Japan",13
"GEN24_1104164","Before","Korea, Republic of",14
"GEN24_1104165","Before","Australia",4
"GEN24_1104165","Before","China, People's Republic of",11
"GEN24_1104168","After","Canada",2
"GEN24_1104168","Before","China, People's Republic of",3
"GEN24_1104175","Before","Malaysia",1
"GEN24_1104180","Before","Japan",5
"GEN24_1104226","Before","Australia",6
"GEN24_1104251","Before","Australia",1
"GEN24_1104358","After","Australia",1
"GEN24_1104358","Before","Australia",1
"GEN24_1104361","Before","Australia",99
"GEN24_1104406","After","Japan",10
"GEN24_1104406","Before","Japan",10
"GEN24_1104457","Before","French Polynesia",7
"GEN24_1104468","Before","Australia",1
"GEN24_1104489","After","Australia",4
"GEN24_1104491","Before","Australia",4
"GEN24_1104491","Before","France",3
"GEN24_1104494","After","Canada",4
"GEN24_1104498","Before","Australia",14
"GEN24_1104508","After","United States of America",1
"GEN24_1104521","Before","Japan",1
"GEN24_1104524","After","Fiji",4
"GEN24_1104541","After","Qatar",1
"GEN24_1104545","Before","Philippines",1
"GEN24_1104545","Before","Qatar",1
"GEN24_1104555","After","Hong Kong (Special Administrative Region)",1
"GEN24_1104555","Before","Hong Kong (Special Administrative Region)",1
"GEN24_1104560","After","Fiji",8
"GEN24_1104560","After","Samoa",7
"GEN24_1104560","Before","Australia",30
"GEN24_1104560","Before","Singapore",4
"GEN24_1104596","Before","Australia",12
"GEN24_1104596","Before","Canada",1
"GEN24_1104600","After","Canada",99
"GEN24_1104600","Before","New Caledonia",99
"GEN24_1104665","After","Australia",1
"GEN24_1104665","Before","Australia",3
"GEN24_1104671","Before","Japan",6
"GEN24_1104671","Before","Philippines",4
"GEN24_1104671","Before","Singapore",7
"GEN24_1104671","Before","Thailand",5
"GEN24_1104704","Before","Singapore",3
"GEN24_1104708","Before","Denmark",2
"GEN24_1104737","After","Singapore",2
"GEN24_1104737","Before","Singapore",3
"GEN24_1104775","Before","Qatar",1
"GEN24_1104799","After","Australia",1
"GEN24_1104799","Before","Australia",1
"GEN24_1104824","After","Cook Islands",5
"GEN24_1104824","Before","China, People's Republic of",1
"GEN24_1104848","Before","China, People's Republic of",1
"GEN24_1104852","Before","Australia",4
"GEN24_1104863","Before","Qatar",1
"GEN24_1104866","Before","Czech Republic",2
"GEN24_1104874","Before","Australia",5
"GEN24_1104888","After","Indonesia",21
"GEN24_1104900","After","Australia",1
"GEN24_1104900","Before","Australia",1
"GEN24_1104906","After","Australia",6
"GEN24_1104906","Before","Viet Nam",10
"GEN24_1104927","Before","Australia",50
"GEN24_1104969","After","Australia",4
"GEN24_1104969","After","Cambodia",2
"GEN24_1104969","After","Thailand",3
"GEN24_1104969","After","Viet Nam",3
"GEN24_1105048","After","Australia",15
"GEN24_1105048","After","United Arab Emirates",4
"GEN24_1105083","Before","China, People's Republic of",15
"GEN24_1105083","Before","Indonesia",30
"GEN24_1105095","After","Australia",5
"GEN24_1105106","After","Australia",1
"GEN24_1105106","Before","Australia",1
"GEN24_1105107","After","Australia",3
"GEN24_1105156","Before","United States of America",7
"GEN24_1105157","Before","United States of America",5
"GEN24_1105178","After","Australia",1
"GEN24_1105178","Before","Chile",3
"GEN24_1105193","After","France",30
"GEN24_1105193","Before","Cook Islands",5
"GEN24_1105196","After","Australia",4
"GEN24_1105196","Before","Indonesia",50
"GEN24_1105211","Before","Australia",7
"GEN24_1105211","Before","Thailand",30
"GEN24_1105279","After","Japan",24
"GEN24_1105279","After","Korea, Republic of",8
"GEN24_1105279","Before","India",75
"GEN24_1105279","Before","Nepal",24
"GEN24_1105279","Before","Sri Lanka",75
"GEN24_1105279","Before","Viet Nam",30
"GEN24_1105280","Before","Fiji",8
"GEN24_1105290","After","Qatar",1
"GEN24_1105290","Before","China, People's Republic of",1
"GEN24_1105290","Before","United Arab Emirates",1
"GEN24_1105296","After","Australia",21
"GEN24_1105296","Before","Australia",30
"GEN24_1105322","After","Australia",5
"GEN24_1105322","After","Indonesia",12
"GEN24_1105322","Before","Australia",30
"GEN24_1105344","Before","United Arab Emirates",1
"GEN24_1105346","Before","Australia",21
"GEN24_1105352","After","England",4
"GEN24_1105352","After","Switzerland",2
"GEN24_1105352","Before","England",1
"GEN24_1105352","Before","Turkey",1
"GEN24_1105352","Before","United States of America",2
"GEN24_1105443","After","Canada",26
"GEN24_1105459","Before","Japan",5
"GEN24_1105459","Before","Maldives",5
"GEN24_1105459","Before","Russia",20
"GEN24_1105459","Before","Switzerland",4
"GEN24_1105459","Before","Thailand",5
"GEN24_1105464","Before","French Polynesia",8
"GEN24_1105465","After","Cambodia",20
"GEN24_1105470","Before","Canada",14
"GEN24_1105470","Before","Korea, Republic of",3
"GEN24_1105470","Before","United States of America",21
"GEN24_1105512","After","Australia",1
"GEN24_1105512","After","China, People's Republic of",1
"GEN24_1105512","Before","Australia",14
"GEN24_1105553","Before","China, People's Republic of",8
"GEN24_1105553","Before","Korea, Republic of",5
"GEN24_1105553","Before","Thailand",7
"GEN24_1105553","Before","Viet Nam",6
"GEN24_1105564","After","Singapore",1
"GEN24_1105564","Before","Singapore",1
"GEN24_1105572","After","Pakistan",8
"GEN24_1105606","After","Singapore",1
"GEN24_1105606","Before","Singapore",1
"GEN24_1105611","After","Australia",8
"GEN24_1105611","Before","Australia",21
"GEN24_1105633","Before","China, People's Republic of",1
"GEN24_1105682","After","Qatar",30
"GEN24_1105682","Before","Qatar",30
"GEN24_1105685","After","Qatar",1
"GEN24_1105685","Before","Qatar",1
"GEN24_1105691","After","Australia",9
"GEN24_1105691","Before","Australia",9
"GEN24_1105800","After","Australia",30
"GEN24_1105805","Before","Hong Kong (Special Administrative Region)",1
"GEN24_1105811","After","Philippines",7
"GEN24_1105825","Before","Australia",30
"GEN24_1105854","After","Singapore",2
"GEN24_1105854","Before","Korea, Republic of",1
"GEN24_1105854","Before","Singapore",2
"GEN24_1105855","Before","Thailand",6
"GEN24_1105855","Before","Viet Nam",5
"GEN24_1105865","Before","Norway",4
"GEN24_1105875","After","Sri Lanka",21
"GEN24_1105918","Before","Australia",17
"GEN24_1105930","Before","Thailand",5
"GEN24_1105930","Before","United Arab Emirates",5
"GEN24_1106073","After","Canada",10
"GEN24_1106107","After","Australia",12
"GEN24_1106107","Before","United States of America",1
"GEN24_1106134","After","Australia",1
"GEN24_1106174","After","Australia",1
"GEN24_1106174","Before","Australia",1
"GEN24_1106175","After","Australia",1
"GEN24_1106217","Before","Australia",10
"GEN24_1106217","Before","Japan",12
"GEN24_1106217","Before","Korea, Republic of",12
"GEN24_1106281","After","Hong Kong (Special Administrative Region)",3
"GEN24_1106294","Before","Brazil",15
"GEN24_1106294","Before","Chile",21
"GEN24_1106294","Before","Ghana",91
"GEN24_1106294","Before","Peru",77
"GEN24_1106339","After","Australia",45
"GEN24_1106339","Before","Australia",4
"GEN24_1106339","Before","Canada",45
"GEN24_1106386","Before","Australia",4
"GEN24_1106474","Before","Australia",5
"GEN24_1106506","After","Fiji",5
"GEN24_1106534","After","Indonesia",10
"GEN24_1106535","After","Indonesia",60
"GEN24_1106535","After","Kyrgyzstan",30
"GEN24_1106535","After","Turkey",15
"GEN24_1106535","Before","Argentina",30
"GEN24_1106535","Before","Bolivia",30
"GEN24_1106535","Before","Chile",30
"GEN24_1106535","Before","Peru",30
"GEN24_1106537","After","Australia",1
"GEN24_1106537","Before","Australia",1
"GEN24_1106548","After","Australia",1
"GEN24_1106579","After","United States of America",8
"GEN24_1106579","Before","Thailand",21
"GEN24_1106583","After","Australia",2
"GEN24_1106583","Before","Australia",3
"GEN24_1106583","Before","Indonesia",3
"GEN24_1106583","Before","Singapore",1
"GEN24_1106621","After","India",7
"GEN24_1106622","After","Viet Nam",17
"GEN24_1106622","Before","Australia",4
"GEN24_1106623","Before","Australia",90
"GEN24_1106623","Before","Cook Islands",14
"GEN24_1106623","Before","Samoa",12
"GEN24_1106685","After","Australia",10
"GEN24_1106685","Before","Fiji",6
"GEN24_1106685","Before","Japan",60
"GEN24_1106691","After","Australia",5
"GEN24_1106704","Before","Australia",1
"GEN24_1106708","After","Australia",10
"GEN24_1106708","Before","Australia",11
"GEN24_1106758","After","Singapore",1
"GEN24_1106758","Before","Singapore",1
"GEN24_1106782","Before","Fiji",7
"GEN24_1106788","After","Australia",13
"GEN24_1106808","Before","Indonesia",8
"GEN24_1106890","After","England",12
"GEN24_1106890","Before","England",2
"GEN24_1106912","Before","Australia",3
"GEN24_1106946","Before","Australia",12
"GEN24_1106965","After","Australia",3
"GEN24_1106965","After","United States of America",30
"GEN24_1106990","After","Australia",4
"GEN24_1106997","Before","South Africa",6
"GEN24_1107006","Before","France",1
"GEN24_1107018","After","China, People's Republic of",21
"GEN24_1107018","Before","China, People's Republic of",25
"GEN24_1107023","After","Singapore",1
"GEN24_1107023","Before","Australia",3
"GEN24_1107081","After","Australia",14
"GEN24_1107081","After","South Africa",14
"GEN24_1107081","Before","Indonesia",20
"GEN24_1107086","Before","Australia",90
"GEN24_1107100","After","Australia",8
"GEN24_1107117","After","Australia",1
"GEN24_1107117","Before","Australia",1
"GEN24_1107123","After","Australia",1
"GEN24_1107123","Before","Australia",1
"GEN24_1107160","After","Japan",11
"GEN24_1107160","After","Singapore",17
"GEN24_1107160","Before","Japan",11
"GEN24_1107160","Before","Singapore",17
"GEN24_1107163","After","Singapore",1
"GEN24_1107163","Before","Singapore",1
"GEN24_1107213","After","Australia",1
"GEN24_1107213","Before","Australia",1
"GEN24_1107244","Before","Australia",35
"GEN24_1107248","After","Australia",10
"GEN24_1107259","After","Australia",9
"GEN24_1107276","After","Denmark",5
"GEN24_1107276","After","Germany",1
"GEN24_1107276","After","Italy",11
"GEN24_1107276","After","United States of America",20
"GEN24_1107276","Before","Denmark",5
"GEN24_1107276","Before","Germany",1
"GEN24_1107276","Before","Italy",11
"GEN24_1107276","Before","United States of America",20
"GEN24_1107360","After","Australia",5
"GEN24_1107360","After","Fiji",3
"GEN24_1107376","Before","Japan",90
"GEN24_1107480","Before","Australia",3
"GEN24_1107495","After","Singapore",7
"GEN24_1107518","Before","Australia",9
"GEN24_1107529","Before","Canada",1
"GEN24_1107529","Before","Cook Islands",5
"GEN24_1107531","After","Singapore",1
"GEN24_1107535","After","Hong Kong (Special Administrative Region)",1
"GEN24_1107538","After","Fiji",8
"GEN24_1107538","After","Japan",90
"GEN24_1107538","After","Taiwan",30
"GEN24_1107538","Before","United States of America",60
"GEN24_1107612","After","Qatar",1
"GEN24_1107612","Before","United Arab Emirates",1
"GEN24_1107624","Before","Australia",10
"GEN24_1107628","Before","United States of America",14
"GEN24_1107643","After","Australia",15
"GEN24_1107658","Before","French Polynesia",5
"GEN24_1107660","After","Australia",7
"GEN24_1107666","After","Australia",1
"GEN24_1107666","Before","Australia",1
"GEN24_1107678","Before","Australia",7
"GEN24_1107678","Before","Japan",9
"GEN24_1107680","Before","Australia",3
"GEN24_1107681","After","United States of America",1
"GEN24_1107681","Before","Japan",2
"GEN24_1107681","Before","United States of America",1
"GEN24_1107682","After","Australia",6
"GEN24_1107683","Before","Singapore",4
"GEN24_1107760","Before","Australia",1
"GEN24_1107780","Before","Australia",1
"GEN24_1107841","Before","Fiji",10
"GEN24_1107866","Before","Australia",1
"GEN24_1107899","Before","Australia",30
"GEN24_1107899","Before","Singapore",3
"GEN24_1107924","Before","Myanmar",1
"GEN24_1107924","Before","Philippines",7
"GEN24_1107940","Before","Australia",5
"GEN24_1107948","Before","French Polynesia",12
"GEN24_1107988","After","Australia",1
"GEN24_1107988","Before","Australia",1
"GEN24_1107999","Before","Singapore",3
"GEN24_1108003","Before","Australia",10
"GEN24_1108008","After","Indonesia",4
"GEN24_1108008","Before","French Polynesia",5
"GEN24_1108008","Before","United States of America",15
"GEN24_1108088","After","Australia",15
"GEN24_1108091","Before","Australia",2
"GEN24_1108094","Before","United States of America",6
"GEN24_1108158","Before","Germany",8
"GEN24_1108164","After","Fiji",6
"GEN24_1108164","After","Samoa",4
"GEN24_1108164","Before","Fiji",21
"GEN24_1108164","Before","Samoa",28
"GEN24_1108164","Before","Tokelau",36
"GEN24_1108171","After","United States of America",1
"GEN24_1108178","After","United States of America",8
"GEN24_1108178","Before","Singapore",2
"GEN24_1108178","Before","Sri Lanka",12
"GEN24_1108188","After","United States of America",1
"GEN24_1108215","After","Singapore",12
"GEN24_1108215","Before","Australia",4
"GEN24_1108266","After","Singapore",3
"GEN24_1108269","After","Singapore",1
"GEN24_1108269","Before","Singapore",1
"GEN24_1108277","Before","Indonesia",6
"GEN24_1108277","Before","Singapore",6
"GEN24_1108277","Before","Switzerland",6
"GEN24_1108277","Before","Thailand",8
"GEN24_1108335","Before","China, People's Republic of",99
"GEN24_1108335","Before","Norway",11
"GEN24_1108342","After","China, People's Republic of",1
"GEN24_1108342","Before","China, People's Republic of",7
"GEN24_1108347","After","Japan",1
"GEN24_1108437","After","Singapore",6
"GEN24_1108440","Before","Australia",10
"GEN24_1108440","Before","Hong Kong (Special Administrative Region)",14
"GEN24_1108440","Before","Japan",16
"GEN24_1108440","Before","Taiwan",14
"GEN24_1108497","After","Fiji",1
"GEN24_1108556","After","Portugal",1
"GEN24_1108556","Before","Australia",40
"GEN24_1108565","After","Australia",4
"GEN24_1108569","After","Australia",22
"GEN24_1108580","Before","Australia",2
"GEN24_1108623","After","Hong Kong (Special Administrative Region)",1
"GEN24_1108623","Before","Australia",10
"GEN24_1108704","Before","Indonesia",1
"GEN24_1108719","After","Australia",15
"GEN24_1108719","After","Fiji",7
"GEN24_1108719","After","Indonesia",7
"GEN24_1108719","Before","Australia",10
"GEN24_1108719","Before","Singapore",3
"GEN24_1108786","Before","Australia",2
"GEN24_1108810","After","Hong Kong (Special Administrative Region)",1
"GEN24_1108810","Before","Thailand",1
"GEN24_1108836","After","Australia",14
"GEN24_1108836","Before","Singapore",3
"GEN24_1108893","After","United Arab Emirates",3
"GEN24_1108893","Before","Switzerland",1
"GEN24_1108895","Before","England",30
"GEN24_1108895","Before","Korea, Republic of",5
"GEN24_1108895","Before","Singapore",7
"GEN24_1108895","Before","Thailand",6
"GEN24_1108991","After","Australia",60
"GEN24_1108991","Before","United Arab Emirates",5
"GEN24_1109002","Before","Australia",7
"GEN24_1109026","After","India",7
"GEN24_1109074","After","Singapore",2
"GEN24_1109103","After","Australia",21
"GEN24_1109136","After","China, People's Republic of",1
"GEN24_1109136","Before","China, People's Republic of",1
"GEN24_1109136","Before","Malaysia",7
"GEN24_1109136","Before","Sri Lanka",90
"GEN24_1109158","After","Singapore",1
"GEN24_1109158","Before","United States of America",1
"GEN24_1109255","After","Australia",14
"GEN24_1109259","After","Australia",16
"GEN24_1109259","Before","Australia",7
"GEN24_1109282","After","Singapore",2
"GEN24_1109282","Before","Philippines",1
"GEN24_1109301","Before","India",1
"GEN24_1109332","After","Malaysia",5
"GEN24_1109332","After","Singapore",4
"GEN24_1109332","After","Sri Lanka",13
"GEN24_1109355","After","Australia",8
"GEN24_1109357","Before","Australia",9
"GEN24_1109368","Before","Australia",5
"GEN24_1109489","After","Singapore",3
"GEN24_1109505","After","Italy",4
"GEN24_1109505","After","Switzerland",2
"GEN24_1109506","Before","Japan",4
"GEN24_1109576","After","Australia",1
"GEN24_1109576","Before","Australia",1
"GEN24_1109585","After","Australia",1
"GEN24_1109585","Before","Australia",1
"GEN24_1109597","Before","United States of America",1
"GEN24_1109634","After","Singapore",4
"GEN24_1109634","Before","Australia",5
"GEN24_1109646","Before","Cook Islands",21
"GEN24_1109662","After","Qatar",1
"GEN24_1109677","Before","Australia",4
"GEN24_1109700","After","Philippines",2
"GEN24_1109700","Before","Philippines",2
"GEN24_1109714","Before","Australia",5
"GEN24_1109715","After","Canada",90
"GEN24_1109715","Before","Australia",36
"GEN24_1109727","After","England",30
"GEN24_1109727","Before","England",30
"GEN24_1109727","Before","Hong Kong (Special Administrative Region)",15
"GEN24_1109727","Before","Japan",8
"GEN24_1109753","Before","Japan",4
"GEN24_1109805","After","Japan",3
"GEN24_1109805","Before","Australia",5
"GEN24_1109843","After","Australia",7
"GEN24_1109843","After","China, People's Republic of",15
"GEN24_1109843","After","England",15
"GEN24_1109843","After","Japan",15
"GEN24_1109843","After","Singapore",15
"GEN24_1109859","Before","China, People's Republic of",5
"GEN24_1109867","After","Australia",2
"GEN24_1109868","After","Australia",30
"GEN24_1109914","After","Australia",4
"GEN24_1109935","After","Australia",1
"GEN24_1109935","Before","Australia",1
"GEN24_1109939","After","Australia",3
"GEN24_1109939","Before","Australia",7
"GEN24_1110006","After","Australia",1
"GEN24_1110013","After","Hong Kong (Special Administrative Region)",2
"GEN24_1110015","Before","Singapore",7
"GEN24_1110015","Before","Taiwan",7
"GEN24_1110016","Before","Australia",1
"GEN24_1110061","Before","Cambodia",10
"GEN24_1110061","Before","Japan",10
"GEN24_1110061","Before","Thailand",10
"GEN24_1110079","After","Malaysia",4
"GEN24_1110079","After","Qatar",1
"GEN24_1110079","After","Singapore",4
"GEN24_1110101","Before","Qatar",1
"GEN24_1110128","After","Chile",1
"GEN24_1110138","After","Germany",1
"GEN24_1110138","Before","Australia",11
"GEN24_1110138","Before","Germany",1
"GEN24_1110197","Before","Japan",39
"GEN24_1110197","Before","Viet Nam",30
"GEN24_1110216","After","United States of America",99
"GEN24_1110216","Before","Australia",16
"GEN24_1110320","After","China, People's Republic of",3
"GEN24_1110320","After","Cook Islands",8
"GEN24_1110320","Before","Australia",5
"GEN24_1110320","Before","Thailand",2
"GEN24_1110374","After","Hong Kong (Special Administrative Region)",1
"GEN24_1110374","Before","Australia",3
"GEN24_1110458","After","Singapore",1
"GEN24_1110458","After","South Africa",1
"GEN24_1110458","Before","Singapore",1
"GEN24_1110475","After","Australia",99
"GEN24_1110475","Before","Australia",99
"GEN24_1110497","After","Viet Nam",7
"GEN24_1110519","After","South Africa",4
"GEN24_1110519","After","Thailand",3
"GEN24_1110519","After","United Arab Emirates",3
"GEN24_1110519","Before","South Africa",5
"GEN24_1110519","Before","Thailand",4
"GEN24_1110519","Before","United Arab Emirates",4
"GEN24_1110524","After","Japan",12
"GEN24_1110524","Before","Indonesia",30
"GEN24_1110530","Before","United Arab Emirates",1
"GEN24_1110531","Before","Indonesia",8
"GEN24_1110543","Before","Australia",13
"GEN24_1110592","Before","Australia",20
"GEN24_1110716","After","Australia",10
"GEN24_1110716","After","Chile",5
"GEN24_1110716","After","Faeroe Islands",7
"GEN24_1110716","After","Italy",10
"GEN24_1110716","After","Singapore",5
"GEN24_1110716","Before","Canada",12
"GEN24_1110716","Before","Germany",7
"GEN24_1110716","Before","Iceland",10
"GEN24_1110716","Before","Japan",20
"GEN24_1110716","Before","United States of America",14
"GEN24_1110742","After","New Caledonia",10
"GEN24_1110753","Before","Malaysia",1
"GEN24_1110758","Before","Malaysia",2
"GEN24_1110759","Before","Australia",14
"GEN24_1110761","After","Hong Kong (Special Administrative Region)",1
"GEN24_1110761","Before","Hong Kong (Special Administrative Region)",1
"GEN24_1110771","After","Canada",9
"GEN24_1110771","After","Korea, Republic of",3
"GEN24_1110771","Before","China, People's Republic of",3
"GEN24_1110771","Before","Hong Kong (Special Administrative Region)",1
"GEN24_1110773","Before","Fiji",3
"GEN24_1110773","Before","Samoa",1
"GEN24_1110775","After","Australia",7
"GEN24_1110841","After","Hong Kong (Special Administrative Region)",1
"GEN24_1110841","Before","Hong Kong (Special Administrative Region)",2
"GEN24_1110845","After","Qatar",1
"GEN24_1110860","After","Thailand",3
"GEN24_1110871","After","Cook Islands",7
"GEN24_1110873","Before","Italy",13
"GEN24_1110875","Before","Australia",18
"GEN24_1110927","After","Fiji",8
"GEN24_1110942","After","Australia",9
"GEN24_1110942","Before","Australia",21
"GEN24_1110949","After","Australia",6
"GEN24_1110949","Before","Australia",5
"GEN24_1110980","After","Australia",6
"GEN24_1110980","After","Fiji",2
"GEN24_1110998","After","French Polynesia",4
"GEN24_1111012","Before","Singapore",1
"GEN24_1111025","After","Japan",5
"GEN24_1111025","Before","Australia",14
"GEN24_1111039","Before","Australia",4
"GEN24_1111051","After","Australia",5
"GEN24_1111051","Before","United States of America",9
"GEN24_1111060","After","Singapore",1
"GEN24_1111068","After","Hong Kong (Special Administrative Region)",1
"GEN24_1111091","After","United States of America",1
"GEN24_1111091","Before","Australia",7
"GEN24_1111091","Before","Singapore",3
"GEN24_1111106","After","United States of America",90
"GEN24_1111107","After","Australia",7
"GEN24_1111121","Before","Fiji",10
"GEN24_1111150","After","Australia",60
"GEN24_1111150","Before","Australia",30
"GEN24_1111189","After","Japan",3
"GEN24_1111189","Before","Japan",3
"GEN24_1111192","After","Australia",5
"GEN24_1111192","Before","Cook Islands",9
"GEN24_1111192","Before","Singapore",2
"GEN24_1111202","Before","Australia",14
"GEN24_1111240","Before","Indonesia",3
"GEN24_1111240","Before","Thailand",5
"GEN24_1111252","After","Australia",2
"GEN24_1111252","Before","Australia",10
"GEN24_1111299","Before","England",70
"GEN24_1111299","Before","Hong Kong (Special Administrative Region)",3
"GEN24_1111299","Before","Indonesia",10
"GEN24_1111299","Before","Viet Nam",1
"GEN24_1111333","After","Australia",5
"GEN24_1111333","Before","Australia",14
"GEN24_1111359","Before","England",15
"GEN24_1111359","Before","Northern Ireland",2
"GEN24_1111359","Before","Scotland",5
"GEN24_1111359","Before","Wales",5
"GEN24_1111365","After","Australia",2
"GEN24_1111365","Before","Australia",90
"GEN24_1111453","Before","Australia",6
"GEN24_1111456","Before","Singapore",3
"GEN24_1111544","After","China, People's Republic of",10
"GEN24_1111544","Before","China, People's Republic of",10
"GEN24_1111626","After","Samoa",2
"GEN24_1111626","Before","Australia",5
"GEN24_1111626","Before","Fiji",2
"GEN24_1111626","Before","Tonga",2
"GEN24_1111689","After","India",14
"GEN24_1111689","Before","India",1
"GEN24_1111689","Before","Scotland",36
"GEN24_1111690","After","Japan",1
"GEN24_1111733","Before","Australia",18
"GEN24_1111733","Before","Singapore",3
"GEN24_1111734","Before","Singapore",1
"GEN24_1111745","After","Australia",14
"GEN24_1111745","Before","Australia",4
"GEN24_1111751","After","Australia",10
"GEN24_1111757","Before","Australia",6
"GEN24_1111771","Before","Austria",13
"GEN24_1111776","After","Japan",1
"GEN24_1111787","Before","New Caledonia",30
"GEN24_1111813","Before","Australia",30
"GEN24_1111837","Before","Australia",3
"GEN24_1111890","Before","Hong Kong (Special Administrative Region)",5
"GEN24_1112008","Before","Japan",21
"GEN24_1112054","Before","Japan",7
"GEN24_1112054","Before","Spain",7
"GEN24_1112054","Before","United States of America",7
"GEN24_1112100","After","Australia",10
"GEN24_1112100","After","Germany",10
"GEN24_1112100","After","Singapore",10
"GEN24_1112100","Before","England",7
"GEN24_1112100","Before","Korea, Republic of",7
"GEN24_1112100","Before","Northern Ireland",5
"GEN24_1112100","Before","Taiwan",5
"GEN24_1112101","Before","Australia",7
"GEN24_1112142","Before","Australia",3
"GEN24_1112159","Before","Australia",3
"GEN24_1112191","Before","Australia",10
"GEN24_1112205","Before","Samoa",8
"GEN24_1112215","Before","Australia",9
"GEN24_1112220","Before","Australia",6
"GEN24_1112235","After","Fiji",6
"GEN24_1112235","Before","Viet Nam",10
"GEN24_1112242","Before","Australia",2
"GEN24_1112243","Before","Australia",7
"GEN24_1112265","Before","Australia",3
"GEN24_1112275","After","Singapore",2
"GEN24_1112275","Before","Australia",9
"GEN24_1112275","Before","Singapore",5
"GEN24_1112279","After","Canada",3
"GEN24_1112279","Before","United States of America",3
"GEN24_1112321","After","Canada",2
"GEN24_1112321","After","Fiji",3
"GEN24_1112321","After","United States of America",14
"GEN24_1112321","Before","Australia",20
"GEN24_1112321","Before","Japan",10
"GEN24_1112321","Before","Thailand",10
"GEN24_1112389","After","Australia",1
"GEN24_1112389","Before","Australia",1
"GEN24_1112486","Before","Australia",5
"GEN24_1112508","Before","Fiji",15
"GEN24_1112531","Before","Iceland",3
"GEN24_1112531","Before","Ireland",14
"GEN24_1112531","Before","Norway",7
"GEN24_1112531","Before","United States of America",6
"GEN24_1112580","After","Australia",11
"GEN24_1112601","After","Cook Islands",7
"GEN24_1112601","After","Singapore",2
"GEN24_1112601","Before","Australia",7
"GEN24_1112601","Before","Singapore",2
"GEN24_1112609","After","Australia",1
"GEN24_1112609","Before","Australia",1
"GEN24_1112617","After","United Arab Emirates",20
"GEN24_1112617","Before","England",9
"GEN24_1112617","Before","Italy",4
"GEN24_1112617","Before","Spain",10
"GEN24_1112713","After","Indonesia",7
"GEN24_1112735","Before","Japan",7
"GEN24_1112735","Before","Thailand",7
"GEN24_1112740","After","Qatar",1
"GEN24_1112740","Before","Qatar",2
"GEN24_1112755","Before","Australia",8
"GEN24_1112774","Before","Fiji",2
"GEN24_1112774","Before","Japan",10
"GEN24_1112838","After","Fiji",7
"GEN24_1112838","After","Niue",5
"GEN24_1112838","After","Tonga",4
"GEN24_1112838","After","Wallis and Futuna",4
"GEN24_1112862","After","Hong Kong (Special Administrative Region)",4
"GEN24_1112862","Before","China, People's Republic of",30
"GEN24_1112867","Before","Cook Islands",10
"GEN24_1112876","After","Australia",1
"GEN24_1112876","Before","Australia",4
"GEN24_1112878","Before","Thailand",8
"GEN24_1112915","Before","Australia",5
"GEN24_1112920","Before","Japan",7
"GEN24_1112944","After","Austria",12
"GEN24_1112944","After","Croatia",8
"GEN24_1112944","After","Czech Republic",10
"GEN24_1112944","After","Malaysia",4
"GEN24_1112944","Before","England",5
"GEN24_1112944","Before","Hungary",3
"GEN24_1112944","Before","Japan",50
"GEN24_1112944","Before","Scotland",12
"GEN24_1112950","Before","Australia",5
"GEN24_1112950","Before","Thailand",3
"GEN24_1112953","After","Australia",5
"GEN24_1112953","After","Bangladesh",4
"GEN24_1112953","After","Indonesia",4
"GEN24_1112953","After","Nepal",4
"GEN24_1112953","Before","Australia",4
"GEN24_1112953","Before","Hong Kong (Special Administrative Region)",3
"GEN24_1112953","Before","Japan",4
"GEN24_1112953","Before","Malaysia",28
"GEN24_1112953","Before","Thailand",6
"GEN24_1113013","After","Canada",3
"GEN24_1113019","Before","China, People's Republic of",1
"GEN24_1113023","Before","Australia",15
"GEN24_1113023","Before","Cook Islands",7
"GEN24_1113033","After","Japan",7
"GEN24_1113035","Before","Austria",1
"GEN24_1113035","Before","Germany",4
"GEN24_1113035","Before","Maldives",5
"GEN24_1113035","Before","Switzerland",3
"GEN24_1113053","Before","Australia",6
"GEN24_1113071","After","Qatar",1
"GEN24_1113075","After","Australia",2
"GEN24_1113075","Before","Czech Republic",19
"GEN24_1113075","Before","Italy",4
"GEN24_1113075","Before","Malta",5
"GEN24_1113075","Before","Norway",89
"GEN24_1113076","Before","Qatar",1
"GEN24_1113083","After","Australia",9
"GEN24_1113089","After","China, People's Republic of",1
"GEN24_1113089","After","Hong Kong (Special Administrative Region)",3
"GEN24_1113089","Before","China, People's Republic of",2
"GEN24_1113097","After","Hong Kong (Special Administrative Region)",1
"GEN24_1113097","Before","Hong Kong (Special Administrative Region)",30
"GEN24_1113116","After","Australia",14
"GEN24_1113116","Before","Australia",14
"GEN24_1113131","After","Australia",2
"GEN24_1113136","Before","Italy",7
"GEN24_1113136","Before","Maldives",5
"GEN24_1113136","Before","Singapore",8
"GEN24_1113136","Before","United States of America",9
"GEN24_1113148","Before","Australia",15
"GEN24_1113148","Before","Hong Kong (Special Administrative Region)",6
"GEN24_1113148","Before","Japan",17
"GEN24_1113172","Before","China, People's Republic of",15
"GEN24_1113172","Before","India",8
"GEN24_1113172","Before","Kazakhstan",6
"GEN24_1113195","After","Australia",2
"GEN24_1113195","Before","Australia",2
"GEN24_1113214","After","Hong Kong (Special Administrative Region)",1
"GEN24_1113245","Before","Australia",7
"GEN24_1113245","Before","Indonesia",6
"GEN24_1113245","Before","Malaysia",6
"GEN24_1113249","After","Australia",1
"GEN24_1113249","Before","Australia",11
"GEN24_1113251","After","Australia",2
"GEN24_1113251","Before","Australia",1
"GEN24_1113261","Before","Australia",30
"GEN24_1113261","Before","Ireland",30
"GEN24_1113261","Before","United States of America",36
"GEN24_1113389","Before","China, People's Republic of",60
"GEN24_1113389","Before","Japan",5
"GEN24_1113389","Before","Macau (Special Administrative Region)",12
"GEN24_1113389","Before","Madagascar",7
"GEN24_1113396","Before","Australia",7
"GEN24_1113396","Before","Hong Kong (Special Administrative Region)",14
"GEN24_1113396","Before","Indonesia",14
"GEN24_1113396","Before","Singapore",5
"GEN24_1113410","After","Australia",17
"GEN24_1113419","After","Nepal",1
"GEN24_1113419","Before","Japan",7
"GEN24_1113422","Before","England",60
"GEN24_1113422","Before","Finland",5
"GEN24_1113422","Before","Japan",3
"GEN24_1113422","Before","Norway",15
"GEN24_1113422","Before","Scotland",20
"GEN24_1113428","After","Singapore",1
"GEN24_1113446","After","Thailand",2
"GEN24_1113446","Before","Thailand",13
"GEN24_1113487","Before","Hong Kong (Special Administrative Region)",1
"GEN24_1113520","Before","Australia",5
"GEN24_1113543","Before","Australia",5
"GEN24_1113543","Before","Fiji",40
"GEN24_1113572","After","Fiji",7
"GEN24_1113572","Before","Australia",8
"GEN24_1113572","Before","Japan",7
"GEN24_1113576","After","Maldives",5
"GEN24_1113576","Before","Thailand",3
"GEN24_1113591","After","Qatar",1
"GEN24_1113607","Before","Australia",2
"GEN24_1113614","After","Australia",15
"GEN24_1113614","After","Singapore",5
"GEN24_1113614","Before","Australia",90
"GEN24_1113616","After","Australia",1
"GEN24_1113621","After","Australia",7
"GEN24_1113710","Before","Australia",7
"GEN24_1113713","After","Fiji",2
"GEN24_1113713","After","Tonga",4
"GEN24_1113734","Before","Australia",12
"GEN24_1113734","Before","Japan",9
"GEN24_1113734","Before","United Arab Emirates",9
"GEN24_1113735","Before","China, People's Republic of",1
"GEN24_1113771","Before","Australia",14
"GEN24_1113794","After","Qatar",1
"GEN24_1113794","Before","Qatar",1
"GEN24_1113813","After","Australia",15
"GEN24_1113833","Before","Japan",15
"GEN24_1113833","Before","United States of America",50
"GEN24_1113834","After","Fiji",6
"GEN24_1113834","Before","Australia",7
"GEN24_1113834","Before","Denmark",1
"GEN24_1113878","Before","Fiji",7
"GEN24_1113937","Before","Australia",5
"GEN24_1113937","Before","Indonesia",5
"GEN24_1113938","After","United States of America",2
"GEN24_1113938","Before","United States of America",6
"GEN24_1113983","After","Australia",8
"GEN24_1113983","Before","Australia",8
"GEN24_1114000","Before","Australia",99
"GEN24_1114028","After","China, People's Republic of",1
"GEN24_1114028","Before","Tonga",15
"GEN24_1114040","After","Australia",3
"GEN24_1114043","After","Australia",5
"GEN24_1114043","Before","China, People's Republic of",2
"GEN24_1114063","After","Australia",1
"GEN24_1114113","Before","Japan",4
"GEN24_1114120","Before","United States of America",4
"GEN24_1114142","After","United Arab Emirates",1
"GEN24_1114142","Before","Qatar",1
"GEN24_1114165","Before","Korea, Republic of",3
"GEN24_1114182","Before","Australia",14
"GEN24_1114270","Before","Singapore",3
"GEN24_1114271","After","Brazil",8
"GEN24_1114271","After","Germany",7
"GEN24_1114271","After","Spain",6
"GEN24_1114271","After","United States of America",1
"GEN24_20011","Before","Australia",1
"GEN24_20060","Before","Israel",16
"GEN24_20152","After","Australia",14
"GEN24_20158","Before","Australia",1
"GEN24_20223","After","China, People's Republic of",15
"GEN24_20239","After","Singapore",1
"GEN24_20239","Before","Australia",7
"GEN24_20239","Before","Singapore",1
"GEN24_20302","Before","United States of America",21
"GEN24_20328","After","Australia",70
"GEN24_20333","After","Australia",1
"GEN24_20340","After","Australia",2
"GEN24_20340","Before","Australia",13
"GEN24_20423","After","Australia",5
"GEN24_20423","Before","Australia",10
"GEN24_20423","Before","Singapore",7
"GEN24_20435","Before","Australia",13
"GEN24_20440","After","Australia",1
"GEN24_20440","Before","Australia",1
"GEN24_20456","Before","Australia",1
"GEN24_20457","After","Singapore",1
"GEN24_20460","After","Australia",3
"GEN24_20468","After","Australia",1
"GEN24_20468","Before","Australia",90
"GEN24_20509","After","Australia",1
"GEN24_20513","After","England",10
"GEN24_20558","Before","Australia",1
"GEN24_20558","Before","United Arab Emirates",1
"GEN24_20571","Before","Indonesia",40
"GEN24_20571","Before","Thailand",30
"GEN24_20571","Before","Viet Nam",16
"GEN24_20586","After","Australia",21
"GEN24_20586","Before","Philippines",17
"GEN24_20707","After","Australia",8
"GEN24_20707","Before","Australia",8
"GEN24_20721","Before","Cook Islands",9
"GEN24_20729","After","England",30
"GEN24_20729","Before","England",30
"GEN24_20840","After","Greece",19
"GEN24_20840","Before","Greece",18
"GEN24_20845","After","Australia",1
"GEN24_20845","Before","Australia",1
"GEN24_20884","After","Australia",1
"GEN24_20884","Before","Australia",12
"GEN24_21025","After","Australia",9
"GEN24_21025","Before","United States of America",1
"GEN24_22076","After","Australia",14
"GEN24_22076","Before","Belgium",4
"GEN24_22076","Before","England",6
"GEN24_22076","Before","France",6
"GEN24_22076","Before","Germany",2
"GEN24_22084","Before","Australia",3
"GEN24_22084","Before","Indonesia",30
"GEN24_22084","Before","Thailand",30
"GEN24_22084","Before","Viet Nam",15
"GEN24_22113","After","Cambodia",6
"GEN24_22113","After","Thailand",5
"GEN24_22113","After","Viet Nam",5
"GEN24_22113","Before","Australia",20
"GEN24_22114","After","Fiji",7
"GEN24_22114","Before","Australia",42
"GEN24_22173","After","Australia",30
"GEN24_22173","Before","Philippines",14
"GEN24_22183","After","Australia",30
"GEN24_22209","After","Australia",18
"GEN24_22225","After","Singapore",1
"GEN24_22225","Before","Singapore",36
"GEN24_22326","After","Australia",14
"GEN24_22326","Before","England",4
"GEN24_22326","Before","France",6
"GEN24_22326","Before","Luxembourg",4
"GEN24_22326","Before","Netherlands",11
"GEN24_22333","After","Australia",21
"GEN24_22333","Before","Australia",60
"GEN24_22366","Before","Australia",60
"GEN24_22396","After","Singapore",1
"GEN24_22430","After","Australia",1
"GEN24_22474","After","Australia",9
"GEN24_22474","After","Singapore",3
"GEN24_22474","Before","Australia",99
"GEN24_22516","After","Australia",50
"GEN24_22516","Before","Australia",50
"GEN24_22524","After","Australia",9
"GEN24_22563","Before","Indonesia",21
"GEN24_22563","Before","Japan",21
"GEN24_22601","After","Singapore",1
"GEN24_22607","Before","Australia",80
"GEN24_22607","Before","Fiji",30
"GEN24_22607","Before","Indonesia",30
"GEN24_22630","Before","Hong Kong (Special Administrative Region)",4
"GEN24_22630","Before","Singapore",4
"GEN24_22663","After","Japan",21
"GEN24_22663","Before","Australia",28
"GEN24_22665","After","Singapore",3
"GEN24_22698","Before","Australia",4
"GEN24_22734","Before","Thailand",4
"GEN24_22770","Before","New Caledonia",6
"GEN24_22926","After","Thailand",5
"GEN24_22954","After","Australia",1
"GEN24_22954","After","Fiji",7
"GEN24_22954","After","Hong Kong (Special Administrative Region)",1
"GEN24_22954","Before","Hong Kong (Special Administrative Region)",1
"GEN24_22987","After","Singapore",3
"GEN24_22987","Before","China, People's Republic of",6
"GEN24_22987","Before","Viet Nam",9
"GEN24_23023","After","Singapore",2
"GEN24_23023","Before","Japan",5
"GEN24_23148","After","Australia",5
"GEN24_23148","Before","Fiji",3
"GEN24_23154","After","Australia",3
"GEN24_23154","Before","Korea, Democratic People's Republic of",2
"GEN24_23155","After","Australia",3
"GEN24_23155","Before","Korea, Republic of",2
"GEN24_23170","After","Australia",7
"GEN24_23184","After","Australia",3
"GEN24_23184","Before","Australia",2
"GEN24_23184","Before","Fiji",1
"GEN24_23184","Before","French Polynesia",2
"GEN24_23184","Before","United States of America",6
"GEN24_23227","After","Singapore",10
"GEN24_23227","Before","Singapore",10
"GEN24_23240","After","Singapore",1
"GEN24_23249","Before","England",3
"GEN24_23249","Before","Malaysia",10
"GEN24_23249","Before","Thailand",3
"GEN24_23250","After","Singapore",2
"GEN24_23250","Before","Australia",10
"GEN24_23251","After","Singapore",5
"GEN24_23251","Before","Australia",16
"GEN24_23257","Before","Singapore",30
"GEN24_23260","After","China, People's Republic of",5
"GEN24_23260","After","United States of America",15
"GEN24_23260","Before","England",20
"GEN24_23260","Before","Germany",15
"GEN24_23260","Before","Japan",10
"GEN24_23260","Before","United States of America",20
"GEN24_23272","After","Fiji",10
"GEN24_23272","Before","Fiji",3
"GEN24_23273","After","Fiji",2
"GEN24_23273","Before","Australia",1
"GEN24_23275","After","Australia",14
"GEN24_23275","Before","Australia",14
"GEN24_23277","After","Singapore",1
"GEN24_23278","After","Fiji",6
"GEN24_23283","After","Australia",5
"GEN24_23283","After","Fiji",14
"GEN24_23283","After","Indonesia",30
"GEN24_23298","After","Fiji",7
"GEN24_23298","Before","Denmark",1
"GEN24_23316","After","Singapore",1
"GEN24_23316","Before","Singapore",1
"GEN24_23327","Before","Australia",3
"GEN24_23417","After","Australia",4
"GEN24_23417","Before","Australia",3
"GEN24_23420","After","Australia",1
"GEN24_23536","After","Australia",14
"GEN24_23551","After","Australia",99
"GEN24_23555","After","Australia",7
"GEN24_23566","After","Australia",3
"GEN24_23566","After","Netherlands",21
"GEN24_23566","Before","Australia",30
"GEN24_23567","After","Australia",1
"GEN24_23567","Before","Australia",1
"GEN24_23574","After","Australia",6
"GEN24_23574","Before","Australia",2
"GEN24_23591","After","England",2
"GEN24_23591","After","Portugal",7
"GEN24_23591","After","Spain",4
"GEN24_23595","After","Australia",6
"GEN24_23595","After","Indonesia",6
"GEN24_23595","Before","Australia",1
"GEN24_23601","After","Australia",5
"GEN24_23606","After","Australia",15
"GEN24_23609","After","Australia",20
"GEN24_23619","After","Australia",4
"GEN24_23623","After","Australia",18
"GEN24_23623","After","Malaysia",2
"GEN24_23623","Before","Cambodia",12
"GEN24_23623","Before","Laos",6
"GEN24_23623","Before","Thailand",45
"GEN24_23623","Before","Viet Nam",14
"GEN24_23625","After","Australia",1
"GEN24_23632","After","Australia",28
"GEN24_23632","Before","Qatar",1
"GEN24_23679","After","Australia",99
"GEN24_23679","After","Egypt",5
"GEN24_23679","After","Greece",14
"GEN24_23679","After","South Africa",14
"GEN24_23679","Before","Fiji",17
"GEN24_23679","Before","Portugal",1
"GEN24_23679","Before","United States of America",21
"GEN24_23708","Before","Australia",2
"GEN24_23710","After","Australia",2
"GEN24_23710","Before","Australia",18
"GEN24_23790","Before","Australia",5
"GEN24_23795","Before","Australia",16
"GEN24_23810","Before","Australia",6
"GEN24_23843","Before","Malaysia",30
"GEN24_23863","After","Australia",5
"GEN24_23886","After","Australia",7
"GEN24_23892","After","Australia",28
"GEN24_23892","After","Indonesia",21
"GEN24_23892","After","Japan",21
"GEN24_23892","After","Viet Nam",21
"GEN24_23892","Before","French Polynesia",25
"GEN24_23892","Before","United States of America",25
"GEN24_23894","After","Australia",6
"GEN24_23897","After","Australia",5
"GEN24_23902","Before","Thailand",3
"GEN24_23994","Before","United Arab Emirates",1
"GEN24_23997","After","Fiji",8
"GEN24_24004","After","Australia",13
"GEN24_24004","After","Thailand",10
"GEN24_24004","After","Viet Nam",10
"GEN24_24004","Before","Australia",18
"GEN24_24005","After","Australia",21
"GEN24_24005","Before","United Arab Emirates",1
"GEN24_24015","After","Australia",4
"GEN24_24015","Before","United Arab Emirates",4
"GEN24_24040","Before","Australia",1
"GEN24_24042","Before","Canada",21
"GEN24_24058","After","Fiji",99
"GEN24_24058","After","Indonesia",55
"GEN24_24058","Before","Australia",80
"GEN24_24061","After","Australia",3
"GEN24_24061","Before","United States of America",1
"GEN24_24064","Before","Australia",15
"GEN24_24073","After","Fiji",7
"GEN24_24073","After","United States of America",2
"GEN24_24092","Before","Australia",6
"GEN24_24093","After","Australia",60
"GEN24_24093","Before","Australia",7
"GEN24_24093","Before","Germany",1
"GEN24_24100","Before","Thailand",1
"GEN24_24126","Before","United Arab Emirates",1
"GEN24_24131","After","Australia",21
"GEN24_24150","After","Australia",1
"GEN24_24150","After","England",4
"GEN24_24150","After","France",4
"GEN24_24150","After","Japan",8
"GEN24_24151","After","Australia",1
"GEN24_24151","Before","Australia",3
"GEN24_24176","After","Australia",1
"GEN24_24176","Before","Australia",25
"GEN24_24179","After","Australia",3
"GEN24_24179","Before","Australia",60
"GEN24_24189","After","Australia",1
"GEN24_24197","After","Australia",40
"GEN24_24213","After","Australia",4
"GEN24_24250","Before","Australia",19
"GEN24_24251","After","Australia",5
"GEN24_24275","After","Australia",1
"GEN24_24275","Before","Australia",1
"GEN24_24284","After","Australia",2
"GEN24_24284","Before","Australia",42
"GEN24_24285","After","Australia",5
"GEN24_24291","After","Australia",8
"GEN24_24291","Before","Australia",7
"GEN24_24330","Before","Singapore",4
"GEN24_24388","After","Fiji",3
"GEN24_24409","After","Australia",2
"GEN24_24416","Before","Australia",3
"GEN24_24422","Before","Australia",2
"GEN24_24430","After","Singapore",1
"GEN24_24430","Before","Germany",1
"GEN24_24436","After","Singapore",2
"GEN24_24436","Before","Australia",4
"GEN24_24445","After","South Africa",1
"GEN24_24445","Before","Australia",3
"GEN24_24464","After","Singapore",1
"GEN24_24464","Before","Bahrain",1
"GEN24_24464","Before","Indonesia",1
"GEN24_24464","Before","Malaysia",1
"GEN24_24464","Before","Singapore",1
"GEN24_24468","After","Singapore",3
"GEN24_24468","Before","Viet Nam",30
"GEN24_24482","After","Fiji",9
"GEN24_24485","After","Malaysia",3
"GEN24_24485","Before","Australia",15
"GEN24_24485","Before","Singapore",1
"GEN24_24489","After","Singapore",1
"GEN24_24505","Before","Australia",11
"GEN24_24509","After","Singapore",4
"GEN24_24509","Before","Australia",14
"GEN24_24509","Before","Malaysia",6
"GEN24_24509","Before","Singapore",2
"GEN24_24512","After","Singapore",3
"GEN24_24512","Before","Australia",10
"GEN24_24516","Before","Australia",21
"GEN24_24516","Before","Singapore",2
"GEN24_24605","After","Australia",6
"GEN24_24605","Before","Australia",10
"GEN24_24616","After","Australia",10
"GEN24_24629","After","Australia",20
"GEN24_24629","Before","Australia",90
"GEN24_24636","Before","Thailand",3
"GEN24_24641","Before","Australia",1
"GEN24_24649","After","Fiji",14
"GEN24_24654","After","Australia",23
"GEN24_24659","After","Canada",1
"GEN24_24659","Before","Singapore",3
"GEN24_24748","After","Australia",3
"GEN24_24764","After","Singapore",4
"GEN24_24764","Before","Philippines",17
"GEN24_24764","Before","Thailand",21
"GEN24_24767","After","Singapore",2
"GEN24_24767","Before","Australia",4
"GEN24_24814","After","Singapore",1
"GEN24_24814","Before","Singapore",1
"GEN24_24822","Before","Australia",12
"GEN24_24850","Before","Singapore",2
"GEN24_24856","Before","Singapore",2
"GEN24_24857","Before","Singapore",2
"GEN24_24865","Before","United States of America",4
"GEN24_24867","After","Fiji",4
"GEN24_24870","After","Fiji",7
"GEN24_24870","After","Japan",30
"GEN24_24873","After","Fiji",3
"GEN24_24873","Before","Australia",15
"GEN24_24874","After","Australia",21
"GEN24_24874","Before","Australia",99
"GEN24_24876","After","Australia",7
"GEN24_24876","Before","Australia",1
"GEN24_24878","Before","Australia",14
"GEN24_24883","After","Australia",9
"GEN24_24883","Before","Australia",7
"GEN24_24905","After","Indonesia",30
"GEN24_24905","Before","Indonesia",60
"GEN24_24907","After","Australia",7
"GEN24_24907","Before","Fiji",10
"GEN24_24907","Before","Palau",10
"GEN24_24907","Before","Singapore",14
"GEN24_24907","Before","Tonga",10
"GEN24_24964","After","Netherlands",1
"GEN24_24964","Before","Netherlands",1
"GEN24_24966","Before","Australia",9
"GEN24_25030","Before","Hong Kong (Special Administrative Region)",7
"GEN24_25030","Before","Japan",6
"GEN24_25040","After","Singapore",2
"GEN24_25040","Before","Australia",1
"GEN24_25040","Before","Indonesia",13
"GEN24_25040","Before","United Arab Emirates",1
"GEN24_25067","After","Fiji",7
"GEN24_25092","Before","Australia",3
"GEN24_25092","Before","Japan",16
"GEN24_25097","After","Singapore",1
"GEN24_25113","Before","United States of America",99
"GEN24_25150","Before","Australia",4
"GEN24_25220","After","Australia",40
"GEN24_25220","Before","Indonesia",40
"GEN24_25220","Before","Kenya",40
"GEN24_25220","Before","Thailand",40
"GEN24_25259","After","Malaysia",2
"GEN24_25259","Before","Thailand",2
"GEN24_25262","After","Singapore",2
"GEN24_25325","Before","Australia",50
"GEN24_25325","Before","Japan",65
"GEN24_25372","After","Australia",7
"GEN24_25372","Before","Thailand",7
"GEN24_25384","After","Australia",1
"GEN24_25384","Before","Australia",10
"GEN24_25391","Before","Australia",30
"GEN24_25411","Before","Australia",3
"GEN24_25483","Before","Fiji",11
"GEN24_25483","Before","Samoa",12
"GEN24_25483","Before","Vanuatu",13
"GEN24_25497","After","China, People's Republic of",1
"GEN24_25567","Before","Australia",9
"GEN24_25590","After","Australia",3
"GEN24_25685","Before","Japan",13
"GEN24_25686","After","China, People's Republic of",1
"GEN24_25764","Before","Australia",20
"GEN24_25764","Before","Netherlands",4
"GEN24_25803","After","Australia",30
"GEN24_25803","Before","Australia",30
"GEN24_25809","Before","Japan",7
"GEN24_25827","After","Australia",4
"GEN24_25827","Before","Australia",10
"GEN24_25835","After","Singapore",3
"GEN24_25835","Before","United States of America",3
"GEN24_25865","Before","Australia",5
"GEN24_25898","Before","Egypt",4
"GEN24_25898","Before","England",2
"GEN24_25898","Before","India",5
"GEN24_25898","Before","Japan",5
"GEN24_25942","After","Fiji",3
"GEN24_25956","After","Australia",99
"GEN24_25956","Before","Australia",99
"GEN24_25964","After","Australia",7
"GEN24_25964","Before","Australia",5
"GEN24_25986","After","Australia",5
"GEN24_25986","Before","Australia",5
"GEN24_25997","After","Australia",14
"GEN24_26037","After","Australia",1
"GEN24_26037","Before","Australia",1
"GEN24_26061","After","Singapore",3
"GEN24_26061","After","Thailand",21
"GEN24_26061","Before","Australia",21
"GEN24_26080","After","United Arab Emirates",3
"GEN24_26104","After","Singapore",1
"GEN24_26104","Before","Singapore",1
"GEN24_26118","After","Australia",1
"GEN24_26118","Before","Australia",1
"GEN24_26163","After","Singapore",2
"GEN24_26163","After","Thailand",11
"GEN24_26163","Before","Australia",2
"GEN24_26177","Before","Australia",2
"GEN24_26196","After","Singapore",4
"GEN24_26255","Before","Australia",9
"GEN24_26255","Before","England",10
"GEN24_26255","Before","Japan",15
"GEN24_26255","Before","Korea, Republic of",5
"GEN24_26256","Before","Singapore",3
"GEN24_26418","Before","Australia",9
"GEN24_26450","After","United States of America",1
"GEN24_26450","Before","Philippines",10
"GEN24_26457","Before","Australia",4
"GEN24_26504","Before","Germany",1
"GEN24_26508","After","Fiji",8
"GEN24_26552","After","Fiji",1
"GEN24_26552","After","Samoa",2
"GEN24_26569","Before","Singapore",3
"GEN24_26580","Before","Australia",1
"GEN24_26581","After","Australia",1
"GEN24_26581","Before","Australia",3
"GEN24_26658","After","Australia",20
"GEN24_26658","Before","Viet Nam",4
"GEN24_26743","After","Australia",2
"GEN24_26743","After","Thailand",14
"GEN24_26743","Before","Australia",35
"GEN24_26743","Before","Malaysia",1
"GEN24_26771","After","Singapore",3
"GEN24_26785","After","Philippines",29
"GEN24_26785","Before","Australia",9
"GEN24_26831","After","Singapore",4
"GEN24_26841","After","Malaysia",5
"GEN24_26841","After","Singapore",2
"GEN24_26858","Before","Australia",3
"GEN24_26858","Before","Singapore",3
"GEN24_26885","After","Fiji",10
"GEN24_26885","Before","China, People's Republic of",1
"GEN24_26891","After","Singapore",2
"GEN24_26891","Before","Australia",21
"GEN24_26902","Before","Australia",9
"GEN24_26902","Before","England",10
"GEN24_26924","After","Australia",7
"GEN24_26924","Before","Australia",7
"GEN24_26970","After","China, People's Republic of",1
"GEN24_26970","Before","China, People's Republic of",1
"GEN24_26983","Before","Scotland",10
"GEN24_27024","Before","Australia",18
"GEN24_27053","Before","Australia",6
"GEN24_27053","Before","Indonesia",5
"GEN24_27053","Before","Malaysia",3
"GEN24_27053","Before","Nepal",5
"GEN24_27087","After","Australia",9
"GEN24_27110","Before","Fiji",4
"GEN24_27131","After","Australia",3
"GEN24_27131","Before","Australia",7
"GEN24_27131","Before","Thailand",11
"GEN24_27132","After","Australia",14
"GEN24_27132","After","Fiji",21
"GEN24_27159","After","Singapore",1
"GEN24_27159","Before","Singapore",14
"GEN24_27186","After","Hong Kong (Special Administrative Region)",3
"GEN24_27186","Before","Hong Kong (Special Administrative Region)",3
"GEN24_27188","After","Australia",5
"GEN24_27188","Before","Australia",5
"GEN24_27198","Before","Australia",1
"GEN24_27206","After","Australia",20
"GEN24_27260","After","Fiji",15
"GEN24_27260","After","Indonesia",15
"GEN24_27260","Before","Australia",90
"GEN24_27314","After","Singapore",99
"GEN24_27314","Before","Singapore",99
"GEN24_27315","After","Samoa",4
"GEN24_27315","Before","Australia",67
"GEN24_27315","Before","Indonesia",33
"GEN24_27315","Before","Korea, Republic of",41
"GEN24_27315","Before","Taiwan",35
"GEN24_27315","Before","Timor-Leste",2
"GEN24_27319","Before","Australia",2
"GEN24_27327","After","Fiji",2
"GEN24_27327","Before","Fiji",12
"GEN24_27339","After","Australia",4
"GEN24_27404","After","Australia",7
"GEN24_27404","After","Canada",30
"GEN24_27404","After","Czech Republic",15
"GEN24_27404","After","United States of America",30
"GEN24_27404","Before","England",12
"GEN24_27404","Before","India",10
"GEN24_27404","Before","Thailand",7
"GEN24_27416","After","Singapore",4
"GEN24_27434","After","Tonga",21
"GEN24_27458","After","Australia",4
"GEN24_27478","Before","Australia",21
"GEN24_27484","After","Australia",1
"GEN24_27486","After","Fiji",7
"GEN24_27486","Before","Australia",45
"GEN24_27496","Before","Australia",25
"GEN24_27496","Before","Cambodia",8
"GEN24_27496","Before","Thailand",31
"GEN24_27496","Before","Viet Nam",31
"GEN24_27511","Before","Cambodia",7
"GEN24_27511","Before","Laos",10
"GEN24_27511","Before","Malaysia",5
"GEN24_27511","Before","Thailand",42
"GEN24_27528","Before","United States of America",8
"GEN24_27588","Before","Australia",45
"GEN24_27610","Before","Australia",13
"GEN24_27613","Before","Australia",5
"GEN24_27621","Before","French Polynesia",23
"GEN24_27650","After","Australia",9
"GEN24_27782","After","Australia",3
"GEN24_27800","Before","Australia",22
"GEN24_27809","Before","Australia",3
"GEN24_27817","Before","Bahrain",6
"GEN24_27817","Before","Bulgaria",4
"GEN24_27817","Before","Saudi Arabia",6
"GEN24_27817","Before","Turkey",4
"GEN24_27843","After","Australia",6
"GEN24_27843","Before","French Polynesia",10
"GEN24_27925","After","Singapore",3
"GEN24_27968","After","Australia",50
"GEN24_28034","Before","Australia",5
"GEN24_28034","Before","Taiwan",5
"GEN24_28039","After","Singapore",4
"GEN24_28039","Before","French Polynesia",13
"GEN24_28039","Before","United States of America",4
"GEN24_28065","After","Singapore",2
"GEN24_28065","Before","Hong Kong (Special Administrative Region)",2
"GEN24_28066","Before","United States of America",15
"GEN24_28072","After","Fiji",2
"GEN24_28147","After","Australia",55
"GEN24_28147","Before","United States of America",22
"GEN24_28150","After","Australia",4
"GEN24_28153","After","Australia",4
"GEN24_28222","After","Australia",10
"GEN24_28228","After","Australia",1
"GEN24_28228","Before","Australia",1
"GEN24_28232","Before","Japan",20
"GEN24_28245","After","Korea, Republic of",1
"GEN24_28247","Before","England",8
"GEN24_28261","Before","Singapore",1
"GEN24_28330","After","Australia",1
"GEN24_28400","After","Niue",7
"GEN24_28400","Before","Australia",30
"GEN24_28419","After","Japan",5
"GEN24_28419","After","Philippines",4
"GEN24_28423","Before","Fiji",1
"GEN24_28425","After","Fiji",4
"GEN24_28493","After","Australia",5
"GEN24_28493","Before","Australia",2
"GEN24_28502","After","Australia",10
"GEN24_28514","Before","Australia",10
"GEN24_28529","After","Fiji",6
"GEN24_28561","After","Singapore",5
"GEN24_28563","After","Singapore",3
"GEN24_28563","Before","Australia",10
"GEN24_28566","Before","Singapore",3
"GEN24_28614","Before","Australia",1
"GEN24_28702","After","Australia",30
"GEN24_28702","Before","Australia",20
"GEN24_28703","After","Australia",4
"GEN24_28703","Before","Australia",14
"GEN24_28707","Before","Australia",8
"GEN24_28722","After","Australia",8
"GEN24_28743","After","Malaysia",4
"GEN24_28743","Before","Australia",3
"GEN24_28750","Before","Japan",3
"GEN24_28755","After","Singapore",3
"GEN24_28755","Before","Australia",28
"GEN24_28760","After","Australia",2
"GEN24_28761","After","Fiji",5
"GEN24_28761","Before","Portugal",7
"GEN24_28763","After","Fiji",8
"GEN24_28763","After","Hong Kong (Special Administrative Region)",4
"GEN24_28763","Before","Singapore",4
"GEN24_28769","After","Australia",27
"GEN24_28769","After","Malaysia",7
"GEN24_28769","After","Philippines",30
"GEN24_28769","After","Sri Lanka",21
"GEN24_28769","Before","Australia",40
"GEN24_28772","After","Singapore",1
"GEN24_28772","Before","Singapore",2
"GEN24_28774","After","Korea, Republic of",1
"GEN24_28774","Before","Korea, Republic of",2
"GEN24_28793","After","Singapore",1
"GEN24_28821","After","Australia",3
"GEN24_28903","Before","Australia",1
"GEN24_28907","After","Australia",3
"GEN24_28945","Before","Singapore",1
"GEN24_28956","Before","Australia",6
"GEN24_28960","After","Australia",2
"GEN24_29022","After","Australia",7
"GEN24_29022","Before","Australia",7
"GEN24_29026","After","Australia",4
"GEN24_29026","Before","Australia",5
"GEN24_29035","After","Australia",1
"GEN24_29038","After","Australia",6
"GEN24_29038","After","Thailand",30
"GEN24_29038","Before","Argentina",15
"GEN24_29038","Before","Brazil",19
"GEN24_29038","Before","Ecuador",21
"GEN24_29038","Before","Peru",18
"GEN24_29041","After","Australia",12
"GEN24_29049","After","United Arab Emirates",2
"GEN24_29049","Before","Australia",14
"GEN24_29063","After","Australia",1
"GEN24_29063","Before","Australia",3
"GEN24_29065","After","Australia",5
"GEN24_29072","After","Australia",3
"GEN24_29072","Before","Australia",3
"GEN24_29131","Before","Japan",3
"GEN24_29149","Before","Indonesia",26
"GEN24_29149","Before","Malaysia",15
"GEN24_29149","Before","Singapore",3
"GEN24_29149","Before","Thailand",19
"GEN24_29157","After","Fiji",14
"GEN24_29170","Before","United States of America",4
"GEN24_29176","After","Singapore",1
"GEN24_29176","Before","Singapore",1
"GEN24_29217","After","Singapore",3
"GEN24_29217","After","Thailand",16
"GEN24_29217","Before","Australia",30
"GEN24_29275","After","Hong Kong (Special Administrative Region)",5
"GEN24_29275","After","Netherlands",2
"GEN24_29275","Before","Korea, Republic of",3
"GEN24_29286","After","Australia",7
"GEN24_29295","Before","Australia",40
"GEN24_29295","Before","Indonesia",21
"GEN24_29295","Before","Singapore",3
"GEN24_29295","Before","Thailand",21
"GEN24_29309","After","Fiji",4
"GEN24_29318","After","Australia",5
"GEN24_29342","After","Australia",30
"GEN24_29342","Before","Australia",30
"GEN24_29360","After","Korea, Republic of",3
"GEN24_29360","Before","Japan",2
"GEN24_29389","Before","French Polynesia",7
"GEN24_29394","After","Singapore",2
"GEN24_29394","Before","Australia",40
"GEN24_29404","After","Malaysia",7
"GEN24_29404","After","Turkey",1
"GEN24_29406","After","Australia",6
"GEN24_29406","Before","Australia",6
"GEN24_29414","After","Singapore",1
"GEN24_29414","Before","Singapore",2
"GEN24_29447","Before","Australia",10
"GEN24_29483","After","Fiji",3
"GEN24_29483","Before","Australia",5
"GEN24_29483","Before","Thailand",3
"GEN24_29485","Before","China, People's Republic of",1
"GEN24_29493","After","Singapore",6
"GEN24_29497","After","Australia",9
"GEN24_29507","After","Australia",4
"GEN24_29542","Before","Australia",1
"GEN24_29555","Before","Australia",8
"GEN24_29563","Before","Japan",99
"GEN24_29565","Before","Australia",11
"GEN24_29565","Before","Japan",3
"GEN24_29566","After","Singapore",1
"GEN24_29581","Before","Viet Nam",11
"GEN24_29605","After","Singapore",1
"GEN24_29605","Before","Singapore",2
"GEN24_29625","After","Cambodia",14
"GEN24_29625","After","Laos",14
"GEN24_29625","After","Thailand",30
"GEN24_29625","After","Viet Nam",45
"GEN24_29625","Before","Australia",45
"GEN24_29625","Before","Fiji",14
"GEN24_29625","Before","Korea, Republic of",14
"GEN24_29625","Before","Taiwan",21
"GEN24_29642","After","Singapore",2
"GEN24_29642","Before","Singapore",1
"GEN24_29658","After","Italy",5
"GEN24_29658","Before","Belgium",3
"GEN24_29686","After","Fiji",5
"GEN24_29697","After","Singapore",3
"GEN24_29697","Before","Viet Nam",3
"GEN24_29718","After","Singapore",1
"GEN24_29718","Before","Singapore",1
"GEN24_29749","After","Thailand",13
"GEN24_29749","Before","Japan",30
"GEN24_29749","Before","Korea, Republic of",14
"GEN24_29749","Before","Singapore",3
"GEN24_29765","After","Singapore",3
"GEN24_29772","After","Singapore",1
"GEN24_29772","Before","Singapore",1
"GEN24_29776","After","Australia",6
"GEN24_29823","After","Fiji",9
"GEN24_29823","Before","China, People's Republic of",1
"GEN24_29827","After","Thailand",10
"GEN24_29827","Before","Australia",7
"GEN24_29840","Before","Taiwan",1
"GEN24_29869","Before","French Polynesia",7
"GEN24_29875","After","Australia",7
"GEN24_29875","Before","Australia",7
"GEN24_29886","After","Australia",2
"GEN24_29907","After","Bolivia",25
"GEN24_29907","After","Fiji",6
"GEN24_29907","After","French Polynesia",30
"GEN24_29907","After","Peru",20
"GEN24_29907","Before","Australia",99
"GEN24_29907","Before","Indonesia",30
"GEN24_29907","Before","Japan",7
"GEN24_29907","Before","Philippines",30
"GEN24_29918","After","Singapore",3
"GEN24_29933","After","Australia",12
"GEN24_29964","Before","Australia",2
"GEN24_29982","Before","Australia",3
"GEN24_29983","After","Singapore",1
"GEN24_29983","Before","Singapore",1
"GEN24_30003","Before","Singapore",1
"GEN24_30026","After","Australia",3
"GEN24_30026","Before","Philippines",5
"GEN24_30040","After","Australia",1
"GEN24_30040","Before","Australia",7
"GEN24_30060","After","Singapore",4
"GEN24_30060","Before","Australia",28
"GEN24_30060","Before","Fiji",5
"GEN24_30065","Before","Japan",5
"GEN24_30070","After","Singapore",1
"GEN24_30070","Before","Singapore",4
"GEN24_30088","Before","Australia",2
"GEN24_30091","After","Singapore",5
"GEN24_30091","After","Thailand",20
"GEN24_30091","Before","Hong Kong (Special Administrative Region)",1
"GEN24_30091","Before","Taiwan",6
"GEN24_30099","After","Taiwan",1
"GEN24_30099","Before","Australia",1
"GEN24_30130","After","Singapore",2
"GEN24_30152","After","Australia",5
"GEN24_30152","Before","Australia",5
"GEN24_30184","After","Australia",5
"GEN24_30204","Before","Fiji",5
"GEN24_30228","After","Australia",15
"GEN24_30228","After","Singapore",2
"GEN24_30228","Before","Australia",15
"GEN24_30228","Before","Singapore",2
"GEN24_30266","Before","Viet Nam",5
"GEN24_30269","After","Australia",8
"GEN24_30295","After","Australia",49
"GEN24_30307","Before","France",10
"GEN24_30307","Before","Singapore",2
"GEN24_30307","Before","United States of America",5
"GEN24_30314","After","Australia",20
"GEN24_30314","After","Thailand",14
"GEN24_30314","Before","Australia",80
"GEN24_30319","After","Fiji",5
"GEN24_30334","Before","Singapore",1
"GEN24_30338","After","Australia",7
"GEN24_30338","After","Singapore",5
"GEN24_30338","Before","Australia",30
"GEN24_30338","Before","New Caledonia",30
"GEN24_30352","After","Singapore",1
"GEN24_30405","After","Australia",99
"GEN24_30405","Before","Australia",99
"GEN24_30429","Before","Australia",5
"GEN24_30432","After","Australia",5
"GEN24_30437","After","Hong Kong (Special Administrative Region)",1
"GEN24_30438","After","Australia",4
"GEN24_30439","Before","Australia",90
"GEN24_30478","Before","Australia",25
"GEN24_30489","Before","Singapore",3
"GEN24_30518","Before","Australia",60
"GEN24_30533","After","Australia",12
"GEN24_30533","Before","United Arab Emirates",4
"GEN24_30541","After","Korea, Republic of",3
"GEN24_30541","After","Spain",7
"GEN24_30541","After","Switzerland",2
"GEN24_30550","After","Fiji",5
"GEN24_30638","After","Australia",9
"GEN24_30638","Before","Australia",9
"GEN24_30640","After","Singapore",5
"GEN24_30640","Before","Hong Kong (Special Administrative Region)",5
"GEN24_30646","After","Fiji",5
"GEN24_30646","Before","Australia",2
"GEN24_30655","Before","Australia",9
"GEN24_30661","After","Australia",1
"GEN24_30711","After","Singapore",2
"GEN24_30711","Before","Singapore",2
"GEN24_30720","After","Australia",20
"GEN24_30720","Before","Australia",20
"GEN24_30721","After","United States of America",1
"GEN24_30721","Before","Australia",50
"GEN24_30740","After","Australia",1
"GEN24_30740","Before","Australia",35
"GEN24_30777","After","Singapore",2
"GEN24_30777","Before","Australia",7
"GEN24_30783","Before","Australia",1
"GEN24_30787","After","Australia",99
"GEN24_30787","After","Kiribati",3
"GEN24_30787","After","Tonga",3
"GEN24_30787","After","Tuvalu",2
"GEN24_30796","After","Singapore",2
"GEN24_30796","Before","Indonesia",15
"GEN24_30803","After","Australia",12
"GEN24_30803","After","Cook Islands",5
"GEN24_30803","After","United States of America",5
"GEN24_30803","Before","United States of America",5
"GEN24_30805","Before","Australia",26
"GEN24_30805","Before","Singapore",3
"GEN24_30922","After","Malaysia",99
"GEN24_30922","Before","Australia",10
"GEN24_30923","After","England",45
"GEN24_30923","Before","Australia",17
"GEN24_30923","Before","Thailand",21
"GEN24_30923","Before","Viet Nam",14
"GEN24_30965","After","Malaysia",5
"GEN24_30965","After","Thailand",14
"GEN24_31022","After","Netherlands",7
"GEN24_31047","After","Thailand",6
"GEN24_31065","After","Australia",5
"GEN24_31077","After","Australia",1
"GEN24_31077","Before","Indonesia",5
"GEN24_31086","After","Singapore",1
"GEN24_31086","Before","Australia",3
"GEN24_31153","Before","Australia",52
"GEN24_31154","After","Australia",3
"GEN24_31167","Before","Australia",60
"GEN24_31210","After","Fiji",5
"GEN24_31210","Before","Australia",32
"GEN24_31241","Before","Malaysia",2
"GEN24_31268","After","Singapore",2
"GEN24_31321","After","China, People's Republic of",10
"GEN24_31344","After","Malaysia",14
"GEN24_31385","Before","Australia",2
"GEN24_31468","After","Australia",6
"GEN24_31468","After","United Arab Emirates",4
"GEN24_31476","Before","Australia",3
"GEN24_31482","Before","Cook Islands",7
"GEN24_31515","After","Indonesia",4
"GEN24_31522","Before","Cambodia",15
"GEN24_31522","Before","Sri Lanka",14
"GEN24_31522","Before","Thailand",18
"GEN24_31522","Before","Viet Nam",28
"GEN24_31573","After","Australia",6
"GEN24_31573","Before","Australia",5
"GEN24_31576","After","Australia",1
"GEN24_31576","Before","Australia",1
"GEN24_31581","After","Australia",10
"GEN24_31581","Before","Australia",10
"GEN24_31596","Before","Australia",70
"GEN24_31670","Before","Australia",9
"GEN24_31716","After","Japan",3
"GEN24_31716","Before","Australia",10
"GEN24_31730","After","Australia",33
"GEN24_31730","Before","Australia",88
"GEN24_31775","After","Australia",1
"GEN24_31794","After","Australia",2
"GEN24_31794","Before","Australia",8
"GEN24_31854","Before","Australia",25
"GEN24_31854","Before","China, People's Republic of",6
"GEN24_31854","Before","Japan",14
"GEN24_31854","Before","Korea, Republic of",5
"GEN24_31886","Before","Australia",2
"GEN24_31945","After","Australia",1
"GEN24_31945","Before","Australia",1
"GEN24_31980","After","Maldives",8
"GEN24_31992","After","Australia",8
"GEN24_31992","After","Singapore",5
"GEN24_31992","Before","Fiji",4
"GEN24_32005","After","Singapore",3
"GEN24_32005","Before","Australia",3
"GEN24_32008","After","Australia",10
"GEN24_32027","Before","Australia",1
"GEN24_32058","Before","Australia",99
"GEN24_32074","After","China, People's Republic of",1
"GEN24_32109","After","Australia",10
"GEN24_32114","After","Japan",9
"GEN24_32114","After","Korea, Republic of",7
"GEN24_32124","After","Australia",1
"GEN24_32124","Before","Australia",6
"GEN24_32135","After","Germany",25
"GEN24_32135","Before","Czech Republic",30
"GEN24_32163","After","Australia",2
"GEN24_32163","After","Singapore",2
"GEN24_32163","Before","Australia",15
"GEN24_32163","Before","Singapore",6
"GEN24_32167","Before","China, People's Republic of",1
"GEN24_32189","Before","England",3
"GEN24_32189","Before","France",3
"GEN24_32189","Before","Japan",5
"GEN24_32191","After","England",6
"GEN24_32191","Before","England",1
"GEN24_32191","Before","Portugal",17
"GEN24_32332","After","Singapore",1
"GEN24_32332","Before","Singapore",1
"GEN24_32344","Before","Brunei Darussalam",4
"GEN24_32344","Before","China, People's Republic of",8
"GEN24_32344","Before","Egypt",9
"GEN24_32344","Before","Japan",8
"GEN24_32452","After","French Polynesia",4
"GEN24_32551","Before","Taiwan",2
"GEN24_32841","After","Australia",3
"GEN24_32867","After","Japan",2
"GEN24_32867","Before","Japan",2
"GEN24_32874","Before","Laos",8
"GEN24_32874","Before","Thailand",9
"GEN24_32874","Before","Viet Nam",23
"GEN24_33078","After","Singapore",1
"Gen2_10077","Before","Australia",3
"Gen2_10081","Before","Australia",4
"Gen2_10081","Before","Fiji",5
"Gen2_10081","Before","United States of America",4
"Gen2_10081","Before","Vanuatu",5
"Gen2_10085","Before","Australia",3
"Gen2_102","Before","Singapore",2
"Gen2_10216","Before","Australia",21
"Gen2_10232","After","Australia",10
"Gen2_10232","Before","Australia",30
"Gen2_10232","Before","Indonesia",30
"Gen2_10249","Before","Australia",10
"Gen2_10258","After","Japan",1
"Gen2_10258","Before","Japan",1
"Gen2_10281","After","Korea, Republic of",1
"Gen2_10307","After","Qatar",1
"Gen2_10336","Before","Australia",12
"Gen2_10479","Before","Australia",2
"Gen2_10504","Before","Australia",4
"Gen2_10504","Before","Poland",7
"Gen2_10504","Before","United States of America",5
"Gen2_10511","After","Hong Kong (Special Administrative Region)",1
"Gen2_10511","Before","China, People's Republic of",10
"Gen2_10553","After","Australia",8
"Gen2_10558","Before","Australia",6
"Gen2_10558","Before","Fiji",7
"Gen2_10560","After","China, People's Republic of",2
"Gen2_10560","Before","China, People's Republic of",15
"Gen2_10603","Before","Australia",5
"Gen2_10615","After","Hong Kong (Special Administrative Region)",1
"Gen2_10615","Before","Hong Kong (Special Administrative Region)",1
"Gen2_10624","Before","Australia",60
"Gen2_10662","Before","Bosnia and Herzegovina",3
"Gen2_10662","Before","Italy",20
"Gen2_10662","Before","Japan",7
"Gen2_10662","Before","Singapore",2
"Gen2_10662","Before","Thailand",9
"Gen2_10669","After","Australia",14
"Gen2_10725","Before","Samoa",10
"Gen2_10750","Before","Cook Islands",4
"Gen2_10763","Before","French Polynesia",8
"Gen2_10851","Before","Australia",14
"Gen2_10876","Before","Australia",10
"Gen2_10880","After","Australia",14
"Gen2_10911","Before","Japan",5
"Gen2_10911","Before","Korea, Republic of",5
"Gen2_10911","Before","Thailand",7
"Gen2_10913","Before","Australia",90
"Gen2_10958","Before","Australia",1
"Gen2_11049","Before","Canada",70
"Gen2_11049","Before","United States of America",70
"Gen2_11091","After","Australia",9
"Gen2_11102","After","Australia",1
"Gen2_11102","Before","Australia",10
"Gen2_11122","After","Canada",2
"Gen2_11122","Before","Fiji",2
"Gen2_11122","Before","Kiribati",7
"Gen2_11122","Before","Samoa",3
"Gen2_11122","Before","Singapore",3
"Gen2_11167","After","Qatar",1
"Gen2_11217","Before","Australia",7
"Gen2_11224","Before","United States of America",10
"Gen2_11231","Before","Cook Islands",6
"Gen2_11231","Before","Fiji",1
"Gen2_11231","Before","French Polynesia",8
"Gen2_11245","After","China, People's Republic of",1
"Gen2_11245","Before","China, People's Republic of",1
"Gen2_11257","After","Singapore",3
"Gen2_11257","Before","Canada",5
"Gen2_11348","After","United States of America",14
"Gen2_11348","Before","United States of America",7
"Gen2_11359","After","Thailand",3
"Gen2_11387","Before","French Polynesia",70
"Gen2_11421","After","Australia",6
"Gen2_11421","Before","Australia",14
"Gen2_11421","Before","South Africa",8
"Gen2_11534","After","Germany",6
"Gen2_11534","Before","France",3
"Gen2_11534","Before","Iceland",12
"Gen2_11539","Before","Taiwan",7
"Gen2_11554","Before","Australia",14
"Gen2_11554","Before","Czech Republic",14
"Gen2_11554","Before","England",14
"Gen2_11554","Before","Finland",10
"Gen2_11554","Before","Japan",14
"Gen2_11592","Before","Singapore",5
"Gen2_11601","After","Australia",7
"Gen2_11601","Before","Australia",10
"Gen2_11645","After","Australia",10
"Gen2_11645","After","Thailand",30
"Gen2_11645","After","Viet Nam",30
"Gen2_11649","Before","Germany",1
"Gen2_11649","Before","Indonesia",14
"Gen2_11659","Before","Australia",41
"Gen2_11672","After","Australia",10
"Gen2_11678","Before","Australia",6
"Gen2_11680","Before","Korea, Republic of",6
"Gen2_11735","Before","Canada",21
"Gen2_11735","Before","United States of America",7
"Gen2_11742","After","Qatar",2
"Gen2_11742","Before","France",7
"Gen2_11742","Before","Sri Lanka",5
"Gen2_11760","Before","Singapore",90
"Gen2_11761","After","China, People's Republic of",2
"Gen2_11761","Before","China, People's Republic of",3
"Gen2_11796","After","Thailand",10
"Gen2_11886","Before","French Polynesia",1
"Gen2_11886","Before","Singapore",3
"Gen2_11886","Before","Viet Nam",15
"Gen2_11888","Before","Australia",6
"Gen2_11898","After","Australia",9
"Gen2_11898","Before","Australia",9
"Gen2_11908","After","China, People's Republic of",10
"Gen2_11908","Before","China, People's Republic of",10
"Gen2_11909","Before","France",5
"Gen2_11909","Before","Japan",5
"Gen2_11927","After","Japan",12
"Gen2_11927","Before","Australia",90
"Gen2_11939","After","Singapore",2
"Gen2_11939","Before","Singapore",2
"Gen2_11979","Before","Fiji",5
"Gen2_11979","Before","French Polynesia",8
"Gen2_11979","Before","Samoa",8
"Gen2_11979","Before","Vanuatu",5
"Gen2_11990","Before","Thailand",6
"Gen2_12045","After","Australia",7
"Gen2_12045","Before","Qatar",2
"Gen2_1299","After","Australia",60
"Gen2_1355","After","Australia",1
"Gen2_1355","Before","Australia",12
"Gen2_1693","After","Singapore",1
"Gen2_1693","Before","Australia",1
"Gen2_1699","After","Australia",14
"Gen2_1699","After","Ireland",35
"Gen2_1776","After","Singapore",1
"Gen2_269","After","United States of America",10
"Gen2_45","After","Australia",1
"Gen2_45","Before","Australia",1
