"response_id","reasons_for_travel_secondary"
"GEN24_1000426","No other reason"
"GEN24_1000430","Holiday / vacation"
"GEN24_1000442","No other reason"
"GEN24_1000443","No other reason"
"GEN24_1000446","No other reason"
"GEN24_1000447","No other reason"
"GEN24_1000456","No other reason"
"GEN24_1000460","No other reason"
"GEN24_1000468","No other reason"
"GEN24_1000472","No other reason"
"GEN24_1000474","VFR"
"GEN24_1000476","Holiday / vacation"
"GEN24_1000481","Holiday / vacation"
"GEN24_1000484","Holiday / vacation"
"GEN24_1000484","Other"
"GEN24_1000485","Holiday / vacation"
"GEN24_1000488","Business"
"GEN24_1000488","Education"
"GEN24_1000488","Holiday / vacation"
"GEN24_1000497","Holiday / vacation"
"GEN24_1000498","No other reason"
"GEN24_1000502","Holiday / vacation"
"GEN24_1000508","No other reason"
"GEN24_1000510","No other reason"
"GEN24_1000511","Holiday / vacation"
"GEN24_1000512","Other"
"GEN24_1000514","No other reason"
"GEN24_1000518","Holiday / vacation"
"GEN24_1000521","Holiday / vacation"
"GEN24_1000522","Holiday / vacation"
"GEN24_1000522","Other"
"GEN24_1000523","Holiday / vacation"
"GEN24_1000524","No other reason"
"GEN24_1000528","VFR"
"GEN24_1000530","No other reason"
"GEN24_1000534","No other reason"
"GEN24_1000535","No other reason"
"GEN24_1000536","No other reason"
"GEN24_1000538","No other reason"
"GEN24_1000539","No other reason"
"GEN24_1000540","Holiday / vacation"
"GEN24_1000542","Holiday / vacation"
"GEN24_1000543","No other reason"
"GEN24_1000549","Holiday / vacation"
"GEN24_1000558","No other reason"
"GEN24_1000566","No other reason"
"GEN24_1000571","No other reason"
"GEN24_1000574","Holiday / vacation"
"GEN24_1000575","No other reason"
"GEN24_1000576","Holiday / vacation"
"GEN24_1000581","VFR"
"GEN24_1000582","Other"
"GEN24_1000589","No other reason"
"GEN24_1000590","No other reason"
"GEN24_1000609","Holiday / vacation"
"GEN24_1000611","No other reason"
"GEN24_1000612","Holiday / vacation"
"GEN24_1000614","No other reason"
"GEN24_1000615","Other"
"GEN24_1000616","No other reason"
"GEN24_1000621","No other reason"
"GEN24_1000622","No other reason"
"GEN24_1000624","No other reason"
"GEN24_1000625","No other reason"
"GEN24_1000626","No other reason"
"GEN24_1000632","No other reason"
"GEN24_1000633","No other reason"
"GEN24_1000637","No other reason"
"GEN24_1000643","No other reason"
"GEN24_1000649","Holiday / vacation"
"GEN24_1000650","No other reason"
"GEN24_1000653","No other reason"
"GEN24_1000655","Holiday / vacation"
"GEN24_1000660","No other reason"
"GEN24_1000662","No other reason"
"GEN24_1000663","Holiday / vacation"
"GEN24_1000664","VFR"
"GEN24_1000665","No other reason"
"GEN24_1000669","Holiday / vacation"
"GEN24_1000671","VFR"
"GEN24_1000672","Holiday / vacation"
"GEN24_1000674","Holiday / vacation"
"GEN24_1000676","Holiday / vacation"
"GEN24_1000677","VFR"
"GEN24_1000678","No other reason"
"GEN24_1000691","No other reason"
"GEN24_1000693","No other reason"
"GEN24_1000695","VFR"
"GEN24_1000697","Holiday / vacation"
"GEN24_1000700","Holiday / vacation"
"GEN24_1000706","Holiday / vacation"
"GEN24_1000708","No other reason"
"GEN24_1000711","No other reason"
"GEN24_1000713","No other reason"
"GEN24_1000718","No other reason"
"GEN24_1000719","No other reason"
"GEN24_1000720","Business"
"GEN24_1000729","VFR"
"GEN24_1000731","Other"
"GEN24_1000736","No other reason"
"GEN24_1000739","No other reason"
"GEN24_1000746","VFR"
"GEN24_1000748","No other reason"
"GEN24_1000760","VFR"
"GEN24_1000766","No other reason"
"GEN24_1000775","Holiday / vacation"
"GEN24_1000778","No other reason"
"GEN24_1000781","No other reason"
"GEN24_1000783","No other reason"
"GEN24_1000788","Holiday / vacation"
"GEN24_1000789","No other reason"
"GEN24_1000790","No other reason"
"GEN24_1000791","Holiday / vacation"
"GEN24_1000792","No other reason"
"GEN24_1000793","No other reason"
"GEN24_1000794","Holiday / vacation"
"GEN24_1000797","Holiday / vacation"
"GEN24_1000804","No other reason"
"GEN24_1000807","No other reason"
"GEN24_1000821","No other reason"
"GEN24_1000823","Holiday / vacation"
"GEN24_1000824","No other reason"
"GEN24_1000826","Holiday / vacation"
"GEN24_1000828","No other reason"
"GEN24_1000829","VFR"
"GEN24_1000837","No other reason"
"GEN24_1000844","No other reason"
"GEN24_1000852","No other reason"
"GEN24_1000853","No other reason"
"GEN24_1000857","Holiday / vacation"
"GEN24_1000864","Other"
"GEN24_1000865","Holiday / vacation"
"GEN24_1000866","Holiday / vacation"
"GEN24_1000868","Holiday / vacation"
"GEN24_1000869","No other reason"
"GEN24_1000870","No other reason"
"GEN24_1000871","No other reason"
"GEN24_1000873","No other reason"
"GEN24_1000877","Holiday / vacation"
"GEN24_1000879","Holiday / vacation"
"GEN24_1000883","Holiday / vacation"
"GEN24_1000884","Holiday / vacation"
"GEN24_1000890","No other reason"
"GEN24_1000900","No other reason"
"GEN24_1000902","Holiday / vacation"
"GEN24_1000904","No other reason"
"GEN24_1000906","No other reason"
"GEN24_1000907","No other reason"
"GEN24_1000916","No other reason"
"GEN24_1000917","No other reason"
"GEN24_1000918","No other reason"
"GEN24_1000921","No other reason"
"GEN24_1000925","No other reason"
"GEN24_1000927","No other reason"
"GEN24_1000928","No other reason"
"GEN24_1000937","No other reason"
"GEN24_1000938","No other reason"
"GEN24_1000945","VFR"
"GEN24_1000948","No other reason"
"GEN24_1000950","No other reason"
"GEN24_1000963","No other reason"
"GEN24_1000964","No other reason"
"GEN24_1000968","No other reason"
"GEN24_1000969","No other reason"
"GEN24_1000970","No other reason"
"GEN24_1000977","No other reason"
"GEN24_1000980","No other reason"
"GEN24_1000982","No other reason"
"GEN24_1000984","Other"
"GEN24_1000986","Other"
"GEN24_1000989","No other reason"
"GEN24_1000991","No other reason"
"GEN24_1000992","No other reason"
"GEN24_1000998","VFR"
"GEN24_1001001","No other reason"
"GEN24_1001003","No other reason"
"GEN24_1001004","Holiday / vacation"
"GEN24_1001009","No other reason"
"GEN24_1001011","No other reason"
"GEN24_1001018","Business"
"GEN24_1001020","Business"
"GEN24_1001021","Holiday / vacation"
"GEN24_1001023","Holiday / vacation"
"GEN24_1001027","No other reason"
"GEN24_1001038","No other reason"
"GEN24_1001040","No other reason"
"GEN24_1001043","Holiday / vacation"
"GEN24_1001047","Holiday / vacation"
"GEN24_1001056","No other reason"
"GEN24_1001059","No other reason"
"GEN24_1001060","VFR"
"GEN24_1001061","VFR"
"GEN24_1001065","No other reason"
"GEN24_1001068","Holiday / vacation"
"GEN24_1001069","No other reason"
"GEN24_1001072","Holiday / vacation"
"GEN24_1001074","No other reason"
"GEN24_1001077","No other reason"
"GEN24_1001079","No other reason"
"GEN24_1001083","VFR"
"GEN24_1001084","No other reason"
"GEN24_1001088","VFR"
"GEN24_1001089","Holiday / vacation"
"GEN24_1001090","Other"
"GEN24_1001094","Holiday / vacation"
"GEN24_1001100","No other reason"
"GEN24_1001102","No other reason"
"GEN24_1001106","VFR"
"GEN24_1001110","No other reason"
"GEN24_1001111","Other"
"GEN24_1001112","No other reason"
"GEN24_1001113","Holiday / vacation"
"GEN24_1001116","Holiday / vacation"
"GEN24_1001119","No other reason"
"GEN24_1001120","No other reason"
"GEN24_1001125","No other reason"
"GEN24_1001130","Holiday / vacation"
"GEN24_1001135","No other reason"
"GEN24_1001139","Holiday / vacation"
"GEN24_1001143","No other reason"
"GEN24_1001148","No other reason"
"GEN24_1001151","No other reason"
"GEN24_1001158","No other reason"
"GEN24_1001160","No other reason"
"GEN24_1001161","No other reason"
"GEN24_1001164","No other reason"
"GEN24_1001168","Holiday / vacation"
"GEN24_1001169","VFR"
"GEN24_1001170","Holiday / vacation"
"GEN24_1001176","Holiday / vacation"
"GEN24_1001178","No other reason"
"GEN24_1001182","No other reason"
"GEN24_1001183","No other reason"
"GEN24_1001187","Other"
"GEN24_1001188","No other reason"
"GEN24_1001191","Holiday / vacation"
"GEN24_1001192","Other"
"GEN24_1001193","No other reason"
"GEN24_1001201","Conference / convention"
"GEN24_1001209","No other reason"
"GEN24_1001218","No other reason"
"GEN24_1001221","No other reason"
"GEN24_1001223","No other reason"
"GEN24_1001226","VFR"
"GEN24_1001228","No other reason"
"GEN24_1001230","No other reason"
"GEN24_1001234","No other reason"
"GEN24_1001235","No other reason"
"GEN24_1001237","No other reason"
"GEN24_1001242","No other reason"
"GEN24_1001245","No other reason"
"GEN24_1001248","No other reason"
"GEN24_1001253","Holiday / vacation"
"GEN24_1001256","Holiday / vacation"
"GEN24_1001257","No other reason"
"GEN24_1001258","No other reason"
"GEN24_1001262","Other"
"GEN24_1001263","No other reason"
"GEN24_1001264","No other reason"
"GEN24_1001267","No other reason"
"GEN24_1001272","No other reason"
"GEN24_1001277","Holiday / vacation"
"GEN24_1001281","No other reason"
"GEN24_1001282","VFR"
"GEN24_1001297","No other reason"
"GEN24_1001313","No other reason"
"GEN24_1001315","No other reason"
"GEN24_1001316","No other reason"
"GEN24_1001317","No other reason"
"GEN24_1001325","No other reason"
"GEN24_1001332","No other reason"
"GEN24_1001336","No other reason"
"GEN24_1001338","Holiday / vacation"
"GEN24_1001350","Holiday / vacation"
"GEN24_1001355","No other reason"
"GEN24_1001360","No other reason"
"GEN24_1001362","No other reason"
"GEN24_1001367","Holiday / vacation"
"GEN24_1001368","Holiday / vacation"
"GEN24_1001370","No other reason"
"GEN24_1001379","Business"
"GEN24_1001385","Holiday / vacation"
"GEN24_1001386","Holiday / vacation"
"GEN24_1001387","Holiday / vacation"
"GEN24_1001388","No other reason"
"GEN24_1001397","No other reason"
"GEN24_1001403","No other reason"
"GEN24_1001406","No other reason"
"GEN24_1001407","No other reason"
"GEN24_1001411","Conference / convention"
"GEN24_1001412","Holiday / vacation"
"GEN24_1001413","Conference / convention"
"GEN24_1001416","VFR"
"GEN24_1001417","No other reason"
"GEN24_1001423","No other reason"
"GEN24_1001428","No other reason"
"GEN24_1001429","No other reason"
"GEN24_1001431","VFR"
"GEN24_1001432","No other reason"
"GEN24_1001433","No other reason"
"GEN24_1001434","Holiday / vacation"
"GEN24_1001440","No other reason"
"GEN24_1001446","Other"
"GEN24_1001447","VFR"
"GEN24_1001450","No other reason"
"GEN24_1001458","No other reason"
"GEN24_1001461","No other reason"
"GEN24_1001465","Holiday / vacation"
"GEN24_1001470","Education"
"GEN24_1001470","VFR"
"GEN24_1001478","No other reason"
"GEN24_1001479","No other reason"
"GEN24_1001481","Holiday / vacation"
"GEN24_1001485","No other reason"
"GEN24_1001488","Holiday / vacation"
"GEN24_1001491","Other"
"GEN24_1001493","Holiday / vacation"
"GEN24_1001496","Holiday / vacation"
"GEN24_1001507","Holiday / vacation"
"GEN24_1001511","Holiday / vacation"
"GEN24_1001514","No other reason"
"GEN24_1001515","Holiday / vacation"
"GEN24_1001519","No other reason"
"GEN24_1001520","No other reason"
"GEN24_1001524","Holiday / vacation"
"GEN24_1001526","Holiday / vacation"
"GEN24_1001527","Holiday / vacation"
"GEN24_1001534","No other reason"
"GEN24_1001540","Holiday / vacation"
"GEN24_1001542","No other reason"
"GEN24_1001543","No other reason"
"GEN24_1001547","Conference / convention"
"GEN24_1001548","No other reason"
"GEN24_1001552","No other reason"
"GEN24_1001557","Holiday / vacation"
"GEN24_1001558","No other reason"
"GEN24_1001560","Holiday / vacation"
"GEN24_1001562","No other reason"
"GEN24_1001566","No other reason"
"GEN24_1001568","Holiday / vacation"
"GEN24_1001569","No other reason"
"GEN24_1001571","No other reason"
"GEN24_1001572","No other reason"
"GEN24_1001579","No other reason"
"GEN24_1001587","No other reason"
"GEN24_1001592","No other reason"
"GEN24_1001595","No other reason"
"GEN24_1001600","No other reason"
"GEN24_1001610","VFR"
"GEN24_1001612","VFR"
"GEN24_1001613","Other"
"GEN24_1001615","No other reason"
"GEN24_1001617","No other reason"
"GEN24_1001622","No other reason"
"GEN24_1001623","No other reason"
"GEN24_1001624","No other reason"
"GEN24_1001637","VFR"
"GEN24_1001641","No other reason"
"GEN24_1001646","Holiday / vacation"
"GEN24_1001651","Holiday / vacation"
"GEN24_1001658","Holiday / vacation"
"GEN24_1001659","No other reason"
"GEN24_1001662","VFR"
"GEN24_1001665","Other"
"GEN24_1001666","No other reason"
"GEN24_1001667","No other reason"
"GEN24_1001669","No other reason"
"GEN24_1001670","No other reason"
"GEN24_1001671","VFR"
"GEN24_1001675","Holiday / vacation"
"GEN24_1001681","Holiday / vacation"
"GEN24_1001683","Holiday / vacation"
"GEN24_1001688","Holiday / vacation"
"GEN24_1001692","Holiday / vacation"
"GEN24_1001693","Other"
"GEN24_1001696","No other reason"
"GEN24_1001697","No other reason"
"GEN24_1001700","No other reason"
"GEN24_1001701","No other reason"
"GEN24_1001702","No other reason"
"GEN24_1001705","No other reason"
"GEN24_1001711","No other reason"
"GEN24_1001717","No other reason"
"GEN24_1001718","No other reason"
"GEN24_1001727","Holiday / vacation"
"GEN24_1001728","Holiday / vacation"
"GEN24_1001733","No other reason"
"GEN24_1001738","No other reason"
"GEN24_1001740","No other reason"
"GEN24_1001742","Holiday / vacation"
"GEN24_1001746","Holiday / vacation"
"GEN24_1001747","Holiday / vacation"
"GEN24_1001749","Holiday / vacation"
"GEN24_1001755","No other reason"
"GEN24_1001757","No other reason"
"GEN24_1001758","Holiday / vacation"
"GEN24_1001760","Other"
"GEN24_1001762","Other"
"GEN24_1001763","No other reason"
"GEN24_1001764","Other"
"GEN24_1001765","Holiday / vacation"
"GEN24_1001766","No other reason"
"GEN24_1001771","Holiday / vacation"
"GEN24_1001773","No other reason"
"GEN24_1001775","Holiday / vacation"
"GEN24_1001779","Holiday / vacation"
"GEN24_1001782","Holiday / vacation"
"GEN24_1001785","Holiday / vacation"
"GEN24_1001790","No other reason"
"GEN24_1001791","No other reason"
"GEN24_1001793","Holiday / vacation"
"GEN24_1001794","No other reason"
"GEN24_1001795","VFR"
"GEN24_1001796","Holiday / vacation"
"GEN24_1001797","No other reason"
"GEN24_1001798","No other reason"
"GEN24_1001803","Other"
"GEN24_1001805","No other reason"
"GEN24_1001806","Holiday / vacation"
"GEN24_1001809","No other reason"
"GEN24_1001810","VFR"
"GEN24_1001811","VFR"
"GEN24_1001813","No other reason"
"GEN24_1001818","No other reason"
"GEN24_1001819","No other reason"
"GEN24_1001822","Holiday / vacation"
"GEN24_1001826","No other reason"
"GEN24_1001832","Holiday / vacation"
"GEN24_1001835","Business"
"GEN24_1001841","VFR"
"GEN24_1001843","Other"
"GEN24_1001844","No other reason"
"GEN24_1001848","Business"
"GEN24_1001851","Holiday / vacation"
"GEN24_1001852","Holiday / vacation"
"GEN24_1001853","VFR"
"GEN24_1001854","No other reason"
"GEN24_1001855","VFR"
"GEN24_1001856","Holiday / vacation"
"GEN24_1001857","VFR"
"GEN24_1001861","No other reason"
"GEN24_1001862","No other reason"
"GEN24_1001864","VFR"
"GEN24_1001865","No other reason"
"GEN24_1001866","No other reason"
"GEN24_1001872","No other reason"
"GEN24_1001881","No other reason"
"GEN24_1001884","No other reason"
"GEN24_1001885","No other reason"
"GEN24_1001887","No other reason"
"GEN24_1001889","No other reason"
"GEN24_1001893","Holiday / vacation"
"GEN24_1001893","VFR"
"GEN24_1001901","Holiday / vacation"
"GEN24_1001904","Holiday / vacation"
"GEN24_1001906","No other reason"
"GEN24_1001908","VFR"
"GEN24_1001915","Holiday / vacation"
"GEN24_1001917","Holiday / vacation"
"GEN24_1001918","Holiday / vacation"
"GEN24_1001919","Holiday / vacation"
"GEN24_1001921","No other reason"
"GEN24_1001924","VFR"
"GEN24_1001926","Other"
"GEN24_1001930","No other reason"
"GEN24_1001932","No other reason"
"GEN24_1001933","No other reason"
"GEN24_1001934","No other reason"
"GEN24_1001935","Holiday / vacation"
"GEN24_1001936","Education"
"GEN24_1001936","Holiday / vacation"
"GEN24_1001936","VFR"
"GEN24_1001940","No other reason"
"GEN24_1001943","No other reason"
"GEN24_1001944","No other reason"
"GEN24_1001945","No other reason"
"GEN24_1001948","Holiday / vacation"
"GEN24_1001951","VFR"
"GEN24_1001955","Holiday / vacation"
"GEN24_1001957","No other reason"
"GEN24_1001961","No other reason"
"GEN24_1001963","Holiday / vacation"
"GEN24_1001970","No other reason"
"GEN24_1001971","Education"
"GEN24_1001971","Holiday / vacation"
"GEN24_1001971","Other"
"GEN24_1001972","Holiday / vacation"
"GEN24_1001975","Holiday / vacation"
"GEN24_1001976","Business"
"GEN24_1001978","No other reason"
"GEN24_1001984","No other reason"
"GEN24_1001985","Holiday / vacation"
"GEN24_1001986","No other reason"
"GEN24_1001987","Holiday / vacation"
"GEN24_1001988","No other reason"
"GEN24_1001989","No other reason"
"GEN24_1001992","Holiday / vacation"
"GEN24_1001993","No other reason"
"GEN24_1001998","Conference / convention"
"GEN24_1001998","Education"
"GEN24_1002000","No other reason"
"GEN24_1002003","Holiday / vacation"
"GEN24_1002005","Holiday / vacation"
"GEN24_1002007","No other reason"
"GEN24_1002009","Holiday / vacation"
"GEN24_1002010","No other reason"
"GEN24_1002011","No other reason"
"GEN24_1002012","No other reason"
"GEN24_1002013","No other reason"
"GEN24_1002014","Holiday / vacation"
"GEN24_1002016","No other reason"
"GEN24_1002017","Holiday / vacation"
"GEN24_1002018","No other reason"
"GEN24_1002020","Holiday / vacation"
"GEN24_1002021","No other reason"
"GEN24_1002022","VFR"
"GEN24_1002025","VFR"
"GEN24_1002026","No other reason"
"GEN24_1002027","No other reason"
"GEN24_1002028","No other reason"
"GEN24_1002030","No other reason"
"GEN24_1002031","No other reason"
"GEN24_1002032","VFR"
"GEN24_1002035","No other reason"
"GEN24_1002037","Holiday / vacation"
"GEN24_1002039","No other reason"
"GEN24_1002042","Other"
"GEN24_1002043","VFR"
"GEN24_1002046","Holiday / vacation"
"GEN24_1002050","VFR"
"GEN24_1002052","No other reason"
"GEN24_1002065","VFR"
"GEN24_1002070","No other reason"
"GEN24_1002072","No other reason"
"GEN24_1002074","Business"
"GEN24_1002077","VFR"
"GEN24_1002078","Holiday / vacation"
"GEN24_1002079","No other reason"
"GEN24_1002083","No other reason"
"GEN24_1002088","Holiday / vacation"
"GEN24_1002089","No other reason"
"GEN24_1002092","No other reason"
"GEN24_1002093","No other reason"
"GEN24_1002094","No other reason"
"GEN24_1002095","No other reason"
"GEN24_1002096","No other reason"
"GEN24_1002110","No other reason"
"GEN24_1002111","Holiday / vacation"
"GEN24_1002113","No other reason"
"GEN24_1002114","Holiday / vacation"
"GEN24_1002115","No other reason"
"GEN24_1002119","Holiday / vacation"
"GEN24_1002120","No other reason"
"GEN24_1002121","No other reason"
"GEN24_1002122","Holiday / vacation"
"GEN24_1002126","Holiday / vacation"
"GEN24_1002128","Holiday / vacation"
"GEN24_1002130","No other reason"
"GEN24_1002133","No other reason"
"GEN24_1002136","No other reason"
"GEN24_1002138","No other reason"
"GEN24_1002139","Other"
"GEN24_1002143","No other reason"
"GEN24_1002147","No other reason"
"GEN24_1002149","No other reason"
"GEN24_1002154","VFR"
"GEN24_1002157","No other reason"
"GEN24_1002158","Holiday / vacation"
"GEN24_1002160","No other reason"
"GEN24_1002171","No other reason"
"GEN24_1002172","No other reason"
"GEN24_1002177","VFR"
"GEN24_1002180","No other reason"
"GEN24_1002182","No other reason"
"GEN24_1002191","No other reason"
"GEN24_1002195","No other reason"
"GEN24_1002199","Holiday / vacation"
"GEN24_1002200","No other reason"
"GEN24_1002201","No other reason"
"GEN24_1002210","No other reason"
"GEN24_1002211","No other reason"
"GEN24_1002214","No other reason"
"GEN24_1002221","No other reason"
"GEN24_1002226","Holiday / vacation"
"GEN24_1002229","No other reason"
"GEN24_1002231","No other reason"
"GEN24_1002242","Holiday / vacation"
"GEN24_1002244","No other reason"
"GEN24_1002250","Holiday / vacation"
"GEN24_1002251","Other"
"GEN24_1002256","No other reason"
"GEN24_1002258","No other reason"
"GEN24_1002259","No other reason"
"GEN24_1002260","No other reason"
"GEN24_1002279","No other reason"
"GEN24_1002284","No other reason"
"GEN24_1002291","No other reason"
"GEN24_1002297","Holiday / vacation"
"GEN24_1002298","No other reason"
"GEN24_1002301","No other reason"
"GEN24_1002304","Holiday / vacation"
"GEN24_1002306","Holiday / vacation"
"GEN24_1002307","Holiday / vacation"
"GEN24_1002308","No other reason"
"GEN24_1002310","No other reason"
"GEN24_1002312","No other reason"
"GEN24_1002313","Other"
"GEN24_1002321","No other reason"
"GEN24_1002331","Holiday / vacation"
"GEN24_1002334","No other reason"
"GEN24_1002338","Holiday / vacation"
"GEN24_1002344","VFR"
"GEN24_1002345","Education"
"GEN24_1002346","Holiday / vacation"
"GEN24_1002351","Holiday / vacation"
"GEN24_1002353","VFR"
"GEN24_1002354","Holiday / vacation"
"GEN24_1002361","No other reason"
"GEN24_1002366","No other reason"
"GEN24_1002367","No other reason"
"GEN24_1002369","Holiday / vacation"
"GEN24_1002370","No other reason"
"GEN24_1002372","No other reason"
"GEN24_1002373","Holiday / vacation"
"GEN24_1002374","No other reason"
"GEN24_1002375","Holiday / vacation"
"GEN24_1002380","No other reason"
"GEN24_1002381","No other reason"
"GEN24_1002382","No other reason"
"GEN24_1002383","Holiday / vacation"
"GEN24_1002384","No other reason"
"GEN24_1002396","Holiday / vacation"
"GEN24_1002399","No other reason"
"GEN24_1002400","Other"
"GEN24_1002403","No other reason"
"GEN24_1002412","No other reason"
"GEN24_1002413","Business"
"GEN24_1002414","No other reason"
"GEN24_1002416","Holiday / vacation"
"GEN24_1002426","VFR"
"GEN24_1002428","Holiday / vacation"
"GEN24_1002429","No other reason"
"GEN24_1002430","No other reason"
"GEN24_1002435","Other"
"GEN24_1002436","No other reason"
"GEN24_1002437","Business"
"GEN24_1002438","No other reason"
"GEN24_1002442","Holiday / vacation"
"GEN24_1002443","No other reason"
"GEN24_1002445","Holiday / vacation"
"GEN24_1002446","VFR"
"GEN24_1002447","No other reason"
"GEN24_1002450","Holiday / vacation"
"GEN24_1002451","No other reason"
"GEN24_1002452","No other reason"
"GEN24_1002466","No other reason"
"GEN24_1002470","No other reason"
"GEN24_1002475","VFR"
"GEN24_1002478","VFR"
"GEN24_1002481","No other reason"
"GEN24_1002488","No other reason"
"GEN24_1002491","No other reason"
"GEN24_1002492","Holiday / vacation"
"GEN24_1002496","No other reason"
"GEN24_1002498","No other reason"
"GEN24_1002505","No other reason"
"GEN24_1002507","VFR"
"GEN24_1002508","VFR"
"GEN24_1002509","VFR"
"GEN24_1002510","Holiday / vacation"
"GEN24_1002513","Holiday / vacation"
"GEN24_1002513","Other"
"GEN24_1002514","No other reason"
"GEN24_1002519","No other reason"
"GEN24_1002524","Conference / convention"
"GEN24_1002525","Conference / convention"
"GEN24_1002530","No other reason"
"GEN24_1002536","Holiday / vacation"
"GEN24_1002538","No other reason"
"GEN24_1002544","VFR"
"GEN24_1002546","No other reason"
"GEN24_1002549","VFR"
"GEN24_1002550","No other reason"
"GEN24_1002553","No other reason"
"GEN24_1002554","No other reason"
"GEN24_1002556","No other reason"
"GEN24_1002559","No other reason"
"GEN24_1002561","VFR"
"GEN24_1002566","VFR"
"GEN24_1002580","Holiday / vacation"
"GEN24_1002582","No other reason"
"GEN24_1002583","No other reason"
"GEN24_1002584","No other reason"
"GEN24_1002585","No other reason"
"GEN24_1002588","No other reason"
"GEN24_1002592","No other reason"
"GEN24_1002593","No other reason"
"GEN24_1002594","No other reason"
"GEN24_1002597","No other reason"
"GEN24_1002604","No other reason"
"GEN24_1002607","No other reason"
"GEN24_1002620","No other reason"
"GEN24_1002627","No other reason"
"GEN24_1002629","No other reason"
"GEN24_1002635","Business"
"GEN24_1002635","Holiday / vacation"
"GEN24_1002640","No other reason"
"GEN24_1002642","No other reason"
"GEN24_1002645","No other reason"
"GEN24_1002646","No other reason"
"GEN24_1002666","No other reason"
"GEN24_1002667","Holiday / vacation"
"GEN24_1002668","No other reason"
"GEN24_1002670","No other reason"
"GEN24_1002671","Holiday / vacation"
"GEN24_1002672","Holiday / vacation"
"GEN24_1002673","Holiday / vacation"
"GEN24_1002674","No other reason"
"GEN24_1002677","No other reason"
"GEN24_1002681","Business"
"GEN24_1002687","VFR"
"GEN24_1002688","No other reason"
"GEN24_1002694","Other"
"GEN24_1002696","No other reason"
"GEN24_1002707","No other reason"
"GEN24_1002717","No other reason"
"GEN24_1002725","Other"
"GEN24_1002727","No other reason"
"GEN24_1002731","No other reason"
"GEN24_1002732","Holiday / vacation"
"GEN24_1002733","No other reason"
"GEN24_1002741","No other reason"
"GEN24_1002753","Holiday / vacation"
"GEN24_1002758","Other"
"GEN24_1002760","No other reason"
"GEN24_1002762","No other reason"
"GEN24_1002763","No other reason"
"GEN24_1002764","Holiday / vacation"
"GEN24_1002765","No other reason"
"GEN24_1002770","Holiday / vacation"
"GEN24_1002771","Holiday / vacation"
"GEN24_1002774","VFR"
"GEN24_1002778","Business"
"GEN24_1002782","No other reason"
"GEN24_1002786","Holiday / vacation"
"GEN24_1002794","No other reason"
"GEN24_1002797","No other reason"
"GEN24_1002799","No other reason"
"GEN24_1002801","No other reason"
"GEN24_1002803","Other"
"GEN24_1002804","VFR"
"GEN24_1002806","No other reason"
"GEN24_1002807","Holiday / vacation"
"GEN24_1002808","Other"
"GEN24_1002811","No other reason"
"GEN24_1002812","Holiday / vacation"
"GEN24_1002813","Holiday / vacation"
"GEN24_1002816","Business"
"GEN24_1002817","No other reason"
"GEN24_1002819","Holiday / vacation"
"GEN24_1002820","VFR"
"GEN24_1002824","No other reason"
"GEN24_1002826","Other"
"GEN24_1002836","Holiday / vacation"
"GEN24_1002838","VFR"
"GEN24_1002839","No other reason"
"GEN24_1002840","No other reason"
"GEN24_1002842","Holiday / vacation"
"GEN24_1002848","Holiday / vacation"
"GEN24_1002853","VFR"
"GEN24_1002855","Other"
"GEN24_1002856","No other reason"
"GEN24_1002857","No other reason"
"GEN24_1002858","No other reason"
"GEN24_1002860","No other reason"
"GEN24_1002862","No other reason"
"GEN24_1002864","Holiday / vacation"
"GEN24_1002865","VFR"
"GEN24_1002874","Holiday / vacation"
"GEN24_1002880","No other reason"
"GEN24_1002881","Holiday / vacation"
"GEN24_1002882","No other reason"
"GEN24_1002883","Holiday / vacation"
"GEN24_1002884","No other reason"
"GEN24_1002888","No other reason"
"GEN24_1002889","No other reason"
"GEN24_1002890","No other reason"
"GEN24_1002892","VFR"
"GEN24_1002894","Business"
"GEN24_1002897","No other reason"
"GEN24_1002906","No other reason"
"GEN24_1002907","No other reason"
"GEN24_1002912","No other reason"
"GEN24_1002914","No other reason"
"GEN24_1002919","VFR"
"GEN24_1002920","No other reason"
"GEN24_1002921","No other reason"
"GEN24_1002922","VFR"
"GEN24_1002929","Holiday / vacation"
"GEN24_1002932","VFR"
"GEN24_1002940","No other reason"
"GEN24_1002943","VFR"
"GEN24_1002946","No other reason"
"GEN24_1002948","No other reason"
"GEN24_1002951","No other reason"
"GEN24_1002952","No other reason"
"GEN24_1002955","No other reason"
"GEN24_1002960","Business"
"GEN24_1002969","Holiday / vacation"
"GEN24_1002971","Other"
"GEN24_1002974","Holiday / vacation"
"GEN24_1002977","No other reason"
"GEN24_1002978","No other reason"
"GEN24_1002981","No other reason"
"GEN24_1002982","No other reason"
"GEN24_1002984","No other reason"
"GEN24_1002985","No other reason"
"GEN24_1002986","No other reason"
"GEN24_1002987","No other reason"
"GEN24_1002988","No other reason"
"GEN24_1002989","VFR"
"GEN24_1002990","No other reason"
"GEN24_1002996","No other reason"
"GEN24_1002997","No other reason"
"GEN24_1002998","Holiday / vacation"
"GEN24_1003004","VFR"
"GEN24_1003006","Holiday / vacation"
"GEN24_1003013","No other reason"
"GEN24_1003021","VFR"
"GEN24_1003022","No other reason"
"GEN24_1003025","VFR"
"GEN24_1003026","Other"
"GEN24_1003029","No other reason"
"GEN24_1003032","No other reason"
"GEN24_1003042","Holiday / vacation"
"GEN24_1003046","VFR"
"GEN24_1003047","No other reason"
"GEN24_1003058","Holiday / vacation"
"GEN24_1003061","No other reason"
"GEN24_1003064","Other"
"GEN24_1003065","Other"
"GEN24_1003066","Conference / convention"
"GEN24_1003072","VFR"
"GEN24_1003076","Holiday / vacation"
"GEN24_1003077","Holiday / vacation"
"GEN24_1003079","No other reason"
"GEN24_1003080","No other reason"
"GEN24_1003081","Other"
"GEN24_1003084","Holiday / vacation"
"GEN24_1003092","No other reason"
"GEN24_1003095","Holiday / vacation"
"GEN24_1003098","No other reason"
"GEN24_1003102","VFR"
"GEN24_1003103","No other reason"
"GEN24_1003106","No other reason"
"GEN24_1003107","Holiday / vacation"
"GEN24_1003109","No other reason"
"GEN24_1003115","No other reason"
"GEN24_1003116","No other reason"
"GEN24_1003118","Holiday / vacation"
"GEN24_1003122","No other reason"
"GEN24_1003129","Holiday / vacation"
"GEN24_1003129","Other"
"GEN24_1003131","VFR"
"GEN24_1003133","Other"
"GEN24_1003138","No other reason"
"GEN24_1003142","No other reason"
"GEN24_1003143","Conference / convention"
"GEN24_1003146","No other reason"
"GEN24_1003148","Holiday / vacation"
"GEN24_1003149","No other reason"
"GEN24_1003151","No other reason"
"GEN24_1003158","No other reason"
"GEN24_1003161","No other reason"
"GEN24_1003162","No other reason"
"GEN24_1003165","No other reason"
"GEN24_1003175","No other reason"
"GEN24_1003176","Business"
"GEN24_1003178","No other reason"
"GEN24_1003180","No other reason"
"GEN24_1003181","Holiday / vacation"
"GEN24_1003185","Holiday / vacation"
"GEN24_1003188","No other reason"
"GEN24_1003189","No other reason"
"GEN24_1003202","No other reason"
"GEN24_1003203","No other reason"
"GEN24_1003205","Holiday / vacation"
"GEN24_1003206","VFR"
"GEN24_1003209","No other reason"
"GEN24_1003214","Holiday / vacation"
"GEN24_1003215","No other reason"
"GEN24_1003216","No other reason"
"GEN24_1003217","No other reason"
"GEN24_1003218","Holiday / vacation"
"GEN24_1003221","VFR"
"GEN24_1003223","No other reason"
"GEN24_1003226","VFR"
"GEN24_1003231","No other reason"
"GEN24_1003235","No other reason"
"GEN24_1003240","No other reason"
"GEN24_1003242","No other reason"
"GEN24_1003243","No other reason"
"GEN24_1003250","Other"
"GEN24_1003254","Holiday / vacation"
"GEN24_1003257","No other reason"
"GEN24_1003259","VFR"
"GEN24_1003265","No other reason"
"GEN24_1003268","No other reason"
"GEN24_1003269","Other"
"GEN24_1003270","No other reason"
"GEN24_1003273","No other reason"
"GEN24_1003276","No other reason"
"GEN24_1003277","No other reason"
"GEN24_1003278","No other reason"
"GEN24_1003279","No other reason"
"GEN24_1003280","VFR"
"GEN24_1003281","No other reason"
"GEN24_1003283","No other reason"
"GEN24_1003290","No other reason"
"GEN24_1003294","Holiday / vacation"
"GEN24_1003297","No other reason"
"GEN24_1003314","No other reason"
"GEN24_1003318","No other reason"
"GEN24_1003319","No other reason"
"GEN24_1003320","No other reason"
"GEN24_1003323","No other reason"
"GEN24_1003324","Other"
"GEN24_1003325","Holiday / vacation"
"GEN24_1003330","No other reason"
"GEN24_1003336","VFR"
"GEN24_1003337","VFR"
"GEN24_1003338","Holiday / vacation"
"GEN24_1003339","Holiday / vacation"
"GEN24_1003341","Holiday / vacation"
"GEN24_1003345","No other reason"
"GEN24_1003347","Holiday / vacation"
"GEN24_1003349","No other reason"
"GEN24_1003354","No other reason"
"GEN24_1003370","No other reason"
"GEN24_1003371","No other reason"
"GEN24_1003373","Education"
"GEN24_1003376","VFR"
"GEN24_1003377","Holiday / vacation"
"GEN24_1003378","No other reason"
"GEN24_1003379","No other reason"
"GEN24_1003387","No other reason"
"GEN24_1003388","No other reason"
"GEN24_1003394","Holiday / vacation"
"GEN24_1003398","No other reason"
"GEN24_1003403","No other reason"
"GEN24_1003415","No other reason"
"GEN24_1003429","Conference / convention"
"GEN24_1003430","Holiday / vacation"
"GEN24_1003433","Holiday / vacation"
"GEN24_1003435","No other reason"
"GEN24_1003439","No other reason"
"GEN24_1003445","Holiday / vacation"
"GEN24_1003448","No other reason"
"GEN24_1003449","Holiday / vacation"
"GEN24_1003451","No other reason"
"GEN24_1003454","No other reason"
"GEN24_1003456","No other reason"
"GEN24_1003461","No other reason"
"GEN24_1003466","Other"
"GEN24_1003469","No other reason"
"GEN24_1003470","Holiday / vacation"
"GEN24_1003472","Business"
"GEN24_1003476","Other"
"GEN24_1003482","No other reason"
"GEN24_1003486","No other reason"
"GEN24_1003487","No other reason"
"GEN24_1003490","Holiday / vacation"
"GEN24_1003491","Holiday / vacation"
"GEN24_1003495","No other reason"
"GEN24_1003498","Holiday / vacation"
"GEN24_1003499","VFR"
"GEN24_1003500","No other reason"
"GEN24_1003502","Holiday / vacation"
"GEN24_1003503","No other reason"
"GEN24_1003508","No other reason"
"GEN24_1003509","No other reason"
"GEN24_1003510","No other reason"
"GEN24_1003511","No other reason"
"GEN24_1003513","No other reason"
"GEN24_1003514","No other reason"
"GEN24_1003515","VFR"
"GEN24_1003525","No other reason"
"GEN24_1003527","Holiday / vacation"
"GEN24_1003528","No other reason"
"GEN24_1003537","Holiday / vacation"
"GEN24_1003538","No other reason"
"GEN24_1003542","Holiday / vacation"
"GEN24_1003549","No other reason"
"GEN24_1003563","No other reason"
"GEN24_1003570","VFR"
"GEN24_1003577","No other reason"
"GEN24_1003578","No other reason"
"GEN24_1003580","No other reason"
"GEN24_1003586","Holiday / vacation"
"GEN24_1003591","No other reason"
"GEN24_1003593","No other reason"
"GEN24_1003597","No other reason"
"GEN24_1003599","No other reason"
"GEN24_1003602","No other reason"
"GEN24_1003610","Other"
"GEN24_1003611","VFR"
"GEN24_1003614","No other reason"
"GEN24_1003622","No other reason"
"GEN24_1003627","No other reason"
"GEN24_1003628","No other reason"
"GEN24_1003629","Education"
"GEN24_1003633","Holiday / vacation"
"GEN24_1003636","No other reason"
"GEN24_1003639","Holiday / vacation"
"GEN24_1003645","No other reason"
"GEN24_1003647","No other reason"
"GEN24_1003651","Other"
"GEN24_1003673","No other reason"
"GEN24_1003674","Other"
"GEN24_1003678","VFR"
"GEN24_1003684","No other reason"
"GEN24_1003685","No other reason"
"GEN24_1003687","No other reason"
"GEN24_1003688","No other reason"
"GEN24_1003689","Other"
"GEN24_1003708","No other reason"
"GEN24_1003713","Other"
"GEN24_1003714","No other reason"
"GEN24_1003722","No other reason"
"GEN24_1003724","No other reason"
"GEN24_1003726","No other reason"
"GEN24_1003728","No other reason"
"GEN24_1003730","Other"
"GEN24_1003731","No other reason"
"GEN24_1003732","No other reason"
"GEN24_1003734","No other reason"
"GEN24_1003735","Other"
"GEN24_1003736","Holiday / vacation"
"GEN24_1003738","No other reason"
"GEN24_1003741","No other reason"
"GEN24_1003742","Other"
"GEN24_1003749","Holiday / vacation"
"GEN24_1003750","No other reason"
"GEN24_1003753","Holiday / vacation"
"GEN24_1003756","No other reason"
"GEN24_1003758","No other reason"
"GEN24_1003759","Business"
"GEN24_1003760","VFR"
"GEN24_1003767","Holiday / vacation"
"GEN24_1003770","No other reason"
"GEN24_1003773","Holiday / vacation"
"GEN24_1003777","Holiday / vacation"
"GEN24_1003781","VFR"
"GEN24_1003782","No other reason"
"GEN24_1003783","No other reason"
"GEN24_1003785","Other"
"GEN24_1003793","No other reason"
"GEN24_1003794","No other reason"
"GEN24_1003795","No other reason"
"GEN24_1003803","Holiday / vacation"
"GEN24_1003808","No other reason"
"GEN24_1003813","No other reason"
"GEN24_1003819","Other"
"GEN24_1003825","No other reason"
"GEN24_1003829","Holiday / vacation"
"GEN24_1003834","Holiday / vacation"
"GEN24_1003836","No other reason"
"GEN24_1003838","No other reason"
"GEN24_1003842","No other reason"
"GEN24_1003843","Education"
"GEN24_1003843","Holiday / vacation"
"GEN24_1003844","Business"
"GEN24_1003846","Holiday / vacation"
"GEN24_1003847","VFR"
"GEN24_1003850","No other reason"
"GEN24_1003851","No other reason"
"GEN24_1003852","Holiday / vacation"
"GEN24_1003853","No other reason"
"GEN24_1003857","No other reason"
"GEN24_1003865","Other"
"GEN24_1003871","Holiday / vacation"
"GEN24_1003872","Holiday / vacation"
"GEN24_1003881","Business"
"GEN24_1003882","No other reason"
"GEN24_1003893","No other reason"
"GEN24_1003903","Business"
"GEN24_1003906","No other reason"
"GEN24_1003907","Holiday / vacation"
"GEN24_1003908","No other reason"
"GEN24_1003909","No other reason"
"GEN24_1003910","No other reason"
"GEN24_1003911","VFR"
"GEN24_1003914","No other reason"
"GEN24_1003917","Holiday / vacation"
"GEN24_1003920","Holiday / vacation"
"GEN24_1003922","Conference / convention"
"GEN24_1003926","Holiday / vacation"
"GEN24_1003928","No other reason"
"GEN24_1003930","Other"
"GEN24_1003936","Other"
"GEN24_1003936","VFR"
"GEN24_1003947","No other reason"
"GEN24_1003952","No other reason"
"GEN24_1003954","No other reason"
"GEN24_1003955","Holiday / vacation"
"GEN24_1003960","Other"
"GEN24_1003962","No other reason"
"GEN24_1003964","Holiday / vacation"
"GEN24_1003966","Business"
"GEN24_1003968","No other reason"
"GEN24_1003971","Holiday / vacation"
"GEN24_1003973","No other reason"
"GEN24_1003974","Holiday / vacation"
"GEN24_1003975","No other reason"
"GEN24_1003976","No other reason"
"GEN24_1003979","No other reason"
"GEN24_1003988","No other reason"
"GEN24_1003991","No other reason"
"GEN24_1003992","No other reason"
"GEN24_1003994","No other reason"
"GEN24_1003995","No other reason"
"GEN24_1003996","No other reason"
"GEN24_1003998","No other reason"
"GEN24_1003999","No other reason"
"GEN24_1004005","Holiday / vacation"
"GEN24_1004006","Holiday / vacation"
"GEN24_1004007","No other reason"
"GEN24_1004009","VFR"
"GEN24_1004020","No other reason"
"GEN24_1004021","No other reason"
"GEN24_1004022","No other reason"
"GEN24_1004024","No other reason"
"GEN24_1004033","Holiday / vacation"
"GEN24_1004036","Holiday / vacation"
"GEN24_1004039","No other reason"
"GEN24_1004048","Other"
"GEN24_1004049","No other reason"
"GEN24_1004051","No other reason"
"GEN24_1004052","No other reason"
"GEN24_1004053","No other reason"
"GEN24_1004054","No other reason"
"GEN24_1004057","VFR"
"GEN24_1004059","No other reason"
"GEN24_1004061","Other"
"GEN24_1004067","No other reason"
"GEN24_1004070","No other reason"
"GEN24_1004071","Holiday / vacation"
"GEN24_1004073","No other reason"
"GEN24_1004074","No other reason"
"GEN24_1004075","No other reason"
"GEN24_1004083","No other reason"
"GEN24_1004088","No other reason"
"GEN24_1004090","Holiday / vacation"
"GEN24_1004091","Holiday / vacation"
"GEN24_1004094","No other reason"
"GEN24_1004100","Holiday / vacation"
"GEN24_1004109","No other reason"
"GEN24_1004113","No other reason"
"GEN24_1004115","No other reason"
"GEN24_1004116","Holiday / vacation"
"GEN24_1004119","No other reason"
"GEN24_1004121","VFR"
"GEN24_1004124","Holiday / vacation"
"GEN24_1004126","No other reason"
"GEN24_1004129","Conference / convention"
"GEN24_1004134","VFR"
"GEN24_1004136","VFR"
"GEN24_1004143","No other reason"
"GEN24_1004147","Holiday / vacation"
"GEN24_1004149","Holiday / vacation"
"GEN24_1004154","Holiday / vacation"
"GEN24_1004155","No other reason"
"GEN24_1004156","No other reason"
"GEN24_1004157","Business"
"GEN24_1004158","No other reason"
"GEN24_1004159","No other reason"
"GEN24_1004161","No other reason"
"GEN24_1004165","No other reason"
"GEN24_1004167","No other reason"
"GEN24_1004169","No other reason"
"GEN24_1004183","No other reason"
"GEN24_1004193","Business"
"GEN24_1004193","Conference / convention"
"GEN24_1004193","Education"
"GEN24_1004193","Holiday / vacation"
"GEN24_1004196","No other reason"
"GEN24_1004198","No other reason"
"GEN24_1004200","Holiday / vacation"
"GEN24_1004202","No other reason"
"GEN24_1004203","No other reason"
"GEN24_1004218","No other reason"
"GEN24_1004234","Holiday / vacation"
"GEN24_1004239","VFR"
"GEN24_1004242","VFR"
"GEN24_1004244","No other reason"
"GEN24_1004245","No other reason"
"GEN24_1004246","No other reason"
"GEN24_1004250","Holiday / vacation"
"GEN24_1004251","Holiday / vacation"
"GEN24_1004263","No other reason"
"GEN24_1004264","Holiday / vacation"
"GEN24_1004265","Holiday / vacation"
"GEN24_1004269","Holiday / vacation"
"GEN24_1004271","Holiday / vacation"
"GEN24_1004272","No other reason"
"GEN24_1004275","Holiday / vacation"
"GEN24_1004277","No other reason"
"GEN24_1004279","VFR"
"GEN24_1004280","No other reason"
"GEN24_1004282","No other reason"
"GEN24_1004283","No other reason"
"GEN24_1004291","Holiday / vacation"
"GEN24_1004292","Business"
"GEN24_1004293","Holiday / vacation"
"GEN24_1004294","No other reason"
"GEN24_1004299","No other reason"
"GEN24_1004301","No other reason"
"GEN24_1004303","VFR"
"GEN24_1004307","Holiday / vacation"
"GEN24_1004308","Conference / convention"
"GEN24_1004317","VFR"
"GEN24_1004318","VFR"
"GEN24_1004322","No other reason"
"GEN24_1004323","VFR"
"GEN24_1004339","No other reason"
"GEN24_1004341","No other reason"
"GEN24_1004344","Other"
"GEN24_1004346","No other reason"
"GEN24_1004347","VFR"
"GEN24_1004350","Holiday / vacation"
"GEN24_1004351","No other reason"
"GEN24_1004355","No other reason"
"GEN24_1004362","No other reason"
"GEN24_1004369","Other"
"GEN24_1004374","Holiday / vacation"
"GEN24_1004377","Holiday / vacation"
"GEN24_1004381","No other reason"
"GEN24_1004388","No other reason"
"GEN24_1004389","No other reason"
"GEN24_1004390","VFR"
"GEN24_1004391","No other reason"
"GEN24_1004396","No other reason"
"GEN24_1004403","No other reason"
"GEN24_1004415","No other reason"
"GEN24_1004416","No other reason"
"GEN24_1004418","No other reason"
"GEN24_1004425","Holiday / vacation"
"GEN24_1004427","No other reason"
"GEN24_1004432","No other reason"
"GEN24_1004434","No other reason"
"GEN24_1004436","Holiday / vacation"
"GEN24_1004442","No other reason"
"GEN24_1004445","No other reason"
"GEN24_1004447","No other reason"
"GEN24_1004450","No other reason"
"GEN24_1004452","No other reason"
"GEN24_1004454","Holiday / vacation"
"GEN24_1004455","VFR"
"GEN24_1004456","VFR"
"GEN24_1004462","VFR"
"GEN24_1004464","No other reason"
"GEN24_1004465","VFR"
"GEN24_1004469","No other reason"
"GEN24_1004471","No other reason"
"GEN24_1004474","No other reason"
"GEN24_1004476","No other reason"
"GEN24_1004487","Holiday / vacation"
"GEN24_1004488","Holiday / vacation"
"GEN24_1004491","No other reason"
"GEN24_1004492","No other reason"
"GEN24_1004493","VFR"
"GEN24_1004499","No other reason"
"GEN24_1004500","VFR"
"GEN24_1004508","Holiday / vacation"
"GEN24_1004516","Holiday / vacation"
"GEN24_1004517","Holiday / vacation"
"GEN24_1004520","No other reason"
"GEN24_1004522","Holiday / vacation"
"GEN24_1004523","Holiday / vacation"
"GEN24_1004524","Holiday / vacation"
"GEN24_1004527","VFR"
"GEN24_1004528","No other reason"
"GEN24_1004529","No other reason"
"GEN24_1004534","Holiday / vacation"
"GEN24_1004535","No other reason"
"GEN24_1004539","No other reason"
"GEN24_1004541","No other reason"
"GEN24_1004546","No other reason"
"GEN24_1004562","Holiday / vacation"
"GEN24_1004563","No other reason"
"GEN24_1004565","No other reason"
"GEN24_1004569","Holiday / vacation"
"GEN24_1004575","No other reason"
"GEN24_1004576","No other reason"
"GEN24_1004578","No other reason"
"GEN24_1004583","Holiday / vacation"
"GEN24_1004584","Holiday / vacation"
"GEN24_1004586","No other reason"
"GEN24_1004591","No other reason"
"GEN24_1004592","Holiday / vacation"
"GEN24_1004594","No other reason"
"GEN24_1004596","No other reason"
"GEN24_1004599","Holiday / vacation"
"GEN24_1004603","Conference / convention"
"GEN24_1004610","Holiday / vacation"
"GEN24_1004612","No other reason"
"GEN24_1004614","No other reason"
"GEN24_1004617","No other reason"
"GEN24_1004619","Holiday / vacation"
"GEN24_1004621","Holiday / vacation"
"GEN24_1004623","No other reason"
"GEN24_1004626","No other reason"
"GEN24_1004628","No other reason"
"GEN24_1004633","Holiday / vacation"
"GEN24_1004635","Holiday / vacation"
"GEN24_1004641","No other reason"
"GEN24_1004642","Holiday / vacation"
"GEN24_1004643","No other reason"
"GEN24_1004652","No other reason"
"GEN24_1004654","No other reason"
"GEN24_1004655","VFR"
"GEN24_1004656","No other reason"
"GEN24_1004658","No other reason"
"GEN24_1004660","No other reason"
"GEN24_1004662","Holiday / vacation"
"GEN24_1004664","Holiday / vacation"
"GEN24_1004665","Holiday / vacation"
"GEN24_1004667","Holiday / vacation"
"GEN24_1004669","Holiday / vacation"
"GEN24_1004670","VFR"
"GEN24_1004672","No other reason"
"GEN24_1004685","No other reason"
"GEN24_1004686","No other reason"
"GEN24_1004687","No other reason"
"GEN24_1004688","No other reason"
"GEN24_1004689","VFR"
"GEN24_1004690","No other reason"
"GEN24_1004695","No other reason"
"GEN24_1004696","No other reason"
"GEN24_1004699","VFR"
"GEN24_1004700","VFR"
"GEN24_1004701","No other reason"
"GEN24_1004711","Holiday / vacation"
"GEN24_1004721","No other reason"
"GEN24_1004727","VFR"
"GEN24_1004753","VFR"
"GEN24_1004756","No other reason"
"GEN24_1004757","Holiday / vacation"
"GEN24_1004758","No other reason"
"GEN24_1004761","No other reason"
"GEN24_1004768","Holiday / vacation"
"GEN24_1004773","Holiday / vacation"
"GEN24_1004777","Holiday / vacation"
"GEN24_1004786","No other reason"
"GEN24_1004789","No other reason"
"GEN24_1004790","Holiday / vacation"
"GEN24_1004795","No other reason"
"GEN24_1004801","No other reason"
"GEN24_1004803","No other reason"
"GEN24_1004804","No other reason"
"GEN24_1004807","No other reason"
"GEN24_1004808","No other reason"
"GEN24_1004810","Holiday / vacation"
"GEN24_1004812","No other reason"
"GEN24_1004817","No other reason"
"GEN24_1004819","VFR"
"GEN24_1004822","No other reason"
"GEN24_1004826","No other reason"
"GEN24_1004830","No other reason"
"GEN24_1004834","No other reason"
"GEN24_1004838","No other reason"
"GEN24_1004839","No other reason"
"GEN24_1004840","No other reason"
"GEN24_1004847","No other reason"
"GEN24_1004851","No other reason"
"GEN24_1004862","No other reason"
"GEN24_1004868","No other reason"
"GEN24_1004869","Holiday / vacation"
"GEN24_1004872","No other reason"
"GEN24_1004874","No other reason"
"GEN24_1004876","No other reason"
"GEN24_1004877","No other reason"
"GEN24_1004881","No other reason"
"GEN24_1004887","Holiday / vacation"
"GEN24_1004894","No other reason"
"GEN24_1004902","No other reason"
"GEN24_1004906","No other reason"
"GEN24_1004908","Holiday / vacation"
"GEN24_1004914","No other reason"
"GEN24_1004920","No other reason"
"GEN24_1004921","No other reason"
"GEN24_1004922","Business"
"GEN24_1004923","Holiday / vacation"
"GEN24_1004924","No other reason"
"GEN24_1004928","No other reason"
"GEN24_1004932","VFR"
"GEN24_1004934","No other reason"
"GEN24_1004935","VFR"
"GEN24_1004938","No other reason"
"GEN24_1004939","Other"
"GEN24_1004940","No other reason"
"GEN24_1004943","No other reason"
"GEN24_1004963","No other reason"
"GEN24_1004966","Holiday / vacation"
"GEN24_1004969","No other reason"
"GEN24_1004974","No other reason"
"GEN24_1004976","Holiday / vacation"
"GEN24_1004978","No other reason"
"GEN24_1004986","No other reason"
"GEN24_1004989","No other reason"
"GEN24_1004992","Holiday / vacation"
"GEN24_1004996","No other reason"
"GEN24_1004997","Holiday / vacation"
"GEN24_1005003","No other reason"
"GEN24_1005005","No other reason"
"GEN24_1005007","VFR"
"GEN24_1005008","Holiday / vacation"
"GEN24_1005009","VFR"
"GEN24_1005017","No other reason"
"GEN24_1005021","VFR"
"GEN24_1005032","No other reason"
"GEN24_1005034","No other reason"
"GEN24_1005035","Holiday / vacation"
"GEN24_1005036","No other reason"
"GEN24_1005046","No other reason"
"GEN24_1005047","No other reason"
"GEN24_1005051","No other reason"
"GEN24_1005052","No other reason"
"GEN24_1005055","No other reason"
"GEN24_1005066","VFR"
"GEN24_1005069","No other reason"
"GEN24_1005071","Other"
"GEN24_1005083","No other reason"
"GEN24_1005090","No other reason"
"GEN24_1005093","Holiday / vacation"
"GEN24_1005095","No other reason"
"GEN24_1005098","Education"
"GEN24_1005101","No other reason"
"GEN24_1005104","No other reason"
"GEN24_1005107","No other reason"
"GEN24_1005111","No other reason"
"GEN24_1005114","No other reason"
"GEN24_1005116","Holiday / vacation"
"GEN24_1005117","No other reason"
"GEN24_1005119","Holiday / vacation"
"GEN24_1005122","VFR"
"GEN24_1005124","No other reason"
"GEN24_1005125","No other reason"
"GEN24_1005130","No other reason"
"GEN24_1005131","No other reason"
"GEN24_1005133","VFR"
"GEN24_1005136","Holiday / vacation"
"GEN24_1005137","Holiday / vacation"
"GEN24_1005138","No other reason"
"GEN24_1005141","No other reason"
"GEN24_1005148","Other"
"GEN24_1005150","Other"
"GEN24_1005152","VFR"
"GEN24_1005154","VFR"
"GEN24_1005161","Education"
"GEN24_1005164","No other reason"
"GEN24_1005165","VFR"
"GEN24_1005166","No other reason"
"GEN24_1005173","Holiday / vacation"
"GEN24_1005176","No other reason"
"GEN24_1005179","Holiday / vacation"
"GEN24_1005180","No other reason"
"GEN24_1005181","No other reason"
"GEN24_1005185","VFR"
"GEN24_1005188","Holiday / vacation"
"GEN24_1005189","No other reason"
"GEN24_1005190","Holiday / vacation"
"GEN24_1005193","No other reason"
"GEN24_1005196","No other reason"
"GEN24_1005200","No other reason"
"GEN24_1005202","Holiday / vacation"
"GEN24_1005203","Conference / convention"
"GEN24_1005206","Conference / convention"
"GEN24_1005208","No other reason"
"GEN24_1005213","No other reason"
"GEN24_1005215","Holiday / vacation"
"GEN24_1005216","Education"
"GEN24_1005217","No other reason"
"GEN24_1005218","No other reason"
"GEN24_1005219","No other reason"
"GEN24_1005220","Other"
"GEN24_1005224","No other reason"
"GEN24_1005225","Conference / convention"
"GEN24_1005226","Holiday / vacation"
"GEN24_1005236","Holiday / vacation"
"GEN24_1005239","No other reason"
"GEN24_1005243","Holiday / vacation"
"GEN24_1005246","No other reason"
"GEN24_1005257","No other reason"
"GEN24_1005258","Other"
"GEN24_1005272","No other reason"
"GEN24_1005273","No other reason"
"GEN24_1005274","No other reason"
"GEN24_1005276","No other reason"
"GEN24_1005280","No other reason"
"GEN24_1005281","VFR"
"GEN24_1005291","No other reason"
"GEN24_1005292","Holiday / vacation"
"GEN24_1005294","Holiday / vacation"
"GEN24_1005296","VFR"
"GEN24_1005298","Education"
"GEN24_1005299","VFR"
"GEN24_1005303","No other reason"
"GEN24_1005308","No other reason"
"GEN24_1005311","No other reason"
"GEN24_1005313","No other reason"
"GEN24_1005314","Conference / convention"
"GEN24_1005316","No other reason"
"GEN24_1005317","Holiday / vacation"
"GEN24_1005323","No other reason"
"GEN24_1005324","No other reason"
"GEN24_1005327","No other reason"
"GEN24_1005329","No other reason"
"GEN24_1005338","Holiday / vacation"
"GEN24_1005343","No other reason"
"GEN24_1005350","No other reason"
"GEN24_1005353","No other reason"
"GEN24_1005354","No other reason"
"GEN24_1005356","Other"
"GEN24_1005358","VFR"
"GEN24_1005360","VFR"
"GEN24_1005365","Holiday / vacation"
"GEN24_1005366","No other reason"
"GEN24_1005367","No other reason"
"GEN24_1005369","No other reason"
"GEN24_1005370","No other reason"
"GEN24_1005371","VFR"
"GEN24_1005372","Holiday / vacation"
"GEN24_1005377","VFR"
"GEN24_1005379","No other reason"
"GEN24_1005385","Business"
"GEN24_1005394","Other"
"GEN24_1005395","Holiday / vacation"
"GEN24_1005396","Holiday / vacation"
"GEN24_1005400","No other reason"
"GEN24_1005402","No other reason"
"GEN24_1005404","Holiday / vacation"
"GEN24_1005406","No other reason"
"GEN24_1005411","Other"
"GEN24_1005420","Business"
"GEN24_1005420","Holiday / vacation"
"GEN24_1005424","Business"
"GEN24_1005425","No other reason"
"GEN24_1005427","Holiday / vacation"
"GEN24_1005432","No other reason"
"GEN24_1005436","Holiday / vacation"
"GEN24_1005437","No other reason"
"GEN24_1005438","No other reason"
"GEN24_1005441","VFR"
"GEN24_1005446","No other reason"
"GEN24_1005452","No other reason"
"GEN24_1005455","No other reason"
"GEN24_1005457","No other reason"
"GEN24_1005469","Other"
"GEN24_1005470","VFR"
"GEN24_1005474","No other reason"
"GEN24_1005475","Holiday / vacation"
"GEN24_1005476","No other reason"
"GEN24_1005486","VFR"
"GEN24_1005506","No other reason"
"GEN24_1005512","Business"
"GEN24_1005514","No other reason"
"GEN24_1005515","No other reason"
"GEN24_1005527","No other reason"
"GEN24_1005528","No other reason"
"GEN24_1005529","No other reason"
"GEN24_1005535","Holiday / vacation"
"GEN24_1005536","No other reason"
"GEN24_1005537","Holiday / vacation"
"GEN24_1005538","VFR"
"GEN24_1005541","No other reason"
"GEN24_1005544","No other reason"
"GEN24_1005545","No other reason"
"GEN24_1005547","No other reason"
"GEN24_1005552","Holiday / vacation"
"GEN24_1005563","VFR"
"GEN24_1005581","No other reason"
"GEN24_1005582","No other reason"
"GEN24_1005585","Holiday / vacation"
"GEN24_1005592","Other"
"GEN24_1005595","VFR"
"GEN24_1005599","No other reason"
"GEN24_1005606","No other reason"
"GEN24_1005608","VFR"
"GEN24_1005609","No other reason"
"GEN24_1005611","No other reason"
"GEN24_1005616","Holiday / vacation"
"GEN24_1005618","Other"
"GEN24_1005622","Holiday / vacation"
"GEN24_1005627","Education"
"GEN24_1005630","No other reason"
"GEN24_1005640","Holiday / vacation"
"GEN24_1005641","No other reason"
"GEN24_1005642","No other reason"
"GEN24_1005645","No other reason"
"GEN24_1005647","No other reason"
"GEN24_1005661","No other reason"
"GEN24_1005663","VFR"
"GEN24_1005667","No other reason"
"GEN24_1005668","No other reason"
"GEN24_1005670","No other reason"
"GEN24_1005673","Other"
"GEN24_1005681","Conference / convention"
"GEN24_1005683","Holiday / vacation"
"GEN24_1005685","No other reason"
"GEN24_1005700","Holiday / vacation"
"GEN24_1005702","No other reason"
"GEN24_1005704","Holiday / vacation"
"GEN24_1005705","No other reason"
"GEN24_1005707","No other reason"
"GEN24_1005708","No other reason"
"GEN24_1005713","No other reason"
"GEN24_1005714","No other reason"
"GEN24_1005716","Holiday / vacation"
"GEN24_1005722","No other reason"
"GEN24_1005725","No other reason"
"GEN24_1005726","No other reason"
"GEN24_1005728","No other reason"
"GEN24_1005729","No other reason"
"GEN24_1005733","VFR"
"GEN24_1005736","No other reason"
"GEN24_1005738","No other reason"
"GEN24_1005745","No other reason"
"GEN24_1005746","Other"
"GEN24_1005747","VFR"
"GEN24_1005748","No other reason"
"GEN24_1005749","No other reason"
"GEN24_1005753","No other reason"
"GEN24_1005754","VFR"
"GEN24_1005759","No other reason"
"GEN24_1005763","Holiday / vacation"
"GEN24_1005767","Other"
"GEN24_1005768","No other reason"
"GEN24_1005769","No other reason"
"GEN24_1005774","No other reason"
"GEN24_1005775","Holiday / vacation"
"GEN24_1005776","VFR"
"GEN24_1005777","No other reason"
"GEN24_1005779","No other reason"
"GEN24_1005780","VFR"
"GEN24_1005784","No other reason"
"GEN24_1005785","No other reason"
"GEN24_1005786","Holiday / vacation"
"GEN24_1005792","No other reason"
"GEN24_1005793","Holiday / vacation"
"GEN24_1005795","Holiday / vacation"
"GEN24_1005807","Holiday / vacation"
"GEN24_1005809","Holiday / vacation"
"GEN24_1005813","No other reason"
"GEN24_1005817","No other reason"
"GEN24_1005818","Other"
"GEN24_1005822","Holiday / vacation"
"GEN24_1005823","No other reason"
"GEN24_1005825","No other reason"
"GEN24_1005826","VFR"
"GEN24_1005830","Other"
"GEN24_1005835","No other reason"
"GEN24_1005836","No other reason"
"GEN24_1005839","Holiday / vacation"
"GEN24_1005841","No other reason"
"GEN24_1005842","No other reason"
"GEN24_1005847","No other reason"
"GEN24_1005852","No other reason"
"GEN24_1005866","No other reason"
"GEN24_1005869","No other reason"
"GEN24_1005873","No other reason"
"GEN24_1005876","Holiday / vacation"
"GEN24_1005877","No other reason"
"GEN24_1005878","Conference / convention"
"GEN24_1005879","No other reason"
"GEN24_1005881","Conference / convention"
"GEN24_1005884","VFR"
"GEN24_1005889","VFR"
"GEN24_1005891","No other reason"
"GEN24_1005897","Holiday / vacation"
"GEN24_1005899","Holiday / vacation"
"GEN24_1005901","No other reason"
"GEN24_1005903","Holiday / vacation"
"GEN24_1005907","No other reason"
"GEN24_1005909","No other reason"
"GEN24_1005913","No other reason"
"GEN24_1005914","No other reason"
"GEN24_1005915","No other reason"
"GEN24_1005917","No other reason"
"GEN24_1005918","No other reason"
"GEN24_1005919","No other reason"
"GEN24_1005920","No other reason"
"GEN24_1005921","Holiday / vacation"
"GEN24_1005922","VFR"
"GEN24_1005923","No other reason"
"GEN24_1005925","Holiday / vacation"
"GEN24_1005926","Holiday / vacation"
"GEN24_1005929","No other reason"
"GEN24_1005931","No other reason"
"GEN24_1005932","No other reason"
"GEN24_1005936","No other reason"
"GEN24_1005939","No other reason"
"GEN24_1005942","No other reason"
"GEN24_1005947","Holiday / vacation"
"GEN24_1005948","Holiday / vacation"
"GEN24_1005949","Holiday / vacation"
"GEN24_1005952","No other reason"
"GEN24_1005955","No other reason"
"GEN24_1005956","Holiday / vacation"
"GEN24_1005961","No other reason"
"GEN24_1005963","Holiday / vacation"
"GEN24_1005964","No other reason"
"GEN24_1005965","No other reason"
"GEN24_1005966","Business"
"GEN24_1005966","Education"
"GEN24_1005973","No other reason"
"GEN24_1005976","No other reason"
"GEN24_1005980","No other reason"
"GEN24_1005981","No other reason"
"GEN24_1005982","VFR"
"GEN24_1005983","No other reason"
"GEN24_1005984","No other reason"
"GEN24_1005988","No other reason"
"GEN24_1005989","Holiday / vacation"
"GEN24_1006002","No other reason"
"GEN24_1006003","No other reason"
"GEN24_1006005","No other reason"
"GEN24_1006012","No other reason"
"GEN24_1006017","No other reason"
"GEN24_1006018","Holiday / vacation"
"GEN24_1006019","Other"
"GEN24_1006024","No other reason"
"GEN24_1006025","Other"
"GEN24_1006026","No other reason"
"GEN24_1006042","Holiday / vacation"
"GEN24_1006044","No other reason"
"GEN24_1006046","No other reason"
"GEN24_1006047","VFR"
"GEN24_1006048","No other reason"
"GEN24_1006051","Other"
"GEN24_1006055","Other"
"GEN24_1006056","No other reason"
"GEN24_1006057","No other reason"
"GEN24_1006065","No other reason"
"GEN24_1006066","No other reason"
"GEN24_1006067","VFR"
"GEN24_1006069","No other reason"
"GEN24_1006071","Other"
"GEN24_1006074","Holiday / vacation"
"GEN24_1006077","No other reason"
"GEN24_1006079","No other reason"
"GEN24_1006081","No other reason"
"GEN24_1006082","No other reason"
"GEN24_1006084","No other reason"
"GEN24_1006094","No other reason"
"GEN24_1006095","No other reason"
"GEN24_1006097","Other"
"GEN24_1006098","No other reason"
"GEN24_1006101","VFR"
"GEN24_1006104","Holiday / vacation"
"GEN24_1006105","No other reason"
"GEN24_1006112","No other reason"
"GEN24_1006114","Holiday / vacation"
"GEN24_1006121","No other reason"
"GEN24_1006122","Other"
"GEN24_1006138","Holiday / vacation"
"GEN24_1006140","No other reason"
"GEN24_1006142","Holiday / vacation"
"GEN24_1006148","No other reason"
"GEN24_1006150","VFR"
"GEN24_1006152","No other reason"
"GEN24_1006154","No other reason"
"GEN24_1006156","No other reason"
"GEN24_1006161","Holiday / vacation"
"GEN24_1006164","VFR"
"GEN24_1006165","No other reason"
"GEN24_1006168","VFR"
"GEN24_1006169","No other reason"
"GEN24_1006176","Holiday / vacation"
"GEN24_1006177","No other reason"
"GEN24_1006179","No other reason"
"GEN24_1006181","No other reason"
"GEN24_1006182","No other reason"
"GEN24_1006184","No other reason"
"GEN24_1006186","No other reason"
"GEN24_1006188","VFR"
"GEN24_1006190","No other reason"
"GEN24_1006191","Other"
"GEN24_1006191","VFR"
"GEN24_1006205","No other reason"
"GEN24_1006206","No other reason"
"GEN24_1006207","No other reason"
"GEN24_1006210","Holiday / vacation"
"GEN24_1006219","Holiday / vacation"
"GEN24_1006221","No other reason"
"GEN24_1006230","Holiday / vacation"
"GEN24_1006233","No other reason"
"GEN24_1006235","VFR"
"GEN24_1006238","Holiday / vacation"
"GEN24_1006240","No other reason"
"GEN24_1006242","No other reason"
"GEN24_1006248","Holiday / vacation"
"GEN24_1006251","Other"
"GEN24_1006254","VFR"
"GEN24_1006255","No other reason"
"GEN24_1006260","No other reason"
"GEN24_1006263","VFR"
"GEN24_1006267","No other reason"
"GEN24_1006276","No other reason"
"GEN24_1006278","Holiday / vacation"
"GEN24_1006279","No other reason"
"GEN24_1006280","No other reason"
"GEN24_1006284","No other reason"
"GEN24_1006285","Holiday / vacation"
"GEN24_1006287","No other reason"
"GEN24_1006296","Holiday / vacation"
"GEN24_1006298","VFR"
"GEN24_1006300","No other reason"
"GEN24_1006301","No other reason"
"GEN24_1006302","VFR"
"GEN24_1006303","No other reason"
"GEN24_1006306","No other reason"
"GEN24_1006307","No other reason"
"GEN24_1006311","No other reason"
"GEN24_1006314","No other reason"
"GEN24_1006317","No other reason"
"GEN24_1006319","No other reason"
"GEN24_1006320","No other reason"
"GEN24_1006321","Holiday / vacation"
"GEN24_1006321","Other"
"GEN24_1006323","Conference / convention"
"GEN24_1006324","VFR"
"GEN24_1006334","Holiday / vacation"
"GEN24_1006337","No other reason"
"GEN24_1006358","No other reason"
"GEN24_1006359","No other reason"
"GEN24_1006368","No other reason"
"GEN24_1006374","Holiday / vacation"
"GEN24_1006374","VFR"
"GEN24_1006377","VFR"
"GEN24_1006388","No other reason"
"GEN24_1006389","Holiday / vacation"
"GEN24_1006389","VFR"
"GEN24_1006390","No other reason"
"GEN24_1006394","No other reason"
"GEN24_1006416","Other"
"GEN24_1006417","No other reason"
"GEN24_1006421","No other reason"
"GEN24_1006424","Holiday / vacation"
"GEN24_1006426","No other reason"
"GEN24_1006427","No other reason"
"GEN24_1006429","No other reason"
"GEN24_1006443","No other reason"
"GEN24_1006445","Holiday / vacation"
"GEN24_1006460","No other reason"
"GEN24_1006467","Holiday / vacation"
"GEN24_1006469","VFR"
"GEN24_1006473","No other reason"
"GEN24_1006484","Other"
"GEN24_1006485","VFR"
"GEN24_1006490","Business"
"GEN24_1006497","No other reason"
"GEN24_1006498","No other reason"
"GEN24_1006500","No other reason"
"GEN24_1006502","Holiday / vacation"
"GEN24_1006506","No other reason"
"GEN24_1006510","Holiday / vacation"
"GEN24_1006514","No other reason"
"GEN24_1006515","No other reason"
"GEN24_1006522","Conference / convention"
"GEN24_1006523","Conference / convention"
"GEN24_1006524","No other reason"
"GEN24_1006531","VFR"
"GEN24_1006532","VFR"
"GEN24_1006547","Other"
"GEN24_1006548","Conference / convention"
"GEN24_1006552","No other reason"
"GEN24_1006555","Holiday / vacation"
"GEN24_1006556","VFR"
"GEN24_1006558","No other reason"
"GEN24_1006562","VFR"
"GEN24_1006582","No other reason"
"GEN24_1006587","No other reason"
"GEN24_1006588","No other reason"
"GEN24_1006593","No other reason"
"GEN24_1006594","Holiday / vacation"
"GEN24_1006596","Holiday / vacation"
"GEN24_1006601","No other reason"
"GEN24_1006611","Holiday / vacation"
"GEN24_1006613","Holiday / vacation"
"GEN24_1006621","No other reason"
"GEN24_1006622","No other reason"
"GEN24_1006629","No other reason"
"GEN24_1006635","VFR"
"GEN24_1006636","No other reason"
"GEN24_1006637","No other reason"
"GEN24_1006643","No other reason"
"GEN24_1006644","No other reason"
"GEN24_1006647","No other reason"
"GEN24_1006649","No other reason"
"GEN24_1006650","Holiday / vacation"
"GEN24_1006652","Holiday / vacation"
"GEN24_1006655","No other reason"
"GEN24_1006656","VFR"
"GEN24_1006660","No other reason"
"GEN24_1006661","No other reason"
"GEN24_1006662","Holiday / vacation"
"GEN24_1006663","No other reason"
"GEN24_1006666","Holiday / vacation"
"GEN24_1006669","No other reason"
"GEN24_1006670","No other reason"
"GEN24_1006672","No other reason"
"GEN24_1006674","No other reason"
"GEN24_1006679","Holiday / vacation"
"GEN24_1006685","No other reason"
"GEN24_1006687","No other reason"
"GEN24_1006689","No other reason"
"GEN24_1006690","No other reason"
"GEN24_1006692","No other reason"
"GEN24_1006693","No other reason"
"GEN24_1006699","No other reason"
"GEN24_1006701","No other reason"
"GEN24_1006702","No other reason"
"GEN24_1006704","No other reason"
"GEN24_1006712","No other reason"
"GEN24_1006713","Holiday / vacation"
"GEN24_1006717","No other reason"
"GEN24_1006719","No other reason"
"GEN24_1006721","No other reason"
"GEN24_1006722","No other reason"
"GEN24_1006732","Holiday / vacation"
"GEN24_1006738","Holiday / vacation"
"GEN24_1006740","VFR"
"GEN24_1006741","Holiday / vacation"
"GEN24_1006741","Other"
"GEN24_1006745","No other reason"
"GEN24_1006751","Other"
"GEN24_1006752","No other reason"
"GEN24_1006756","Conference / convention"
"GEN24_1006759","No other reason"
"GEN24_1006768","VFR"
"GEN24_1006770","Business"
"GEN24_1006772","Holiday / vacation"
"GEN24_1006773","No other reason"
"GEN24_1006782","Holiday / vacation"
"GEN24_1006787","No other reason"
"GEN24_1006788","VFR"
"GEN24_1006791","VFR"
"GEN24_1006795","Business"
"GEN24_1006802","No other reason"
"GEN24_1006810","Holiday / vacation"
"GEN24_1006815","No other reason"
"GEN24_1006816","Holiday / vacation"
"GEN24_1006819","No other reason"
"GEN24_1006820","Holiday / vacation"
"GEN24_1006820","Other"
"GEN24_1006823","No other reason"
"GEN24_1006828","No other reason"
"GEN24_1006836","Holiday / vacation"
"GEN24_1006840","No other reason"
"GEN24_1006851","Holiday / vacation"
"GEN24_1006852","No other reason"
"GEN24_1006854","Holiday / vacation"
"GEN24_1006863","No other reason"
"GEN24_1006872","No other reason"
"GEN24_1006876","No other reason"
"GEN24_1006880","No other reason"
"GEN24_1006881","Holiday / vacation"
"GEN24_1006881","VFR"
"GEN24_1006883","No other reason"
"GEN24_1006884","No other reason"
"GEN24_1006888","No other reason"
"GEN24_1006891","Holiday / vacation"
"GEN24_1006893","No other reason"
"GEN24_1006896","No other reason"
"GEN24_1006897","No other reason"
"GEN24_1006900","No other reason"
"GEN24_1006907","Holiday / vacation"
"GEN24_1006908","No other reason"
"GEN24_1006914","Other"
"GEN24_1006921","No other reason"
"GEN24_1006923","No other reason"
"GEN24_1006924","No other reason"
"GEN24_1006928","No other reason"
"GEN24_1006932","No other reason"
"GEN24_1006937","VFR"
"GEN24_1006940","No other reason"
"GEN24_1006944","Holiday / vacation"
"GEN24_1006948","No other reason"
"GEN24_1006949","No other reason"
"GEN24_1006953","Holiday / vacation"
"GEN24_1006954","No other reason"
"GEN24_1006958","No other reason"
"GEN24_1006960","No other reason"
"GEN24_1006970","Holiday / vacation"
"GEN24_1006972","No other reason"
"GEN24_1006977","No other reason"
"GEN24_1006978","No other reason"
"GEN24_1006984","No other reason"
"GEN24_1006987","No other reason"
"GEN24_1006989","No other reason"
"GEN24_1006990","No other reason"
"GEN24_1007020","No other reason"
"GEN24_1007023","No other reason"
"GEN24_1007026","No other reason"
"GEN24_1007037","Holiday / vacation"
"GEN24_1007038","No other reason"
"GEN24_1007044","No other reason"
"GEN24_1007077","No other reason"
"GEN24_1007081","Business"
"GEN24_1007085","Holiday / vacation"
"GEN24_1007086","No other reason"
"GEN24_1007088","No other reason"
"GEN24_1007089","Other"
"GEN24_1007090","Other"
"GEN24_1007091","Holiday / vacation"
"GEN24_1007092","No other reason"
"GEN24_1007096","No other reason"
"GEN24_1007101","Holiday / vacation"
"GEN24_1007109","No other reason"
"GEN24_1007113","No other reason"
"GEN24_1007115","No other reason"
"GEN24_1007117","No other reason"
"GEN24_1007120","Holiday / vacation"
"GEN24_1007121","Other"
"GEN24_1007123","No other reason"
"GEN24_1007128","VFR"
"GEN24_1007129","No other reason"
"GEN24_1007132","No other reason"
"GEN24_1007133","No other reason"
"GEN24_1007134","No other reason"
"GEN24_1007137","No other reason"
"GEN24_1007140","No other reason"
"GEN24_1007154","Holiday / vacation"
"GEN24_1007155","No other reason"
"GEN24_1007166","Business"
"GEN24_1007167","No other reason"
"GEN24_1007168","Holiday / vacation"
"GEN24_1007168","VFR"
"GEN24_1007175","Holiday / vacation"
"GEN24_1007177","No other reason"
"GEN24_1007185","No other reason"
"GEN24_1007188","Holiday / vacation"
"GEN24_1007189","Holiday / vacation"
"GEN24_1007193","No other reason"
"GEN24_1007210","Holiday / vacation"
"GEN24_1007215","No other reason"
"GEN24_1007219","Holiday / vacation"
"GEN24_1007221","VFR"
"GEN24_1007224","No other reason"
"GEN24_1007228","No other reason"
"GEN24_1007232","No other reason"
"GEN24_1007242","VFR"
"GEN24_1007243","No other reason"
"GEN24_1007246","No other reason"
"GEN24_1007251","VFR"
"GEN24_1007253","No other reason"
"GEN24_1007256","No other reason"
"GEN24_1007259","No other reason"
"GEN24_1007260","Holiday / vacation"
"GEN24_1007265","Holiday / vacation"
"GEN24_1007266","No other reason"
"GEN24_1007267","No other reason"
"GEN24_1007275","Business"
"GEN24_1007275","Holiday / vacation"
"GEN24_1007276","No other reason"
"GEN24_1007277","Holiday / vacation"
"GEN24_1007283","Other"
"GEN24_1007284","Other"
"GEN24_1007293","Other"
"GEN24_1007294","No other reason"
"GEN24_1007298","No other reason"
"GEN24_1007299","VFR"
"GEN24_1007300","No other reason"
"GEN24_1007302","No other reason"
"GEN24_1007310","No other reason"
"GEN24_1007312","No other reason"
"GEN24_1007322","Other"
"GEN24_1007329","No other reason"
"GEN24_1007330","No other reason"
"GEN24_1007332","Holiday / vacation"
"GEN24_1007333","No other reason"
"GEN24_1007334","VFR"
"GEN24_1007336","Holiday / vacation"
"GEN24_1007339","No other reason"
"GEN24_1007340","VFR"
"GEN24_1007341","No other reason"
"GEN24_1007342","Holiday / vacation"
"GEN24_1007343","No other reason"
"GEN24_1007344","No other reason"
"GEN24_1007346","No other reason"
"GEN24_1007349","Other"
"GEN24_1007351","No other reason"
"GEN24_1007354","Holiday / vacation"
"GEN24_1007364","No other reason"
"GEN24_1007367","Holiday / vacation"
"GEN24_1007368","No other reason"
"GEN24_1007369","Other"
"GEN24_1007370","No other reason"
"GEN24_1007371","No other reason"
"GEN24_1007373","VFR"
"GEN24_1007377","No other reason"
"GEN24_1007384","No other reason"
"GEN24_1007385","No other reason"
"GEN24_1007386","No other reason"
"GEN24_1007397","No other reason"
"GEN24_1007398","Holiday / vacation"
"GEN24_1007399","Other"
"GEN24_1007407","Holiday / vacation"
"GEN24_1007413","Other"
"GEN24_1007416","No other reason"
"GEN24_1007418","No other reason"
"GEN24_1007419","VFR"
"GEN24_1007421","Holiday / vacation"
"GEN24_1007422","No other reason"
"GEN24_1007423","No other reason"
"GEN24_1007424","Holiday / vacation"
"GEN24_1007434","Holiday / vacation"
"GEN24_1007437","No other reason"
"GEN24_1007443","No other reason"
"GEN24_1007450","No other reason"
"GEN24_1007452","No other reason"
"GEN24_1007454","No other reason"
"GEN24_1007465","No other reason"
"GEN24_1007482","Holiday / vacation"
"GEN24_1007484","Holiday / vacation"
"GEN24_1007485","No other reason"
"GEN24_1007486","Holiday / vacation"
"GEN24_1007489","No other reason"
"GEN24_1007492","No other reason"
"GEN24_1007494","No other reason"
"GEN24_1007499","No other reason"
"GEN24_1007503","VFR"
"GEN24_1007504","No other reason"
"GEN24_1007509","Holiday / vacation"
"GEN24_1007518","VFR"
"GEN24_1007519","Holiday / vacation"
"GEN24_1007520","Holiday / vacation"
"GEN24_1007527","No other reason"
"GEN24_1007528","Holiday / vacation"
"GEN24_1007529","Holiday / vacation"
"GEN24_1007538","No other reason"
"GEN24_1007541","No other reason"
"GEN24_1007542","No other reason"
"GEN24_1007543","Holiday / vacation"
"GEN24_1007544","No other reason"
"GEN24_1007546","No other reason"
"GEN24_1007547","No other reason"
"GEN24_1007558","No other reason"
"GEN24_1007559","Holiday / vacation"
"GEN24_1007560","No other reason"
"GEN24_1007561","VFR"
"GEN24_1007562","No other reason"
"GEN24_1007564","Holiday / vacation"
"GEN24_1007569","No other reason"
"GEN24_1007570","No other reason"
"GEN24_1007572","VFR"
"GEN24_1007573","Holiday / vacation"
"GEN24_1007574","Holiday / vacation"
"GEN24_1007576","VFR"
"GEN24_1007581","No other reason"
"GEN24_1007582","No other reason"
"GEN24_1007583","No other reason"
"GEN24_1007586","Other"
"GEN24_1007592","No other reason"
"GEN24_1007600","No other reason"
"GEN24_1007601","No other reason"
"GEN24_1007602","Holiday / vacation"
"GEN24_1007603","VFR"
"GEN24_1007611","No other reason"
"GEN24_1007617","VFR"
"GEN24_1007626","Other"
"GEN24_1007633","No other reason"
"GEN24_1007636","No other reason"
"GEN24_1007638","No other reason"
"GEN24_1007643","VFR"
"GEN24_1007645","No other reason"
"GEN24_1007646","No other reason"
"GEN24_1007647","Holiday / vacation"
"GEN24_1007649","No other reason"
"GEN24_1007650","No other reason"
"GEN24_1007651","No other reason"
"GEN24_1007654","No other reason"
"GEN24_1007656","VFR"
"GEN24_1007659","Other"
"GEN24_1007660","No other reason"
"GEN24_1007661","No other reason"
"GEN24_1007662","No other reason"
"GEN24_1007688","Other"
"GEN24_1007692","VFR"
"GEN24_1007697","No other reason"
"GEN24_1007699","No other reason"
"GEN24_1007703","Holiday / vacation"
"GEN24_1007705","No other reason"
"GEN24_1007715","Holiday / vacation"
"GEN24_1007717","Holiday / vacation"
"GEN24_1007719","No other reason"
"GEN24_1007722","No other reason"
"GEN24_1007724","Holiday / vacation"
"GEN24_1007727","No other reason"
"GEN24_1007730","No other reason"
"GEN24_1007731","No other reason"
"GEN24_1007737","Holiday / vacation"
"GEN24_1007738","No other reason"
"GEN24_1007743","No other reason"
"GEN24_1007745","No other reason"
"GEN24_1007747","No other reason"
"GEN24_1007750","No other reason"
"GEN24_1007753","Holiday / vacation"
"GEN24_1007754","No other reason"
"GEN24_1007755","No other reason"
"GEN24_1007756","Conference / convention"
"GEN24_1007757","No other reason"
"GEN24_1007764","No other reason"
"GEN24_1007767","No other reason"
"GEN24_1007771","VFR"
"GEN24_1007776","No other reason"
"GEN24_1007779","No other reason"
"GEN24_1007781","No other reason"
"GEN24_1007783","VFR"
"GEN24_1007786","No other reason"
"GEN24_1007787","No other reason"
"GEN24_1007791","No other reason"
"GEN24_1007793","No other reason"
"GEN24_1007799","Holiday / vacation"
"GEN24_1007804","No other reason"
"GEN24_1007808","VFR"
"GEN24_1007811","Holiday / vacation"
"GEN24_1007812","Holiday / vacation"
"GEN24_1007813","No other reason"
"GEN24_1007818","No other reason"
"GEN24_1007822","Holiday / vacation"
"GEN24_1007823","No other reason"
"GEN24_1007824","No other reason"
"GEN24_1007826","No other reason"
"GEN24_1007828","Business"
"GEN24_1007828","VFR"
"GEN24_1007846","Business"
"GEN24_1007855","VFR"
"GEN24_1007856","No other reason"
"GEN24_1007857","VFR"
"GEN24_1007858","Holiday / vacation"
"GEN24_1007859","No other reason"
"GEN24_1007861","No other reason"
"GEN24_1007862","VFR"
"GEN24_1007865","VFR"
"GEN24_1007866","No other reason"
"GEN24_1007868","Holiday / vacation"
"GEN24_1007875","No other reason"
"GEN24_1007883","No other reason"
"GEN24_1007884","Other"
"GEN24_1007899","No other reason"
"GEN24_1007902","No other reason"
"GEN24_1007908","No other reason"
"GEN24_1007911","VFR"
"GEN24_1007914","No other reason"
"GEN24_1007917","No other reason"
"GEN24_1007918","No other reason"
"GEN24_1007919","VFR"
"GEN24_1007921","Holiday / vacation"
"GEN24_1007925","Holiday / vacation"
"GEN24_1007926","No other reason"
"GEN24_1007927","No other reason"
"GEN24_1007928","No other reason"
"GEN24_1007930","Holiday / vacation"
"GEN24_1007931","No other reason"
"GEN24_1007941","Holiday / vacation"
"GEN24_1007944","VFR"
"GEN24_1007947","No other reason"
"GEN24_1007949","No other reason"
"GEN24_1007950","Holiday / vacation"
"GEN24_1007952","No other reason"
"GEN24_1007955","No other reason"
"GEN24_1007958","No other reason"
"GEN24_1007964","Holiday / vacation"
"GEN24_1007966","Holiday / vacation"
"GEN24_1007972","VFR"
"GEN24_1007975","Other"
"GEN24_1007976","No other reason"
"GEN24_1007983","No other reason"
"GEN24_1007985","No other reason"
"GEN24_1007991","No other reason"
"GEN24_1007994","Holiday / vacation"
"GEN24_1007996","No other reason"
"GEN24_1008000","No other reason"
"GEN24_1008005","No other reason"
"GEN24_1008009","Holiday / vacation"
"GEN24_1008016","No other reason"
"GEN24_1008018","Holiday / vacation"
"GEN24_1008021","Other"
"GEN24_1008024","VFR"
"GEN24_1008027","No other reason"
"GEN24_1008038","Holiday / vacation"
"GEN24_1008041","No other reason"
"GEN24_1008046","Holiday / vacation"
"GEN24_1008049","VFR"
"GEN24_1008051","No other reason"
"GEN24_1008052","VFR"
"GEN24_1008056","No other reason"
"GEN24_1008057","No other reason"
"GEN24_1008059","No other reason"
"GEN24_1008061","Holiday / vacation"
"GEN24_1008068","No other reason"
"GEN24_1008071","No other reason"
"GEN24_1008073","No other reason"
"GEN24_1008075","Holiday / vacation"
"GEN24_1008079","No other reason"
"GEN24_1008081","Holiday / vacation"
"GEN24_1008082","Holiday / vacation"
"GEN24_1008086","No other reason"
"GEN24_1008089","Holiday / vacation"
"GEN24_1008091","No other reason"
"GEN24_1008092","No other reason"
"GEN24_1008094","No other reason"
"GEN24_1008095","Holiday / vacation"
"GEN24_1008103","No other reason"
"GEN24_1008121","Other"
"GEN24_1008123","Holiday / vacation"
"GEN24_1008124","Holiday / vacation"
"GEN24_1008129","No other reason"
"GEN24_1008132","No other reason"
"GEN24_1008135","No other reason"
"GEN24_1008139","No other reason"
"GEN24_1008141","No other reason"
"GEN24_1008142","No other reason"
"GEN24_1008143","No other reason"
"GEN24_1008144","Holiday / vacation"
"GEN24_1008145","No other reason"
"GEN24_1008147","No other reason"
"GEN24_1008148","Holiday / vacation"
"GEN24_1008153","No other reason"
"GEN24_1008154","VFR"
"GEN24_1008157","No other reason"
"GEN24_1008160","No other reason"
"GEN24_1008164","No other reason"
"GEN24_1008168","Holiday / vacation"
"GEN24_1008171","Holiday / vacation"
"GEN24_1008175","No other reason"
"GEN24_1008176","Other"
"GEN24_1008186","No other reason"
"GEN24_1008192","No other reason"
"GEN24_1008194","Business"
"GEN24_1008199","No other reason"
"GEN24_1008201","No other reason"
"GEN24_1008205","No other reason"
"GEN24_1008207","No other reason"
"GEN24_1008214","No other reason"
"GEN24_1008219","No other reason"
"GEN24_1008222","VFR"
"GEN24_1008226","No other reason"
"GEN24_1008233","Holiday / vacation"
"GEN24_1008234","No other reason"
"GEN24_1008236","No other reason"
"GEN24_1008237","Other"
"GEN24_1008238","Other"
"GEN24_1008241","No other reason"
"GEN24_1008246","Holiday / vacation"
"GEN24_1008255","Holiday / vacation"
"GEN24_1008261","No other reason"
"GEN24_1008268","No other reason"
"GEN24_1008274","Holiday / vacation"
"GEN24_1008277","No other reason"
"GEN24_1008278","No other reason"
"GEN24_1008286","No other reason"
"GEN24_1008288","Holiday / vacation"
"GEN24_1008290","No other reason"
"GEN24_1008296","No other reason"
"GEN24_1008298","Holiday / vacation"
"GEN24_1008303","No other reason"
"GEN24_1008305","No other reason"
"GEN24_1008308","Holiday / vacation"
"GEN24_1008309","VFR"
"GEN24_1008310","No other reason"
"GEN24_1008311","Holiday / vacation"
"GEN24_1008313","No other reason"
"GEN24_1008317","Holiday / vacation"
"GEN24_1008326","Holiday / vacation"
"GEN24_1008337","No other reason"
"GEN24_1008338","Holiday / vacation"
"GEN24_1008339","No other reason"
"GEN24_1008340","No other reason"
"GEN24_1008341","No other reason"
"GEN24_1008345","Holiday / vacation"
"GEN24_1008346","Other"
"GEN24_1008347","VFR"
"GEN24_1008348","No other reason"
"GEN24_1008351","No other reason"
"GEN24_1008352","No other reason"
"GEN24_1008354","No other reason"
"GEN24_1008358","Other"
"GEN24_1008360","No other reason"
"GEN24_1008364","Holiday / vacation"
"GEN24_1008365","Other"
"GEN24_1008366","Holiday / vacation"
"GEN24_1008368","Other"
"GEN24_1008369","Holiday / vacation"
"GEN24_1008371","No other reason"
"GEN24_1008377","No other reason"
"GEN24_1008379","Other"
"GEN24_1008380","No other reason"
"GEN24_1008386","No other reason"
"GEN24_1008389","No other reason"
"GEN24_1008392","Holiday / vacation"
"GEN24_1008398","VFR"
"GEN24_1008403","Holiday / vacation"
"GEN24_1008404","No other reason"
"GEN24_1008409","Holiday / vacation"
"GEN24_1008413","No other reason"
"GEN24_1008416","No other reason"
"GEN24_1008417","No other reason"
"GEN24_1008419","VFR"
"GEN24_1008427","VFR"
"GEN24_1008428","Holiday / vacation"
"GEN24_1008446","VFR"
"GEN24_1008448","No other reason"
"GEN24_1008452","VFR"
"GEN24_1008453","No other reason"
"GEN24_1008456","No other reason"
"GEN24_1008457","No other reason"
"GEN24_1008458","No other reason"
"GEN24_1008462","No other reason"
"GEN24_1008463","No other reason"
"GEN24_1008468","Other"
"GEN24_1008469","Holiday / vacation"
"GEN24_1008470","Business"
"GEN24_1008470","VFR"
"GEN24_1008474","Other"
"GEN24_1008475","Conference / convention"
"GEN24_1008475","VFR"
"GEN24_1008477","No other reason"
"GEN24_1008482","Holiday / vacation"
"GEN24_1008483","Holiday / vacation"
"GEN24_1008488","No other reason"
"GEN24_1008489","Other"
"GEN24_1008491","VFR"
"GEN24_1008492","No other reason"
"GEN24_1008515","Holiday / vacation"
"GEN24_1008519","No other reason"
"GEN24_1008523","Holiday / vacation"
"GEN24_1008524","Holiday / vacation"
"GEN24_1008525","Holiday / vacation"
"GEN24_1008530","No other reason"
"GEN24_1008532","Other"
"GEN24_1008535","No other reason"
"GEN24_1008537","No other reason"
"GEN24_1008543","VFR"
"GEN24_1008552","No other reason"
"GEN24_1008573","Holiday / vacation"
"GEN24_1008575","No other reason"
"GEN24_1008585","No other reason"
"GEN24_1008598","No other reason"
"GEN24_1008606","No other reason"
"GEN24_1008608","No other reason"
"GEN24_1008612","No other reason"
"GEN24_1008636","No other reason"
"GEN24_1008638","No other reason"
"GEN24_1008639","Holiday / vacation"
"GEN24_1008643","No other reason"
"GEN24_1008645","No other reason"
"GEN24_1008653","VFR"
"GEN24_1008659","Holiday / vacation"
"GEN24_1008665","Holiday / vacation"
"GEN24_1008666","Holiday / vacation"
"GEN24_1008666","VFR"
"GEN24_1008679","No other reason"
"GEN24_1008683","Holiday / vacation"
"GEN24_1008695","VFR"
"GEN24_1008698","No other reason"
"GEN24_1008699","VFR"
"GEN24_1008704","No other reason"
"GEN24_1008706","No other reason"
"GEN24_1008708","Holiday / vacation"
"GEN24_1008710","No other reason"
"GEN24_1008711","No other reason"
"GEN24_1008713","Holiday / vacation"
"GEN24_1008715","Other"
"GEN24_1008719","No other reason"
"GEN24_1008725","Holiday / vacation"
"GEN24_1008727","No other reason"
"GEN24_1008728","Other"
"GEN24_1008734","Holiday / vacation"
"GEN24_1008737","VFR"
"GEN24_1008739","No other reason"
"GEN24_1008741","No other reason"
"GEN24_1008743","Holiday / vacation"
"GEN24_1008746","VFR"
"GEN24_1008747","Holiday / vacation"
"GEN24_1008752","VFR"
"GEN24_1008753","No other reason"
"GEN24_1008765","No other reason"
"GEN24_1008766","VFR"
"GEN24_1008777","No other reason"
"GEN24_1008783","No other reason"
"GEN24_1008785","VFR"
"GEN24_1008791","No other reason"
"GEN24_1008792","No other reason"
"GEN24_1008794","No other reason"
"GEN24_1008796","No other reason"
"GEN24_1008798","Holiday / vacation"
"GEN24_1008799","No other reason"
"GEN24_1008801","Holiday / vacation"
"GEN24_1008803","No other reason"
"GEN24_1008804","No other reason"
"GEN24_1008806","No other reason"
"GEN24_1008808","VFR"
"GEN24_1008809","No other reason"
"GEN24_1008811","Holiday / vacation"
"GEN24_1008812","No other reason"
"GEN24_1008818","VFR"
"GEN24_1008821","No other reason"
"GEN24_1008824","No other reason"
"GEN24_1008830","Holiday / vacation"
"GEN24_1008831","Holiday / vacation"
"GEN24_1008832","No other reason"
"GEN24_1008836","No other reason"
"GEN24_1008838","Holiday / vacation"
"GEN24_1008839","No other reason"
"GEN24_1008840","Holiday / vacation"
"GEN24_1008846","Holiday / vacation"
"GEN24_1008847","No other reason"
"GEN24_1008850","Holiday / vacation"
"GEN24_1008861","No other reason"
"GEN24_1008865","Holiday / vacation"
"GEN24_1008869","No other reason"
"GEN24_1008870","No other reason"
"GEN24_1008878","No other reason"
"GEN24_1008889","No other reason"
"GEN24_1008897","Holiday / vacation"
"GEN24_1008906","No other reason"
"GEN24_1008914","No other reason"
"GEN24_1008919","No other reason"
"GEN24_1008921","Holiday / vacation"
"GEN24_1008921","Other"
"GEN24_1008924","No other reason"
"GEN24_1008925","Holiday / vacation"
"GEN24_1008930","No other reason"
"GEN24_1008932","Business"
"GEN24_1008935","No other reason"
"GEN24_1008937","No other reason"
"GEN24_1008938","No other reason"
"GEN24_1008939","No other reason"
"GEN24_1008941","VFR"
"GEN24_1008944","No other reason"
"GEN24_1008947","Other"
"GEN24_1008951","No other reason"
"GEN24_1008952","No other reason"
"GEN24_1008953","No other reason"
"GEN24_1008954","No other reason"
"GEN24_1008955","No other reason"
"GEN24_1008961","Holiday / vacation"
"GEN24_1008962","No other reason"
"GEN24_1008967","Holiday / vacation"
"GEN24_1008968","VFR"
"GEN24_1008969","VFR"
"GEN24_1008971","No other reason"
"GEN24_1008973","No other reason"
"GEN24_1008976","No other reason"
"GEN24_1008979","No other reason"
"GEN24_1008981","No other reason"
"GEN24_1008984","VFR"
"GEN24_1008985","No other reason"
"GEN24_1008990","VFR"
"GEN24_1008995","Holiday / vacation"
"GEN24_1008997","No other reason"
"GEN24_1009002","No other reason"
"GEN24_1009004","No other reason"
"GEN24_1009014","Holiday / vacation"
"GEN24_1009018","No other reason"
"GEN24_1009022","No other reason"
"GEN24_1009034","No other reason"
"GEN24_1009035","No other reason"
"GEN24_1009041","No other reason"
"GEN24_1009052","Conference / convention"
"GEN24_1009053","Other"
"GEN24_1009055","No other reason"
"GEN24_1009061","No other reason"
"GEN24_1009066","Holiday / vacation"
"GEN24_1009072","No other reason"
"GEN24_1009073","No other reason"
"GEN24_1009075","VFR"
"GEN24_1009083","VFR"
"GEN24_1009084","Holiday / vacation"
"GEN24_1009087","VFR"
"GEN24_1009093","No other reason"
"GEN24_1009098","Holiday / vacation"
"GEN24_1009099","No other reason"
"GEN24_1009100","No other reason"
"GEN24_1009101","Conference / convention"
"GEN24_1009101","Holiday / vacation"
"GEN24_1009109","No other reason"
"GEN24_1009110","Holiday / vacation"
"GEN24_1009113","No other reason"
"GEN24_1009114","No other reason"
"GEN24_1009126","No other reason"
"GEN24_1009127","No other reason"
"GEN24_1009143","Holiday / vacation"
"GEN24_1009144","No other reason"
"GEN24_1009156","VFR"
"GEN24_1009158","Holiday / vacation"
"GEN24_1009159","No other reason"
"GEN24_1009164","No other reason"
"GEN24_1009165","No other reason"
"GEN24_1009166","No other reason"
"GEN24_1009170","No other reason"
"GEN24_1009171","VFR"
"GEN24_1009173","No other reason"
"GEN24_1009174","VFR"
"GEN24_1009175","No other reason"
"GEN24_1009180","VFR"
"GEN24_1009190","No other reason"
"GEN24_1009195","No other reason"
"GEN24_1009198","No other reason"
"GEN24_1009199","No other reason"
"GEN24_1009206","No other reason"
"GEN24_1009214","Other"
"GEN24_1009217","No other reason"
"GEN24_1009219","No other reason"
"GEN24_1009220","No other reason"
"GEN24_1009226","No other reason"
"GEN24_1009231","VFR"
"GEN24_1009232","No other reason"
"GEN24_1009242","Holiday / vacation"
"GEN24_1009247","VFR"
"GEN24_1009248","Business"
"GEN24_1009248","Holiday / vacation"
"GEN24_1009252","VFR"
"GEN24_1009253","No other reason"
"GEN24_1009255","No other reason"
"GEN24_1009256","VFR"
"GEN24_1009268","No other reason"
"GEN24_1009274","No other reason"
"GEN24_1009276","Education"
"GEN24_1009279","No other reason"
"GEN24_1009281","No other reason"
"GEN24_1009282","No other reason"
"GEN24_1009290","No other reason"
"GEN24_1009294","No other reason"
"GEN24_1009295","No other reason"
"GEN24_1009302","VFR"
"GEN24_1009303","Other"
"GEN24_1009315","No other reason"
"GEN24_1009317","No other reason"
"GEN24_1009319","No other reason"
"GEN24_1009331","Holiday / vacation"
"GEN24_1009333","VFR"
"GEN24_1009334","No other reason"
"GEN24_1009339","No other reason"
"GEN24_1009340","Other"
"GEN24_1009346","VFR"
"GEN24_1009347","Other"
"GEN24_1009349","VFR"
"GEN24_1009350","Holiday / vacation"
"GEN24_1009357","No other reason"
"GEN24_1009370","Holiday / vacation"
"GEN24_1009375","Holiday / vacation"
"GEN24_1009377","VFR"
"GEN24_1009390","No other reason"
"GEN24_1009397","No other reason"
"GEN24_1009398","VFR"
"GEN24_1009399","No other reason"
"GEN24_1009400","Holiday / vacation"
"GEN24_1009402","Education"
"GEN24_1009412","No other reason"
"GEN24_1009413","Holiday / vacation"
"GEN24_1009417","No other reason"
"GEN24_1009421","No other reason"
"GEN24_1009424","No other reason"
"GEN24_1009428","No other reason"
"GEN24_1009432","Business"
"GEN24_1009432","Education"
"GEN24_1009433","No other reason"
"GEN24_1009436","No other reason"
"GEN24_1009453","No other reason"
"GEN24_1009455","No other reason"
"GEN24_1009457","No other reason"
"GEN24_1009460","Holiday / vacation"
"GEN24_1009461","No other reason"
"GEN24_1009462","No other reason"
"GEN24_1009463","No other reason"
"GEN24_1009464","VFR"
"GEN24_1009465","VFR"
"GEN24_1009466","No other reason"
"GEN24_1009467","No other reason"
"GEN24_1009485","No other reason"
"GEN24_1009486","Holiday / vacation"
"GEN24_1009491","No other reason"
"GEN24_1009492","No other reason"
"GEN24_1009495","No other reason"
"GEN24_1009497","No other reason"
"GEN24_1009498","Holiday / vacation"
"GEN24_1009503","No other reason"
"GEN24_1009504","No other reason"
"GEN24_1009509","No other reason"
"GEN24_1009511","Other"
"GEN24_1009511","VFR"
"GEN24_1009516","Holiday / vacation"
"GEN24_1009526","No other reason"
"GEN24_1009530","VFR"
"GEN24_1009531","No other reason"
"GEN24_1009534","No other reason"
"GEN24_1009535","No other reason"
"GEN24_1009536","No other reason"
"GEN24_1009541","VFR"
"GEN24_1009542","No other reason"
"GEN24_1009543","Holiday / vacation"
"GEN24_1009544","No other reason"
"GEN24_1009545","No other reason"
"GEN24_1009548","No other reason"
"GEN24_1009549","Other"
"GEN24_1009550","No other reason"
"GEN24_1009555","No other reason"
"GEN24_1009556","No other reason"
"GEN24_1009558","No other reason"
"GEN24_1009561","VFR"
"GEN24_1009562","No other reason"
"GEN24_1009563","Holiday / vacation"
"GEN24_1009567","Holiday / vacation"
"GEN24_1009571","No other reason"
"GEN24_1009574","Holiday / vacation"
"GEN24_1009575","No other reason"
"GEN24_1009576","Conference / convention"
"GEN24_1009581","Holiday / vacation"
"GEN24_1009595","No other reason"
"GEN24_1009611","No other reason"
"GEN24_1009613","No other reason"
"GEN24_1009615","Holiday / vacation"
"GEN24_1009616","Holiday / vacation"
"GEN24_1009617","No other reason"
"GEN24_1009621","No other reason"
"GEN24_1009626","No other reason"
"GEN24_1009635","No other reason"
"GEN24_1009641","Holiday / vacation"
"GEN24_1009650","No other reason"
"GEN24_1009652","No other reason"
"GEN24_1009653","Holiday / vacation"
"GEN24_1009657","No other reason"
"GEN24_1009658","No other reason"
"GEN24_1009666","Holiday / vacation"
"GEN24_1009671","No other reason"
"GEN24_1009675","No other reason"
"GEN24_1009705","No other reason"
"GEN24_1009707","No other reason"
"GEN24_1009709","No other reason"
"GEN24_1009715","No other reason"
"GEN24_1009718","No other reason"
"GEN24_1009719","No other reason"
"GEN24_1009721","No other reason"
"GEN24_1009723","Holiday / vacation"
"GEN24_1009725","Holiday / vacation"
"GEN24_1009727","No other reason"
"GEN24_1009731","Business"
"GEN24_1009732","No other reason"
"GEN24_1009742","No other reason"
"GEN24_1009748","Business"
"GEN24_1009751","No other reason"
"GEN24_1009753","VFR"
"GEN24_1009755","No other reason"
"GEN24_1009757","No other reason"
"GEN24_1009762","No other reason"
"GEN24_1009763","No other reason"
"GEN24_1009766","No other reason"
"GEN24_1009767","No other reason"
"GEN24_1009768","Holiday / vacation"
"GEN24_1009772","VFR"
"GEN24_1009775","Holiday / vacation"
"GEN24_1009776","No other reason"
"GEN24_1009779","Holiday / vacation"
"GEN24_1009788","Holiday / vacation"
"GEN24_1009790","No other reason"
"GEN24_1009791","No other reason"
"GEN24_1009792","Holiday / vacation"
"GEN24_1009794","Holiday / vacation"
"GEN24_1009806","Holiday / vacation"
"GEN24_1009815","No other reason"
"GEN24_1009824","No other reason"
"GEN24_1009826","Holiday / vacation"
"GEN24_1009827","No other reason"
"GEN24_1009829","Holiday / vacation"
"GEN24_1009843","VFR"
"GEN24_1009848","Holiday / vacation"
"GEN24_1009850","VFR"
"GEN24_1009853","VFR"
"GEN24_1009854","No other reason"
"GEN24_1009856","No other reason"
"GEN24_1009857","No other reason"
"GEN24_1009860","Holiday / vacation"
"GEN24_1009865","No other reason"
"GEN24_1009867","No other reason"
"GEN24_1009868","No other reason"
"GEN24_1009870","No other reason"
"GEN24_1009872","No other reason"
"GEN24_1009873","Holiday / vacation"
"GEN24_1009877","No other reason"
"GEN24_1009884","No other reason"
"GEN24_1009892","No other reason"
"GEN24_1009897","No other reason"
"GEN24_1009900","No other reason"
"GEN24_1009902","No other reason"
"GEN24_1009903","No other reason"
"GEN24_1009906","No other reason"
"GEN24_1009908","No other reason"
"GEN24_1009909","No other reason"
"GEN24_1009913","Holiday / vacation"
"GEN24_1009917","VFR"
"GEN24_1009918","No other reason"
"GEN24_1009919","No other reason"
"GEN24_1009920","No other reason"
"GEN24_1009923","No other reason"
"GEN24_1009924","No other reason"
"GEN24_1009925","No other reason"
"GEN24_1009929","Holiday / vacation"
"GEN24_1009930","No other reason"
"GEN24_1009931","No other reason"
"GEN24_1009935","Holiday / vacation"
"GEN24_1009939","Holiday / vacation"
"GEN24_1009942","No other reason"
"GEN24_1009944","No other reason"
"GEN24_1009952","Holiday / vacation"
"GEN24_1009958","Other"
"GEN24_1009960","VFR"
"GEN24_1009962","No other reason"
"GEN24_1009964","No other reason"
"GEN24_1009965","No other reason"
"GEN24_1009967","VFR"
"GEN24_1009970","Holiday / vacation"
"GEN24_1009972","Holiday / vacation"
"GEN24_1009976","No other reason"
"GEN24_1009994","No other reason"
"GEN24_1009997","No other reason"
"GEN24_1009998","No other reason"
"GEN24_1009999","No other reason"
"GEN24_1010001","No other reason"
"GEN24_1010002","No other reason"
"GEN24_1010008","Holiday / vacation"
"GEN24_1010011","No other reason"
"GEN24_1010012","No other reason"
"GEN24_1010013","No other reason"
"GEN24_1010018","No other reason"
"GEN24_1010023","No other reason"
"GEN24_1010026","VFR"
"GEN24_1010029","No other reason"
"GEN24_1010030","No other reason"
"GEN24_1010031","No other reason"
"GEN24_1010036","Holiday / vacation"
"GEN24_1010040","No other reason"
"GEN24_1010041","No other reason"
"GEN24_1010044","No other reason"
"GEN24_1010048","No other reason"
"GEN24_1010050","No other reason"
"GEN24_1010051","No other reason"
"GEN24_1010053","Holiday / vacation"
"GEN24_1010061","No other reason"
"GEN24_1010069","No other reason"
"GEN24_1010074","No other reason"
"GEN24_1010077","No other reason"
"GEN24_1010090","No other reason"
"GEN24_1010094","No other reason"
"GEN24_1010098","No other reason"
"GEN24_1010103","No other reason"
"GEN24_1010106","No other reason"
"GEN24_1010107","No other reason"
"GEN24_1010108","No other reason"
"GEN24_1010117","VFR"
"GEN24_1010127","Holiday / vacation"
"GEN24_1010131","Holiday / vacation"
"GEN24_1010134","Holiday / vacation"
"GEN24_1010136","Holiday / vacation"
"GEN24_1010138","Holiday / vacation"
"GEN24_1010139","Holiday / vacation"
"GEN24_1010141","No other reason"
"GEN24_1010143","No other reason"
"GEN24_1010150","Other"
"GEN24_1010154","Other"
"GEN24_1010172","No other reason"
"GEN24_1010177","Holiday / vacation"
"GEN24_1010179","No other reason"
"GEN24_1010183","VFR"
"GEN24_1010187","No other reason"
"GEN24_1010188","VFR"
"GEN24_1010189","No other reason"
"GEN24_1010190","Holiday / vacation"
"GEN24_1010191","Holiday / vacation"
"GEN24_1010192","Other"
"GEN24_1010192","VFR"
"GEN24_1010198","Holiday / vacation"
"GEN24_1010202","No other reason"
"GEN24_1010207","No other reason"
"GEN24_1010208","No other reason"
"GEN24_1010209","No other reason"
"GEN24_1010212","No other reason"
"GEN24_1010213","VFR"
"GEN24_1010214","No other reason"
"GEN24_1010218","No other reason"
"GEN24_1010224","No other reason"
"GEN24_1010227","No other reason"
"GEN24_1010239","No other reason"
"GEN24_1010241","No other reason"
"GEN24_1010245","No other reason"
"GEN24_1010249","No other reason"
"GEN24_1010253","VFR"
"GEN24_1010258","No other reason"
"GEN24_1010259","VFR"
"GEN24_1010261","Holiday / vacation"
"GEN24_1010264","Holiday / vacation"
"GEN24_1010265","No other reason"
"GEN24_1010266","No other reason"
"GEN24_1010268","No other reason"
"GEN24_1010269","No other reason"
"GEN24_1010278","Education"
"GEN24_1010284","VFR"
"GEN24_1010289","No other reason"
"GEN24_1010290","Other"
"GEN24_1010294","Other"
"GEN24_1010296","Holiday / vacation"
"GEN24_1010299","Other"
"GEN24_1010300","No other reason"
"GEN24_1010302","No other reason"
"GEN24_1010303","Other"
"GEN24_1010310","No other reason"
"GEN24_1010311","VFR"
"GEN24_1010312","No other reason"
"GEN24_1010313","No other reason"
"GEN24_1010314","No other reason"
"GEN24_1010316","No other reason"
"GEN24_1010320","VFR"
"GEN24_1010321","No other reason"
"GEN24_1010323","Holiday / vacation"
"GEN24_1010326","Other"
"GEN24_1010327","Holiday / vacation"
"GEN24_1010328","VFR"
"GEN24_1010331","VFR"
"GEN24_1010337","No other reason"
"GEN24_1010339","No other reason"
"GEN24_1010343","No other reason"
"GEN24_1010344","VFR"
"GEN24_1010345","Holiday / vacation"
"GEN24_1010347","VFR"
"GEN24_1010348","No other reason"
"GEN24_1010349","No other reason"
"GEN24_1010351","Holiday / vacation"
"GEN24_1010355","Holiday / vacation"
"GEN24_1010359","VFR"
"GEN24_1010363","No other reason"
"GEN24_1010367","No other reason"
"GEN24_1010374","No other reason"
"GEN24_1010376","Holiday / vacation"
"GEN24_1010378","No other reason"
"GEN24_1010382","No other reason"
"GEN24_1010383","Holiday / vacation"
"GEN24_1010387","No other reason"
"GEN24_1010388","No other reason"
"GEN24_1010393","Holiday / vacation"
"GEN24_1010396","No other reason"
"GEN24_1010400","Holiday / vacation"
"GEN24_1010403","No other reason"
"GEN24_1010410","No other reason"
"GEN24_1010413","No other reason"
"GEN24_1010416","Holiday / vacation"
"GEN24_1010418","VFR"
"GEN24_1010422","Other"
"GEN24_1010439","Holiday / vacation"
"GEN24_1010441","No other reason"
"GEN24_1010442","Conference / convention"
"GEN24_1010444","Holiday / vacation"
"GEN24_1010446","Holiday / vacation"
"GEN24_1010451","Holiday / vacation"
"GEN24_1010455","VFR"
"GEN24_1010459","Holiday / vacation"
"GEN24_1010462","No other reason"
"GEN24_1010463","No other reason"
"GEN24_1010464","No other reason"
"GEN24_1010468","Holiday / vacation"
"GEN24_1010475","No other reason"
"GEN24_1010480","No other reason"
"GEN24_1010483","No other reason"
"GEN24_1010488","VFR"
"GEN24_1010491","No other reason"
"GEN24_1010492","No other reason"
"GEN24_1010498","No other reason"
"GEN24_1010504","No other reason"
"GEN24_1010508","Other"
"GEN24_1010513","No other reason"
"GEN24_1010514","No other reason"
"GEN24_1010516","No other reason"
"GEN24_1010517","No other reason"
"GEN24_1010519","No other reason"
"GEN24_1010521","No other reason"
"GEN24_1010523","No other reason"
"GEN24_1010524","VFR"
"GEN24_1010525","No other reason"
"GEN24_1010528","No other reason"
"GEN24_1010529","Holiday / vacation"
"GEN24_1010530","Holiday / vacation"
"GEN24_1010531","VFR"
"GEN24_1010532","Holiday / vacation"
"GEN24_1010537","No other reason"
"GEN24_1010539","VFR"
"GEN24_1010541","No other reason"
"GEN24_1010547","Other"
"GEN24_1010550","No other reason"
"GEN24_1010553","No other reason"
"GEN24_1010554","Holiday / vacation"
"GEN24_1010562","No other reason"
"GEN24_1010564","No other reason"
"GEN24_1010571","No other reason"
"GEN24_1010573","VFR"
"GEN24_1010577","No other reason"
"GEN24_1010585","No other reason"
"GEN24_1010586","No other reason"
"GEN24_1010588","No other reason"
"GEN24_1010589","No other reason"
"GEN24_1010591","No other reason"
"GEN24_1010593","Holiday / vacation"
"GEN24_1010595","No other reason"
"GEN24_1010597","No other reason"
"GEN24_1010598","No other reason"
"GEN24_1010620","No other reason"
"GEN24_1010628","No other reason"
"GEN24_1010629","No other reason"
"GEN24_1010630","No other reason"
"GEN24_1010633","No other reason"
"GEN24_1010635","Other"
"GEN24_1010638","No other reason"
"GEN24_1010643","Holiday / vacation"
"GEN24_1010647","Holiday / vacation"
"GEN24_1010649","Business"
"GEN24_1010651","No other reason"
"GEN24_1010672","No other reason"
"GEN24_1010673","No other reason"
"GEN24_1010674","No other reason"
"GEN24_1010676","No other reason"
"GEN24_1010678","Business"
"GEN24_1010680","No other reason"
"GEN24_1010681","Holiday / vacation"
"GEN24_1010688","No other reason"
"GEN24_1010690","Holiday / vacation"
"GEN24_1010691","Holiday / vacation"
"GEN24_1010695","No other reason"
"GEN24_1010702","No other reason"
"GEN24_1010707","No other reason"
"GEN24_1010708","No other reason"
"GEN24_1010714","No other reason"
"GEN24_1010715","No other reason"
"GEN24_1010718","No other reason"
"GEN24_1010721","Other"
"GEN24_1010723","VFR"
"GEN24_1010724","No other reason"
"GEN24_1010731","Other"
"GEN24_1010732","No other reason"
"GEN24_1010735","Holiday / vacation"
"GEN24_1010749","No other reason"
"GEN24_1010750","No other reason"
"GEN24_1010752","Holiday / vacation"
"GEN24_1010753","No other reason"
"GEN24_1010754","No other reason"
"GEN24_1010756","Holiday / vacation"
"GEN24_1010759","Holiday / vacation"
"GEN24_1010764","No other reason"
"GEN24_1010765","No other reason"
"GEN24_1010767","No other reason"
"GEN24_1010768","No other reason"
"GEN24_1010771","VFR"
"GEN24_1010782","No other reason"
"GEN24_1010784","Holiday / vacation"
"GEN24_1010785","No other reason"
"GEN24_1010787","Holiday / vacation"
"GEN24_1010788","No other reason"
"GEN24_1010791","Holiday / vacation"
"GEN24_1010793","VFR"
"GEN24_1010796","No other reason"
"GEN24_1010798","No other reason"
"GEN24_1010799","No other reason"
"GEN24_1010800","No other reason"
"GEN24_1010802","No other reason"
"GEN24_1010804","No other reason"
"GEN24_1010817","Holiday / vacation"
"GEN24_1010820","Holiday / vacation"
"GEN24_1010824","No other reason"
"GEN24_1010831","Conference / convention"
"GEN24_1010837","Holiday / vacation"
"GEN24_1010841","No other reason"
"GEN24_1010852","No other reason"
"GEN24_1010853","No other reason"
"GEN24_1010856","No other reason"
"GEN24_1010861","No other reason"
"GEN24_1010871","Holiday / vacation"
"GEN24_1010872","Other"
"GEN24_1010873","Other"
"GEN24_1010878","Holiday / vacation"
"GEN24_1010881","No other reason"
"GEN24_1010886","No other reason"
"GEN24_1010888","No other reason"
"GEN24_1010890","No other reason"
"GEN24_1010898","No other reason"
"GEN24_1010900","No other reason"
"GEN24_1010901","VFR"
"GEN24_1010904","Business"
"GEN24_1010913","Holiday / vacation"
"GEN24_1010914","No other reason"
"GEN24_1010915","No other reason"
"GEN24_1010916","No other reason"
"GEN24_1010922","No other reason"
"GEN24_1010924","No other reason"
"GEN24_1010927","No other reason"
"GEN24_1010930","No other reason"
"GEN24_1010932","Holiday / vacation"
"GEN24_1010934","No other reason"
"GEN24_1010935","VFR"
"GEN24_1010941","VFR"
"GEN24_1010942","No other reason"
"GEN24_1010948","No other reason"
"GEN24_1010949","No other reason"
"GEN24_1010954","Other"
"GEN24_1010956","No other reason"
"GEN24_1010968","Holiday / vacation"
"GEN24_1010970","Holiday / vacation"
"GEN24_1010972","VFR"
"GEN24_1010976","Holiday / vacation"
"GEN24_1010978","No other reason"
"GEN24_1010979","VFR"
"GEN24_1010980","No other reason"
"GEN24_1010981","No other reason"
"GEN24_1010982","No other reason"
"GEN24_1010983","No other reason"
"GEN24_1010984","Holiday / vacation"
"GEN24_1010986","No other reason"
"GEN24_1010987","No other reason"
"GEN24_1010988","No other reason"
"GEN24_1010990","Holiday / vacation"
"GEN24_1010992","No other reason"
"GEN24_1010995","No other reason"
"GEN24_1011000","No other reason"
"GEN24_1011007","No other reason"
"GEN24_1011015","No other reason"
"GEN24_1011016","Holiday / vacation"
"GEN24_1011019","No other reason"
"GEN24_1011021","No other reason"
"GEN24_1011024","No other reason"
"GEN24_1011025","No other reason"
"GEN24_1011029","Holiday / vacation"
"GEN24_1011030","No other reason"
"GEN24_1011034","Holiday / vacation"
"GEN24_1011035","No other reason"
"GEN24_1011045","No other reason"
"GEN24_1011053","No other reason"
"GEN24_1011054","No other reason"
"GEN24_1011055","No other reason"
"GEN24_1011056","No other reason"
"GEN24_1011058","No other reason"
"GEN24_1011063","No other reason"
"GEN24_1011065","VFR"
"GEN24_1011069","No other reason"
"GEN24_1011071","VFR"
"GEN24_1011072","No other reason"
"GEN24_1011085","No other reason"
"GEN24_1011086","Holiday / vacation"
"GEN24_1011088","No other reason"
"GEN24_1011090","VFR"
"GEN24_1011094","No other reason"
"GEN24_1011096","No other reason"
"GEN24_1011097","Holiday / vacation"
"GEN24_1011099","No other reason"
"GEN24_1011103","No other reason"
"GEN24_1011105","No other reason"
"GEN24_1011106","VFR"
"GEN24_1011107","No other reason"
"GEN24_1011112","Holiday / vacation"
"GEN24_1011115","No other reason"
"GEN24_1011120","No other reason"
"GEN24_1011122","VFR"
"GEN24_1011127","Holiday / vacation"
"GEN24_1011128","No other reason"
"GEN24_1011146","No other reason"
"GEN24_1011151","No other reason"
"GEN24_1011152","Holiday / vacation"
"GEN24_1011153","No other reason"
"GEN24_1011155","No other reason"
"GEN24_1011156","No other reason"
"GEN24_1011157","No other reason"
"GEN24_1011159","No other reason"
"GEN24_1011160","No other reason"
"GEN24_1011161","No other reason"
"GEN24_1011164","VFR"
"GEN24_1011168","No other reason"
"GEN24_1011176","Holiday / vacation"
"GEN24_1011178","VFR"
"GEN24_1011181","No other reason"
"GEN24_1011184","No other reason"
"GEN24_1011191","Other"
"GEN24_1011194","Holiday / vacation"
"GEN24_1011198","Holiday / vacation"
"GEN24_1011199","No other reason"
"GEN24_1011200","No other reason"
"GEN24_1011206","No other reason"
"GEN24_1011212","No other reason"
"GEN24_1011213","Other"
"GEN24_1011218","Business"
"GEN24_1011221","No other reason"
"GEN24_1011223","No other reason"
"GEN24_1011224","No other reason"
"GEN24_1011225","No other reason"
"GEN24_1011226","Holiday / vacation"
"GEN24_1011227","No other reason"
"GEN24_1011234","No other reason"
"GEN24_1011244","No other reason"
"GEN24_1011245","No other reason"
"GEN24_1011250","VFR"
"GEN24_1011255","Other"
"GEN24_1011259","No other reason"
"GEN24_1011262","Holiday / vacation"
"GEN24_1011264","No other reason"
"GEN24_1011270","Holiday / vacation"
"GEN24_1011272","VFR"
"GEN24_1011273","No other reason"
"GEN24_1011274","No other reason"
"GEN24_1011275","No other reason"
"GEN24_1011277","Holiday / vacation"
"GEN24_1011279","Holiday / vacation"
"GEN24_1011280","Other"
"GEN24_1011284","No other reason"
"GEN24_1011287","No other reason"
"GEN24_1011290","Other"
"GEN24_1011292","No other reason"
"GEN24_1011297","No other reason"
"GEN24_1011299","No other reason"
"GEN24_1011303","No other reason"
"GEN24_1011308","No other reason"
"GEN24_1011309","Other"
"GEN24_1011314","VFR"
"GEN24_1011315","Holiday / vacation"
"GEN24_1011323","Education"
"GEN24_1011328","No other reason"
"GEN24_1011333","No other reason"
"GEN24_1011337","No other reason"
"GEN24_1011338","No other reason"
"GEN24_1011340","No other reason"
"GEN24_1011341","No other reason"
"GEN24_1011348","Holiday / vacation"
"GEN24_1011349","Holiday / vacation"
"GEN24_1011355","No other reason"
"GEN24_1011359","Holiday / vacation"
"GEN24_1011360","Holiday / vacation"
"GEN24_1011364","No other reason"
"GEN24_1011368","VFR"
"GEN24_1011369","No other reason"
"GEN24_1011370","VFR"
"GEN24_1011371","No other reason"
"GEN24_1011372","No other reason"
"GEN24_1011381","No other reason"
"GEN24_1011383","No other reason"
"GEN24_1011385","Business"
"GEN24_1011393","No other reason"
"GEN24_1011406","Holiday / vacation"
"GEN24_1011408","No other reason"
"GEN24_1011409","VFR"
"GEN24_1011412","No other reason"
"GEN24_1011415","VFR"
"GEN24_1011436","No other reason"
"GEN24_1011438","No other reason"
"GEN24_1011447","No other reason"
"GEN24_1011452","No other reason"
"GEN24_1011455","No other reason"
"GEN24_1011461","No other reason"
"GEN24_1011465","No other reason"
"GEN24_1011477","No other reason"
"GEN24_1011480","No other reason"
"GEN24_1011481","Other"
"GEN24_1011481","VFR"
"GEN24_1011492","No other reason"
"GEN24_1011495","No other reason"
"GEN24_1011501","No other reason"
"GEN24_1011522","No other reason"
"GEN24_1011525","Other"
"GEN24_1011525","VFR"
"GEN24_1011527","No other reason"
"GEN24_1011530","No other reason"
"GEN24_1011535","Holiday / vacation"
"GEN24_1011538","No other reason"
"GEN24_1011540","VFR"
"GEN24_1011541","No other reason"
"GEN24_1011561","Holiday / vacation"
"GEN24_1011571","No other reason"
"GEN24_1011583","No other reason"
"GEN24_1011587","Holiday / vacation"
"GEN24_1011607","Other"
"GEN24_1011608","No other reason"
"GEN24_1011609","No other reason"
"GEN24_1011614","No other reason"
"GEN24_1011620","VFR"
"GEN24_1011624","Holiday / vacation"
"GEN24_1011628","Holiday / vacation"
"GEN24_1011634","VFR"
"GEN24_1011638","No other reason"
"GEN24_1011639","No other reason"
"GEN24_1011640","No other reason"
"GEN24_1011641","No other reason"
"GEN24_1011657","No other reason"
"GEN24_1011665","No other reason"
"GEN24_1011668","No other reason"
"GEN24_1011669","No other reason"
"GEN24_1011671","No other reason"
"GEN24_1011680","Other"
"GEN24_1011682","Other"
"GEN24_1011687","No other reason"
"GEN24_1011688","No other reason"
"GEN24_1011689","VFR"
"GEN24_1011692","Education"
"GEN24_1011697","Other"
"GEN24_1011702","No other reason"
"GEN24_1011706","Holiday / vacation"
"GEN24_1011708","No other reason"
"GEN24_1011709","No other reason"
"GEN24_1011710","No other reason"
"GEN24_1011711","VFR"
"GEN24_1011715","No other reason"
"GEN24_1011717","Holiday / vacation"
"GEN24_1011728","No other reason"
"GEN24_1011733","Other"
"GEN24_1011737","No other reason"
"GEN24_1011740","No other reason"
"GEN24_1011744","No other reason"
"GEN24_1011747","VFR"
"GEN24_1011762","No other reason"
"GEN24_1011763","No other reason"
"GEN24_1011764","No other reason"
"GEN24_1011804","No other reason"
"GEN24_1011809","No other reason"
"GEN24_1011815","VFR"
"GEN24_1011816","Holiday / vacation"
"GEN24_1011820","No other reason"
"GEN24_1011823","No other reason"
"GEN24_1011825","Holiday / vacation"
"GEN24_1011831","VFR"
"GEN24_1011841","Holiday / vacation"
"GEN24_1011843","No other reason"
"GEN24_1011853","No other reason"
"GEN24_1011854","No other reason"
"GEN24_1011871","VFR"
"GEN24_1011892","No other reason"
"GEN24_1011897","Holiday / vacation"
"GEN24_1011902","Holiday / vacation"
"GEN24_1011907","No other reason"
"GEN24_1011915","No other reason"
"GEN24_1011916","No other reason"
"GEN24_1011918","Business"
"GEN24_1011919","No other reason"
"GEN24_1011923","No other reason"
"GEN24_1011946","Holiday / vacation"
"GEN24_1011952","Holiday / vacation"
"GEN24_1011953","VFR"
"GEN24_1011974","Holiday / vacation"
"GEN24_1011976","Holiday / vacation"
"GEN24_1011977","No other reason"
"GEN24_1011982","Holiday / vacation"
"GEN24_1011993","VFR"
"GEN24_1012001","Holiday / vacation"
"GEN24_1012031","No other reason"
"GEN24_1012037","Holiday / vacation"
"GEN24_1012045","No other reason"
"GEN24_1012050","No other reason"
"GEN24_1012052","No other reason"
"GEN24_1012074","No other reason"
"GEN24_1012084","No other reason"
"GEN24_1012088","No other reason"
"GEN24_1012091","Holiday / vacation"
"GEN24_1012094","No other reason"
"GEN24_1012098","No other reason"
"GEN24_1012103","Holiday / vacation"
"GEN24_1012107","Holiday / vacation"
"GEN24_1012108","Holiday / vacation"
"GEN24_1012110","Holiday / vacation"
"GEN24_1012112","Holiday / vacation"
"GEN24_1012114","No other reason"
"GEN24_1012128","VFR"
"GEN24_1012147","Holiday / vacation"
"GEN24_1012169","No other reason"
"GEN24_1012175","Holiday / vacation"
"GEN24_1012188","Holiday / vacation"
"GEN24_1012197","Holiday / vacation"
"GEN24_1012198","Holiday / vacation"
"GEN24_1012206","Holiday / vacation"
"GEN24_1012211","Holiday / vacation"
"GEN24_1012216","No other reason"
"GEN24_1012218","Holiday / vacation"
"GEN24_1012238","Holiday / vacation"
"GEN24_1012243","Holiday / vacation"
"GEN24_1012245","Holiday / vacation"
"GEN24_1012261","Holiday / vacation"
"GEN24_1012268","No other reason"
"GEN24_1012270","No other reason"
"GEN24_1012284","Holiday / vacation"
"GEN24_1012292","Holiday / vacation"
"GEN24_1012294","Holiday / vacation"
"GEN24_1012295","Holiday / vacation"
"GEN24_1012306","VFR"
"GEN24_1012309","No other reason"
"GEN24_1012319","Holiday / vacation"
"GEN24_1012331","No other reason"
"GEN24_1012353","Holiday / vacation"
"GEN24_1012360","No other reason"
"GEN24_1012363","Holiday / vacation"
"GEN24_1012364","Holiday / vacation"
"GEN24_1012369","No other reason"
"GEN24_1012376","Holiday / vacation"
"GEN24_1012380","Holiday / vacation"
"GEN24_1012390","Holiday / vacation"
"GEN24_1012391","VFR"
"GEN24_1012415","Holiday / vacation"
"GEN24_1012423","No other reason"
"GEN24_1012424","No other reason"
"GEN24_1012426","Holiday / vacation"
"GEN24_1012436","Holiday / vacation"
"GEN24_1012438","No other reason"
"GEN24_1012439","Holiday / vacation"
"GEN24_1012445","Holiday / vacation"
"GEN24_1012447","VFR"
"GEN24_1012454","Holiday / vacation"
"GEN24_1012460","Holiday / vacation"
"GEN24_1012461","VFR"
"GEN24_1012464","No other reason"
"GEN24_1012466","No other reason"
"GEN24_1012478","No other reason"
"GEN24_1012497","No other reason"
"GEN24_1012498","Other"
"GEN24_1012499","Holiday / vacation"
"GEN24_1012505","No other reason"
"GEN24_1012506","Holiday / vacation"
"GEN24_1012508","Holiday / vacation"
"GEN24_1012516","Holiday / vacation"
"GEN24_1012518","Holiday / vacation"
"GEN24_1012522","No other reason"
"GEN24_1012523","Holiday / vacation"
"GEN24_1012524","Holiday / vacation"
"GEN24_1012525","No other reason"
"GEN24_1012529","No other reason"
"GEN24_1012530","Holiday / vacation"
"GEN24_1012531","No other reason"
"GEN24_1012540","No other reason"
"GEN24_1012541","No other reason"
"GEN24_1012548","Holiday / vacation"
"GEN24_1012549","Holiday / vacation"
"GEN24_1012572","Holiday / vacation"
"GEN24_1012576","Holiday / vacation"
"GEN24_1012587","Holiday / vacation"
"GEN24_1012600","Holiday / vacation"
"GEN24_1012607","No other reason"
"GEN24_1012608","Holiday / vacation"
"GEN24_1012610","No other reason"
"GEN24_1012612","Holiday / vacation"
"GEN24_1012614","VFR"
"GEN24_1012619","Holiday / vacation"
"GEN24_1012620","No other reason"
"GEN24_1012621","Holiday / vacation"
"GEN24_1012624","Holiday / vacation"
"GEN24_1012626","No other reason"
"GEN24_1012630","Holiday / vacation"
"GEN24_1012632","No other reason"
"GEN24_1012636","No other reason"
"GEN24_1012637","No other reason"
"GEN24_1012640","Holiday / vacation"
"GEN24_1012643","No other reason"
"GEN24_1012647","VFR"
"GEN24_1012649","VFR"
"GEN24_1012659","No other reason"
"GEN24_1012661","No other reason"
"GEN24_1012662","Holiday / vacation"
"GEN24_1012665","Holiday / vacation"
"GEN24_1012667","No other reason"
"GEN24_1012669","No other reason"
"GEN24_1012675","VFR"
"GEN24_1012679","No other reason"
"GEN24_1012687","Holiday / vacation"
"GEN24_1012688","Holiday / vacation"
"GEN24_1012690","VFR"
"GEN24_1012691","Holiday / vacation"
"GEN24_1012693","Holiday / vacation"
"GEN24_1012712","No other reason"
"GEN24_1012716","No other reason"
"GEN24_1012722","No other reason"
"GEN24_1012723","Holiday / vacation"
"GEN24_1012727","Holiday / vacation"
"GEN24_1012736","No other reason"
"GEN24_1012737","No other reason"
"GEN24_1012739","Holiday / vacation"
"GEN24_1012743","VFR"
"GEN24_1012751","No other reason"
"GEN24_1012753","No other reason"
"GEN24_1012754","No other reason"
"GEN24_1012756","No other reason"
"GEN24_1012765","Holiday / vacation"
"GEN24_1012769","Holiday / vacation"
"GEN24_1012772","Holiday / vacation"
"GEN24_1012774","Holiday / vacation"
"GEN24_1012777","Holiday / vacation"
"GEN24_1012783","Holiday / vacation"
"GEN24_1012786","Holiday / vacation"
"GEN24_1012788","No other reason"
"GEN24_1012793","Holiday / vacation"
"GEN24_1012795","Holiday / vacation"
"GEN24_1012801","Holiday / vacation"
"GEN24_1012803","Holiday / vacation"
"GEN24_1012806","Holiday / vacation"
"GEN24_1012809","Holiday / vacation"
"GEN24_1012815","No other reason"
"GEN24_1012821","No other reason"
"GEN24_1012825","Holiday / vacation"
"GEN24_1012826","No other reason"
"GEN24_1012830","Holiday / vacation"
"GEN24_1012833","Holiday / vacation"
"GEN24_1012834","Holiday / vacation"
"GEN24_1012838","Holiday / vacation"
"GEN24_1012839","Holiday / vacation"
"GEN24_1012841","Holiday / vacation"
"GEN24_1012844","VFR"
"GEN24_1012849","Holiday / vacation"
"GEN24_1012851","VFR"
"GEN24_1012853","Holiday / vacation"
"GEN24_1012854","No other reason"
"GEN24_1012858","No other reason"
"GEN24_1012862","Holiday / vacation"
"GEN24_1012866","No other reason"
"GEN24_1012867","No other reason"
"GEN24_1012876","Holiday / vacation"
"GEN24_1012877","No other reason"
"GEN24_1012881","Holiday / vacation"
"GEN24_1012891","No other reason"
"GEN24_1012894","Holiday / vacation"
"GEN24_1012899","Holiday / vacation"
"GEN24_1012900","No other reason"
"GEN24_1012901","Holiday / vacation"
"GEN24_1012902","Holiday / vacation"
"GEN24_1012908","Holiday / vacation"
"GEN24_1012909","Holiday / vacation"
"GEN24_1012910","Holiday / vacation"
"GEN24_1012914","VFR"
"GEN24_1012935","Holiday / vacation"
"GEN24_1012939","No other reason"
"GEN24_1012949","No other reason"
"GEN24_1012951","VFR"
"GEN24_1012953","Holiday / vacation"
"GEN24_1012954","VFR"
"GEN24_1012960","VFR"
"GEN24_1012961","VFR"
"GEN24_1012964","No other reason"
"GEN24_1012965","No other reason"
"GEN24_1012969","No other reason"
"GEN24_1012970","No other reason"
"GEN24_1012972","No other reason"
"GEN24_1012980","No other reason"
"GEN24_1012981","No other reason"
"GEN24_1012983","Holiday / vacation"
"GEN24_1012987","No other reason"
"GEN24_1012989","Holiday / vacation"
"GEN24_1012990","No other reason"
"GEN24_1012992","No other reason"
"GEN24_1012996","Holiday / vacation"
"GEN24_1012999","Holiday / vacation"
"GEN24_1013005","VFR"
"GEN24_1013006","VFR"
"GEN24_1013019","Holiday / vacation"
"GEN24_1013029","No other reason"
"GEN24_1013032","Holiday / vacation"
"GEN24_1013033","Holiday / vacation"
"GEN24_1013035","Holiday / vacation"
"GEN24_1013036","Holiday / vacation"
"GEN24_1013037","VFR"
"GEN24_1013038","No other reason"
"GEN24_1013041","Holiday / vacation"
"GEN24_1013045","Holiday / vacation"
"GEN24_1013046","VFR"
"GEN24_1013055","No other reason"
"GEN24_1013056","No other reason"
"GEN24_1013057","VFR"
"GEN24_1013058","No other reason"
"GEN24_1013059","Holiday / vacation"
"GEN24_1013060","No other reason"
"GEN24_1013063","No other reason"
"GEN24_1013068","Holiday / vacation"
"GEN24_1013075","No other reason"
"GEN24_1013079","No other reason"
"GEN24_1013102","Holiday / vacation"
"GEN24_1013103","No other reason"
"GEN24_1013120","Holiday / vacation"
"GEN24_1013125","No other reason"
"GEN24_1013130","No other reason"
"GEN24_1013131","Holiday / vacation"
"GEN24_1013140","Holiday / vacation"
"GEN24_1013141","Holiday / vacation"
"GEN24_1013142","VFR"
"GEN24_1013145","Holiday / vacation"
"GEN24_1013151","No other reason"
"GEN24_1013152","Holiday / vacation"
"GEN24_1013153","No other reason"
"GEN24_1013156","Holiday / vacation"
"GEN24_1013158","VFR"
"GEN24_1013159","Holiday / vacation"
"GEN24_1013160","Holiday / vacation"
"GEN24_1013163","Holiday / vacation"
"GEN24_1013165","Holiday / vacation"
"GEN24_1013169","No other reason"
"GEN24_1013170","No other reason"
"GEN24_1013173","Holiday / vacation"
"GEN24_1013175","Holiday / vacation"
"GEN24_1013176","No other reason"
"GEN24_1013179","Holiday / vacation"
"GEN24_1013181","Holiday / vacation"
"GEN24_1013190","Holiday / vacation"
"GEN24_1013192","Holiday / vacation"
"GEN24_1013194","Holiday / vacation"
"GEN24_1013196","No other reason"
"GEN24_1013200","Holiday / vacation"
"GEN24_1013201","No other reason"
"GEN24_1013203","VFR"
"GEN24_1013204","VFR"
"GEN24_1013207","VFR"
"GEN24_1013209","VFR"
"GEN24_1013220","No other reason"
"GEN24_1013223","Holiday / vacation"
"GEN24_1013229","Holiday / vacation"
"GEN24_1013230","Holiday / vacation"
"GEN24_1013232","Holiday / vacation"
"GEN24_1013252","Holiday / vacation"
"GEN24_1013260","Holiday / vacation"
"GEN24_1013261","No other reason"
"GEN24_1013262","Holiday / vacation"
"GEN24_1013271","Holiday / vacation"
"GEN24_1013278","Holiday / vacation"
"GEN24_1013280","Holiday / vacation"
"GEN24_1013283","No other reason"
"GEN24_1013284","VFR"
"GEN24_1013287","No other reason"
"GEN24_1013289","VFR"
"GEN24_1013291","No other reason"
"GEN24_1013294","No other reason"
"GEN24_1013295","Holiday / vacation"
"GEN24_1013296","VFR"
"GEN24_1013304","VFR"
"GEN24_1013305","Holiday / vacation"
"GEN24_1013306","VFR"
"GEN24_1013311","No other reason"
"GEN24_1013318","No other reason"
"GEN24_1013320","Holiday / vacation"
"GEN24_1013324","No other reason"
"GEN24_1013325","Holiday / vacation"
"GEN24_1013326","Holiday / vacation"
"GEN24_1013329","VFR"
"GEN24_1013330","Holiday / vacation"
"GEN24_1013331","Holiday / vacation"
"GEN24_1013333","No other reason"
"GEN24_1013337","Holiday / vacation"
"GEN24_1013338","Holiday / vacation"
"GEN24_1013340","No other reason"
"GEN24_1013347","No other reason"
"GEN24_1013349","No other reason"
"GEN24_1013350","Holiday / vacation"
"GEN24_1013355","Holiday / vacation"
"GEN24_1013358","Holiday / vacation"
"GEN24_1013359","No other reason"
"GEN24_1013368","Holiday / vacation"
"GEN24_1013374","No other reason"
"GEN24_1013378","Other"
"GEN24_1013380","No other reason"
"GEN24_1013381","No other reason"
"GEN24_1013383","No other reason"
"GEN24_1013386","No other reason"
"GEN24_1013392","No other reason"
"GEN24_1013394","No other reason"
"GEN24_1013405","Holiday / vacation"
"GEN24_1013407","No other reason"
"GEN24_1013414","No other reason"
"GEN24_1013416","No other reason"
"GEN24_1013418","Holiday / vacation"
"GEN24_1013424","No other reason"
"GEN24_1013425","No other reason"
"GEN24_1013435","Other"
"GEN24_1013440","Holiday / vacation"
"GEN24_1013441","Holiday / vacation"
"GEN24_1013444","No other reason"
"GEN24_1013448","No other reason"
"GEN24_1013450","Holiday / vacation"
"GEN24_1013454","Holiday / vacation"
"GEN24_1013456","No other reason"
"GEN24_1013457","No other reason"
"GEN24_1013460","VFR"
"GEN24_1013461","VFR"
"GEN24_1013464","Holiday / vacation"
"GEN24_1013467","VFR"
"GEN24_1013468","No other reason"
"GEN24_1013469","Holiday / vacation"
"GEN24_1013473","No other reason"
"GEN24_1013481","No other reason"
"GEN24_1013482","Holiday / vacation"
"GEN24_1013483","Holiday / vacation"
"GEN24_1013485","No other reason"
"GEN24_1013488","VFR"
"GEN24_1013491","Holiday / vacation"
"GEN24_1013499","VFR"
"GEN24_1013501","No other reason"
"GEN24_1013503","No other reason"
"GEN24_1013511","Holiday / vacation"
"GEN24_1013513","No other reason"
"GEN24_1013515","Holiday / vacation"
"GEN24_1013517","Holiday / vacation"
"GEN24_1013521","Holiday / vacation"
"GEN24_1013523","Holiday / vacation"
"GEN24_1013526","Holiday / vacation"
"GEN24_1013531","Holiday / vacation"
"GEN24_1013548","No other reason"
"GEN24_1013551","VFR"
"GEN24_1013559","Other"
"GEN24_1013560","No other reason"
"GEN24_1013561","Holiday / vacation"
"GEN24_1013565","Holiday / vacation"
"GEN24_1013571","No other reason"
"GEN24_1013574","Holiday / vacation"
"GEN24_1013579","No other reason"
"GEN24_1013580","No other reason"
"GEN24_1013583","Holiday / vacation"
"GEN24_1013584","Holiday / vacation"
"GEN24_1013585","No other reason"
"GEN24_1013590","Holiday / vacation"
"GEN24_1013591","Holiday / vacation"
"GEN24_1013596","Holiday / vacation"
"GEN24_1013604","Holiday / vacation"
"GEN24_1013606","No other reason"
"GEN24_1013610","VFR"
"GEN24_1013612","No other reason"
"GEN24_1013615","Holiday / vacation"
"GEN24_1013616","No other reason"
"GEN24_1013620","Holiday / vacation"
"GEN24_1013621","Holiday / vacation"
"GEN24_1013622","No other reason"
"GEN24_1013624","No other reason"
"GEN24_1013627","Holiday / vacation"
"GEN24_1013630","Holiday / vacation"
"GEN24_1013632","Holiday / vacation"
"GEN24_1013639","Holiday / vacation"
"GEN24_1013647","No other reason"
"GEN24_1013649","Holiday / vacation"
"GEN24_1013650","VFR"
"GEN24_1013658","Holiday / vacation"
"GEN24_1013659","Holiday / vacation"
"GEN24_1013662","Holiday / vacation"
"GEN24_1013663","Holiday / vacation"
"GEN24_1013667","Holiday / vacation"
"GEN24_1013671","Holiday / vacation"
"GEN24_1013676","No other reason"
"GEN24_1013677","No other reason"
"GEN24_1013684","No other reason"
"GEN24_1013688","Holiday / vacation"
"GEN24_1013696","VFR"
"GEN24_1013700","Holiday / vacation"
"GEN24_1013702","Holiday / vacation"
"GEN24_1013707","Holiday / vacation"
"GEN24_1013708","No other reason"
"GEN24_1013710","Holiday / vacation"
"GEN24_1013711","Holiday / vacation"
"GEN24_1013718","No other reason"
"GEN24_1013720","No other reason"
"GEN24_1013722","No other reason"
"GEN24_1013727","Holiday / vacation"
"GEN24_1013729","Holiday / vacation"
"GEN24_1013737","Holiday / vacation"
"GEN24_1013741","No other reason"
"GEN24_1013742","No other reason"
"GEN24_1013746","VFR"
"GEN24_1013747","Holiday / vacation"
"GEN24_1013748","Holiday / vacation"
"GEN24_1013751","No other reason"
"GEN24_1013753","No other reason"
"GEN24_1013754","Holiday / vacation"
"GEN24_1013757","Holiday / vacation"
"GEN24_1013758","Holiday / vacation"
"GEN24_1013759","Holiday / vacation"
"GEN24_1013760","Holiday / vacation"
"GEN24_1013761","Holiday / vacation"
"GEN24_1013762","No other reason"
"GEN24_1013774","No other reason"
"GEN24_1013779","Holiday / vacation"
"GEN24_1013781","Holiday / vacation"
"GEN24_1013788","Holiday / vacation"
"GEN24_1013791","No other reason"
"GEN24_1013794","Holiday / vacation"
"GEN24_1013795","No other reason"
"GEN24_1013797","No other reason"
"GEN24_1013798","Holiday / vacation"
"GEN24_1013799","No other reason"
"GEN24_1013804","Holiday / vacation"
"GEN24_1013806","Holiday / vacation"
"GEN24_1013815","No other reason"
"GEN24_1013818","No other reason"
"GEN24_1013819","Holiday / vacation"
"GEN24_1013822","No other reason"
"GEN24_1013823","Holiday / vacation"
"GEN24_1013825","No other reason"
"GEN24_1013827","No other reason"
"GEN24_1013830","No other reason"
"GEN24_1013831","Holiday / vacation"
"GEN24_1013833","No other reason"
"GEN24_1013834","Holiday / vacation"
"GEN24_1013837","No other reason"
"GEN24_1013844","No other reason"
"GEN24_1013849","No other reason"
"GEN24_1013852","No other reason"
"GEN24_1013857","VFR"
"GEN24_1013858","Holiday / vacation"
"GEN24_1013859","Holiday / vacation"
"GEN24_1013860","Holiday / vacation"
"GEN24_1013861","Holiday / vacation"
"GEN24_1013869","VFR"
"GEN24_1013871","No other reason"
"GEN24_1013872","Holiday / vacation"
"GEN24_1013875","Holiday / vacation"
"GEN24_1013882","VFR"
"GEN24_1013883","VFR"
"GEN24_1013885","Holiday / vacation"
"GEN24_1013886","No other reason"
"GEN24_1013888","No other reason"
"GEN24_1013892","Holiday / vacation"
"GEN24_1013893","No other reason"
"GEN24_1013901","No other reason"
"GEN24_1013903","No other reason"
"GEN24_1013907","Other"
"GEN24_1013909","No other reason"
"GEN24_1013911","No other reason"
"GEN24_1013912","No other reason"
"GEN24_1013913","No other reason"
"GEN24_1013918","No other reason"
"GEN24_1013926","No other reason"
"GEN24_1013927","Holiday / vacation"
"GEN24_1013931","VFR"
"GEN24_1013932","Holiday / vacation"
"GEN24_1013935","No other reason"
"GEN24_1013936","Holiday / vacation"
"GEN24_1013940","Holiday / vacation"
"GEN24_1013943","Holiday / vacation"
"GEN24_1013946","Holiday / vacation"
"GEN24_1013946","VFR"
"GEN24_1013947","Holiday / vacation"
"GEN24_1013948","VFR"
"GEN24_1013949","Holiday / vacation"
"GEN24_1013951","Holiday / vacation"
"GEN24_1013952","Holiday / vacation"
"GEN24_1013956","No other reason"
"GEN24_1013958","Holiday / vacation"
"GEN24_1013960","No other reason"
"GEN24_1013963","No other reason"
"GEN24_1013964","Holiday / vacation"
"GEN24_1013967","VFR"
"GEN24_1013969","VFR"
"GEN24_1013972","Other"
"GEN24_1013990","Holiday / vacation"
"GEN24_1013991","Holiday / vacation"
"GEN24_1013992","Holiday / vacation"
"GEN24_1013994","Holiday / vacation"
"GEN24_1013995","No other reason"
"GEN24_1013999","No other reason"
"GEN24_1014004","Holiday / vacation"
"GEN24_1014007","Holiday / vacation"
"GEN24_1014012","Holiday / vacation"
"GEN24_1014014","No other reason"
"GEN24_1014019","No other reason"
"GEN24_1014022","Holiday / vacation"
"GEN24_1014025","Holiday / vacation"
"GEN24_1014029","Holiday / vacation"
"GEN24_1014030","No other reason"
"GEN24_1014032","Holiday / vacation"
"GEN24_1014037","No other reason"
"GEN24_1014038","No other reason"
"GEN24_1014040","No other reason"
"GEN24_1014043","VFR"
"GEN24_1014046","No other reason"
"GEN24_1014047","No other reason"
"GEN24_1014050","No other reason"
"GEN24_1014052","Holiday / vacation"
"GEN24_1014054","No other reason"
"GEN24_1014055","No other reason"
"GEN24_1014066","Holiday / vacation"
"GEN24_1014077","Holiday / vacation"
"GEN24_1014085","No other reason"
"GEN24_1014086","No other reason"
"GEN24_1014087","No other reason"
"GEN24_1014088","No other reason"
"GEN24_1014093","Holiday / vacation"
"GEN24_1014094","Holiday / vacation"
"GEN24_1014098","No other reason"
"GEN24_1014099","No other reason"
"GEN24_1014100","No other reason"
"GEN24_1014104","Holiday / vacation"
"GEN24_1014108","No other reason"
"GEN24_1014110","Holiday / vacation"
"GEN24_1014114","Holiday / vacation"
"GEN24_1014115","Holiday / vacation"
"GEN24_1014116","Holiday / vacation"
"GEN24_1014118","No other reason"
"GEN24_1014132","No other reason"
"GEN24_1014133","No other reason"
"GEN24_1014139","No other reason"
"GEN24_1014140","No other reason"
"GEN24_1014143","Holiday / vacation"
"GEN24_1014147","No other reason"
"GEN24_1014149","No other reason"
"GEN24_1014150","No other reason"
"GEN24_1014153","No other reason"
"GEN24_1014154","Holiday / vacation"
"GEN24_1014157","Other"
"GEN24_1014160","No other reason"
"GEN24_1014161","Holiday / vacation"
"GEN24_1014164","No other reason"
"GEN24_1014166","Holiday / vacation"
"GEN24_1014167","No other reason"
"GEN24_1014170","Holiday / vacation"
"GEN24_1014171","No other reason"
"GEN24_1014172","Holiday / vacation"
"GEN24_1014176","Holiday / vacation"
"GEN24_1014177","Holiday / vacation"
"GEN24_1014183","Holiday / vacation"
"GEN24_1014187","No other reason"
"GEN24_1014191","No other reason"
"GEN24_1014192","No other reason"
"GEN24_1014194","Holiday / vacation"
"GEN24_1014197","Holiday / vacation"
"GEN24_1014198","Holiday / vacation"
"GEN24_1014201","No other reason"
"GEN24_1014203","Holiday / vacation"
"GEN24_1014207","Holiday / vacation"
"GEN24_1014214","VFR"
"GEN24_1014215","Other"
"GEN24_1014218","Holiday / vacation"
"GEN24_1014219","Other"
"GEN24_1014220","No other reason"
"GEN24_1014223","Holiday / vacation"
"GEN24_1014224","No other reason"
"GEN24_1014234","VFR"
"GEN24_1014236","Holiday / vacation"
"GEN24_1014245","Holiday / vacation"
"GEN24_1014249","No other reason"
"GEN24_1014252","Holiday / vacation"
"GEN24_1014253","No other reason"
"GEN24_1014254","Holiday / vacation"
"GEN24_1014258","VFR"
"GEN24_1014264","Other"
"GEN24_1014265","No other reason"
"GEN24_1014274","No other reason"
"GEN24_1014275","No other reason"
"GEN24_1014287","Other"
"GEN24_1014288","Holiday / vacation"
"GEN24_1014290","Holiday / vacation"
"GEN24_1014291","VFR"
"GEN24_1014292","No other reason"
"GEN24_1014293","No other reason"
"GEN24_1014297","No other reason"
"GEN24_1014298","Holiday / vacation"
"GEN24_1014299","VFR"
"GEN24_1014302","No other reason"
"GEN24_1014303","No other reason"
"GEN24_1014305","Holiday / vacation"
"GEN24_1014307","VFR"
"GEN24_1014308","Holiday / vacation"
"GEN24_1014309","No other reason"
"GEN24_1014314","No other reason"
"GEN24_1014318","Holiday / vacation"
"GEN24_1014322","Holiday / vacation"
"GEN24_1014327","No other reason"
"GEN24_1014330","Holiday / vacation"
"GEN24_1014332","No other reason"
"GEN24_1014333","Holiday / vacation"
"GEN24_1014344","VFR"
"GEN24_1014345","Holiday / vacation"
"GEN24_1014348","No other reason"
"GEN24_1014349","No other reason"
"GEN24_1014350","No other reason"
"GEN24_1014351","No other reason"
"GEN24_1014358","Holiday / vacation"
"GEN24_1014373","No other reason"
"GEN24_1014379","VFR"
"GEN24_1014382","No other reason"
"GEN24_1014384","Holiday / vacation"
"GEN24_1014386","Holiday / vacation"
"GEN24_1014389","Other"
"GEN24_1014392","Holiday / vacation"
"GEN24_1014395","VFR"
"GEN24_1014400","No other reason"
"GEN24_1014406","Business"
"GEN24_1014410","No other reason"
"GEN24_1014411","Holiday / vacation"
"GEN24_1014418","VFR"
"GEN24_1014419","Holiday / vacation"
"GEN24_1014421","Holiday / vacation"
"GEN24_1014423","No other reason"
"GEN24_1014424","Holiday / vacation"
"GEN24_1014425","Holiday / vacation"
"GEN24_1014432","Holiday / vacation"
"GEN24_1014433","Holiday / vacation"
"GEN24_1014436","Education"
"GEN24_1014443","VFR"
"GEN24_1014444","Holiday / vacation"
"GEN24_1014450","No other reason"
"GEN24_1014451","Holiday / vacation"
"GEN24_1014454","VFR"
"GEN24_1014459","No other reason"
"GEN24_1014464","No other reason"
"GEN24_1014466","No other reason"
"GEN24_1014474","Holiday / vacation"
"GEN24_1014476","Holiday / vacation"
"GEN24_1014477","Holiday / vacation"
"GEN24_1014479","Holiday / vacation"
"GEN24_1014483","Holiday / vacation"
"GEN24_1014491","Holiday / vacation"
"GEN24_1014494","Other"
"GEN24_1014499","No other reason"
"GEN24_1014502","VFR"
"GEN24_1014505","No other reason"
"GEN24_1014506","No other reason"
"GEN24_1014507","Holiday / vacation"
"GEN24_1014511","Holiday / vacation"
"GEN24_1014513","Holiday / vacation"
"GEN24_1014514","Holiday / vacation"
"GEN24_1014529","No other reason"
"GEN24_1014536","No other reason"
"GEN24_1014538","VFR"
"GEN24_1014539","Holiday / vacation"
"GEN24_1014540","Holiday / vacation"
"GEN24_1014545","Business"
"GEN24_1014547","VFR"
"GEN24_1014548","VFR"
"GEN24_1014550","No other reason"
"GEN24_1014552","Holiday / vacation"
"GEN24_1014554","No other reason"
"GEN24_1014556","No other reason"
"GEN24_1014557","No other reason"
"GEN24_1014559","No other reason"
"GEN24_1014578","No other reason"
"GEN24_1014580","Holiday / vacation"
"GEN24_1014585","VFR"
"GEN24_1014586","VFR"
"GEN24_1014589","No other reason"
"GEN24_1014592","No other reason"
"GEN24_1014594","Holiday / vacation"
"GEN24_1014606","No other reason"
"GEN24_1014608","VFR"
"GEN24_1014612","No other reason"
"GEN24_1014614","No other reason"
"GEN24_1014616","No other reason"
"GEN24_1014617","Holiday / vacation"
"GEN24_1014620","Holiday / vacation"
"GEN24_1014623","Holiday / vacation"
"GEN24_1014626","No other reason"
"GEN24_1014630","No other reason"
"GEN24_1014631","No other reason"
"GEN24_1014638","No other reason"
"GEN24_1014639","No other reason"
"GEN24_1014642","No other reason"
"GEN24_1014646","Holiday / vacation"
"GEN24_1014648","No other reason"
"GEN24_1014656","No other reason"
"GEN24_1014657","No other reason"
"GEN24_1014667","No other reason"
"GEN24_1014671","Holiday / vacation"
"GEN24_1014672","Holiday / vacation"
"GEN24_1014677","Holiday / vacation"
"GEN24_1014678","Business"
"GEN24_1014678","Holiday / vacation"
"GEN24_1014681","No other reason"
"GEN24_1014683","No other reason"
"GEN24_1014685","Holiday / vacation"
"GEN24_1014689","Holiday / vacation"
"GEN24_1014705","VFR"
"GEN24_1014711","Holiday / vacation"
"GEN24_1014716","Holiday / vacation"
"GEN24_1014720","Holiday / vacation"
"GEN24_1014722","No other reason"
"GEN24_1014724","Holiday / vacation"
"GEN24_1014732","Other"
"GEN24_1014735","No other reason"
"GEN24_1014737","Holiday / vacation"
"GEN24_1014744","Holiday / vacation"
"GEN24_1014745","VFR"
"GEN24_1014746","VFR"
"GEN24_1014752","Holiday / vacation"
"GEN24_1014754","Holiday / vacation"
"GEN24_1014758","No other reason"
"GEN24_1014761","No other reason"
"GEN24_1014763","Holiday / vacation"
"GEN24_1014765","No other reason"
"GEN24_1014766","Holiday / vacation"
"GEN24_1014767","No other reason"
"GEN24_1014770","VFR"
"GEN24_1014772","No other reason"
"GEN24_1014773","VFR"
"GEN24_1014777","Holiday / vacation"
"GEN24_1014777","VFR"
"GEN24_1014780","No other reason"
"GEN24_1014782","Holiday / vacation"
"GEN24_1014783","No other reason"
"GEN24_1014785","Holiday / vacation"
"GEN24_1014787","Holiday / vacation"
"GEN24_1014789","No other reason"
"GEN24_1014791","No other reason"
"GEN24_1014793","No other reason"
"GEN24_1014794","Holiday / vacation"
"GEN24_1014795","No other reason"
"GEN24_1014802","No other reason"
"GEN24_1014807","No other reason"
"GEN24_1014810","Holiday / vacation"
"GEN24_1014816","Holiday / vacation"
"GEN24_1014823","No other reason"
"GEN24_1014828","No other reason"
"GEN24_1014829","Holiday / vacation"
"GEN24_1014835","Holiday / vacation"
"GEN24_1014841","Holiday / vacation"
"GEN24_1014843","Holiday / vacation"
"GEN24_1014847","Holiday / vacation"
"GEN24_1014848","Holiday / vacation"
"GEN24_1014850","No other reason"
"GEN24_1014861","Holiday / vacation"
"GEN24_1014865","No other reason"
"GEN24_1014867","Holiday / vacation"
"GEN24_1014868","No other reason"
"GEN24_1014869","No other reason"
"GEN24_1014877","No other reason"
"GEN24_1014879","No other reason"
"GEN24_1014881","Holiday / vacation"
"GEN24_1014883","Holiday / vacation"
"GEN24_1014884","Holiday / vacation"
"GEN24_1014887","Holiday / vacation"
"GEN24_1014890","No other reason"
"GEN24_1014892","Other"
"GEN24_1014895","Holiday / vacation"
"GEN24_1014900","No other reason"
"GEN24_1014902","No other reason"
"GEN24_1014903","No other reason"
"GEN24_1014906","No other reason"
"GEN24_1014908","No other reason"
"GEN24_1014930","No other reason"
"GEN24_1014934","No other reason"
"GEN24_1014939","No other reason"
"GEN24_1014953","No other reason"
"GEN24_1014954","No other reason"
"GEN24_1014958","No other reason"
"GEN24_1014959","Holiday / vacation"
"GEN24_1014961","Business"
"GEN24_1014961","VFR"
"GEN24_1014963","Other"
"GEN24_1014963","VFR"
"GEN24_1014964","Holiday / vacation"
"GEN24_1014965","Holiday / vacation"
"GEN24_1014970","No other reason"
"GEN24_1014971","Holiday / vacation"
"GEN24_1014975","VFR"
"GEN24_1014976","Other"
"GEN24_1014978","No other reason"
"GEN24_1014980","No other reason"
"GEN24_1014982","Other"
"GEN24_1014989","No other reason"
"GEN24_1014991","Holiday / vacation"
"GEN24_1014995","Holiday / vacation"
"GEN24_1014996","No other reason"
"GEN24_1014997","VFR"
"GEN24_1014999","No other reason"
"GEN24_1015006","Holiday / vacation"
"GEN24_1015009","No other reason"
"GEN24_1015012","Holiday / vacation"
"GEN24_1015013","Holiday / vacation"
"GEN24_1015014","Holiday / vacation"
"GEN24_1015015","No other reason"
"GEN24_1015018","Holiday / vacation"
"GEN24_1015026","Holiday / vacation"
"GEN24_1015027","No other reason"
"GEN24_1015028","Holiday / vacation"
"GEN24_1015035","Holiday / vacation"
"GEN24_1015038","Holiday / vacation"
"GEN24_1015039","Holiday / vacation"
"GEN24_1015041","VFR"
"GEN24_1015044","Holiday / vacation"
"GEN24_1015045","Holiday / vacation"
"GEN24_1015050","No other reason"
"GEN24_1015053","No other reason"
"GEN24_1015066","No other reason"
"GEN24_1015074","Holiday / vacation"
"GEN24_1015076","Other"
"GEN24_1015080","Holiday / vacation"
"GEN24_1015082","Holiday / vacation"
"GEN24_1015086","Holiday / vacation"
"GEN24_1015087","Holiday / vacation"
"GEN24_1015092","No other reason"
"GEN24_1015109","No other reason"
"GEN24_1015112","Holiday / vacation"
"GEN24_1015113","Holiday / vacation"
"GEN24_1015116","Holiday / vacation"
"GEN24_1015118","VFR"
"GEN24_1015131","No other reason"
"GEN24_1015139","No other reason"
"GEN24_1015164","Holiday / vacation"
"GEN24_1015166","No other reason"
"GEN24_1015170","Holiday / vacation"
"GEN24_1015175","No other reason"
"GEN24_1015182","No other reason"
"GEN24_1015183","Holiday / vacation"
"GEN24_1015185","VFR"
"GEN24_1015187","No other reason"
"GEN24_1015189","No other reason"
"GEN24_1015190","No other reason"
"GEN24_1015191","VFR"
"GEN24_1015194","VFR"
"GEN24_1015198","No other reason"
"GEN24_1015199","Holiday / vacation"
"GEN24_1015202","No other reason"
"GEN24_1015204","VFR"
"GEN24_1015207","Holiday / vacation"
"GEN24_1015210","VFR"
"GEN24_1015211","Holiday / vacation"
"GEN24_1015214","Holiday / vacation"
"GEN24_1015217","Holiday / vacation"
"GEN24_1015219","No other reason"
"GEN24_1015222","No other reason"
"GEN24_1015223","Holiday / vacation"
"GEN24_1015224","VFR"
"GEN24_1015227","Holiday / vacation"
"GEN24_1015230","Other"
"GEN24_1015232","VFR"
"GEN24_1015243","No other reason"
"GEN24_1015244","Holiday / vacation"
"GEN24_1015245","Holiday / vacation"
"GEN24_1015246","No other reason"
"GEN24_1015249","Holiday / vacation"
"GEN24_1015259","Holiday / vacation"
"GEN24_1015260","No other reason"
"GEN24_1015264","Holiday / vacation"
"GEN24_1015266","Holiday / vacation"
"GEN24_1015270","VFR"
"GEN24_1015273","No other reason"
"GEN24_1015276","No other reason"
"GEN24_1015277","No other reason"
"GEN24_1015280","Education"
"GEN24_1015283","No other reason"
"GEN24_1015288","VFR"
"GEN24_1015293","VFR"
"GEN24_1015294","No other reason"
"GEN24_1015295","Other"
"GEN24_1015298","No other reason"
"GEN24_1015301","No other reason"
"GEN24_1015304","Holiday / vacation"
"GEN24_1015305","Holiday / vacation"
"GEN24_1015311","Holiday / vacation"
"GEN24_1015317","No other reason"
"GEN24_1015319","Holiday / vacation"
"GEN24_1015322","No other reason"
"GEN24_1015324","Holiday / vacation"
"GEN24_1015325","VFR"
"GEN24_1015330","Holiday / vacation"
"GEN24_1015334","Holiday / vacation"
"GEN24_1015335","Holiday / vacation"
"GEN24_1015336","Holiday / vacation"
"GEN24_1015338","Holiday / vacation"
"GEN24_1015339","Holiday / vacation"
"GEN24_1015343","No other reason"
"GEN24_1015346","No other reason"
"GEN24_1015349","No other reason"
"GEN24_1015351","No other reason"
"GEN24_1015355","No other reason"
"GEN24_1015358","No other reason"
"GEN24_1015359","Holiday / vacation"
"GEN24_1015362","No other reason"
"GEN24_1015369","Holiday / vacation"
"GEN24_1015372","Holiday / vacation"
"GEN24_1015378","Holiday / vacation"
"GEN24_1015383","Holiday / vacation"
"GEN24_1015388","No other reason"
"GEN24_1015389","Holiday / vacation"
"GEN24_1015397","No other reason"
"GEN24_1015407","Holiday / vacation"
"GEN24_1015410","Holiday / vacation"
"GEN24_1015413","No other reason"
"GEN24_1015414","Other"
"GEN24_1015416","No other reason"
"GEN24_1015424","No other reason"
"GEN24_1015427","No other reason"
"GEN24_1015428","No other reason"
"GEN24_1015431","Other"
"GEN24_1015438","VFR"
"GEN24_1015439","No other reason"
"GEN24_1015442","No other reason"
"GEN24_1015446","No other reason"
"GEN24_1015450","No other reason"
"GEN24_1015452","No other reason"
"GEN24_1015454","Other"
"GEN24_1015459","No other reason"
"GEN24_1015461","No other reason"
"GEN24_1015463","Holiday / vacation"
"GEN24_1015465","VFR"
"GEN24_1015468","VFR"
"GEN24_1015477","Holiday / vacation"
"GEN24_1015479","Holiday / vacation"
"GEN24_1015480","Holiday / vacation"
"GEN24_1015480","Other"
"GEN24_1015490","Holiday / vacation"
"GEN24_1015496","Holiday / vacation"
"GEN24_1015502","No other reason"
"GEN24_1015506","No other reason"
"GEN24_1015509","No other reason"
"GEN24_1015515","Holiday / vacation"
"GEN24_1015519","No other reason"
"GEN24_1015520","No other reason"
"GEN24_1015521","Holiday / vacation"
"GEN24_1015524","Holiday / vacation"
"GEN24_1015526","Education"
"GEN24_1015526","Holiday / vacation"
"GEN24_1015529","Holiday / vacation"
"GEN24_1015530","Holiday / vacation"
"GEN24_1015531","No other reason"
"GEN24_1015532","No other reason"
"GEN24_1015533","Holiday / vacation"
"GEN24_1015533","Other"
"GEN24_1015535","No other reason"
"GEN24_1015542","No other reason"
"GEN24_1015548","No other reason"
"GEN24_1015552","Holiday / vacation"
"GEN24_1015562","Holiday / vacation"
"GEN24_1015570","No other reason"
"GEN24_1015572","Holiday / vacation"
"GEN24_1015579","Holiday / vacation"
"GEN24_1015583","Holiday / vacation"
"GEN24_1015584","No other reason"
"GEN24_1015585","No other reason"
"GEN24_1015587","Holiday / vacation"
"GEN24_1015592","Holiday / vacation"
"GEN24_1015593","Holiday / vacation"
"GEN24_1015594","VFR"
"GEN24_1015596","No other reason"
"GEN24_1015600","Holiday / vacation"
"GEN24_1015609","Holiday / vacation"
"GEN24_1015610","VFR"
"GEN24_1015611","VFR"
"GEN24_1015618","Holiday / vacation"
"GEN24_1015621","VFR"
"GEN24_1015622","Holiday / vacation"
"GEN24_1015625","VFR"
"GEN24_1015627","No other reason"
"GEN24_1015630","No other reason"
"GEN24_1015633","Holiday / vacation"
"GEN24_1015641","No other reason"
"GEN24_1015645","Holiday / vacation"
"GEN24_1015646","Holiday / vacation"
"GEN24_1015651","Holiday / vacation"
"GEN24_1015652","VFR"
"GEN24_1015653","VFR"
"GEN24_1015654","No other reason"
"GEN24_1015655","No other reason"
"GEN24_1015658","No other reason"
"GEN24_1015660","Holiday / vacation"
"GEN24_1015661","Holiday / vacation"
"GEN24_1015667","No other reason"
"GEN24_1015669","Holiday / vacation"
"GEN24_1015672","Holiday / vacation"
"GEN24_1015673","Holiday / vacation"
"GEN24_1015677","Holiday / vacation"
"GEN24_1015677","Other"
"GEN24_1015678","Holiday / vacation"
"GEN24_1015680","Holiday / vacation"
"GEN24_1015681","No other reason"
"GEN24_1015684","Holiday / vacation"
"GEN24_1015685","Holiday / vacation"
"GEN24_1015687","Holiday / vacation"
"GEN24_1015689","Holiday / vacation"
"GEN24_1015693","No other reason"
"GEN24_1015700","VFR"
"GEN24_1015704","Holiday / vacation"
"GEN24_1015706","Holiday / vacation"
"GEN24_1015710","Holiday / vacation"
"GEN24_1015715","Holiday / vacation"
"GEN24_1015716","No other reason"
"GEN24_1015717","No other reason"
"GEN24_1015722","No other reason"
"GEN24_1015723","No other reason"
"GEN24_1015724","Holiday / vacation"
"GEN24_1015726","Holiday / vacation"
"GEN24_1015731","Holiday / vacation"
"GEN24_1015734","Holiday / vacation"
"GEN24_1015740","No other reason"
"GEN24_1015742","No other reason"
"GEN24_1015743","VFR"
"GEN24_1015745","VFR"
"GEN24_1015747","No other reason"
"GEN24_1015749","No other reason"
"GEN24_1015754","VFR"
"GEN24_1015757","No other reason"
"GEN24_1015758","VFR"
"GEN24_1015762","No other reason"
"GEN24_1015765","No other reason"
"GEN24_1015767","No other reason"
"GEN24_1015771","Business"
"GEN24_1015771","VFR"
"GEN24_1015773","No other reason"
"GEN24_1015778","No other reason"
"GEN24_1015782","No other reason"
"GEN24_1015784","Holiday / vacation"
"GEN24_1015786","Business"
"GEN24_1015787","No other reason"
"GEN24_1015789","No other reason"
"GEN24_1015791","VFR"
"GEN24_1015793","Holiday / vacation"
"GEN24_1015795","Holiday / vacation"
"GEN24_1015799","No other reason"
"GEN24_1015801","No other reason"
"GEN24_1015802","No other reason"
"GEN24_1015803","VFR"
"GEN24_1015805","Holiday / vacation"
"GEN24_1015808","No other reason"
"GEN24_1015811","Business"
"GEN24_1015811","Holiday / vacation"
"GEN24_1015817","VFR"
"GEN24_1015818","Holiday / vacation"
"GEN24_1015821","No other reason"
"GEN24_1015822","Holiday / vacation"
"GEN24_1015842","Other"
"GEN24_1015845","No other reason"
"GEN24_1015846","Holiday / vacation"
"GEN24_1015850","Holiday / vacation"
"GEN24_1015856","Other"
"GEN24_1015857","Holiday / vacation"
"GEN24_1015859","No other reason"
"GEN24_1015863","No other reason"
"GEN24_1015871","Holiday / vacation"
"GEN24_1015872","VFR"
"GEN24_1015884","Holiday / vacation"
"GEN24_1015885","Holiday / vacation"
"GEN24_1015887","No other reason"
"GEN24_1015889","No other reason"
"GEN24_1015890","Holiday / vacation"
"GEN24_1015891","No other reason"
"GEN24_1015902","No other reason"
"GEN24_1015904","No other reason"
"GEN24_1015907","No other reason"
"GEN24_1015913","Holiday / vacation"
"GEN24_1015922","Holiday / vacation"
"GEN24_1015923","Holiday / vacation"
"GEN24_1015926","No other reason"
"GEN24_1015931","Holiday / vacation"
"GEN24_1015932","Holiday / vacation"
"GEN24_1015935","Holiday / vacation"
"GEN24_1015937","No other reason"
"GEN24_1015938","No other reason"
"GEN24_1015946","Holiday / vacation"
"GEN24_1015951","Holiday / vacation"
"GEN24_1015954","No other reason"
"GEN24_1015956","No other reason"
"GEN24_1015960","VFR"
"GEN24_1015963","VFR"
"GEN24_1015964","No other reason"
"GEN24_1015966","Holiday / vacation"
"GEN24_1015967","Holiday / vacation"
"GEN24_1015972","No other reason"
"GEN24_1015973","Holiday / vacation"
"GEN24_1015974","Holiday / vacation"
"GEN24_1015975","Other"
"GEN24_1015980","VFR"
"GEN24_1015982","No other reason"
"GEN24_1015984","Holiday / vacation"
"GEN24_1015985","No other reason"
"GEN24_1015990","No other reason"
"GEN24_1015995","No other reason"
"GEN24_1015999","No other reason"
"GEN24_1016001","No other reason"
"GEN24_1016021","No other reason"
"GEN24_1016027","No other reason"
"GEN24_1016032","No other reason"
"GEN24_1016033","VFR"
"GEN24_1016039","Holiday / vacation"
"GEN24_1016040","Holiday / vacation"
"GEN24_1016049","No other reason"
"GEN24_1016050","No other reason"
"GEN24_1016054","No other reason"
"GEN24_1016064","No other reason"
"GEN24_1016066","No other reason"
"GEN24_1016068","No other reason"
"GEN24_1016069","No other reason"
"GEN24_1016073","Holiday / vacation"
"GEN24_1016082","Holiday / vacation"
"GEN24_1016084","No other reason"
"GEN24_1016085","No other reason"
"GEN24_1016089","No other reason"
"GEN24_1016091","Holiday / vacation"
"GEN24_1016093","Holiday / vacation"
"GEN24_1016095","No other reason"
"GEN24_1016097","No other reason"
"GEN24_1016100","Holiday / vacation"
"GEN24_1016101","No other reason"
"GEN24_1016104","No other reason"
"GEN24_1016106","Holiday / vacation"
"GEN24_1016117","Other"
"GEN24_1016121","No other reason"
"GEN24_1016125","No other reason"
"GEN24_1016128","No other reason"
"GEN24_1016129","No other reason"
"GEN24_1016131","No other reason"
"GEN24_1016132","No other reason"
"GEN24_1016135","VFR"
"GEN24_1016140","No other reason"
"GEN24_1016144","Holiday / vacation"
"GEN24_1016147","No other reason"
"GEN24_1016150","VFR"
"GEN24_1016152","No other reason"
"GEN24_1016154","Holiday / vacation"
"GEN24_1016157","No other reason"
"GEN24_1016158","No other reason"
"GEN24_1016159","VFR"
"GEN24_1016160","VFR"
"GEN24_1016164","No other reason"
"GEN24_1016170","Holiday / vacation"
"GEN24_1016171","Business"
"GEN24_1016172","No other reason"
"GEN24_1016174","Other"
"GEN24_1016180","VFR"
"GEN24_1016188","No other reason"
"GEN24_1016194","No other reason"
"GEN24_1016198","No other reason"
"GEN24_1016200","VFR"
"GEN24_1016203","No other reason"
"GEN24_1016204","No other reason"
"GEN24_1016210","No other reason"
"GEN24_1016211","VFR"
"GEN24_1016213","No other reason"
"GEN24_1016216","No other reason"
"GEN24_1016217","No other reason"
"GEN24_1016218","Other"
"GEN24_1016222","VFR"
"GEN24_1016223","Holiday / vacation"
"GEN24_1016224","No other reason"
"GEN24_1016226","No other reason"
"GEN24_1016231","No other reason"
"GEN24_1016242","Holiday / vacation"
"GEN24_1016248","No other reason"
"GEN24_1016258","No other reason"
"GEN24_1016259","No other reason"
"GEN24_1016261","VFR"
"GEN24_1016268","No other reason"
"GEN24_1016269","No other reason"
"GEN24_1016271","Holiday / vacation"
"GEN24_1016272","Holiday / vacation"
"GEN24_1016274","VFR"
"GEN24_1016275","Holiday / vacation"
"GEN24_1016276","No other reason"
"GEN24_1016284","No other reason"
"GEN24_1016288","Holiday / vacation"
"GEN24_1016290","No other reason"
"GEN24_1016293","VFR"
"GEN24_1016298","Holiday / vacation"
"GEN24_1016300","No other reason"
"GEN24_1016301","No other reason"
"GEN24_1016302","No other reason"
"GEN24_1016304","VFR"
"GEN24_1016312","No other reason"
"GEN24_1016317","No other reason"
"GEN24_1016320","Holiday / vacation"
"GEN24_1016322","No other reason"
"GEN24_1016325","No other reason"
"GEN24_1016327","No other reason"
"GEN24_1016342","Holiday / vacation"
"GEN24_1016346","No other reason"
"GEN24_1016356","Holiday / vacation"
"GEN24_1016362","VFR"
"GEN24_1016363","No other reason"
"GEN24_1016364","No other reason"
"GEN24_1016366","Other"
"GEN24_1016369","Holiday / vacation"
"GEN24_1016379","No other reason"
"GEN24_1016384","Holiday / vacation"
"GEN24_1016385","No other reason"
"GEN24_1016389","No other reason"
"GEN24_1016392","No other reason"
"GEN24_1016397","Holiday / vacation"
"GEN24_1016399","No other reason"
"GEN24_1016401","Holiday / vacation"
"GEN24_1016404","No other reason"
"GEN24_1016408","Conference / convention"
"GEN24_1016411","No other reason"
"GEN24_1016422","No other reason"
"GEN24_1016423","No other reason"
"GEN24_1016428","Holiday / vacation"
"GEN24_1016429","No other reason"
"GEN24_1016431","No other reason"
"GEN24_1016433","No other reason"
"GEN24_1016438","VFR"
"GEN24_1016440","No other reason"
"GEN24_1016441","No other reason"
"GEN24_1016447","No other reason"
"GEN24_1016464","No other reason"
"GEN24_1016465","No other reason"
"GEN24_1016469","No other reason"
"GEN24_1016470","No other reason"
"GEN24_1016473","No other reason"
"GEN24_1016474","No other reason"
"GEN24_1016476","No other reason"
"GEN24_1016478","No other reason"
"GEN24_1016479","Holiday / vacation"
"GEN24_1016482","Holiday / vacation"
"GEN24_1016487","No other reason"
"GEN24_1016489","No other reason"
"GEN24_1016496","No other reason"
"GEN24_1016497","No other reason"
"GEN24_1016499","No other reason"
"GEN24_1016502","No other reason"
"GEN24_1016509","No other reason"
"GEN24_1016514","Holiday / vacation"
"GEN24_1016517","No other reason"
"GEN24_1016521","Other"
"GEN24_1016522","No other reason"
"GEN24_1016525","Other"
"GEN24_1016528","No other reason"
"GEN24_1016534","Holiday / vacation"
"GEN24_1016539","No other reason"
"GEN24_1016542","No other reason"
"GEN24_1016556","No other reason"
"GEN24_1016557","Holiday / vacation"
"GEN24_1016558","No other reason"
"GEN24_1016559","No other reason"
"GEN24_1016567","No other reason"
"GEN24_1016568","No other reason"
"GEN24_1016576","Holiday / vacation"
"GEN24_1016581","Holiday / vacation"
"GEN24_1016585","VFR"
"GEN24_1016589","Holiday / vacation"
"GEN24_1016593","VFR"
"GEN24_1016596","No other reason"
"GEN24_1016599","No other reason"
"GEN24_1016600","No other reason"
"GEN24_1016603","Other"
"GEN24_1016603","VFR"
"GEN24_1016608","No other reason"
"GEN24_1016610","No other reason"
"GEN24_1016615","No other reason"
"GEN24_1016616","No other reason"
"GEN24_1016618","No other reason"
"GEN24_1016622","Holiday / vacation"
"GEN24_1016626","Holiday / vacation"
"GEN24_1016627","No other reason"
"GEN24_1016628","No other reason"
"GEN24_1016629","No other reason"
"GEN24_1016633","No other reason"
"GEN24_1016634","No other reason"
"GEN24_1016635","VFR"
"GEN24_1016640","Holiday / vacation"
"GEN24_1016645","No other reason"
"GEN24_1016648","No other reason"
"GEN24_1016649","No other reason"
"GEN24_1016664","No other reason"
"GEN24_1016668","VFR"
"GEN24_1016673","No other reason"
"GEN24_1016674","No other reason"
"GEN24_1016677","Holiday / vacation"
"GEN24_1016678","Holiday / vacation"
"GEN24_1016679","No other reason"
"GEN24_1016686","Holiday / vacation"
"GEN24_1016689","No other reason"
"GEN24_1016691","Holiday / vacation"
"GEN24_1016693","No other reason"
"GEN24_1016695","No other reason"
"GEN24_1016697","Holiday / vacation"
"GEN24_1016698","VFR"
"GEN24_1016701","No other reason"
"GEN24_1016706","No other reason"
"GEN24_1016709","No other reason"
"GEN24_1016710","No other reason"
"GEN24_1016712","Holiday / vacation"
"GEN24_1016729","No other reason"
"GEN24_1016735","No other reason"
"GEN24_1016742","No other reason"
"GEN24_1016743","VFR"
"GEN24_1016744","No other reason"
"GEN24_1016746","No other reason"
"GEN24_1016749","No other reason"
"GEN24_1016750","Holiday / vacation"
"GEN24_1016751","No other reason"
"GEN24_1016752","VFR"
"GEN24_1016755","No other reason"
"GEN24_1016757","No other reason"
"GEN24_1016761","No other reason"
"GEN24_1016766","Holiday / vacation"
"GEN24_1016766","Other"
"GEN24_1016769","No other reason"
"GEN24_1016771","No other reason"
"GEN24_1016772","Holiday / vacation"
"GEN24_1016774","Holiday / vacation"
"GEN24_1016776","VFR"
"GEN24_1016780","Holiday / vacation"
"GEN24_1016783","Holiday / vacation"
"GEN24_1016784","VFR"
"GEN24_1016785","No other reason"
"GEN24_1016787","No other reason"
"GEN24_1016789","No other reason"
"GEN24_1016790","No other reason"
"GEN24_1016791","No other reason"
"GEN24_1016792","No other reason"
"GEN24_1016793","Holiday / vacation"
"GEN24_1016793","VFR"
"GEN24_1016795","No other reason"
"GEN24_1016796","No other reason"
"GEN24_1016804","No other reason"
"GEN24_1016806","No other reason"
"GEN24_1016809","Other"
"GEN24_1016817","Holiday / vacation"
"GEN24_1016821","No other reason"
"GEN24_1016824","Holiday / vacation"
"GEN24_1016825","No other reason"
"GEN24_1016827","Holiday / vacation"
"GEN24_1016832","VFR"
"GEN24_1016834","Holiday / vacation"
"GEN24_1016843","Holiday / vacation"
"GEN24_1016848","Holiday / vacation"
"GEN24_1016853","No other reason"
"GEN24_1016854","No other reason"
"GEN24_1016855","VFR"
"GEN24_1016859","VFR"
"GEN24_1016860","Holiday / vacation"
"GEN24_1016861","Holiday / vacation"
"GEN24_1016864","No other reason"
"GEN24_1016869","No other reason"
"GEN24_1016870","No other reason"
"GEN24_1016873","VFR"
"GEN24_1016884","VFR"
"GEN24_1016885","No other reason"
"GEN24_1016890","Holiday / vacation"
"GEN24_1016893","No other reason"
"GEN24_1016895","Holiday / vacation"
"GEN24_1016896","No other reason"
"GEN24_1016898","No other reason"
"GEN24_1016899","No other reason"
"GEN24_1016902","No other reason"
"GEN24_1016903","Holiday / vacation"
"GEN24_1016904","No other reason"
"GEN24_1016906","Holiday / vacation"
"GEN24_1016908","Holiday / vacation"
"GEN24_1016912","Holiday / vacation"
"GEN24_1016913","Holiday / vacation"
"GEN24_1016915","Holiday / vacation"
"GEN24_1016921","No other reason"
"GEN24_1016923","No other reason"
"GEN24_1016924","No other reason"
"GEN24_1016929","No other reason"
"GEN24_1016935","Holiday / vacation"
"GEN24_1016939","No other reason"
"GEN24_1016942","No other reason"
"GEN24_1016943","Holiday / vacation"
"GEN24_1016944","Other"
"GEN24_1016949","No other reason"
"GEN24_1016957","No other reason"
"GEN24_1016962","Holiday / vacation"
"GEN24_1016969","No other reason"
"GEN24_1016970","No other reason"
"GEN24_1016972","No other reason"
"GEN24_1016976","No other reason"
"GEN24_1016978","Holiday / vacation"
"GEN24_1016980","No other reason"
"GEN24_1016982","VFR"
"GEN24_1016985","No other reason"
"GEN24_1016989","VFR"
"GEN24_1016990","Holiday / vacation"
"GEN24_1016998","No other reason"
"GEN24_1016999","No other reason"
"GEN24_1017002","VFR"
"GEN24_1017006","No other reason"
"GEN24_1017012","Holiday / vacation"
"GEN24_1017014","No other reason"
"GEN24_1017017","No other reason"
"GEN24_1017022","Holiday / vacation"
"GEN24_1017029","No other reason"
"GEN24_1017040","No other reason"
"GEN24_1017042","No other reason"
"GEN24_1017044","Holiday / vacation"
"GEN24_1017045","No other reason"
"GEN24_1017046","VFR"
"GEN24_1017049","No other reason"
"GEN24_1017051","No other reason"
"GEN24_1017056","No other reason"
"GEN24_1017064","Other"
"GEN24_1017065","VFR"
"GEN24_1017066","No other reason"
"GEN24_1017072","Holiday / vacation"
"GEN24_1017076","No other reason"
"GEN24_1017077","No other reason"
"GEN24_1017082","No other reason"
"GEN24_1017089","No other reason"
"GEN24_1017096","No other reason"
"GEN24_1017100","Holiday / vacation"
"GEN24_1017101","Business"
"GEN24_1017111","No other reason"
"GEN24_1017114","Business"
"GEN24_1017115","No other reason"
"GEN24_1017120","No other reason"
"GEN24_1017122","No other reason"
"GEN24_1017127","No other reason"
"GEN24_1017131","Holiday / vacation"
"GEN24_1017134","Holiday / vacation"
"GEN24_1017140","No other reason"
"GEN24_1017144","No other reason"
"GEN24_1017146","No other reason"
"GEN24_1017153","No other reason"
"GEN24_1017154","Holiday / vacation"
"GEN24_1017155","No other reason"
"GEN24_1017157","VFR"
"GEN24_1017162","Holiday / vacation"
"GEN24_1017166","No other reason"
"GEN24_1017167","No other reason"
"GEN24_1017169","Holiday / vacation"
"GEN24_1017175","VFR"
"GEN24_1017177","VFR"
"GEN24_1017179","No other reason"
"GEN24_1017182","Holiday / vacation"
"GEN24_1017192","No other reason"
"GEN24_1017195","No other reason"
"GEN24_1017199","VFR"
"GEN24_1017200","No other reason"
"GEN24_1017203","Holiday / vacation"
"GEN24_1017204","VFR"
"GEN24_1017208","No other reason"
"GEN24_1017212","Holiday / vacation"
"GEN24_1017214","No other reason"
"GEN24_1017216","VFR"
"GEN24_1017218","No other reason"
"GEN24_1017219","No other reason"
"GEN24_1017234","No other reason"
"GEN24_1017235","Holiday / vacation"
"GEN24_1017241","No other reason"
"GEN24_1017243","Holiday / vacation"
"GEN24_1017251","No other reason"
"GEN24_1017253","VFR"
"GEN24_1017255","No other reason"
"GEN24_1017261","Holiday / vacation"
"GEN24_1017262","VFR"
"GEN24_1017265","Holiday / vacation"
"GEN24_1017266","No other reason"
"GEN24_1017267","No other reason"
"GEN24_1017270","No other reason"
"GEN24_1017272","No other reason"
"GEN24_1017275","No other reason"
"GEN24_1017277","No other reason"
"GEN24_1017287","No other reason"
"GEN24_1017291","Holiday / vacation"
"GEN24_1017295","Holiday / vacation"
"GEN24_1017296","No other reason"
"GEN24_1017301","Other"
"GEN24_1017303","VFR"
"GEN24_1017304","No other reason"
"GEN24_1017313","No other reason"
"GEN24_1017316","No other reason"
"GEN24_1017319","Other"
"GEN24_1017330","VFR"
"GEN24_1017332","No other reason"
"GEN24_1017335","VFR"
"GEN24_1017346","No other reason"
"GEN24_1017351","Other"
"GEN24_1017357","No other reason"
"GEN24_1017374","No other reason"
"GEN24_1017385","VFR"
"GEN24_1017387","VFR"
"GEN24_1017391","Holiday / vacation"
"GEN24_1017399","No other reason"
"GEN24_1017400","Holiday / vacation"
"GEN24_1017402","Holiday / vacation"
"GEN24_1017403","Holiday / vacation"
"GEN24_1017404","Other"
"GEN24_1017427","VFR"
"GEN24_1017430","No other reason"
"GEN24_1017438","No other reason"
"GEN24_1017439","No other reason"
"GEN24_1017444","No other reason"
"GEN24_1017447","No other reason"
"GEN24_1017457","No other reason"
"GEN24_1017461","No other reason"
"GEN24_1017470","No other reason"
"GEN24_1017476","No other reason"
"GEN24_1017477","Holiday / vacation"
"GEN24_1017481","Other"
"GEN24_1017482","Holiday / vacation"
"GEN24_1017483","No other reason"
"GEN24_1017496","VFR"
"GEN24_1017502","Holiday / vacation"
"GEN24_1017505","VFR"
"GEN24_1017509","No other reason"
"GEN24_1017510","Holiday / vacation"
"GEN24_1017512","No other reason"
"GEN24_1017513","Other"
"GEN24_1017518","No other reason"
"GEN24_1017523","No other reason"
"GEN24_1017528","Other"
"GEN24_1017534","No other reason"
"GEN24_1017539","Other"
"GEN24_1017542","No other reason"
"GEN24_1017547","VFR"
"GEN24_1017549","No other reason"
"GEN24_1017550","No other reason"
"GEN24_1017551","Holiday / vacation"
"GEN24_1017555","Holiday / vacation"
"GEN24_1017557","No other reason"
"GEN24_1017565","No other reason"
"GEN24_1017573","No other reason"
"GEN24_1017579","No other reason"
"GEN24_1017580","Holiday / vacation"
"GEN24_1017581","No other reason"
"GEN24_1017583","No other reason"
"GEN24_1017584","No other reason"
"GEN24_1017588","No other reason"
"GEN24_1017592","No other reason"
"GEN24_1017593","No other reason"
"GEN24_1017599","Holiday / vacation"
"GEN24_1017600","No other reason"
"GEN24_1017601","No other reason"
"GEN24_1017605","No other reason"
"GEN24_1017609","Holiday / vacation"
"GEN24_1017610","No other reason"
"GEN24_1017612","No other reason"
"GEN24_1017613","No other reason"
"GEN24_1017616","No other reason"
"GEN24_1017619","Holiday / vacation"
"GEN24_1017625","No other reason"
"GEN24_1017629","No other reason"
"GEN24_1017630","No other reason"
"GEN24_1017631","Holiday / vacation"
"GEN24_1017632","No other reason"
"GEN24_1017633","No other reason"
"GEN24_1017634","No other reason"
"GEN24_1017635","No other reason"
"GEN24_1017645","Holiday / vacation"
"GEN24_1017646","Holiday / vacation"
"GEN24_1017647","No other reason"
"GEN24_1017652","Holiday / vacation"
"GEN24_1017654","No other reason"
"GEN24_1017655","Holiday / vacation"
"GEN24_1017656","No other reason"
"GEN24_1017658","No other reason"
"GEN24_1017662","No other reason"
"GEN24_1017663","Holiday / vacation"
"GEN24_1017666","No other reason"
"GEN24_1017669","No other reason"
"GEN24_1017671","No other reason"
"GEN24_1017675","VFR"
"GEN24_1017676","Holiday / vacation"
"GEN24_1017677","No other reason"
"GEN24_1017678","Holiday / vacation"
"GEN24_1017679","No other reason"
"GEN24_1017682","Holiday / vacation"
"GEN24_1017685","Holiday / vacation"
"GEN24_1017688","No other reason"
"GEN24_1017690","No other reason"
"GEN24_1017693","No other reason"
"GEN24_1017699","Holiday / vacation"
"GEN24_1017719","Holiday / vacation"
"GEN24_1017720","No other reason"
"GEN24_1017730","Holiday / vacation"
"GEN24_1017733","VFR"
"GEN24_1017739","VFR"
"GEN24_1017749","Holiday / vacation"
"GEN24_1017754","Holiday / vacation"
"GEN24_1017757","No other reason"
"GEN24_1017762","No other reason"
"GEN24_1017763","No other reason"
"GEN24_1017764","No other reason"
"GEN24_1017769","Holiday / vacation"
"GEN24_1017784","No other reason"
"GEN24_1017785","No other reason"
"GEN24_1017792","No other reason"
"GEN24_1017796","No other reason"
"GEN24_1017798","No other reason"
"GEN24_1017800","No other reason"
"GEN24_1017805","No other reason"
"GEN24_1017806","Holiday / vacation"
"GEN24_1017807","Holiday / vacation"
"GEN24_1017809","Holiday / vacation"
"GEN24_1017810","No other reason"
"GEN24_1017812","No other reason"
"GEN24_1017813","VFR"
"GEN24_1017815","Business"
"GEN24_1017816","No other reason"
"GEN24_1017817","No other reason"
"GEN24_1017820","No other reason"
"GEN24_1017823","Holiday / vacation"
"GEN24_1017827","No other reason"
"GEN24_1017828","No other reason"
"GEN24_1017829","No other reason"
"GEN24_1017830","No other reason"
"GEN24_1017831","No other reason"
"GEN24_1017839","Holiday / vacation"
"GEN24_1017843","No other reason"
"GEN24_1017844","No other reason"
"GEN24_1017847","VFR"
"GEN24_1017851","Other"
"GEN24_1017857","No other reason"
"GEN24_1017860","Holiday / vacation"
"GEN24_1017863","No other reason"
"GEN24_1017865","No other reason"
"GEN24_1017868","Holiday / vacation"
"GEN24_1017869","Holiday / vacation"
"GEN24_1017871","No other reason"
"GEN24_1017872","No other reason"
"GEN24_1017873","VFR"
"GEN24_1017877","No other reason"
"GEN24_1017880","No other reason"
"GEN24_1017881","VFR"
"GEN24_1017884","Holiday / vacation"
"GEN24_1017885","Holiday / vacation"
"GEN24_1017892","No other reason"
"GEN24_1017893","No other reason"
"GEN24_1017895","No other reason"
"GEN24_1017909","Holiday / vacation"
"GEN24_1017911","No other reason"
"GEN24_1017914","No other reason"
"GEN24_1017915","No other reason"
"GEN24_1017919","No other reason"
"GEN24_1017920","No other reason"
"GEN24_1017922","VFR"
"GEN24_1017923","No other reason"
"GEN24_1017924","No other reason"
"GEN24_1017928","VFR"
"GEN24_1017931","No other reason"
"GEN24_1017933","Education"
"GEN24_1017937","No other reason"
"GEN24_1017939","Holiday / vacation"
"GEN24_1017941","Holiday / vacation"
"GEN24_1017946","No other reason"
"GEN24_1017949","No other reason"
"GEN24_1017950","Other"
"GEN24_1017953","No other reason"
"GEN24_1017954","No other reason"
"GEN24_1017955","No other reason"
"GEN24_1017961","Holiday / vacation"
"GEN24_1017962","VFR"
"GEN24_1017965","Holiday / vacation"
"GEN24_1017969","VFR"
"GEN24_1017973","Holiday / vacation"
"GEN24_1017974","No other reason"
"GEN24_1017977","VFR"
"GEN24_1017991","Holiday / vacation"
"GEN24_1017993","VFR"
"GEN24_1017997","Other"
"GEN24_1018000","Holiday / vacation"
"GEN24_1018003","No other reason"
"GEN24_1018013","No other reason"
"GEN24_1018014","Holiday / vacation"
"GEN24_1018018","No other reason"
"GEN24_1018031","No other reason"
"GEN24_1018043","No other reason"
"GEN24_1018044","No other reason"
"GEN24_1018046","Holiday / vacation"
"GEN24_1018051","No other reason"
"GEN24_1018052","VFR"
"GEN24_1018053","VFR"
"GEN24_1018057","Other"
"GEN24_1018059","No other reason"
"GEN24_1018060","No other reason"
"GEN24_1018062","No other reason"
"GEN24_1018071","VFR"
"GEN24_1018073","VFR"
"GEN24_1018074","Holiday / vacation"
"GEN24_1018079","No other reason"
"GEN24_1018084","Other"
"GEN24_1018085","Holiday / vacation"
"GEN24_1018089","Holiday / vacation"
"GEN24_1018093","No other reason"
"GEN24_1018096","No other reason"
"GEN24_1018098","No other reason"
"GEN24_1018101","Holiday / vacation"
"GEN24_1018104","Holiday / vacation"
"GEN24_1018108","No other reason"
"GEN24_1018118","Holiday / vacation"
"GEN24_1018120","VFR"
"GEN24_1018121","No other reason"
"GEN24_1018122","Holiday / vacation"
"GEN24_1018126","No other reason"
"GEN24_1018127","VFR"
"GEN24_1018128","No other reason"
"GEN24_1018130","No other reason"
"GEN24_1018131","No other reason"
"GEN24_1018133","No other reason"
"GEN24_1018137","VFR"
"GEN24_1018139","VFR"
"GEN24_1018141","No other reason"
"GEN24_1018150","No other reason"
"GEN24_1018154","VFR"
"GEN24_1018163","No other reason"
"GEN24_1018165","Holiday / vacation"
"GEN24_1018175","Holiday / vacation"
"GEN24_1018189","Holiday / vacation"
"GEN24_1018191","Holiday / vacation"
"GEN24_1018194","No other reason"
"GEN24_1018197","Holiday / vacation"
"GEN24_1018197","Other"
"GEN24_1018199","VFR"
"GEN24_1018204","No other reason"
"GEN24_1018213","VFR"
"GEN24_1018214","Business"
"GEN24_1018214","Holiday / vacation"
"GEN24_1018216","No other reason"
"GEN24_1018218","No other reason"
"GEN24_1018220","No other reason"
"GEN24_1018221","No other reason"
"GEN24_1018222","No other reason"
"GEN24_1018223","No other reason"
"GEN24_1018226","Holiday / vacation"
"GEN24_1018227","No other reason"
"GEN24_1018228","No other reason"
"GEN24_1018229","Holiday / vacation"
"GEN24_1018237","VFR"
"GEN24_1018238","VFR"
"GEN24_1018239","No other reason"
"GEN24_1018240","No other reason"
"GEN24_1018241","Holiday / vacation"
"GEN24_1018246","Holiday / vacation"
"GEN24_1018247","Holiday / vacation"
"GEN24_1018253","No other reason"
"GEN24_1018254","No other reason"
"GEN24_1018257","Holiday / vacation"
"GEN24_1018260","Holiday / vacation"
"GEN24_1018262","Holiday / vacation"
"GEN24_1018263","No other reason"
"GEN24_1018265","Holiday / vacation"
"GEN24_1018268","Business"
"GEN24_1018269","VFR"
"GEN24_1018271","Holiday / vacation"
"GEN24_1018274","No other reason"
"GEN24_1018285","No other reason"
"GEN24_1018286","No other reason"
"GEN24_1018288","VFR"
"GEN24_1018292","Holiday / vacation"
"GEN24_1018293","Holiday / vacation"
"GEN24_1018294","No other reason"
"GEN24_1018296","No other reason"
"GEN24_1018300","Other"
"GEN24_1018301","VFR"
"GEN24_1018302","No other reason"
"GEN24_1018303","Holiday / vacation"
"GEN24_1018304","No other reason"
"GEN24_1018305","No other reason"
"GEN24_1018307","No other reason"
"GEN24_1018309","VFR"
"GEN24_1018311","VFR"
"GEN24_1018313","Holiday / vacation"
"GEN24_1018314","No other reason"
"GEN24_1018316","VFR"
"GEN24_1018319","No other reason"
"GEN24_1018336","VFR"
"GEN24_1018337","VFR"
"GEN24_1018343","Holiday / vacation"
"GEN24_1018344","No other reason"
"GEN24_1018346","No other reason"
"GEN24_1018348","No other reason"
"GEN24_1018349","No other reason"
"GEN24_1018350","No other reason"
"GEN24_1018353","No other reason"
"GEN24_1018354","No other reason"
"GEN24_1018363","Other"
"GEN24_1018366","Other"
"GEN24_1018367","Business"
"GEN24_1018368","Holiday / vacation"
"GEN24_1018369","No other reason"
"GEN24_1018371","Holiday / vacation"
"GEN24_1018373","No other reason"
"GEN24_1018376","Holiday / vacation"
"GEN24_1018377","Other"
"GEN24_1018378","No other reason"
"GEN24_1018379","Holiday / vacation"
"GEN24_1018381","No other reason"
"GEN24_1018384","No other reason"
"GEN24_1018385","No other reason"
"GEN24_1018387","No other reason"
"GEN24_1018388","No other reason"
"GEN24_1018390","No other reason"
"GEN24_1018391","VFR"
"GEN24_1018394","No other reason"
"GEN24_1018395","No other reason"
"GEN24_1018399","Holiday / vacation"
"GEN24_1018401","No other reason"
"GEN24_1018404","No other reason"
"GEN24_1018407","No other reason"
"GEN24_1018408","No other reason"
"GEN24_1018411","No other reason"
"GEN24_1018427","No other reason"
"GEN24_1018432","No other reason"
"GEN24_1018438","Holiday / vacation"
"GEN24_1018452","Holiday / vacation"
"GEN24_1018453","Holiday / vacation"
"GEN24_1018454","No other reason"
"GEN24_1018456","No other reason"
"GEN24_1018466","Other"
"GEN24_1018467","No other reason"
"GEN24_1018473","No other reason"
"GEN24_1018488","VFR"
"GEN24_1018489","No other reason"
"GEN24_1018496","No other reason"
"GEN24_1018497","No other reason"
"GEN24_1018499","No other reason"
"GEN24_1018505","No other reason"
"GEN24_1018506","No other reason"
"GEN24_1018507","No other reason"
"GEN24_1018513","No other reason"
"GEN24_1018516","Holiday / vacation"
"GEN24_1018517","No other reason"
"GEN24_1018519","Holiday / vacation"
"GEN24_1018520","VFR"
"GEN24_1018521","No other reason"
"GEN24_1018522","No other reason"
"GEN24_1018524","No other reason"
"GEN24_1018528","No other reason"
"GEN24_1018530","No other reason"
"GEN24_1018531","No other reason"
"GEN24_1018532","No other reason"
"GEN24_1018533","Holiday / vacation"
"GEN24_1018537","VFR"
"GEN24_1018539","No other reason"
"GEN24_1018544","No other reason"
"GEN24_1018545","No other reason"
"GEN24_1018546","No other reason"
"GEN24_1018547","VFR"
"GEN24_1018548","Holiday / vacation"
"GEN24_1018550","No other reason"
"GEN24_1018551","No other reason"
"GEN24_1018555","No other reason"
"GEN24_1018557","Holiday / vacation"
"GEN24_1018562","No other reason"
"GEN24_1018563","No other reason"
"GEN24_1018567","Holiday / vacation"
"GEN24_1018569","Holiday / vacation"
"GEN24_1018570","Holiday / vacation"
"GEN24_1018571","No other reason"
"GEN24_1018574","No other reason"
"GEN24_1018575","Holiday / vacation"
"GEN24_1018576","No other reason"
"GEN24_1018580","No other reason"
"GEN24_1018581","VFR"
"GEN24_1018585","VFR"
"GEN24_1018592","No other reason"
"GEN24_1018593","VFR"
"GEN24_1018594","No other reason"
"GEN24_1018606","No other reason"
"GEN24_1018607","Holiday / vacation"
"GEN24_1018610","No other reason"
"GEN24_1018612","No other reason"
"GEN24_1018627","Holiday / vacation"
"GEN24_1018629","Business"
"GEN24_1018635","VFR"
"GEN24_1018637","Holiday / vacation"
"GEN24_1018642","No other reason"
"GEN24_1018648","Holiday / vacation"
"GEN24_1018649","Holiday / vacation"
"GEN24_1018650","No other reason"
"GEN24_1018651","No other reason"
"GEN24_1018652","Holiday / vacation"
"GEN24_1018657","VFR"
"GEN24_1018658","No other reason"
"GEN24_1018659","No other reason"
"GEN24_1018660","No other reason"
"GEN24_1018665","No other reason"
"GEN24_1018670","Holiday / vacation"
"GEN24_1018674","VFR"
"GEN24_1018676","VFR"
"GEN24_1018677","Holiday / vacation"
"GEN24_1018681","Holiday / vacation"
"GEN24_1018686","Holiday / vacation"
"GEN24_1018687","VFR"
"GEN24_1018690","No other reason"
"GEN24_1018695","Holiday / vacation"
"GEN24_1018696","Other"
"GEN24_1018697","No other reason"
"GEN24_1018704","No other reason"
"GEN24_1018712","No other reason"
"GEN24_1018714","No other reason"
"GEN24_1018716","No other reason"
"GEN24_1018717","VFR"
"GEN24_1018720","No other reason"
"GEN24_1018721","No other reason"
"GEN24_1018722","No other reason"
"GEN24_1018723","No other reason"
"GEN24_1018724","No other reason"
"GEN24_1018725","VFR"
"GEN24_1018726","Holiday / vacation"
"GEN24_1018730","Holiday / vacation"
"GEN24_1018732","No other reason"
"GEN24_1018733","VFR"
"GEN24_1018734","No other reason"
"GEN24_1018735","Holiday / vacation"
"GEN24_1018736","Holiday / vacation"
"GEN24_1018742","Holiday / vacation"
"GEN24_1018745","No other reason"
"GEN24_1018755","No other reason"
"GEN24_1018760","No other reason"
"GEN24_1018766","No other reason"
"GEN24_1018771","No other reason"
"GEN24_1018785","No other reason"
"GEN24_1018794","No other reason"
"GEN24_1018795","VFR"
"GEN24_1018797","VFR"
"GEN24_1018798","Holiday / vacation"
"GEN24_1018799","Holiday / vacation"
"GEN24_1018802","Holiday / vacation"
"GEN24_1018804","VFR"
"GEN24_1018805","Holiday / vacation"
"GEN24_1018806","No other reason"
"GEN24_1018807","No other reason"
"GEN24_1018808","No other reason"
"GEN24_1018817","Other"
"GEN24_1018822","No other reason"
"GEN24_1018825","Holiday / vacation"
"GEN24_1018831","Holiday / vacation"
"GEN24_1018833","Holiday / vacation"
"GEN24_1018833","Other"
"GEN24_1018836","VFR"
"GEN24_1018838","Holiday / vacation"
"GEN24_1018840","VFR"
"GEN24_1018842","Holiday / vacation"
"GEN24_1018843","No other reason"
"GEN24_1018844","No other reason"
"GEN24_1018850","No other reason"
"GEN24_1018855","No other reason"
"GEN24_1018858","Holiday / vacation"
"GEN24_1018862","Holiday / vacation"
"GEN24_1018864","No other reason"
"GEN24_1018871","No other reason"
"GEN24_1018881","Holiday / vacation"
"GEN24_1018887","No other reason"
"GEN24_1018894","Education"
"GEN24_1018895","No other reason"
"GEN24_1018897","No other reason"
"GEN24_1018899","VFR"
"GEN24_1018900","No other reason"
"GEN24_1018907","No other reason"
"GEN24_1018912","No other reason"
"GEN24_1018918","No other reason"
"GEN24_1018920","No other reason"
"GEN24_1018927","Conference / convention"
"GEN24_1018928","VFR"
"GEN24_1018929","No other reason"
"GEN24_1018930","No other reason"
"GEN24_1018933","No other reason"
"GEN24_1018935","VFR"
"GEN24_1018937","VFR"
"GEN24_1018938","VFR"
"GEN24_1018943","No other reason"
"GEN24_1018945","No other reason"
"GEN24_1018950","No other reason"
"GEN24_1018951","Other"
"GEN24_1018952","Holiday / vacation"
"GEN24_1018954","No other reason"
"GEN24_1018957","No other reason"
"GEN24_1018960","Holiday / vacation"
"GEN24_1018962","Holiday / vacation"
"GEN24_1018965","No other reason"
"GEN24_1018974","No other reason"
"GEN24_1018976","No other reason"
"GEN24_1018979","Holiday / vacation"
"GEN24_1018981","No other reason"
"GEN24_1018986","No other reason"
"GEN24_1018987","No other reason"
"GEN24_1018989","VFR"
"GEN24_1018991","Education"
"GEN24_1018995","Business"
"GEN24_1018998","Business"
"GEN24_1019003","Holiday / vacation"
"GEN24_1019005","No other reason"
"GEN24_1019009","No other reason"
"GEN24_1019016","No other reason"
"GEN24_1019031","VFR"
"GEN24_1019032","Holiday / vacation"
"GEN24_1019034","No other reason"
"GEN24_1019035","VFR"
"GEN24_1019038","No other reason"
"GEN24_1019041","No other reason"
"GEN24_1019042","Holiday / vacation"
"GEN24_1019043","VFR"
"GEN24_1019048","No other reason"
"GEN24_1019052","No other reason"
"GEN24_1019053","No other reason"
"GEN24_1019054","No other reason"
"GEN24_1019060","VFR"
"GEN24_1019064","No other reason"
"GEN24_1019067","Holiday / vacation"
"GEN24_1019068","No other reason"
"GEN24_1019078","No other reason"
"GEN24_1019084","No other reason"
"GEN24_1019091","Holiday / vacation"
"GEN24_1019092","Other"
"GEN24_1019093","No other reason"
"GEN24_1019094","No other reason"
"GEN24_1019097","No other reason"
"GEN24_1019116","Holiday / vacation"
"GEN24_1019118","Holiday / vacation"
"GEN24_1019119","No other reason"
"GEN24_1019120","No other reason"
"GEN24_1019122","No other reason"
"GEN24_1019123","No other reason"
"GEN24_1019124","Holiday / vacation"
"GEN24_1019128","Business"
"GEN24_1019134","No other reason"
"GEN24_1019140","No other reason"
"GEN24_1019145","No other reason"
"GEN24_1019152","Other"
"GEN24_1019157","No other reason"
"GEN24_1019158","Holiday / vacation"
"GEN24_1019165","VFR"
"GEN24_1019170","No other reason"
"GEN24_1019172","Education"
"GEN24_1019180","No other reason"
"GEN24_1019181","No other reason"
"GEN24_1019184","No other reason"
"GEN24_1019186","No other reason"
"GEN24_1019191","Holiday / vacation"
"GEN24_1019198","Holiday / vacation"
"GEN24_1019201","No other reason"
"GEN24_1019203","No other reason"
"GEN24_1019208","No other reason"
"GEN24_1019212","No other reason"
"GEN24_1019213","VFR"
"GEN24_1019214","Other"
"GEN24_1019216","VFR"
"GEN24_1019220","No other reason"
"GEN24_1019226","VFR"
"GEN24_1019227","VFR"
"GEN24_1019229","No other reason"
"GEN24_1019230","No other reason"
"GEN24_1019233","No other reason"
"GEN24_1019243","Holiday / vacation"
"GEN24_1019254","No other reason"
"GEN24_1019255","Business"
"GEN24_1019255","Education"
"GEN24_1019255","Holiday / vacation"
"GEN24_1019262","No other reason"
"GEN24_1019265","Holiday / vacation"
"GEN24_1019269","Holiday / vacation"
"GEN24_1019271","VFR"
"GEN24_1019281","No other reason"
"GEN24_1019282","Holiday / vacation"
"GEN24_1019284","Holiday / vacation"
"GEN24_1019285","Holiday / vacation"
"GEN24_1019286","VFR"
"GEN24_1019289","No other reason"
"GEN24_1019290","Holiday / vacation"
"GEN24_1019292","Holiday / vacation"
"GEN24_1019300","No other reason"
"GEN24_1019306","No other reason"
"GEN24_1019309","VFR"
"GEN24_1019313","No other reason"
"GEN24_1019319","No other reason"
"GEN24_1019323","Holiday / vacation"
"GEN24_1019324","No other reason"
"GEN24_1019327","No other reason"
"GEN24_1019328","Holiday / vacation"
"GEN24_1019328","VFR"
"GEN24_1019332","No other reason"
"GEN24_1019334","No other reason"
"GEN24_1019335","No other reason"
"GEN24_1019336","No other reason"
"GEN24_1019338","No other reason"
"GEN24_1019339","Holiday / vacation"
"GEN24_1019343","No other reason"
"GEN24_1019345","No other reason"
"GEN24_1019346","No other reason"
"GEN24_1019347","No other reason"
"GEN24_1019350","No other reason"
"GEN24_1019354","No other reason"
"GEN24_1019355","No other reason"
"GEN24_1019356","Holiday / vacation"
"GEN24_1019360","No other reason"
"GEN24_1019361","No other reason"
"GEN24_1019368","Holiday / vacation"
"GEN24_1019373","VFR"
"GEN24_1019374","VFR"
"GEN24_1019375","No other reason"
"GEN24_1019381","No other reason"
"GEN24_1019382","No other reason"
"GEN24_1019383","VFR"
"GEN24_1019388","No other reason"
"GEN24_1019394","Holiday / vacation"
"GEN24_1019397","No other reason"
"GEN24_1019399","No other reason"
"GEN24_1019402","VFR"
"GEN24_1019412","VFR"
"GEN24_1019416","Holiday / vacation"
"GEN24_1019422","No other reason"
"GEN24_1019423","Holiday / vacation"
"GEN24_1019426","Holiday / vacation"
"GEN24_1019428","No other reason"
"GEN24_1019429","Holiday / vacation"
"GEN24_1019431","No other reason"
"GEN24_1019432","No other reason"
"GEN24_1019434","VFR"
"GEN24_1019438","Holiday / vacation"
"GEN24_1019439","Holiday / vacation"
"GEN24_1019448","Holiday / vacation"
"GEN24_1019449","No other reason"
"GEN24_1019453","No other reason"
"GEN24_1019454","Holiday / vacation"
"GEN24_1019455","Conference / convention"
"GEN24_1019456","Holiday / vacation"
"GEN24_1019457","VFR"
"GEN24_1019460","VFR"
"GEN24_1019461","Holiday / vacation"
"GEN24_1019465","Holiday / vacation"
"GEN24_1019467","Holiday / vacation"
"GEN24_1019469","No other reason"
"GEN24_1019470","No other reason"
"GEN24_1019473","VFR"
"GEN24_1019474","VFR"
"GEN24_1019475","Other"
"GEN24_1019477","Other"
"GEN24_1019479","No other reason"
"GEN24_1019481","No other reason"
"GEN24_1019487","No other reason"
"GEN24_1019489","No other reason"
"GEN24_1019490","No other reason"
"GEN24_1019491","Holiday / vacation"
"GEN24_1019492","Holiday / vacation"
"GEN24_1019493","VFR"
"GEN24_1019495","Holiday / vacation"
"GEN24_1019497","Holiday / vacation"
"GEN24_1019498","VFR"
"GEN24_1019504","Holiday / vacation"
"GEN24_1019509","No other reason"
"GEN24_1019517","No other reason"
"GEN24_1019518","No other reason"
"GEN24_1019519","Holiday / vacation"
"GEN24_1019520","Holiday / vacation"
"GEN24_1019529","No other reason"
"GEN24_1019530","Holiday / vacation"
"GEN24_1019533","No other reason"
"GEN24_1019534","Education"
"GEN24_1019535","No other reason"
"GEN24_1019537","No other reason"
"GEN24_1019538","VFR"
"GEN24_1019547","No other reason"
"GEN24_1019548","No other reason"
"GEN24_1019549","No other reason"
"GEN24_1019552","Holiday / vacation"
"GEN24_1019554","Holiday / vacation"
"GEN24_1019556","No other reason"
"GEN24_1019559","Other"
"GEN24_1019562","No other reason"
"GEN24_1019564","VFR"
"GEN24_1019566","No other reason"
"GEN24_1019568","Holiday / vacation"
"GEN24_1019569","VFR"
"GEN24_1019574","No other reason"
"GEN24_1019576","Holiday / vacation"
"GEN24_1019582","No other reason"
"GEN24_1019584","Holiday / vacation"
"GEN24_1019586","Holiday / vacation"
"GEN24_1019593","Holiday / vacation"
"GEN24_1019595","No other reason"
"GEN24_1019597","No other reason"
"GEN24_1019600","No other reason"
"GEN24_1019601","No other reason"
"GEN24_1019603","Holiday / vacation"
"GEN24_1019605","Holiday / vacation"
"GEN24_1019606","Holiday / vacation"
"GEN24_1019608","No other reason"
"GEN24_1019609","Holiday / vacation"
"GEN24_1019613","No other reason"
"GEN24_1019614","Holiday / vacation"
"GEN24_1019616","No other reason"
"GEN24_1019618","No other reason"
"GEN24_1019620","No other reason"
"GEN24_1019622","VFR"
"GEN24_1019623","VFR"
"GEN24_1019624","VFR"
"GEN24_1019625","Holiday / vacation"
"GEN24_1019626","Holiday / vacation"
"GEN24_1019627","Holiday / vacation"
"GEN24_1019631","VFR"
"GEN24_1019633","Holiday / vacation"
"GEN24_1019637","Holiday / vacation"
"GEN24_1019639","No other reason"
"GEN24_1019642","No other reason"
"GEN24_1019643","VFR"
"GEN24_1019644","VFR"
"GEN24_1019649","No other reason"
"GEN24_1019651","No other reason"
"GEN24_1019652","No other reason"
"GEN24_1019653","No other reason"
"GEN24_1019656","Holiday / vacation"
"GEN24_1019658","No other reason"
"GEN24_1019659","VFR"
"GEN24_1019665","No other reason"
"GEN24_1019675","VFR"
"GEN24_1019678","Other"
"GEN24_1019681","No other reason"
"GEN24_1019682","Holiday / vacation"
"GEN24_1019685","Holiday / vacation"
"GEN24_1019695","No other reason"
"GEN24_1019697","No other reason"
"GEN24_1019699","Holiday / vacation"
"GEN24_1019700","VFR"
"GEN24_1019701","No other reason"
"GEN24_1019702","No other reason"
"GEN24_1019707","VFR"
"GEN24_1019711","VFR"
"GEN24_1019716","No other reason"
"GEN24_1019717","No other reason"
"GEN24_1019718","VFR"
"GEN24_1019723","No other reason"
"GEN24_1019724","No other reason"
"GEN24_1019728","No other reason"
"GEN24_1019729","Holiday / vacation"
"GEN24_1019731","Holiday / vacation"
"GEN24_1019735","Holiday / vacation"
"GEN24_1019739","No other reason"
"GEN24_1019740","VFR"
"GEN24_1019743","No other reason"
"GEN24_1019744","No other reason"
"GEN24_1019746","No other reason"
"GEN24_1019751","No other reason"
"GEN24_1019752","VFR"
"GEN24_1019754","Other"
"GEN24_1019756","VFR"
"GEN24_1019757","Holiday / vacation"
"GEN24_1019758","No other reason"
"GEN24_1019759","Holiday / vacation"
"GEN24_1019761","No other reason"
"GEN24_1019763","Holiday / vacation"
"GEN24_1019765","No other reason"
"GEN24_1019766","No other reason"
"GEN24_1019767","No other reason"
"GEN24_1019768","VFR"
"GEN24_1019771","Holiday / vacation"
"GEN24_1019776","VFR"
"GEN24_1019779","Holiday / vacation"
"GEN24_1019780","No other reason"
"GEN24_1019790","Other"
"GEN24_1019795","No other reason"
"GEN24_1019801","VFR"
"GEN24_1019802","VFR"
"GEN24_1019806","Holiday / vacation"
"GEN24_1019809","VFR"
"GEN24_1019811","No other reason"
"GEN24_1019821","No other reason"
"GEN24_1019826","No other reason"
"GEN24_1019833","No other reason"
"GEN24_1019834","Holiday / vacation"
"GEN24_1019835","No other reason"
"GEN24_1019837","VFR"
"GEN24_1019839","Holiday / vacation"
"GEN24_1019842","No other reason"
"GEN24_1019850","No other reason"
"GEN24_1019851","No other reason"
"GEN24_1019854","No other reason"
"GEN24_1019859","No other reason"
"GEN24_1019861","No other reason"
"GEN24_1019868","VFR"
"GEN24_1019869","No other reason"
"GEN24_1019870","Holiday / vacation"
"GEN24_1019872","No other reason"
"GEN24_1019876","No other reason"
"GEN24_1019878","No other reason"
"GEN24_1019879","No other reason"
"GEN24_1019880","Holiday / vacation"
"GEN24_1019880","VFR"
"GEN24_1019881","Other"
"GEN24_1019883","No other reason"
"GEN24_1019884","Holiday / vacation"
"GEN24_1019892","Other"
"GEN24_1019893","No other reason"
"GEN24_1019894","Holiday / vacation"
"GEN24_1019896","No other reason"
"GEN24_1019899","Holiday / vacation"
"GEN24_1019899","VFR"
"GEN24_1019900","Holiday / vacation"
"GEN24_1019902","Holiday / vacation"
"GEN24_1019907","Holiday / vacation"
"GEN24_1019908","Other"
"GEN24_1019910","No other reason"
"GEN24_1019911","No other reason"
"GEN24_1019912","Holiday / vacation"
"GEN24_1019914","No other reason"
"GEN24_1019915","No other reason"
"GEN24_1019917","No other reason"
"GEN24_1019919","Holiday / vacation"
"GEN24_1019920","Education"
"GEN24_1019922","VFR"
"GEN24_1019923","Holiday / vacation"
"GEN24_1019924","No other reason"
"GEN24_1019926","Holiday / vacation"
"GEN24_1019928","No other reason"
"GEN24_1019930","Holiday / vacation"
"GEN24_1019931","No other reason"
"GEN24_1019933","No other reason"
"GEN24_1019935","Holiday / vacation"
"GEN24_1019940","VFR"
"GEN24_1019941","No other reason"
"GEN24_1019946","VFR"
"GEN24_1019951","No other reason"
"GEN24_1019954","No other reason"
"GEN24_1019962","Holiday / vacation"
"GEN24_1019965","Holiday / vacation"
"GEN24_1019966","No other reason"
"GEN24_1019980","Holiday / vacation"
"GEN24_1019984","VFR"
"GEN24_1019987","VFR"
"GEN24_1019989","No other reason"
"GEN24_1019990","No other reason"
"GEN24_1019992","No other reason"
"GEN24_1019994","Holiday / vacation"
"GEN24_1019997","Holiday / vacation"
"GEN24_1020011","Education"
"GEN24_1020013","VFR"
"GEN24_1020018","Holiday / vacation"
"GEN24_1020022","No other reason"
"GEN24_1020024","No other reason"
"GEN24_1020029","Holiday / vacation"
"GEN24_1020041","Holiday / vacation"
"GEN24_1020042","No other reason"
"GEN24_1020045","VFR"
"GEN24_1020050","No other reason"
"GEN24_1020051","No other reason"
"GEN24_1020059","VFR"
"GEN24_1020065","No other reason"
"GEN24_1020072","No other reason"
"GEN24_1020073","Holiday / vacation"
"GEN24_1020078","Holiday / vacation"
"GEN24_1020081","No other reason"
"GEN24_1020086","No other reason"
"GEN24_1020089","VFR"
"GEN24_1020109","No other reason"
"GEN24_1020110","Holiday / vacation"
"GEN24_1020124","No other reason"
"GEN24_1020129","VFR"
"GEN24_1020132","No other reason"
"GEN24_1020134","Holiday / vacation"
"GEN24_1020135","VFR"
"GEN24_1020141","Holiday / vacation"
"GEN24_1020144","Other"
"GEN24_1020147","Holiday / vacation"
"GEN24_1020152","Holiday / vacation"
"GEN24_1020164","No other reason"
"GEN24_1020165","Holiday / vacation"
"GEN24_1020168","No other reason"
"GEN24_1020174","Holiday / vacation"
"GEN24_1020176","VFR"
"GEN24_1020181","Other"
"GEN24_1020183","No other reason"
"GEN24_1020191","No other reason"
"GEN24_1020195","No other reason"
"GEN24_1020201","No other reason"
"GEN24_1020203","VFR"
"GEN24_1020207","Holiday / vacation"
"GEN24_1020208","VFR"
"GEN24_1020213","No other reason"
"GEN24_1020214","Holiday / vacation"
"GEN24_1020216","Holiday / vacation"
"GEN24_1020217","No other reason"
"GEN24_1020224","Holiday / vacation"
"GEN24_1020233","No other reason"
"GEN24_1020235","No other reason"
"GEN24_1020237","Holiday / vacation"
"GEN24_1020242","Holiday / vacation"
"GEN24_1020243","Holiday / vacation"
"GEN24_1020246","Holiday / vacation"
"GEN24_1020251","Holiday / vacation"
"GEN24_1020254","No other reason"
"GEN24_1020257","Holiday / vacation"
"GEN24_1020270","No other reason"
"GEN24_1020271","Holiday / vacation"
"GEN24_1020272","Holiday / vacation"
"GEN24_1020276","Holiday / vacation"
"GEN24_1020279","Holiday / vacation"
"GEN24_1020282","No other reason"
"GEN24_1020289","No other reason"
"GEN24_1020290","VFR"
"GEN24_1020292","No other reason"
"GEN24_1020296","No other reason"
"GEN24_1020298","No other reason"
"GEN24_1020300","No other reason"
"GEN24_1020304","Holiday / vacation"
"GEN24_1020305","Holiday / vacation"
"GEN24_1020306","VFR"
"GEN24_1020307","No other reason"
"GEN24_1020310","VFR"
"GEN24_1020315","VFR"
"GEN24_1020324","No other reason"
"GEN24_1020326","Other"
"GEN24_1020327","Education"
"GEN24_1020332","Other"
"GEN24_1020338","No other reason"
"GEN24_1020343","No other reason"
"GEN24_1020345","VFR"
"GEN24_1020349","VFR"
"GEN24_1020355","Other"
"GEN24_1020359","Holiday / vacation"
"GEN24_1020360","No other reason"
"GEN24_1020364","Holiday / vacation"
"GEN24_1020365","Holiday / vacation"
"GEN24_1020366","Holiday / vacation"
"GEN24_1020369","VFR"
"GEN24_1020376","Holiday / vacation"
"GEN24_1020383","No other reason"
"GEN24_1020387","VFR"
"GEN24_1020389","No other reason"
"GEN24_1020393","VFR"
"GEN24_1020394","No other reason"
"GEN24_1020396","No other reason"
"GEN24_1020407","No other reason"
"GEN24_1020411","No other reason"
"GEN24_1020421","No other reason"
"GEN24_1020424","No other reason"
"GEN24_1020427","Holiday / vacation"
"GEN24_1020433","No other reason"
"GEN24_1020436","No other reason"
"GEN24_1020447","No other reason"
"GEN24_1020450","No other reason"
"GEN24_1020453","No other reason"
"GEN24_1020455","Other"
"GEN24_1020457","No other reason"
"GEN24_1020460","No other reason"
"GEN24_1020463","VFR"
"GEN24_1020464","No other reason"
"GEN24_1020466","No other reason"
"GEN24_1020468","Holiday / vacation"
"GEN24_1020474","No other reason"
"GEN24_1020476","No other reason"
"GEN24_1020478","No other reason"
"GEN24_1020480","Other"
"GEN24_1020482","No other reason"
"GEN24_1020484","No other reason"
"GEN24_1020486","VFR"
"GEN24_1020497","Holiday / vacation"
"GEN24_1020505","VFR"
"GEN24_1020518","No other reason"
"GEN24_1020519","Holiday / vacation"
"GEN24_1020520","Holiday / vacation"
"GEN24_1020531","Holiday / vacation"
"GEN24_1020532","VFR"
"GEN24_1020534","VFR"
"GEN24_1020538","VFR"
"GEN24_1020539","No other reason"
"GEN24_1020543","VFR"
"GEN24_1020550","No other reason"
"GEN24_1020552","Holiday / vacation"
"GEN24_1020553","Education"
"GEN24_1020555","Holiday / vacation"
"GEN24_1020557","No other reason"
"GEN24_1020558","Holiday / vacation"
"GEN24_1020560","No other reason"
"GEN24_1020561","Education"
"GEN24_1020563","Conference / convention"
"GEN24_1020566","No other reason"
"GEN24_1020568","No other reason"
"GEN24_1020569","No other reason"
"GEN24_1020570","No other reason"
"GEN24_1020572","Other"
"GEN24_1020577","Other"
"GEN24_1020577","VFR"
"GEN24_1020578","Holiday / vacation"
"GEN24_1020586","No other reason"
"GEN24_1020589","No other reason"
"GEN24_1020597","No other reason"
"GEN24_1020600","No other reason"
"GEN24_1020601","No other reason"
"GEN24_1020604","Holiday / vacation"
"GEN24_1020605","Other"
"GEN24_1020606","Holiday / vacation"
"GEN24_1020609","VFR"
"GEN24_1020610","No other reason"
"GEN24_1020611","No other reason"
"GEN24_1020617","VFR"
"GEN24_1020624","Holiday / vacation"
"GEN24_1020629","VFR"
"GEN24_1020630","No other reason"
"GEN24_1020635","Holiday / vacation"
"GEN24_1020636","VFR"
"GEN24_1020640","No other reason"
"GEN24_1020647","No other reason"
"GEN24_1020650","No other reason"
"GEN24_1020658","No other reason"
"GEN24_1020659","VFR"
"GEN24_1020660","Holiday / vacation"
"GEN24_1020666","No other reason"
"GEN24_1020669","No other reason"
"GEN24_1020670","No other reason"
"GEN24_1020676","Conference / convention"
"GEN24_1020677","Holiday / vacation"
"GEN24_1020678","Holiday / vacation"
"GEN24_1020680","No other reason"
"GEN24_1020681","No other reason"
"GEN24_1020685","No other reason"
"GEN24_1020686","No other reason"
"GEN24_1020688","No other reason"
"GEN24_1020689","No other reason"
"GEN24_1020690","No other reason"
"GEN24_1020691","VFR"
"GEN24_1020693","No other reason"
"GEN24_1020696","VFR"
"GEN24_1020697","Other"
"GEN24_1020698","Holiday / vacation"
"GEN24_1020699","No other reason"
"GEN24_1020700","No other reason"
"GEN24_1020703","Holiday / vacation"
"GEN24_1020704","No other reason"
"GEN24_1020717","Holiday / vacation"
"GEN24_1020721","No other reason"
"GEN24_1020733","Holiday / vacation"
"GEN24_1020737","Holiday / vacation"
"GEN24_1020737","VFR"
"GEN24_1020739","No other reason"
"GEN24_1020741","No other reason"
"GEN24_1020745","VFR"
"GEN24_1020746","No other reason"
"GEN24_1020748","No other reason"
"GEN24_1020750","No other reason"
"GEN24_1020751","No other reason"
"GEN24_1020754","No other reason"
"GEN24_1020764","No other reason"
"GEN24_1020767","VFR"
"GEN24_1020768","No other reason"
"GEN24_1020770","No other reason"
"GEN24_1020771","Holiday / vacation"
"GEN24_1020774","No other reason"
"GEN24_1020784","No other reason"
"GEN24_1020789","No other reason"
"GEN24_1020790","Holiday / vacation"
"GEN24_1020791","Holiday / vacation"
"GEN24_1020793","Holiday / vacation"
"GEN24_1020797","No other reason"
"GEN24_1020799","No other reason"
"GEN24_1020801","No other reason"
"GEN24_1020802","No other reason"
"GEN24_1020811","Holiday / vacation"
"GEN24_1020814","Holiday / vacation"
"GEN24_1020815","VFR"
"GEN24_1020821","Holiday / vacation"
"GEN24_1020827","Holiday / vacation"
"GEN24_1020829","Holiday / vacation"
"GEN24_1020831","Holiday / vacation"
"GEN24_1020832","No other reason"
"GEN24_1020835","Holiday / vacation"
"GEN24_1020836","No other reason"
"GEN24_1020839","No other reason"
"GEN24_1020842","No other reason"
"GEN24_1020847","VFR"
"GEN24_1020848","No other reason"
"GEN24_1020855","No other reason"
"GEN24_1020858","No other reason"
"GEN24_1020859","Holiday / vacation"
"GEN24_1020875","Holiday / vacation"
"GEN24_1020878","No other reason"
"GEN24_1020880","VFR"
"GEN24_1020881","No other reason"
"GEN24_1020887","VFR"
"GEN24_1020888","No other reason"
"GEN24_1020889","Holiday / vacation"
"GEN24_1020892","No other reason"
"GEN24_1020893","No other reason"
"GEN24_1020899","No other reason"
"GEN24_1020902","No other reason"
"GEN24_1020904","No other reason"
"GEN24_1020906","No other reason"
"GEN24_1020912","No other reason"
"GEN24_1020920","No other reason"
"GEN24_1020922","Holiday / vacation"
"GEN24_1020924","Holiday / vacation"
"GEN24_1020926","VFR"
"GEN24_1020927","Holiday / vacation"
"GEN24_1020929","VFR"
"GEN24_1020930","No other reason"
"GEN24_1020931","No other reason"
"GEN24_1020933","No other reason"
"GEN24_1020935","VFR"
"GEN24_1020941","No other reason"
"GEN24_1020948","VFR"
"GEN24_1020949","VFR"
"GEN24_1020950","Holiday / vacation"
"GEN24_1020954","Holiday / vacation"
"GEN24_1020956","No other reason"
"GEN24_1020957","Holiday / vacation"
"GEN24_1020959","No other reason"
"GEN24_1020966","No other reason"
"GEN24_1020967","No other reason"
"GEN24_1020970","Holiday / vacation"
"GEN24_1020974","No other reason"
"GEN24_1020976","Holiday / vacation"
"GEN24_1020977","No other reason"
"GEN24_1020978","No other reason"
"GEN24_1020979","No other reason"
"GEN24_1020980","No other reason"
"GEN24_1020985","Other"
"GEN24_1020996","VFR"
"GEN24_1021003","No other reason"
"GEN24_1021009","VFR"
"GEN24_1021021","No other reason"
"GEN24_1021022","VFR"
"GEN24_1021029","Holiday / vacation"
"GEN24_1021031","No other reason"
"GEN24_1021034","No other reason"
"GEN24_1021035","No other reason"
"GEN24_1021038","Holiday / vacation"
"GEN24_1021039","No other reason"
"GEN24_1021042","No other reason"
"GEN24_1021048","No other reason"
"GEN24_1021050","No other reason"
"GEN24_1021052","No other reason"
"GEN24_1021053","No other reason"
"GEN24_1021056","Holiday / vacation"
"GEN24_1021061","No other reason"
"GEN24_1021063","No other reason"
"GEN24_1021067","No other reason"
"GEN24_1021073","No other reason"
"GEN24_1021077","Holiday / vacation"
"GEN24_1021078","No other reason"
"GEN24_1021079","No other reason"
"GEN24_1021096","No other reason"
"GEN24_1021098","No other reason"
"GEN24_1021101","Holiday / vacation"
"GEN24_1021114","Education"
"GEN24_1021116","Business"
"GEN24_1021117","Holiday / vacation"
"GEN24_1021119","No other reason"
"GEN24_1021124","No other reason"
"GEN24_1021126","No other reason"
"GEN24_1021131","No other reason"
"GEN24_1021133","Holiday / vacation"
"GEN24_1021136","No other reason"
"GEN24_1021139","No other reason"
"GEN24_1021147","Holiday / vacation"
"GEN24_1021149","No other reason"
"GEN24_1021151","No other reason"
"GEN24_1021152","VFR"
"GEN24_1021153","No other reason"
"GEN24_1021161","No other reason"
"GEN24_1021167","No other reason"
"GEN24_1021171","Holiday / vacation"
"GEN24_1021173","VFR"
"GEN24_1021176","No other reason"
"GEN24_1021180","No other reason"
"GEN24_1021182","VFR"
"GEN24_1021187","Holiday / vacation"
"GEN24_1021190","VFR"
"GEN24_1021193","Holiday / vacation"
"GEN24_1021194","No other reason"
"GEN24_1021201","No other reason"
"GEN24_1021204","Conference / convention"
"GEN24_1021206","VFR"
"GEN24_1021207","No other reason"
"GEN24_1021208","No other reason"
"GEN24_1021212","Other"
"GEN24_1021214","No other reason"
"GEN24_1021218","Conference / convention"
"GEN24_1021221","No other reason"
"GEN24_1021226","No other reason"
"GEN24_1021227","No other reason"
"GEN24_1021229","No other reason"
"GEN24_1021232","No other reason"
"GEN24_1021233","Holiday / vacation"
"GEN24_1021240","No other reason"
"GEN24_1021243","No other reason"
"GEN24_1021248","VFR"
"GEN24_1021250","No other reason"
"GEN24_1021257","Other"
"GEN24_1021271","No other reason"
"GEN24_1021273","No other reason"
"GEN24_1021275","No other reason"
"GEN24_1021278","Holiday / vacation"
"GEN24_1021281","Holiday / vacation"
"GEN24_1021287","Holiday / vacation"
"GEN24_1021288","No other reason"
"GEN24_1021289","No other reason"
"GEN24_1021290","Holiday / vacation"
"GEN24_1021292","No other reason"
"GEN24_1021295","No other reason"
"GEN24_1021296","No other reason"
"GEN24_1021297","No other reason"
"GEN24_1021300","Holiday / vacation"
"GEN24_1021303","Holiday / vacation"
"GEN24_1021306","No other reason"
"GEN24_1021308","Holiday / vacation"
"GEN24_1021313","Other"
"GEN24_1021313","VFR"
"GEN24_1021314","Holiday / vacation"
"GEN24_1021315","Education"
"GEN24_1021315","VFR"
"GEN24_1021317","No other reason"
"GEN24_1021321","VFR"
"GEN24_1021322","VFR"
"GEN24_1021324","No other reason"
"GEN24_1021329","Holiday / vacation"
"GEN24_1021330","Holiday / vacation"
"GEN24_1021334","No other reason"
"GEN24_1021335","VFR"
"GEN24_1021340","Holiday / vacation"
"GEN24_1021344","Holiday / vacation"
"GEN24_1021347","Holiday / vacation"
"GEN24_1021347","Other"
"GEN24_1021348","Holiday / vacation"
"GEN24_1021350","No other reason"
"GEN24_1021352","VFR"
"GEN24_1021356","Holiday / vacation"
"GEN24_1021361","No other reason"
"GEN24_1021362","No other reason"
"GEN24_1021363","Holiday / vacation"
"GEN24_1021365","No other reason"
"GEN24_1021373","No other reason"
"GEN24_1021380","Holiday / vacation"
"GEN24_1021383","No other reason"
"GEN24_1021384","No other reason"
"GEN24_1021390","VFR"
"GEN24_1021396","Holiday / vacation"
"GEN24_1021401","VFR"
"GEN24_1021403","Holiday / vacation"
"GEN24_1021405","Holiday / vacation"
"GEN24_1021406","VFR"
"GEN24_1021408","No other reason"
"GEN24_1021409","No other reason"
"GEN24_1021413","No other reason"
"GEN24_1021419","No other reason"
"GEN24_1021420","Business"
"GEN24_1021420","VFR"
"GEN24_1021422","No other reason"
"GEN24_1021428","Education"
"GEN24_1021430","Other"
"GEN24_1021434","No other reason"
"GEN24_1021435","No other reason"
"GEN24_1021438","No other reason"
"GEN24_1021446","Holiday / vacation"
"GEN24_1021460","No other reason"
"GEN24_1021462","Holiday / vacation"
"GEN24_1021468","VFR"
"GEN24_1021470","No other reason"
"GEN24_1021471","Holiday / vacation"
"GEN24_1021475","No other reason"
"GEN24_1021476","No other reason"
"GEN24_1021482","No other reason"
"GEN24_1021485","No other reason"
"GEN24_1021488","No other reason"
"GEN24_1021491","No other reason"
"GEN24_1021492","No other reason"
"GEN24_1021495","VFR"
"GEN24_1021496","Holiday / vacation"
"GEN24_1021498","No other reason"
"GEN24_1021501","VFR"
"GEN24_1021503","Holiday / vacation"
"GEN24_1021505","No other reason"
"GEN24_1021514","VFR"
"GEN24_1021515","Holiday / vacation"
"GEN24_1021516","No other reason"
"GEN24_1021517","No other reason"
"GEN24_1021518","VFR"
"GEN24_1021520","No other reason"
"GEN24_1021521","VFR"
"GEN24_1021534","No other reason"
"GEN24_1021539","No other reason"
"GEN24_1021540","Holiday / vacation"
"GEN24_1021542","VFR"
"GEN24_1021543","Holiday / vacation"
"GEN24_1021545","Other"
"GEN24_1021546","No other reason"
"GEN24_1021548","No other reason"
"GEN24_1021552","Holiday / vacation"
"GEN24_1021553","No other reason"
"GEN24_1021555","No other reason"
"GEN24_1021558","VFR"
"GEN24_1021559","Holiday / vacation"
"GEN24_1021559","Other"
"GEN24_1021561","No other reason"
"GEN24_1021562","No other reason"
"GEN24_1021563","No other reason"
"GEN24_1021564","Holiday / vacation"
"GEN24_1021565","Holiday / vacation"
"GEN24_1021567","No other reason"
"GEN24_1021569","No other reason"
"GEN24_1021574","Business"
"GEN24_1021574","Education"
"GEN24_1021580","No other reason"
"GEN24_1021586","VFR"
"GEN24_1021588","Holiday / vacation"
"GEN24_1021594","No other reason"
"GEN24_1021597","No other reason"
"GEN24_1021600","Holiday / vacation"
"GEN24_1021601","No other reason"
"GEN24_1021604","No other reason"
"GEN24_1021607","No other reason"
"GEN24_1021614","Holiday / vacation"
"GEN24_1021616","Other"
"GEN24_1021620","No other reason"
"GEN24_1021632","Conference / convention"
"GEN24_1021634","No other reason"
"GEN24_1021636","Holiday / vacation"
"GEN24_1021639","VFR"
"GEN24_1021641","No other reason"
"GEN24_1021643","Holiday / vacation"
"GEN24_1021644","VFR"
"GEN24_1021651","No other reason"
"GEN24_1021652","VFR"
"GEN24_1021653","VFR"
"GEN24_1021657","No other reason"
"GEN24_1021658","No other reason"
"GEN24_1021660","VFR"
"GEN24_1021666","No other reason"
"GEN24_1021668","Holiday / vacation"
"GEN24_1021672","No other reason"
"GEN24_1021676","No other reason"
"GEN24_1021680","Holiday / vacation"
"GEN24_1021686","Holiday / vacation"
"GEN24_1021689","No other reason"
"GEN24_1021691","No other reason"
"GEN24_1021693","VFR"
"GEN24_1021694","VFR"
"GEN24_1021702","Holiday / vacation"
"GEN24_1021705","No other reason"
"GEN24_1021706","No other reason"
"GEN24_1021708","No other reason"
"GEN24_1021710","No other reason"
"GEN24_1021712","Holiday / vacation"
"GEN24_1021715","Holiday / vacation"
"GEN24_1021716","Other"
"GEN24_1021717","VFR"
"GEN24_1021719","Holiday / vacation"
"GEN24_1021725","Holiday / vacation"
"GEN24_1021729","No other reason"
"GEN24_1021732","No other reason"
"GEN24_1021735","Other"
"GEN24_1021739","No other reason"
"GEN24_1021750","Holiday / vacation"
"GEN24_1021751","No other reason"
"GEN24_1021752","Business"
"GEN24_1021757","No other reason"
"GEN24_1021761","VFR"
"GEN24_1021766","Holiday / vacation"
"GEN24_1021769","No other reason"
"GEN24_1021773","No other reason"
"GEN24_1021776","No other reason"
"GEN24_1021780","Business"
"GEN24_1021783","Other"
"GEN24_1021791","Holiday / vacation"
"GEN24_1021791","VFR"
"GEN24_1021793","VFR"
"GEN24_1021795","No other reason"
"GEN24_1021799","VFR"
"GEN24_1021800","Holiday / vacation"
"GEN24_1021806","Holiday / vacation"
"GEN24_1021815","No other reason"
"GEN24_1021821","Holiday / vacation"
"GEN24_1021822","No other reason"
"GEN24_1021823","Other"
"GEN24_1021825","Other"
"GEN24_1021826","Holiday / vacation"
"GEN24_1021833","No other reason"
"GEN24_1021840","No other reason"
"GEN24_1021841","No other reason"
"GEN24_1021843","Holiday / vacation"
"GEN24_1021844","Holiday / vacation"
"GEN24_1021846","No other reason"
"GEN24_1021847","Holiday / vacation"
"GEN24_1021849","No other reason"
"GEN24_1021851","Other"
"GEN24_1021853","VFR"
"GEN24_1021856","Business"
"GEN24_1021858","Holiday / vacation"
"GEN24_1021862","Business"
"GEN24_1021868","No other reason"
"GEN24_1021869","VFR"
"GEN24_1021871","Holiday / vacation"
"GEN24_1021874","VFR"
"GEN24_1021875","No other reason"
"GEN24_1021879","No other reason"
"GEN24_1021882","No other reason"
"GEN24_1021887","No other reason"
"GEN24_1021890","No other reason"
"GEN24_1021891","No other reason"
"GEN24_1021892","No other reason"
"GEN24_1021894","No other reason"
"GEN24_1021897","Holiday / vacation"
"GEN24_1021898","Holiday / vacation"
"GEN24_1021900","No other reason"
"GEN24_1021901","No other reason"
"GEN24_1021902","Holiday / vacation"
"GEN24_1021909","Holiday / vacation"
"GEN24_1021911","VFR"
"GEN24_1021913","Holiday / vacation"
"GEN24_1021919","No other reason"
"GEN24_1021925","VFR"
"GEN24_1021930","Holiday / vacation"
"GEN24_1021932","Holiday / vacation"
"GEN24_1021942","No other reason"
"GEN24_1021953","No other reason"
"GEN24_1021964","No other reason"
"GEN24_1021965","No other reason"
"GEN24_1021968","No other reason"
"GEN24_1021973","No other reason"
"GEN24_1021980","Holiday / vacation"
"GEN24_1021982","No other reason"
"GEN24_1021984","VFR"
"GEN24_1021985","VFR"
"GEN24_1021986","No other reason"
"GEN24_1021989","Holiday / vacation"
"GEN24_1021990","No other reason"
"GEN24_1021992","No other reason"
"GEN24_1021994","No other reason"
"GEN24_1022000","No other reason"
"GEN24_1022001","VFR"
"GEN24_1022003","Conference / convention"
"GEN24_1022005","VFR"
"GEN24_1022006","VFR"
"GEN24_1022007","No other reason"
"GEN24_1022010","No other reason"
"GEN24_1022011","No other reason"
"GEN24_1022012","No other reason"
"GEN24_1022016","No other reason"
"GEN24_1022020","No other reason"
"GEN24_1022026","Business"
"GEN24_1022028","No other reason"
"GEN24_1022030","No other reason"
"GEN24_1022033","No other reason"
"GEN24_1022034","No other reason"
"GEN24_1022036","No other reason"
"GEN24_1022043","Other"
"GEN24_1022051","No other reason"
"GEN24_1022053","No other reason"
"GEN24_1022056","No other reason"
"GEN24_1022058","No other reason"
"GEN24_1022062","Other"
"GEN24_1022063","Business"
"GEN24_1022065","No other reason"
"GEN24_1022066","No other reason"
"GEN24_1022068","Holiday / vacation"
"GEN24_1022070","No other reason"
"GEN24_1022072","Other"
"GEN24_1022075","No other reason"
"GEN24_1022077","Holiday / vacation"
"GEN24_1022079","Other"
"GEN24_1022080","No other reason"
"GEN24_1022082","Holiday / vacation"
"GEN24_1022083","Other"
"GEN24_1022083","VFR"
"GEN24_1022088","No other reason"
"GEN24_1022090","Holiday / vacation"
"GEN24_1022094","Holiday / vacation"
"GEN24_1022095","No other reason"
"GEN24_1022099","No other reason"
"GEN24_1022100","Holiday / vacation"
"GEN24_1022104","Holiday / vacation"
"GEN24_1022107","VFR"
"GEN24_1022109","No other reason"
"GEN24_1022113","No other reason"
"GEN24_1022118","No other reason"
"GEN24_1022120","No other reason"
"GEN24_1022127","No other reason"
"GEN24_1022135","No other reason"
"GEN24_1022139","VFR"
"GEN24_1022142","Holiday / vacation"
"GEN24_1022153","Holiday / vacation"
"GEN24_1022154","No other reason"
"GEN24_1022156","No other reason"
"GEN24_1022159","VFR"
"GEN24_1022163","No other reason"
"GEN24_1022165","Holiday / vacation"
"GEN24_1022167","No other reason"
"GEN24_1022169","VFR"
"GEN24_1022171","Other"
"GEN24_1022175","Holiday / vacation"
"GEN24_1022180","VFR"
"GEN24_1022181","Holiday / vacation"
"GEN24_1022183","VFR"
"GEN24_1022186","VFR"
"GEN24_1022192","VFR"
"GEN24_1022193","Holiday / vacation"
"GEN24_1022195","No other reason"
"GEN24_1022196","Holiday / vacation"
"GEN24_1022197","Business"
"GEN24_1022197","Holiday / vacation"
"GEN24_1022202","No other reason"
"GEN24_1022203","Conference / convention"
"GEN24_1022206","No other reason"
"GEN24_1022208","Holiday / vacation"
"GEN24_1022210","No other reason"
"GEN24_1022214","Holiday / vacation"
"GEN24_1022219","VFR"
"GEN24_1022220","Holiday / vacation"
"GEN24_1022224","No other reason"
"GEN24_1022227","No other reason"
"GEN24_1022235","VFR"
"GEN24_1022238","VFR"
"GEN24_1022244","No other reason"
"GEN24_1022246","No other reason"
"GEN24_1022247","No other reason"
"GEN24_1022248","Business"
"GEN24_1022250","No other reason"
"GEN24_1022254","No other reason"
"GEN24_1022260","No other reason"
"GEN24_1022265","Other"
"GEN24_1022275","VFR"
"GEN24_1022280","Holiday / vacation"
"GEN24_1022281","No other reason"
"GEN24_1022287","Holiday / vacation"
"GEN24_1022288","No other reason"
"GEN24_1022289","Holiday / vacation"
"GEN24_1022290","No other reason"
"GEN24_1022293","No other reason"
"GEN24_1022294","No other reason"
"GEN24_1022295","No other reason"
"GEN24_1022298","No other reason"
"GEN24_1022299","Other"
"GEN24_1022300","No other reason"
"GEN24_1022301","No other reason"
"GEN24_1022306","No other reason"
"GEN24_1022310","No other reason"
"GEN24_1022313","Holiday / vacation"
"GEN24_1022316","No other reason"
"GEN24_1022318","Holiday / vacation"
"GEN24_1022320","No other reason"
"GEN24_1022322","Holiday / vacation"
"GEN24_1022323","No other reason"
"GEN24_1022324","No other reason"
"GEN24_1022327","No other reason"
"GEN24_1022328","No other reason"
"GEN24_1022330","VFR"
"GEN24_1022331","No other reason"
"GEN24_1022333","Holiday / vacation"
"GEN24_1022333","Other"
"GEN24_1022334","Holiday / vacation"
"GEN24_1022335","Holiday / vacation"
"GEN24_1022337","No other reason"
"GEN24_1022339","No other reason"
"GEN24_1022340","No other reason"
"GEN24_1022345","No other reason"
"GEN24_1022347","No other reason"
"GEN24_1022354","No other reason"
"GEN24_1022357","No other reason"
"GEN24_1022358","Holiday / vacation"
"GEN24_1022365","Holiday / vacation"
"GEN24_1022377","VFR"
"GEN24_1022386","Holiday / vacation"
"GEN24_1022388","Other"
"GEN24_1022389","No other reason"
"GEN24_1022392","Other"
"GEN24_1022395","VFR"
"GEN24_1022398","No other reason"
"GEN24_1022402","No other reason"
"GEN24_1022403","Holiday / vacation"
"GEN24_1022404","VFR"
"GEN24_1022411","No other reason"
"GEN24_1022415","No other reason"
"GEN24_1022416","No other reason"
"GEN24_1022418","No other reason"
"GEN24_1022422","No other reason"
"GEN24_1022423","Holiday / vacation"
"GEN24_1022424","No other reason"
"GEN24_1022425","No other reason"
"GEN24_1022426","Holiday / vacation"
"GEN24_1022426","VFR"
"GEN24_1022436","Holiday / vacation"
"GEN24_1022437","No other reason"
"GEN24_1022438","Holiday / vacation"
"GEN24_1022439","No other reason"
"GEN24_1022440","No other reason"
"GEN24_1022442","No other reason"
"GEN24_1022443","No other reason"
"GEN24_1022456","VFR"
"GEN24_1022460","No other reason"
"GEN24_1022462","No other reason"
"GEN24_1022463","VFR"
"GEN24_1022465","No other reason"
"GEN24_1022466","Holiday / vacation"
"GEN24_1022468","No other reason"
"GEN24_1022469","Holiday / vacation"
"GEN24_1022476","Other"
"GEN24_1022477","Holiday / vacation"
"GEN24_1022479","Holiday / vacation"
"GEN24_1022480","Holiday / vacation"
"GEN24_1022481","VFR"
"GEN24_1022482","Holiday / vacation"
"GEN24_1022484","VFR"
"GEN24_1022485","No other reason"
"GEN24_1022489","No other reason"
"GEN24_1022491","VFR"
"GEN24_1022494","No other reason"
"GEN24_1022500","VFR"
"GEN24_1022501","No other reason"
"GEN24_1022503","No other reason"
"GEN24_1022507","No other reason"
"GEN24_1022509","Holiday / vacation"
"GEN24_1022510","No other reason"
"GEN24_1022511","No other reason"
"GEN24_1022513","No other reason"
"GEN24_1022515","No other reason"
"GEN24_1022519","Holiday / vacation"
"GEN24_1022520","VFR"
"GEN24_1022521","No other reason"
"GEN24_1022522","No other reason"
"GEN24_1022523","No other reason"
"GEN24_1022528","VFR"
"GEN24_1022531","No other reason"
"GEN24_1022537","No other reason"
"GEN24_1022543","No other reason"
"GEN24_1022544","VFR"
"GEN24_1022545","Holiday / vacation"
"GEN24_1022547","Holiday / vacation"
"GEN24_1022548","No other reason"
"GEN24_1022549","Holiday / vacation"
"GEN24_1022551","VFR"
"GEN24_1022554","No other reason"
"GEN24_1022555","VFR"
"GEN24_1022556","VFR"
"GEN24_1022557","Other"
"GEN24_1022558","No other reason"
"GEN24_1022562","No other reason"
"GEN24_1022563","No other reason"
"GEN24_1022566","No other reason"
"GEN24_1022567","Holiday / vacation"
"GEN24_1022568","No other reason"
"GEN24_1022571","No other reason"
"GEN24_1022577","No other reason"
"GEN24_1022582","No other reason"
"GEN24_1022590","No other reason"
"GEN24_1022605","Holiday / vacation"
"GEN24_1022607","Holiday / vacation"
"GEN24_1022607","Other"
"GEN24_1022608","No other reason"
"GEN24_1022610","No other reason"
"GEN24_1022618","VFR"
"GEN24_1022620","Holiday / vacation"
"GEN24_1022622","Holiday / vacation"
"GEN24_1022623","No other reason"
"GEN24_1022624","No other reason"
"GEN24_1022626","Holiday / vacation"
"GEN24_1022629","Holiday / vacation"
"GEN24_1022630","Holiday / vacation"
"GEN24_1022633","No other reason"
"GEN24_1022642","Other"
"GEN24_1022645","No other reason"
"GEN24_1022646","No other reason"
"GEN24_1022647","VFR"
"GEN24_1022649","No other reason"
"GEN24_1022655","No other reason"
"GEN24_1022658","Holiday / vacation"
"GEN24_1022659","Holiday / vacation"
"GEN24_1022660","VFR"
"GEN24_1022661","No other reason"
"GEN24_1022670","No other reason"
"GEN24_1022681","No other reason"
"GEN24_1022683","Holiday / vacation"
"GEN24_1022684","Holiday / vacation"
"GEN24_1022685","No other reason"
"GEN24_1022687","Other"
"GEN24_1022688","No other reason"
"GEN24_1022689","Holiday / vacation"
"GEN24_1022695","No other reason"
"GEN24_1022701","No other reason"
"GEN24_1022704","No other reason"
"GEN24_1022706","Holiday / vacation"
"GEN24_1022708","No other reason"
"GEN24_1022714","Holiday / vacation"
"GEN24_1022718","VFR"
"GEN24_1022723","Holiday / vacation"
"GEN24_1022726","VFR"
"GEN24_1022727","No other reason"
"GEN24_1022729","No other reason"
"GEN24_1022731","No other reason"
"GEN24_1022732","Holiday / vacation"
"GEN24_1022734","No other reason"
"GEN24_1022736","No other reason"
"GEN24_1022738","Business"
"GEN24_1022739","No other reason"
"GEN24_1022740","Holiday / vacation"
"GEN24_1022742","No other reason"
"GEN24_1022746","Other"
"GEN24_1022747","No other reason"
"GEN24_1022752","Holiday / vacation"
"GEN24_1022754","No other reason"
"GEN24_1022755","No other reason"
"GEN24_1022758","Holiday / vacation"
"GEN24_1022761","No other reason"
"GEN24_1022764","VFR"
"GEN24_1022770","No other reason"
"GEN24_1022771","No other reason"
"GEN24_1022772","No other reason"
"GEN24_1022775","No other reason"
"GEN24_1022777","Other"
"GEN24_1022780","VFR"
"GEN24_1022782","VFR"
"GEN24_1022783","No other reason"
"GEN24_1022786","No other reason"
"GEN24_1022787","No other reason"
"GEN24_1022789","No other reason"
"GEN24_1022790","No other reason"
"GEN24_1022791","No other reason"
"GEN24_1022792","No other reason"
"GEN24_1022795","No other reason"
"GEN24_1022804","No other reason"
"GEN24_1022805","No other reason"
"GEN24_1022808","No other reason"
"GEN24_1022809","Other"
"GEN24_1022810","VFR"
"GEN24_1022812","No other reason"
"GEN24_1022813","No other reason"
"GEN24_1022817","No other reason"
"GEN24_1022818","No other reason"
"GEN24_1022819","Holiday / vacation"
"GEN24_1022821","Education"
"GEN24_1022832","No other reason"
"GEN24_1022833","No other reason"
"GEN24_1022837","Other"
"GEN24_1022839","VFR"
"GEN24_1022846","No other reason"
"GEN24_1022849","No other reason"
"GEN24_1022851","No other reason"
"GEN24_1022852","No other reason"
"GEN24_1022854","No other reason"
"GEN24_1022858","No other reason"
"GEN24_1022860","Holiday / vacation"
"GEN24_1022867","No other reason"
"GEN24_1022868","No other reason"
"GEN24_1022869","Other"
"GEN24_1022873","Holiday / vacation"
"GEN24_1022878","No other reason"
"GEN24_1022887","Holiday / vacation"
"GEN24_1022888","Holiday / vacation"
"GEN24_1022892","Holiday / vacation"
"GEN24_1022893","Holiday / vacation"
"GEN24_1022896","No other reason"
"GEN24_1022899","No other reason"
"GEN24_1022901","Holiday / vacation"
"GEN24_1022903","Holiday / vacation"
"GEN24_1022906","No other reason"
"GEN24_1022907","VFR"
"GEN24_1022908","No other reason"
"GEN24_1022912","No other reason"
"GEN24_1022914","No other reason"
"GEN24_1022918","Business"
"GEN24_1022919","Holiday / vacation"
"GEN24_1022921","No other reason"
"GEN24_1022923","No other reason"
"GEN24_1022926","Holiday / vacation"
"GEN24_1022931","No other reason"
"GEN24_1022933","Other"
"GEN24_1022938","No other reason"
"GEN24_1022940","No other reason"
"GEN24_1022941","Holiday / vacation"
"GEN24_1022946","Other"
"GEN24_1022948","No other reason"
"GEN24_1022949","Holiday / vacation"
"GEN24_1022952","No other reason"
"GEN24_1022955","Holiday / vacation"
"GEN24_1022957","Holiday / vacation"
"GEN24_1022974","No other reason"
"GEN24_1022980","Holiday / vacation"
"GEN24_1022982","Holiday / vacation"
"GEN24_1022996","No other reason"
"GEN24_1023004","No other reason"
"GEN24_1023007","No other reason"
"GEN24_1023008","No other reason"
"GEN24_1023012","No other reason"
"GEN24_1023014","No other reason"
"GEN24_1023015","No other reason"
"GEN24_1023024","No other reason"
"GEN24_1023032","Holiday / vacation"
"GEN24_1023033","Other"
"GEN24_1023034","No other reason"
"GEN24_1023039","No other reason"
"GEN24_1023040","No other reason"
"GEN24_1023044","No other reason"
"GEN24_1023045","VFR"
"GEN24_1023050","VFR"
"GEN24_1023051","VFR"
"GEN24_1023057","No other reason"
"GEN24_1023058","No other reason"
"GEN24_1023059","No other reason"
"GEN24_1023062","No other reason"
"GEN24_1023063","No other reason"
"GEN24_1023066","Holiday / vacation"
"GEN24_1023069","VFR"
"GEN24_1023075","No other reason"
"GEN24_1023083","No other reason"
"GEN24_1023085","No other reason"
"GEN24_1023089","Holiday / vacation"
"GEN24_1023092","No other reason"
"GEN24_1023101","No other reason"
"GEN24_1023104","No other reason"
"GEN24_1023110","No other reason"
"GEN24_1023115","Holiday / vacation"
"GEN24_1023119","No other reason"
"GEN24_1023120","No other reason"
"GEN24_1023121","No other reason"
"GEN24_1023133","Holiday / vacation"
"GEN24_1023142","No other reason"
"GEN24_1023143","No other reason"
"GEN24_1023146","Conference / convention"
"GEN24_1023147","No other reason"
"GEN24_1023149","No other reason"
"GEN24_1023152","No other reason"
"GEN24_1023154","No other reason"
"GEN24_1023158","No other reason"
"GEN24_1023159","VFR"
"GEN24_1023162","Holiday / vacation"
"GEN24_1023163","No other reason"
"GEN24_1023166","No other reason"
"GEN24_1023167","Holiday / vacation"
"GEN24_1023172","No other reason"
"GEN24_1023176","No other reason"
"GEN24_1023180","VFR"
"GEN24_1023196","No other reason"
"GEN24_1023197","No other reason"
"GEN24_1023206","No other reason"
"GEN24_1023220","No other reason"
"GEN24_1023223","No other reason"
"GEN24_1023225","No other reason"
"GEN24_1023233","VFR"
"GEN24_1023235","VFR"
"GEN24_1023239","No other reason"
"GEN24_1023241","VFR"
"GEN24_1023243","No other reason"
"GEN24_1023244","No other reason"
"GEN24_1023245","No other reason"
"GEN24_1023246","No other reason"
"GEN24_1023248","VFR"
"GEN24_1023250","Holiday / vacation"
"GEN24_1023255","No other reason"
"GEN24_1023259","Holiday / vacation"
"GEN24_1023263","No other reason"
"GEN24_1023268","No other reason"
"GEN24_1023283","No other reason"
"GEN24_1023284","No other reason"
"GEN24_1023285","No other reason"
"GEN24_1023286","Conference / convention"
"GEN24_1023288","VFR"
"GEN24_1023290","Holiday / vacation"
"GEN24_1023291","No other reason"
"GEN24_1023292","No other reason"
"GEN24_1023296","Holiday / vacation"
"GEN24_1023302","No other reason"
"GEN24_1023307","No other reason"
"GEN24_1023311","No other reason"
"GEN24_1023314","Education"
"GEN24_1023321","No other reason"
"GEN24_1023330","VFR"
"GEN24_1023331","Holiday / vacation"
"GEN24_1023339","Holiday / vacation"
"GEN24_1023339","Other"
"GEN24_1023339","VFR"
"GEN24_1023344","Conference / convention"
"GEN24_1023347","No other reason"
"GEN24_1023349","No other reason"
"GEN24_1023350","No other reason"
"GEN24_1023352","No other reason"
"GEN24_1023353","No other reason"
"GEN24_1023357","No other reason"
"GEN24_1023358","Holiday / vacation"
"GEN24_1023359","No other reason"
"GEN24_1023360","Holiday / vacation"
"GEN24_1023361","Other"
"GEN24_1023363","VFR"
"GEN24_1023367","No other reason"
"GEN24_1023368","Holiday / vacation"
"GEN24_1023369","No other reason"
"GEN24_1023371","No other reason"
"GEN24_1023380","Holiday / vacation"
"GEN24_1023384","No other reason"
"GEN24_1023386","No other reason"
"GEN24_1023397","No other reason"
"GEN24_1023399","No other reason"
"GEN24_1023400","Holiday / vacation"
"GEN24_1023402","No other reason"
"GEN24_1023405","Holiday / vacation"
"GEN24_1023408","Other"
"GEN24_1023409","No other reason"
"GEN24_1023417","No other reason"
"GEN24_1023418","No other reason"
"GEN24_1023419","No other reason"
"GEN24_1023420","Holiday / vacation"
"GEN24_1023421","No other reason"
"GEN24_1023422","No other reason"
"GEN24_1023424","VFR"
"GEN24_1023425","VFR"
"GEN24_1023428","No other reason"
"GEN24_1023429","VFR"
"GEN24_1023441","Holiday / vacation"
"GEN24_1023442","Holiday / vacation"
"GEN24_1023445","No other reason"
"GEN24_1023447","Holiday / vacation"
"GEN24_1023452","Holiday / vacation"
"GEN24_1023455","No other reason"
"GEN24_1023456","VFR"
"GEN24_1023461","Education"
"GEN24_1023470","No other reason"
"GEN24_1023472","VFR"
"GEN24_1023482","No other reason"
"GEN24_1023485","No other reason"
"GEN24_1023489","No other reason"
"GEN24_1023499","No other reason"
"GEN24_1023500","Holiday / vacation"
"GEN24_1023501","No other reason"
"GEN24_1023503","VFR"
"GEN24_1023507","VFR"
"GEN24_1023509","Holiday / vacation"
"GEN24_1023509","Other"
"GEN24_1023515","VFR"
"GEN24_1023516","No other reason"
"GEN24_1023517","No other reason"
"GEN24_1023519","No other reason"
"GEN24_1023520","No other reason"
"GEN24_1023524","No other reason"
"GEN24_1023526","No other reason"
"GEN24_1023536","No other reason"
"GEN24_1023551","No other reason"
"GEN24_1023553","No other reason"
"GEN24_1023559","Holiday / vacation"
"GEN24_1023564","Holiday / vacation"
"GEN24_1023566","VFR"
"GEN24_1023569","VFR"
"GEN24_1023574","VFR"
"GEN24_1023577","No other reason"
"GEN24_1023580","Holiday / vacation"
"GEN24_1023581","Holiday / vacation"
"GEN24_1023586","Holiday / vacation"
"GEN24_1023591","No other reason"
"GEN24_1023592","Holiday / vacation"
"GEN24_1023597","No other reason"
"GEN24_1023598","Holiday / vacation"
"GEN24_1023601","Holiday / vacation"
"GEN24_1023602","Holiday / vacation"
"GEN24_1023603","No other reason"
"GEN24_1023604","No other reason"
"GEN24_1023605","No other reason"
"GEN24_1023606","No other reason"
"GEN24_1023607","No other reason"
"GEN24_1023615","No other reason"
"GEN24_1023616","VFR"
"GEN24_1023618","No other reason"
"GEN24_1023622","No other reason"
"GEN24_1023623","No other reason"
"GEN24_1023624","Holiday / vacation"
"GEN24_1023625","No other reason"
"GEN24_1023626","No other reason"
"GEN24_1023628","No other reason"
"GEN24_1023632","No other reason"
"GEN24_1023634","Holiday / vacation"
"GEN24_1023635","No other reason"
"GEN24_1023636","No other reason"
"GEN24_1023639","Holiday / vacation"
"GEN24_1023642","VFR"
"GEN24_1023644","VFR"
"GEN24_1023645","No other reason"
"GEN24_1023647","No other reason"
"GEN24_1023649","VFR"
"GEN24_1023650","No other reason"
"GEN24_1023653","No other reason"
"GEN24_1023654","No other reason"
"GEN24_1023657","No other reason"
"GEN24_1023658","Education"
"GEN24_1023659","No other reason"
"GEN24_1023660","No other reason"
"GEN24_1023662","No other reason"
"GEN24_1023677","No other reason"
"GEN24_1023678","VFR"
"GEN24_1023684","No other reason"
"GEN24_1023687","Holiday / vacation"
"GEN24_1023689","Holiday / vacation"
"GEN24_1023700","No other reason"
"GEN24_1023701","VFR"
"GEN24_1023712","Holiday / vacation"
"GEN24_1023713","No other reason"
"GEN24_1023716","No other reason"
"GEN24_1023719","No other reason"
"GEN24_1023720","Holiday / vacation"
"GEN24_1023728","VFR"
"GEN24_1023733","No other reason"
"GEN24_1023734","Holiday / vacation"
"GEN24_1023738","No other reason"
"GEN24_1023752","Holiday / vacation"
"GEN24_1023761","No other reason"
"GEN24_1023762","No other reason"
"GEN24_1023766","No other reason"
"GEN24_1023775","No other reason"
"GEN24_1023776","VFR"
"GEN24_1023777","No other reason"
"GEN24_1023784","Holiday / vacation"
"GEN24_1023785","No other reason"
"GEN24_1023787","No other reason"
"GEN24_1023790","No other reason"
"GEN24_1023793","No other reason"
"GEN24_1023796","Conference / convention"
"GEN24_1023799","Holiday / vacation"
"GEN24_1023800","Holiday / vacation"
"GEN24_1023801","No other reason"
"GEN24_1023810","VFR"
"GEN24_1023812","No other reason"
"GEN24_1023815","No other reason"
"GEN24_1023818","No other reason"
"GEN24_1023820","No other reason"
"GEN24_1023821","Holiday / vacation"
"GEN24_1023822","No other reason"
"GEN24_1023823","No other reason"
"GEN24_1023824","No other reason"
"GEN24_1023826","No other reason"
"GEN24_1023827","Holiday / vacation"
"GEN24_1023828","No other reason"
"GEN24_1023830","VFR"
"GEN24_1023834","No other reason"
"GEN24_1023837","No other reason"
"GEN24_1023838","Holiday / vacation"
"GEN24_1023841","VFR"
"GEN24_1023845","VFR"
"GEN24_1023849","VFR"
"GEN24_1023851","Holiday / vacation"
"GEN24_1023855","No other reason"
"GEN24_1023860","No other reason"
"GEN24_1023861","Holiday / vacation"
"GEN24_1023869","No other reason"
"GEN24_1023871","No other reason"
"GEN24_1023872","VFR"
"GEN24_1023875","VFR"
"GEN24_1023877","VFR"
"GEN24_1023880","Holiday / vacation"
"GEN24_1023884","No other reason"
"GEN24_1023885","No other reason"
"GEN24_1023886","VFR"
"GEN24_1023888","No other reason"
"GEN24_1023892","No other reason"
"GEN24_1023893","Holiday / vacation"
"GEN24_1023895","VFR"
"GEN24_1023897","VFR"
"GEN24_1023898","VFR"
"GEN24_1023899","No other reason"
"GEN24_1023902","Other"
"GEN24_1023903","VFR"
"GEN24_1023905","Conference / convention"
"GEN24_1023908","No other reason"
"GEN24_1023909","No other reason"
"GEN24_1023911","No other reason"
"GEN24_1023915","No other reason"
"GEN24_1023918","Holiday / vacation"
"GEN24_1023922","No other reason"
"GEN24_1023923","No other reason"
"GEN24_1023924","No other reason"
"GEN24_1023932","VFR"
"GEN24_1023934","Holiday / vacation"
"GEN24_1023935","Holiday / vacation"
"GEN24_1023936","VFR"
"GEN24_1023937","No other reason"
"GEN24_1023940","No other reason"
"GEN24_1023943","VFR"
"GEN24_1023949","No other reason"
"GEN24_1023950","No other reason"
"GEN24_1023954","Holiday / vacation"
"GEN24_1023955","No other reason"
"GEN24_1023959","No other reason"
"GEN24_1023961","No other reason"
"GEN24_1023962","No other reason"
"GEN24_1023963","VFR"
"GEN24_1023969","Holiday / vacation"
"GEN24_1023970","No other reason"
"GEN24_1023972","No other reason"
"GEN24_1023977","No other reason"
"GEN24_1023978","VFR"
"GEN24_1023980","Holiday / vacation"
"GEN24_1023981","VFR"
"GEN24_1023988","No other reason"
"GEN24_1023989","No other reason"
"GEN24_1023991","No other reason"
"GEN24_1023992","Other"
"GEN24_1023997","No other reason"
"GEN24_1023999","Business"
"GEN24_1024000","No other reason"
"GEN24_1024001","Education"
"GEN24_1024001","Other"
"GEN24_1024001","VFR"
"GEN24_1024004","Education"
"GEN24_1024004","VFR"
"GEN24_1024012","VFR"
"GEN24_1024013","No other reason"
"GEN24_1024014","No other reason"
"GEN24_1024025","No other reason"
"GEN24_1024033","VFR"
"GEN24_1024037","No other reason"
"GEN24_1024045","VFR"
"GEN24_1024046","VFR"
"GEN24_1024047","No other reason"
"GEN24_1024050","No other reason"
"GEN24_1024052","Other"
"GEN24_1024056","No other reason"
"GEN24_1024064","No other reason"
"GEN24_1024068","Holiday / vacation"
"GEN24_1024077","No other reason"
"GEN24_1024078","Holiday / vacation"
"GEN24_1024080","Holiday / vacation"
"GEN24_1024081","No other reason"
"GEN24_1024083","No other reason"
"GEN24_1024086","VFR"
"GEN24_1024091","No other reason"
"GEN24_1024092","No other reason"
"GEN24_1024094","No other reason"
"GEN24_1024095","Holiday / vacation"
"GEN24_1024098","Holiday / vacation"
"GEN24_1024103","No other reason"
"GEN24_1024108","Holiday / vacation"
"GEN24_1024109","Holiday / vacation"
"GEN24_1024116","Holiday / vacation"
"GEN24_1024119","No other reason"
"GEN24_1024123","Holiday / vacation"
"GEN24_1024125","No other reason"
"GEN24_1024129","No other reason"
"GEN24_1024131","No other reason"
"GEN24_1024135","VFR"
"GEN24_1024136","No other reason"
"GEN24_1024139","Holiday / vacation"
"GEN24_1024145","No other reason"
"GEN24_1024147","Holiday / vacation"
"GEN24_1024151","No other reason"
"GEN24_1024152","No other reason"
"GEN24_1024153","Holiday / vacation"
"GEN24_1024155","No other reason"
"GEN24_1024156","No other reason"
"GEN24_1024157","VFR"
"GEN24_1024158","Education"
"GEN24_1024159","VFR"
"GEN24_1024160","No other reason"
"GEN24_1024161","VFR"
"GEN24_1024167","Holiday / vacation"
"GEN24_1024173","No other reason"
"GEN24_1024182","No other reason"
"GEN24_1024184","No other reason"
"GEN24_1024192","No other reason"
"GEN24_1024194","No other reason"
"GEN24_1024197","VFR"
"GEN24_1024198","No other reason"
"GEN24_1024199","No other reason"
"GEN24_1024207","No other reason"
"GEN24_1024208","No other reason"
"GEN24_1024210","No other reason"
"GEN24_1024211","No other reason"
"GEN24_1024213","Other"
"GEN24_1024215","No other reason"
"GEN24_1024218","No other reason"
"GEN24_1024219","No other reason"
"GEN24_1024222","No other reason"
"GEN24_1024227","No other reason"
"GEN24_1024228","No other reason"
"GEN24_1024234","VFR"
"GEN24_1024236","No other reason"
"GEN24_1024241","No other reason"
"GEN24_1024242","Holiday / vacation"
"GEN24_1024244","VFR"
"GEN24_1024245","Business"
"GEN24_1024246","Other"
"GEN24_1024252","Holiday / vacation"
"GEN24_1024253","Education"
"GEN24_1024262","No other reason"
"GEN24_1024278","No other reason"
"GEN24_1024281","Holiday / vacation"
"GEN24_1024283","Holiday / vacation"
"GEN24_1024285","VFR"
"GEN24_1024290","VFR"
"GEN24_1024292","No other reason"
"GEN24_1024298","No other reason"
"GEN24_1024300","No other reason"
"GEN24_1024307","No other reason"
"GEN24_1024314","Business"
"GEN24_1024318","No other reason"
"GEN24_1024324","No other reason"
"GEN24_1024327","Holiday / vacation"
"GEN24_1024333","No other reason"
"GEN24_1024335","VFR"
"GEN24_1024336","No other reason"
"GEN24_1024342","No other reason"
"GEN24_1024345","No other reason"
"GEN24_1024346","No other reason"
"GEN24_1024347","Holiday / vacation"
"GEN24_1024352","Holiday / vacation"
"GEN24_1024355","VFR"
"GEN24_1024357","Conference / convention"
"GEN24_1024362","No other reason"
"GEN24_1024364","No other reason"
"GEN24_1024367","VFR"
"GEN24_1024374","VFR"
"GEN24_1024377","No other reason"
"GEN24_1024379","Holiday / vacation"
"GEN24_1024387","Holiday / vacation"
"GEN24_1024390","No other reason"
"GEN24_1024391","No other reason"
"GEN24_1024392","No other reason"
"GEN24_1024394","VFR"
"GEN24_1024397","No other reason"
"GEN24_1024399","Business"
"GEN24_1024399","Holiday / vacation"
"GEN24_1024400","Holiday / vacation"
"GEN24_1024406","No other reason"
"GEN24_1024407","Holiday / vacation"
"GEN24_1024408","No other reason"
"GEN24_1024409","Business"
"GEN24_1024413","No other reason"
"GEN24_1024427","Holiday / vacation"
"GEN24_1024430","Conference / convention"
"GEN24_1024430","Holiday / vacation"
"GEN24_1024432","No other reason"
"GEN24_1024436","No other reason"
"GEN24_1024445","VFR"
"GEN24_1024453","No other reason"
"GEN24_1024454","No other reason"
"GEN24_1024456","No other reason"
"GEN24_1024459","No other reason"
"GEN24_1024463","VFR"
"GEN24_1024464","Holiday / vacation"
"GEN24_1024468","Holiday / vacation"
"GEN24_1024469","Holiday / vacation"
"GEN24_1024474","No other reason"
"GEN24_1024475","No other reason"
"GEN24_1024476","No other reason"
"GEN24_1024477","VFR"
"GEN24_1024480","No other reason"
"GEN24_1024482","Holiday / vacation"
"GEN24_1024493","No other reason"
"GEN24_1024495","VFR"
"GEN24_1024497","Holiday / vacation"
"GEN24_1024502","No other reason"
"GEN24_1024505","Holiday / vacation"
"GEN24_1024506","No other reason"
"GEN24_1024509","No other reason"
"GEN24_1024511","No other reason"
"GEN24_1024518","No other reason"
"GEN24_1024524","No other reason"
"GEN24_1024525","No other reason"
"GEN24_1024526","VFR"
"GEN24_1024529","VFR"
"GEN24_1024531","No other reason"
"GEN24_1024532","Holiday / vacation"
"GEN24_1024533","Holiday / vacation"
"GEN24_1024536","Other"
"GEN24_1024538","VFR"
"GEN24_1024545","No other reason"
"GEN24_1024552","No other reason"
"GEN24_1024554","Holiday / vacation"
"GEN24_1024557","Holiday / vacation"
"GEN24_1024558","VFR"
"GEN24_1024559","VFR"
"GEN24_1024564","VFR"
"GEN24_1024566","No other reason"
"GEN24_1024567","No other reason"
"GEN24_1024569","No other reason"
"GEN24_1024570","VFR"
"GEN24_1024577","No other reason"
"GEN24_1024579","Other"
"GEN24_1024581","No other reason"
"GEN24_1024585","Education"
"GEN24_1024590","No other reason"
"GEN24_1024596","Holiday / vacation"
"GEN24_1024598","Holiday / vacation"
"GEN24_1024599","VFR"
"GEN24_1024602","VFR"
"GEN24_1024604","Holiday / vacation"
"GEN24_1024607","No other reason"
"GEN24_1024615","VFR"
"GEN24_1024622","No other reason"
"GEN24_1024625","Holiday / vacation"
"GEN24_1024631","Business"
"GEN24_1024633","VFR"
"GEN24_1024635","No other reason"
"GEN24_1024639","Holiday / vacation"
"GEN24_1024651","No other reason"
"GEN24_1024654","No other reason"
"GEN24_1024656","VFR"
"GEN24_1024662","VFR"
"GEN24_1024663","Holiday / vacation"
"GEN24_1024665","No other reason"
"GEN24_1024668","No other reason"
"GEN24_1024670","No other reason"
"GEN24_1024671","No other reason"
"GEN24_1024673","No other reason"
"GEN24_1024680","Holiday / vacation"
"GEN24_1024682","No other reason"
"GEN24_1024683","VFR"
"GEN24_1024688","No other reason"
"GEN24_1024691","No other reason"
"GEN24_1024695","No other reason"
"GEN24_1024696","Holiday / vacation"
"GEN24_1024706","No other reason"
"GEN24_1024709","VFR"
"GEN24_1024713","No other reason"
"GEN24_1024714","No other reason"
"GEN24_1024720","No other reason"
"GEN24_1024722","VFR"
"GEN24_1024723","Education"
"GEN24_1024724","No other reason"
"GEN24_1024726","Holiday / vacation"
"GEN24_1024729","Holiday / vacation"
"GEN24_1024731","No other reason"
"GEN24_1024732","No other reason"
"GEN24_1024733","No other reason"
"GEN24_1024736","No other reason"
"GEN24_1024741","No other reason"
"GEN24_1024745","Holiday / vacation"
"GEN24_1024753","Conference / convention"
"GEN24_1024754","No other reason"
"GEN24_1024756","VFR"
"GEN24_1024758","No other reason"
"GEN24_1024759","No other reason"
"GEN24_1024761","Holiday / vacation"
"GEN24_1024769","Holiday / vacation"
"GEN24_1024772","Holiday / vacation"
"GEN24_1024773","VFR"
"GEN24_1024774","No other reason"
"GEN24_1024775","VFR"
"GEN24_1024777","Holiday / vacation"
"GEN24_1024778","Holiday / vacation"
"GEN24_1024780","Holiday / vacation"
"GEN24_1024784","No other reason"
"GEN24_1024786","No other reason"
"GEN24_1024789","No other reason"
"GEN24_1024792","Other"
"GEN24_1024793","No other reason"
"GEN24_1024796","No other reason"
"GEN24_1024798","No other reason"
"GEN24_1024800","No other reason"
"GEN24_1024801","No other reason"
"GEN24_1024803","No other reason"
"GEN24_1024805","No other reason"
"GEN24_1024806","Holiday / vacation"
"GEN24_1024821","VFR"
"GEN24_1024822","Holiday / vacation"
"GEN24_1024823","No other reason"
"GEN24_1024824","Holiday / vacation"
"GEN24_1024825","VFR"
"GEN24_1024827","No other reason"
"GEN24_1024829","Holiday / vacation"
"GEN24_1024830","No other reason"
"GEN24_1024831","Business"
"GEN24_1024832","Holiday / vacation"
"GEN24_1024833","No other reason"
"GEN24_1024835","Other"
"GEN24_1024836","VFR"
"GEN24_1024837","No other reason"
"GEN24_1024840","Other"
"GEN24_1024841","No other reason"
"GEN24_1024842","No other reason"
"GEN24_1024843","VFR"
"GEN24_1024845","No other reason"
"GEN24_1024850","Holiday / vacation"
"GEN24_1024851","Other"
"GEN24_1024853","No other reason"
"GEN24_1024856","No other reason"
"GEN24_1024862","VFR"
"GEN24_1024866","Other"
"GEN24_1024867","No other reason"
"GEN24_1024868","VFR"
"GEN24_1024877","Other"
"GEN24_1024884","Holiday / vacation"
"GEN24_1024885","No other reason"
"GEN24_1024889","VFR"
"GEN24_1024891","No other reason"
"GEN24_1024901","VFR"
"GEN24_1024902","No other reason"
"GEN24_1024904","No other reason"
"GEN24_1024905","No other reason"
"GEN24_1024906","Holiday / vacation"
"GEN24_1024909","No other reason"
"GEN24_1024910","No other reason"
"GEN24_1024920","No other reason"
"GEN24_1024921","Other"
"GEN24_1024927","Holiday / vacation"
"GEN24_1024931","No other reason"
"GEN24_1024932","No other reason"
"GEN24_1024934","Holiday / vacation"
"GEN24_1024936","No other reason"
"GEN24_1024937","No other reason"
"GEN24_1024939","Holiday / vacation"
"GEN24_1024941","No other reason"
"GEN24_1024943","No other reason"
"GEN24_1024944","Holiday / vacation"
"GEN24_1024945","No other reason"
"GEN24_1024953","No other reason"
"GEN24_1024955","No other reason"
"GEN24_1024957","Holiday / vacation"
"GEN24_1024961","Holiday / vacation"
"GEN24_1024965","No other reason"
"GEN24_1024967","Holiday / vacation"
"GEN24_1024971","No other reason"
"GEN24_1024973","VFR"
"GEN24_1024974","No other reason"
"GEN24_1024976","No other reason"
"GEN24_1024978","No other reason"
"GEN24_1024981","Holiday / vacation"
"GEN24_1024981","VFR"
"GEN24_1024985","No other reason"
"GEN24_1024997","No other reason"
"GEN24_1024998","Holiday / vacation"
"GEN24_1025001","Holiday / vacation"
"GEN24_1025003","No other reason"
"GEN24_1025005","No other reason"
"GEN24_1025010","No other reason"
"GEN24_1025015","VFR"
"GEN24_1025017","VFR"
"GEN24_1025018","Holiday / vacation"
"GEN24_1025021","Holiday / vacation"
"GEN24_1025022","No other reason"
"GEN24_1025029","Holiday / vacation"
"GEN24_1025033","No other reason"
"GEN24_1025040","No other reason"
"GEN24_1025042","Holiday / vacation"
"GEN24_1025043","No other reason"
"GEN24_1025045","VFR"
"GEN24_1025048","No other reason"
"GEN24_1025049","No other reason"
"GEN24_1025050","No other reason"
"GEN24_1025052","No other reason"
"GEN24_1025054","No other reason"
"GEN24_1025064","No other reason"
"GEN24_1025070","No other reason"
"GEN24_1025071","No other reason"
"GEN24_1025076","No other reason"
"GEN24_1025083","Other"
"GEN24_1025088","Holiday / vacation"
"GEN24_1025089","No other reason"
"GEN24_1025090","No other reason"
"GEN24_1025094","No other reason"
"GEN24_1025095","Holiday / vacation"
"GEN24_1025096","Holiday / vacation"
"GEN24_1025097","No other reason"
"GEN24_1025100","No other reason"
"GEN24_1025107","No other reason"
"GEN24_1025108","No other reason"
"GEN24_1025127","No other reason"
"GEN24_1025130","Other"
"GEN24_1025134","Holiday / vacation"
"GEN24_1025134","VFR"
"GEN24_1025137","No other reason"
"GEN24_1025140","No other reason"
"GEN24_1025142","Holiday / vacation"
"GEN24_1025143","VFR"
"GEN24_1025144","No other reason"
"GEN24_1025145","VFR"
"GEN24_1025148","Holiday / vacation"
"GEN24_1025149","Holiday / vacation"
"GEN24_1025156","VFR"
"GEN24_1025158","Holiday / vacation"
"GEN24_1025159","Other"
"GEN24_1025163","No other reason"
"GEN24_1025165","Education"
"GEN24_1025172","Other"
"GEN24_1025174","No other reason"
"GEN24_1025178","No other reason"
"GEN24_1025179","No other reason"
"GEN24_1025194","No other reason"
"GEN24_1025207","No other reason"
"GEN24_1025211","No other reason"
"GEN24_1025213","No other reason"
"GEN24_1025214","Holiday / vacation"
"GEN24_1025219","Other"
"GEN24_1025224","No other reason"
"GEN24_1025227","Holiday / vacation"
"GEN24_1025230","No other reason"
"GEN24_1025233","No other reason"
"GEN24_1025234","No other reason"
"GEN24_1025235","Holiday / vacation"
"GEN24_1025238","Holiday / vacation"
"GEN24_1025239","No other reason"
"GEN24_1025240","No other reason"
"GEN24_1025244","VFR"
"GEN24_1025249","Holiday / vacation"
"GEN24_1025250","Holiday / vacation"
"GEN24_1025252","Holiday / vacation"
"GEN24_1025255","No other reason"
"GEN24_1025257","No other reason"
"GEN24_1025258","No other reason"
"GEN24_1025263","No other reason"
"GEN24_1025265","Education"
"GEN24_1025271","No other reason"
"GEN24_1025278","No other reason"
"GEN24_1025284","Holiday / vacation"
"GEN24_1025286","No other reason"
"GEN24_1025292","No other reason"
"GEN24_1025294","No other reason"
"GEN24_1025296","No other reason"
"GEN24_1025303","No other reason"
"GEN24_1025304","Holiday / vacation"
"GEN24_1025307","No other reason"
"GEN24_1025308","No other reason"
"GEN24_1025313","No other reason"
"GEN24_1025321","No other reason"
"GEN24_1025328","Holiday / vacation"
"GEN24_1025332","No other reason"
"GEN24_1025335","No other reason"
"GEN24_1025338","Holiday / vacation"
"GEN24_1025360","VFR"
"GEN24_1025361","No other reason"
"GEN24_1025362","VFR"
"GEN24_1025368","Holiday / vacation"
"GEN24_1025369","No other reason"
"GEN24_1025371","Holiday / vacation"
"GEN24_1025372","No other reason"
"GEN24_1025378","No other reason"
"GEN24_1025379","VFR"
"GEN24_1025380","Other"
"GEN24_1025381","No other reason"
"GEN24_1025391","No other reason"
"GEN24_1025395","No other reason"
"GEN24_1025398","No other reason"
"GEN24_1025405","No other reason"
"GEN24_1025409","VFR"
"GEN24_1025410","VFR"
"GEN24_1025411","Holiday / vacation"
"GEN24_1025412","VFR"
"GEN24_1025414","Business"
"GEN24_1025414","Holiday / vacation"
"GEN24_1025419","Holiday / vacation"
"GEN24_1025423","No other reason"
"GEN24_1025428","VFR"
"GEN24_1025433","No other reason"
"GEN24_1025437","No other reason"
"GEN24_1025438","No other reason"
"GEN24_1025440","No other reason"
"GEN24_1025442","No other reason"
"GEN24_1025443","Other"
"GEN24_1025447","Other"
"GEN24_1025451","Conference / convention"
"GEN24_1025452","Holiday / vacation"
"GEN24_1025454","No other reason"
"GEN24_1025456","No other reason"
"GEN24_1025463","No other reason"
"GEN24_1025464","Holiday / vacation"
"GEN24_1025465","No other reason"
"GEN24_1025468","Other"
"GEN24_1025469","VFR"
"GEN24_1025473","No other reason"
"GEN24_1025478","Holiday / vacation"
"GEN24_1025492","Holiday / vacation"
"GEN24_1025495","No other reason"
"GEN24_1025501","Holiday / vacation"
"GEN24_1025505","Business"
"GEN24_1025506","No other reason"
"GEN24_1025507","No other reason"
"GEN24_1025517","Other"
"GEN24_1025523","No other reason"
"GEN24_1025527","VFR"
"GEN24_1025529","Holiday / vacation"
"GEN24_1025531","Other"
"GEN24_1025536","No other reason"
"GEN24_1025537","Other"
"GEN24_1025542","No other reason"
"GEN24_1025550","No other reason"
"GEN24_1025553","Holiday / vacation"
"GEN24_1025554","VFR"
"GEN24_1025557","No other reason"
"GEN24_1025558","No other reason"
"GEN24_1025564","No other reason"
"GEN24_1025566","No other reason"
"GEN24_1025576","No other reason"
"GEN24_1025580","Holiday / vacation"
"GEN24_1025583","Other"
"GEN24_1025584","No other reason"
"GEN24_1025585","No other reason"
"GEN24_1025586","No other reason"
"GEN24_1025588","VFR"
"GEN24_1025590","No other reason"
"GEN24_1025591","No other reason"
"GEN24_1025595","Holiday / vacation"
"GEN24_1025597","No other reason"
"GEN24_1025602","No other reason"
"GEN24_1025604","No other reason"
"GEN24_1025608","VFR"
"GEN24_1025609","VFR"
"GEN24_1025613","Holiday / vacation"
"GEN24_1025620","No other reason"
"GEN24_1025623","Holiday / vacation"
"GEN24_1025628","Holiday / vacation"
"GEN24_1025632","No other reason"
"GEN24_1025633","No other reason"
"GEN24_1025635","No other reason"
"GEN24_1025637","No other reason"
"GEN24_1025641","No other reason"
"GEN24_1025645","No other reason"
"GEN24_1025649","Holiday / vacation"
"GEN24_1025650","Holiday / vacation"
"GEN24_1025652","No other reason"
"GEN24_1025655","Holiday / vacation"
"GEN24_1025670","Holiday / vacation"
"GEN24_1025671","No other reason"
"GEN24_1025673","VFR"
"GEN24_1025674","No other reason"
"GEN24_1025683","No other reason"
"GEN24_1025691","No other reason"
"GEN24_1025694","No other reason"
"GEN24_1025698","No other reason"
"GEN24_1025703","No other reason"
"GEN24_1025704","VFR"
"GEN24_1025706","No other reason"
"GEN24_1025715","No other reason"
"GEN24_1025716","No other reason"
"GEN24_1025717","Holiday / vacation"
"GEN24_1025719","VFR"
"GEN24_1025721","No other reason"
"GEN24_1025727","Holiday / vacation"
"GEN24_1025742","No other reason"
"GEN24_1025748","Other"
"GEN24_1025766","Education"
"GEN24_1025778","Holiday / vacation"
"GEN24_1025780","No other reason"
"GEN24_1025781","No other reason"
"GEN24_1025786","VFR"
"GEN24_1025789","Holiday / vacation"
"GEN24_1025799","Holiday / vacation"
"GEN24_1025806","No other reason"
"GEN24_1025814","No other reason"
"GEN24_1025815","No other reason"
"GEN24_1025816","No other reason"
"GEN24_1025823","No other reason"
"GEN24_1025824","No other reason"
"GEN24_1025834","No other reason"
"GEN24_1025837","No other reason"
"GEN24_1025839","No other reason"
"GEN24_1025843","No other reason"
"GEN24_1025845","No other reason"
"GEN24_1025847","Holiday / vacation"
"GEN24_1025849","No other reason"
"GEN24_1025853","No other reason"
"GEN24_1025857","Holiday / vacation"
"GEN24_1025858","Holiday / vacation"
"GEN24_1025859","No other reason"
"GEN24_1025861","No other reason"
"GEN24_1025863","No other reason"
"GEN24_1025864","Holiday / vacation"
"GEN24_1025865","No other reason"
"GEN24_1025870","VFR"
"GEN24_1025873","Holiday / vacation"
"GEN24_1025875","No other reason"
"GEN24_1025887","No other reason"
"GEN24_1025892","VFR"
"GEN24_1025894","No other reason"
"GEN24_1025904","Business"
"GEN24_1025906","No other reason"
"GEN24_1025907","No other reason"
"GEN24_1025908","No other reason"
"GEN24_1025914","Education"
"GEN24_1025914","Holiday / vacation"
"GEN24_1025920","No other reason"
"GEN24_1025921","No other reason"
"GEN24_1025922","No other reason"
"GEN24_1025927","No other reason"
"GEN24_1025929","No other reason"
"GEN24_1025931","Holiday / vacation"
"GEN24_1025952","No other reason"
"GEN24_1025953","No other reason"
"GEN24_1025958","Holiday / vacation"
"GEN24_1025965","VFR"
"GEN24_1025967","No other reason"
"GEN24_1025969","VFR"
"GEN24_1025971","Other"
"GEN24_1025972","No other reason"
"GEN24_1025973","No other reason"
"GEN24_1025975","No other reason"
"GEN24_1025976","Holiday / vacation"
"GEN24_1025980","Other"
"GEN24_1025986","VFR"
"GEN24_1025987","No other reason"
"GEN24_1025989","No other reason"
"GEN24_1026000","No other reason"
"GEN24_1026001","No other reason"
"GEN24_1026013","No other reason"
"GEN24_1026014","No other reason"
"GEN24_1026016","Holiday / vacation"
"GEN24_1026019","Holiday / vacation"
"GEN24_1026032","VFR"
"GEN24_1026036","No other reason"
"GEN24_1026037","No other reason"
"GEN24_1026048","No other reason"
"GEN24_1026051","Other"
"GEN24_1026052","Other"
"GEN24_1026055","Holiday / vacation"
"GEN24_1026056","No other reason"
"GEN24_1026062","Holiday / vacation"
"GEN24_1026065","Other"
"GEN24_1026067","Holiday / vacation"
"GEN24_1026068","Holiday / vacation"
"GEN24_1026069","No other reason"
"GEN24_1026071","Holiday / vacation"
"GEN24_1026076","No other reason"
"GEN24_1026077","Holiday / vacation"
"GEN24_1026078","Holiday / vacation"
"GEN24_1026080","No other reason"
"GEN24_1026082","No other reason"
"GEN24_1026087","No other reason"
"GEN24_1026089","No other reason"
"GEN24_1026093","Holiday / vacation"
"GEN24_1026094","Other"
"GEN24_1026095","No other reason"
"GEN24_1026098","VFR"
"GEN24_1026099","No other reason"
"GEN24_1026104","No other reason"
"GEN24_1026107","No other reason"
"GEN24_1026108","No other reason"
"GEN24_1026109","Business"
"GEN24_1026109","Holiday / vacation"
"GEN24_1026113","VFR"
"GEN24_1026116","No other reason"
"GEN24_1026117","Other"
"GEN24_1026118","Holiday / vacation"
"GEN24_1026119","Other"
"GEN24_1026130","Holiday / vacation"
"GEN24_1026132","No other reason"
"GEN24_1026133","VFR"
"GEN24_1026141","No other reason"
"GEN24_1026143","No other reason"
"GEN24_1026144","Holiday / vacation"
"GEN24_1026145","No other reason"
"GEN24_1026149","No other reason"
"GEN24_1026153","Holiday / vacation"
"GEN24_1026164","Other"
"GEN24_1026168","Holiday / vacation"
"GEN24_1026176","No other reason"
"GEN24_1026177","No other reason"
"GEN24_1026180","No other reason"
"GEN24_1026183","Holiday / vacation"
"GEN24_1026186","No other reason"
"GEN24_1026188","Holiday / vacation"
"GEN24_1026189","No other reason"
"GEN24_1026192","No other reason"
"GEN24_1026197","Business"
"GEN24_1026201","No other reason"
"GEN24_1026205","No other reason"
"GEN24_1026206","Business"
"GEN24_1026206","Holiday / vacation"
"GEN24_1026209","No other reason"
"GEN24_1026210","Holiday / vacation"
"GEN24_1026211","No other reason"
"GEN24_1026214","No other reason"
"GEN24_1026220","VFR"
"GEN24_1026221","No other reason"
"GEN24_1026223","No other reason"
"GEN24_1026224","No other reason"
"GEN24_1026225","No other reason"
"GEN24_1026226","No other reason"
"GEN24_1026227","No other reason"
"GEN24_1026229","No other reason"
"GEN24_1026234","No other reason"
"GEN24_1026238","Other"
"GEN24_1026243","VFR"
"GEN24_1026249","No other reason"
"GEN24_1026253","No other reason"
"GEN24_1026254","No other reason"
"GEN24_1026257","No other reason"
"GEN24_1026258","Other"
"GEN24_1026261","No other reason"
"GEN24_1026262","Holiday / vacation"
"GEN24_1026264","Holiday / vacation"
"GEN24_1026267","No other reason"
"GEN24_1026271","Holiday / vacation"
"GEN24_1026276","No other reason"
"GEN24_1026282","Business"
"GEN24_1026285","No other reason"
"GEN24_1026286","Holiday / vacation"
"GEN24_1026288","No other reason"
"GEN24_1026292","No other reason"
"GEN24_1026295","VFR"
"GEN24_1026296","No other reason"
"GEN24_1026297","No other reason"
"GEN24_1026298","No other reason"
"GEN24_1026301","No other reason"
"GEN24_1026302","No other reason"
"GEN24_1026304","No other reason"
"GEN24_1026305","No other reason"
"GEN24_1026306","VFR"
"GEN24_1026314","No other reason"
"GEN24_1026315","Conference / convention"
"GEN24_1026319","Other"
"GEN24_1026322","Holiday / vacation"
"GEN24_1026323","No other reason"
"GEN24_1026325","No other reason"
"GEN24_1026327","VFR"
"GEN24_1026328","Holiday / vacation"
"GEN24_1026336","No other reason"
"GEN24_1026337","Holiday / vacation"
"GEN24_1026339","VFR"
"GEN24_1026342","No other reason"
"GEN24_1026345","No other reason"
"GEN24_1026346","No other reason"
"GEN24_1026349","No other reason"
"GEN24_1026350","No other reason"
"GEN24_1026352","Holiday / vacation"
"GEN24_1026354","No other reason"
"GEN24_1026357","Other"
"GEN24_1026360","VFR"
"GEN24_1026362","No other reason"
"GEN24_1026363","No other reason"
"GEN24_1026367","Holiday / vacation"
"GEN24_1026377","No other reason"
"GEN24_1026379","Other"
"GEN24_1026384","Other"
"GEN24_1026386","Holiday / vacation"
"GEN24_1026389","No other reason"
"GEN24_1026390","VFR"
"GEN24_1026392","VFR"
"GEN24_1026395","No other reason"
"GEN24_1026400","Holiday / vacation"
"GEN24_1026402","VFR"
"GEN24_1026407","Holiday / vacation"
"GEN24_1026409","No other reason"
"GEN24_1026411","No other reason"
"GEN24_1026414","VFR"
"GEN24_1026417","Holiday / vacation"
"GEN24_1026419","No other reason"
"GEN24_1026423","Holiday / vacation"
"GEN24_1026425","No other reason"
"GEN24_1026426","Holiday / vacation"
"GEN24_1026427","Holiday / vacation"
"GEN24_1026430","Other"
"GEN24_1026432","No other reason"
"GEN24_1026435","VFR"
"GEN24_1026437","Business"
"GEN24_1026440","No other reason"
"GEN24_1026443","No other reason"
"GEN24_1026444","No other reason"
"GEN24_1026445","No other reason"
"GEN24_1026450","No other reason"
"GEN24_1026451","No other reason"
"GEN24_1026460","No other reason"
"GEN24_1026464","No other reason"
"GEN24_1026470","No other reason"
"GEN24_1026471","No other reason"
"GEN24_1026472","Business"
"GEN24_1026474","VFR"
"GEN24_1026476","No other reason"
"GEN24_1026477","Holiday / vacation"
"GEN24_1026484","No other reason"
"GEN24_1026488","No other reason"
"GEN24_1026489","VFR"
"GEN24_1026496","No other reason"
"GEN24_1026498","VFR"
"GEN24_1026499","VFR"
"GEN24_1026500","No other reason"
"GEN24_1026501","No other reason"
"GEN24_1026502","No other reason"
"GEN24_1026504","No other reason"
"GEN24_1026513","No other reason"
"GEN24_1026515","Holiday / vacation"
"GEN24_1026516","No other reason"
"GEN24_1026520","No other reason"
"GEN24_1026521","No other reason"
"GEN24_1026523","Holiday / vacation"
"GEN24_1026526","No other reason"
"GEN24_1026528","Holiday / vacation"
"GEN24_1026529","No other reason"
"GEN24_1026530","No other reason"
"GEN24_1026532","Holiday / vacation"
"GEN24_1026537","No other reason"
"GEN24_1026542","Holiday / vacation"
"GEN24_1026548","No other reason"
"GEN24_1026558","No other reason"
"GEN24_1026562","VFR"
"GEN24_1026572","Other"
"GEN24_1026574","No other reason"
"GEN24_1026575","No other reason"
"GEN24_1026577","No other reason"
"GEN24_1026580","Holiday / vacation"
"GEN24_1026581","Holiday / vacation"
"GEN24_1026586","No other reason"
"GEN24_1026588","No other reason"
"GEN24_1026592","No other reason"
"GEN24_1026598","Holiday / vacation"
"GEN24_1026600","Holiday / vacation"
"GEN24_1026602","No other reason"
"GEN24_1026603","No other reason"
"GEN24_1026605","Business"
"GEN24_1026609","Holiday / vacation"
"GEN24_1026617","Other"
"GEN24_1026618","Holiday / vacation"
"GEN24_1026619","Holiday / vacation"
"GEN24_1026620","No other reason"
"GEN24_1026621","Education"
"GEN24_1026623","Holiday / vacation"
"GEN24_1026623","Other"
"GEN24_1026624","No other reason"
"GEN24_1026625","VFR"
"GEN24_1026628","Holiday / vacation"
"GEN24_1026630","No other reason"
"GEN24_1026636","Business"
"GEN24_1026637","VFR"
"GEN24_1026640","No other reason"
"GEN24_1026641","VFR"
"GEN24_1026643","VFR"
"GEN24_1026645","No other reason"
"GEN24_1026647","No other reason"
"GEN24_1026649","Holiday / vacation"
"GEN24_1026652","VFR"
"GEN24_1026653","Holiday / vacation"
"GEN24_1026659","Holiday / vacation"
"GEN24_1026665","No other reason"
"GEN24_1026669","VFR"
"GEN24_1026670","Holiday / vacation"
"GEN24_1026676","Holiday / vacation"
"GEN24_1026687","No other reason"
"GEN24_1026691","No other reason"
"GEN24_1026693","VFR"
"GEN24_1026699","No other reason"
"GEN24_1026702","Conference / convention"
"GEN24_1026705","Holiday / vacation"
"GEN24_1026710","Holiday / vacation"
"GEN24_1026711","No other reason"
"GEN24_1026713","No other reason"
"GEN24_1026717","No other reason"
"GEN24_1026723","Holiday / vacation"
"GEN24_1026728","Holiday / vacation"
"GEN24_1026729","No other reason"
"GEN24_1026735","Holiday / vacation"
"GEN24_1026737","No other reason"
"GEN24_1026740","VFR"
"GEN24_1026743","No other reason"
"GEN24_1026748","No other reason"
"GEN24_1026762","No other reason"
"GEN24_1026767","Holiday / vacation"
"GEN24_1026772","Business"
"GEN24_1026776","No other reason"
"GEN24_1026779","Holiday / vacation"
"GEN24_1026780","No other reason"
"GEN24_1026788","No other reason"
"GEN24_1026789","No other reason"
"GEN24_1026793","Holiday / vacation"
"GEN24_1026796","No other reason"
"GEN24_1026802","No other reason"
"GEN24_1026821","VFR"
"GEN24_1026824","VFR"
"GEN24_1026830","Business"
"GEN24_1026830","Holiday / vacation"
"GEN24_1026837","No other reason"
"GEN24_1026839","No other reason"
"GEN24_1026845","VFR"
"GEN24_1026851","No other reason"
"GEN24_1026858","No other reason"
"GEN24_1026859","No other reason"
"GEN24_1026862","No other reason"
"GEN24_1026864","Holiday / vacation"
"GEN24_1026868","No other reason"
"GEN24_1026870","VFR"
"GEN24_1026875","Holiday / vacation"
"GEN24_1026881","VFR"
"GEN24_1026885","No other reason"
"GEN24_1026890","No other reason"
"GEN24_1026893","VFR"
"GEN24_1026913","Holiday / vacation"
"GEN24_1026917","No other reason"
"GEN24_1026918","No other reason"
"GEN24_1026924","No other reason"
"GEN24_1026927","No other reason"
"GEN24_1026942","No other reason"
"GEN24_1026948","No other reason"
"GEN24_1026964","VFR"
"GEN24_1026972","VFR"
"GEN24_1026973","No other reason"
"GEN24_1026974","Holiday / vacation"
"GEN24_1026975","Other"
"GEN24_1026977","Holiday / vacation"
"GEN24_1026978","No other reason"
"GEN24_1026981","No other reason"
"GEN24_1026984","Holiday / vacation"
"GEN24_1026986","No other reason"
"GEN24_1026992","No other reason"
"GEN24_1026993","Holiday / vacation"
"GEN24_1027000","No other reason"
"GEN24_1027002","No other reason"
"GEN24_1027011","No other reason"
"GEN24_1027016","No other reason"
"GEN24_1027017","Holiday / vacation"
"GEN24_1027018","No other reason"
"GEN24_1027025","Other"
"GEN24_1027026","Holiday / vacation"
"GEN24_1027028","No other reason"
"GEN24_1027033","No other reason"
"GEN24_1027034","No other reason"
"GEN24_1027035","No other reason"
"GEN24_1027037","No other reason"
"GEN24_1027038","No other reason"
"GEN24_1027041","VFR"
"GEN24_1027042","Holiday / vacation"
"GEN24_1027049","No other reason"
"GEN24_1027050","Other"
"GEN24_1027060","No other reason"
"GEN24_1027061","No other reason"
"GEN24_1027068","Holiday / vacation"
"GEN24_1027074","VFR"
"GEN24_1027077","Holiday / vacation"
"GEN24_1027081","No other reason"
"GEN24_1027082","No other reason"
"GEN24_1027085","Holiday / vacation"
"GEN24_1027094","Holiday / vacation"
"GEN24_1027095","No other reason"
"GEN24_1027096","No other reason"
"GEN24_1027099","No other reason"
"GEN24_1027104","No other reason"
"GEN24_1027115","No other reason"
"GEN24_1027120","No other reason"
"GEN24_1027127","No other reason"
"GEN24_1027130","Holiday / vacation"
"GEN24_1027130","VFR"
"GEN24_1027132","Holiday / vacation"
"GEN24_1027137","VFR"
"GEN24_1027140","VFR"
"GEN24_1027141","No other reason"
"GEN24_1027144","No other reason"
"GEN24_1027154","Other"
"GEN24_1027162","VFR"
"GEN24_1027164","VFR"
"GEN24_1027166","Holiday / vacation"
"GEN24_1027167","No other reason"
"GEN24_1027168","Education"
"GEN24_1027180","No other reason"
"GEN24_1027181","No other reason"
"GEN24_1027183","No other reason"
"GEN24_1027187","No other reason"
"GEN24_1027193","No other reason"
"GEN24_1027194","Holiday / vacation"
"GEN24_1027197","No other reason"
"GEN24_1027199","No other reason"
"GEN24_1027202","Other"
"GEN24_1027204","No other reason"
"GEN24_1027209","VFR"
"GEN24_1027210","No other reason"
"GEN24_1027211","VFR"
"GEN24_1027218","Conference / convention"
"GEN24_1027221","No other reason"
"GEN24_1027222","VFR"
"GEN24_1027225","No other reason"
"GEN24_1027227","No other reason"
"GEN24_1027231","Holiday / vacation"
"GEN24_1027253","No other reason"
"GEN24_1027257","No other reason"
"GEN24_1027259","Holiday / vacation"
"GEN24_1027269","Holiday / vacation"
"GEN24_1027270","Business"
"GEN24_1027270","Holiday / vacation"
"GEN24_1027273","Other"
"GEN24_1027274","No other reason"
"GEN24_1027280","Other"
"GEN24_1027281","No other reason"
"GEN24_1027282","Holiday / vacation"
"GEN24_1027285","Holiday / vacation"
"GEN24_1027286","No other reason"
"GEN24_1027288","VFR"
"GEN24_1027300","No other reason"
"GEN24_1027302","No other reason"
"GEN24_1027309","Conference / convention"
"GEN24_1027310","VFR"
"GEN24_1027313","No other reason"
"GEN24_1027314","No other reason"
"GEN24_1027315","No other reason"
"GEN24_1027317","Holiday / vacation"
"GEN24_1027321","No other reason"
"GEN24_1027325","VFR"
"GEN24_1027328","No other reason"
"GEN24_1027331","No other reason"
"GEN24_1027332","Holiday / vacation"
"GEN24_1027333","Other"
"GEN24_1027333","VFR"
"GEN24_1027335","Holiday / vacation"
"GEN24_1027336","No other reason"
"GEN24_1027347","VFR"
"GEN24_1027348","No other reason"
"GEN24_1027352","No other reason"
"GEN24_1027357","No other reason"
"GEN24_1027359","No other reason"
"GEN24_1027363","Holiday / vacation"
"GEN24_1027393","No other reason"
"GEN24_1027396","Holiday / vacation"
"GEN24_1027404","Holiday / vacation"
"GEN24_1027405","No other reason"
"GEN24_1027406","No other reason"
"GEN24_1027407","No other reason"
"GEN24_1027410","Holiday / vacation"
"GEN24_1027411","No other reason"
"GEN24_1027425","VFR"
"GEN24_1027429","Business"
"GEN24_1027429","Conference / convention"
"GEN24_1027439","No other reason"
"GEN24_1027445","No other reason"
"GEN24_1027451","Holiday / vacation"
"GEN24_1027460","Holiday / vacation"
"GEN24_1027462","Conference / convention"
"GEN24_1027466","Other"
"GEN24_1027474","Holiday / vacation"
"GEN24_1027481","Holiday / vacation"
"GEN24_1027485","Holiday / vacation"
"GEN24_1027490","VFR"
"GEN24_1027498","No other reason"
"GEN24_1027499","No other reason"
"GEN24_1027500","No other reason"
"GEN24_1027505","Holiday / vacation"
"GEN24_1027510","No other reason"
"GEN24_1027511","No other reason"
"GEN24_1027513","Holiday / vacation"
"GEN24_1027517","No other reason"
"GEN24_1027522","Holiday / vacation"
"GEN24_1027523","VFR"
"GEN24_1027527","Other"
"GEN24_1027531","No other reason"
"GEN24_1027533","Holiday / vacation"
"GEN24_1027534","Conference / convention"
"GEN24_1027535","Holiday / vacation"
"GEN24_1027536","No other reason"
"GEN24_1027541","No other reason"
"GEN24_1027545","Other"
"GEN24_1027548","No other reason"
"GEN24_1027567","No other reason"
"GEN24_1027579","Other"
"GEN24_1027582","Holiday / vacation"
"GEN24_1027584","Business"
"GEN24_1027604","No other reason"
"GEN24_1027606","No other reason"
"GEN24_1027608","Holiday / vacation"
"GEN24_1027609","No other reason"
"GEN24_1027610","VFR"
"GEN24_1027611","Holiday / vacation"
"GEN24_1027631","No other reason"
"GEN24_1027636","Holiday / vacation"
"GEN24_1027637","No other reason"
"GEN24_1027638","Other"
"GEN24_1027639","No other reason"
"GEN24_1027641","No other reason"
"GEN24_1027642","No other reason"
"GEN24_1027645","Holiday / vacation"
"GEN24_1027646","Other"
"GEN24_1027648","No other reason"
"GEN24_1027651","Holiday / vacation"
"GEN24_1027657","No other reason"
"GEN24_1027658","No other reason"
"GEN24_1027659","No other reason"
"GEN24_1027660","No other reason"
"GEN24_1027666","VFR"
"GEN24_1027669","No other reason"
"GEN24_1027671","Holiday / vacation"
"GEN24_1027671","Other"
"GEN24_1027675","Other"
"GEN24_1027684","No other reason"
"GEN24_1027694","Holiday / vacation"
"GEN24_1027696","Other"
"GEN24_1027700","Other"
"GEN24_1027705","Holiday / vacation"
"GEN24_1027711","Holiday / vacation"
"GEN24_1027715","Other"
"GEN24_1027718","Holiday / vacation"
"GEN24_1027721","No other reason"
"GEN24_1027726","VFR"
"GEN24_1027730","No other reason"
"GEN24_1027731","No other reason"
"GEN24_1027732","No other reason"
"GEN24_1027736","Holiday / vacation"
"GEN24_1027737","VFR"
"GEN24_1027743","No other reason"
"GEN24_1027746","No other reason"
"GEN24_1027753","VFR"
"GEN24_1027754","Other"
"GEN24_1027754","VFR"
"GEN24_1027756","VFR"
"GEN24_1027759","No other reason"
"GEN24_1027761","No other reason"
"GEN24_1027769","No other reason"
"GEN24_1027773","No other reason"
"GEN24_1027778","No other reason"
"GEN24_1027782","VFR"
"GEN24_1027783","Other"
"GEN24_1027788","No other reason"
"GEN24_1027798","Conference / convention"
"GEN24_1027804","No other reason"
"GEN24_1027805","Other"
"GEN24_1027807","Holiday / vacation"
"GEN24_1027811","Business"
"GEN24_1027815","VFR"
"GEN24_1027821","No other reason"
"GEN24_1027822","No other reason"
"GEN24_1027823","Other"
"GEN24_1027827","No other reason"
"GEN24_1027831","No other reason"
"GEN24_1027834","No other reason"
"GEN24_1027835","VFR"
"GEN24_1027839","No other reason"
"GEN24_1027843","VFR"
"GEN24_1027848","No other reason"
"GEN24_1027850","No other reason"
"GEN24_1027853","Education"
"GEN24_1027855","Education"
"GEN24_1027867","Holiday / vacation"
"GEN24_1027868","No other reason"
"GEN24_1027874","No other reason"
"GEN24_1027882","Education"
"GEN24_1027891","No other reason"
"GEN24_1027892","No other reason"
"GEN24_1027895","No other reason"
"GEN24_1027896","No other reason"
"GEN24_1027899","No other reason"
"GEN24_1027902","Education"
"GEN24_1027903","Holiday / vacation"
"GEN24_1027907","No other reason"
"GEN24_1027908","No other reason"
"GEN24_1027912","Holiday / vacation"
"GEN24_1027918","No other reason"
"GEN24_1027924","No other reason"
"GEN24_1027927","No other reason"
"GEN24_1027930","Other"
"GEN24_1027931","No other reason"
"GEN24_1027932","No other reason"
"GEN24_1027939","No other reason"
"GEN24_1027943","No other reason"
"GEN24_1027944","Holiday / vacation"
"GEN24_1027946","Holiday / vacation"
"GEN24_1027949","No other reason"
"GEN24_1027954","No other reason"
"GEN24_1027955","No other reason"
"GEN24_1027957","No other reason"
"GEN24_1027959","No other reason"
"GEN24_1027962","No other reason"
"GEN24_1027963","No other reason"
"GEN24_1027964","No other reason"
"GEN24_1027965","Business"
"GEN24_1027966","Holiday / vacation"
"GEN24_1027970","Holiday / vacation"
"GEN24_1027971","VFR"
"GEN24_1027972","Other"
"GEN24_1027976","No other reason"
"GEN24_1027977","No other reason"
"GEN24_1027982","No other reason"
"GEN24_1027986","Holiday / vacation"
"GEN24_1027987","VFR"
"GEN24_1027990","Holiday / vacation"
"GEN24_1027992","Other"
"GEN24_1027994","Holiday / vacation"
"GEN24_1027995","No other reason"
"GEN24_1027996","Holiday / vacation"
"GEN24_1027999","No other reason"
"GEN24_1028000","Holiday / vacation"
"GEN24_1028003","No other reason"
"GEN24_1028005","Business"
"GEN24_1028008","Holiday / vacation"
"GEN24_1028010","Holiday / vacation"
"GEN24_1028013","No other reason"
"GEN24_1028015","VFR"
"GEN24_1028017","VFR"
"GEN24_1028020","No other reason"
"GEN24_1028021","Education"
"GEN24_1028026","VFR"
"GEN24_1028032","No other reason"
"GEN24_1028037","No other reason"
"GEN24_1028040","Education"
"GEN24_1028041","Holiday / vacation"
"GEN24_1028043","Holiday / vacation"
"GEN24_1028045","No other reason"
"GEN24_1028048","Conference / convention"
"GEN24_1028051","No other reason"
"GEN24_1028053","VFR"
"GEN24_1028058","No other reason"
"GEN24_1028059","Holiday / vacation"
"GEN24_1028071","VFR"
"GEN24_1028090","VFR"
"GEN24_1028093","Holiday / vacation"
"GEN24_1028098","No other reason"
"GEN24_1028100","No other reason"
"GEN24_1028101","Holiday / vacation"
"GEN24_1028107","No other reason"
"GEN24_1028123","Business"
"GEN24_1028126","No other reason"
"GEN24_1028131","No other reason"
"GEN24_1028141","No other reason"
"GEN24_1028143","No other reason"
"GEN24_1028155","No other reason"
"GEN24_1028157","Conference / convention"
"GEN24_1028162","No other reason"
"GEN24_1028163","No other reason"
"GEN24_1028164","No other reason"
"GEN24_1028165","No other reason"
"GEN24_1028166","No other reason"
"GEN24_1028167","No other reason"
"GEN24_1028168","No other reason"
"GEN24_1028170","No other reason"
"GEN24_1028172","No other reason"
"GEN24_1028173","VFR"
"GEN24_1028177","No other reason"
"GEN24_1028178","Conference / convention"
"GEN24_1028182","Holiday / vacation"
"GEN24_1028186","Holiday / vacation"
"GEN24_1028189","No other reason"
"GEN24_1028191","Holiday / vacation"
"GEN24_1028198","Holiday / vacation"
"GEN24_1028199","VFR"
"GEN24_1028200","No other reason"
"GEN24_1028203","No other reason"
"GEN24_1028217","No other reason"
"GEN24_1028218","Holiday / vacation"
"GEN24_1028224","No other reason"
"GEN24_1028226","No other reason"
"GEN24_1028237","Holiday / vacation"
"GEN24_1028242","VFR"
"GEN24_1028247","No other reason"
"GEN24_1028248","Other"
"GEN24_1028250","No other reason"
"GEN24_1028254","No other reason"
"GEN24_1028256","No other reason"
"GEN24_1028265","No other reason"
"GEN24_1028267","No other reason"
"GEN24_1028276","Other"
"GEN24_1028280","Other"
"GEN24_1028289","Other"
"GEN24_1028296","No other reason"
"GEN24_1028300","VFR"
"GEN24_1028302","Holiday / vacation"
"GEN24_1028306","Business"
"GEN24_1028309","No other reason"
"GEN24_1028311","No other reason"
"GEN24_1028312","No other reason"
"GEN24_1028317","No other reason"
"GEN24_1028318","No other reason"
"GEN24_1028319","No other reason"
"GEN24_1028321","No other reason"
"GEN24_1028324","Other"
"GEN24_1028325","VFR"
"GEN24_1028326","No other reason"
"GEN24_1028330","No other reason"
"GEN24_1028331","No other reason"
"GEN24_1028333","No other reason"
"GEN24_1028335","No other reason"
"GEN24_1028338","No other reason"
"GEN24_1028343","No other reason"
"GEN24_1028344","Business"
"GEN24_1028344","Holiday / vacation"
"GEN24_1028347","No other reason"
"GEN24_1028349","No other reason"
"GEN24_1028350","No other reason"
"GEN24_1028354","No other reason"
"GEN24_1028361","Holiday / vacation"
"GEN24_1028368","No other reason"
"GEN24_1028376","Holiday / vacation"
"GEN24_1028377","Other"
"GEN24_1028379","Holiday / vacation"
"GEN24_1028380","No other reason"
"GEN24_1028384","No other reason"
"GEN24_1028386","VFR"
"GEN24_1028390","No other reason"
"GEN24_1028391","No other reason"
"GEN24_1028393","Conference / convention"
"GEN24_1028395","VFR"
"GEN24_1028396","No other reason"
"GEN24_1028397","No other reason"
"GEN24_1028404","No other reason"
"GEN24_1028407","No other reason"
"GEN24_1028408","Holiday / vacation"
"GEN24_1028409","No other reason"
"GEN24_1028417","No other reason"
"GEN24_1028427","No other reason"
"GEN24_1028433","No other reason"
"GEN24_1028434","Holiday / vacation"
"GEN24_1028435","Holiday / vacation"
"GEN24_1028436","Holiday / vacation"
"GEN24_1028437","No other reason"
"GEN24_1028440","No other reason"
"GEN24_1028441","No other reason"
"GEN24_1028445","No other reason"
"GEN24_1028446","No other reason"
"GEN24_1028448","Holiday / vacation"
"GEN24_1028451","No other reason"
"GEN24_1028453","Other"
"GEN24_1028455","No other reason"
"GEN24_1028457","No other reason"
"GEN24_1028459","No other reason"
"GEN24_1028465","Other"
"GEN24_1028472","Holiday / vacation"
"GEN24_1028476","VFR"
"GEN24_1028480","Other"
"GEN24_1028485","No other reason"
"GEN24_1028491","No other reason"
"GEN24_1028492","No other reason"
"GEN24_1028496","No other reason"
"GEN24_1028505","VFR"
"GEN24_1028506","No other reason"
"GEN24_1028508","Holiday / vacation"
"GEN24_1028509","No other reason"
"GEN24_1028510","No other reason"
"GEN24_1028517","Holiday / vacation"
"GEN24_1028519","No other reason"
"GEN24_1028520","Holiday / vacation"
"GEN24_1028524","No other reason"
"GEN24_1028529","Holiday / vacation"
"GEN24_1028530","No other reason"
"GEN24_1028532","No other reason"
"GEN24_1028534","No other reason"
"GEN24_1028535","Holiday / vacation"
"GEN24_1028537","No other reason"
"GEN24_1028561","Holiday / vacation"
"GEN24_1028562","No other reason"
"GEN24_1028575","No other reason"
"GEN24_1028579","Holiday / vacation"
"GEN24_1028581","No other reason"
"GEN24_1028588","No other reason"
"GEN24_1028599","No other reason"
"GEN24_1028601","No other reason"
"GEN24_1028611","No other reason"
"GEN24_1028615","VFR"
"GEN24_1028618","No other reason"
"GEN24_1028627","No other reason"
"GEN24_1028629","Holiday / vacation"
"GEN24_1028635","No other reason"
"GEN24_1028636","VFR"
"GEN24_1028645","No other reason"
"GEN24_1028648","No other reason"
"GEN24_1028669","No other reason"
"GEN24_1028679","VFR"
"GEN24_1028680","No other reason"
"GEN24_1028682","No other reason"
"GEN24_1028684","Holiday / vacation"
"GEN24_1028688","Holiday / vacation"
"GEN24_1028691","No other reason"
"GEN24_1028697","No other reason"
"GEN24_1028711","No other reason"
"GEN24_1028719","No other reason"
"GEN24_1028720","No other reason"
"GEN24_1028722","No other reason"
"GEN24_1028729","Other"
"GEN24_1028733","No other reason"
"GEN24_1028745","No other reason"
"GEN24_1028748","No other reason"
"GEN24_1028750","VFR"
"GEN24_1028754","No other reason"
"GEN24_1028755","Other"
"GEN24_1028756","No other reason"
"GEN24_1028760","Holiday / vacation"
"GEN24_1028769","No other reason"
"GEN24_1028770","Holiday / vacation"
"GEN24_1028777","Holiday / vacation"
"GEN24_1028778","No other reason"
"GEN24_1028783","No other reason"
"GEN24_1028784","VFR"
"GEN24_1028791","Other"
"GEN24_1028792","Holiday / vacation"
"GEN24_1028793","Holiday / vacation"
"GEN24_1028797","Holiday / vacation"
"GEN24_1028804","Holiday / vacation"
"GEN24_1028810","VFR"
"GEN24_1028824","No other reason"
"GEN24_1028828","VFR"
"GEN24_1028833","No other reason"
"GEN24_1028835","Other"
"GEN24_1028837","No other reason"
"GEN24_1028838","Other"
"GEN24_1028841","No other reason"
"GEN24_1028842","Holiday / vacation"
"GEN24_1028851","Holiday / vacation"
"GEN24_1028852","Holiday / vacation"
"GEN24_1028862","No other reason"
"GEN24_1028864","No other reason"
"GEN24_1028867","No other reason"
"GEN24_1028876","No other reason"
"GEN24_1028879","Holiday / vacation"
"GEN24_1028887","Holiday / vacation"
"GEN24_1028894","Holiday / vacation"
"GEN24_1028898","Holiday / vacation"
"GEN24_1028901","Other"
"GEN24_1028903","Holiday / vacation"
"GEN24_1028908","Holiday / vacation"
"GEN24_1028913","Holiday / vacation"
"GEN24_1028914","No other reason"
"GEN24_1028916","No other reason"
"GEN24_1028919","No other reason"
"GEN24_1028925","No other reason"
"GEN24_1028937","Business"
"GEN24_1028943","No other reason"
"GEN24_1028945","No other reason"
"GEN24_1028946","No other reason"
"GEN24_1028947","Other"
"GEN24_1028949","No other reason"
"GEN24_1028950","Holiday / vacation"
"GEN24_1028954","No other reason"
"GEN24_1028955","No other reason"
"GEN24_1028957","No other reason"
"GEN24_1028958","No other reason"
"GEN24_1028967","No other reason"
"GEN24_1028970","No other reason"
"GEN24_1028972","Holiday / vacation"
"GEN24_1028976","VFR"
"GEN24_1028977","Holiday / vacation"
"GEN24_1028979","Holiday / vacation"
"GEN24_1028986","No other reason"
"GEN24_1028988","No other reason"
"GEN24_1028989","Holiday / vacation"
"GEN24_1028990","No other reason"
"GEN24_1028991","No other reason"
"GEN24_1028994","Holiday / vacation"
"GEN24_1029000","No other reason"
"GEN24_1029001","Other"
"GEN24_1029008","Holiday / vacation"
"GEN24_1029009","Conference / convention"
"GEN24_1029010","No other reason"
"GEN24_1029014","No other reason"
"GEN24_1029015","No other reason"
"GEN24_1029018","No other reason"
"GEN24_1029019","Holiday / vacation"
"GEN24_1029025","No other reason"
"GEN24_1029035","Education"
"GEN24_1029038","Other"
"GEN24_1029042","No other reason"
"GEN24_1029043","No other reason"
"GEN24_1029044","No other reason"
"GEN24_1029045","No other reason"
"GEN24_1029054","Holiday / vacation"
"GEN24_1029057","Other"
"GEN24_1029062","No other reason"
"GEN24_1029063","VFR"
"GEN24_1029064","No other reason"
"GEN24_1029069","No other reason"
"GEN24_1029072","No other reason"
"GEN24_1029075","No other reason"
"GEN24_1029084","No other reason"
"GEN24_1029085","No other reason"
"GEN24_1029086","VFR"
"GEN24_1029091","No other reason"
"GEN24_1029092","Holiday / vacation"
"GEN24_1029094","Holiday / vacation"
"GEN24_1029097","No other reason"
"GEN24_1029099","No other reason"
"GEN24_1029100","No other reason"
"GEN24_1029102","No other reason"
"GEN24_1029103","No other reason"
"GEN24_1029114","No other reason"
"GEN24_1029125","VFR"
"GEN24_1029133","VFR"
"GEN24_1029135","Business"
"GEN24_1029139","Holiday / vacation"
"GEN24_1029141","No other reason"
"GEN24_1029144","No other reason"
"GEN24_1029145","No other reason"
"GEN24_1029153","VFR"
"GEN24_1029154","No other reason"
"GEN24_1029156","No other reason"
"GEN24_1029160","VFR"
"GEN24_1029170","Holiday / vacation"
"GEN24_1029175","VFR"
"GEN24_1029176","No other reason"
"GEN24_1029179","No other reason"
"GEN24_1029180","Holiday / vacation"
"GEN24_1029185","Holiday / vacation"
"GEN24_1029186","Holiday / vacation"
"GEN24_1029195","No other reason"
"GEN24_1029199","VFR"
"GEN24_1029200","VFR"
"GEN24_1029201","Holiday / vacation"
"GEN24_1029203","Other"
"GEN24_1029206","No other reason"
"GEN24_1029207","No other reason"
"GEN24_1029210","No other reason"
"GEN24_1029239","Holiday / vacation"
"GEN24_1029241","No other reason"
"GEN24_1029243","No other reason"
"GEN24_1029247","Holiday / vacation"
"GEN24_1029259","Holiday / vacation"
"GEN24_1029271","No other reason"
"GEN24_1029273","No other reason"
"GEN24_1029279","No other reason"
"GEN24_1029280","No other reason"
"GEN24_1029298","No other reason"
"GEN24_1029302","No other reason"
"GEN24_1029312","Holiday / vacation"
"GEN24_1029319","No other reason"
"GEN24_1029320","VFR"
"GEN24_1029329","No other reason"
"GEN24_1029332","Conference / convention"
"GEN24_1029333","Business"
"GEN24_1029333","Holiday / vacation"
"GEN24_1029334","No other reason"
"GEN24_1029336","Holiday / vacation"
"GEN24_1029338","Holiday / vacation"
"GEN24_1029346","No other reason"
"GEN24_1029348","No other reason"
"GEN24_1029349","No other reason"
"GEN24_1029350","No other reason"
"GEN24_1029352","No other reason"
"GEN24_1029355","No other reason"
"GEN24_1029356","Conference / convention"
"GEN24_1029358","No other reason"
"GEN24_1029361","VFR"
"GEN24_1029364","VFR"
"GEN24_1029365","Holiday / vacation"
"GEN24_1029366","No other reason"
"GEN24_1029373","Other"
"GEN24_1029375","Holiday / vacation"
"GEN24_1029376","VFR"
"GEN24_1029379","VFR"
"GEN24_1029381","No other reason"
"GEN24_1029387","Holiday / vacation"
"GEN24_1029390","Other"
"GEN24_1029392","Holiday / vacation"
"GEN24_1029393","Other"
"GEN24_1029399","VFR"
"GEN24_1029401","No other reason"
"GEN24_1029405","No other reason"
"GEN24_1029428","VFR"
"GEN24_1029430","Holiday / vacation"
"GEN24_1029436","VFR"
"GEN24_1029439","No other reason"
"GEN24_1029441","Holiday / vacation"
"GEN24_1029443","No other reason"
"GEN24_1029448","Other"
"GEN24_1029455","Holiday / vacation"
"GEN24_1029456","No other reason"
"GEN24_1029457","Holiday / vacation"
"GEN24_1029463","Holiday / vacation"
"GEN24_1029465","Holiday / vacation"
"GEN24_1029471","No other reason"
"GEN24_1029472","No other reason"
"GEN24_1029475","Other"
"GEN24_1029480","VFR"
"GEN24_1029482","Holiday / vacation"
"GEN24_1029485","Holiday / vacation"
"GEN24_1029492","VFR"
"GEN24_1029495","No other reason"
"GEN24_1029501","Holiday / vacation"
"GEN24_1029505","Holiday / vacation"
"GEN24_1029506","VFR"
"GEN24_1029509","Other"
"GEN24_1029510","No other reason"
"GEN24_1029522","Holiday / vacation"
"GEN24_1029524","No other reason"
"GEN24_1029526","Other"
"GEN24_1029527","No other reason"
"GEN24_1029531","No other reason"
"GEN24_1029535","No other reason"
"GEN24_1029540","No other reason"
"GEN24_1029543","No other reason"
"GEN24_1029549","No other reason"
"GEN24_1029554","No other reason"
"GEN24_1029555","Holiday / vacation"
"GEN24_1029556","Holiday / vacation"
"GEN24_1029558","Holiday / vacation"
"GEN24_1029565","No other reason"
"GEN24_1029566","No other reason"
"GEN24_1029569","No other reason"
"GEN24_1029571","No other reason"
"GEN24_1029575","Holiday / vacation"
"GEN24_1029577","VFR"
"GEN24_1029580","No other reason"
"GEN24_1029585","No other reason"
"GEN24_1029587","Holiday / vacation"
"GEN24_1029588","No other reason"
"GEN24_1029590","Other"
"GEN24_1029594","No other reason"
"GEN24_1029598","Holiday / vacation"
"GEN24_1029601","No other reason"
"GEN24_1029604","No other reason"
"GEN24_1029610","No other reason"
"GEN24_1029612","Other"
"GEN24_1029614","No other reason"
"GEN24_1029620","No other reason"
"GEN24_1029632","Holiday / vacation"
"GEN24_1029633","No other reason"
"GEN24_1029637","VFR"
"GEN24_1029638","Other"
"GEN24_1029641","No other reason"
"GEN24_1029643","No other reason"
"GEN24_1029655","No other reason"
"GEN24_1029656","No other reason"
"GEN24_1029657","Holiday / vacation"
"GEN24_1029660","Other"
"GEN24_1029662","Business"
"GEN24_1029662","Holiday / vacation"
"GEN24_1029667","No other reason"
"GEN24_1029669","No other reason"
"GEN24_1029676","No other reason"
"GEN24_1029681","No other reason"
"GEN24_1029683","No other reason"
"GEN24_1029687","Holiday / vacation"
"GEN24_1029688","No other reason"
"GEN24_1029691","No other reason"
"GEN24_1029692","No other reason"
"GEN24_1029693","VFR"
"GEN24_1029694","No other reason"
"GEN24_1029695","Holiday / vacation"
"GEN24_1029709","No other reason"
"GEN24_1029713","Holiday / vacation"
"GEN24_1029723","VFR"
"GEN24_1029731","No other reason"
"GEN24_1029732","VFR"
"GEN24_1029741","Other"
"GEN24_1029748","Holiday / vacation"
"GEN24_1029750","No other reason"
"GEN24_1029752","VFR"
"GEN24_1029755","No other reason"
"GEN24_1029767","No other reason"
"GEN24_1029769","Holiday / vacation"
"GEN24_1029771","No other reason"
"GEN24_1029774","No other reason"
"GEN24_1029775","Business"
"GEN24_1029775","VFR"
"GEN24_1029779","Holiday / vacation"
"GEN24_1029782","Holiday / vacation"
"GEN24_1029783","VFR"
"GEN24_1029787","Holiday / vacation"
"GEN24_1029789","Holiday / vacation"
"GEN24_1029791","Holiday / vacation"
"GEN24_1029792","No other reason"
"GEN24_1029795","No other reason"
"GEN24_1029833","No other reason"
"GEN24_1029835","No other reason"
"GEN24_1029836","No other reason"
"GEN24_1029840","No other reason"
"GEN24_1029841","No other reason"
"GEN24_1029842","VFR"
"GEN24_1029846","Holiday / vacation"
"GEN24_1029847","No other reason"
"GEN24_1029857","No other reason"
"GEN24_1029858","No other reason"
"GEN24_1029859","VFR"
"GEN24_1029864","No other reason"
"GEN24_1029865","No other reason"
"GEN24_1029875","No other reason"
"GEN24_1029876","No other reason"
"GEN24_1029877","Conference / convention"
"GEN24_1029885","No other reason"
"GEN24_1029887","No other reason"
"GEN24_1029891","No other reason"
"GEN24_1029893","No other reason"
"GEN24_1029894","Holiday / vacation"
"GEN24_1029905","No other reason"
"GEN24_1029911","No other reason"
"GEN24_1029926","No other reason"
"GEN24_1029930","Holiday / vacation"
"GEN24_1029933","No other reason"
"GEN24_1029942","No other reason"
"GEN24_1029946","Conference / convention"
"GEN24_1029950","No other reason"
"GEN24_1029957","No other reason"
"GEN24_1029961","Other"
"GEN24_1029965","Holiday / vacation"
"GEN24_1029969","No other reason"
"GEN24_1029971","No other reason"
"GEN24_1029972","No other reason"
"GEN24_1029973","VFR"
"GEN24_1029980","VFR"
"GEN24_1029989","No other reason"
"GEN24_1029991","No other reason"
"GEN24_1029996","Conference / convention"
"GEN24_1029997","Holiday / vacation"
"GEN24_1029998","Holiday / vacation"
"GEN24_1029999","No other reason"
"GEN24_1030002","No other reason"
"GEN24_1030005","No other reason"
"GEN24_1030010","No other reason"
"GEN24_1030018","No other reason"
"GEN24_1030020","No other reason"
"GEN24_1030021","No other reason"
"GEN24_1030029","No other reason"
"GEN24_1030040","Holiday / vacation"
"GEN24_1030041","Other"
"GEN24_1030052","No other reason"
"GEN24_1030055","Holiday / vacation"
"GEN24_1030056","Holiday / vacation"
"GEN24_1030059","VFR"
"GEN24_1030063","VFR"
"GEN24_1030064","VFR"
"GEN24_1030067","No other reason"
"GEN24_1030069","No other reason"
"GEN24_1030076","Other"
"GEN24_1030078","VFR"
"GEN24_1030087","Holiday / vacation"
"GEN24_1030088","No other reason"
"GEN24_1030094","Education"
"GEN24_1030106","VFR"
"GEN24_1030107","No other reason"
"GEN24_1030112","Holiday / vacation"
"GEN24_1030112","VFR"
"GEN24_1030120","No other reason"
"GEN24_1030121","No other reason"
"GEN24_1030122","VFR"
"GEN24_1030123","No other reason"
"GEN24_1030125","No other reason"
"GEN24_1030128","Holiday / vacation"
"GEN24_1030133","No other reason"
"GEN24_1030136","No other reason"
"GEN24_1030141","No other reason"
"GEN24_1030148","No other reason"
"GEN24_1030149","VFR"
"GEN24_1030168","Other"
"GEN24_1030171","Other"
"GEN24_1030177","No other reason"
"GEN24_1030181","VFR"
"GEN24_1030183","No other reason"
"GEN24_1030184","No other reason"
"GEN24_1030198","Holiday / vacation"
"GEN24_1030199","No other reason"
"GEN24_1030202","No other reason"
"GEN24_1030220","No other reason"
"GEN24_1030221","Holiday / vacation"
"GEN24_1030224","No other reason"
"GEN24_1030227","No other reason"
"GEN24_1030233","No other reason"
"GEN24_1030234","Business"
"GEN24_1030234","Education"
"GEN24_1030234","Holiday / vacation"
"GEN24_1030234","VFR"
"GEN24_1030238","VFR"
"GEN24_1030241","No other reason"
"GEN24_1030242","No other reason"
"GEN24_1030249","Other"
"GEN24_1030251","VFR"
"GEN24_1030253","No other reason"
"GEN24_1030255","No other reason"
"GEN24_1030256","VFR"
"GEN24_1030259","No other reason"
"GEN24_1030261","No other reason"
"GEN24_1030264","No other reason"
"GEN24_1030270","VFR"
"GEN24_1030273","No other reason"
"GEN24_1030287","No other reason"
"GEN24_1030291","VFR"
"GEN24_1030293","No other reason"
"GEN24_1030295","No other reason"
"GEN24_1030296","No other reason"
"GEN24_1030299","No other reason"
"GEN24_1030308","No other reason"
"GEN24_1030310","VFR"
"GEN24_1030312","No other reason"
"GEN24_1030325","Holiday / vacation"
"GEN24_1030327","No other reason"
"GEN24_1030332","Holiday / vacation"
"GEN24_1030337","No other reason"
"GEN24_1030358","Holiday / vacation"
"GEN24_1030367","Holiday / vacation"
"GEN24_1030369","No other reason"
"GEN24_1030380","Holiday / vacation"
"GEN24_1030388","No other reason"
"GEN24_1030389","No other reason"
"GEN24_1030391","No other reason"
"GEN24_1030396","No other reason"
"GEN24_1030399","VFR"
"GEN24_1030400","No other reason"
"GEN24_1030407","Business"
"GEN24_1030411","No other reason"
"GEN24_1030414","No other reason"
"GEN24_1030419","No other reason"
"GEN24_1030435","Holiday / vacation"
"GEN24_1030441","No other reason"
"GEN24_1030444","Holiday / vacation"
"GEN24_1030446","No other reason"
"GEN24_1030452","No other reason"
"GEN24_1030453","No other reason"
"GEN24_1030459","VFR"
"GEN24_1030468","No other reason"
"GEN24_1030469","VFR"
"GEN24_1030471","No other reason"
"GEN24_1030474","No other reason"
"GEN24_1030477","Holiday / vacation"
"GEN24_1030480","No other reason"
"GEN24_1030481","No other reason"
"GEN24_1030483","No other reason"
"GEN24_1030484","Other"
"GEN24_1030485","VFR"
"GEN24_1030486","No other reason"
"GEN24_1030489","Other"
"GEN24_1030492","Business"
"GEN24_1030497","Holiday / vacation"
"GEN24_1030502","Holiday / vacation"
"GEN24_1030525","No other reason"
"GEN24_1030530","No other reason"
"GEN24_1030534","Education"
"GEN24_1030539","VFR"
"GEN24_1030542","Holiday / vacation"
"GEN24_1030546","No other reason"
"GEN24_1030549","Business"
"GEN24_1030551","No other reason"
"GEN24_1030554","No other reason"
"GEN24_1030557","No other reason"
"GEN24_1030563","No other reason"
"GEN24_1030565","No other reason"
"GEN24_1030567","No other reason"
"GEN24_1030569","Other"
"GEN24_1030571","Holiday / vacation"
"GEN24_1030573","Other"
"GEN24_1030579","No other reason"
"GEN24_1030580","No other reason"
"GEN24_1030585","VFR"
"GEN24_1030586","No other reason"
"GEN24_1030588","No other reason"
"GEN24_1030592","Holiday / vacation"
"GEN24_1030602","Conference / convention"
"GEN24_1030607","Other"
"GEN24_1030616","No other reason"
"GEN24_1030620","No other reason"
"GEN24_1030623","No other reason"
"GEN24_1030624","No other reason"
"GEN24_1030630","No other reason"
"GEN24_1030632","VFR"
"GEN24_1030633","No other reason"
"GEN24_1030636","No other reason"
"GEN24_1030638","VFR"
"GEN24_1030639","No other reason"
"GEN24_1030642","No other reason"
"GEN24_1030645","No other reason"
"GEN24_1030646","Holiday / vacation"
"GEN24_1030647","No other reason"
"GEN24_1030648","Holiday / vacation"
"GEN24_1030650","No other reason"
"GEN24_1030651","Holiday / vacation"
"GEN24_1030655","Business"
"GEN24_1030657","Holiday / vacation"
"GEN24_1030658","Education"
"GEN24_1030661","VFR"
"GEN24_1030663","VFR"
"GEN24_1030694","No other reason"
"GEN24_1030695","No other reason"
"GEN24_1030697","No other reason"
"GEN24_1030704","No other reason"
"GEN24_1030706","VFR"
"GEN24_1030709","No other reason"
"GEN24_1030713","No other reason"
"GEN24_1030719","No other reason"
"GEN24_1030721","No other reason"
"GEN24_1030725","No other reason"
"GEN24_1030726","No other reason"
"GEN24_1030732","Holiday / vacation"
"GEN24_1030738","No other reason"
"GEN24_1030755","No other reason"
"GEN24_1030760","No other reason"
"GEN24_1030761","No other reason"
"GEN24_1030764","Other"
"GEN24_1030765","Holiday / vacation"
"GEN24_1030765","VFR"
"GEN24_1030770","No other reason"
"GEN24_1030776","Other"
"GEN24_1030786","No other reason"
"GEN24_1030789","Holiday / vacation"
"GEN24_1030797","Holiday / vacation"
"GEN24_1030798","No other reason"
"GEN24_1030800","No other reason"
"GEN24_1030809","No other reason"
"GEN24_1030812","Holiday / vacation"
"GEN24_1030815","No other reason"
"GEN24_1030819","Holiday / vacation"
"GEN24_1030821","Other"
"GEN24_1030835","No other reason"
"GEN24_1030837","No other reason"
"GEN24_1030840","No other reason"
"GEN24_1030851","No other reason"
"GEN24_1030852","No other reason"
"GEN24_1030855","No other reason"
"GEN24_1030856","Conference / convention"
"GEN24_1030856","VFR"
"GEN24_1030874","No other reason"
"GEN24_1030880","No other reason"
"GEN24_1030892","VFR"
"GEN24_1030893","No other reason"
"GEN24_1030894","No other reason"
"GEN24_1030897","No other reason"
"GEN24_1030900","No other reason"
"GEN24_1030902","No other reason"
"GEN24_1030907","No other reason"
"GEN24_1030908","No other reason"
"GEN24_1030909","No other reason"
"GEN24_1030912","No other reason"
"GEN24_1030914","No other reason"
"GEN24_1030918","No other reason"
"GEN24_1030927","No other reason"
"GEN24_1030932","No other reason"
"GEN24_1030935","No other reason"
"GEN24_1030948","Holiday / vacation"
"GEN24_1030950","No other reason"
"GEN24_1030951","Other"
"GEN24_1030953","No other reason"
"GEN24_1030955","No other reason"
"GEN24_1031001","Holiday / vacation"
"GEN24_1031003","No other reason"
"GEN24_1031013","No other reason"
"GEN24_1031014","No other reason"
"GEN24_1031017","No other reason"
"GEN24_1031020","No other reason"
"GEN24_1031025","No other reason"
"GEN24_1031027","Holiday / vacation"
"GEN24_1031036","VFR"
"GEN24_1031042","No other reason"
"GEN24_1031044","No other reason"
"GEN24_1031045","VFR"
"GEN24_1031046","Other"
"GEN24_1031050","Holiday / vacation"
"GEN24_1031060","Holiday / vacation"
"GEN24_1031068","No other reason"
"GEN24_1031070","No other reason"
"GEN24_1031071","No other reason"
"GEN24_1031074","Holiday / vacation"
"GEN24_1031075","No other reason"
"GEN24_1031078","No other reason"
"GEN24_1031079","Other"
"GEN24_1031081","No other reason"
"GEN24_1031082","No other reason"
"GEN24_1031097","VFR"
"GEN24_1031101","Holiday / vacation"
"GEN24_1031106","No other reason"
"GEN24_1031113","No other reason"
"GEN24_1031114","No other reason"
"GEN24_1031125","No other reason"
"GEN24_1031126","No other reason"
"GEN24_1031129","No other reason"
"GEN24_1031135","No other reason"
"GEN24_1031138","Holiday / vacation"
"GEN24_1031142","No other reason"
"GEN24_1031151","VFR"
"GEN24_1031157","No other reason"
"GEN24_1031161","Holiday / vacation"
"GEN24_1031172","VFR"
"GEN24_1031176","No other reason"
"GEN24_1031178","No other reason"
"GEN24_1031179","No other reason"
"GEN24_1031182","No other reason"
"GEN24_1031190","Holiday / vacation"
"GEN24_1031191","Holiday / vacation"
"GEN24_1031192","Other"
"GEN24_1031195","Holiday / vacation"
"GEN24_1031199","No other reason"
"GEN24_1031215","Holiday / vacation"
"GEN24_1031218","No other reason"
"GEN24_1031220","Holiday / vacation"
"GEN24_1031223","Business"
"GEN24_1031223","Holiday / vacation"
"GEN24_1031230","Other"
"GEN24_1031233","No other reason"
"GEN24_1031234","Holiday / vacation"
"GEN24_1031236","No other reason"
"GEN24_1031240","No other reason"
"GEN24_1031242","No other reason"
"GEN24_1031245","Other"
"GEN24_1031257","Other"
"GEN24_1031258","Holiday / vacation"
"GEN24_1031270","No other reason"
"GEN24_1031274","No other reason"
"GEN24_1031280","No other reason"
"GEN24_1031285","Holiday / vacation"
"GEN24_1031289","No other reason"
"GEN24_1031291","No other reason"
"GEN24_1031305","VFR"
"GEN24_1031307","No other reason"
"GEN24_1031313","Holiday / vacation"
"GEN24_1031314","Holiday / vacation"
"GEN24_1031317","Business"
"GEN24_1031324","No other reason"
"GEN24_1031326","No other reason"
"GEN24_1031329","No other reason"
"GEN24_1031332","Holiday / vacation"
"GEN24_1031341","Holiday / vacation"
"GEN24_1031345","No other reason"
"GEN24_1031346","No other reason"
"GEN24_1031352","No other reason"
"GEN24_1031357","No other reason"
"GEN24_1031363","No other reason"
"GEN24_1031367","Holiday / vacation"
"GEN24_1031372","No other reason"
"GEN24_1031385","No other reason"
"GEN24_1031393","Conference / convention"
"GEN24_1031397","No other reason"
"GEN24_1031405","No other reason"
"GEN24_1031408","No other reason"
"GEN24_1031410","No other reason"
"GEN24_1031414","No other reason"
"GEN24_1031416","No other reason"
"GEN24_1031438","VFR"
"GEN24_1031444","No other reason"
"GEN24_1031445","Holiday / vacation"
"GEN24_1031448","No other reason"
"GEN24_1031449","No other reason"
"GEN24_1031453","No other reason"
"GEN24_1031455","No other reason"
"GEN24_1031461","No other reason"
"GEN24_1031464","Holiday / vacation"
"GEN24_1031467","No other reason"
"GEN24_1031476","No other reason"
"GEN24_1031479","No other reason"
"GEN24_1031501","No other reason"
"GEN24_1031502","No other reason"
"GEN24_1031506","Holiday / vacation"
"GEN24_1031507","Holiday / vacation"
"GEN24_1031511","Holiday / vacation"
"GEN24_1031512","No other reason"
"GEN24_1031514","Holiday / vacation"
"GEN24_1031519","No other reason"
"GEN24_1031520","No other reason"
"GEN24_1031524","No other reason"
"GEN24_1031528","VFR"
"GEN24_1031529","No other reason"
"GEN24_1031534","No other reason"
"GEN24_1031535","No other reason"
"GEN24_1031537","Education"
"GEN24_1031538","No other reason"
"GEN24_1031542","Business"
"GEN24_1031545","Education"
"GEN24_1031548","No other reason"
"GEN24_1031553","Holiday / vacation"
"GEN24_1031562","No other reason"
"GEN24_1031564","VFR"
"GEN24_1031566","No other reason"
"GEN24_1031569","No other reason"
"GEN24_1031574","No other reason"
"GEN24_1031619","No other reason"
"GEN24_1031630","VFR"
"GEN24_1031637","No other reason"
"GEN24_1031640","Business"
"GEN24_1031640","VFR"
"GEN24_1031643","Business"
"GEN24_1031650","No other reason"
"GEN24_1031670","No other reason"
"GEN24_1031677","No other reason"
"GEN24_1031680","Holiday / vacation"
"GEN24_1031696","No other reason"
"GEN24_1031719","No other reason"
"GEN24_1031725","Holiday / vacation"
"GEN24_1031738","No other reason"
"GEN24_1031741","No other reason"
"GEN24_1031743","No other reason"
"GEN24_1031744","No other reason"
"GEN24_1031758","Holiday / vacation"
"GEN24_1031768","No other reason"
"GEN24_1031777","Holiday / vacation"
"GEN24_1031779","Business"
"GEN24_1031780","No other reason"
"GEN24_1031784","Holiday / vacation"
"GEN24_1031791","Holiday / vacation"
"GEN24_1031801","Holiday / vacation"
"GEN24_1031806","No other reason"
"GEN24_1031828","Holiday / vacation"
"GEN24_1031840","No other reason"
"GEN24_1031843","No other reason"
"GEN24_1031866","No other reason"
"GEN24_1031869","No other reason"
"GEN24_1031870","No other reason"
"GEN24_1031877","No other reason"
"GEN24_1031884","No other reason"
"GEN24_1031890","No other reason"
"GEN24_1031895","No other reason"
"GEN24_1031902","No other reason"
"GEN24_1031905","No other reason"
"GEN24_1031907","No other reason"
"GEN24_1031911","Holiday / vacation"
"GEN24_1031912","No other reason"
"GEN24_1031914","Holiday / vacation"
"GEN24_1031918","No other reason"
"GEN24_1031924","Business"
"GEN24_1031931","No other reason"
"GEN24_1031932","No other reason"
"GEN24_1031933","No other reason"
"GEN24_1031935","No other reason"
"GEN24_1031948","No other reason"
"GEN24_1031953","VFR"
"GEN24_1031980","Holiday / vacation"
"GEN24_1031982","VFR"
"GEN24_1031983","Other"
"GEN24_1031993","Other"
"GEN24_1032020","Conference / convention"
"GEN24_1032023","Holiday / vacation"
"GEN24_1032027","No other reason"
"GEN24_1032030","VFR"
"GEN24_1032054","Holiday / vacation"
"GEN24_1032102","No other reason"
"GEN24_1032111","No other reason"
"GEN24_1032121","No other reason"
"GEN24_1032122","VFR"
"GEN24_1032123","No other reason"
"GEN24_1032125","No other reason"
"GEN24_1032126","No other reason"
"GEN24_1032129","Holiday / vacation"
"GEN24_1032131","Holiday / vacation"
"GEN24_1032133","Other"
"GEN24_1032135","No other reason"
"GEN24_1032137","Holiday / vacation"
"GEN24_1032141","No other reason"
"GEN24_1032147","No other reason"
"GEN24_1032148","No other reason"
"GEN24_1032150","No other reason"
"GEN24_1032152","Holiday / vacation"
"GEN24_1032154","No other reason"
"GEN24_1032157","VFR"
"GEN24_1032165","VFR"
"GEN24_1032181","Holiday / vacation"
"GEN24_1032202","No other reason"
"GEN24_1032204","No other reason"
"GEN24_1032211","No other reason"
"GEN24_1032219","No other reason"
"GEN24_1032224","No other reason"
"GEN24_1032242","VFR"
"GEN24_1032246","No other reason"
"GEN24_1032247","Holiday / vacation"
"GEN24_1032251","No other reason"
"GEN24_1032259","Holiday / vacation"
"GEN24_1032268","No other reason"
"GEN24_1032270","No other reason"
"GEN24_1032271","No other reason"
"GEN24_1032276","Business"
"GEN24_1032278","No other reason"
"GEN24_1032281","VFR"
"GEN24_1032285","No other reason"
"GEN24_1032286","No other reason"
"GEN24_1032288","No other reason"
"GEN24_1032303","Holiday / vacation"
"GEN24_1032320","No other reason"
"GEN24_1032322","No other reason"
"GEN24_1032324","No other reason"
"GEN24_1032325","No other reason"
"GEN24_1032327","VFR"
"GEN24_1032341","Holiday / vacation"
"GEN24_1032347","VFR"
"GEN24_1032348","No other reason"
"GEN24_1032355","No other reason"
"GEN24_1032359","No other reason"
"GEN24_1032366","Other"
"GEN24_1032367","VFR"
"GEN24_1032372","No other reason"
"GEN24_1032382","Holiday / vacation"
"GEN24_1032392","No other reason"
"GEN24_1032394","Holiday / vacation"
"GEN24_1032409","Holiday / vacation"
"GEN24_1032414","Holiday / vacation"
"GEN24_1032421","Holiday / vacation"
"GEN24_1032431","Holiday / vacation"
"GEN24_1032433","No other reason"
"GEN24_1032437","No other reason"
"GEN24_1032438","Other"
"GEN24_1032439","No other reason"
"GEN24_1032442","Holiday / vacation"
"GEN24_1032451","VFR"
"GEN24_1032456","No other reason"
"GEN24_1032463","Education"
"GEN24_1032470","No other reason"
"GEN24_1032473","Holiday / vacation"
"GEN24_1032477","No other reason"
"GEN24_1032480","VFR"
"GEN24_1032481","No other reason"
"GEN24_1032493","Holiday / vacation"
"GEN24_1032495","No other reason"
"GEN24_1032497","No other reason"
"GEN24_1032499","Conference / convention"
"GEN24_1032500","No other reason"
"GEN24_1032502","No other reason"
"GEN24_1032506","Holiday / vacation"
"GEN24_1032508","VFR"
"GEN24_1032511","VFR"
"GEN24_1032515","Holiday / vacation"
"GEN24_1032518","No other reason"
"GEN24_1032519","No other reason"
"GEN24_1032528","VFR"
"GEN24_1032535","No other reason"
"GEN24_1032541","Holiday / vacation"
"GEN24_1032550","Holiday / vacation"
"GEN24_1032558","No other reason"
"GEN24_1032559","No other reason"
"GEN24_1032564","VFR"
"GEN24_1032567","No other reason"
"GEN24_1032570","Business"
"GEN24_1032574","VFR"
"GEN24_1032580","Holiday / vacation"
"GEN24_1032581","Holiday / vacation"
"GEN24_1032582","VFR"
"GEN24_1032599","No other reason"
"GEN24_1032608","VFR"
"GEN24_1032613","Holiday / vacation"
"GEN24_1032625","VFR"
"GEN24_1032627","No other reason"
"GEN24_1032628","No other reason"
"GEN24_1032633","No other reason"
"GEN24_1032639","VFR"
"GEN24_1032643","No other reason"
"GEN24_1032651","No other reason"
"GEN24_1032654","No other reason"
"GEN24_1032660","No other reason"
"GEN24_1032661","No other reason"
"GEN24_1032664","No other reason"
"GEN24_1032666","No other reason"
"GEN24_1032667","Holiday / vacation"
"GEN24_1032670","No other reason"
"GEN24_1032672","No other reason"
"GEN24_1032673","Holiday / vacation"
"GEN24_1032679","VFR"
"GEN24_1032680","Holiday / vacation"
"GEN24_1032681","VFR"
"GEN24_1032682","VFR"
"GEN24_1032683","Other"
"GEN24_1032689","Holiday / vacation"
"GEN24_1032690","No other reason"
"GEN24_1032692","No other reason"
"GEN24_1032698","Holiday / vacation"
"GEN24_1032700","Holiday / vacation"
"GEN24_1032706","Conference / convention"
"GEN24_1032708","Holiday / vacation"
"GEN24_1032710","VFR"
"GEN24_1032713","Holiday / vacation"
"GEN24_1032715","Education"
"GEN24_1032716","Holiday / vacation"
"GEN24_1032726","Other"
"GEN24_1032748","VFR"
"GEN24_1032750","No other reason"
"GEN24_1032755","No other reason"
"GEN24_1032756","No other reason"
"GEN24_1032758","No other reason"
"GEN24_1032766","Business"
"GEN24_1032766","Holiday / vacation"
"GEN24_1032770","No other reason"
"GEN24_1032771","Holiday / vacation"
"GEN24_1032778","No other reason"
"GEN24_1032781","VFR"
"GEN24_1032785","Holiday / vacation"
"GEN24_1032787","No other reason"
"GEN24_1032794","Other"
"GEN24_1032800","VFR"
"GEN24_1032802","No other reason"
"GEN24_1032819","No other reason"
"GEN24_1032827","No other reason"
"GEN24_1032829","No other reason"
"GEN24_1032830","No other reason"
"GEN24_1032831","No other reason"
"GEN24_1032835","No other reason"
"GEN24_1032838","Other"
"GEN24_1032840","Holiday / vacation"
"GEN24_1032847","No other reason"
"GEN24_1032852","Holiday / vacation"
"GEN24_1032866","No other reason"
"GEN24_1032869","Holiday / vacation"
"GEN24_1032872","VFR"
"GEN24_1032873","No other reason"
"GEN24_1032874","No other reason"
"GEN24_1032876","No other reason"
"GEN24_1032881","No other reason"
"GEN24_1032887","Holiday / vacation"
"GEN24_1032889","No other reason"
"GEN24_1032890","Other"
"GEN24_1032893","No other reason"
"GEN24_1032907","No other reason"
"GEN24_1032908","Holiday / vacation"
"GEN24_1032910","Education"
"GEN24_1032913","No other reason"
"GEN24_1032925","No other reason"
"GEN24_1032926","No other reason"
"GEN24_1032931","Holiday / vacation"
"GEN24_1032933","Other"
"GEN24_1032934","VFR"
"GEN24_1032939","Other"
"GEN24_1032946","Holiday / vacation"
"GEN24_1032950","No other reason"
"GEN24_1032951","No other reason"
"GEN24_1032957","Holiday / vacation"
"GEN24_1032963","VFR"
"GEN24_1032964","No other reason"
"GEN24_1032966","VFR"
"GEN24_1032973","No other reason"
"GEN24_1032980","No other reason"
"GEN24_1032981","VFR"
"GEN24_1032997","No other reason"
"GEN24_1032998","No other reason"
"GEN24_1033000","No other reason"
"GEN24_1033002","No other reason"
"GEN24_1033007","No other reason"
"GEN24_1033010","Holiday / vacation"
"GEN24_1033011","Holiday / vacation"
"GEN24_1033016","No other reason"
"GEN24_1033019","Education"
"GEN24_1033024","Holiday / vacation"
"GEN24_1033026","Holiday / vacation"
"GEN24_1033044","VFR"
"GEN24_1033047","No other reason"
"GEN24_1033068","No other reason"
"GEN24_1033071","No other reason"
"GEN24_1033074","Other"
"GEN24_1033077","No other reason"
"GEN24_1033080","No other reason"
"GEN24_1033082","Holiday / vacation"
"GEN24_1033084","Other"
"GEN24_1033096","No other reason"
"GEN24_1033100","Holiday / vacation"
"GEN24_1033104","No other reason"
"GEN24_1033105","Holiday / vacation"
"GEN24_1033117","VFR"
"GEN24_1033132","No other reason"
"GEN24_1033133","No other reason"
"GEN24_1033134","VFR"
"GEN24_1033139","VFR"
"GEN24_1033140","VFR"
"GEN24_1033143","No other reason"
"GEN24_1033146","No other reason"
"GEN24_1033151","Other"
"GEN24_1033155","Holiday / vacation"
"GEN24_1033161","No other reason"
"GEN24_1033169","No other reason"
"GEN24_1033173","Other"
"GEN24_1033176","Education"
"GEN24_1033178","Holiday / vacation"
"GEN24_1033183","No other reason"
"GEN24_1033189","No other reason"
"GEN24_1033194","Other"
"GEN24_1033199","No other reason"
"GEN24_1033212","Business"
"GEN24_1033221","Holiday / vacation"
"GEN24_1033224","VFR"
"GEN24_1033248","Holiday / vacation"
"GEN24_1033250","No other reason"
"GEN24_1033257","Holiday / vacation"
"GEN24_1033258","Other"
"GEN24_1033260","No other reason"
"GEN24_1033262","No other reason"
"GEN24_1033263","No other reason"
"GEN24_1033266","No other reason"
"GEN24_1033267","No other reason"
"GEN24_1033269","Holiday / vacation"
"GEN24_1033274","Business"
"GEN24_1033274","Holiday / vacation"
"GEN24_1033275","No other reason"
"GEN24_1033290","Holiday / vacation"
"GEN24_1033299","VFR"
"GEN24_1033312","No other reason"
"GEN24_1033320","Holiday / vacation"
"GEN24_1033329","No other reason"
"GEN24_1033332","Business"
"GEN24_1033332","Education"
"GEN24_1033333","VFR"
"GEN24_1033335","Other"
"GEN24_1033336","Other"
"GEN24_1033337","No other reason"
"GEN24_1033338","Other"
"GEN24_1033342","VFR"
"GEN24_1033345","Holiday / vacation"
"GEN24_1033354","No other reason"
"GEN24_1033356","VFR"
"GEN24_1033357","Holiday / vacation"
"GEN24_1033361","No other reason"
"GEN24_1033384","Holiday / vacation"
"GEN24_1033411","Holiday / vacation"
"GEN24_1033414","Holiday / vacation"
"GEN24_1033418","No other reason"
"GEN24_1033421","No other reason"
"GEN24_1033422","No other reason"
"GEN24_1033428","No other reason"
"GEN24_1033436","Holiday / vacation"
"GEN24_1033438","No other reason"
"GEN24_1033440","Other"
"GEN24_1033441","VFR"
"GEN24_1033445","Other"
"GEN24_1033446","No other reason"
"GEN24_1033448","Other"
"GEN24_1033449","Other"
"GEN24_1033450","No other reason"
"GEN24_1033452","No other reason"
"GEN24_1033469","No other reason"
"GEN24_1033471","Other"
"GEN24_1033477","Holiday / vacation"
"GEN24_1033477","VFR"
"GEN24_1033481","Other"
"GEN24_1033482","Holiday / vacation"
"GEN24_1033486","No other reason"
"GEN24_1033488","No other reason"
"GEN24_1033489","No other reason"
"GEN24_1033490","Other"
"GEN24_1033493","Other"
"GEN24_1033502","Holiday / vacation"
"GEN24_1033505","VFR"
"GEN24_1033510","No other reason"
"GEN24_1033511","No other reason"
"GEN24_1033523","VFR"
"GEN24_1033524","No other reason"
"GEN24_1033525","Other"
"GEN24_1033528","No other reason"
"GEN24_1033529","Other"
"GEN24_1033534","No other reason"
"GEN24_1033553","Holiday / vacation"
"GEN24_1033563","Education"
"GEN24_1033565","No other reason"
"GEN24_1033571","Holiday / vacation"
"GEN24_1033572","Other"
"GEN24_1033578","Other"
"GEN24_1033579","No other reason"
"GEN24_1033601","Holiday / vacation"
"GEN24_1033602","Other"
"GEN24_1033605","No other reason"
"GEN24_1033607","Holiday / vacation"
"GEN24_1033616","Business"
"GEN24_1033620","Holiday / vacation"
"GEN24_1033629","Holiday / vacation"
"GEN24_1033637","Other"
"GEN24_1033641","Holiday / vacation"
"GEN24_1033642","Holiday / vacation"
"GEN24_1033658","Holiday / vacation"
"GEN24_1033665","No other reason"
"GEN24_1033667","Holiday / vacation"
"GEN24_1033674","Conference / convention"
"GEN24_1033675","Holiday / vacation"
"GEN24_1033676","Holiday / vacation"
"GEN24_1033679","No other reason"
"GEN24_1033680","No other reason"
"GEN24_1033683","Other"
"GEN24_1033684","No other reason"
"GEN24_1033687","No other reason"
"GEN24_1033693","Other"
"GEN24_1033696","No other reason"
"GEN24_1033712","No other reason"
"GEN24_1033716","VFR"
"GEN24_1033725","Business"
"GEN24_1033728","Holiday / vacation"
"GEN24_1033729","VFR"
"GEN24_1033730","VFR"
"GEN24_1033735","Other"
"GEN24_1033743","Other"
"GEN24_1033751","Other"
"GEN24_1033756","Holiday / vacation"
"GEN24_1033759","No other reason"
"GEN24_1033761","Holiday / vacation"
"GEN24_1033762","Holiday / vacation"
"GEN24_1033765","No other reason"
"GEN24_1033768","No other reason"
"GEN24_1033779","Holiday / vacation"
"GEN24_1033780","Holiday / vacation"
"GEN24_1033783","Holiday / vacation"
"GEN24_1033788","Holiday / vacation"
"GEN24_1033793","Holiday / vacation"
"GEN24_1033797","No other reason"
"GEN24_1033798","Education"
"GEN24_1033798","VFR"
"GEN24_1033802","No other reason"
"GEN24_1033811","Other"
"GEN24_1033812","Holiday / vacation"
"GEN24_1033816","No other reason"
"GEN24_1033825","Other"
"GEN24_1033827","No other reason"
"GEN24_1033828","Holiday / vacation"
"GEN24_1033833","VFR"
"GEN24_1033834","VFR"
"GEN24_1033849","No other reason"
"GEN24_1033851","Holiday / vacation"
"GEN24_1033856","Holiday / vacation"
"GEN24_1033871","No other reason"
"GEN24_1033872","No other reason"
"GEN24_1033882","No other reason"
"GEN24_1033884","No other reason"
"GEN24_1033886","No other reason"
"GEN24_1033889","No other reason"
"GEN24_1033890","No other reason"
"GEN24_1033896","No other reason"
"GEN24_1033902","Holiday / vacation"
"GEN24_1033904","No other reason"
"GEN24_1033908","Other"
"GEN24_1033912","Other"
"GEN24_1033914","No other reason"
"GEN24_1033916","No other reason"
"GEN24_1033917","Other"
"GEN24_1033919","No other reason"
"GEN24_1033922","Holiday / vacation"
"GEN24_1033922","VFR"
"GEN24_1033923","Education"
"GEN24_1033924","Holiday / vacation"
"GEN24_1033930","VFR"
"GEN24_1033932","Holiday / vacation"
"GEN24_1033958","Other"
"GEN24_1033966","Other"
"GEN24_1033969","No other reason"
"GEN24_1033974","VFR"
"GEN24_1033979","No other reason"
"GEN24_1033980","No other reason"
"GEN24_1033984","No other reason"
"GEN24_1033985","No other reason"
"GEN24_1033990","No other reason"
"GEN24_1034005","Other"
"GEN24_1034006","Other"
"GEN24_1034008","No other reason"
"GEN24_1034012","Other"
"GEN24_1034018","No other reason"
"GEN24_1034022","No other reason"
"GEN24_1034031","Other"
"GEN24_1034037","Holiday / vacation"
"GEN24_1034039","Holiday / vacation"
"GEN24_1034040","Other"
"GEN24_1034054","No other reason"
"GEN24_1034076","Other"
"GEN24_1034077","Other"
"GEN24_1034080","Other"
"GEN24_1034081","No other reason"
"GEN24_1034082","No other reason"
"GEN24_1034083","No other reason"
"GEN24_1034084","Holiday / vacation"
"GEN24_1034088","No other reason"
"GEN24_1034099","Holiday / vacation"
"GEN24_1034102","Holiday / vacation"
"GEN24_1034103","No other reason"
"GEN24_1034110","No other reason"
"GEN24_1034113","Holiday / vacation"
"GEN24_1034113","VFR"
"GEN24_1034114","No other reason"
"GEN24_1034115","Other"
"GEN24_1034116","No other reason"
"GEN24_1034121","Holiday / vacation"
"GEN24_1034122","Other"
"GEN24_1034125","Other"
"GEN24_1034131","No other reason"
"GEN24_1034132","No other reason"
"GEN24_1034134","Holiday / vacation"
"GEN24_1034136","Holiday / vacation"
"GEN24_1034137","Other"
"GEN24_1034141","VFR"
"GEN24_1034148","Other"
"GEN24_1034151","Holiday / vacation"
"GEN24_1034159","Holiday / vacation"
"GEN24_1034160","Other"
"GEN24_1034163","VFR"
"GEN24_1034166","Education"
"GEN24_1034167","No other reason"
"GEN24_1034173","Other"
"GEN24_1034176","Other"
"GEN24_1034179","VFR"
"GEN24_1034182","Holiday / vacation"
"GEN24_1034182","VFR"
"GEN24_1034184","No other reason"
"GEN24_1034187","No other reason"
"GEN24_1034198","Other"
"GEN24_1034205","VFR"
"GEN24_1034208","Other"
"GEN24_1034212","VFR"
"GEN24_1034219","No other reason"
"GEN24_1034220","No other reason"
"GEN24_1034222","No other reason"
"GEN24_1034226","Conference / convention"
"GEN24_1034228","Holiday / vacation"
"GEN24_1034235","No other reason"
"GEN24_1034238","Conference / convention"
"GEN24_1034239","Other"
"GEN24_1034253","Other"
"GEN24_1034282","Business"
"GEN24_1034286","No other reason"
"GEN24_1034287","Holiday / vacation"
"GEN24_1034295","No other reason"
"GEN24_1034303","Holiday / vacation"
"GEN24_1034310","Holiday / vacation"
"GEN24_1034312","Other"
"GEN24_1034319","No other reason"
"GEN24_1034320","No other reason"
"GEN24_1034321","Holiday / vacation"
"GEN24_1034323","Holiday / vacation"
"GEN24_1034327","No other reason"
"GEN24_1034331","No other reason"
"GEN24_1034335","Holiday / vacation"
"GEN24_1034336","No other reason"
"GEN24_1034338","VFR"
"GEN24_1034340","No other reason"
"GEN24_1034343","Holiday / vacation"
"GEN24_1034350","No other reason"
"GEN24_1034356","Holiday / vacation"
"GEN24_1034360","No other reason"
"GEN24_1034361","No other reason"
"GEN24_1034362","VFR"
"GEN24_1034382","No other reason"
"GEN24_1034389","No other reason"
"GEN24_1034392","Holiday / vacation"
"GEN24_1034393","Other"
"GEN24_1034396","Other"
"GEN24_1034398","Holiday / vacation"
"GEN24_1034406","No other reason"
"GEN24_1034407","Conference / convention"
"GEN24_1034410","Holiday / vacation"
"GEN24_1034411","VFR"
"GEN24_1034412","Other"
"GEN24_1034417","No other reason"
"GEN24_1034418","No other reason"
"GEN24_1034424","Holiday / vacation"
"GEN24_1034426","No other reason"
"GEN24_1034427","No other reason"
"GEN24_1034428","No other reason"
"GEN24_1034432","No other reason"
"GEN24_1034435","Conference / convention"
"GEN24_1034438","No other reason"
"GEN24_1034442","Holiday / vacation"
"GEN24_1034445","Holiday / vacation"
"GEN24_1034450","No other reason"
"GEN24_1034451","Business"
"GEN24_1034455","No other reason"
"GEN24_1034459","Holiday / vacation"
"GEN24_1034460","No other reason"
"GEN24_1034472","Other"
"GEN24_1034473","Business"
"GEN24_1034474","No other reason"
"GEN24_1034477","No other reason"
"GEN24_1034479","Holiday / vacation"
"GEN24_1034479","VFR"
"GEN24_1034480","No other reason"
"GEN24_1034484","No other reason"
"GEN24_1034485","No other reason"
"GEN24_1034493","VFR"
"GEN24_1034494","No other reason"
"GEN24_1034498","Holiday / vacation"
"GEN24_1034506","Education"
"GEN24_1034508","No other reason"
"GEN24_1034511","No other reason"
"GEN24_1034515","Holiday / vacation"
"GEN24_1034515","VFR"
"GEN24_1034522","Holiday / vacation"
"GEN24_1034531","No other reason"
"GEN24_1034537","No other reason"
"GEN24_1034542","No other reason"
"GEN24_1034556","Holiday / vacation"
"GEN24_1034557","Other"
"GEN24_1034558","Holiday / vacation"
"GEN24_1034561","Business"
"GEN24_1034562","VFR"
"GEN24_1034565","Holiday / vacation"
"GEN24_1034572","No other reason"
"GEN24_1034574","VFR"
"GEN24_1034585","Holiday / vacation"
"GEN24_1034587","No other reason"
"GEN24_1034590","No other reason"
"GEN24_1034591","No other reason"
"GEN24_1034598","VFR"
"GEN24_1034599","Holiday / vacation"
"GEN24_1034600","No other reason"
"GEN24_1034601","No other reason"
"GEN24_1034623","No other reason"
"GEN24_1034632","Holiday / vacation"
"GEN24_1034647","Holiday / vacation"
"GEN24_1034654","No other reason"
"GEN24_1034661","No other reason"
"GEN24_1034677","Holiday / vacation"
"GEN24_1034684","Holiday / vacation"
"GEN24_1034687","VFR"
"GEN24_1034692","Other"
"GEN24_1034693","Holiday / vacation"
"GEN24_1034702","No other reason"
"GEN24_1034713","No other reason"
"GEN24_1034716","No other reason"
"GEN24_1034725","VFR"
"GEN24_1034726","VFR"
"GEN24_1034732","No other reason"
"GEN24_1034743","Holiday / vacation"
"GEN24_1034747","VFR"
"GEN24_1034752","No other reason"
"GEN24_1034755","No other reason"
"GEN24_1034756","Holiday / vacation"
"GEN24_1034757","Holiday / vacation"
"GEN24_1034760","No other reason"
"GEN24_1034771","No other reason"
"GEN24_1034773","Other"
"GEN24_1034778","Other"
"GEN24_1034780","No other reason"
"GEN24_1034794","VFR"
"GEN24_1034809","No other reason"
"GEN24_1034811","Holiday / vacation"
"GEN24_1034812","Holiday / vacation"
"GEN24_1034820","No other reason"
"GEN24_1034827","No other reason"
"GEN24_1034831","VFR"
"GEN24_1034835","No other reason"
"GEN24_1034839","No other reason"
"GEN24_1034847","Holiday / vacation"
"GEN24_1034850","No other reason"
"GEN24_1034851","No other reason"
"GEN24_1034858","No other reason"
"GEN24_1034861","Holiday / vacation"
"GEN24_1034862","VFR"
"GEN24_1034872","Other"
"GEN24_1034875","No other reason"
"GEN24_1034876","Education"
"GEN24_1034877","No other reason"
"GEN24_1034882","No other reason"
"GEN24_1034892","No other reason"
"GEN24_1034896","Holiday / vacation"
"GEN24_1034900","Holiday / vacation"
"GEN24_1034900","Other"
"GEN24_1034904","No other reason"
"GEN24_1034906","Other"
"GEN24_1034909","Other"
"GEN24_1034909","VFR"
"GEN24_1034911","Holiday / vacation"
"GEN24_1034923","Other"
"GEN24_1034924","No other reason"
"GEN24_1034927","Other"
"GEN24_1034930","Other"
"GEN24_1034935","Business"
"GEN24_1034940","Holiday / vacation"
"GEN24_1034947","No other reason"
"GEN24_1034950","No other reason"
"GEN24_1034952","No other reason"
"GEN24_1034953","VFR"
"GEN24_1034958","No other reason"
"GEN24_1034961","VFR"
"GEN24_1034963","VFR"
"GEN24_1034969","Holiday / vacation"
"GEN24_1034970","Holiday / vacation"
"GEN24_1034981","Other"
"GEN24_1034989","No other reason"
"GEN24_1034991","Other"
"GEN24_1034996","Other"
"GEN24_1034999","No other reason"
"GEN24_1035001","Holiday / vacation"
"GEN24_1035008","No other reason"
"GEN24_1035022","Holiday / vacation"
"GEN24_1035023","VFR"
"GEN24_1035026","No other reason"
"GEN24_1035035","No other reason"
"GEN24_1035041","Holiday / vacation"
"GEN24_1035043","No other reason"
"GEN24_1035044","No other reason"
"GEN24_1035046","Conference / convention"
"GEN24_1035046","Other"
"GEN24_1035047","No other reason"
"GEN24_1035051","Holiday / vacation"
"GEN24_1035052","No other reason"
"GEN24_1035053","No other reason"
"GEN24_1035056","Holiday / vacation"
"GEN24_1035070","Other"
"GEN24_1035074","Holiday / vacation"
"GEN24_1035078","No other reason"
"GEN24_1035079","VFR"
"GEN24_1035082","No other reason"
"GEN24_1035085","No other reason"
"GEN24_1035087","VFR"
"GEN24_1035089","Other"
"GEN24_1035095","No other reason"
"GEN24_1035098","VFR"
"GEN24_1035099","No other reason"
"GEN24_1035102","Holiday / vacation"
"GEN24_1035103","Other"
"GEN24_1035104","Other"
"GEN24_1035105","No other reason"
"GEN24_1035106","VFR"
"GEN24_1035107","No other reason"
"GEN24_1035109","Other"
"GEN24_1035114","Holiday / vacation"
"GEN24_1035116","Holiday / vacation"
"GEN24_1035120","No other reason"
"GEN24_1035122","No other reason"
"GEN24_1035123","Other"
"GEN24_1035125","VFR"
"GEN24_1035126","Education"
"GEN24_1035127","Other"
"GEN24_1035128","No other reason"
"GEN24_1035130","VFR"
"GEN24_1035134","No other reason"
"GEN24_1035136","No other reason"
"GEN24_1035140","No other reason"
"GEN24_1035149","No other reason"
"GEN24_1035153","No other reason"
"GEN24_1035156","No other reason"
"GEN24_1035165","No other reason"
"GEN24_1035168","No other reason"
"GEN24_1035171","No other reason"
"GEN24_1035176","No other reason"
"GEN24_1035177","Holiday / vacation"
"GEN24_1035192","Other"
"GEN24_1035193","No other reason"
"GEN24_1035196","Other"
"GEN24_1035202","Holiday / vacation"
"GEN24_1035205","No other reason"
"GEN24_1035206","No other reason"
"GEN24_1035209","No other reason"
"GEN24_1035211","No other reason"
"GEN24_1035213","Business"
"GEN24_1035214","Holiday / vacation"
"GEN24_1035217","Conference / convention"
"GEN24_1035217","Education"
"GEN24_1035222","No other reason"
"GEN24_1035228","No other reason"
"GEN24_1035236","Holiday / vacation"
"GEN24_1035237","No other reason"
"GEN24_1035242","No other reason"
"GEN24_1035244","Other"
"GEN24_1035255","Other"
"GEN24_1035259","Holiday / vacation"
"GEN24_1035264","VFR"
"GEN24_1035270","Other"
"GEN24_1035271","VFR"
"GEN24_1035274","Conference / convention"
"GEN24_1035276","No other reason"
"GEN24_1035280","No other reason"
"GEN24_1035281","Holiday / vacation"
"GEN24_1035282","VFR"
"GEN24_1035286","Holiday / vacation"
"GEN24_1035289","No other reason"
"GEN24_1035294","No other reason"
"GEN24_1035312","No other reason"
"GEN24_1035313","Holiday / vacation"
"GEN24_1035316","No other reason"
"GEN24_1035324","No other reason"
"GEN24_1035325","No other reason"
"GEN24_1035327","No other reason"
"GEN24_1035328","Holiday / vacation"
"GEN24_1035334","VFR"
"GEN24_1035338","Other"
"GEN24_1035340","Other"
"GEN24_1035343","No other reason"
"GEN24_1035344","VFR"
"GEN24_1035349","No other reason"
"GEN24_1035353","Business"
"GEN24_1035355","No other reason"
"GEN24_1035363","VFR"
"GEN24_1035367","Holiday / vacation"
"GEN24_1035369","Holiday / vacation"
"GEN24_1035370","Holiday / vacation"
"GEN24_1035377","No other reason"
"GEN24_1035381","Business"
"GEN24_1035381","Holiday / vacation"
"GEN24_1035391","No other reason"
"GEN24_1035392","No other reason"
"GEN24_1035394","No other reason"
"GEN24_1035396","No other reason"
"GEN24_1035400","No other reason"
"GEN24_1035403","VFR"
"GEN24_1035411","Holiday / vacation"
"GEN24_1035412","No other reason"
"GEN24_1035424","VFR"
"GEN24_1035431","VFR"
"GEN24_1035432","No other reason"
"GEN24_1035433","No other reason"
"GEN24_1035438","No other reason"
"GEN24_1035445","No other reason"
"GEN24_1035448","VFR"
"GEN24_1035454","No other reason"
"GEN24_1035462","No other reason"
"GEN24_1035463","No other reason"
"GEN24_1035468","VFR"
"GEN24_1035473","Holiday / vacation"
"GEN24_1035476","No other reason"
"GEN24_1035484","Holiday / vacation"
"GEN24_1035485","Other"
"GEN24_1035490","No other reason"
"GEN24_1035492","Holiday / vacation"
"GEN24_1035496","No other reason"
"GEN24_1035497","Holiday / vacation"
"GEN24_1035497","Other"
"GEN24_1035500","No other reason"
"GEN24_1035506","VFR"
"GEN24_1035509","No other reason"
"GEN24_1035515","Education"
"GEN24_1035515","Holiday / vacation"
"GEN24_1035516","No other reason"
"GEN24_1035525","Other"
"GEN24_1035526","Conference / convention"
"GEN24_1035528","VFR"
"GEN24_1035532","No other reason"
"GEN24_1035533","Business"
"GEN24_1035537","Holiday / vacation"
"GEN24_1035539","Holiday / vacation"
"GEN24_1035546","No other reason"
"GEN24_1035547","Holiday / vacation"
"GEN24_1035548","No other reason"
"GEN24_1035549","Holiday / vacation"
"GEN24_1035552","VFR"
"GEN24_1035553","VFR"
"GEN24_1035554","Other"
"GEN24_1035556","Holiday / vacation"
"GEN24_1035558","No other reason"
"GEN24_1035559","No other reason"
"GEN24_1035570","Other"
"GEN24_1035584","VFR"
"GEN24_1035587","VFR"
"GEN24_1035597","Holiday / vacation"
"GEN24_1035600","No other reason"
"GEN24_1035601","Holiday / vacation"
"GEN24_1035602","Other"
"GEN24_1035608","No other reason"
"GEN24_1035612","No other reason"
"GEN24_1035621","No other reason"
"GEN24_1035622","Holiday / vacation"
"GEN24_1035625","No other reason"
"GEN24_1035626","Holiday / vacation"
"GEN24_1035631","Holiday / vacation"
"GEN24_1035636","VFR"
"GEN24_1035639","Holiday / vacation"
"GEN24_1035640","Holiday / vacation"
"GEN24_1035641","Other"
"GEN24_1035643","Holiday / vacation"
"GEN24_1035645","No other reason"
"GEN24_1035653","VFR"
"GEN24_1035654","No other reason"
"GEN24_1035656","No other reason"
"GEN24_1035659","No other reason"
"GEN24_1035663","No other reason"
"GEN24_1035671","No other reason"
"GEN24_1035686","Holiday / vacation"
"GEN24_1035694","Holiday / vacation"
"GEN24_1035695","Holiday / vacation"
"GEN24_1035697","VFR"
"GEN24_1035707","Holiday / vacation"
"GEN24_1035712","Holiday / vacation"
"GEN24_1035721","No other reason"
"GEN24_1035723","Business"
"GEN24_1035725","No other reason"
"GEN24_1035726","Holiday / vacation"
"GEN24_1035733","Holiday / vacation"
"GEN24_1035736","Holiday / vacation"
"GEN24_1035743","VFR"
"GEN24_1035747","Holiday / vacation"
"GEN24_1035749","No other reason"
"GEN24_1035750","No other reason"
"GEN24_1035751","No other reason"
"GEN24_1035758","No other reason"
"GEN24_1035762","No other reason"
"GEN24_1035764","No other reason"
"GEN24_1035773","No other reason"
"GEN24_1035779","Holiday / vacation"
"GEN24_1035782","Holiday / vacation"
"GEN24_1035782","VFR"
"GEN24_1035784","Business"
"GEN24_1035788","No other reason"
"GEN24_1035789","Holiday / vacation"
"GEN24_1035791","No other reason"
"GEN24_1035795","No other reason"
"GEN24_1035798","No other reason"
"GEN24_1035800","No other reason"
"GEN24_1035801","Holiday / vacation"
"GEN24_1035803","No other reason"
"GEN24_1035815","Holiday / vacation"
"GEN24_1035820","No other reason"
"GEN24_1035821","No other reason"
"GEN24_1035828","No other reason"
"GEN24_1035830","No other reason"
"GEN24_1035831","VFR"
"GEN24_1035836","Holiday / vacation"
"GEN24_1035846","No other reason"
"GEN24_1035859","No other reason"
"GEN24_1035865","No other reason"
"GEN24_1035866","No other reason"
"GEN24_1035868","VFR"
"GEN24_1035869","No other reason"
"GEN24_1035870","Other"
"GEN24_1035871","No other reason"
"GEN24_1035872","No other reason"
"GEN24_1035874","No other reason"
"GEN24_1035876","Holiday / vacation"
"GEN24_1035886","Education"
"GEN24_1035887","No other reason"
"GEN24_1035889","No other reason"
"GEN24_1035890","No other reason"
"GEN24_1035895","Holiday / vacation"
"GEN24_1035896","No other reason"
"GEN24_1035898","VFR"
"GEN24_1035908","No other reason"
"GEN24_1035913","No other reason"
"GEN24_1035919","Other"
"GEN24_1035923","No other reason"
"GEN24_1035925","VFR"
"GEN24_1035927","No other reason"
"GEN24_1035931","VFR"
"GEN24_1035933","No other reason"
"GEN24_1035936","Holiday / vacation"
"GEN24_1035938","No other reason"
"GEN24_1035940","Other"
"GEN24_1035943","No other reason"
"GEN24_1035944","No other reason"
"GEN24_1035953","No other reason"
"GEN24_1035954","No other reason"
"GEN24_1035959","No other reason"
"GEN24_1035960","Holiday / vacation"
"GEN24_1035969","No other reason"
"GEN24_1035970","No other reason"
"GEN24_1035972","Holiday / vacation"
"GEN24_1035973","No other reason"
"GEN24_1035974","Holiday / vacation"
"GEN24_1035977","VFR"
"GEN24_1035979","No other reason"
"GEN24_1035980","No other reason"
"GEN24_1035982","No other reason"
"GEN24_1035985","No other reason"
"GEN24_1035993","No other reason"
"GEN24_1035996","VFR"
"GEN24_1036002","Holiday / vacation"
"GEN24_1036003","No other reason"
"GEN24_1036009","Holiday / vacation"
"GEN24_1036022","Holiday / vacation"
"GEN24_1036023","No other reason"
"GEN24_1036029","VFR"
"GEN24_1036034","No other reason"
"GEN24_1036037","Holiday / vacation"
"GEN24_1036040","No other reason"
"GEN24_1036044","No other reason"
"GEN24_1036047","No other reason"
"GEN24_1036048","VFR"
"GEN24_1036049","VFR"
"GEN24_1036061","VFR"
"GEN24_1036062","VFR"
"GEN24_1036069","VFR"
"GEN24_1036072","Holiday / vacation"
"GEN24_1036076","No other reason"
"GEN24_1036081","No other reason"
"GEN24_1036084","Holiday / vacation"
"GEN24_1036085","No other reason"
"GEN24_1036089","No other reason"
"GEN24_1036090","No other reason"
"GEN24_1036093","No other reason"
"GEN24_1036094","No other reason"
"GEN24_1036096","Holiday / vacation"
"GEN24_1036104","Holiday / vacation"
"GEN24_1036105","No other reason"
"GEN24_1036108","No other reason"
"GEN24_1036110","VFR"
"GEN24_1036114","Holiday / vacation"
"GEN24_1036115","VFR"
"GEN24_1036116","VFR"
"GEN24_1036118","VFR"
"GEN24_1036124","Holiday / vacation"
"GEN24_1036132","No other reason"
"GEN24_1036146","Business"
"GEN24_1036159","No other reason"
"GEN24_1036161","Holiday / vacation"
"GEN24_1036164","No other reason"
"GEN24_1036166","No other reason"
"GEN24_1036169","Other"
"GEN24_1036173","VFR"
"GEN24_1036177","VFR"
"GEN24_1036180","No other reason"
"GEN24_1036183","Holiday / vacation"
"GEN24_1036187","No other reason"
"GEN24_1036190","Holiday / vacation"
"GEN24_1036194","No other reason"
"GEN24_1036195","No other reason"
"GEN24_1036198","No other reason"
"GEN24_1036203","Holiday / vacation"
"GEN24_1036204","No other reason"
"GEN24_1036206","No other reason"
"GEN24_1036209","No other reason"
"GEN24_1036211","No other reason"
"GEN24_1036215","Holiday / vacation"
"GEN24_1036215","VFR"
"GEN24_1036216","VFR"
"GEN24_1036218","No other reason"
"GEN24_1036220","No other reason"
"GEN24_1036223","Other"
"GEN24_1036224","Holiday / vacation"
"GEN24_1036227","No other reason"
"GEN24_1036234","Holiday / vacation"
"GEN24_1036239","No other reason"
"GEN24_1036250","Other"
"GEN24_1036251","No other reason"
"GEN24_1036266","Conference / convention"
"GEN24_1036270","Other"
"GEN24_1036274","No other reason"
"GEN24_1036275","Holiday / vacation"
"GEN24_1036276","No other reason"
"GEN24_1036285","VFR"
"GEN24_1036289","Holiday / vacation"
"GEN24_1036291","VFR"
"GEN24_1036293","No other reason"
"GEN24_1036294","No other reason"
"GEN24_1036299","No other reason"
"GEN24_1036301","No other reason"
"GEN24_1036302","No other reason"
"GEN24_1036320","No other reason"
"GEN24_1036322","Holiday / vacation"
"GEN24_1036323","No other reason"
"GEN24_1036327","No other reason"
"GEN24_1036346","Other"
"GEN24_1036350","Holiday / vacation"
"GEN24_1036354","Holiday / vacation"
"GEN24_1036375","Other"
"GEN24_1036379","VFR"
"GEN24_1036381","Holiday / vacation"
"GEN24_1036382","No other reason"
"GEN24_1036385","VFR"
"GEN24_1036392","No other reason"
"GEN24_1036402","VFR"
"GEN24_1036410","No other reason"
"GEN24_1036419","No other reason"
"GEN24_1036423","No other reason"
"GEN24_1036427","No other reason"
"GEN24_1036429","Holiday / vacation"
"GEN24_1036429","Other"
"GEN24_1036430","No other reason"
"GEN24_1036438","Business"
"GEN24_1036440","No other reason"
"GEN24_1036464","No other reason"
"GEN24_1036465","Holiday / vacation"
"GEN24_1036466","VFR"
"GEN24_1036497","Business"
"GEN24_1036502","VFR"
"GEN24_1036505","Holiday / vacation"
"GEN24_1036520","No other reason"
"GEN24_1036524","No other reason"
"GEN24_1036526","No other reason"
"GEN24_1036530","No other reason"
"GEN24_1036534","No other reason"
"GEN24_1036539","No other reason"
"GEN24_1036541","No other reason"
"GEN24_1036550","Holiday / vacation"
"GEN24_1036552","No other reason"
"GEN24_1036561","No other reason"
"GEN24_1036566","VFR"
"GEN24_1036570","No other reason"
"GEN24_1036573","Holiday / vacation"
"GEN24_1036574","No other reason"
"GEN24_1036576","No other reason"
"GEN24_1036588","VFR"
"GEN24_1036591","No other reason"
"GEN24_1036595","No other reason"
"GEN24_1036597","No other reason"
"GEN24_1036601","No other reason"
"GEN24_1036619","Holiday / vacation"
"GEN24_1036628","No other reason"
"GEN24_1036642","No other reason"
"GEN24_1036647","Holiday / vacation"
"GEN24_1036648","No other reason"
"GEN24_1036652","Holiday / vacation"
"GEN24_1036653","No other reason"
"GEN24_1036655","Holiday / vacation"
"GEN24_1036663","Business"
"GEN24_1036668","Holiday / vacation"
"GEN24_1036670","No other reason"
"GEN24_1036677","No other reason"
"GEN24_1036686","No other reason"
"GEN24_1036693","Other"
"GEN24_1036697","No other reason"
"GEN24_1036708","Other"
"GEN24_1036719","Holiday / vacation"
"GEN24_1036720","Conference / convention"
"GEN24_1036722","No other reason"
"GEN24_1036724","Holiday / vacation"
"GEN24_1036729","Holiday / vacation"
"GEN24_1036732","No other reason"
"GEN24_1036733","Holiday / vacation"
"GEN24_1036734","No other reason"
"GEN24_1036736","Holiday / vacation"
"GEN24_1036737","No other reason"
"GEN24_1036738","Holiday / vacation"
"GEN24_1036741","Business"
"GEN24_1036741","Education"
"GEN24_1036742","Other"
"GEN24_1036745","Holiday / vacation"
"GEN24_1036748","Holiday / vacation"
"GEN24_1036755","VFR"
"GEN24_1036760","Holiday / vacation"
"GEN24_1036763","No other reason"
"GEN24_1036768","No other reason"
"GEN24_1036771","Holiday / vacation"
"GEN24_1036775","No other reason"
"GEN24_1036777","No other reason"
"GEN24_1036778","No other reason"
"GEN24_1036780","No other reason"
"GEN24_1036783","No other reason"
"GEN24_1036787","No other reason"
"GEN24_1036792","No other reason"
"GEN24_1036798","Other"
"GEN24_1036806","VFR"
"GEN24_1036810","Holiday / vacation"
"GEN24_1036822","No other reason"
"GEN24_1036828","No other reason"
"GEN24_1036830","No other reason"
"GEN24_1036842","No other reason"
"GEN24_1036843","Holiday / vacation"
"GEN24_1036852","Other"
"GEN24_1036853","No other reason"
"GEN24_1036854","No other reason"
"GEN24_1036855","No other reason"
"GEN24_1036856","No other reason"
"GEN24_1036859","No other reason"
"GEN24_1036860","No other reason"
"GEN24_1036861","No other reason"
"GEN24_1036862","No other reason"
"GEN24_1036863","Holiday / vacation"
"GEN24_1036868","Holiday / vacation"
"GEN24_1036869","No other reason"
"GEN24_1036874","Other"
"GEN24_1036881","No other reason"
"GEN24_1036882","No other reason"
"GEN24_1036885","Business"
"GEN24_1036886","Other"
"GEN24_1036887","No other reason"
"GEN24_1036889","No other reason"
"GEN24_1036893","Education"
"GEN24_1036905","No other reason"
"GEN24_1036909","Business"
"GEN24_1036909","Education"
"GEN24_1036909","Holiday / vacation"
"GEN24_1036913","VFR"
"GEN24_1036917","No other reason"
"GEN24_1036918","No other reason"
"GEN24_1036943","Holiday / vacation"
"GEN24_1036946","No other reason"
"GEN24_1036947","No other reason"
"GEN24_1036949","No other reason"
"GEN24_1036951","No other reason"
"GEN24_1036952","VFR"
"GEN24_1036954","VFR"
"GEN24_1036960","No other reason"
"GEN24_1036962","No other reason"
"GEN24_1036963","No other reason"
"GEN24_1036969","Holiday / vacation"
"GEN24_1036971","Other"
"GEN24_1036973","Holiday / vacation"
"GEN24_1036974","Holiday / vacation"
"GEN24_1036979","No other reason"
"GEN24_1036984","Holiday / vacation"
"GEN24_1036992","VFR"
"GEN24_1036994","No other reason"
"GEN24_1037000","No other reason"
"GEN24_1037001","No other reason"
"GEN24_1037004","No other reason"
"GEN24_1037008","Other"
"GEN24_1037009","No other reason"
"GEN24_1037010","No other reason"
"GEN24_1037011","Holiday / vacation"
"GEN24_1037018","No other reason"
"GEN24_1037028","No other reason"
"GEN24_1037029","VFR"
"GEN24_1037037","No other reason"
"GEN24_1037041","No other reason"
"GEN24_1037043","No other reason"
"GEN24_1037047","Business"
"GEN24_1037049","Holiday / vacation"
"GEN24_1037055","Holiday / vacation"
"GEN24_1037055","VFR"
"GEN24_1037059","No other reason"
"GEN24_1037060","No other reason"
"GEN24_1037064","No other reason"
"GEN24_1037066","No other reason"
"GEN24_1037069","No other reason"
"GEN24_1037078","VFR"
"GEN24_1037082","No other reason"
"GEN24_1037088","VFR"
"GEN24_1037090","VFR"
"GEN24_1037091","No other reason"
"GEN24_1037095","No other reason"
"GEN24_1037096","Holiday / vacation"
"GEN24_1037100","No other reason"
"GEN24_1037118","Holiday / vacation"
"GEN24_1037122","Holiday / vacation"
"GEN24_1037123","Holiday / vacation"
"GEN24_1037124","Holiday / vacation"
"GEN24_1037130","No other reason"
"GEN24_1037132","VFR"
"GEN24_1037137","No other reason"
"GEN24_1037148","No other reason"
"GEN24_1037153","No other reason"
"GEN24_1037156","No other reason"
"GEN24_1037157","No other reason"
"GEN24_1037161","VFR"
"GEN24_1037166","No other reason"
"GEN24_1037167","VFR"
"GEN24_1037169","VFR"
"GEN24_1037170","No other reason"
"GEN24_1037174","No other reason"
"GEN24_1037182","No other reason"
"GEN24_1037184","No other reason"
"GEN24_1037185","No other reason"
"GEN24_1037189","No other reason"
"GEN24_1037190","Business"
"GEN24_1037190","Holiday / vacation"
"GEN24_1037191","Business"
"GEN24_1037193","No other reason"
"GEN24_1037196","No other reason"
"GEN24_1037203","No other reason"
"GEN24_1037206","No other reason"
"GEN24_1037214","No other reason"
"GEN24_1037216","No other reason"
"GEN24_1037223","No other reason"
"GEN24_1037224","No other reason"
"GEN24_1037225","Holiday / vacation"
"GEN24_1037230","No other reason"
"GEN24_1037231","Other"
"GEN24_1037233","No other reason"
"GEN24_1037235","No other reason"
"GEN24_1037236","No other reason"
"GEN24_1037237","Holiday / vacation"
"GEN24_1037238","No other reason"
"GEN24_1037239","No other reason"
"GEN24_1037241","Other"
"GEN24_1037241","VFR"
"GEN24_1037242","Holiday / vacation"
"GEN24_1037242","Other"
"GEN24_1037246","No other reason"
"GEN24_1037247","Business"
"GEN24_1037249","No other reason"
"GEN24_1037250","No other reason"
"GEN24_1037259","Other"
"GEN24_1037260","Holiday / vacation"
"GEN24_1037261","Conference / convention"
"GEN24_1037263","No other reason"
"GEN24_1037266","Holiday / vacation"
"GEN24_1037269","No other reason"
"GEN24_1037270","No other reason"
"GEN24_1037277","No other reason"
"GEN24_1037280","Holiday / vacation"
"GEN24_1037285","No other reason"
"GEN24_1037297","Holiday / vacation"
"GEN24_1037302","No other reason"
"GEN24_1037303","No other reason"
"GEN24_1037306","VFR"
"GEN24_1037310","VFR"
"GEN24_1037317","Holiday / vacation"
"GEN24_1037329","Holiday / vacation"
"GEN24_1037336","Holiday / vacation"
"GEN24_1037338","No other reason"
"GEN24_1037341","VFR"
"GEN24_1037342","Holiday / vacation"
"GEN24_1037345","No other reason"
"GEN24_1037349","Conference / convention"
"GEN24_1037357","No other reason"
"GEN24_1037362","Holiday / vacation"
"GEN24_1037362","VFR"
"GEN24_1037367","No other reason"
"GEN24_1037373","No other reason"
"GEN24_1037382","Holiday / vacation"
"GEN24_1037390","No other reason"
"GEN24_1037391","No other reason"
"GEN24_1037396","No other reason"
"GEN24_1037399","No other reason"
"GEN24_1037410","Holiday / vacation"
"GEN24_1037412","Holiday / vacation"
"GEN24_1037414","No other reason"
"GEN24_1037417","Holiday / vacation"
"GEN24_1037418","No other reason"
"GEN24_1037423","No other reason"
"GEN24_1037425","No other reason"
"GEN24_1037427","No other reason"
"GEN24_1037431","No other reason"
"GEN24_1037432","No other reason"
"GEN24_1037439","No other reason"
"GEN24_1037445","Other"
"GEN24_1037453","Holiday / vacation"
"GEN24_1037459","Holiday / vacation"
"GEN24_1037460","Holiday / vacation"
"GEN24_1037463","No other reason"
"GEN24_1037464","Other"
"GEN24_1037471","No other reason"
"GEN24_1037474","No other reason"
"GEN24_1037480","Holiday / vacation"
"GEN24_1037483","No other reason"
"GEN24_1037484","No other reason"
"GEN24_1037488","Education"
"GEN24_1037491","No other reason"
"GEN24_1037493","Holiday / vacation"
"GEN24_1037494","No other reason"
"GEN24_1037495","Other"
"GEN24_1037502","No other reason"
"GEN24_1037507","No other reason"
"GEN24_1037512","No other reason"
"GEN24_1037517","No other reason"
"GEN24_1037518","No other reason"
"GEN24_1037523","No other reason"
"GEN24_1037531","No other reason"
"GEN24_1037538","No other reason"
"GEN24_1037553","No other reason"
"GEN24_1037555","Holiday / vacation"
"GEN24_1037560","No other reason"
"GEN24_1037562","No other reason"
"GEN24_1037565","No other reason"
"GEN24_1037576","Holiday / vacation"
"GEN24_1037578","Business"
"GEN24_1037582","Holiday / vacation"
"GEN24_1037583","Other"
"GEN24_1037584","No other reason"
"GEN24_1037589","VFR"
"GEN24_1037590","No other reason"
"GEN24_1037593","No other reason"
"GEN24_1037595","Holiday / vacation"
"GEN24_1037599","Holiday / vacation"
"GEN24_1037602","Holiday / vacation"
"GEN24_1037610","No other reason"
"GEN24_1037612","No other reason"
"GEN24_1037614","No other reason"
"GEN24_1037618","No other reason"
"GEN24_1037621","Education"
"GEN24_1037624","Other"
"GEN24_1037629","No other reason"
"GEN24_1037630","No other reason"
"GEN24_1037641","No other reason"
"GEN24_1037648","No other reason"
"GEN24_1037650","Other"
"GEN24_1037653","No other reason"
"GEN24_1037655","VFR"
"GEN24_1037664","No other reason"
"GEN24_1037666","No other reason"
"GEN24_1037671","Holiday / vacation"
"GEN24_1037673","VFR"
"GEN24_1037674","No other reason"
"GEN24_1037685","Holiday / vacation"
"GEN24_1037686","No other reason"
"GEN24_1037689","Business"
"GEN24_1037690","Education"
"GEN24_1037690","Holiday / vacation"
"GEN24_1037693","Holiday / vacation"
"GEN24_1037696","VFR"
"GEN24_1037697","No other reason"
"GEN24_1037698","Holiday / vacation"
"GEN24_1037700","No other reason"
"GEN24_1037701","Holiday / vacation"
"GEN24_1037708","No other reason"
"GEN24_1037710","Holiday / vacation"
"GEN24_1037718","VFR"
"GEN24_1037720","Holiday / vacation"
"GEN24_1037727","No other reason"
"GEN24_1037728","No other reason"
"GEN24_1037731","Holiday / vacation"
"GEN24_1037732","No other reason"
"GEN24_1037739","No other reason"
"GEN24_1037745","Holiday / vacation"
"GEN24_1037752","VFR"
"GEN24_1037756","No other reason"
"GEN24_1037760","No other reason"
"GEN24_1037762","Holiday / vacation"
"GEN24_1037763","No other reason"
"GEN24_1037772","VFR"
"GEN24_1037782","VFR"
"GEN24_1037796","No other reason"
"GEN24_1037797","No other reason"
"GEN24_1037801","No other reason"
"GEN24_1037802","Holiday / vacation"
"GEN24_1037803","No other reason"
"GEN24_1037812","VFR"
"GEN24_1037819","No other reason"
"GEN24_1037822","Holiday / vacation"
"GEN24_1037823","Holiday / vacation"
"GEN24_1037824","No other reason"
"GEN24_1037831","No other reason"
"GEN24_1037838","No other reason"
"GEN24_1037839","Holiday / vacation"
"GEN24_1037848","No other reason"
"GEN24_1037850","Holiday / vacation"
"GEN24_1037851","Conference / convention"
"GEN24_1037852","Holiday / vacation"
"GEN24_1037856","No other reason"
"GEN24_1037857","Holiday / vacation"
"GEN24_1037862","No other reason"
"GEN24_1037863","No other reason"
"GEN24_1037867","No other reason"
"GEN24_1037868","VFR"
"GEN24_1037879","VFR"
"GEN24_1037887","No other reason"
"GEN24_1037888","No other reason"
"GEN24_1037890","Education"
"GEN24_1037891","No other reason"
"GEN24_1037893","No other reason"
"GEN24_1037895","VFR"
"GEN24_1037907","Business"
"GEN24_1037913","No other reason"
"GEN24_1037919","VFR"
"GEN24_1037924","No other reason"
"GEN24_1037930","No other reason"
"GEN24_1037932","Holiday / vacation"
"GEN24_1037945","VFR"
"GEN24_1037951","No other reason"
"GEN24_1037953","No other reason"
"GEN24_1037959","Holiday / vacation"
"GEN24_1037962","No other reason"
"GEN24_1037965","Holiday / vacation"
"GEN24_1037966","No other reason"
"GEN24_1037967","No other reason"
"GEN24_1037969","No other reason"
"GEN24_1037972","No other reason"
"GEN24_1037975","Business"
"GEN24_1037975","Holiday / vacation"
"GEN24_1037985","No other reason"
"GEN24_1037988","Other"
"GEN24_1037988","VFR"
"GEN24_1037989","No other reason"
"GEN24_1037994","Holiday / vacation"
"GEN24_1037997","Holiday / vacation"
"GEN24_1038000","No other reason"
"GEN24_1038002","VFR"
"GEN24_1038008","No other reason"
"GEN24_1038013","No other reason"
"GEN24_1038019","No other reason"
"GEN24_1038020","No other reason"
"GEN24_1038021","Holiday / vacation"
"GEN24_1038024","Holiday / vacation"
"GEN24_1038030","No other reason"
"GEN24_1038039","No other reason"
"GEN24_1038044","No other reason"
"GEN24_1038050","No other reason"
"GEN24_1038058","Other"
"GEN24_1038059","No other reason"
"GEN24_1038067","No other reason"
"GEN24_1038068","VFR"
"GEN24_1038075","Holiday / vacation"
"GEN24_1038078","No other reason"
"GEN24_1038079","No other reason"
"GEN24_1038082","Holiday / vacation"
"GEN24_1038083","Other"
"GEN24_1038100","VFR"
"GEN24_1038102","No other reason"
"GEN24_1038105","VFR"
"GEN24_1038107","Holiday / vacation"
"GEN24_1038111","No other reason"
"GEN24_1038112","VFR"
"GEN24_1038114","No other reason"
"GEN24_1038115","No other reason"
"GEN24_1038117","Other"
"GEN24_1038119","No other reason"
"GEN24_1038122","No other reason"
"GEN24_1038123","Holiday / vacation"
"GEN24_1038124","No other reason"
"GEN24_1038129","No other reason"
"GEN24_1038138","No other reason"
"GEN24_1038147","VFR"
"GEN24_1038150","No other reason"
"GEN24_1038163","Education"
"GEN24_1038166","No other reason"
"GEN24_1038167","VFR"
"GEN24_1038168","No other reason"
"GEN24_1038178","VFR"
"GEN24_1038191","Holiday / vacation"
"GEN24_1038193","No other reason"
"GEN24_1038197","Holiday / vacation"
"GEN24_1038200","Holiday / vacation"
"GEN24_1038217","No other reason"
"GEN24_1038218","No other reason"
"GEN24_1038219","No other reason"
"GEN24_1038233","VFR"
"GEN24_1038238","Holiday / vacation"
"GEN24_1038246","No other reason"
"GEN24_1038253","No other reason"
"GEN24_1038254","Holiday / vacation"
"GEN24_1038256","No other reason"
"GEN24_1038262","No other reason"
"GEN24_1038264","Conference / convention"
"GEN24_1038266","No other reason"
"GEN24_1038276","No other reason"
"GEN24_1038280","Holiday / vacation"
"GEN24_1038283","VFR"
"GEN24_1038285","No other reason"
"GEN24_1038291","VFR"
"GEN24_1038294","Holiday / vacation"
"GEN24_1038295","No other reason"
"GEN24_1038297","Holiday / vacation"
"GEN24_1038307","No other reason"
"GEN24_1038309","VFR"
"GEN24_1038314","No other reason"
"GEN24_1038317","VFR"
"GEN24_1038318","No other reason"
"GEN24_1038326","VFR"
"GEN24_1038328","Holiday / vacation"
"GEN24_1038329","No other reason"
"GEN24_1038334","No other reason"
"GEN24_1038335","VFR"
"GEN24_1038342","No other reason"
"GEN24_1038357","No other reason"
"GEN24_1038363","No other reason"
"GEN24_1038374","VFR"
"GEN24_1038377","No other reason"
"GEN24_1038378","No other reason"
"GEN24_1038382","Business"
"GEN24_1038382","VFR"
"GEN24_1038383","Other"
"GEN24_1038385","No other reason"
"GEN24_1038386","Holiday / vacation"
"GEN24_1038394","No other reason"
"GEN24_1038395","Holiday / vacation"
"GEN24_1038397","No other reason"
"GEN24_1038400","No other reason"
"GEN24_1038404","No other reason"
"GEN24_1038405","No other reason"
"GEN24_1038411","No other reason"
"GEN24_1038412","No other reason"
"GEN24_1038425","No other reason"
"GEN24_1038427","VFR"
"GEN24_1038438","VFR"
"GEN24_1038443","No other reason"
"GEN24_1038446","No other reason"
"GEN24_1038461","No other reason"
"GEN24_1038463","VFR"
"GEN24_1038464","VFR"
"GEN24_1038471","No other reason"
"GEN24_1038476","Other"
"GEN24_1038477","No other reason"
"GEN24_1038478","No other reason"
"GEN24_1038483","No other reason"
"GEN24_1038497","Business"
"GEN24_1038498","Other"
"GEN24_1038512","No other reason"
"GEN24_1038513","No other reason"
"GEN24_1038514","No other reason"
"GEN24_1038521","No other reason"
"GEN24_1038525","No other reason"
"GEN24_1038526","Holiday / vacation"
"GEN24_1038540","No other reason"
"GEN24_1038543","No other reason"
"GEN24_1038545","No other reason"
"GEN24_1038547","No other reason"
"GEN24_1038554","No other reason"
"GEN24_1038558","Holiday / vacation"
"GEN24_1038559","No other reason"
"GEN24_1038561","VFR"
"GEN24_1038573","Holiday / vacation"
"GEN24_1038575","No other reason"
"GEN24_1038591","No other reason"
"GEN24_1038593","No other reason"
"GEN24_1038596","Holiday / vacation"
"GEN24_1038605","No other reason"
"GEN24_1038614","Education"
"GEN24_1038614","Holiday / vacation"
"GEN24_1038626","No other reason"
"GEN24_1038627","No other reason"
"GEN24_1038628","No other reason"
"GEN24_1038631","No other reason"
"GEN24_1038632","No other reason"
"GEN24_1038636","No other reason"
"GEN24_1038638","VFR"
"GEN24_1038640","No other reason"
"GEN24_1038643","No other reason"
"GEN24_1038645","No other reason"
"GEN24_1038652","Holiday / vacation"
"GEN24_1038654","Other"
"GEN24_1038664","No other reason"
"GEN24_1038667","No other reason"
"GEN24_1038671","VFR"
"GEN24_1038674","No other reason"
"GEN24_1038686","No other reason"
"GEN24_1038689","Other"
"GEN24_1038694","No other reason"
"GEN24_1038695","No other reason"
"GEN24_1038698","No other reason"
"GEN24_1038707","No other reason"
"GEN24_1038710","No other reason"
"GEN24_1038711","Holiday / vacation"
"GEN24_1038714","Holiday / vacation"
"GEN24_1038716","No other reason"
"GEN24_1038719","Holiday / vacation"
"GEN24_1038723","VFR"
"GEN24_1038731","No other reason"
"GEN24_1038733","VFR"
"GEN24_1038734","No other reason"
"GEN24_1038735","No other reason"
"GEN24_1038736","No other reason"
"GEN24_1038742","No other reason"
"GEN24_1038743","No other reason"
"GEN24_1038747","No other reason"
"GEN24_1038751","VFR"
"GEN24_1038756","Holiday / vacation"
"GEN24_1038757","VFR"
"GEN24_1038762","No other reason"
"GEN24_1038764","Holiday / vacation"
"GEN24_1038766","No other reason"
"GEN24_1038769","Other"
"GEN24_1038773","Holiday / vacation"
"GEN24_1038775","Business"
"GEN24_1038781","VFR"
"GEN24_1038782","No other reason"
"GEN24_1038787","Holiday / vacation"
"GEN24_1038789","Conference / convention"
"GEN24_1038792","VFR"
"GEN24_1038796","Other"
"GEN24_1038799","No other reason"
"GEN24_1038802","No other reason"
"GEN24_1038803","No other reason"
"GEN24_1038804","Holiday / vacation"
"GEN24_1038805","VFR"
"GEN24_1038813","Holiday / vacation"
"GEN24_1038815","Other"
"GEN24_1038819","No other reason"
"GEN24_1038820","No other reason"
"GEN24_1038829","No other reason"
"GEN24_1038839","No other reason"
"GEN24_1038841","Education"
"GEN24_1038841","Other"
"GEN24_1038842","No other reason"
"GEN24_1038845","No other reason"
"GEN24_1038851","Conference / convention"
"GEN24_1038856","Conference / convention"
"GEN24_1038857","Conference / convention"
"GEN24_1038867","VFR"
"GEN24_1038881","Holiday / vacation"
"GEN24_1038887","No other reason"
"GEN24_1038892","No other reason"
"GEN24_1038900","Other"
"GEN24_1038902","No other reason"
"GEN24_1038903","No other reason"
"GEN24_1038904","No other reason"
"GEN24_1038906","No other reason"
"GEN24_1038910","No other reason"
"GEN24_1038913","No other reason"
"GEN24_1038914","Holiday / vacation"
"GEN24_1038916","No other reason"
"GEN24_1038920","Holiday / vacation"
"GEN24_1038921","No other reason"
"GEN24_1038922","Conference / convention"
"GEN24_1038922","VFR"
"GEN24_1038925","VFR"
"GEN24_1038928","No other reason"
"GEN24_1038930","No other reason"
"GEN24_1038936","Business"
"GEN24_1038936","VFR"
"GEN24_1038938","Holiday / vacation"
"GEN24_1038941","No other reason"
"GEN24_1038945","No other reason"
"GEN24_1038957","VFR"
"GEN24_1038958","No other reason"
"GEN24_1038974","VFR"
"GEN24_1038980","No other reason"
"GEN24_1038982","No other reason"
"GEN24_1038985","No other reason"
"GEN24_1038987","No other reason"
"GEN24_1038988","Business"
"GEN24_1038989","No other reason"
"GEN24_1038991","No other reason"
"GEN24_1038993","No other reason"
"GEN24_1038994","VFR"
"GEN24_1038996","No other reason"
"GEN24_1038997","Other"
"GEN24_1039001","No other reason"
"GEN24_1039027","Other"
"GEN24_1039033","Holiday / vacation"
"GEN24_1039038","Other"
"GEN24_1039039","No other reason"
"GEN24_1039043","No other reason"
"GEN24_1039044","No other reason"
"GEN24_1039045","No other reason"
"GEN24_1039047","No other reason"
"GEN24_1039048","No other reason"
"GEN24_1039051","Other"
"GEN24_1039058","No other reason"
"GEN24_1039067","No other reason"
"GEN24_1039069","No other reason"
"GEN24_1039076","No other reason"
"GEN24_1039082","No other reason"
"GEN24_1039085","No other reason"
"GEN24_1039087","Holiday / vacation"
"GEN24_1039089","No other reason"
"GEN24_1039093","No other reason"
"GEN24_1039097","No other reason"
"GEN24_1039098","VFR"
"GEN24_1039099","Holiday / vacation"
"GEN24_1039103","No other reason"
"GEN24_1039104","No other reason"
"GEN24_1039109","No other reason"
"GEN24_1039112","No other reason"
"GEN24_1039116","Holiday / vacation"
"GEN24_1039116","Other"
"GEN24_1039117","No other reason"
"GEN24_1039119","No other reason"
"GEN24_1039121","Holiday / vacation"
"GEN24_1039123","No other reason"
"GEN24_1039127","No other reason"
"GEN24_1039129","Holiday / vacation"
"GEN24_1039130","No other reason"
"GEN24_1039132","Holiday / vacation"
"GEN24_1039133","No other reason"
"GEN24_1039137","VFR"
"GEN24_1039138","No other reason"
"GEN24_1039139","No other reason"
"GEN24_1039140","No other reason"
"GEN24_1039141","Other"
"GEN24_1039142","Holiday / vacation"
"GEN24_1039148","No other reason"
"GEN24_1039167","No other reason"
"GEN24_1039186","No other reason"
"GEN24_1039201","No other reason"
"GEN24_1039203","No other reason"
"GEN24_1039204","Other"
"GEN24_1039205","No other reason"
"GEN24_1039207","VFR"
"GEN24_1039208","No other reason"
"GEN24_1039211","No other reason"
"GEN24_1039213","No other reason"
"GEN24_1039221","No other reason"
"GEN24_1039228","No other reason"
"GEN24_1039232","No other reason"
"GEN24_1039238","VFR"
"GEN24_1039243","No other reason"
"GEN24_1039244","Holiday / vacation"
"GEN24_1039250","VFR"
"GEN24_1039251","No other reason"
"GEN24_1039255","No other reason"
"GEN24_1039264","Holiday / vacation"
"GEN24_1039271","VFR"
"GEN24_1039278","No other reason"
"GEN24_1039279","No other reason"
"GEN24_1039280","Holiday / vacation"
"GEN24_1039281","No other reason"
"GEN24_1039283","No other reason"
"GEN24_1039291","VFR"
"GEN24_1039309","No other reason"
"GEN24_1039311","No other reason"
"GEN24_1039312","Holiday / vacation"
"GEN24_1039312","Other"
"GEN24_1039322","Holiday / vacation"
"GEN24_1039325","No other reason"
"GEN24_1039327","No other reason"
"GEN24_1039329","No other reason"
"GEN24_1039331","No other reason"
"GEN24_1039343","Business"
"GEN24_1039346","No other reason"
"GEN24_1039351","Other"
"GEN24_1039356","No other reason"
"GEN24_1039361","No other reason"
"GEN24_1039362","No other reason"
"GEN24_1039363","No other reason"
"GEN24_1039369","No other reason"
"GEN24_1039376","No other reason"
"GEN24_1039378","Conference / convention"
"GEN24_1039385","No other reason"
"GEN24_1039398","Education"
"GEN24_1039404","Holiday / vacation"
"GEN24_1039406","Holiday / vacation"
"GEN24_1039407","No other reason"
"GEN24_1039415","Holiday / vacation"
"GEN24_1039416","VFR"
"GEN24_1039424","No other reason"
"GEN24_1039425","Holiday / vacation"
"GEN24_1039427","No other reason"
"GEN24_1039428","No other reason"
"GEN24_1039447","No other reason"
"GEN24_1039452","No other reason"
"GEN24_1039456","Holiday / vacation"
"GEN24_1039458","No other reason"
"GEN24_1039463","No other reason"
"GEN24_1039464","VFR"
"GEN24_1039467","No other reason"
"GEN24_1039471","No other reason"
"GEN24_1039474","No other reason"
"GEN24_1039483","No other reason"
"GEN24_1039486","No other reason"
"GEN24_1039487","VFR"
"GEN24_1039490","No other reason"
"GEN24_1039505","No other reason"
"GEN24_1039508","VFR"
"GEN24_1039511","No other reason"
"GEN24_1039516","No other reason"
"GEN24_1039517","Holiday / vacation"
"GEN24_1039517","VFR"
"GEN24_1039518","VFR"
"GEN24_1039520","No other reason"
"GEN24_1039524","Education"
"GEN24_1039526","Holiday / vacation"
"GEN24_1039530","No other reason"
"GEN24_1039532","No other reason"
"GEN24_1039540","No other reason"
"GEN24_1039542","No other reason"
"GEN24_1039550","No other reason"
"GEN24_1039558","VFR"
"GEN24_1039561","No other reason"
"GEN24_1039563","VFR"
"GEN24_1039565","No other reason"
"GEN24_1039566","No other reason"
"GEN24_1039568","VFR"
"GEN24_1039573","VFR"
"GEN24_1039581","Holiday / vacation"
"GEN24_1039589","Other"
"GEN24_1039596","No other reason"
"GEN24_1039604","No other reason"
"GEN24_1039608","Holiday / vacation"
"GEN24_1039620","No other reason"
"GEN24_1039622","No other reason"
"GEN24_1039627","No other reason"
"GEN24_1039633","Holiday / vacation"
"GEN24_1039634","Holiday / vacation"
"GEN24_1039636","Holiday / vacation"
"GEN24_1039643","No other reason"
"GEN24_1039650","Holiday / vacation"
"GEN24_1039653","Holiday / vacation"
"GEN24_1039655","No other reason"
"GEN24_1039656","No other reason"
"GEN24_1039661","Holiday / vacation"
"GEN24_1039666","VFR"
"GEN24_1039669","Holiday / vacation"
"GEN24_1039670","Business"
"GEN24_1039671","Holiday / vacation"
"GEN24_1039677","Holiday / vacation"
"GEN24_1039680","Other"
"GEN24_1039684","No other reason"
"GEN24_1039685","No other reason"
"GEN24_1039692","Holiday / vacation"
"GEN24_1039695","No other reason"
"GEN24_1039696","No other reason"
"GEN24_1039699","No other reason"
"GEN24_1039701","No other reason"
"GEN24_1039702","VFR"
"GEN24_1039710","Holiday / vacation"
"GEN24_1039710","VFR"
"GEN24_1039719","No other reason"
"GEN24_1039722","Holiday / vacation"
"GEN24_1039724","Holiday / vacation"
"GEN24_1039727","No other reason"
"GEN24_1039729","VFR"
"GEN24_1039731","No other reason"
"GEN24_1039737","No other reason"
"GEN24_1039738","No other reason"
"GEN24_1039741","Holiday / vacation"
"GEN24_1039744","VFR"
"GEN24_1039746","No other reason"
"GEN24_1039747","No other reason"
"GEN24_1039750","No other reason"
"GEN24_1039757","VFR"
"GEN24_1039758","No other reason"
"GEN24_1039760","No other reason"
"GEN24_1039768","Business"
"GEN24_1039786","No other reason"
"GEN24_1039792","Holiday / vacation"
"GEN24_1039794","No other reason"
"GEN24_1039807","Holiday / vacation"
"GEN24_1039810","No other reason"
"GEN24_1039819","No other reason"
"GEN24_1039820","No other reason"
"GEN24_1039827","VFR"
"GEN24_1039833","No other reason"
"GEN24_1039836","No other reason"
"GEN24_1039837","No other reason"
"GEN24_1039838","No other reason"
"GEN24_1039841","VFR"
"GEN24_1039842","Holiday / vacation"
"GEN24_1039852","No other reason"
"GEN24_1039853","Business"
"GEN24_1039855","No other reason"
"GEN24_1039856","VFR"
"GEN24_1039857","No other reason"
"GEN24_1039863","No other reason"
"GEN24_1039872","No other reason"
"GEN24_1039873","No other reason"
"GEN24_1039874","No other reason"
"GEN24_1039876","No other reason"
"GEN24_1039877","Other"
"GEN24_1039883","Conference / convention"
"GEN24_1039890","No other reason"
"GEN24_1039906","No other reason"
"GEN24_1039919","VFR"
"GEN24_1039920","No other reason"
"GEN24_1039930","No other reason"
"GEN24_1039933","No other reason"
"GEN24_1039935","Holiday / vacation"
"GEN24_1039937","No other reason"
"GEN24_1039938","No other reason"
"GEN24_1039939","Other"
"GEN24_1039940","Holiday / vacation"
"GEN24_1039942","VFR"
"GEN24_1039950","No other reason"
"GEN24_1039953","No other reason"
"GEN24_1039956","No other reason"
"GEN24_1039961","Holiday / vacation"
"GEN24_1039963","No other reason"
"GEN24_1039968","VFR"
"GEN24_1039970","No other reason"
"GEN24_1039974","Holiday / vacation"
"GEN24_1039975","No other reason"
"GEN24_1039983","VFR"
"GEN24_1039984","Holiday / vacation"
"GEN24_1039985","No other reason"
"GEN24_1039988","Other"
"GEN24_1039990","VFR"
"GEN24_1039992","No other reason"
"GEN24_1039993","Holiday / vacation"
"GEN24_1039994","No other reason"
"GEN24_1039995","No other reason"
"GEN24_1039998","Holiday / vacation"
"GEN24_1040000","Other"
"GEN24_1040001","No other reason"
"GEN24_1040010","No other reason"
"GEN24_1040011","No other reason"
"GEN24_1040013","Education"
"GEN24_1040014","VFR"
"GEN24_1040017","Holiday / vacation"
"GEN24_1040018","No other reason"
"GEN24_1040019","VFR"
"GEN24_1040021","No other reason"
"GEN24_1040022","No other reason"
"GEN24_1040024","No other reason"
"GEN24_1040027","No other reason"
"GEN24_1040031","No other reason"
"GEN24_1040036","No other reason"
"GEN24_1040037","Other"
"GEN24_1040046","No other reason"
"GEN24_1040050","VFR"
"GEN24_1040051","Holiday / vacation"
"GEN24_1040052","Holiday / vacation"
"GEN24_1040055","No other reason"
"GEN24_1040063","No other reason"
"GEN24_1040065","Other"
"GEN24_1040070","No other reason"
"GEN24_1040074","No other reason"
"GEN24_1040079","No other reason"
"GEN24_1040081","No other reason"
"GEN24_1040082","No other reason"
"GEN24_1040087","VFR"
"GEN24_1040089","No other reason"
"GEN24_1040101","VFR"
"GEN24_1040109","No other reason"
"GEN24_1040111","Holiday / vacation"
"GEN24_1040121","No other reason"
"GEN24_1040122","Holiday / vacation"
"GEN24_1040124","Holiday / vacation"
"GEN24_1040126","No other reason"
"GEN24_1040127","No other reason"
"GEN24_1040128","No other reason"
"GEN24_1040129","Holiday / vacation"
"GEN24_1040130","Business"
"GEN24_1040139","Other"
"GEN24_1040143","VFR"
"GEN24_1040152","Other"
"GEN24_1040152","VFR"
"GEN24_1040166","No other reason"
"GEN24_1040167","No other reason"
"GEN24_1040183","No other reason"
"GEN24_1040186","No other reason"
"GEN24_1040187","Holiday / vacation"
"GEN24_1040189","No other reason"
"GEN24_1040190","No other reason"
"GEN24_1040205","No other reason"
"GEN24_1040208","No other reason"
"GEN24_1040209","VFR"
"GEN24_1040216","VFR"
"GEN24_1040229","No other reason"
"GEN24_1040230","Holiday / vacation"
"GEN24_1040237","No other reason"
"GEN24_1040245","Other"
"GEN24_1040249","Holiday / vacation"
"GEN24_1040251","No other reason"
"GEN24_1040252","No other reason"
"GEN24_1040253","No other reason"
"GEN24_1040272","No other reason"
"GEN24_1040277","Holiday / vacation"
"GEN24_1040279","No other reason"
"GEN24_1040280","No other reason"
"GEN24_1040282","No other reason"
"GEN24_1040283","Holiday / vacation"
"GEN24_1040284","Holiday / vacation"
"GEN24_1040285","No other reason"
"GEN24_1040296","Holiday / vacation"
"GEN24_1040297","No other reason"
"GEN24_1040299","Other"
"GEN24_1040302","Other"
"GEN24_1040308","No other reason"
"GEN24_1040314","No other reason"
"GEN24_1040315","Holiday / vacation"
"GEN24_1040320","No other reason"
"GEN24_1040324","No other reason"
"GEN24_1040329","Holiday / vacation"
"GEN24_1040331","No other reason"
"GEN24_1040332","Business"
"GEN24_1040336","No other reason"
"GEN24_1040337","Holiday / vacation"
"GEN24_1040340","No other reason"
"GEN24_1040345","No other reason"
"GEN24_1040346","No other reason"
"GEN24_1040347","No other reason"
"GEN24_1040354","Conference / convention"
"GEN24_1040356","VFR"
"GEN24_1040357","VFR"
"GEN24_1040364","Holiday / vacation"
"GEN24_1040366","No other reason"
"GEN24_1040368","No other reason"
"GEN24_1040369","Other"
"GEN24_1040371","Education"
"GEN24_1040380","No other reason"
"GEN24_1040384","No other reason"
"GEN24_1040388","Holiday / vacation"
"GEN24_1040389","VFR"
"GEN24_1040394","Holiday / vacation"
"GEN24_1040409","No other reason"
"GEN24_1040418","VFR"
"GEN24_1040435","Holiday / vacation"
"GEN24_1040439","No other reason"
"GEN24_1040446","No other reason"
"GEN24_1040467","No other reason"
"GEN24_1040474","VFR"
"GEN24_1040484","No other reason"
"GEN24_1040486","No other reason"
"GEN24_1040491","VFR"
"GEN24_1040493","No other reason"
"GEN24_1040494","VFR"
"GEN24_1040501","No other reason"
"GEN24_1040515","VFR"
"GEN24_1040521","No other reason"
"GEN24_1040522","No other reason"
"GEN24_1040525","No other reason"
"GEN24_1040529","No other reason"
"GEN24_1040534","No other reason"
"GEN24_1040537","Holiday / vacation"
"GEN24_1040541","Holiday / vacation"
"GEN24_1040546","No other reason"
"GEN24_1040550","No other reason"
"GEN24_1040560","No other reason"
"GEN24_1040564","Holiday / vacation"
"GEN24_1040572","No other reason"
"GEN24_1040573","Business"
"GEN24_1040583","VFR"
"GEN24_1040589","Holiday / vacation"
"GEN24_1040599","No other reason"
"GEN24_1040606","Holiday / vacation"
"GEN24_1040608","VFR"
"GEN24_1040615","Holiday / vacation"
"GEN24_1040620","No other reason"
"GEN24_1040621","Holiday / vacation"
"GEN24_1040642","VFR"
"GEN24_1040644","No other reason"
"GEN24_1040655","Holiday / vacation"
"GEN24_1040659","Holiday / vacation"
"GEN24_1040660","VFR"
"GEN24_1040663","No other reason"
"GEN24_1040664","No other reason"
"GEN24_1040667","No other reason"
"GEN24_1040672","No other reason"
"GEN24_1040673","Other"
"GEN24_1040674","Conference / convention"
"GEN24_1040677","Other"
"GEN24_1040680","No other reason"
"GEN24_1040682","Holiday / vacation"
"GEN24_1040688","VFR"
"GEN24_1040691","No other reason"
"GEN24_1040693","No other reason"
"GEN24_1040694","No other reason"
"GEN24_1040696","Education"
"GEN24_1040699","No other reason"
"GEN24_1040701","VFR"
"GEN24_1040702","No other reason"
"GEN24_1040703","No other reason"
"GEN24_1040704","Education"
"GEN24_1040705","No other reason"
"GEN24_1040707","No other reason"
"GEN24_1040709","VFR"
"GEN24_1040714","No other reason"
"GEN24_1040716","Education"
"GEN24_1040732","Holiday / vacation"
"GEN24_1040736","No other reason"
"GEN24_1040748","VFR"
"GEN24_1040751","No other reason"
"GEN24_1040754","No other reason"
"GEN24_1040755","No other reason"
"GEN24_1040756","No other reason"
"GEN24_1040759","Holiday / vacation"
"GEN24_1040760","No other reason"
"GEN24_1040762","No other reason"
"GEN24_1040763","Holiday / vacation"
"GEN24_1040767","No other reason"
"GEN24_1040768","No other reason"
"GEN24_1040771","Education"
"GEN24_1040776","No other reason"
"GEN24_1040777","No other reason"
"GEN24_1040785","VFR"
"GEN24_1040786","No other reason"
"GEN24_1040789","Holiday / vacation"
"GEN24_1040791","VFR"
"GEN24_1040792","Holiday / vacation"
"GEN24_1040795","Holiday / vacation"
"GEN24_1040803","No other reason"
"GEN24_1040804","No other reason"
"GEN24_1040812","No other reason"
"GEN24_1040814","Holiday / vacation"
"GEN24_1040814","VFR"
"GEN24_1040825","Holiday / vacation"
"GEN24_1040829","No other reason"
"GEN24_1040835","VFR"
"GEN24_1040836","No other reason"
"GEN24_1040837","No other reason"
"GEN24_1040839","No other reason"
"GEN24_1040843","No other reason"
"GEN24_1040844","VFR"
"GEN24_1040847","No other reason"
"GEN24_1040848","Other"
"GEN24_1040861","No other reason"
"GEN24_1040862","Holiday / vacation"
"GEN24_1040863","Business"
"GEN24_1040868","VFR"
"GEN24_1040869","Business"
"GEN24_1040871","Holiday / vacation"
"GEN24_1040872","No other reason"
"GEN24_1040873","No other reason"
"GEN24_1040876","No other reason"
"GEN24_1040878","No other reason"
"GEN24_1040882","No other reason"
"GEN24_1040885","No other reason"
"GEN24_1040886","No other reason"
"GEN24_1040891","No other reason"
"GEN24_1040893","No other reason"
"GEN24_1040894","No other reason"
"GEN24_1040895","No other reason"
"GEN24_1040896","Education"
"GEN24_1040899","Holiday / vacation"
"GEN24_1040900","No other reason"
"GEN24_1040901","No other reason"
"GEN24_1040908","Education"
"GEN24_1040914","No other reason"
"GEN24_1040924","Holiday / vacation"
"GEN24_1040926","Holiday / vacation"
"GEN24_1040927","VFR"
"GEN24_1040929","No other reason"
"GEN24_1040931","No other reason"
"GEN24_1040939","No other reason"
"GEN24_1040943","Holiday / vacation"
"GEN24_1040946","Holiday / vacation"
"GEN24_1040947","No other reason"
"GEN24_1040948","No other reason"
"GEN24_1040979","VFR"
"GEN24_1040986","No other reason"
"GEN24_1040988","Holiday / vacation"
"GEN24_1040993","No other reason"
"GEN24_1040998","VFR"
"GEN24_1041005","No other reason"
"GEN24_1041008","Holiday / vacation"
"GEN24_1041011","VFR"
"GEN24_1041017","No other reason"
"GEN24_1041018","Holiday / vacation"
"GEN24_1041021","No other reason"
"GEN24_1041023","Holiday / vacation"
"GEN24_1041027","No other reason"
"GEN24_1041030","No other reason"
"GEN24_1041031","No other reason"
"GEN24_1041037","Business"
"GEN24_1041037","VFR"
"GEN24_1041038","No other reason"
"GEN24_1041043","No other reason"
"GEN24_1041044","Holiday / vacation"
"GEN24_1041045","No other reason"
"GEN24_1041046","Holiday / vacation"
"GEN24_1041055","No other reason"
"GEN24_1041077","No other reason"
"GEN24_1041078","No other reason"
"GEN24_1041079","VFR"
"GEN24_1041080","No other reason"
"GEN24_1041084","Holiday / vacation"
"GEN24_1041094","Holiday / vacation"
"GEN24_1041096","No other reason"
"GEN24_1041097","Conference / convention"
"GEN24_1041099","No other reason"
"GEN24_1041103","Holiday / vacation"
"GEN24_1041105","No other reason"
"GEN24_1041115","No other reason"
"GEN24_1041116","No other reason"
"GEN24_1041125","No other reason"
"GEN24_1041126","No other reason"
"GEN24_1041128","No other reason"
"GEN24_1041133","No other reason"
"GEN24_1041134","VFR"
"GEN24_1041139","No other reason"
"GEN24_1041140","Holiday / vacation"
"GEN24_1041143","No other reason"
"GEN24_1041144","No other reason"
"GEN24_1041145","No other reason"
"GEN24_1041148","VFR"
"GEN24_1041150","No other reason"
"GEN24_1041152","Holiday / vacation"
"GEN24_1041154","No other reason"
"GEN24_1041156","Holiday / vacation"
"GEN24_1041159","No other reason"
"GEN24_1041160","No other reason"
"GEN24_1041161","No other reason"
"GEN24_1041162","VFR"
"GEN24_1041164","No other reason"
"GEN24_1041168","No other reason"
"GEN24_1041169","No other reason"
"GEN24_1041171","Other"
"GEN24_1041175","Holiday / vacation"
"GEN24_1041181","Business"
"GEN24_1041182","No other reason"
"GEN24_1041188","No other reason"
"GEN24_1041194","No other reason"
"GEN24_1041199","No other reason"
"GEN24_1041201","No other reason"
"GEN24_1041205","No other reason"
"GEN24_1041212","Holiday / vacation"
"GEN24_1041213","No other reason"
"GEN24_1041217","Holiday / vacation"
"GEN24_1041224","Other"
"GEN24_1041225","No other reason"
"GEN24_1041231","No other reason"
"GEN24_1041232","Conference / convention"
"GEN24_1041237","VFR"
"GEN24_1041243","Holiday / vacation"
"GEN24_1041244","No other reason"
"GEN24_1041246","Holiday / vacation"
"GEN24_1041248","No other reason"
"GEN24_1041251","Holiday / vacation"
"GEN24_1041253","No other reason"
"GEN24_1041254","No other reason"
"GEN24_1041256","Conference / convention"
"GEN24_1041261","No other reason"
"GEN24_1041265","No other reason"
"GEN24_1041267","Education"
"GEN24_1041267","Other"
"GEN24_1041269","Education"
"GEN24_1041269","Other"
"GEN24_1041272","VFR"
"GEN24_1041276","No other reason"
"GEN24_1041279","No other reason"
"GEN24_1041280","No other reason"
"GEN24_1041282","No other reason"
"GEN24_1041284","No other reason"
"GEN24_1041285","No other reason"
"GEN24_1041286","Holiday / vacation"
"GEN24_1041290","No other reason"
"GEN24_1041291","No other reason"
"GEN24_1041292","VFR"
"GEN24_1041297","No other reason"
"GEN24_1041305","No other reason"
"GEN24_1041306","No other reason"
"GEN24_1041308","No other reason"
"GEN24_1041316","No other reason"
"GEN24_1041322","No other reason"
"GEN24_1041329","No other reason"
"GEN24_1041330","No other reason"
"GEN24_1041336","No other reason"
"GEN24_1041339","Holiday / vacation"
"GEN24_1041340","Business"
"GEN24_1041346","VFR"
"GEN24_1041347","No other reason"
"GEN24_1041361","No other reason"
"GEN24_1041362","No other reason"
"GEN24_1041365","VFR"
"GEN24_1041366","Holiday / vacation"
"GEN24_1041369","No other reason"
"GEN24_1041374","VFR"
"GEN24_1041381","No other reason"
"GEN24_1041383","Other"
"GEN24_1041384","No other reason"
"GEN24_1041391","Other"
"GEN24_1041392","No other reason"
"GEN24_1041393","Holiday / vacation"
"GEN24_1041400","Other"
"GEN24_1041401","No other reason"
"GEN24_1041402","No other reason"
"GEN24_1041404","Holiday / vacation"
"GEN24_1041408","Holiday / vacation"
"GEN24_1041410","No other reason"
"GEN24_1041416","No other reason"
"GEN24_1041421","No other reason"
"GEN24_1041424","Holiday / vacation"
"GEN24_1041430","Other"
"GEN24_1041432","No other reason"
"GEN24_1041436","No other reason"
"GEN24_1041437","VFR"
"GEN24_1041450","No other reason"
"GEN24_1041456","VFR"
"GEN24_1041460","VFR"
"GEN24_1041471","Other"
"GEN24_1041473","No other reason"
"GEN24_1041483","Holiday / vacation"
"GEN24_1041485","No other reason"
"GEN24_1041489","No other reason"
"GEN24_1041491","Other"
"GEN24_1041492","No other reason"
"GEN24_1041499","Holiday / vacation"
"GEN24_1041501","VFR"
"GEN24_1041502","Education"
"GEN24_1041506","Holiday / vacation"
"GEN24_1041527","No other reason"
"GEN24_1041528","No other reason"
"GEN24_1041541","No other reason"
"GEN24_1041542","Holiday / vacation"
"GEN24_1041542","VFR"
"GEN24_1041550","No other reason"
"GEN24_1041559","No other reason"
"GEN24_1041565","No other reason"
"GEN24_1041569","Holiday / vacation"
"GEN24_1041571","No other reason"
"GEN24_1041572","No other reason"
"GEN24_1041578","No other reason"
"GEN24_1041589","No other reason"
"GEN24_1041593","Holiday / vacation"
"GEN24_1041595","Education"
"GEN24_1041598","VFR"
"GEN24_1041603","No other reason"
"GEN24_1041609","Education"
"GEN24_1041616","No other reason"
"GEN24_1041628","No other reason"
"GEN24_1041630","No other reason"
"GEN24_1041631","No other reason"
"GEN24_1041634","No other reason"
"GEN24_1041652","Holiday / vacation"
"GEN24_1041654","No other reason"
"GEN24_1041663","No other reason"
"GEN24_1041669","No other reason"
"GEN24_1041672","VFR"
"GEN24_1041675","Business"
"GEN24_1041677","VFR"
"GEN24_1041678","No other reason"
"GEN24_1041681","No other reason"
"GEN24_1041682","Other"
"GEN24_1041684","VFR"
"GEN24_1041689","Holiday / vacation"
"GEN24_1041690","No other reason"
"GEN24_1041691","Holiday / vacation"
"GEN24_1041692","No other reason"
"GEN24_1041693","VFR"
"GEN24_1041698","Business"
"GEN24_1041699","Holiday / vacation"
"GEN24_1041700","VFR"
"GEN24_1041701","VFR"
"GEN24_1041703","Holiday / vacation"
"GEN24_1041706","No other reason"
"GEN24_1041711","No other reason"
"GEN24_1041712","No other reason"
"GEN24_1041716","No other reason"
"GEN24_1041728","No other reason"
"GEN24_1041729","No other reason"
"GEN24_1041738","No other reason"
"GEN24_1041739","No other reason"
"GEN24_1041741","No other reason"
"GEN24_1041745","VFR"
"GEN24_1041755","No other reason"
"GEN24_1041760","Holiday / vacation"
"GEN24_1041761","Holiday / vacation"
"GEN24_1041766","Holiday / vacation"
"GEN24_1041768","No other reason"
"GEN24_1041769","Holiday / vacation"
"GEN24_1041770","VFR"
"GEN24_1041775","No other reason"
"GEN24_1041778","No other reason"
"GEN24_1041780","Conference / convention"
"GEN24_1041785","No other reason"
"GEN24_1041791","No other reason"
"GEN24_1041807","No other reason"
"GEN24_1041812","No other reason"
"GEN24_1041815","No other reason"
"GEN24_1041821","No other reason"
"GEN24_1041822","No other reason"
"GEN24_1041824","No other reason"
"GEN24_1041825","Holiday / vacation"
"GEN24_1041830","No other reason"
"GEN24_1041831","No other reason"
"GEN24_1041834","No other reason"
"GEN24_1041836","No other reason"
"GEN24_1041839","Holiday / vacation"
"GEN24_1041844","No other reason"
"GEN24_1041846","Holiday / vacation"
"GEN24_1041848","VFR"
"GEN24_1041851","No other reason"
"GEN24_1041868","No other reason"
"GEN24_1041869","Conference / convention"
"GEN24_1041870","No other reason"
"GEN24_1041871","VFR"
"GEN24_1041879","No other reason"
"GEN24_1041881","No other reason"
"GEN24_1041884","No other reason"
"GEN24_1041886","No other reason"
"GEN24_1041894","No other reason"
"GEN24_1041904","VFR"
"GEN24_1041906","Holiday / vacation"
"GEN24_1041907","VFR"
"GEN24_1041908","No other reason"
"GEN24_1041909","No other reason"
"GEN24_1041910","No other reason"
"GEN24_1041911","VFR"
"GEN24_1041913","No other reason"
"GEN24_1041914","VFR"
"GEN24_1041916","No other reason"
"GEN24_1041918","No other reason"
"GEN24_1041925","VFR"
"GEN24_1041927","No other reason"
"GEN24_1041928","No other reason"
"GEN24_1041936","VFR"
"GEN24_1041941","No other reason"
"GEN24_1041942","Other"
"GEN24_1041948","No other reason"
"GEN24_1041952","No other reason"
"GEN24_1041953","Holiday / vacation"
"GEN24_1041956","No other reason"
"GEN24_1041957","No other reason"
"GEN24_1041959","No other reason"
"GEN24_1041961","Holiday / vacation"
"GEN24_1041962","Holiday / vacation"
"GEN24_1041964","No other reason"
"GEN24_1041965","No other reason"
"GEN24_1041969","No other reason"
"GEN24_1041970","No other reason"
"GEN24_1041971","No other reason"
"GEN24_1041985","Holiday / vacation"
"GEN24_1041987","No other reason"
"GEN24_1041989","VFR"
"GEN24_1041990","No other reason"
"GEN24_1042004","No other reason"
"GEN24_1042009","Holiday / vacation"
"GEN24_1042011","No other reason"
"GEN24_1042013","No other reason"
"GEN24_1042014","VFR"
"GEN24_1042016","No other reason"
"GEN24_1042024","No other reason"
"GEN24_1042025","No other reason"
"GEN24_1042026","VFR"
"GEN24_1042027","Holiday / vacation"
"GEN24_1042029","VFR"
"GEN24_1042033","Business"
"GEN24_1042044","Holiday / vacation"
"GEN24_1042050","No other reason"
"GEN24_1042055","No other reason"
"GEN24_1042061","No other reason"
"GEN24_1042071","No other reason"
"GEN24_1042082","No other reason"
"GEN24_1042092","No other reason"
"GEN24_1042094","VFR"
"GEN24_1042095","Holiday / vacation"
"GEN24_1042099","VFR"
"GEN24_1042103","No other reason"
"GEN24_1042107","Holiday / vacation"
"GEN24_1042109","No other reason"
"GEN24_1042111","Other"
"GEN24_1042116","No other reason"
"GEN24_1042118","VFR"
"GEN24_1042120","No other reason"
"GEN24_1042122","Conference / convention"
"GEN24_1042124","No other reason"
"GEN24_1042129","VFR"
"GEN24_1042130","VFR"
"GEN24_1042135","No other reason"
"GEN24_1042138","Holiday / vacation"
"GEN24_1042141","No other reason"
"GEN24_1042142","No other reason"
"GEN24_1042148","No other reason"
"GEN24_1042153","No other reason"
"GEN24_1042157","Holiday / vacation"
"GEN24_1042158","No other reason"
"GEN24_1042166","No other reason"
"GEN24_1042170","No other reason"
"GEN24_1042191","No other reason"
"GEN24_1042193","No other reason"
"GEN24_1042196","No other reason"
"GEN24_1042198","VFR"
"GEN24_1042200","Holiday / vacation"
"GEN24_1042201","No other reason"
"GEN24_1042202","No other reason"
"GEN24_1042207","VFR"
"GEN24_1042210","No other reason"
"GEN24_1042214","No other reason"
"GEN24_1042223","No other reason"
"GEN24_1042234","Holiday / vacation"
"GEN24_1042244","No other reason"
"GEN24_1042245","No other reason"
"GEN24_1042246","Holiday / vacation"
"GEN24_1042247","No other reason"
"GEN24_1042270","No other reason"
"GEN24_1042271","No other reason"
"GEN24_1042274","No other reason"
"GEN24_1042276","No other reason"
"GEN24_1042277","No other reason"
"GEN24_1042278","VFR"
"GEN24_1042285","No other reason"
"GEN24_1042286","VFR"
"GEN24_1042299","No other reason"
"GEN24_1042301","No other reason"
"GEN24_1042309","No other reason"
"GEN24_1042312","No other reason"
"GEN24_1042316","No other reason"
"GEN24_1042317","No other reason"
"GEN24_1042319","No other reason"
"GEN24_1042320","Holiday / vacation"
"GEN24_1042330","Holiday / vacation"
"GEN24_1042338","No other reason"
"GEN24_1042339","No other reason"
"GEN24_1042341","No other reason"
"GEN24_1042345","No other reason"
"GEN24_1042350","No other reason"
"GEN24_1042361","Other"
"GEN24_1042362","No other reason"
"GEN24_1042368","No other reason"
"GEN24_1042377","No other reason"
"GEN24_1042379","No other reason"
"GEN24_1042383","No other reason"
"GEN24_1042390","Other"
"GEN24_1042391","Holiday / vacation"
"GEN24_1042402","No other reason"
"GEN24_1042404","No other reason"
"GEN24_1042406","VFR"
"GEN24_1042410","No other reason"
"GEN24_1042414","No other reason"
"GEN24_1042415","Holiday / vacation"
"GEN24_1042420","No other reason"
"GEN24_1042426","No other reason"
"GEN24_1042431","VFR"
"GEN24_1042432","VFR"
"GEN24_1042439","No other reason"
"GEN24_1042441","No other reason"
"GEN24_1042448","No other reason"
"GEN24_1042449","No other reason"
"GEN24_1042452","VFR"
"GEN24_1042462","No other reason"
"GEN24_1042465","No other reason"
"GEN24_1042474","VFR"
"GEN24_1042478","No other reason"
"GEN24_1042481","No other reason"
"GEN24_1042483","Holiday / vacation"
"GEN24_1042492","No other reason"
"GEN24_1042493","Holiday / vacation"
"GEN24_1042500","No other reason"
"GEN24_1042502","Holiday / vacation"
"GEN24_1042505","VFR"
"GEN24_1042514","No other reason"
"GEN24_1042531","No other reason"
"GEN24_1042533","No other reason"
"GEN24_1042537","Holiday / vacation"
"GEN24_1042538","Holiday / vacation"
"GEN24_1042541","No other reason"
"GEN24_1042542","No other reason"
"GEN24_1042554","No other reason"
"GEN24_1042556","No other reason"
"GEN24_1042557","VFR"
"GEN24_1042558","No other reason"
"GEN24_1042561","No other reason"
"GEN24_1042562","No other reason"
"GEN24_1042570","No other reason"
"GEN24_1042574","No other reason"
"GEN24_1042578","VFR"
"GEN24_1042585","Business"
"GEN24_1042589","No other reason"
"GEN24_1042609","No other reason"
"GEN24_1042610","No other reason"
"GEN24_1042616","No other reason"
"GEN24_1042617","No other reason"
"GEN24_1042618","No other reason"
"GEN24_1042623","VFR"
"GEN24_1042624","VFR"
"GEN24_1042628","No other reason"
"GEN24_1042630","Holiday / vacation"
"GEN24_1042631","No other reason"
"GEN24_1042638","No other reason"
"GEN24_1042642","No other reason"
"GEN24_1042645","No other reason"
"GEN24_1042646","No other reason"
"GEN24_1042648","No other reason"
"GEN24_1042649","No other reason"
"GEN24_1042655","No other reason"
"GEN24_1042659","Holiday / vacation"
"GEN24_1042665","VFR"
"GEN24_1042672","Holiday / vacation"
"GEN24_1042674","No other reason"
"GEN24_1042681","No other reason"
"GEN24_1042686","Holiday / vacation"
"GEN24_1042688","No other reason"
"GEN24_1042708","No other reason"
"GEN24_1042709","No other reason"
"GEN24_1042717","No other reason"
"GEN24_1042721","No other reason"
"GEN24_1042723","No other reason"
"GEN24_1042732","No other reason"
"GEN24_1042735","No other reason"
"GEN24_1042767","Holiday / vacation"
"GEN24_1042775","Holiday / vacation"
"GEN24_1042779","No other reason"
"GEN24_1042785","No other reason"
"GEN24_1042790","Holiday / vacation"
"GEN24_1042791","No other reason"
"GEN24_1042792","VFR"
"GEN24_1042797","No other reason"
"GEN24_1042800","Business"
"GEN24_1042812","Holiday / vacation"
"GEN24_1042820","No other reason"
"GEN24_1042824","No other reason"
"GEN24_1042825","Holiday / vacation"
"GEN24_1042827","No other reason"
"GEN24_1042828","VFR"
"GEN24_1042829","No other reason"
"GEN24_1042832","No other reason"
"GEN24_1042838","Holiday / vacation"
"GEN24_1042840","Holiday / vacation"
"GEN24_1042842","Holiday / vacation"
"GEN24_1042844","VFR"
"GEN24_1042850","No other reason"
"GEN24_1042852","No other reason"
"GEN24_1042854","No other reason"
"GEN24_1042855","No other reason"
"GEN24_1042856","No other reason"
"GEN24_1042859","No other reason"
"GEN24_1042862","VFR"
"GEN24_1042867","No other reason"
"GEN24_1042869","No other reason"
"GEN24_1042878","No other reason"
"GEN24_1042879","Holiday / vacation"
"GEN24_1042884","No other reason"
"GEN24_1042893","Holiday / vacation"
"GEN24_1042894","No other reason"
"GEN24_1042895","Holiday / vacation"
"GEN24_1042897","Holiday / vacation"
"GEN24_1042901","No other reason"
"GEN24_1042907","No other reason"
"GEN24_1042908","VFR"
"GEN24_1042909","No other reason"
"GEN24_1042911","VFR"
"GEN24_1042914","No other reason"
"GEN24_1042920","No other reason"
"GEN24_1042921","Holiday / vacation"
"GEN24_1042924","No other reason"
"GEN24_1042928","No other reason"
"GEN24_1042929","No other reason"
"GEN24_1042932","No other reason"
"GEN24_1042933","No other reason"
"GEN24_1042935","VFR"
"GEN24_1042936","No other reason"
"GEN24_1042943","No other reason"
"GEN24_1042960","Holiday / vacation"
"GEN24_1042961","No other reason"
"GEN24_1042963","No other reason"
"GEN24_1042965","Other"
"GEN24_1042970","No other reason"
"GEN24_1042973","No other reason"
"GEN24_1042977","VFR"
"GEN24_1042981","No other reason"
"GEN24_1042982","No other reason"
"GEN24_1042985","No other reason"
"GEN24_1042995","No other reason"
"GEN24_1042996","No other reason"
"GEN24_1043001","No other reason"
"GEN24_1043008","No other reason"
"GEN24_1043012","VFR"
"GEN24_1043013","Holiday / vacation"
"GEN24_1043014","No other reason"
"GEN24_1043026","Holiday / vacation"
"GEN24_1043029","No other reason"
"GEN24_1043039","VFR"
"GEN24_1043044","No other reason"
"GEN24_1043045","No other reason"
"GEN24_1043047","No other reason"
"GEN24_1043057","Holiday / vacation"
"GEN24_1043058","No other reason"
"GEN24_1043064","No other reason"
"GEN24_1043065","No other reason"
"GEN24_1043071","No other reason"
"GEN24_1043073","No other reason"
"GEN24_1043082","Other"
"GEN24_1043085","VFR"
"GEN24_1043090","No other reason"
"GEN24_1043091","No other reason"
"GEN24_1043092","No other reason"
"GEN24_1043103","No other reason"
"GEN24_1043107","No other reason"
"GEN24_1043109","Holiday / vacation"
"GEN24_1043112","Other"
"GEN24_1043115","No other reason"
"GEN24_1043130","No other reason"
"GEN24_1043131","No other reason"
"GEN24_1043133","Other"
"GEN24_1043133","VFR"
"GEN24_1043134","Holiday / vacation"
"GEN24_1043136","VFR"
"GEN24_1043137","Holiday / vacation"
"GEN24_1043139","No other reason"
"GEN24_1043146","Holiday / vacation"
"GEN24_1043149","No other reason"
"GEN24_1043156","No other reason"
"GEN24_1043168","No other reason"
"GEN24_1043171","No other reason"
"GEN24_1043174","No other reason"
"GEN24_1043176","No other reason"
"GEN24_1043182","Holiday / vacation"
"GEN24_1043183","No other reason"
"GEN24_1043184","No other reason"
"GEN24_1043189","No other reason"
"GEN24_1043195","No other reason"
"GEN24_1043209","Holiday / vacation"
"GEN24_1043211","No other reason"
"GEN24_1043212","Holiday / vacation"
"GEN24_1043213","No other reason"
"GEN24_1043225","No other reason"
"GEN24_1043233","No other reason"
"GEN24_1043234","No other reason"
"GEN24_1043236","No other reason"
"GEN24_1043237","No other reason"
"GEN24_1043238","No other reason"
"GEN24_1043239","No other reason"
"GEN24_1043240","Other"
"GEN24_1043245","No other reason"
"GEN24_1043246","Holiday / vacation"
"GEN24_1043271","No other reason"
"GEN24_1043274","No other reason"
"GEN24_1043280","VFR"
"GEN24_1043282","Business"
"GEN24_1043286","No other reason"
"GEN24_1043288","No other reason"
"GEN24_1043294","No other reason"
"GEN24_1043297","No other reason"
"GEN24_1043304","No other reason"
"GEN24_1043305","No other reason"
"GEN24_1043307","No other reason"
"GEN24_1043308","VFR"
"GEN24_1043315","Holiday / vacation"
"GEN24_1043316","No other reason"
"GEN24_1043317","No other reason"
"GEN24_1043330","No other reason"
"GEN24_1043332","No other reason"
"GEN24_1043334","No other reason"
"GEN24_1043347","VFR"
"GEN24_1043349","Holiday / vacation"
"GEN24_1043350","VFR"
"GEN24_1043353","No other reason"
"GEN24_1043361","No other reason"
"GEN24_1043366","No other reason"
"GEN24_1043367","Holiday / vacation"
"GEN24_1043368","No other reason"
"GEN24_1043370","No other reason"
"GEN24_1043372","No other reason"
"GEN24_1043377","VFR"
"GEN24_1043378","No other reason"
"GEN24_1043383","No other reason"
"GEN24_1043387","No other reason"
"GEN24_1043388","No other reason"
"GEN24_1043398","No other reason"
"GEN24_1043399","No other reason"
"GEN24_1043401","No other reason"
"GEN24_1043403","No other reason"
"GEN24_1043405","No other reason"
"GEN24_1043410","No other reason"
"GEN24_1043412","VFR"
"GEN24_1043421","No other reason"
"GEN24_1043423","VFR"
"GEN24_1043424","VFR"
"GEN24_1043432","VFR"
"GEN24_1043433","No other reason"
"GEN24_1043442","No other reason"
"GEN24_1043444","Holiday / vacation"
"GEN24_1043448","No other reason"
"GEN24_1043452","No other reason"
"GEN24_1043454","No other reason"
"GEN24_1043464","Holiday / vacation"
"GEN24_1043470","Holiday / vacation"
"GEN24_1043472","No other reason"
"GEN24_1043479","No other reason"
"GEN24_1043481","No other reason"
"GEN24_1043482","No other reason"
"GEN24_1043484","No other reason"
"GEN24_1043487","No other reason"
"GEN24_1043488","No other reason"
"GEN24_1043494","Holiday / vacation"
"GEN24_1043503","Other"
"GEN24_1043504","Holiday / vacation"
"GEN24_1043505","VFR"
"GEN24_1043507","Business"
"GEN24_1043508","Holiday / vacation"
"GEN24_1043511","No other reason"
"GEN24_1043513","Other"
"GEN24_1043514","VFR"
"GEN24_1043515","No other reason"
"GEN24_1043527","Holiday / vacation"
"GEN24_1043529","Holiday / vacation"
"GEN24_1043530","No other reason"
"GEN24_1043531","No other reason"
"GEN24_1043532","No other reason"
"GEN24_1043535","VFR"
"GEN24_1043536","No other reason"
"GEN24_1043537","No other reason"
"GEN24_1043538","No other reason"
"GEN24_1043542","No other reason"
"GEN24_1043543","Holiday / vacation"
"GEN24_1043548","No other reason"
"GEN24_1043551","No other reason"
"GEN24_1043556","No other reason"
"GEN24_1043559","Holiday / vacation"
"GEN24_1043560","VFR"
"GEN24_1043562","No other reason"
"GEN24_1043563","No other reason"
"GEN24_1043564","No other reason"
"GEN24_1043567","No other reason"
"GEN24_1043569","Other"
"GEN24_1043576","Education"
"GEN24_1043578","Other"
"GEN24_1043578","VFR"
"GEN24_1043580","No other reason"
"GEN24_1043592","Holiday / vacation"
"GEN24_1043595","No other reason"
"GEN24_1043597","Business"
"GEN24_1043597","VFR"
"GEN24_1043608","No other reason"
"GEN24_1043617","VFR"
"GEN24_1043632","No other reason"
"GEN24_1043641","No other reason"
"GEN24_1043652","No other reason"
"GEN24_1043658","No other reason"
"GEN24_1043664","No other reason"
"GEN24_1043672","No other reason"
"GEN24_1043677","No other reason"
"GEN24_1043686","VFR"
"GEN24_1043688","No other reason"
"GEN24_1043692","No other reason"
"GEN24_1043697","No other reason"
"GEN24_1043704","No other reason"
"GEN24_1043706","Conference / convention"
"GEN24_1043707","No other reason"
"GEN24_1043708","No other reason"
"GEN24_1043712","No other reason"
"GEN24_1043731","No other reason"
"GEN24_1043732","No other reason"
"GEN24_1043738","No other reason"
"GEN24_1043747","Business"
"GEN24_1043752","No other reason"
"GEN24_1043754","Holiday / vacation"
"GEN24_1043757","Holiday / vacation"
"GEN24_1043757","VFR"
"GEN24_1043759","No other reason"
"GEN24_1043763","No other reason"
"GEN24_1043767","No other reason"
"GEN24_1043769","No other reason"
"GEN24_1043770","VFR"
"GEN24_1043771","No other reason"
"GEN24_1043772","VFR"
"GEN24_1043773","No other reason"
"GEN24_1043777","Holiday / vacation"
"GEN24_1043780","No other reason"
"GEN24_1043782","No other reason"
"GEN24_1043784","No other reason"
"GEN24_1043788","No other reason"
"GEN24_1043793","No other reason"
"GEN24_1043794","No other reason"
"GEN24_1043797","Holiday / vacation"
"GEN24_1043803","No other reason"
"GEN24_1043807","Education"
"GEN24_1043812","No other reason"
"GEN24_1043821","No other reason"
"GEN24_1043827","No other reason"
"GEN24_1043831","No other reason"
"GEN24_1043832","No other reason"
"GEN24_1043838","Business"
"GEN24_1043841","Holiday / vacation"
"GEN24_1043858","VFR"
"GEN24_1043864","No other reason"
"GEN24_1043886","VFR"
"GEN24_1043887","No other reason"
"GEN24_1043900","No other reason"
"GEN24_1043924","VFR"
"GEN24_1043938","Other"
"GEN24_1043941","No other reason"
"GEN24_1043942","No other reason"
"GEN24_1043949","No other reason"
"GEN24_1043952","VFR"
"GEN24_1043962","VFR"
"GEN24_1043969","No other reason"
"GEN24_1043971","Holiday / vacation"
"GEN24_1043978","No other reason"
"GEN24_1043982","No other reason"
"GEN24_1043985","No other reason"
"GEN24_1043991","Other"
"GEN24_1043995","Holiday / vacation"
"GEN24_1043997","No other reason"
"GEN24_1043998","Holiday / vacation"
"GEN24_1044002","No other reason"
"GEN24_1044003","VFR"
"GEN24_1044004","No other reason"
"GEN24_1044005","Holiday / vacation"
"GEN24_1044006","Holiday / vacation"
"GEN24_1044007","Conference / convention"
"GEN24_1044016","Conference / convention"
"GEN24_1044017","No other reason"
"GEN24_1044018","Holiday / vacation"
"GEN24_1044019","Conference / convention"
"GEN24_1044020","Other"
"GEN24_1044021","Conference / convention"
"GEN24_1044022","No other reason"
"GEN24_1044024","No other reason"
"GEN24_1044027","Other"
"GEN24_1044029","No other reason"
"GEN24_1044032","Holiday / vacation"
"GEN24_1044033","No other reason"
"GEN24_1044034","Holiday / vacation"
"GEN24_1044035","Other"
"GEN24_1044036","No other reason"
"GEN24_1044040","No other reason"
"GEN24_1044043","No other reason"
"GEN24_1044046","Holiday / vacation"
"GEN24_1044047","No other reason"
"GEN24_1044048","Holiday / vacation"
"GEN24_1044050","Holiday / vacation"
"GEN24_1044051","No other reason"
"GEN24_1044055","No other reason"
"GEN24_1044062","Holiday / vacation"
"GEN24_1044065","No other reason"
"GEN24_1044067","No other reason"
"GEN24_1044070","No other reason"
"GEN24_1044071","VFR"
"GEN24_1044073","VFR"
"GEN24_1044076","No other reason"
"GEN24_1044079","Holiday / vacation"
"GEN24_1044080","VFR"
"GEN24_1044090","Holiday / vacation"
"GEN24_1044091","No other reason"
"GEN24_1044098","Holiday / vacation"
"GEN24_1044099","Other"
"GEN24_1044100","No other reason"
"GEN24_1044107","VFR"
"GEN24_1044110","No other reason"
"GEN24_1044111","No other reason"
"GEN24_1044115","No other reason"
"GEN24_1044117","No other reason"
"GEN24_1044119","No other reason"
"GEN24_1044120","Holiday / vacation"
"GEN24_1044124","No other reason"
"GEN24_1044128","VFR"
"GEN24_1044131","No other reason"
"GEN24_1044132","No other reason"
"GEN24_1044137","Holiday / vacation"
"GEN24_1044143","No other reason"
"GEN24_1044149","No other reason"
"GEN24_1044152","No other reason"
"GEN24_1044156","No other reason"
"GEN24_1044158","Other"
"GEN24_1044165","No other reason"
"GEN24_1044167","Holiday / vacation"
"GEN24_1044168","No other reason"
"GEN24_1044171","VFR"
"GEN24_1044173","No other reason"
"GEN24_1044174","VFR"
"GEN24_1044176","No other reason"
"GEN24_1044179","No other reason"
"GEN24_1044186","No other reason"
"GEN24_1044190","No other reason"
"GEN24_1044191","No other reason"
"GEN24_1044194","Holiday / vacation"
"GEN24_1044196","Business"
"GEN24_1044198","No other reason"
"GEN24_1044203","Holiday / vacation"
"GEN24_1044205","No other reason"
"GEN24_1044216","No other reason"
"GEN24_1044225","VFR"
"GEN24_1044226","No other reason"
"GEN24_1044232","Holiday / vacation"
"GEN24_1044235","No other reason"
"GEN24_1044242","No other reason"
"GEN24_1044248","No other reason"
"GEN24_1044249","No other reason"
"GEN24_1044251","No other reason"
"GEN24_1044252","No other reason"
"GEN24_1044254","No other reason"
"GEN24_1044264","No other reason"
"GEN24_1044266","No other reason"
"GEN24_1044270","No other reason"
"GEN24_1044278","No other reason"
"GEN24_1044280","No other reason"
"GEN24_1044281","VFR"
"GEN24_1044285","No other reason"
"GEN24_1044287","No other reason"
"GEN24_1044293","No other reason"
"GEN24_1044295","No other reason"
"GEN24_1044299","VFR"
"GEN24_1044302","VFR"
"GEN24_1044303","No other reason"
"GEN24_1044312","VFR"
"GEN24_1044316","No other reason"
"GEN24_1044322","Education"
"GEN24_1044322","Other"
"GEN24_1044325","No other reason"
"GEN24_1044327","No other reason"
"GEN24_1044329","Holiday / vacation"
"GEN24_1044332","Holiday / vacation"
"GEN24_1044341","Holiday / vacation"
"GEN24_1044342","No other reason"
"GEN24_1044363","No other reason"
"GEN24_1044368","No other reason"
"GEN24_1044370","VFR"
"GEN24_1044373","No other reason"
"GEN24_1044384","No other reason"
"GEN24_1044386","No other reason"
"GEN24_1044388","No other reason"
"GEN24_1044397","No other reason"
"GEN24_1044398","No other reason"
"GEN24_1044401","No other reason"
"GEN24_1044411","No other reason"
"GEN24_1044415","Conference / convention"
"GEN24_1044422","No other reason"
"GEN24_1044428","No other reason"
"GEN24_1044430","VFR"
"GEN24_1044431","Holiday / vacation"
"GEN24_1044431","VFR"
"GEN24_1044446","Other"
"GEN24_1044450","No other reason"
"GEN24_1044454","Holiday / vacation"
"GEN24_1044459","No other reason"
"GEN24_1044460","Education"
"GEN24_1044462","No other reason"
"GEN24_1044469","No other reason"
"GEN24_1044477","No other reason"
"GEN24_1044479","VFR"
"GEN24_1044481","VFR"
"GEN24_1044483","Other"
"GEN24_1044484","No other reason"
"GEN24_1044490","No other reason"
"GEN24_1044491","VFR"
"GEN24_1044492","No other reason"
"GEN24_1044498","No other reason"
"GEN24_1044499","VFR"
"GEN24_1044506","No other reason"
"GEN24_1044515","No other reason"
"GEN24_1044518","No other reason"
"GEN24_1044528","No other reason"
"GEN24_1044529","No other reason"
"GEN24_1044533","No other reason"
"GEN24_1044538","No other reason"
"GEN24_1044548","No other reason"
"GEN24_1044550","No other reason"
"GEN24_1044551","No other reason"
"GEN24_1044554","No other reason"
"GEN24_1044555","No other reason"
"GEN24_1044559","No other reason"
"GEN24_1044561","No other reason"
"GEN24_1044566","No other reason"
"GEN24_1044569","No other reason"
"GEN24_1044571","No other reason"
"GEN24_1044576","Business"
"GEN24_1044576","Other"
"GEN24_1044577","No other reason"
"GEN24_1044581","Other"
"GEN24_1044581","VFR"
"GEN24_1044585","No other reason"
"GEN24_1044587","VFR"
"GEN24_1044589","No other reason"
"GEN24_1044590","No other reason"
"GEN24_1044592","No other reason"
"GEN24_1044595","VFR"
"GEN24_1044598","Other"
"GEN24_1044616","Holiday / vacation"
"GEN24_1044621","No other reason"
"GEN24_1044627","No other reason"
"GEN24_1044635","Other"
"GEN24_1044645","No other reason"
"GEN24_1044651","No other reason"
"GEN24_1044652","No other reason"
"GEN24_1044653","No other reason"
"GEN24_1044656","No other reason"
"GEN24_1044666","Conference / convention"
"GEN24_1044674","No other reason"
"GEN24_1044675","No other reason"
"GEN24_1044676","No other reason"
"GEN24_1044680","No other reason"
"GEN24_1044689","No other reason"
"GEN24_1044693","Holiday / vacation"
"GEN24_1044696","No other reason"
"GEN24_1044698","No other reason"
"GEN24_1044708","Other"
"GEN24_1044709","Holiday / vacation"
"GEN24_1044723","No other reason"
"GEN24_1044734","VFR"
"GEN24_1044748","No other reason"
"GEN24_1044749","Other"
"GEN24_1044751","Holiday / vacation"
"GEN24_1044755","No other reason"
"GEN24_1044758","No other reason"
"GEN24_1044762","No other reason"
"GEN24_1044766","No other reason"
"GEN24_1044770","Holiday / vacation"
"GEN24_1044775","No other reason"
"GEN24_1044777","No other reason"
"GEN24_1044784","No other reason"
"GEN24_1044786","No other reason"
"GEN24_1044797","No other reason"
"GEN24_1044799","No other reason"
"GEN24_1044808","Education"
"GEN24_1044810","VFR"
"GEN24_1044811","Other"
"GEN24_1044843","VFR"
"GEN24_1044850","Holiday / vacation"
"GEN24_1044851","Holiday / vacation"
"GEN24_1044856","Other"
"GEN24_1044859","No other reason"
"GEN24_1044869","No other reason"
"GEN24_1044873","Education"
"GEN24_1044873","Holiday / vacation"
"GEN24_1044895","No other reason"
"GEN24_1044899","No other reason"
"GEN24_1044903","Other"
"GEN24_1044909","No other reason"
"GEN24_1044910","No other reason"
"GEN24_1044913","VFR"
"GEN24_1044915","Holiday / vacation"
"GEN24_1044925","No other reason"
"GEN24_1044930","No other reason"
"GEN24_1044931","Other"
"GEN24_1044934","No other reason"
"GEN24_1044943","Other"
"GEN24_1044947","No other reason"
"GEN24_1044965","No other reason"
"GEN24_1044969","No other reason"
"GEN24_1044970","VFR"
"GEN24_1044972","No other reason"
"GEN24_1044978","No other reason"
"GEN24_1044987","No other reason"
"GEN24_1044991","No other reason"
"GEN24_1045001","No other reason"
"GEN24_1045007","VFR"
"GEN24_1045015","No other reason"
"GEN24_1045016","No other reason"
"GEN24_1045024","No other reason"
"GEN24_1045026","No other reason"
"GEN24_1045027","No other reason"
"GEN24_1045029","No other reason"
"GEN24_1045037","No other reason"
"GEN24_1045042","Holiday / vacation"
"GEN24_1045044","VFR"
"GEN24_1045045","No other reason"
"GEN24_1045049","No other reason"
"GEN24_1045058","No other reason"
"GEN24_1045068","Holiday / vacation"
"GEN24_1045073","No other reason"
"GEN24_1045074","No other reason"
"GEN24_1045079","No other reason"
"GEN24_1045080","VFR"
"GEN24_1045083","No other reason"
"GEN24_1045087","Holiday / vacation"
"GEN24_1045088","Holiday / vacation"
"GEN24_1045089","No other reason"
"GEN24_1045090","VFR"
"GEN24_1045091","Holiday / vacation"
"GEN24_1045092","VFR"
"GEN24_1045099","No other reason"
"GEN24_1045100","No other reason"
"GEN24_1045109","Holiday / vacation"
"GEN24_1045110","VFR"
"GEN24_1045116","VFR"
"GEN24_1045118","No other reason"
"GEN24_1045122","Conference / convention"
"GEN24_1045125","No other reason"
"GEN24_1045126","Other"
"GEN24_1045135","No other reason"
"GEN24_1045137","Holiday / vacation"
"GEN24_1045145","No other reason"
"GEN24_1045147","No other reason"
"GEN24_1045154","No other reason"
"GEN24_1045155","No other reason"
"GEN24_1045156","VFR"
"GEN24_1045160","No other reason"
"GEN24_1045162","No other reason"
"GEN24_1045163","No other reason"
"GEN24_1045164","No other reason"
"GEN24_1045166","No other reason"
"GEN24_1045172","No other reason"
"GEN24_1045173","No other reason"
"GEN24_1045176","No other reason"
"GEN24_1045182","Holiday / vacation"
"GEN24_1045183","Holiday / vacation"
"GEN24_1045189","Business"
"GEN24_1045193","No other reason"
"GEN24_1045201","No other reason"
"GEN24_1045203","No other reason"
"GEN24_1045213","VFR"
"GEN24_1045221","No other reason"
"GEN24_1045231","No other reason"
"GEN24_1045233","No other reason"
"GEN24_1045252","VFR"
"GEN24_1045262","VFR"
"GEN24_1045265","No other reason"
"GEN24_1045268","No other reason"
"GEN24_1045279","Holiday / vacation"
"GEN24_1045280","VFR"
"GEN24_1045281","No other reason"
"GEN24_1045285","No other reason"
"GEN24_1045294","No other reason"
"GEN24_1045295","Holiday / vacation"
"GEN24_1045321","VFR"
"GEN24_1045324","No other reason"
"GEN24_1045328","VFR"
"GEN24_1045331","No other reason"
"GEN24_1045340","No other reason"
"GEN24_1045347","Holiday / vacation"
"GEN24_1045355","No other reason"
"GEN24_1045363","No other reason"
"GEN24_1045365","No other reason"
"GEN24_1045366","No other reason"
"GEN24_1045374","No other reason"
"GEN24_1045375","No other reason"
"GEN24_1045377","No other reason"
"GEN24_1045379","No other reason"
"GEN24_1045381","Holiday / vacation"
"GEN24_1045389","Business"
"GEN24_1045426","Other"
"GEN24_1045427","No other reason"
"GEN24_1045432","No other reason"
"GEN24_1045439","No other reason"
"GEN24_1045458","No other reason"
"GEN24_1045459","No other reason"
"GEN24_1045467","Holiday / vacation"
"GEN24_1045470","VFR"
"GEN24_1045475","No other reason"
"GEN24_1045476","No other reason"
"GEN24_1045480","No other reason"
"GEN24_1045481","Holiday / vacation"
"GEN24_1045487","No other reason"
"GEN24_1045491","Holiday / vacation"
"GEN24_1045496","No other reason"
"GEN24_1045512","No other reason"
"GEN24_1045518","Holiday / vacation"
"GEN24_1045522","VFR"
"GEN24_1045533","No other reason"
"GEN24_1045536","No other reason"
"GEN24_1045537","No other reason"
"GEN24_1045540","Holiday / vacation"
"GEN24_1045541","No other reason"
"GEN24_1045543","Holiday / vacation"
"GEN24_1045544","Holiday / vacation"
"GEN24_1045548","VFR"
"GEN24_1045554","No other reason"
"GEN24_1045556","Holiday / vacation"
"GEN24_1045561","No other reason"
"GEN24_1045564","Conference / convention"
"GEN24_1045564","Holiday / vacation"
"GEN24_1045564","VFR"
"GEN24_1045589","Other"
"GEN24_1045593","No other reason"
"GEN24_1045599","No other reason"
"GEN24_1045602","No other reason"
"GEN24_1045605","No other reason"
"GEN24_1045613","VFR"
"GEN24_1045626","VFR"
"GEN24_1045628","No other reason"
"GEN24_1045629","VFR"
"GEN24_1045630","No other reason"
"GEN24_1045640","No other reason"
"GEN24_1045641","No other reason"
"GEN24_1045648","No other reason"
"GEN24_1045649","VFR"
"GEN24_1045668","VFR"
"GEN24_1045683","No other reason"
"GEN24_1045694","VFR"
"GEN24_1045695","Holiday / vacation"
"GEN24_1045696","No other reason"
"GEN24_1045700","Holiday / vacation"
"GEN24_1045710","VFR"
"GEN24_1045712","Holiday / vacation"
"GEN24_1045716","No other reason"
"GEN24_1045718","No other reason"
"GEN24_1045722","VFR"
"GEN24_1045723","Other"
"GEN24_1045726","No other reason"
"GEN24_1045729","VFR"
"GEN24_1045735","No other reason"
"GEN24_1045738","No other reason"
"GEN24_1045740","VFR"
"GEN24_1045757","No other reason"
"GEN24_1045760","No other reason"
"GEN24_1045766","Holiday / vacation"
"GEN24_1045771","No other reason"
"GEN24_1045774","Holiday / vacation"
"GEN24_1045780","No other reason"
"GEN24_1045782","Holiday / vacation"
"GEN24_1045783","No other reason"
"GEN24_1045791","Holiday / vacation"
"GEN24_1045792","No other reason"
"GEN24_1045793","No other reason"
"GEN24_1045795","Education"
"GEN24_1045796","Other"
"GEN24_1045798","No other reason"
"GEN24_1045802","No other reason"
"GEN24_1045803","VFR"
"GEN24_1045814","Holiday / vacation"
"GEN24_1045815","No other reason"
"GEN24_1045827","No other reason"
"GEN24_1045828","No other reason"
"GEN24_1045843","No other reason"
"GEN24_1045863","Holiday / vacation"
"GEN24_1045868","No other reason"
"GEN24_1045870","Holiday / vacation"
"GEN24_1045873","Holiday / vacation"
"GEN24_1045877","No other reason"
"GEN24_1045880","No other reason"
"GEN24_1045881","No other reason"
"GEN24_1045883","No other reason"
"GEN24_1045886","Holiday / vacation"
"GEN24_1045887","Holiday / vacation"
"GEN24_1045892","No other reason"
"GEN24_1045895","Holiday / vacation"
"GEN24_1045896","Holiday / vacation"
"GEN24_1045900","VFR"
"GEN24_1045901","No other reason"
"GEN24_1045906","No other reason"
"GEN24_1045907","VFR"
"GEN24_1045909","VFR"
"GEN24_1045913","No other reason"
"GEN24_1045914","VFR"
"GEN24_1045916","No other reason"
"GEN24_1045917","No other reason"
"GEN24_1045918","Holiday / vacation"
"GEN24_1045925","No other reason"
"GEN24_1045937","No other reason"
"GEN24_1045938","Business"
"GEN24_1045943","Holiday / vacation"
"GEN24_1045945","Other"
"GEN24_1045946","No other reason"
"GEN24_1045949","Holiday / vacation"
"GEN24_1045951","Holiday / vacation"
"GEN24_1045961","No other reason"
"GEN24_1045962","No other reason"
"GEN24_1045964","Holiday / vacation"
"GEN24_1045965","Holiday / vacation"
"GEN24_1045970","VFR"
"GEN24_1045972","No other reason"
"GEN24_1045973","No other reason"
"GEN24_1045974","No other reason"
"GEN24_1045981","No other reason"
"GEN24_1045988","Holiday / vacation"
"GEN24_1045992","Holiday / vacation"
"GEN24_1045997","VFR"
"GEN24_1046000","No other reason"
"GEN24_1046002","Holiday / vacation"
"GEN24_1046003","No other reason"
"GEN24_1046010","VFR"
"GEN24_1046011","No other reason"
"GEN24_1046015","Holiday / vacation"
"GEN24_1046017","No other reason"
"GEN24_1046018","No other reason"
"GEN24_1046022","No other reason"
"GEN24_1046026","Holiday / vacation"
"GEN24_1046028","Holiday / vacation"
"GEN24_1046030","No other reason"
"GEN24_1046040","No other reason"
"GEN24_1046057","No other reason"
"GEN24_1046073","VFR"
"GEN24_1046090","No other reason"
"GEN24_1046094","No other reason"
"GEN24_1046102","VFR"
"GEN24_1046108","No other reason"
"GEN24_1046110","No other reason"
"GEN24_1046111","Holiday / vacation"
"GEN24_1046114","No other reason"
"GEN24_1046122","No other reason"
"GEN24_1046123","No other reason"
"GEN24_1046124","VFR"
"GEN24_1046130","No other reason"
"GEN24_1046138","Holiday / vacation"
"GEN24_1046144","No other reason"
"GEN24_1046150","No other reason"
"GEN24_1046152","No other reason"
"GEN24_1046160","No other reason"
"GEN24_1046161","No other reason"
"GEN24_1046165","No other reason"
"GEN24_1046166","No other reason"
"GEN24_1046169","No other reason"
"GEN24_1046170","No other reason"
"GEN24_1046171","No other reason"
"GEN24_1046172","No other reason"
"GEN24_1046173","No other reason"
"GEN24_1046178","Holiday / vacation"
"GEN24_1046183","Other"
"GEN24_1046184","Holiday / vacation"
"GEN24_1046197","No other reason"
"GEN24_1046208","Holiday / vacation"
"GEN24_1046209","No other reason"
"GEN24_1046217","VFR"
"GEN24_1046219","No other reason"
"GEN24_1046221","VFR"
"GEN24_1046225","VFR"
"GEN24_1046228","No other reason"
"GEN24_1046233","No other reason"
"GEN24_1046234","No other reason"
"GEN24_1046237","No other reason"
"GEN24_1046239","No other reason"
"GEN24_1046241","No other reason"
"GEN24_1046242","No other reason"
"GEN24_1046243","Holiday / vacation"
"GEN24_1046247","No other reason"
"GEN24_1046252","No other reason"
"GEN24_1046255","No other reason"
"GEN24_1046258","Holiday / vacation"
"GEN24_1046259","No other reason"
"GEN24_1046260","Holiday / vacation"
"GEN24_1046261","No other reason"
"GEN24_1046265","No other reason"
"GEN24_1046272","No other reason"
"GEN24_1046274","No other reason"
"GEN24_1046275","No other reason"
"GEN24_1046284","VFR"
"GEN24_1046285","VFR"
"GEN24_1046287","No other reason"
"GEN24_1046290","No other reason"
"GEN24_1046295","No other reason"
"GEN24_1046298","No other reason"
"GEN24_1046300","No other reason"
"GEN24_1046304","Holiday / vacation"
"GEN24_1046305","No other reason"
"GEN24_1046307","Holiday / vacation"
"GEN24_1046309","No other reason"
"GEN24_1046312","No other reason"
"GEN24_1046313","Other"
"GEN24_1046316","Holiday / vacation"
"GEN24_1046328","Other"
"GEN24_1046331","No other reason"
"GEN24_1046332","No other reason"
"GEN24_1046345","No other reason"
"GEN24_1046353","No other reason"
"GEN24_1046356","No other reason"
"GEN24_1046360","No other reason"
"GEN24_1046363","Holiday / vacation"
"GEN24_1046367","Holiday / vacation"
"GEN24_1046381","No other reason"
"GEN24_1046382","VFR"
"GEN24_1046385","No other reason"
"GEN24_1046386","VFR"
"GEN24_1046389","No other reason"
"GEN24_1046390","No other reason"
"GEN24_1046391","Holiday / vacation"
"GEN24_1046394","VFR"
"GEN24_1046395","Holiday / vacation"
"GEN24_1046400","Holiday / vacation"
"GEN24_1046409","No other reason"
"GEN24_1046410","VFR"
"GEN24_1046421","No other reason"
"GEN24_1046425","No other reason"
"GEN24_1046432","No other reason"
"GEN24_1046434","Holiday / vacation"
"GEN24_1046434","VFR"
"GEN24_1046437","No other reason"
"GEN24_1046442","Holiday / vacation"
"GEN24_1046454","Holiday / vacation"
"GEN24_1046457","VFR"
"GEN24_1046458","VFR"
"GEN24_1046466","No other reason"
"GEN24_1046472","No other reason"
"GEN24_1046477","VFR"
"GEN24_1046483","No other reason"
"GEN24_1046484","No other reason"
"GEN24_1046494","Holiday / vacation"
"GEN24_1046522","No other reason"
"GEN24_1046525","No other reason"
"GEN24_1046527","Education"
"GEN24_1046530","Holiday / vacation"
"GEN24_1046540","Other"
"GEN24_1046543","Holiday / vacation"
"GEN24_1046547","Holiday / vacation"
"GEN24_1046550","No other reason"
"GEN24_1046559","Other"
"GEN24_1046562","No other reason"
"GEN24_1046563","No other reason"
"GEN24_1046564","VFR"
"GEN24_1046565","No other reason"
"GEN24_1046574","VFR"
"GEN24_1046576","No other reason"
"GEN24_1046578","Holiday / vacation"
"GEN24_1046581","Holiday / vacation"
"GEN24_1046586","Holiday / vacation"
"GEN24_1046588","Holiday / vacation"
"GEN24_1046589","VFR"
"GEN24_1046591","No other reason"
"GEN24_1046592","Holiday / vacation"
"GEN24_1046593","Holiday / vacation"
"GEN24_1046603","No other reason"
"GEN24_1046611","Holiday / vacation"
"GEN24_1046614","No other reason"
"GEN24_1046621","VFR"
"GEN24_1046628","No other reason"
"GEN24_1046630","Holiday / vacation"
"GEN24_1046643","Holiday / vacation"
"GEN24_1046644","VFR"
"GEN24_1046645","Holiday / vacation"
"GEN24_1046658","VFR"
"GEN24_1046659","Other"
"GEN24_1046666","VFR"
"GEN24_1046678","Holiday / vacation"
"GEN24_1046685","Holiday / vacation"
"GEN24_1046687","VFR"
"GEN24_1046689","Holiday / vacation"
"GEN24_1046691","No other reason"
"GEN24_1046692","Holiday / vacation"
"GEN24_1046697","Education"
"GEN24_1046704","Holiday / vacation"
"GEN24_1046708","VFR"
"GEN24_1046713","Holiday / vacation"
"GEN24_1046715","Holiday / vacation"
"GEN24_1046725","Holiday / vacation"
"GEN24_1046735","Holiday / vacation"
"GEN24_1046740","No other reason"
"GEN24_1046741","No other reason"
"GEN24_1046743","No other reason"
"GEN24_1046746","Holiday / vacation"
"GEN24_1046749","Holiday / vacation"
"GEN24_1046750","No other reason"
"GEN24_1046752","No other reason"
"GEN24_1046753","Holiday / vacation"
"GEN24_1046754","Holiday / vacation"
"GEN24_1046757","No other reason"
"GEN24_1046761","Holiday / vacation"
"GEN24_1046762","Holiday / vacation"
"GEN24_1046767","Holiday / vacation"
"GEN24_1046769","Holiday / vacation"
"GEN24_1046775","VFR"
"GEN24_1046779","No other reason"
"GEN24_1046787","No other reason"
"GEN24_1046791","No other reason"
"GEN24_1046793","Holiday / vacation"
"GEN24_1046796","No other reason"
"GEN24_1046797","No other reason"
"GEN24_1046798","VFR"
"GEN24_1046799","No other reason"
"GEN24_1046800","No other reason"
"GEN24_1046802","Holiday / vacation"
"GEN24_1046804","Other"
"GEN24_1046817","Holiday / vacation"
"GEN24_1046818","No other reason"
"GEN24_1046834","No other reason"
"GEN24_1046839","Other"
"GEN24_1046841","No other reason"
"GEN24_1046842","Holiday / vacation"
"GEN24_1046843","VFR"
"GEN24_1046844","Holiday / vacation"
"GEN24_1046850","No other reason"
"GEN24_1046872","Holiday / vacation"
"GEN24_1046874","No other reason"
"GEN24_1046879","No other reason"
"GEN24_1046889","VFR"
"GEN24_1046900","Holiday / vacation"
"GEN24_1046902","No other reason"
"GEN24_1046906","No other reason"
"GEN24_1046909","VFR"
"GEN24_1046913","No other reason"
"GEN24_1046916","No other reason"
"GEN24_1046918","Holiday / vacation"
"GEN24_1046923","No other reason"
"GEN24_1046926","Holiday / vacation"
"GEN24_1046928","Holiday / vacation"
"GEN24_1046930","VFR"
"GEN24_1046937","No other reason"
"GEN24_1046938","Holiday / vacation"
"GEN24_1046942","No other reason"
"GEN24_1046954","No other reason"
"GEN24_1046957","VFR"
"GEN24_1046960","Holiday / vacation"
"GEN24_1046961","VFR"
"GEN24_1046964","No other reason"
"GEN24_1046965","No other reason"
"GEN24_1046970","No other reason"
"GEN24_1046972","No other reason"
"GEN24_1046974","No other reason"
"GEN24_1046976","Holiday / vacation"
"GEN24_1046978","No other reason"
"GEN24_1046980","Holiday / vacation"
"GEN24_1046981","No other reason"
"GEN24_1046985","No other reason"
"GEN24_1046986","No other reason"
"GEN24_1046988","Holiday / vacation"
"GEN24_1046992","No other reason"
"GEN24_1046994","No other reason"
"GEN24_1046999","Other"
"GEN24_1046999","VFR"
"GEN24_1047000","No other reason"
"GEN24_1047009","Education"
"GEN24_1047009","VFR"
"GEN24_1047014","Holiday / vacation"
"GEN24_1047019","Holiday / vacation"
"GEN24_1047023","No other reason"
"GEN24_1047026","Holiday / vacation"
"GEN24_1047032","No other reason"
"GEN24_1047037","VFR"
"GEN24_1047038","No other reason"
"GEN24_1047039","No other reason"
"GEN24_1047042","No other reason"
"GEN24_1047047","VFR"
"GEN24_1047048","VFR"
"GEN24_1047049","No other reason"
"GEN24_1047050","No other reason"
"GEN24_1047051","VFR"
"GEN24_1047060","No other reason"
"GEN24_1047061","Holiday / vacation"
"GEN24_1047063","No other reason"
"GEN24_1047065","Other"
"GEN24_1047071","Holiday / vacation"
"GEN24_1047072","No other reason"
"GEN24_1047074","No other reason"
"GEN24_1047076","Holiday / vacation"
"GEN24_1047078","VFR"
"GEN24_1047080","Holiday / vacation"
"GEN24_1047083","No other reason"
"GEN24_1047085","No other reason"
"GEN24_1047087","Holiday / vacation"
"GEN24_1047092","No other reason"
"GEN24_1047094","No other reason"
"GEN24_1047098","No other reason"
"GEN24_1047100","Holiday / vacation"
"GEN24_1047101","No other reason"
"GEN24_1047108","Holiday / vacation"
"GEN24_1047118","Holiday / vacation"
"GEN24_1047127","Holiday / vacation"
"GEN24_1047129","VFR"
"GEN24_1047131","Holiday / vacation"
"GEN24_1047134","No other reason"
"GEN24_1047136","VFR"
"GEN24_1047141","VFR"
"GEN24_1047143","No other reason"
"GEN24_1047144","Holiday / vacation"
"GEN24_1047147","No other reason"
"GEN24_1047148","No other reason"
"GEN24_1047152","Holiday / vacation"
"GEN24_1047156","No other reason"
"GEN24_1047158","Holiday / vacation"
"GEN24_1047163","VFR"
"GEN24_1047164","Holiday / vacation"
"GEN24_1047166","No other reason"
"GEN24_1047169","No other reason"
"GEN24_1047170","Holiday / vacation"
"GEN24_1047172","No other reason"
"GEN24_1047173","Holiday / vacation"
"GEN24_1047176","No other reason"
"GEN24_1047181","No other reason"
"GEN24_1047186","Holiday / vacation"
"GEN24_1047187","No other reason"
"GEN24_1047188","VFR"
"GEN24_1047189","No other reason"
"GEN24_1047190","No other reason"
"GEN24_1047191","Holiday / vacation"
"GEN24_1047193","No other reason"
"GEN24_1047195","No other reason"
"GEN24_1047197","No other reason"
"GEN24_1047208","VFR"
"GEN24_1047209","Holiday / vacation"
"GEN24_1047211","No other reason"
"GEN24_1047213","Holiday / vacation"
"GEN24_1047218","No other reason"
"GEN24_1047220","VFR"
"GEN24_1047221","Holiday / vacation"
"GEN24_1047222","Holiday / vacation"
"GEN24_1047225","Holiday / vacation"
"GEN24_1047228","No other reason"
"GEN24_1047232","Holiday / vacation"
"GEN24_1047233","Holiday / vacation"
"GEN24_1047238","VFR"
"GEN24_1047250","Education"
"GEN24_1047253","No other reason"
"GEN24_1047261","VFR"
"GEN24_1047262","VFR"
"GEN24_1047266","VFR"
"GEN24_1047269","No other reason"
"GEN24_1047271","No other reason"
"GEN24_1047278","No other reason"
"GEN24_1047282","VFR"
"GEN24_1047284","No other reason"
"GEN24_1047285","VFR"
"GEN24_1047295","VFR"
"GEN24_1047296","No other reason"
"GEN24_1047298","Other"
"GEN24_1047299","Holiday / vacation"
"GEN24_1047300","No other reason"
"GEN24_1047305","No other reason"
"GEN24_1047308","No other reason"
"GEN24_1047325","Holiday / vacation"
"GEN24_1047326","No other reason"
"GEN24_1047333","No other reason"
"GEN24_1047359","VFR"
"GEN24_1047361","VFR"
"GEN24_1047373","No other reason"
"GEN24_1047375","No other reason"
"GEN24_1047379","No other reason"
"GEN24_1047386","Holiday / vacation"
"GEN24_1047388","Business"
"GEN24_1047388","Holiday / vacation"
"GEN24_1047392","VFR"
"GEN24_1047394","Holiday / vacation"
"GEN24_1047396","VFR"
"GEN24_1047400","Holiday / vacation"
"GEN24_1047404","No other reason"
"GEN24_1047406","No other reason"
"GEN24_1047415","No other reason"
"GEN24_1047417","Holiday / vacation"
"GEN24_1047418","VFR"
"GEN24_1047420","VFR"
"GEN24_1047424","Other"
"GEN24_1047427","Holiday / vacation"
"GEN24_1047428","Holiday / vacation"
"GEN24_1047430","No other reason"
"GEN24_1047432","No other reason"
"GEN24_1047435","VFR"
"GEN24_1047436","Holiday / vacation"
"GEN24_1047438","No other reason"
"GEN24_1047440","VFR"
"GEN24_1047445","Holiday / vacation"
"GEN24_1047447","Holiday / vacation"
"GEN24_1047453","VFR"
"GEN24_1047454","Holiday / vacation"
"GEN24_1047456","Holiday / vacation"
"GEN24_1047458","VFR"
"GEN24_1047459","VFR"
"GEN24_1047460","No other reason"
"GEN24_1047462","No other reason"
"GEN24_1047463","No other reason"
"GEN24_1047466","No other reason"
"GEN24_1047467","Holiday / vacation"
"GEN24_1047470","No other reason"
"GEN24_1047473","No other reason"
"GEN24_1047481","VFR"
"GEN24_1047483","VFR"
"GEN24_1047486","Holiday / vacation"
"GEN24_1047489","No other reason"
"GEN24_1047490","VFR"
"GEN24_1047491","No other reason"
"GEN24_1047493","VFR"
"GEN24_1047497","VFR"
"GEN24_1047500","VFR"
"GEN24_1047513","No other reason"
"GEN24_1047517","Holiday / vacation"
"GEN24_1047518","No other reason"
"GEN24_1047526","No other reason"
"GEN24_1047528","Holiday / vacation"
"GEN24_1047530","No other reason"
"GEN24_1047536","Holiday / vacation"
"GEN24_1047551","Other"
"GEN24_1047558","Holiday / vacation"
"GEN24_1047567","No other reason"
"GEN24_1047569","No other reason"
"GEN24_1047573","No other reason"
"GEN24_1047575","No other reason"
"GEN24_1047581","VFR"
"GEN24_1047588","No other reason"
"GEN24_1047595","No other reason"
"GEN24_1047602","No other reason"
"GEN24_1047607","Holiday / vacation"
"GEN24_1047612","Holiday / vacation"
"GEN24_1047625","Holiday / vacation"
"GEN24_1047628","VFR"
"GEN24_1047633","Holiday / vacation"
"GEN24_1047638","No other reason"
"GEN24_1047646","Holiday / vacation"
"GEN24_1047656","No other reason"
"GEN24_1047658","Holiday / vacation"
"GEN24_1047661","Holiday / vacation"
"GEN24_1047662","No other reason"
"GEN24_1047665","VFR"
"GEN24_1047669","Holiday / vacation"
"GEN24_1047687","Education"
"GEN24_1047690","Holiday / vacation"
"GEN24_1047708","Holiday / vacation"
"GEN24_1047709","No other reason"
"GEN24_1047720","No other reason"
"GEN24_1047721","VFR"
"GEN24_1047725","VFR"
"GEN24_1047727","No other reason"
"GEN24_1047729","Holiday / vacation"
"GEN24_1047730","No other reason"
"GEN24_1047731","No other reason"
"GEN24_1047732","No other reason"
"GEN24_1047739","Holiday / vacation"
"GEN24_1047740","VFR"
"GEN24_1047748","No other reason"
"GEN24_1047752","VFR"
"GEN24_1047753","No other reason"
"GEN24_1047766","Other"
"GEN24_1047767","Holiday / vacation"
"GEN24_1047774","Holiday / vacation"
"GEN24_1047776","VFR"
"GEN24_1047779","No other reason"
"GEN24_1047784","No other reason"
"GEN24_1047785","No other reason"
"GEN24_1047786","Holiday / vacation"
"GEN24_1047789","Holiday / vacation"
"GEN24_1047790","Holiday / vacation"
"GEN24_1047795","VFR"
"GEN24_1047799","No other reason"
"GEN24_1047817","No other reason"
"GEN24_1047820","No other reason"
"GEN24_1047821","VFR"
"GEN24_1047828","No other reason"
"GEN24_1047830","No other reason"
"GEN24_1047831","Holiday / vacation"
"GEN24_1047833","No other reason"
"GEN24_1047843","No other reason"
"GEN24_1047844","No other reason"
"GEN24_1047848","Holiday / vacation"
"GEN24_1047854","No other reason"
"GEN24_1047855","No other reason"
"GEN24_1047862","No other reason"
"GEN24_1047867","Holiday / vacation"
"GEN24_1047869","Holiday / vacation"
"GEN24_1047869","Other"
"GEN24_1047876","No other reason"
"GEN24_1047877","Other"
"GEN24_1047883","Holiday / vacation"
"GEN24_1047888","VFR"
"GEN24_1047895","Education"
"GEN24_1047899","No other reason"
"GEN24_1047911","Holiday / vacation"
"GEN24_1047923","No other reason"
"GEN24_1047927","Holiday / vacation"
"GEN24_1047929","No other reason"
"GEN24_1047934","No other reason"
"GEN24_1047937","Holiday / vacation"
"GEN24_1047940","Other"
"GEN24_1047941","VFR"
"GEN24_1047946","No other reason"
"GEN24_1047947","No other reason"
"GEN24_1047948","No other reason"
"GEN24_1047955","No other reason"
"GEN24_1047966","No other reason"
"GEN24_1047972","Holiday / vacation"
"GEN24_1047973","No other reason"
"GEN24_1047978","No other reason"
"GEN24_1047983","No other reason"
"GEN24_1047986","Holiday / vacation"
"GEN24_1047994","Holiday / vacation"
"GEN24_1048009","VFR"
"GEN24_1048012","No other reason"
"GEN24_1048013","No other reason"
"GEN24_1048016","No other reason"
"GEN24_1048018","Holiday / vacation"
"GEN24_1048020","Education"
"GEN24_1048021","No other reason"
"GEN24_1048024","No other reason"
"GEN24_1048025","VFR"
"GEN24_1048026","Holiday / vacation"
"GEN24_1048027","No other reason"
"GEN24_1048034","VFR"
"GEN24_1048035","Business"
"GEN24_1048039","VFR"
"GEN24_1048047","Holiday / vacation"
"GEN24_1048051","No other reason"
"GEN24_1048052","VFR"
"GEN24_1048058","No other reason"
"GEN24_1048060","No other reason"
"GEN24_1048061","VFR"
"GEN24_1048064","No other reason"
"GEN24_1048067","Holiday / vacation"
"GEN24_1048068","No other reason"
"GEN24_1048071","No other reason"
"GEN24_1048072","Holiday / vacation"
"GEN24_1048078","Holiday / vacation"
"GEN24_1048079","No other reason"
"GEN24_1048080","No other reason"
"GEN24_1048081","Holiday / vacation"
"GEN24_1048083","No other reason"
"GEN24_1048085","No other reason"
"GEN24_1048087","No other reason"
"GEN24_1048089","No other reason"
"GEN24_1048090","No other reason"
"GEN24_1048095","No other reason"
"GEN24_1048103","No other reason"
"GEN24_1048104","No other reason"
"GEN24_1048105","VFR"
"GEN24_1048117","Other"
"GEN24_1048123","No other reason"
"GEN24_1048127","Holiday / vacation"
"GEN24_1048128","No other reason"
"GEN24_1048135","Holiday / vacation"
"GEN24_1048142","No other reason"
"GEN24_1048143","No other reason"
"GEN24_1048144","Holiday / vacation"
"GEN24_1048145","VFR"
"GEN24_1048149","No other reason"
"GEN24_1048151","VFR"
"GEN24_1048154","Holiday / vacation"
"GEN24_1048157","No other reason"
"GEN24_1048162","No other reason"
"GEN24_1048163","No other reason"
"GEN24_1048164","No other reason"
"GEN24_1048165","Holiday / vacation"
"GEN24_1048167","Holiday / vacation"
"GEN24_1048168","Business"
"GEN24_1048169","No other reason"
"GEN24_1048177","Holiday / vacation"
"GEN24_1048195","No other reason"
"GEN24_1048215","No other reason"
"GEN24_1048220","No other reason"
"GEN24_1048221","No other reason"
"GEN24_1048226","Holiday / vacation"
"GEN24_1048227","Holiday / vacation"
"GEN24_1048240","No other reason"
"GEN24_1048248","No other reason"
"GEN24_1048251","No other reason"
"GEN24_1048265","No other reason"
"GEN24_1048267","VFR"
"GEN24_1048269","No other reason"
"GEN24_1048275","No other reason"
"GEN24_1048276","No other reason"
"GEN24_1048279","No other reason"
"GEN24_1048282","No other reason"
"GEN24_1048284","Education"
"GEN24_1048287","No other reason"
"GEN24_1048294","No other reason"
"GEN24_1048295","No other reason"
"GEN24_1048296","No other reason"
"GEN24_1048297","No other reason"
"GEN24_1048304","VFR"
"GEN24_1048305","Holiday / vacation"
"GEN24_1048307","No other reason"
"GEN24_1048308","No other reason"
"GEN24_1048311","Holiday / vacation"
"GEN24_1048314","No other reason"
"GEN24_1048325","Other"
"GEN24_1048326","No other reason"
"GEN24_1048327","Other"
"GEN24_1048331","No other reason"
"GEN24_1048334","Holiday / vacation"
"GEN24_1048335","Holiday / vacation"
"GEN24_1048340","VFR"
"GEN24_1048344","No other reason"
"GEN24_1048351","No other reason"
"GEN24_1048355","No other reason"
"GEN24_1048356","Holiday / vacation"
"GEN24_1048362","No other reason"
"GEN24_1048369","Other"
"GEN24_1048370","No other reason"
"GEN24_1048374","No other reason"
"GEN24_1048378","No other reason"
"GEN24_1048379","Other"
"GEN24_1048382","No other reason"
"GEN24_1048383","No other reason"
"GEN24_1048385","No other reason"
"GEN24_1048392","No other reason"
"GEN24_1048396","Other"
"GEN24_1048397","Holiday / vacation"
"GEN24_1048400","No other reason"
"GEN24_1048401","No other reason"
"GEN24_1048404","No other reason"
"GEN24_1048410","Holiday / vacation"
"GEN24_1048412","Holiday / vacation"
"GEN24_1048425","Education"
"GEN24_1048426","Holiday / vacation"
"GEN24_1048429","No other reason"
"GEN24_1048430","No other reason"
"GEN24_1048432","No other reason"
"GEN24_1048433","Holiday / vacation"
"GEN24_1048435","Business"
"GEN24_1048436","No other reason"
"GEN24_1048442","Other"
"GEN24_1048444","No other reason"
"GEN24_1048445","Holiday / vacation"
"GEN24_1048452","No other reason"
"GEN24_1048459","No other reason"
"GEN24_1048461","No other reason"
"GEN24_1048464","No other reason"
"GEN24_1048465","Holiday / vacation"
"GEN24_1048468","VFR"
"GEN24_1048470","Holiday / vacation"
"GEN24_1048473","No other reason"
"GEN24_1048477","No other reason"
"GEN24_1048479","No other reason"
"GEN24_1048485","No other reason"
"GEN24_1048486","No other reason"
"GEN24_1048487","No other reason"
"GEN24_1048488","Holiday / vacation"
"GEN24_1048495","No other reason"
"GEN24_1048497","VFR"
"GEN24_1048498","Holiday / vacation"
"GEN24_1048499","VFR"
"GEN24_1048500","No other reason"
"GEN24_1048502","Holiday / vacation"
"GEN24_1048505","No other reason"
"GEN24_1048506","Holiday / vacation"
"GEN24_1048507","No other reason"
"GEN24_1048510","No other reason"
"GEN24_1048517","No other reason"
"GEN24_1048523","Holiday / vacation"
"GEN24_1048532","No other reason"
"GEN24_1048533","No other reason"
"GEN24_1048535","No other reason"
"GEN24_1048539","Holiday / vacation"
"GEN24_1048542","Holiday / vacation"
"GEN24_1048543","No other reason"
"GEN24_1048548","No other reason"
"GEN24_1048549","No other reason"
"GEN24_1048552","No other reason"
"GEN24_1048553","No other reason"
"GEN24_1048554","Holiday / vacation"
"GEN24_1048557","No other reason"
"GEN24_1048569","No other reason"
"GEN24_1048573","Holiday / vacation"
"GEN24_1048574","No other reason"
"GEN24_1048577","No other reason"
"GEN24_1048578","No other reason"
"GEN24_1048587","Holiday / vacation"
"GEN24_1048591","Holiday / vacation"
"GEN24_1048592","No other reason"
"GEN24_1048595","No other reason"
"GEN24_1048597","No other reason"
"GEN24_1048599","No other reason"
"GEN24_1048600","No other reason"
"GEN24_1048601","No other reason"
"GEN24_1048603","No other reason"
"GEN24_1048604","No other reason"
"GEN24_1048605","No other reason"
"GEN24_1048608","No other reason"
"GEN24_1048617","Holiday / vacation"
"GEN24_1048624","No other reason"
"GEN24_1048627","Holiday / vacation"
"GEN24_1048628","No other reason"
"GEN24_1048634","Holiday / vacation"
"GEN24_1048641","No other reason"
"GEN24_1048643","Other"
"GEN24_1048649","Conference / convention"
"GEN24_1048650","No other reason"
"GEN24_1048651","Other"
"GEN24_1048658","No other reason"
"GEN24_1048661","VFR"
"GEN24_1048668","No other reason"
"GEN24_1048670","No other reason"
"GEN24_1048674","No other reason"
"GEN24_1048675","VFR"
"GEN24_1048676","No other reason"
"GEN24_1048693","Holiday / vacation"
"GEN24_1048695","No other reason"
"GEN24_1048703","No other reason"
"GEN24_1048709","No other reason"
"GEN24_1048712","No other reason"
"GEN24_1048713","No other reason"
"GEN24_1048715","VFR"
"GEN24_1048727","VFR"
"GEN24_1048732","No other reason"
"GEN24_1048736","VFR"
"GEN24_1048739","No other reason"
"GEN24_1048749","No other reason"
"GEN24_1048752","No other reason"
"GEN24_1048754","No other reason"
"GEN24_1048755","Holiday / vacation"
"GEN24_1048760","Holiday / vacation"
"GEN24_1048762","No other reason"
"GEN24_1048770","No other reason"
"GEN24_1048780","Holiday / vacation"
"GEN24_1048782","VFR"
"GEN24_1048784","No other reason"
"GEN24_1048787","Holiday / vacation"
"GEN24_1048790","No other reason"
"GEN24_1048792","Holiday / vacation"
"GEN24_1048802","No other reason"
"GEN24_1048818","No other reason"
"GEN24_1048820","VFR"
"GEN24_1048827","VFR"
"GEN24_1048833","Education"
"GEN24_1048840","No other reason"
"GEN24_1048841","No other reason"
"GEN24_1048847","VFR"
"GEN24_1048848","Holiday / vacation"
"GEN24_1048852","Holiday / vacation"
"GEN24_1048853","Holiday / vacation"
"GEN24_1048854","No other reason"
"GEN24_1048861","Other"
"GEN24_1048868","No other reason"
"GEN24_1048881","VFR"
"GEN24_1048882","Other"
"GEN24_1048883","Holiday / vacation"
"GEN24_1048885","No other reason"
"GEN24_1048886","No other reason"
"GEN24_1048888","No other reason"
"GEN24_1048889","Holiday / vacation"
"GEN24_1048892","No other reason"
"GEN24_1048893","Holiday / vacation"
"GEN24_1048894","No other reason"
"GEN24_1048895","VFR"
"GEN24_1048897","No other reason"
"GEN24_1048898","No other reason"
"GEN24_1048899","Holiday / vacation"
"GEN24_1048900","No other reason"
"GEN24_1048902","VFR"
"GEN24_1048904","No other reason"
"GEN24_1048906","Holiday / vacation"
"GEN24_1048910","Other"
"GEN24_1048913","Holiday / vacation"
"GEN24_1048916","No other reason"
"GEN24_1048917","No other reason"
"GEN24_1048920","No other reason"
"GEN24_1048923","No other reason"
"GEN24_1048932","No other reason"
"GEN24_1048933","No other reason"
"GEN24_1048940","No other reason"
"GEN24_1048941","No other reason"
"GEN24_1048943","VFR"
"GEN24_1048945","No other reason"
"GEN24_1048946","No other reason"
"GEN24_1048949","No other reason"
"GEN24_1048953","No other reason"
"GEN24_1048954","No other reason"
"GEN24_1048955","No other reason"
"GEN24_1048956","No other reason"
"GEN24_1048965","No other reason"
"GEN24_1048966","VFR"
"GEN24_1048973","No other reason"
"GEN24_1048977","No other reason"
"GEN24_1048980","No other reason"
"GEN24_1048985","No other reason"
"GEN24_1048987","No other reason"
"GEN24_1048990","VFR"
"GEN24_1048998","No other reason"
"GEN24_1049002","No other reason"
"GEN24_1049004","Holiday / vacation"
"GEN24_1049008","No other reason"
"GEN24_1049011","No other reason"
"GEN24_1049016","Holiday / vacation"
"GEN24_1049020","Holiday / vacation"
"GEN24_1049022","Other"
"GEN24_1049025","No other reason"
"GEN24_1049028","Holiday / vacation"
"GEN24_1049032","No other reason"
"GEN24_1049034","Holiday / vacation"
"GEN24_1049038","No other reason"
"GEN24_1049039","Holiday / vacation"
"GEN24_1049040","VFR"
"GEN24_1049041","No other reason"
"GEN24_1049043","Other"
"GEN24_1049050","No other reason"
"GEN24_1049057","No other reason"
"GEN24_1049062","Holiday / vacation"
"GEN24_1049062","Other"
"GEN24_1049065","VFR"
"GEN24_1049071","VFR"
"GEN24_1049074","VFR"
"GEN24_1049075","Other"
"GEN24_1049078","No other reason"
"GEN24_1049079","Holiday / vacation"
"GEN24_1049080","Holiday / vacation"
"GEN24_1049089","No other reason"
"GEN24_1049110","No other reason"
"GEN24_1049116","No other reason"
"GEN24_1049121","No other reason"
"GEN24_1049123","Holiday / vacation"
"GEN24_1049124","No other reason"
"GEN24_1049131","Business"
"GEN24_1049135","No other reason"
"GEN24_1049138","No other reason"
"GEN24_1049146","Other"
"GEN24_1049157","No other reason"
"GEN24_1049159","No other reason"
"GEN24_1049161","Other"
"GEN24_1049174","No other reason"
"GEN24_1049178","No other reason"
"GEN24_1049182","Holiday / vacation"
"GEN24_1049195","No other reason"
"GEN24_1049196","No other reason"
"GEN24_1049204","Other"
"GEN24_1049209","No other reason"
"GEN24_1049213","No other reason"
"GEN24_1049214","No other reason"
"GEN24_1049215","Holiday / vacation"
"GEN24_1049216","No other reason"
"GEN24_1049217","No other reason"
"GEN24_1049220","Holiday / vacation"
"GEN24_1049227","No other reason"
"GEN24_1049228","No other reason"
"GEN24_1049231","No other reason"
"GEN24_1049233","Other"
"GEN24_1049236","No other reason"
"GEN24_1049242","No other reason"
"GEN24_1049244","No other reason"
"GEN24_1049249","No other reason"
"GEN24_1049251","No other reason"
"GEN24_1049260","Holiday / vacation"
"GEN24_1049262","VFR"
"GEN24_1049263","Holiday / vacation"
"GEN24_1049264","No other reason"
"GEN24_1049265","No other reason"
"GEN24_1049266","No other reason"
"GEN24_1049267","VFR"
"GEN24_1049273","No other reason"
"GEN24_1049281","No other reason"
"GEN24_1049282","Conference / convention"
"GEN24_1049284","No other reason"
"GEN24_1049293","Holiday / vacation"
"GEN24_1049305","No other reason"
"GEN24_1049318","No other reason"
"GEN24_1049319","Holiday / vacation"
"GEN24_1049322","VFR"
"GEN24_1049328","Other"
"GEN24_1049330","Holiday / vacation"
"GEN24_1049332","No other reason"
"GEN24_1049333","No other reason"
"GEN24_1049334","No other reason"
"GEN24_1049335","No other reason"
"GEN24_1049339","No other reason"
"GEN24_1049341","No other reason"
"GEN24_1049347","VFR"
"GEN24_1049349","Other"
"GEN24_1049355","No other reason"
"GEN24_1049356","Holiday / vacation"
"GEN24_1049357","VFR"
"GEN24_1049360","No other reason"
"GEN24_1049361","Holiday / vacation"
"GEN24_1049362","Holiday / vacation"
"GEN24_1049364","Business"
"GEN24_1049364","Holiday / vacation"
"GEN24_1049365","VFR"
"GEN24_1049371","No other reason"
"GEN24_1049385","No other reason"
"GEN24_1049387","VFR"
"GEN24_1049403","Holiday / vacation"
"GEN24_1049404","No other reason"
"GEN24_1049405","No other reason"
"GEN24_1049414","Other"
"GEN24_1049415","VFR"
"GEN24_1049416","No other reason"
"GEN24_1049419","No other reason"
"GEN24_1049423","Holiday / vacation"
"GEN24_1049429","No other reason"
"GEN24_1049430","No other reason"
"GEN24_1049433","Holiday / vacation"
"GEN24_1049441","Holiday / vacation"
"GEN24_1049443","No other reason"
"GEN24_1049447","No other reason"
"GEN24_1049448","No other reason"
"GEN24_1049455","Holiday / vacation"
"GEN24_1049459","No other reason"
"GEN24_1049461","Holiday / vacation"
"GEN24_1049467","No other reason"
"GEN24_1049473","No other reason"
"GEN24_1049485","Holiday / vacation"
"GEN24_1049489","No other reason"
"GEN24_1049496","No other reason"
"GEN24_1049498","No other reason"
"GEN24_1049500","No other reason"
"GEN24_1049501","No other reason"
"GEN24_1049504","Holiday / vacation"
"GEN24_1049521","Holiday / vacation"
"GEN24_1049524","No other reason"
"GEN24_1049527","No other reason"
"GEN24_1049528","Holiday / vacation"
"GEN24_1049538","No other reason"
"GEN24_1049539","No other reason"
"GEN24_1049540","No other reason"
"GEN24_1049544","VFR"
"GEN24_1049551","VFR"
"GEN24_1049554","Business"
"GEN24_1049554","Holiday / vacation"
"GEN24_1049555","No other reason"
"GEN24_1049558","No other reason"
"GEN24_1049571","VFR"
"GEN24_1049573","No other reason"
"GEN24_1049585","No other reason"
"GEN24_1049588","VFR"
"GEN24_1049589","No other reason"
"GEN24_1049594","VFR"
"GEN24_1049595","No other reason"
"GEN24_1049603","No other reason"
"GEN24_1049604","No other reason"
"GEN24_1049617","No other reason"
"GEN24_1049623","VFR"
"GEN24_1049631","VFR"
"GEN24_1049635","VFR"
"GEN24_1049644","No other reason"
"GEN24_1049657","No other reason"
"GEN24_1049659","VFR"
"GEN24_1049661","No other reason"
"GEN24_1049662","Holiday / vacation"
"GEN24_1049663","No other reason"
"GEN24_1049665","VFR"
"GEN24_1049666","No other reason"
"GEN24_1049667","Other"
"GEN24_1049668","No other reason"
"GEN24_1049678","Holiday / vacation"
"GEN24_1049679","Holiday / vacation"
"GEN24_1049681","VFR"
"GEN24_1049686","No other reason"
"GEN24_1049688","No other reason"
"GEN24_1049690","No other reason"
"GEN24_1049695","Holiday / vacation"
"GEN24_1049696","Other"
"GEN24_1049698","No other reason"
"GEN24_1049703","Holiday / vacation"
"GEN24_1049705","No other reason"
"GEN24_1049706","VFR"
"GEN24_1049709","No other reason"
"GEN24_1049718","No other reason"
"GEN24_1049720","Holiday / vacation"
"GEN24_1049722","No other reason"
"GEN24_1049723","Holiday / vacation"
"GEN24_1049726","No other reason"
"GEN24_1049735","Other"
"GEN24_1049736","Holiday / vacation"
"GEN24_1049736","Other"
"GEN24_1049742","VFR"
"GEN24_1049746","No other reason"
"GEN24_1049747","No other reason"
"GEN24_1049749","No other reason"
"GEN24_1049782","Holiday / vacation"
"GEN24_1049789","No other reason"
"GEN24_1049800","No other reason"
"GEN24_1049808","No other reason"
"GEN24_1049810","Other"
"GEN24_1049810","VFR"
"GEN24_1049812","No other reason"
"GEN24_1049815","No other reason"
"GEN24_1049821","No other reason"
"GEN24_1049823","No other reason"
"GEN24_1049827","No other reason"
"GEN24_1049829","No other reason"
"GEN24_1049832","Holiday / vacation"
"GEN24_1049834","Holiday / vacation"
"GEN24_1049835","VFR"
"GEN24_1049839","Holiday / vacation"
"GEN24_1049844","No other reason"
"GEN24_1049845","Holiday / vacation"
"GEN24_1049846","No other reason"
"GEN24_1049847","VFR"
"GEN24_1049858","No other reason"
"GEN24_1049859","VFR"
"GEN24_1049863","No other reason"
"GEN24_1049872","No other reason"
"GEN24_1049886","No other reason"
"GEN24_1049890","No other reason"
"GEN24_1049897","Holiday / vacation"
"GEN24_1049898","No other reason"
"GEN24_1049900","No other reason"
"GEN24_1049902","No other reason"
"GEN24_1049903","No other reason"
"GEN24_1049904","No other reason"
"GEN24_1049911","Holiday / vacation"
"GEN24_1049912","Holiday / vacation"
"GEN24_1049913","No other reason"
"GEN24_1049918","VFR"
"GEN24_1049919","No other reason"
"GEN24_1049922","Holiday / vacation"
"GEN24_1049923","Other"
"GEN24_1049924","Holiday / vacation"
"GEN24_1049925","Other"
"GEN24_1049928","No other reason"
"GEN24_1049936","Other"
"GEN24_1049940","No other reason"
"GEN24_1049951","Holiday / vacation"
"GEN24_1049957","No other reason"
"GEN24_1049959","No other reason"
"GEN24_1049965","Holiday / vacation"
"GEN24_1049967","Holiday / vacation"
"GEN24_1049972","No other reason"
"GEN24_1049973","No other reason"
"GEN24_1049981","Holiday / vacation"
"GEN24_1049985","No other reason"
"GEN24_1049986","No other reason"
"GEN24_1049987","No other reason"
"GEN24_1049988","No other reason"
"GEN24_1049990","No other reason"
"GEN24_1049994","No other reason"
"GEN24_1049996","No other reason"
"GEN24_1050001","No other reason"
"GEN24_1050006","No other reason"
"GEN24_1050008","Holiday / vacation"
"GEN24_1050009","No other reason"
"GEN24_1050010","No other reason"
"GEN24_1050013","Holiday / vacation"
"GEN24_1050014","Holiday / vacation"
"GEN24_1050017","No other reason"
"GEN24_1050022","No other reason"
"GEN24_1050023","No other reason"
"GEN24_1050025","No other reason"
"GEN24_1050026","No other reason"
"GEN24_1050030","Other"
"GEN24_1050031","No other reason"
"GEN24_1050033","No other reason"
"GEN24_1050034","VFR"
"GEN24_1050044","Holiday / vacation"
"GEN24_1050046","Other"
"GEN24_1050051","VFR"
"GEN24_1050054","VFR"
"GEN24_1050060","Holiday / vacation"
"GEN24_1050062","No other reason"
"GEN24_1050065","No other reason"
"GEN24_1050070","Holiday / vacation"
"GEN24_1050071","No other reason"
"GEN24_1050076","Holiday / vacation"
"GEN24_1050082","No other reason"
"GEN24_1050083","No other reason"
"GEN24_1050085","Holiday / vacation"
"GEN24_1050086","No other reason"
"GEN24_1050087","No other reason"
"GEN24_1050088","Other"
"GEN24_1050089","No other reason"
"GEN24_1050094","Business"
"GEN24_1050095","Holiday / vacation"
"GEN24_1050098","Holiday / vacation"
"GEN24_1050105","No other reason"
"GEN24_1050107","Conference / convention"
"GEN24_1050109","No other reason"
"GEN24_1050117","No other reason"
"GEN24_1050118","No other reason"
"GEN24_1050119","No other reason"
"GEN24_1050120","No other reason"
"GEN24_1050128","Holiday / vacation"
"GEN24_1050135","Business"
"GEN24_1050135","Holiday / vacation"
"GEN24_1050139","No other reason"
"GEN24_1050142","No other reason"
"GEN24_1050143","No other reason"
"GEN24_1050153","No other reason"
"GEN24_1050163","No other reason"
"GEN24_1050164","VFR"
"GEN24_1050167","No other reason"
"GEN24_1050183","VFR"
"GEN24_1050188","No other reason"
"GEN24_1050192","Other"
"GEN24_1050195","VFR"
"GEN24_1050200","No other reason"
"GEN24_1050201","No other reason"
"GEN24_1050209","No other reason"
"GEN24_1050210","Holiday / vacation"
"GEN24_1050215","No other reason"
"GEN24_1050230","Holiday / vacation"
"GEN24_1050230","Other"
"GEN24_1050245","VFR"
"GEN24_1050248","No other reason"
"GEN24_1050250","No other reason"
"GEN24_1050251","No other reason"
"GEN24_1050252","No other reason"
"GEN24_1050254","VFR"
"GEN24_1050255","No other reason"
"GEN24_1050259","No other reason"
"GEN24_1050262","No other reason"
"GEN24_1050270","No other reason"
"GEN24_1050272","No other reason"
"GEN24_1050278","Holiday / vacation"
"GEN24_1050280","Holiday / vacation"
"GEN24_1050285","Holiday / vacation"
"GEN24_1050291","No other reason"
"GEN24_1050294","Other"
"GEN24_1050294","VFR"
"GEN24_1050298","No other reason"
"GEN24_1050301","No other reason"
"GEN24_1050302","No other reason"
"GEN24_1050303","No other reason"
"GEN24_1050307","No other reason"
"GEN24_1050310","Other"
"GEN24_1050337","VFR"
"GEN24_1050348","Holiday / vacation"
"GEN24_1050351","No other reason"
"GEN24_1050355","VFR"
"GEN24_1050361","No other reason"
"GEN24_1050365","VFR"
"GEN24_1050366","No other reason"
"GEN24_1050369","Business"
"GEN24_1050369","Holiday / vacation"
"GEN24_1050383","No other reason"
"GEN24_1050409","No other reason"
"GEN24_1050412","No other reason"
"GEN24_1050413","VFR"
"GEN24_1050415","Holiday / vacation"
"GEN24_1050416","VFR"
"GEN24_1050420","No other reason"
"GEN24_1050422","Other"
"GEN24_1050425","No other reason"
"GEN24_1050428","No other reason"
"GEN24_1050432","No other reason"
"GEN24_1050436","VFR"
"GEN24_1050447","No other reason"
"GEN24_1050450","No other reason"
"GEN24_1050455","Holiday / vacation"
"GEN24_1050468","Holiday / vacation"
"GEN24_1050469","No other reason"
"GEN24_1050473","VFR"
"GEN24_1050475","No other reason"
"GEN24_1050477","Holiday / vacation"
"GEN24_1050481","VFR"
"GEN24_1050485","No other reason"
"GEN24_1050486","No other reason"
"GEN24_1050492","Other"
"GEN24_1050504","No other reason"
"GEN24_1050507","Other"
"GEN24_1050508","Holiday / vacation"
"GEN24_1050509","Holiday / vacation"
"GEN24_1050514","No other reason"
"GEN24_1050516","No other reason"
"GEN24_1050525","VFR"
"GEN24_1050526","No other reason"
"GEN24_1050528","No other reason"
"GEN24_1050531","No other reason"
"GEN24_1050533","Holiday / vacation"
"GEN24_1050534","No other reason"
"GEN24_1050548","No other reason"
"GEN24_1050549","No other reason"
"GEN24_1050551","Holiday / vacation"
"GEN24_1050552","No other reason"
"GEN24_1050554","No other reason"
"GEN24_1050555","Holiday / vacation"
"GEN24_1050557","No other reason"
"GEN24_1050561","No other reason"
"GEN24_1050563","No other reason"
"GEN24_1050564","No other reason"
"GEN24_1050566","VFR"
"GEN24_1050567","No other reason"
"GEN24_1050568","Holiday / vacation"
"GEN24_1050571","VFR"
"GEN24_1050574","No other reason"
"GEN24_1050580","VFR"
"GEN24_1050581","No other reason"
"GEN24_1050582","No other reason"
"GEN24_1050584","No other reason"
"GEN24_1050585","No other reason"
"GEN24_1050588","No other reason"
"GEN24_1050589","No other reason"
"GEN24_1050594","No other reason"
"GEN24_1050597","No other reason"
"GEN24_1050606","No other reason"
"GEN24_1050613","VFR"
"GEN24_1050619","Other"
"GEN24_1050632","Other"
"GEN24_1050635","No other reason"
"GEN24_1050639","VFR"
"GEN24_1050643","Holiday / vacation"
"GEN24_1050648","Other"
"GEN24_1050650","Holiday / vacation"
"GEN24_1050660","No other reason"
"GEN24_1050662","VFR"
"GEN24_1050663","No other reason"
"GEN24_1050664","VFR"
"GEN24_1050667","No other reason"
"GEN24_1050668","No other reason"
"GEN24_1050670","VFR"
"GEN24_1050676","No other reason"
"GEN24_1050677","VFR"
"GEN24_1050679","No other reason"
"GEN24_1050682","Holiday / vacation"
"GEN24_1050685","Holiday / vacation"
"GEN24_1050686","No other reason"
"GEN24_1050692","No other reason"
"GEN24_1050694","No other reason"
"GEN24_1050695","No other reason"
"GEN24_1050696","VFR"
"GEN24_1050698","No other reason"
"GEN24_1050701","No other reason"
"GEN24_1050705","VFR"
"GEN24_1050706","No other reason"
"GEN24_1050708","No other reason"
"GEN24_1050711","Holiday / vacation"
"GEN24_1050716","No other reason"
"GEN24_1050717","Holiday / vacation"
"GEN24_1050718","No other reason"
"GEN24_1050720","No other reason"
"GEN24_1050723","No other reason"
"GEN24_1050725","Holiday / vacation"
"GEN24_1050729","VFR"
"GEN24_1050731","No other reason"
"GEN24_1050732","No other reason"
"GEN24_1050733","VFR"
"GEN24_1050734","No other reason"
"GEN24_1050735","Other"
"GEN24_1050736","No other reason"
"GEN24_1050740","Holiday / vacation"
"GEN24_1050742","VFR"
"GEN24_1050748","No other reason"
"GEN24_1050755","No other reason"
"GEN24_1050761","No other reason"
"GEN24_1050762","Holiday / vacation"
"GEN24_1050763","Holiday / vacation"
"GEN24_1050765","VFR"
"GEN24_1050768","No other reason"
"GEN24_1050777","VFR"
"GEN24_1050783","No other reason"
"GEN24_1050786","No other reason"
"GEN24_1050799","No other reason"
"GEN24_1050800","No other reason"
"GEN24_1050802","VFR"
"GEN24_1050805","No other reason"
"GEN24_1050808","No other reason"
"GEN24_1050812","No other reason"
"GEN24_1050813","VFR"
"GEN24_1050814","Holiday / vacation"
"GEN24_1050815","No other reason"
"GEN24_1050816","No other reason"
"GEN24_1050817","No other reason"
"GEN24_1050818","No other reason"
"GEN24_1050820","VFR"
"GEN24_1050821","VFR"
"GEN24_1050822","No other reason"
"GEN24_1050827","No other reason"
"GEN24_1050828","No other reason"
"GEN24_1050832","VFR"
"GEN24_1050837","No other reason"
"GEN24_1050839","No other reason"
"GEN24_1050849","No other reason"
"GEN24_1050860","Holiday / vacation"
"GEN24_1050862","Holiday / vacation"
"GEN24_1050868","No other reason"
"GEN24_1050869","Other"
"GEN24_1050870","No other reason"
"GEN24_1050872","Holiday / vacation"
"GEN24_1050875","VFR"
"GEN24_1050876","No other reason"
"GEN24_1050877","Holiday / vacation"
"GEN24_1050878","No other reason"
"GEN24_1050882","No other reason"
"GEN24_1050888","No other reason"
"GEN24_1050889","No other reason"
"GEN24_1050890","No other reason"
"GEN24_1050894","Holiday / vacation"
"GEN24_1050896","No other reason"
"GEN24_1050899","No other reason"
"GEN24_1050904","No other reason"
"GEN24_1050907","Holiday / vacation"
"GEN24_1050909","Holiday / vacation"
"GEN24_1050917","No other reason"
"GEN24_1050918","No other reason"
"GEN24_1050920","No other reason"
"GEN24_1050921","No other reason"
"GEN24_1050926","VFR"
"GEN24_1050928","No other reason"
"GEN24_1050931","No other reason"
"GEN24_1050932","Holiday / vacation"
"GEN24_1050937","Conference / convention"
"GEN24_1050941","Other"
"GEN24_1050942","Holiday / vacation"
"GEN24_1050943","No other reason"
"GEN24_1050947","No other reason"
"GEN24_1050955","No other reason"
"GEN24_1050956","Holiday / vacation"
"GEN24_1050957","No other reason"
"GEN24_1050959","Holiday / vacation"
"GEN24_1050960","No other reason"
"GEN24_1050970","No other reason"
"GEN24_1050972","VFR"
"GEN24_1050978","No other reason"
"GEN24_1050982","No other reason"
"GEN24_1050986","Holiday / vacation"
"GEN24_1050989","No other reason"
"GEN24_1050992","No other reason"
"GEN24_1050995","Holiday / vacation"
"GEN24_1050998","Holiday / vacation"
"GEN24_1051000","No other reason"
"GEN24_1051002","No other reason"
"GEN24_1051004","No other reason"
"GEN24_1051009","VFR"
"GEN24_1051019","No other reason"
"GEN24_1051022","Holiday / vacation"
"GEN24_1051024","Holiday / vacation"
"GEN24_1051025","Holiday / vacation"
"GEN24_1051030","VFR"
"GEN24_1051031","No other reason"
"GEN24_1051039","Other"
"GEN24_1051041","No other reason"
"GEN24_1051046","Other"
"GEN24_1051048","No other reason"
"GEN24_1051058","No other reason"
"GEN24_1051061","No other reason"
"GEN24_1051062","No other reason"
"GEN24_1051064","No other reason"
"GEN24_1051067","No other reason"
"GEN24_1051081","No other reason"
"GEN24_1051084","No other reason"
"GEN24_1051089","Holiday / vacation"
"GEN24_1051090","No other reason"
"GEN24_1051091","No other reason"
"GEN24_1051093","Holiday / vacation"
"GEN24_1051095","VFR"
"GEN24_1051096","No other reason"
"GEN24_1051099","No other reason"
"GEN24_1051102","Holiday / vacation"
"GEN24_1051103","No other reason"
"GEN24_1051105","VFR"
"GEN24_1051127","No other reason"
"GEN24_1051135","VFR"
"GEN24_1051136","No other reason"
"GEN24_1051140","Holiday / vacation"
"GEN24_1051142","Holiday / vacation"
"GEN24_1051143","No other reason"
"GEN24_1051144","VFR"
"GEN24_1051145","No other reason"
"GEN24_1051146","No other reason"
"GEN24_1051149","Other"
"GEN24_1051150","No other reason"
"GEN24_1051155","No other reason"
"GEN24_1051169","Holiday / vacation"
"GEN24_1051171","Holiday / vacation"
"GEN24_1051178","Other"
"GEN24_1051180","No other reason"
"GEN24_1051182","No other reason"
"GEN24_1051184","No other reason"
"GEN24_1051187","No other reason"
"GEN24_1051188","Holiday / vacation"
"GEN24_1051192","No other reason"
"GEN24_1051193","No other reason"
"GEN24_1051196","No other reason"
"GEN24_1051198","Holiday / vacation"
"GEN24_1051200","No other reason"
"GEN24_1051203","Holiday / vacation"
"GEN24_1051206","No other reason"
"GEN24_1051207","Other"
"GEN24_1051209","No other reason"
"GEN24_1051212","No other reason"
"GEN24_1051213","No other reason"
"GEN24_1051222","Holiday / vacation"
"GEN24_1051227","No other reason"
"GEN24_1051228","No other reason"
"GEN24_1051230","Business"
"GEN24_1051231","No other reason"
"GEN24_1051236","Holiday / vacation"
"GEN24_1051239","Other"
"GEN24_1051243","Holiday / vacation"
"GEN24_1051246","VFR"
"GEN24_1051247","No other reason"
"GEN24_1051248","No other reason"
"GEN24_1051250","Holiday / vacation"
"GEN24_1051251","No other reason"
"GEN24_1051252","No other reason"
"GEN24_1051254","No other reason"
"GEN24_1051260","No other reason"
"GEN24_1051267","Holiday / vacation"
"GEN24_1051271","No other reason"
"GEN24_1051273","VFR"
"GEN24_1051278","Holiday / vacation"
"GEN24_1051279","No other reason"
"GEN24_1051280","Holiday / vacation"
"GEN24_1051283","VFR"
"GEN24_1051284","No other reason"
"GEN24_1051286","Holiday / vacation"
"GEN24_1051294","Other"
"GEN24_1051299","No other reason"
"GEN24_1051302","No other reason"
"GEN24_1051304","VFR"
"GEN24_1051305","No other reason"
"GEN24_1051306","No other reason"
"GEN24_1051309","Holiday / vacation"
"GEN24_1051313","Other"
"GEN24_1051313","VFR"
"GEN24_1051317","No other reason"
"GEN24_1051318","No other reason"
"GEN24_1051319","No other reason"
"GEN24_1051320","Holiday / vacation"
"GEN24_1051324","No other reason"
"GEN24_1051335","No other reason"
"GEN24_1051346","No other reason"
"GEN24_1051348","No other reason"
"GEN24_1051350","VFR"
"GEN24_1051351","Holiday / vacation"
"GEN24_1051352","No other reason"
"GEN24_1051356","VFR"
"GEN24_1051358","VFR"
"GEN24_1051365","Holiday / vacation"
"GEN24_1051375","No other reason"
"GEN24_1051378","No other reason"
"GEN24_1051379","No other reason"
"GEN24_1051380","No other reason"
"GEN24_1051382","VFR"
"GEN24_1051383","No other reason"
"GEN24_1051386","Other"
"GEN24_1051393","VFR"
"GEN24_1051394","Holiday / vacation"
"GEN24_1051396","No other reason"
"GEN24_1051407","Holiday / vacation"
"GEN24_1051409","No other reason"
"GEN24_1051414","No other reason"
"GEN24_1051420","VFR"
"GEN24_1051426","No other reason"
"GEN24_1051429","No other reason"
"GEN24_1051431","No other reason"
"GEN24_1051433","No other reason"
"GEN24_1051436","VFR"
"GEN24_1051449","Holiday / vacation"
"GEN24_1051455","No other reason"
"GEN24_1051458","No other reason"
"GEN24_1051471","No other reason"
"GEN24_1051472","No other reason"
"GEN24_1051475","No other reason"
"GEN24_1051478","Holiday / vacation"
"GEN24_1051479","No other reason"
"GEN24_1051481","Holiday / vacation"
"GEN24_1051482","Other"
"GEN24_1051483","Holiday / vacation"
"GEN24_1051488","VFR"
"GEN24_1051490","Holiday / vacation"
"GEN24_1051493","Holiday / vacation"
"GEN24_1051497","Holiday / vacation"
"GEN24_1051502","No other reason"
"GEN24_1051511","No other reason"
"GEN24_1051514","No other reason"
"GEN24_1051553","Holiday / vacation"
"GEN24_1051558","No other reason"
"GEN24_1051559","VFR"
"GEN24_1051567","VFR"
"GEN24_1051568","Holiday / vacation"
"GEN24_1051569","Holiday / vacation"
"GEN24_1051570","Holiday / vacation"
"GEN24_1051577","No other reason"
"GEN24_1051578","No other reason"
"GEN24_1051583","No other reason"
"GEN24_1051584","Holiday / vacation"
"GEN24_1051590","Conference / convention"
"GEN24_1051591","No other reason"
"GEN24_1051596","No other reason"
"GEN24_1051598","Holiday / vacation"
"GEN24_1051599","No other reason"
"GEN24_1051600","No other reason"
"GEN24_1051602","No other reason"
"GEN24_1051604","VFR"
"GEN24_1051605","No other reason"
"GEN24_1051614","Education"
"GEN24_1051615","VFR"
"GEN24_1051618","VFR"
"GEN24_1051632","No other reason"
"GEN24_1051634","Holiday / vacation"
"GEN24_1051650","No other reason"
"GEN24_1051651","VFR"
"GEN24_1051661","No other reason"
"GEN24_1051662","VFR"
"GEN24_1051666","Holiday / vacation"
"GEN24_1051666","VFR"
"GEN24_1051668","Holiday / vacation"
"GEN24_1051669","Holiday / vacation"
"GEN24_1051670","No other reason"
"GEN24_1051674","Holiday / vacation"
"GEN24_1051675","VFR"
"GEN24_1051676","No other reason"
"GEN24_1051680","Other"
"GEN24_1051685","Business"
"GEN24_1051686","No other reason"
"GEN24_1051687","Holiday / vacation"
"GEN24_1051688","No other reason"
"GEN24_1051699","No other reason"
"GEN24_1051701","No other reason"
"GEN24_1051704","Other"
"GEN24_1051707","No other reason"
"GEN24_1051709","No other reason"
"GEN24_1051710","VFR"
"GEN24_1051712","No other reason"
"GEN24_1051714","No other reason"
"GEN24_1051716","No other reason"
"GEN24_1051718","No other reason"
"GEN24_1051719","VFR"
"GEN24_1051723","No other reason"
"GEN24_1051731","No other reason"
"GEN24_1051734","No other reason"
"GEN24_1051736","No other reason"
"GEN24_1051748","Holiday / vacation"
"GEN24_1051752","Other"
"GEN24_1051755","No other reason"
"GEN24_1051761","No other reason"
"GEN24_1051765","No other reason"
"GEN24_1051768","Holiday / vacation"
"GEN24_1051771","No other reason"
"GEN24_1051772","VFR"
"GEN24_1051774","No other reason"
"GEN24_1051778","No other reason"
"GEN24_1051779","No other reason"
"GEN24_1051780","Conference / convention"
"GEN24_1051781","No other reason"
"GEN24_1051783","Other"
"GEN24_1051784","No other reason"
"GEN24_1051785","No other reason"
"GEN24_1051786","No other reason"
"GEN24_1051789","No other reason"
"GEN24_1051792","No other reason"
"GEN24_1051795","No other reason"
"GEN24_1051796","Business"
"GEN24_1051796","Holiday / vacation"
"GEN24_1051800","Holiday / vacation"
"GEN24_1051804","Holiday / vacation"
"GEN24_1051805","VFR"
"GEN24_1051807","Holiday / vacation"
"GEN24_1051813","Holiday / vacation"
"GEN24_1051816","VFR"
"GEN24_1051817","No other reason"
"GEN24_1051819","No other reason"
"GEN24_1051820","No other reason"
"GEN24_1051823","Holiday / vacation"
"GEN24_1051826","No other reason"
"GEN24_1051827","Holiday / vacation"
"GEN24_1051827","Other"
"GEN24_1051830","Holiday / vacation"
"GEN24_1051832","Holiday / vacation"
"GEN24_1051832","VFR"
"GEN24_1051833","No other reason"
"GEN24_1051834","No other reason"
"GEN24_1051836","Holiday / vacation"
"GEN24_1051838","No other reason"
"GEN24_1051839","No other reason"
"GEN24_1051841","No other reason"
"GEN24_1051844","No other reason"
"GEN24_1051845","No other reason"
"GEN24_1051848","No other reason"
"GEN24_1051851","Holiday / vacation"
"GEN24_1051852","No other reason"
"GEN24_1051855","Holiday / vacation"
"GEN24_1051857","VFR"
"GEN24_1051858","Holiday / vacation"
"GEN24_1051859","VFR"
"GEN24_1051863","No other reason"
"GEN24_1051864","No other reason"
"GEN24_1051867","No other reason"
"GEN24_1051868","Holiday / vacation"
"GEN24_1051879","Holiday / vacation"
"GEN24_1051880","VFR"
"GEN24_1051881","No other reason"
"GEN24_1051882","Holiday / vacation"
"GEN24_1051883","No other reason"
"GEN24_1051884","No other reason"
"GEN24_1051886","No other reason"
"GEN24_1051887","VFR"
"GEN24_1051889","No other reason"
"GEN24_1051900","No other reason"
"GEN24_1051901","Holiday / vacation"
"GEN24_1051904","No other reason"
"GEN24_1051917","VFR"
"GEN24_1051951","No other reason"
"GEN24_1051952","VFR"
"GEN24_1051955","Holiday / vacation"
"GEN24_1051956","No other reason"
"GEN24_1051957","No other reason"
"GEN24_1051961","No other reason"
"GEN24_1051963","VFR"
"GEN24_1051966","No other reason"
"GEN24_1051968","No other reason"
"GEN24_1051969","No other reason"
"GEN24_1051972","No other reason"
"GEN24_1051973","Other"
"GEN24_1051973","VFR"
"GEN24_1051976","No other reason"
"GEN24_1051978","No other reason"
"GEN24_1051979","No other reason"
"GEN24_1051980","No other reason"
"GEN24_1051982","No other reason"
"GEN24_1051983","VFR"
"GEN24_1051987","VFR"
"GEN24_1051989","No other reason"
"GEN24_1051998","No other reason"
"GEN24_1052000","Holiday / vacation"
"GEN24_1052006","VFR"
"GEN24_1052007","VFR"
"GEN24_1052009","No other reason"
"GEN24_1052010","No other reason"
"GEN24_1052011","No other reason"
"GEN24_1052014","Holiday / vacation"
"GEN24_1052015","Holiday / vacation"
"GEN24_1052027","No other reason"
"GEN24_1052028","No other reason"
"GEN24_1052034","No other reason"
"GEN24_1052035","No other reason"
"GEN24_1052036","No other reason"
"GEN24_1052037","Holiday / vacation"
"GEN24_1052040","VFR"
"GEN24_1052045","No other reason"
"GEN24_1052047","No other reason"
"GEN24_1052050","No other reason"
"GEN24_1052058","VFR"
"GEN24_1052062","No other reason"
"GEN24_1052070","VFR"
"GEN24_1052071","VFR"
"GEN24_1052074","No other reason"
"GEN24_1052076","Holiday / vacation"
"GEN24_1052078","No other reason"
"GEN24_1052080","No other reason"
"GEN24_1052088","No other reason"
"GEN24_1052090","Holiday / vacation"
"GEN24_1052091","VFR"
"GEN24_1052094","VFR"
"GEN24_1052099","Holiday / vacation"
"GEN24_1052100","No other reason"
"GEN24_1052101","Holiday / vacation"
"GEN24_1052104","Other"
"GEN24_1052107","No other reason"
"GEN24_1052111","Holiday / vacation"
"GEN24_1052115","Holiday / vacation"
"GEN24_1052116","Holiday / vacation"
"GEN24_1052119","No other reason"
"GEN24_1052120","VFR"
"GEN24_1052133","No other reason"
"GEN24_1052138","VFR"
"GEN24_1052139","Conference / convention"
"GEN24_1052143","Holiday / vacation"
"GEN24_1052145","No other reason"
"GEN24_1052146","No other reason"
"GEN24_1052147","No other reason"
"GEN24_1052148","VFR"
"GEN24_1052155","VFR"
"GEN24_1052159","VFR"
"GEN24_1052162","VFR"
"GEN24_1052163","No other reason"
"GEN24_1052166","Holiday / vacation"
"GEN24_1052168","No other reason"
"GEN24_1052170","Holiday / vacation"
"GEN24_1052173","No other reason"
"GEN24_1052181","No other reason"
"GEN24_1052188","VFR"
"GEN24_1052193","No other reason"
"GEN24_1052194","No other reason"
"GEN24_1052197","Holiday / vacation"
"GEN24_1052199","Holiday / vacation"
"GEN24_1052205","No other reason"
"GEN24_1052206","No other reason"
"GEN24_1052207","No other reason"
"GEN24_1052209","Holiday / vacation"
"GEN24_1052211","No other reason"
"GEN24_1052214","No other reason"
"GEN24_1052215","No other reason"
"GEN24_1052217","Holiday / vacation"
"GEN24_1052220","No other reason"
"GEN24_1052231","No other reason"
"GEN24_1052232","VFR"
"GEN24_1052240","No other reason"
"GEN24_1052241","VFR"
"GEN24_1052244","VFR"
"GEN24_1052250","No other reason"
"GEN24_1052251","Holiday / vacation"
"GEN24_1052256","No other reason"
"GEN24_1052257","VFR"
"GEN24_1052258","No other reason"
"GEN24_1052259","No other reason"
"GEN24_1052262","No other reason"
"GEN24_1052265","Holiday / vacation"
"GEN24_1052271","Education"
"GEN24_1052272","Holiday / vacation"
"GEN24_1052275","No other reason"
"GEN24_1052277","No other reason"
"GEN24_1052280","No other reason"
"GEN24_1052281","No other reason"
"GEN24_1052282","No other reason"
"GEN24_1052286","No other reason"
"GEN24_1052287","No other reason"
"GEN24_1052288","No other reason"
"GEN24_1052289","No other reason"
"GEN24_1052291","No other reason"
"GEN24_1052292","Holiday / vacation"
"GEN24_1052293","No other reason"
"GEN24_1052295","Holiday / vacation"
"GEN24_1052299","No other reason"
"GEN24_1052301","Holiday / vacation"
"GEN24_1052302","Holiday / vacation"
"GEN24_1052305","Holiday / vacation"
"GEN24_1052307","No other reason"
"GEN24_1052321","VFR"
"GEN24_1052322","VFR"
"GEN24_1052323","No other reason"
"GEN24_1052324","No other reason"
"GEN24_1052326","No other reason"
"GEN24_1052328","No other reason"
"GEN24_1052334","No other reason"
"GEN24_1052338","No other reason"
"GEN24_1052341","No other reason"
"GEN24_1052342","No other reason"
"GEN24_1052351","VFR"
"GEN24_1052352","No other reason"
"GEN24_1052353","No other reason"
"GEN24_1052355","No other reason"
"GEN24_1052361","No other reason"
"GEN24_1052364","Holiday / vacation"
"GEN24_1052365","Holiday / vacation"
"GEN24_1052366","VFR"
"GEN24_1052381","VFR"
"GEN24_1052382","Other"
"GEN24_1052385","VFR"
"GEN24_1052386","No other reason"
"GEN24_1052393","No other reason"
"GEN24_1052394","Other"
"GEN24_1052395","Business"
"GEN24_1052401","Holiday / vacation"
"GEN24_1052402","No other reason"
"GEN24_1052407","No other reason"
"GEN24_1052408","No other reason"
"GEN24_1052412","No other reason"
"GEN24_1052415","No other reason"
"GEN24_1052417","No other reason"
"GEN24_1052419","No other reason"
"GEN24_1052420","No other reason"
"GEN24_1052421","Holiday / vacation"
"GEN24_1052424","No other reason"
"GEN24_1052425","No other reason"
"GEN24_1052431","Other"
"GEN24_1052440","No other reason"
"GEN24_1052447","Holiday / vacation"
"GEN24_1052449","No other reason"
"GEN24_1052460","Holiday / vacation"
"GEN24_1052462","No other reason"
"GEN24_1052466","Holiday / vacation"
"GEN24_1052467","Holiday / vacation"
"GEN24_1052468","Business"
"GEN24_1052471","No other reason"
"GEN24_1052473","Holiday / vacation"
"GEN24_1052474","VFR"
"GEN24_1052477","No other reason"
"GEN24_1052480","VFR"
"GEN24_1052486","No other reason"
"GEN24_1052489","No other reason"
"GEN24_1052493","No other reason"
"GEN24_1052497","Holiday / vacation"
"GEN24_1052499","No other reason"
"GEN24_1052501","No other reason"
"GEN24_1052510","No other reason"
"GEN24_1052512","Holiday / vacation"
"GEN24_1052513","VFR"
"GEN24_1052515","Holiday / vacation"
"GEN24_1052517","No other reason"
"GEN24_1052519","No other reason"
"GEN24_1052520","VFR"
"GEN24_1052524","No other reason"
"GEN24_1052525","VFR"
"GEN24_1052539","No other reason"
"GEN24_1052541","No other reason"
"GEN24_1052548","No other reason"
"GEN24_1052553","No other reason"
"GEN24_1052554","No other reason"
"GEN24_1052558","No other reason"
"GEN24_1052563","No other reason"
"GEN24_1052565","Other"
"GEN24_1052568","No other reason"
"GEN24_1052571","No other reason"
"GEN24_1052572","No other reason"
"GEN24_1052573","VFR"
"GEN24_1052575","VFR"
"GEN24_1052576","No other reason"
"GEN24_1052578","VFR"
"GEN24_1052579","No other reason"
"GEN24_1052584","No other reason"
"GEN24_1052586","VFR"
"GEN24_1052589","No other reason"
"GEN24_1052593","No other reason"
"GEN24_1052595","No other reason"
"GEN24_1052596","Holiday / vacation"
"GEN24_1052602","Other"
"GEN24_1052609","No other reason"
"GEN24_1052613","No other reason"
"GEN24_1052616","Holiday / vacation"
"GEN24_1052632","No other reason"
"GEN24_1052635","No other reason"
"GEN24_1052637","No other reason"
"GEN24_1052643","Holiday / vacation"
"GEN24_1052648","Holiday / vacation"
"GEN24_1052652","VFR"
"GEN24_1052659","Holiday / vacation"
"GEN24_1052661","No other reason"
"GEN24_1052668","No other reason"
"GEN24_1052673","No other reason"
"GEN24_1052678","Holiday / vacation"
"GEN24_1052682","No other reason"
"GEN24_1052684","Other"
"GEN24_1052688","No other reason"
"GEN24_1052693","Holiday / vacation"
"GEN24_1052696","No other reason"
"GEN24_1052700","VFR"
"GEN24_1052704","Holiday / vacation"
"GEN24_1052708","No other reason"
"GEN24_1052709","No other reason"
"GEN24_1052711","No other reason"
"GEN24_1052713","Other"
"GEN24_1052715","No other reason"
"GEN24_1052718","No other reason"
"GEN24_1052719","Conference / convention"
"GEN24_1052723","No other reason"
"GEN24_1052726","Holiday / vacation"
"GEN24_1052729","VFR"
"GEN24_1052730","No other reason"
"GEN24_1052731","No other reason"
"GEN24_1052732","Holiday / vacation"
"GEN24_1052733","Holiday / vacation"
"GEN24_1052735","VFR"
"GEN24_1052741","VFR"
"GEN24_1052744","No other reason"
"GEN24_1052745","No other reason"
"GEN24_1052750","VFR"
"GEN24_1052752","No other reason"
"GEN24_1052753","No other reason"
"GEN24_1052756","No other reason"
"GEN24_1052757","Other"
"GEN24_1052759","VFR"
"GEN24_1052763","No other reason"
"GEN24_1052766","VFR"
"GEN24_1052767","Business"
"GEN24_1052767","Holiday / vacation"
"GEN24_1052768","Holiday / vacation"
"GEN24_1052777","Holiday / vacation"
"GEN24_1052781","No other reason"
"GEN24_1052785","No other reason"
"GEN24_1052789","VFR"
"GEN24_1052791","No other reason"
"GEN24_1052793","No other reason"
"GEN24_1052794","Holiday / vacation"
"GEN24_1052796","No other reason"
"GEN24_1052798","VFR"
"GEN24_1052802","Conference / convention"
"GEN24_1052802","Holiday / vacation"
"GEN24_1052808","Holiday / vacation"
"GEN24_1052809","VFR"
"GEN24_1052815","VFR"
"GEN24_1052817","No other reason"
"GEN24_1052819","No other reason"
"GEN24_1052823","No other reason"
"GEN24_1052830","No other reason"
"GEN24_1052831","Holiday / vacation"
"GEN24_1052837","No other reason"
"GEN24_1052838","VFR"
"GEN24_1052840","Holiday / vacation"
"GEN24_1052844","No other reason"
"GEN24_1052845","No other reason"
"GEN24_1052848","No other reason"
"GEN24_1052849","No other reason"
"GEN24_1052852","Holiday / vacation"
"GEN24_1052855","Holiday / vacation"
"GEN24_1052857","No other reason"
"GEN24_1052863","VFR"
"GEN24_1052869","No other reason"
"GEN24_1052870","Holiday / vacation"
"GEN24_1052871","VFR"
"GEN24_1052872","No other reason"
"GEN24_1052878","No other reason"
"GEN24_1052884","No other reason"
"GEN24_1052887","VFR"
"GEN24_1052890","VFR"
"GEN24_1052899","No other reason"
"GEN24_1052900","No other reason"
"GEN24_1052901","No other reason"
"GEN24_1052904","Holiday / vacation"
"GEN24_1052905","Holiday / vacation"
"GEN24_1052917","No other reason"
"GEN24_1052922","No other reason"
"GEN24_1052925","No other reason"
"GEN24_1052926","VFR"
"GEN24_1052929","No other reason"
"GEN24_1052930","No other reason"
"GEN24_1052932","No other reason"
"GEN24_1052933","No other reason"
"GEN24_1052936","No other reason"
"GEN24_1052941","Holiday / vacation"
"GEN24_1052943","Holiday / vacation"
"GEN24_1052946","Holiday / vacation"
"GEN24_1052949","No other reason"
"GEN24_1052952","No other reason"
"GEN24_1052953","Holiday / vacation"
"GEN24_1052954","No other reason"
"GEN24_1052955","Holiday / vacation"
"GEN24_1052958","Business"
"GEN24_1052965","No other reason"
"GEN24_1052968","Holiday / vacation"
"GEN24_1052977","Holiday / vacation"
"GEN24_1052979","Holiday / vacation"
"GEN24_1052980","No other reason"
"GEN24_1052981","No other reason"
"GEN24_1052983","Other"
"GEN24_1052984","VFR"
"GEN24_1052985","No other reason"
"GEN24_1052986","Holiday / vacation"
"GEN24_1052987","No other reason"
"GEN24_1052989","Holiday / vacation"
"GEN24_1052990","No other reason"
"GEN24_1052992","Other"
"GEN24_1053006","Education"
"GEN24_1053006","Holiday / vacation"
"GEN24_1053013","VFR"
"GEN24_1053019","VFR"
"GEN24_1053023","Holiday / vacation"
"GEN24_1053024","No other reason"
"GEN24_1053033","Holiday / vacation"
"GEN24_1053038","Holiday / vacation"
"GEN24_1053043","Holiday / vacation"
"GEN24_1053045","Holiday / vacation"
"GEN24_1053046","Holiday / vacation"
"GEN24_1053048","No other reason"
"GEN24_1053049","VFR"
"GEN24_1053050","VFR"
"GEN24_1053052","No other reason"
"GEN24_1053053","Other"
"GEN24_1053061","No other reason"
"GEN24_1053068","No other reason"
"GEN24_1053069","No other reason"
"GEN24_1053070","VFR"
"GEN24_1053074","No other reason"
"GEN24_1053078","No other reason"
"GEN24_1053079","No other reason"
"GEN24_1053081","Other"
"GEN24_1053082","Other"
"GEN24_1053083","No other reason"
"GEN24_1053085","Holiday / vacation"
"GEN24_1053086","No other reason"
"GEN24_1053090","No other reason"
"GEN24_1053091","Holiday / vacation"
"GEN24_1053094","Holiday / vacation"
"GEN24_1053097","No other reason"
"GEN24_1053101","No other reason"
"GEN24_1053109","No other reason"
"GEN24_1053110","No other reason"
"GEN24_1053111","Holiday / vacation"
"GEN24_1053112","No other reason"
"GEN24_1053114","No other reason"
"GEN24_1053115","No other reason"
"GEN24_1053117","Holiday / vacation"
"GEN24_1053123","Holiday / vacation"
"GEN24_1053125","No other reason"
"GEN24_1053126","No other reason"
"GEN24_1053131","No other reason"
"GEN24_1053139","No other reason"
"GEN24_1053142","No other reason"
"GEN24_1053147","No other reason"
"GEN24_1053149","Holiday / vacation"
"GEN24_1053150","No other reason"
"GEN24_1053151","No other reason"
"GEN24_1053152","No other reason"
"GEN24_1053153","No other reason"
"GEN24_1053155","No other reason"
"GEN24_1053156","No other reason"
"GEN24_1053162","VFR"
"GEN24_1053163","Holiday / vacation"
"GEN24_1053165","VFR"
"GEN24_1053166","No other reason"
"GEN24_1053168","No other reason"
"GEN24_1053170","Other"
"GEN24_1053171","Holiday / vacation"
"GEN24_1053172","No other reason"
"GEN24_1053174","Holiday / vacation"
"GEN24_1053186","VFR"
"GEN24_1053187","No other reason"
"GEN24_1053192","VFR"
"GEN24_1053193","No other reason"
"GEN24_1053194","No other reason"
"GEN24_1053195","No other reason"
"GEN24_1053203","Holiday / vacation"
"GEN24_1053205","Holiday / vacation"
"GEN24_1053207","Holiday / vacation"
"GEN24_1053213","No other reason"
"GEN24_1053220","No other reason"
"GEN24_1053221","No other reason"
"GEN24_1053222","No other reason"
"GEN24_1053227","No other reason"
"GEN24_1053228","No other reason"
"GEN24_1053238","VFR"
"GEN24_1053241","VFR"
"GEN24_1053245","Other"
"GEN24_1053246","Education"
"GEN24_1053250","No other reason"
"GEN24_1053255","No other reason"
"GEN24_1053260","No other reason"
"GEN24_1053264","Holiday / vacation"
"GEN24_1053266","VFR"
"GEN24_1053268","Business"
"GEN24_1053269","No other reason"
"GEN24_1053271","VFR"
"GEN24_1053272","Other"
"GEN24_1053273","No other reason"
"GEN24_1053274","No other reason"
"GEN24_1053275","Holiday / vacation"
"GEN24_1053276","No other reason"
"GEN24_1053279","No other reason"
"GEN24_1053282","VFR"
"GEN24_1053284","Holiday / vacation"
"GEN24_1053288","Other"
"GEN24_1053290","No other reason"
"GEN24_1053292","VFR"
"GEN24_1053295","No other reason"
"GEN24_1053301","No other reason"
"GEN24_1053302","No other reason"
"GEN24_1053303","VFR"
"GEN24_1053304","No other reason"
"GEN24_1053305","Holiday / vacation"
"GEN24_1053308","No other reason"
"GEN24_1053310","No other reason"
"GEN24_1053312","Holiday / vacation"
"GEN24_1053315","VFR"
"GEN24_1053316","No other reason"
"GEN24_1053319","VFR"
"GEN24_1053321","VFR"
"GEN24_1053327","No other reason"
"GEN24_1053340","No other reason"
"GEN24_1053345","No other reason"
"GEN24_1053353","No other reason"
"GEN24_1053354","VFR"
"GEN24_1053355","No other reason"
"GEN24_1053359","No other reason"
"GEN24_1053360","Holiday / vacation"
"GEN24_1053364","No other reason"
"GEN24_1053366","No other reason"
"GEN24_1053367","Holiday / vacation"
"GEN24_1053372","No other reason"
"GEN24_1053373","VFR"
"GEN24_1053374","Other"
"GEN24_1053381","No other reason"
"GEN24_1053383","VFR"
"GEN24_1053384","Holiday / vacation"
"GEN24_1053385","Holiday / vacation"
"GEN24_1053390","No other reason"
"GEN24_1053399","Conference / convention"
"GEN24_1053400","No other reason"
"GEN24_1053403","Holiday / vacation"
"GEN24_1053404","VFR"
"GEN24_1053405","Holiday / vacation"
"GEN24_1053407","No other reason"
"GEN24_1053410","No other reason"
"GEN24_1053411","No other reason"
"GEN24_1053412","No other reason"
"GEN24_1053413","No other reason"
"GEN24_1053419","VFR"
"GEN24_1053423","No other reason"
"GEN24_1053432","Holiday / vacation"
"GEN24_1053437","Holiday / vacation"
"GEN24_1053438","No other reason"
"GEN24_1053439","VFR"
"GEN24_1053443","No other reason"
"GEN24_1053444","Other"
"GEN24_1053451","VFR"
"GEN24_1053453","Other"
"GEN24_1053454","No other reason"
"GEN24_1053455","No other reason"
"GEN24_1053456","No other reason"
"GEN24_1053457","No other reason"
"GEN24_1053459","VFR"
"GEN24_1053470","Business"
"GEN24_1053477","No other reason"
"GEN24_1053478","No other reason"
"GEN24_1053482","No other reason"
"GEN24_1053483","Holiday / vacation"
"GEN24_1053485","Other"
"GEN24_1053490","No other reason"
"GEN24_1053495","VFR"
"GEN24_1053502","Business"
"GEN24_1053503","No other reason"
"GEN24_1053507","VFR"
"GEN24_1053508","No other reason"
"GEN24_1053509","No other reason"
"GEN24_1053516","Education"
"GEN24_1053524","Holiday / vacation"
"GEN24_1053525","No other reason"
"GEN24_1053530","No other reason"
"GEN24_1053539","VFR"
"GEN24_1053540","No other reason"
"GEN24_1053541","Other"
"GEN24_1053542","Holiday / vacation"
"GEN24_1053546","No other reason"
"GEN24_1053547","No other reason"
"GEN24_1053549","No other reason"
"GEN24_1053555","Holiday / vacation"
"GEN24_1053557","VFR"
"GEN24_1053564","No other reason"
"GEN24_1053567","No other reason"
"GEN24_1053573","No other reason"
"GEN24_1053575","Business"
"GEN24_1053579","Other"
"GEN24_1053588","Other"
"GEN24_1053589","No other reason"
"GEN24_1053591","No other reason"
"GEN24_1053596","Holiday / vacation"
"GEN24_1053598","Other"
"GEN24_1053599","No other reason"
"GEN24_1053601","No other reason"
"GEN24_1053603","No other reason"
"GEN24_1053607","No other reason"
"GEN24_1053609","No other reason"
"GEN24_1053612","No other reason"
"GEN24_1053615","No other reason"
"GEN24_1053616","No other reason"
"GEN24_1053620","VFR"
"GEN24_1053621","No other reason"
"GEN24_1053623","Other"
"GEN24_1053624","No other reason"
"GEN24_1053625","No other reason"
"GEN24_1053626","No other reason"
"GEN24_1053627","No other reason"
"GEN24_1053629","VFR"
"GEN24_1053631","No other reason"
"GEN24_1053633","VFR"
"GEN24_1053641","No other reason"
"GEN24_1053644","VFR"
"GEN24_1053647","No other reason"
"GEN24_1053648","Holiday / vacation"
"GEN24_1053653","Business"
"GEN24_1053655","VFR"
"GEN24_1053660","No other reason"
"GEN24_1053662","No other reason"
"GEN24_1053664","Holiday / vacation"
"GEN24_1053666","No other reason"
"GEN24_1053667","No other reason"
"GEN24_1053668","No other reason"
"GEN24_1053671","No other reason"
"GEN24_1053680","Other"
"GEN24_1053689","No other reason"
"GEN24_1053690","Holiday / vacation"
"GEN24_1053692","No other reason"
"GEN24_1053693","No other reason"
"GEN24_1053697","Holiday / vacation"
"GEN24_1053700","VFR"
"GEN24_1053705","Holiday / vacation"
"GEN24_1053709","No other reason"
"GEN24_1053715","No other reason"
"GEN24_1053718","VFR"
"GEN24_1053723","Holiday / vacation"
"GEN24_1053727","No other reason"
"GEN24_1053730","VFR"
"GEN24_1053731","VFR"
"GEN24_1053734","No other reason"
"GEN24_1053735","Other"
"GEN24_1053738","Holiday / vacation"
"GEN24_1053743","No other reason"
"GEN24_1053744","Holiday / vacation"
"GEN24_1053744","Other"
"GEN24_1053746","Holiday / vacation"
"GEN24_1053751","No other reason"
"GEN24_1053753","No other reason"
"GEN24_1053755","Holiday / vacation"
"GEN24_1053761","Holiday / vacation"
"GEN24_1053762","No other reason"
"GEN24_1053765","No other reason"
"GEN24_1053769","No other reason"
"GEN24_1053774","VFR"
"GEN24_1053777","VFR"
"GEN24_1053778","No other reason"
"GEN24_1053788","No other reason"
"GEN24_1053793","VFR"
"GEN24_1053797","No other reason"
"GEN24_1053798","VFR"
"GEN24_1053802","No other reason"
"GEN24_1053803","No other reason"
"GEN24_1053808","No other reason"
"GEN24_1053810","No other reason"
"GEN24_1053814","Holiday / vacation"
"GEN24_1053815","Holiday / vacation"
"GEN24_1053816","No other reason"
"GEN24_1053817","No other reason"
"GEN24_1053819","No other reason"
"GEN24_1053821","Holiday / vacation"
"GEN24_1053822","VFR"
"GEN24_1053823","VFR"
"GEN24_1053825","Holiday / vacation"
"GEN24_1053832","Holiday / vacation"
"GEN24_1053834","No other reason"
"GEN24_1053835","No other reason"
"GEN24_1053836","Holiday / vacation"
"GEN24_1053839","No other reason"
"GEN24_1053841","No other reason"
"GEN24_1053842","No other reason"
"GEN24_1053843","Business"
"GEN24_1053844","VFR"
"GEN24_1053846","VFR"
"GEN24_1053851","No other reason"
"GEN24_1053853","No other reason"
"GEN24_1053866","No other reason"
"GEN24_1053871","VFR"
"GEN24_1053873","Holiday / vacation"
"GEN24_1053874","VFR"
"GEN24_1053875","Holiday / vacation"
"GEN24_1053878","VFR"
"GEN24_1053883","Holiday / vacation"
"GEN24_1053886","No other reason"
"GEN24_1053891","No other reason"
"GEN24_1053895","No other reason"
"GEN24_1053896","No other reason"
"GEN24_1053900","No other reason"
"GEN24_1053905","No other reason"
"GEN24_1053906","VFR"
"GEN24_1053910","No other reason"
"GEN24_1053914","No other reason"
"GEN24_1053915","Conference / convention"
"GEN24_1053917","Business"
"GEN24_1053919","No other reason"
"GEN24_1053923","No other reason"
"GEN24_1053925","No other reason"
"GEN24_1053927","VFR"
"GEN24_1053930","Holiday / vacation"
"GEN24_1053932","No other reason"
"GEN24_1053939","VFR"
"GEN24_1053940","Holiday / vacation"
"GEN24_1053945","No other reason"
"GEN24_1053949","No other reason"
"GEN24_1053957","Holiday / vacation"
"GEN24_1053959","No other reason"
"GEN24_1053962","No other reason"
"GEN24_1053965","No other reason"
"GEN24_1053973","No other reason"
"GEN24_1053976","VFR"
"GEN24_1053977","VFR"
"GEN24_1053980","No other reason"
"GEN24_1053981","Holiday / vacation"
"GEN24_1053986","VFR"
"GEN24_1053993","No other reason"
"GEN24_1053996","No other reason"
"GEN24_1053998","Holiday / vacation"
"GEN24_1054008","VFR"
"GEN24_1054010","Holiday / vacation"
"GEN24_1054013","No other reason"
"GEN24_1054024","VFR"
"GEN24_1054030","Holiday / vacation"
"GEN24_1054031","Holiday / vacation"
"GEN24_1054033","No other reason"
"GEN24_1054039","Other"
"GEN24_1054039","VFR"
"GEN24_1054040","Holiday / vacation"
"GEN24_1054041","Holiday / vacation"
"GEN24_1054043","No other reason"
"GEN24_1054045","Holiday / vacation"
"GEN24_1054050","No other reason"
"GEN24_1054052","No other reason"
"GEN24_1054056","No other reason"
"GEN24_1054057","Other"
"GEN24_1054058","No other reason"
"GEN24_1054060","No other reason"
"GEN24_1054062","No other reason"
"GEN24_1054063","No other reason"
"GEN24_1054064","Holiday / vacation"
"GEN24_1054065","No other reason"
"GEN24_1054066","Other"
"GEN24_1054067","No other reason"
"GEN24_1054071","No other reason"
"GEN24_1054073","No other reason"
"GEN24_1054075","Holiday / vacation"
"GEN24_1054076","Conference / convention"
"GEN24_1054076","Holiday / vacation"
"GEN24_1054077","Other"
"GEN24_1054083","Other"
"GEN24_1054084","No other reason"
"GEN24_1054085","VFR"
"GEN24_1054086","No other reason"
"GEN24_1054089","No other reason"
"GEN24_1054090","No other reason"
"GEN24_1054091","Holiday / vacation"
"GEN24_1054093","Holiday / vacation"
"GEN24_1054094","VFR"
"GEN24_1054095","No other reason"
"GEN24_1054100","Holiday / vacation"
"GEN24_1054103","No other reason"
"GEN24_1054105","Conference / convention"
"GEN24_1054106","No other reason"
"GEN24_1054111","No other reason"
"GEN24_1054113","VFR"
"GEN24_1054116","Holiday / vacation"
"GEN24_1054117","Holiday / vacation"
"GEN24_1054120","No other reason"
"GEN24_1054121","VFR"
"GEN24_1054122","No other reason"
"GEN24_1054126","VFR"
"GEN24_1054130","No other reason"
"GEN24_1054131","Holiday / vacation"
"GEN24_1054132","VFR"
"GEN24_1054135","Other"
"GEN24_1054136","No other reason"
"GEN24_1054140","No other reason"
"GEN24_1054142","No other reason"
"GEN24_1054146","No other reason"
"GEN24_1054149","No other reason"
"GEN24_1054153","No other reason"
"GEN24_1054158","VFR"
"GEN24_1054168","No other reason"
"GEN24_1054171","Holiday / vacation"
"GEN24_1054171","Other"
"GEN24_1054174","No other reason"
"GEN24_1054180","Other"
"GEN24_1054181","VFR"
"GEN24_1054183","VFR"
"GEN24_1054187","No other reason"
"GEN24_1054188","Holiday / vacation"
"GEN24_1054193","No other reason"
"GEN24_1054197","Holiday / vacation"
"GEN24_1054201","No other reason"
"GEN24_1054205","No other reason"
"GEN24_1054213","No other reason"
"GEN24_1054214","No other reason"
"GEN24_1054215","Holiday / vacation"
"GEN24_1054218","No other reason"
"GEN24_1054226","No other reason"
"GEN24_1054231","Business"
"GEN24_1054236","No other reason"
"GEN24_1054239","Holiday / vacation"
"GEN24_1054244","Holiday / vacation"
"GEN24_1054246","No other reason"
"GEN24_1054247","No other reason"
"GEN24_1054248","No other reason"
"GEN24_1054251","Holiday / vacation"
"GEN24_1054261","Holiday / vacation"
"GEN24_1054266","VFR"
"GEN24_1054269","No other reason"
"GEN24_1054275","Holiday / vacation"
"GEN24_1054276","Holiday / vacation"
"GEN24_1054279","No other reason"
"GEN24_1054280","VFR"
"GEN24_1054281","No other reason"
"GEN24_1054287","No other reason"
"GEN24_1054289","Holiday / vacation"
"GEN24_1054293","No other reason"
"GEN24_1054294","No other reason"
"GEN24_1054295","No other reason"
"GEN24_1054296","No other reason"
"GEN24_1054297","Holiday / vacation"
"GEN24_1054312","No other reason"
"GEN24_1054319","No other reason"
"GEN24_1054322","Education"
"GEN24_1054327","Holiday / vacation"
"GEN24_1054328","No other reason"
"GEN24_1054333","Holiday / vacation"
"GEN24_1054334","Other"
"GEN24_1054353","Holiday / vacation"
"GEN24_1054354","Holiday / vacation"
"GEN24_1054357","Business"
"GEN24_1054362","No other reason"
"GEN24_1054363","No other reason"
"GEN24_1054364","No other reason"
"GEN24_1054368","No other reason"
"GEN24_1054373","Holiday / vacation"
"GEN24_1054376","Holiday / vacation"
"GEN24_1054377","VFR"
"GEN24_1054380","Holiday / vacation"
"GEN24_1054388","Holiday / vacation"
"GEN24_1054391","No other reason"
"GEN24_1054394","No other reason"
"GEN24_1054400","No other reason"
"GEN24_1054402","No other reason"
"GEN24_1054403","No other reason"
"GEN24_1054404","No other reason"
"GEN24_1054411","No other reason"
"GEN24_1054412","No other reason"
"GEN24_1054415","No other reason"
"GEN24_1054419","Holiday / vacation"
"GEN24_1054422","Holiday / vacation"
"GEN24_1054424","VFR"
"GEN24_1054426","No other reason"
"GEN24_1054429","No other reason"
"GEN24_1054434","No other reason"
"GEN24_1054438","Other"
"GEN24_1054440","No other reason"
"GEN24_1054443","Other"
"GEN24_1054446","Holiday / vacation"
"GEN24_1054448","Conference / convention"
"GEN24_1054449","No other reason"
"GEN24_1054450","No other reason"
"GEN24_1054455","VFR"
"GEN24_1054456","No other reason"
"GEN24_1054462","Holiday / vacation"
"GEN24_1054465","No other reason"
"GEN24_1054470","Holiday / vacation"
"GEN24_1054472","VFR"
"GEN24_1054474","No other reason"
"GEN24_1054475","No other reason"
"GEN24_1054479","No other reason"
"GEN24_1054483","Education"
"GEN24_1054485","No other reason"
"GEN24_1054487","No other reason"
"GEN24_1054488","VFR"
"GEN24_1054504","VFR"
"GEN24_1054509","No other reason"
"GEN24_1054511","VFR"
"GEN24_1054512","VFR"
"GEN24_1054515","No other reason"
"GEN24_1054517","VFR"
"GEN24_1054518","VFR"
"GEN24_1054520","Business"
"GEN24_1054522","No other reason"
"GEN24_1054524","No other reason"
"GEN24_1054528","VFR"
"GEN24_1054531","VFR"
"GEN24_1054536","No other reason"
"GEN24_1054545","Holiday / vacation"
"GEN24_1054555","VFR"
"GEN24_1054557","VFR"
"GEN24_1054560","No other reason"
"GEN24_1054563","Holiday / vacation"
"GEN24_1054568","Holiday / vacation"
"GEN24_1054574","VFR"
"GEN24_1054579","Holiday / vacation"
"GEN24_1054581","No other reason"
"GEN24_1054590","VFR"
"GEN24_1054602","Holiday / vacation"
"GEN24_1054603","No other reason"
"GEN24_1054604","Holiday / vacation"
"GEN24_1054609","No other reason"
"GEN24_1054610","No other reason"
"GEN24_1054612","VFR"
"GEN24_1054616","No other reason"
"GEN24_1054626","No other reason"
"GEN24_1054629","VFR"
"GEN24_1054631","Other"
"GEN24_1054632","No other reason"
"GEN24_1054633","No other reason"
"GEN24_1054641","No other reason"
"GEN24_1054643","VFR"
"GEN24_1054645","No other reason"
"GEN24_1054650","Holiday / vacation"
"GEN24_1054651","No other reason"
"GEN24_1054653","No other reason"
"GEN24_1054655","No other reason"
"GEN24_1054656","No other reason"
"GEN24_1054658","No other reason"
"GEN24_1054660","VFR"
"GEN24_1054669","No other reason"
"GEN24_1054670","No other reason"
"GEN24_1054673","No other reason"
"GEN24_1054674","Holiday / vacation"
"GEN24_1054675","VFR"
"GEN24_1054676","VFR"
"GEN24_1054682","No other reason"
"GEN24_1054687","No other reason"
"GEN24_1054688","No other reason"
"GEN24_1054694","No other reason"
"GEN24_1054695","Holiday / vacation"
"GEN24_1054698","VFR"
"GEN24_1054700","No other reason"
"GEN24_1054701","Business"
"GEN24_1054701","VFR"
"GEN24_1054703","No other reason"
"GEN24_1054705","No other reason"
"GEN24_1054707","No other reason"
"GEN24_1054709","VFR"
"GEN24_1054713","VFR"
"GEN24_1054716","No other reason"
"GEN24_1054717","VFR"
"GEN24_1054723","No other reason"
"GEN24_1054738","No other reason"
"GEN24_1054749","No other reason"
"GEN24_1054755","Education"
"GEN24_1054759","No other reason"
"GEN24_1054760","No other reason"
"GEN24_1054762","VFR"
"GEN24_1054763","Other"
"GEN24_1054765","No other reason"
"GEN24_1054766","No other reason"
"GEN24_1054768","Holiday / vacation"
"GEN24_1054769","Holiday / vacation"
"GEN24_1054776","No other reason"
"GEN24_1054786","No other reason"
"GEN24_1054787","Holiday / vacation"
"GEN24_1054788","Holiday / vacation"
"GEN24_1054789","No other reason"
"GEN24_1054792","No other reason"
"GEN24_1054793","No other reason"
"GEN24_1054794","No other reason"
"GEN24_1054795","No other reason"
"GEN24_1054798","No other reason"
"GEN24_1054807","No other reason"
"GEN24_1054812","VFR"
"GEN24_1054813","No other reason"
"GEN24_1054815","No other reason"
"GEN24_1054816","No other reason"
"GEN24_1054817","No other reason"
"GEN24_1054820","No other reason"
"GEN24_1054821","VFR"
"GEN24_1054822","No other reason"
"GEN24_1054833","Holiday / vacation"
"GEN24_1054835","Holiday / vacation"
"GEN24_1054838","No other reason"
"GEN24_1054840","No other reason"
"GEN24_1054842","Other"
"GEN24_1054845","No other reason"
"GEN24_1054847","Holiday / vacation"
"GEN24_1054848","Holiday / vacation"
"GEN24_1054850","Business"
"GEN24_1054862","No other reason"
"GEN24_1054864","No other reason"
"GEN24_1054865","No other reason"
"GEN24_1054868","No other reason"
"GEN24_1054871","VFR"
"GEN24_1054881","No other reason"
"GEN24_1054882","No other reason"
"GEN24_1054883","VFR"
"GEN24_1054894","No other reason"
"GEN24_1054895","VFR"
"GEN24_1054898","Holiday / vacation"
"GEN24_1054909","No other reason"
"GEN24_1054915","Holiday / vacation"
"GEN24_1054917","VFR"
"GEN24_1054920","Holiday / vacation"
"GEN24_1054925","Other"
"GEN24_1054928","No other reason"
"GEN24_1054929","No other reason"
"GEN24_1054930","VFR"
"GEN24_1054934","No other reason"
"GEN24_1054940","No other reason"
"GEN24_1054942","Other"
"GEN24_1054943","No other reason"
"GEN24_1054958","VFR"
"GEN24_1054960","No other reason"
"GEN24_1054963","No other reason"
"GEN24_1054969","No other reason"
"GEN24_1054970","No other reason"
"GEN24_1054972","No other reason"
"GEN24_1054974","No other reason"
"GEN24_1054980","Business"
"GEN24_1054983","VFR"
"GEN24_1055001","No other reason"
"GEN24_1055003","No other reason"
"GEN24_1055009","Holiday / vacation"
"GEN24_1055014","Holiday / vacation"
"GEN24_1055019","No other reason"
"GEN24_1055023","No other reason"
"GEN24_1055028","Business"
"GEN24_1055029","No other reason"
"GEN24_1055031","VFR"
"GEN24_1055032","No other reason"
"GEN24_1055033","No other reason"
"GEN24_1055036","No other reason"
"GEN24_1055039","No other reason"
"GEN24_1055040","VFR"
"GEN24_1055041","No other reason"
"GEN24_1055042","VFR"
"GEN24_1055048","No other reason"
"GEN24_1055058","No other reason"
"GEN24_1055061","Holiday / vacation"
"GEN24_1055069","No other reason"
"GEN24_1055072","VFR"
"GEN24_1055078","No other reason"
"GEN24_1055082","No other reason"
"GEN24_1055084","No other reason"
"GEN24_1055094","VFR"
"GEN24_1055096","VFR"
"GEN24_1055101","Other"
"GEN24_1055105","Holiday / vacation"
"GEN24_1055109","No other reason"
"GEN24_1055112","No other reason"
"GEN24_1055117","No other reason"
"GEN24_1055118","No other reason"
"GEN24_1055121","VFR"
"GEN24_1055122","No other reason"
"GEN24_1055123","No other reason"
"GEN24_1055125","No other reason"
"GEN24_1055127","VFR"
"GEN24_1055128","No other reason"
"GEN24_1055134","No other reason"
"GEN24_1055136","No other reason"
"GEN24_1055138","VFR"
"GEN24_1055141","No other reason"
"GEN24_1055145","Holiday / vacation"
"GEN24_1055147","Holiday / vacation"
"GEN24_1055150","No other reason"
"GEN24_1055151","No other reason"
"GEN24_1055152","No other reason"
"GEN24_1055155","No other reason"
"GEN24_1055158","Business"
"GEN24_1055159","No other reason"
"GEN24_1055161","Education"
"GEN24_1055175","No other reason"
"GEN24_1055186","No other reason"
"GEN24_1055187","No other reason"
"GEN24_1055190","Holiday / vacation"
"GEN24_1055198","Holiday / vacation"
"GEN24_1055200","No other reason"
"GEN24_1055205","Holiday / vacation"
"GEN24_1055206","Holiday / vacation"
"GEN24_1055211","VFR"
"GEN24_1055221","No other reason"
"GEN24_1055231","No other reason"
"GEN24_1055232","No other reason"
"GEN24_1055236","No other reason"
"GEN24_1055237","VFR"
"GEN24_1055238","No other reason"
"GEN24_1055241","Holiday / vacation"
"GEN24_1055242","No other reason"
"GEN24_1055244","No other reason"
"GEN24_1055249","No other reason"
"GEN24_1055250","No other reason"
"GEN24_1055254","No other reason"
"GEN24_1055256","No other reason"
"GEN24_1055257","VFR"
"GEN24_1055260","No other reason"
"GEN24_1055261","No other reason"
"GEN24_1055262","VFR"
"GEN24_1055263","No other reason"
"GEN24_1055264","VFR"
"GEN24_1055270","No other reason"
"GEN24_1055274","No other reason"
"GEN24_1055276","Holiday / vacation"
"GEN24_1055277","No other reason"
"GEN24_1055279","No other reason"
"GEN24_1055286","No other reason"
"GEN24_1055293","No other reason"
"GEN24_1055296","No other reason"
"GEN24_1055297","VFR"
"GEN24_1055298","No other reason"
"GEN24_1055303","Holiday / vacation"
"GEN24_1055308","No other reason"
"GEN24_1055328","No other reason"
"GEN24_1055330","No other reason"
"GEN24_1055335","Holiday / vacation"
"GEN24_1055339","Holiday / vacation"
"GEN24_1055343","Other"
"GEN24_1055344","No other reason"
"GEN24_1055345","Holiday / vacation"
"GEN24_1055347","No other reason"
"GEN24_1055352","Holiday / vacation"
"GEN24_1055353","No other reason"
"GEN24_1055354","Holiday / vacation"
"GEN24_1055355","No other reason"
"GEN24_1055359","No other reason"
"GEN24_1055360","No other reason"
"GEN24_1055363","Holiday / vacation"
"GEN24_1055364","No other reason"
"GEN24_1055365","No other reason"
"GEN24_1055366","No other reason"
"GEN24_1055368","No other reason"
"GEN24_1055370","No other reason"
"GEN24_1055372","No other reason"
"GEN24_1055375","No other reason"
"GEN24_1055376","Holiday / vacation"
"GEN24_1055379","No other reason"
"GEN24_1055383","Holiday / vacation"
"GEN24_1055384","VFR"
"GEN24_1055389","No other reason"
"GEN24_1055393","No other reason"
"GEN24_1055399","No other reason"
"GEN24_1055406","VFR"
"GEN24_1055409","No other reason"
"GEN24_1055412","VFR"
"GEN24_1055414","No other reason"
"GEN24_1055415","Holiday / vacation"
"GEN24_1055418","No other reason"
"GEN24_1055421","No other reason"
"GEN24_1055422","No other reason"
"GEN24_1055431","Holiday / vacation"
"GEN24_1055432","Other"
"GEN24_1055433","No other reason"
"GEN24_1055437","Other"
"GEN24_1055438","No other reason"
"GEN24_1055441","No other reason"
"GEN24_1055445","No other reason"
"GEN24_1055447","No other reason"
"GEN24_1055448","No other reason"
"GEN24_1055449","Holiday / vacation"
"GEN24_1055450","Holiday / vacation"
"GEN24_1055451","No other reason"
"GEN24_1055454","Holiday / vacation"
"GEN24_1055456","No other reason"
"GEN24_1055458","VFR"
"GEN24_1055459","Business"
"GEN24_1055462","No other reason"
"GEN24_1055464","No other reason"
"GEN24_1055465","No other reason"
"GEN24_1055468","VFR"
"GEN24_1055469","VFR"
"GEN24_1055472","No other reason"
"GEN24_1055474","No other reason"
"GEN24_1055477","No other reason"
"GEN24_1055480","No other reason"
"GEN24_1055482","Holiday / vacation"
"GEN24_1055485","No other reason"
"GEN24_1055486","No other reason"
"GEN24_1055495","VFR"
"GEN24_1055497","No other reason"
"GEN24_1055499","Other"
"GEN24_1055502","Holiday / vacation"
"GEN24_1055504","No other reason"
"GEN24_1055507","No other reason"
"GEN24_1055508","Holiday / vacation"
"GEN24_1055512","No other reason"
"GEN24_1055513","No other reason"
"GEN24_1055514","No other reason"
"GEN24_1055515","No other reason"
"GEN24_1055517","No other reason"
"GEN24_1055519","No other reason"
"GEN24_1055520","No other reason"
"GEN24_1055522","Other"
"GEN24_1055524","No other reason"
"GEN24_1055527","No other reason"
"GEN24_1055529","VFR"
"GEN24_1055531","VFR"
"GEN24_1055532","No other reason"
"GEN24_1055544","No other reason"
"GEN24_1055550","Holiday / vacation"
"GEN24_1055565","Holiday / vacation"
"GEN24_1055567","Holiday / vacation"
"GEN24_1055569","No other reason"
"GEN24_1055570","Education"
"GEN24_1055582","Holiday / vacation"
"GEN24_1055585","VFR"
"GEN24_1055586","Holiday / vacation"
"GEN24_1055589","No other reason"
"GEN24_1055590","No other reason"
"GEN24_1055592","No other reason"
"GEN24_1055593","No other reason"
"GEN24_1055595","No other reason"
"GEN24_1055596","VFR"
"GEN24_1055600","Holiday / vacation"
"GEN24_1055603","VFR"
"GEN24_1055608","No other reason"
"GEN24_1055612","No other reason"
"GEN24_1055613","Holiday / vacation"
"GEN24_1055624","VFR"
"GEN24_1055627","No other reason"
"GEN24_1055628","No other reason"
"GEN24_1055629","Holiday / vacation"
"GEN24_1055630","Conference / convention"
"GEN24_1055631","Other"
"GEN24_1055636","No other reason"
"GEN24_1055637","VFR"
"GEN24_1055643","Holiday / vacation"
"GEN24_1055646","No other reason"
"GEN24_1055652","Holiday / vacation"
"GEN24_1055653","Holiday / vacation"
"GEN24_1055657","No other reason"
"GEN24_1055659","No other reason"
"GEN24_1055666","No other reason"
"GEN24_1055670","No other reason"
"GEN24_1055672","Holiday / vacation"
"GEN24_1055674","No other reason"
"GEN24_1055684","No other reason"
"GEN24_1055686","Holiday / vacation"
"GEN24_1055691","Holiday / vacation"
"GEN24_1055695","Holiday / vacation"
"GEN24_1055696","Holiday / vacation"
"GEN24_1055700","VFR"
"GEN24_1055712","No other reason"
"GEN24_1055714","Other"
"GEN24_1055716","No other reason"
"GEN24_1055717","No other reason"
"GEN24_1055722","Holiday / vacation"
"GEN24_1055724","VFR"
"GEN24_1055731","VFR"
"GEN24_1055734","Holiday / vacation"
"GEN24_1055735","Holiday / vacation"
"GEN24_1055739","No other reason"
"GEN24_1055743","No other reason"
"GEN24_1055744","Holiday / vacation"
"GEN24_1055744","Other"
"GEN24_1055747","No other reason"
"GEN24_1055757","VFR"
"GEN24_1055759","No other reason"
"GEN24_1055764","No other reason"
"GEN24_1055766","VFR"
"GEN24_1055768","VFR"
"GEN24_1055770","Holiday / vacation"
"GEN24_1055773","No other reason"
"GEN24_1055776","Holiday / vacation"
"GEN24_1055777","Holiday / vacation"
"GEN24_1055785","No other reason"
"GEN24_1055786","No other reason"
"GEN24_1055788","VFR"
"GEN24_1055789","VFR"
"GEN24_1055790","Holiday / vacation"
"GEN24_1055791","VFR"
"GEN24_1055793","Business"
"GEN24_1055793","Holiday / vacation"
"GEN24_1055794","Holiday / vacation"
"GEN24_1055799","Other"
"GEN24_1055805","No other reason"
"GEN24_1055808","No other reason"
"GEN24_1055810","VFR"
"GEN24_1055812","Holiday / vacation"
"GEN24_1055813","Education"
"GEN24_1055829","No other reason"
"GEN24_1055835","No other reason"
"GEN24_1055840","Holiday / vacation"
"GEN24_1055841","No other reason"
"GEN24_1055849","No other reason"
"GEN24_1055850","No other reason"
"GEN24_1055852","No other reason"
"GEN24_1055854","Holiday / vacation"
"GEN24_1055856","Holiday / vacation"
"GEN24_1055863","VFR"
"GEN24_1055864","No other reason"
"GEN24_1055865","Holiday / vacation"
"GEN24_1055866","Holiday / vacation"
"GEN24_1055869","No other reason"
"GEN24_1055870","Holiday / vacation"
"GEN24_1055875","VFR"
"GEN24_1055880","Conference / convention"
"GEN24_1055885","No other reason"
"GEN24_1055886","No other reason"
"GEN24_1055887","Holiday / vacation"
"GEN24_1055889","VFR"
"GEN24_1055890","VFR"
"GEN24_1055897","Holiday / vacation"
"GEN24_1055899","No other reason"
"GEN24_1055905","Holiday / vacation"
"GEN24_1055906","No other reason"
"GEN24_1055908","No other reason"
"GEN24_1055909","No other reason"
"GEN24_1055914","No other reason"
"GEN24_1055915","Other"
"GEN24_1055916","Holiday / vacation"
"GEN24_1055917","Holiday / vacation"
"GEN24_1055923","Holiday / vacation"
"GEN24_1055925","Holiday / vacation"
"GEN24_1055929","Holiday / vacation"
"GEN24_1055933","Holiday / vacation"
"GEN24_1055936","VFR"
"GEN24_1055940","Other"
"GEN24_1055943","No other reason"
"GEN24_1055946","VFR"
"GEN24_1055957","VFR"
"GEN24_1055958","No other reason"
"GEN24_1055959","Other"
"GEN24_1055961","VFR"
"GEN24_1055983","VFR"
"GEN24_1055985","VFR"
"GEN24_1055986","Holiday / vacation"
"GEN24_1055987","Holiday / vacation"
"GEN24_1055990","VFR"
"GEN24_1055992","Holiday / vacation"
"GEN24_1055993","VFR"
"GEN24_1055999","Holiday / vacation"
"GEN24_1056002","Holiday / vacation"
"GEN24_1056005","Other"
"GEN24_1056006","No other reason"
"GEN24_1056008","Holiday / vacation"
"GEN24_1056011","No other reason"
"GEN24_1056013","No other reason"
"GEN24_1056014","Holiday / vacation"
"GEN24_1056015","No other reason"
"GEN24_1056016","No other reason"
"GEN24_1056018","No other reason"
"GEN24_1056023","VFR"
"GEN24_1056025","No other reason"
"GEN24_1056026","No other reason"
"GEN24_1056034","No other reason"
"GEN24_1056038","Education"
"GEN24_1056048","VFR"
"GEN24_1056052","No other reason"
"GEN24_1056054","Other"
"GEN24_1056057","No other reason"
"GEN24_1056058","No other reason"
"GEN24_1056060","VFR"
"GEN24_1056062","No other reason"
"GEN24_1056063","No other reason"
"GEN24_1056064","No other reason"
"GEN24_1056066","VFR"
"GEN24_1056068","No other reason"
"GEN24_1056069","Holiday / vacation"
"GEN24_1056071","No other reason"
"GEN24_1056077","Holiday / vacation"
"GEN24_1056079","No other reason"
"GEN24_1056082","Holiday / vacation"
"GEN24_1056086","Holiday / vacation"
"GEN24_1056095","No other reason"
"GEN24_1056099","Holiday / vacation"
"GEN24_1056102","No other reason"
"GEN24_1056104","VFR"
"GEN24_1056109","Holiday / vacation"
"GEN24_1056110","No other reason"
"GEN24_1056111","No other reason"
"GEN24_1056112","No other reason"
"GEN24_1056113","VFR"
"GEN24_1056114","Holiday / vacation"
"GEN24_1056119","Holiday / vacation"
"GEN24_1056125","Holiday / vacation"
"GEN24_1056126","Holiday / vacation"
"GEN24_1056128","Holiday / vacation"
"GEN24_1056132","No other reason"
"GEN24_1056133","VFR"
"GEN24_1056154","No other reason"
"GEN24_1056160","Holiday / vacation"
"GEN24_1056163","Holiday / vacation"
"GEN24_1056164","VFR"
"GEN24_1056170","No other reason"
"GEN24_1056171","No other reason"
"GEN24_1056174","VFR"
"GEN24_1056176","No other reason"
"GEN24_1056179","Holiday / vacation"
"GEN24_1056186","Conference / convention"
"GEN24_1056189","No other reason"
"GEN24_1056195","Holiday / vacation"
"GEN24_1056204","No other reason"
"GEN24_1056211","VFR"
"GEN24_1056212","No other reason"
"GEN24_1056213","Holiday / vacation"
"GEN24_1056217","Holiday / vacation"
"GEN24_1056219","VFR"
"GEN24_1056227","No other reason"
"GEN24_1056228","No other reason"
"GEN24_1056234","No other reason"
"GEN24_1056236","Other"
"GEN24_1056241","Holiday / vacation"
"GEN24_1056244","Other"
"GEN24_1056245","VFR"
"GEN24_1056249","No other reason"
"GEN24_1056250","Holiday / vacation"
"GEN24_1056252","No other reason"
"GEN24_1056260","Holiday / vacation"
"GEN24_1056261","Holiday / vacation"
"GEN24_1056266","No other reason"
"GEN24_1056267","VFR"
"GEN24_1056270","No other reason"
"GEN24_1056272","Holiday / vacation"
"GEN24_1056273","VFR"
"GEN24_1056286","No other reason"
"GEN24_1056291","Business"
"GEN24_1056297","No other reason"
"GEN24_1056299","No other reason"
"GEN24_1056308","VFR"
"GEN24_1056314","Business"
"GEN24_1056321","No other reason"
"GEN24_1056333","VFR"
"GEN24_1056340","Education"
"GEN24_1056340","Other"
"GEN24_1056344","VFR"
"GEN24_1056345","No other reason"
"GEN24_1056346","Holiday / vacation"
"GEN24_1056347","No other reason"
"GEN24_1056348","No other reason"
"GEN24_1056354","No other reason"
"GEN24_1056356","No other reason"
"GEN24_1056357","No other reason"
"GEN24_1056364","Holiday / vacation"
"GEN24_1056376","No other reason"
"GEN24_1056380","No other reason"
"GEN24_1056381","No other reason"
"GEN24_1056383","No other reason"
"GEN24_1056392","VFR"
"GEN24_1056393","VFR"
"GEN24_1056395","VFR"
"GEN24_1056399","No other reason"
"GEN24_1056411","No other reason"
"GEN24_1056414","No other reason"
"GEN24_1056419","No other reason"
"GEN24_1056430","Holiday / vacation"
"GEN24_1056441","No other reason"
"GEN24_1056443","No other reason"
"GEN24_1056447","No other reason"
"GEN24_1056453","Holiday / vacation"
"GEN24_1056454","No other reason"
"GEN24_1056459","Other"
"GEN24_1056460","No other reason"
"GEN24_1056461","Business"
"GEN24_1056462","No other reason"
"GEN24_1056463","Holiday / vacation"
"GEN24_1056464","No other reason"
"GEN24_1056466","Holiday / vacation"
"GEN24_1056467","No other reason"
"GEN24_1056473","No other reason"
"GEN24_1056475","Conference / convention"
"GEN24_1056479","No other reason"
"GEN24_1056480","Other"
"GEN24_1056482","No other reason"
"GEN24_1056483","Holiday / vacation"
"GEN24_1056488","No other reason"
"GEN24_1056491","Holiday / vacation"
"GEN24_1056493","VFR"
"GEN24_1056495","Other"
"GEN24_1056496","No other reason"
"GEN24_1056498","Holiday / vacation"
"GEN24_1056499","Holiday / vacation"
"GEN24_1056501","VFR"
"GEN24_1056502","No other reason"
"GEN24_1056509","Other"
"GEN24_1056510","No other reason"
"GEN24_1056511","No other reason"
"GEN24_1056513","Holiday / vacation"
"GEN24_1056520","No other reason"
"GEN24_1056523","Holiday / vacation"
"GEN24_1056529","Education"
"GEN24_1056530","No other reason"
"GEN24_1056531","Holiday / vacation"
"GEN24_1056532","No other reason"
"GEN24_1056533","Holiday / vacation"
"GEN24_1056536","Holiday / vacation"
"GEN24_1056538","No other reason"
"GEN24_1056546","Holiday / vacation"
"GEN24_1056547","VFR"
"GEN24_1056550","No other reason"
"GEN24_1056557","Holiday / vacation"
"GEN24_1056565","Other"
"GEN24_1056567","No other reason"
"GEN24_1056568","No other reason"
"GEN24_1056570","No other reason"
"GEN24_1056580","Holiday / vacation"
"GEN24_1056582","No other reason"
"GEN24_1056587","No other reason"
"GEN24_1056594","No other reason"
"GEN24_1056596","VFR"
"GEN24_1056598","No other reason"
"GEN24_1056603","No other reason"
"GEN24_1056604","Conference / convention"
"GEN24_1056613","No other reason"
"GEN24_1056616","VFR"
"GEN24_1056620","No other reason"
"GEN24_1056624","No other reason"
"GEN24_1056626","No other reason"
"GEN24_1056629","No other reason"
"GEN24_1056634","No other reason"
"GEN24_1056635","VFR"
"GEN24_1056636","No other reason"
"GEN24_1056644","No other reason"
"GEN24_1056649","No other reason"
"GEN24_1056651","Holiday / vacation"
"GEN24_1056652","No other reason"
"GEN24_1056653","No other reason"
"GEN24_1056655","Holiday / vacation"
"GEN24_1056656","No other reason"
"GEN24_1056658","Holiday / vacation"
"GEN24_1056662","VFR"
"GEN24_1056665","No other reason"
"GEN24_1056666","No other reason"
"GEN24_1056670","No other reason"
"GEN24_1056674","No other reason"
"GEN24_1056678","VFR"
"GEN24_1056680","No other reason"
"GEN24_1056682","No other reason"
"GEN24_1056684","Education"
"GEN24_1056691","Holiday / vacation"
"GEN24_1056698","VFR"
"GEN24_1056700","Holiday / vacation"
"GEN24_1056701","Holiday / vacation"
"GEN24_1056703","Other"
"GEN24_1056720","No other reason"
"GEN24_1056721","No other reason"
"GEN24_1056723","Holiday / vacation"
"GEN24_1056734","Holiday / vacation"
"GEN24_1056735","VFR"
"GEN24_1056739","No other reason"
"GEN24_1056743","No other reason"
"GEN24_1056745","No other reason"
"GEN24_1056746","No other reason"
"GEN24_1056750","No other reason"
"GEN24_1056752","No other reason"
"GEN24_1056753","Holiday / vacation"
"GEN24_1056760","No other reason"
"GEN24_1056763","No other reason"
"GEN24_1056769","No other reason"
"GEN24_1056773","VFR"
"GEN24_1056775","Holiday / vacation"
"GEN24_1056776","Holiday / vacation"
"GEN24_1056778","No other reason"
"GEN24_1056780","No other reason"
"GEN24_1056782","No other reason"
"GEN24_1056784","No other reason"
"GEN24_1056787","No other reason"
"GEN24_1056789","No other reason"
"GEN24_1056793","VFR"
"GEN24_1056795","Other"
"GEN24_1056796","No other reason"
"GEN24_1056800","Holiday / vacation"
"GEN24_1056804","No other reason"
"GEN24_1056806","No other reason"
"GEN24_1056807","Holiday / vacation"
"GEN24_1056809","Holiday / vacation"
"GEN24_1056811","No other reason"
"GEN24_1056812","No other reason"
"GEN24_1056814","VFR"
"GEN24_1056818","VFR"
"GEN24_1056821","VFR"
"GEN24_1056822","Holiday / vacation"
"GEN24_1056823","No other reason"
"GEN24_1056825","No other reason"
"GEN24_1056826","Other"
"GEN24_1056827","No other reason"
"GEN24_1056831","No other reason"
"GEN24_1056835","Holiday / vacation"
"GEN24_1056838","Holiday / vacation"
"GEN24_1056839","VFR"
"GEN24_1056843","Holiday / vacation"
"GEN24_1056850","No other reason"
"GEN24_1056854","No other reason"
"GEN24_1056859","VFR"
"GEN24_1056864","Conference / convention"
"GEN24_1056865","Holiday / vacation"
"GEN24_1056870","VFR"
"GEN24_1056881","No other reason"
"GEN24_1056889","VFR"
"GEN24_1056893","No other reason"
"GEN24_1056896","No other reason"
"GEN24_1056897","VFR"
"GEN24_1056903","No other reason"
"GEN24_1056907","No other reason"
"GEN24_1056909","Holiday / vacation"
"GEN24_1056913","No other reason"
"GEN24_1056916","No other reason"
"GEN24_1056919","Business"
"GEN24_1056919","Holiday / vacation"
"GEN24_1056922","No other reason"
"GEN24_1056935","No other reason"
"GEN24_1056936","No other reason"
"GEN24_1056942","VFR"
"GEN24_1056943","Holiday / vacation"
"GEN24_1056944","Holiday / vacation"
"GEN24_1056946","No other reason"
"GEN24_1056947","No other reason"
"GEN24_1056953","Other"
"GEN24_1056956","No other reason"
"GEN24_1056957","No other reason"
"GEN24_1056960","No other reason"
"GEN24_1056961","No other reason"
"GEN24_1056962","VFR"
"GEN24_1056963","Business"
"GEN24_1056970","VFR"
"GEN24_1056982","No other reason"
"GEN24_1056989","No other reason"
"GEN24_1056990","No other reason"
"GEN24_1056998","No other reason"
"GEN24_1056999","No other reason"
"GEN24_1057001","No other reason"
"GEN24_1057010","Other"
"GEN24_1057014","Holiday / vacation"
"GEN24_1057022","No other reason"
"GEN24_1057033","Other"
"GEN24_1057034","No other reason"
"GEN24_1057037","Holiday / vacation"
"GEN24_1057039","No other reason"
"GEN24_1057041","VFR"
"GEN24_1057043","Holiday / vacation"
"GEN24_1057045","No other reason"
"GEN24_1057048","Other"
"GEN24_1057050","No other reason"
"GEN24_1057053","Holiday / vacation"
"GEN24_1057055","No other reason"
"GEN24_1057059","VFR"
"GEN24_1057065","Holiday / vacation"
"GEN24_1057081","Holiday / vacation"
"GEN24_1057085","No other reason"
"GEN24_1057086","Business"
"GEN24_1057088","Holiday / vacation"
"GEN24_1057092","No other reason"
"GEN24_1057094","Holiday / vacation"
"GEN24_1057096","No other reason"
"GEN24_1057097","No other reason"
"GEN24_1057099","Holiday / vacation"
"GEN24_1057101","No other reason"
"GEN24_1057104","No other reason"
"GEN24_1057105","No other reason"
"GEN24_1057110","No other reason"
"GEN24_1057113","No other reason"
"GEN24_1057118","Holiday / vacation"
"GEN24_1057130","Business"
"GEN24_1057134","Holiday / vacation"
"GEN24_1057138","Holiday / vacation"
"GEN24_1057140","VFR"
"GEN24_1057141","No other reason"
"GEN24_1057142","No other reason"
"GEN24_1057155","Holiday / vacation"
"GEN24_1057156","No other reason"
"GEN24_1057163","No other reason"
"GEN24_1057166","No other reason"
"GEN24_1057169","Holiday / vacation"
"GEN24_1057174","Holiday / vacation"
"GEN24_1057178","No other reason"
"GEN24_1057185","Holiday / vacation"
"GEN24_1057186","No other reason"
"GEN24_1057187","No other reason"
"GEN24_1057192","No other reason"
"GEN24_1057197","VFR"
"GEN24_1057199","No other reason"
"GEN24_1057202","No other reason"
"GEN24_1057204","Holiday / vacation"
"GEN24_1057208","Holiday / vacation"
"GEN24_1057216","Holiday / vacation"
"GEN24_1057216","VFR"
"GEN24_1057218","Holiday / vacation"
"GEN24_1057219","Holiday / vacation"
"GEN24_1057227","No other reason"
"GEN24_1057230","No other reason"
"GEN24_1057232","No other reason"
"GEN24_1057234","No other reason"
"GEN24_1057235","No other reason"
"GEN24_1057237","Holiday / vacation"
"GEN24_1057239","No other reason"
"GEN24_1057240","Holiday / vacation"
"GEN24_1057245","No other reason"
"GEN24_1057251","VFR"
"GEN24_1057255","No other reason"
"GEN24_1057256","No other reason"
"GEN24_1057262","Other"
"GEN24_1057283","No other reason"
"GEN24_1057287","No other reason"
"GEN24_1057289","Education"
"GEN24_1057293","VFR"
"GEN24_1057295","No other reason"
"GEN24_1057299","Holiday / vacation"
"GEN24_1057301","No other reason"
"GEN24_1057303","VFR"
"GEN24_1057309","No other reason"
"GEN24_1057317","No other reason"
"GEN24_1057320","No other reason"
"GEN24_1057321","No other reason"
"GEN24_1057325","No other reason"
"GEN24_1057329","No other reason"
"GEN24_1057331","VFR"
"GEN24_1057341","Holiday / vacation"
"GEN24_1057346","Other"
"GEN24_1057347","No other reason"
"GEN24_1057348","No other reason"
"GEN24_1057355","No other reason"
"GEN24_1057361","No other reason"
"GEN24_1057364","VFR"
"GEN24_1057381","No other reason"
"GEN24_1057390","No other reason"
"GEN24_1057394","No other reason"
"GEN24_1057399","No other reason"
"GEN24_1057401","No other reason"
"GEN24_1057404","No other reason"
"GEN24_1057405","Education"
"GEN24_1057406","No other reason"
"GEN24_1057407","Business"
"GEN24_1057417","No other reason"
"GEN24_1057418","No other reason"
"GEN24_1057419","No other reason"
"GEN24_1057421","No other reason"
"GEN24_1057424","No other reason"
"GEN24_1057425","Holiday / vacation"
"GEN24_1057426","No other reason"
"GEN24_1057428","Holiday / vacation"
"GEN24_1057430","VFR"
"GEN24_1057433","No other reason"
"GEN24_1057434","No other reason"
"GEN24_1057436","No other reason"
"GEN24_1057439","No other reason"
"GEN24_1057442","No other reason"
"GEN24_1057443","Holiday / vacation"
"GEN24_1057445","Business"
"GEN24_1057450","Holiday / vacation"
"GEN24_1057451","Holiday / vacation"
"GEN24_1057457","Holiday / vacation"
"GEN24_1057458","Holiday / vacation"
"GEN24_1057460","No other reason"
"GEN24_1057463","Holiday / vacation"
"GEN24_1057465","No other reason"
"GEN24_1057467","No other reason"
"GEN24_1057471","VFR"
"GEN24_1057472","No other reason"
"GEN24_1057474","VFR"
"GEN24_1057476","No other reason"
"GEN24_1057478","No other reason"
"GEN24_1057479","No other reason"
"GEN24_1057480","No other reason"
"GEN24_1057488","No other reason"
"GEN24_1057490","No other reason"
"GEN24_1057494","No other reason"
"GEN24_1057495","Holiday / vacation"
"GEN24_1057496","VFR"
"GEN24_1057513","Other"
"GEN24_1057515","No other reason"
"GEN24_1057518","No other reason"
"GEN24_1057519","No other reason"
"GEN24_1057531","No other reason"
"GEN24_1057537","VFR"
"GEN24_1057540","No other reason"
"GEN24_1057544","Holiday / vacation"
"GEN24_1057545","Holiday / vacation"
"GEN24_1057547","No other reason"
"GEN24_1057552","No other reason"
"GEN24_1057563","Holiday / vacation"
"GEN24_1057577","No other reason"
"GEN24_1057580","No other reason"
"GEN24_1057581","Holiday / vacation"
"GEN24_1057582","No other reason"
"GEN24_1057586","Holiday / vacation"
"GEN24_1057587","No other reason"
"GEN24_1057593","No other reason"
"GEN24_1057594","Other"
"GEN24_1057598","VFR"
"GEN24_1057599","Holiday / vacation"
"GEN24_1057605","No other reason"
"GEN24_1057607","No other reason"
"GEN24_1057611","Holiday / vacation"
"GEN24_1057613","VFR"
"GEN24_1057614","Holiday / vacation"
"GEN24_1057616","VFR"
"GEN24_1057622","Holiday / vacation"
"GEN24_1057635","Holiday / vacation"
"GEN24_1057637","No other reason"
"GEN24_1057648","No other reason"
"GEN24_1057659","Holiday / vacation"
"GEN24_1057660","No other reason"
"GEN24_1057663","Holiday / vacation"
"GEN24_1057678","No other reason"
"GEN24_1057687","No other reason"
"GEN24_1057690","No other reason"
"GEN24_1057693","No other reason"
"GEN24_1057695","No other reason"
"GEN24_1057702","No other reason"
"GEN24_1057704","Holiday / vacation"
"GEN24_1057707","No other reason"
"GEN24_1057709","Holiday / vacation"
"GEN24_1057715","Other"
"GEN24_1057720","Holiday / vacation"
"GEN24_1057723","No other reason"
"GEN24_1057725","No other reason"
"GEN24_1057735","No other reason"
"GEN24_1057740","No other reason"
"GEN24_1057742","No other reason"
"GEN24_1057743","No other reason"
"GEN24_1057744","No other reason"
"GEN24_1057748","Holiday / vacation"
"GEN24_1057749","No other reason"
"GEN24_1057752","VFR"
"GEN24_1057755","No other reason"
"GEN24_1057757","No other reason"
"GEN24_1057765","No other reason"
"GEN24_1057775","No other reason"
"GEN24_1057782","No other reason"
"GEN24_1057785","No other reason"
"GEN24_1057786","No other reason"
"GEN24_1057788","No other reason"
"GEN24_1057797","No other reason"
"GEN24_1057800","No other reason"
"GEN24_1057803","No other reason"
"GEN24_1057814","Holiday / vacation"
"GEN24_1057823","Holiday / vacation"
"GEN24_1057828","No other reason"
"GEN24_1057830","No other reason"
"GEN24_1057834","Holiday / vacation"
"GEN24_1057843","Holiday / vacation"
"GEN24_1057848","VFR"
"GEN24_1057849","No other reason"
"GEN24_1057862","No other reason"
"GEN24_1057866","Other"
"GEN24_1057868","No other reason"
"GEN24_1057870","No other reason"
"GEN24_1057882","No other reason"
"GEN24_1057884","VFR"
"GEN24_1057890","No other reason"
"GEN24_1057891","Business"
"GEN24_1057891","Other"
"GEN24_1057895","No other reason"
"GEN24_1057902","No other reason"
"GEN24_1057903","Other"
"GEN24_1057904","Other"
"GEN24_1057905","No other reason"
"GEN24_1057906","No other reason"
"GEN24_1057914","Holiday / vacation"
"GEN24_1057915","Holiday / vacation"
"GEN24_1057916","VFR"
"GEN24_1057918","Holiday / vacation"
"GEN24_1057920","Holiday / vacation"
"GEN24_1057921","VFR"
"GEN24_1057927","No other reason"
"GEN24_1057928","No other reason"
"GEN24_1057930","No other reason"
"GEN24_1057934","No other reason"
"GEN24_1057935","No other reason"
"GEN24_1057939","Holiday / vacation"
"GEN24_1057944","Holiday / vacation"
"GEN24_1057945","No other reason"
"GEN24_1057947","No other reason"
"GEN24_1057950","No other reason"
"GEN24_1057952","Holiday / vacation"
"GEN24_1057953","Holiday / vacation"
"GEN24_1057954","Holiday / vacation"
"GEN24_1057956","No other reason"
"GEN24_1057957","Holiday / vacation"
"GEN24_1057961","Holiday / vacation"
"GEN24_1057963","No other reason"
"GEN24_1057968","VFR"
"GEN24_1057970","No other reason"
"GEN24_1057981","No other reason"
"GEN24_1057983","Holiday / vacation"
"GEN24_1057989","No other reason"
"GEN24_1057996","VFR"
"GEN24_1058004","No other reason"
"GEN24_1058005","Other"
"GEN24_1058006","No other reason"
"GEN24_1058008","No other reason"
"GEN24_1058009","No other reason"
"GEN24_1058011","No other reason"
"GEN24_1058016","No other reason"
"GEN24_1058020","VFR"
"GEN24_1058030","Holiday / vacation"
"GEN24_1058054","No other reason"
"GEN24_1058057","No other reason"
"GEN24_1058059","VFR"
"GEN24_1058061","No other reason"
"GEN24_1058068","Other"
"GEN24_1058069","No other reason"
"GEN24_1058071","Holiday / vacation"
"GEN24_1058078","No other reason"
"GEN24_1058088","Holiday / vacation"
"GEN24_1058094","Holiday / vacation"
"GEN24_1058106","No other reason"
"GEN24_1058108","No other reason"
"GEN24_1058111","No other reason"
"GEN24_1058114","No other reason"
"GEN24_1058118","Holiday / vacation"
"GEN24_1058119","No other reason"
"GEN24_1058123","VFR"
"GEN24_1058128","No other reason"
"GEN24_1058135","No other reason"
"GEN24_1058139","Holiday / vacation"
"GEN24_1058140","Holiday / vacation"
"GEN24_1058146","No other reason"
"GEN24_1058148","Holiday / vacation"
"GEN24_1058153","Holiday / vacation"
"GEN24_1058156","No other reason"
"GEN24_1058158","VFR"
"GEN24_1058160","VFR"
"GEN24_1058167","No other reason"
"GEN24_1058171","No other reason"
"GEN24_1058182","No other reason"
"GEN24_1058190","Holiday / vacation"
"GEN24_1058195","VFR"
"GEN24_1058200","No other reason"
"GEN24_1058202","Holiday / vacation"
"GEN24_1058223","Other"
"GEN24_1058228","No other reason"
"GEN24_1058233","VFR"
"GEN24_1058235","Holiday / vacation"
"GEN24_1058240","Holiday / vacation"
"GEN24_1058243","No other reason"
"GEN24_1058247","No other reason"
"GEN24_1058258","Holiday / vacation"
"GEN24_1058258","Other"
"GEN24_1058259","No other reason"
"GEN24_1058264","No other reason"
"GEN24_1058272","Other"
"GEN24_1058273","VFR"
"GEN24_1058276","No other reason"
"GEN24_1058277","VFR"
"GEN24_1058281","No other reason"
"GEN24_1058282","Holiday / vacation"
"GEN24_1058284","Holiday / vacation"
"GEN24_1058285","No other reason"
"GEN24_1058286","Holiday / vacation"
"GEN24_1058287","No other reason"
"GEN24_1058291","Holiday / vacation"
"GEN24_1058292","Holiday / vacation"
"GEN24_1058297","No other reason"
"GEN24_1058298","VFR"
"GEN24_1058299","No other reason"
"GEN24_1058300","Other"
"GEN24_1058311","Holiday / vacation"
"GEN24_1058312","No other reason"
"GEN24_1058316","No other reason"
"GEN24_1058318","VFR"
"GEN24_1058330","Holiday / vacation"
"GEN24_1058330","Other"
"GEN24_1058331","Other"
"GEN24_1058334","No other reason"
"GEN24_1058337","No other reason"
"GEN24_1058338","Business"
"GEN24_1058341","Education"
"GEN24_1058342","Holiday / vacation"
"GEN24_1058346","Holiday / vacation"
"GEN24_1058350","No other reason"
"GEN24_1058354","Holiday / vacation"
"GEN24_1058362","No other reason"
"GEN24_1058370","No other reason"
"GEN24_1058371","No other reason"
"GEN24_1058372","Holiday / vacation"
"GEN24_1058376","No other reason"
"GEN24_1058381","No other reason"
"GEN24_1058385","No other reason"
"GEN24_1058397","Holiday / vacation"
"GEN24_1058400","Holiday / vacation"
"GEN24_1058406","VFR"
"GEN24_1058411","Holiday / vacation"
"GEN24_1058419","VFR"
"GEN24_1058420","No other reason"
"GEN24_1058421","VFR"
"GEN24_1058422","No other reason"
"GEN24_1058423","No other reason"
"GEN24_1058425","No other reason"
"GEN24_1058428","No other reason"
"GEN24_1058429","Other"
"GEN24_1058441","No other reason"
"GEN24_1058442","No other reason"
"GEN24_1058446","No other reason"
"GEN24_1058447","No other reason"
"GEN24_1058449","Holiday / vacation"
"GEN24_1058455","No other reason"
"GEN24_1058456","Holiday / vacation"
"GEN24_1058458","VFR"
"GEN24_1058459","No other reason"
"GEN24_1058462","Holiday / vacation"
"GEN24_1058469","No other reason"
"GEN24_1058471","No other reason"
"GEN24_1058472","No other reason"
"GEN24_1058475","No other reason"
"GEN24_1058477","Holiday / vacation"
"GEN24_1058480","No other reason"
"GEN24_1058485","No other reason"
"GEN24_1058486","No other reason"
"GEN24_1058489","No other reason"
"GEN24_1058491","No other reason"
"GEN24_1058503","Holiday / vacation"
"GEN24_1058505","No other reason"
"GEN24_1058511","No other reason"
"GEN24_1058513","Holiday / vacation"
"GEN24_1058514","No other reason"
"GEN24_1058521","No other reason"
"GEN24_1058524","No other reason"
"GEN24_1058525","No other reason"
"GEN24_1058533","VFR"
"GEN24_1058535","Other"
"GEN24_1058536","Holiday / vacation"
"GEN24_1058541","No other reason"
"GEN24_1058542","Holiday / vacation"
"GEN24_1058543","VFR"
"GEN24_1058571","VFR"
"GEN24_1058573","No other reason"
"GEN24_1058575","Holiday / vacation"
"GEN24_1058576","VFR"
"GEN24_1058577","No other reason"
"GEN24_1058580","VFR"
"GEN24_1058581","No other reason"
"GEN24_1058582","VFR"
"GEN24_1058588","No other reason"
"GEN24_1058592","No other reason"
"GEN24_1058593","VFR"
"GEN24_1058597","Holiday / vacation"
"GEN24_1058598","No other reason"
"GEN24_1058609","No other reason"
"GEN24_1058611","No other reason"
"GEN24_1058615","No other reason"
"GEN24_1058628","No other reason"
"GEN24_1058630","No other reason"
"GEN24_1058647","Holiday / vacation"
"GEN24_1058649","No other reason"
"GEN24_1058651","Holiday / vacation"
"GEN24_1058652","No other reason"
"GEN24_1058666","No other reason"
"GEN24_1058672","No other reason"
"GEN24_1058675","No other reason"
"GEN24_1058681","Holiday / vacation"
"GEN24_1058682","No other reason"
"GEN24_1058688","No other reason"
"GEN24_1058691","No other reason"
"GEN24_1058693","VFR"
"GEN24_1058702","No other reason"
"GEN24_1058708","No other reason"
"GEN24_1058719","Holiday / vacation"
"GEN24_1058720","No other reason"
"GEN24_1058721","Education"
"GEN24_1058721","Other"
"GEN24_1058724","No other reason"
"GEN24_1058746","No other reason"
"GEN24_1058747","Other"
"GEN24_1058752","No other reason"
"GEN24_1058753","Other"
"GEN24_1058756","No other reason"
"GEN24_1058759","Holiday / vacation"
"GEN24_1058766","VFR"
"GEN24_1058768","No other reason"
"GEN24_1058769","Holiday / vacation"
"GEN24_1058770","No other reason"
"GEN24_1058780","No other reason"
"GEN24_1058788","No other reason"
"GEN24_1058789","No other reason"
"GEN24_1058794","VFR"
"GEN24_1058795","Other"
"GEN24_1058801","VFR"
"GEN24_1058809","No other reason"
"GEN24_1058813","Holiday / vacation"
"GEN24_1058816","No other reason"
"GEN24_1058833","Conference / convention"
"GEN24_1058838","No other reason"
"GEN24_1058850","Holiday / vacation"
"GEN24_1058851","No other reason"
"GEN24_1058852","No other reason"
"GEN24_1058858","No other reason"
"GEN24_1058861","Holiday / vacation"
"GEN24_1058862","Holiday / vacation"
"GEN24_1058864","No other reason"
"GEN24_1058866","VFR"
"GEN24_1058868","Business"
"GEN24_1058870","No other reason"
"GEN24_1058871","No other reason"
"GEN24_1058873","VFR"
"GEN24_1058880","No other reason"
"GEN24_1058891","Holiday / vacation"
"GEN24_1058892","No other reason"
"GEN24_1058893","No other reason"
"GEN24_1058898","Business"
"GEN24_1058899","VFR"
"GEN24_1058900","Business"
"GEN24_1058905","Other"
"GEN24_1058908","Holiday / vacation"
"GEN24_1058912","No other reason"
"GEN24_1058916","No other reason"
"GEN24_1058921","VFR"
"GEN24_1058923","No other reason"
"GEN24_1058933","No other reason"
"GEN24_1058934","No other reason"
"GEN24_1058935","No other reason"
"GEN24_1058938","Holiday / vacation"
"GEN24_1058940","No other reason"
"GEN24_1058942","Other"
"GEN24_1058953","No other reason"
"GEN24_1058961","Business"
"GEN24_1058961","Holiday / vacation"
"GEN24_1058972","No other reason"
"GEN24_1058979","No other reason"
"GEN24_1058982","Holiday / vacation"
"GEN24_1058989","No other reason"
"GEN24_1058993","No other reason"
"GEN24_1058994","No other reason"
"GEN24_1058995","No other reason"
"GEN24_1058997","VFR"
"GEN24_1059005","No other reason"
"GEN24_1059006","Holiday / vacation"
"GEN24_1059007","No other reason"
"GEN24_1059014","No other reason"
"GEN24_1059015","No other reason"
"GEN24_1059017","No other reason"
"GEN24_1059021","Holiday / vacation"
"GEN24_1059022","No other reason"
"GEN24_1059023","No other reason"
"GEN24_1059032","No other reason"
"GEN24_1059033","Other"
"GEN24_1059034","No other reason"
"GEN24_1059035","No other reason"
"GEN24_1059040","No other reason"
"GEN24_1059047","No other reason"
"GEN24_1059048","No other reason"
"GEN24_1059049","VFR"
"GEN24_1059059","No other reason"
"GEN24_1059067","Other"
"GEN24_1059067","VFR"
"GEN24_1059070","Holiday / vacation"
"GEN24_1059071","Other"
"GEN24_1059072","No other reason"
"GEN24_1059073","Holiday / vacation"
"GEN24_1059075","Holiday / vacation"
"GEN24_1059076","No other reason"
"GEN24_1059079","No other reason"
"GEN24_1059083","VFR"
"GEN24_1059084","No other reason"
"GEN24_1059085","No other reason"
"GEN24_1059086","Holiday / vacation"
"GEN24_1059088","No other reason"
"GEN24_1059089","Holiday / vacation"
"GEN24_1059090","No other reason"
"GEN24_1059092","Holiday / vacation"
"GEN24_1059094","No other reason"
"GEN24_1059097","Conference / convention"
"GEN24_1059098","Holiday / vacation"
"GEN24_1059103","No other reason"
"GEN24_1059104","Other"
"GEN24_1059106","No other reason"
"GEN24_1059107","VFR"
"GEN24_1059111","No other reason"
"GEN24_1059119","Holiday / vacation"
"GEN24_1059122","No other reason"
"GEN24_1059131","No other reason"
"GEN24_1059136","No other reason"
"GEN24_1059148","VFR"
"GEN24_1059162","No other reason"
"GEN24_1059163","No other reason"
"GEN24_1059171","Holiday / vacation"
"GEN24_1059172","VFR"
"GEN24_1059174","No other reason"
"GEN24_1059176","No other reason"
"GEN24_1059178","Holiday / vacation"
"GEN24_1059180","Holiday / vacation"
"GEN24_1059181","No other reason"
"GEN24_1059192","No other reason"
"GEN24_1059193","No other reason"
"GEN24_1059194","No other reason"
"GEN24_1059195","No other reason"
"GEN24_1059200","VFR"
"GEN24_1059214","No other reason"
"GEN24_1059217","Other"
"GEN24_1059218","Holiday / vacation"
"GEN24_1059221","No other reason"
"GEN24_1059222","No other reason"
"GEN24_1059225","No other reason"
"GEN24_1059230","VFR"
"GEN24_1059233","VFR"
"GEN24_1059235","No other reason"
"GEN24_1059238","No other reason"
"GEN24_1059243","No other reason"
"GEN24_1059252","No other reason"
"GEN24_1059255","No other reason"
"GEN24_1059259","Holiday / vacation"
"GEN24_1059265","Holiday / vacation"
"GEN24_1059272","No other reason"
"GEN24_1059278","Holiday / vacation"
"GEN24_1059280","No other reason"
"GEN24_1059286","VFR"
"GEN24_1059291","Holiday / vacation"
"GEN24_1059292","No other reason"
"GEN24_1059293","Holiday / vacation"
"GEN24_1059294","No other reason"
"GEN24_1059296","No other reason"
"GEN24_1059305","Other"
"GEN24_1059321","VFR"
"GEN24_1059322","Holiday / vacation"
"GEN24_1059338","No other reason"
"GEN24_1059340","No other reason"
"GEN24_1059342","No other reason"
"GEN24_1059354","Holiday / vacation"
"GEN24_1059355","No other reason"
"GEN24_1059359","Holiday / vacation"
"GEN24_1059360","Holiday / vacation"
"GEN24_1059361","Other"
"GEN24_1059374","Business"
"GEN24_1059374","Holiday / vacation"
"GEN24_1059375","VFR"
"GEN24_1059376","No other reason"
"GEN24_1059377","VFR"
"GEN24_1059381","No other reason"
"GEN24_1059390","No other reason"
"GEN24_1059391","Holiday / vacation"
"GEN24_1059393","No other reason"
"GEN24_1059397","Holiday / vacation"
"GEN24_1059398","No other reason"
"GEN24_1059399","Other"
"GEN24_1059401","Holiday / vacation"
"GEN24_1059410","Holiday / vacation"
"GEN24_1059415","No other reason"
"GEN24_1059418","No other reason"
"GEN24_1059419","No other reason"
"GEN24_1059420","Holiday / vacation"
"GEN24_1059421","Business"
"GEN24_1059421","Holiday / vacation"
"GEN24_1059422","VFR"
"GEN24_1059423","No other reason"
"GEN24_1059430","No other reason"
"GEN24_1059434","No other reason"
"GEN24_1059435","Holiday / vacation"
"GEN24_1059436","Holiday / vacation"
"GEN24_1059438","No other reason"
"GEN24_1059446","No other reason"
"GEN24_1059449","VFR"
"GEN24_1059450","No other reason"
"GEN24_1059456","No other reason"
"GEN24_1059458","No other reason"
"GEN24_1059470","No other reason"
"GEN24_1059478","Holiday / vacation"
"GEN24_1059493","Holiday / vacation"
"GEN24_1059496","VFR"
"GEN24_1059498","No other reason"
"GEN24_1059513","No other reason"
"GEN24_1059524","Other"
"GEN24_1059529","No other reason"
"GEN24_1059538","No other reason"
"GEN24_1059557","No other reason"
"GEN24_1059558","VFR"
"GEN24_1059562","Holiday / vacation"
"GEN24_1059570","VFR"
"GEN24_1059572","No other reason"
"GEN24_1059582","No other reason"
"GEN24_1059584","Conference / convention"
"GEN24_1059588","No other reason"
"GEN24_1059593","VFR"
"GEN24_1059594","No other reason"
"GEN24_1059603","No other reason"
"GEN24_1059604","VFR"
"GEN24_1059608","VFR"
"GEN24_1059611","VFR"
"GEN24_1059616","Other"
"GEN24_1059621","Holiday / vacation"
"GEN24_1059627","No other reason"
"GEN24_1059639","Holiday / vacation"
"GEN24_1059644","No other reason"
"GEN24_1059646","No other reason"
"GEN24_1059650","No other reason"
"GEN24_1059663","Holiday / vacation"
"GEN24_1059672","VFR"
"GEN24_1059677","Other"
"GEN24_1059678","No other reason"
"GEN24_1059689","Other"
"GEN24_1059692","Holiday / vacation"
"GEN24_1059695","Holiday / vacation"
"GEN24_1059698","No other reason"
"GEN24_1059701","No other reason"
"GEN24_1059702","No other reason"
"GEN24_1059705","No other reason"
"GEN24_1059706","No other reason"
"GEN24_1059707","No other reason"
"GEN24_1059708","Holiday / vacation"
"GEN24_1059709","VFR"
"GEN24_1059717","No other reason"
"GEN24_1059718","No other reason"
"GEN24_1059719","VFR"
"GEN24_1059720","No other reason"
"GEN24_1059723","Holiday / vacation"
"GEN24_1059723","Other"
"GEN24_1059725","No other reason"
"GEN24_1059729","Holiday / vacation"
"GEN24_1059734","Holiday / vacation"
"GEN24_1059734","VFR"
"GEN24_1059740","No other reason"
"GEN24_1059743","No other reason"
"GEN24_1059744","Education"
"GEN24_1059748","No other reason"
"GEN24_1059751","VFR"
"GEN24_1059752","Holiday / vacation"
"GEN24_1059753","Holiday / vacation"
"GEN24_1059754","No other reason"
"GEN24_1059755","No other reason"
"GEN24_1059756","Holiday / vacation"
"GEN24_1059765","No other reason"
"GEN24_1059767","Holiday / vacation"
"GEN24_1059769","Holiday / vacation"
"GEN24_1059769","VFR"
"GEN24_1059771","Holiday / vacation"
"GEN24_1059774","Other"
"GEN24_1059778","Holiday / vacation"
"GEN24_1059785","VFR"
"GEN24_1059789","No other reason"
"GEN24_1059791","No other reason"
"GEN24_1059801","No other reason"
"GEN24_1059816","No other reason"
"GEN24_1059823","No other reason"
"GEN24_1059827","Holiday / vacation"
"GEN24_1059829","Holiday / vacation"
"GEN24_1059831","No other reason"
"GEN24_1059838","Holiday / vacation"
"GEN24_1059853","Education"
"GEN24_1059856","Holiday / vacation"
"GEN24_1059863","No other reason"
"GEN24_1059864","Holiday / vacation"
"GEN24_1059866","Other"
"GEN24_1059870","No other reason"
"GEN24_1059871","No other reason"
"GEN24_1059878","No other reason"
"GEN24_1059879","No other reason"
"GEN24_1059882","No other reason"
"GEN24_1059883","No other reason"
"GEN24_1059886","Holiday / vacation"
"GEN24_1059888","Other"
"GEN24_1059889","No other reason"
"GEN24_1059890","No other reason"
"GEN24_1059901","No other reason"
"GEN24_1059909","No other reason"
"GEN24_1059914","No other reason"
"GEN24_1059923","Holiday / vacation"
"GEN24_1059924","No other reason"
"GEN24_1059930","Other"
"GEN24_1059931","VFR"
"GEN24_1059933","No other reason"
"GEN24_1059939","Holiday / vacation"
"GEN24_1059940","No other reason"
"GEN24_1059944","No other reason"
"GEN24_1059946","Other"
"GEN24_1059951","No other reason"
"GEN24_1059957","Holiday / vacation"
"GEN24_1059959","Other"
"GEN24_1059973","Other"
"GEN24_1059984","No other reason"
"GEN24_1059992","Holiday / vacation"
"GEN24_1060005","VFR"
"GEN24_1060009","No other reason"
"GEN24_1060010","No other reason"
"GEN24_1060020","No other reason"
"GEN24_1060023","VFR"
"GEN24_1060027","Holiday / vacation"
"GEN24_1060031","Other"
"GEN24_1060033","Holiday / vacation"
"GEN24_1060034","No other reason"
"GEN24_1060037","No other reason"
"GEN24_1060039","No other reason"
"GEN24_1060049","No other reason"
"GEN24_1060050","No other reason"
"GEN24_1060054","Holiday / vacation"
"GEN24_1060055","No other reason"
"GEN24_1060058","No other reason"
"GEN24_1060061","No other reason"
"GEN24_1060063","VFR"
"GEN24_1060064","Holiday / vacation"
"GEN24_1060067","No other reason"
"GEN24_1060068","No other reason"
"GEN24_1060073","No other reason"
"GEN24_1060077","No other reason"
"GEN24_1060078","No other reason"
"GEN24_1060083","No other reason"
"GEN24_1060086","No other reason"
"GEN24_1060087","No other reason"
"GEN24_1060088","VFR"
"GEN24_1060090","Holiday / vacation"
"GEN24_1060100","Other"
"GEN24_1060103","No other reason"
"GEN24_1060105","No other reason"
"GEN24_1060114","Other"
"GEN24_1060117","No other reason"
"GEN24_1060118","Other"
"GEN24_1060120","No other reason"
"GEN24_1060142","No other reason"
"GEN24_1060148","Holiday / vacation"
"GEN24_1060156","VFR"
"GEN24_1060158","Other"
"GEN24_1060161","Business"
"GEN24_1060163","No other reason"
"GEN24_1060165","Holiday / vacation"
"GEN24_1060165","VFR"
"GEN24_1060170","Holiday / vacation"
"GEN24_1060180","No other reason"
"GEN24_1060185","VFR"
"GEN24_1060189","VFR"
"GEN24_1060191","Education"
"GEN24_1060194","VFR"
"GEN24_1060195","Holiday / vacation"
"GEN24_1060198","No other reason"
"GEN24_1060201","No other reason"
"GEN24_1060203","Holiday / vacation"
"GEN24_1060204","No other reason"
"GEN24_1060210","VFR"
"GEN24_1060217","No other reason"
"GEN24_1060218","No other reason"
"GEN24_1060220","No other reason"
"GEN24_1060223","VFR"
"GEN24_1060226","No other reason"
"GEN24_1060230","Holiday / vacation"
"GEN24_1060231","VFR"
"GEN24_1060235","No other reason"
"GEN24_1060238","No other reason"
"GEN24_1060242","No other reason"
"GEN24_1060262","No other reason"
"GEN24_1060284","No other reason"
"GEN24_1060296","No other reason"
"GEN24_1060309","Holiday / vacation"
"GEN24_1060318","No other reason"
"GEN24_1060321","Holiday / vacation"
"GEN24_1060328","No other reason"
"GEN24_1060329","Education"
"GEN24_1060341","No other reason"
"GEN24_1060348","No other reason"
"GEN24_1060352","No other reason"
"GEN24_1060356","Other"
"GEN24_1060358","Holiday / vacation"
"GEN24_1060367","Holiday / vacation"
"GEN24_1060369","No other reason"
"GEN24_1060370","No other reason"
"GEN24_1060374","VFR"
"GEN24_1060383","No other reason"
"GEN24_1060386","No other reason"
"GEN24_1060391","Holiday / vacation"
"GEN24_1060399","No other reason"
"GEN24_1060401","No other reason"
"GEN24_1060403","Holiday / vacation"
"GEN24_1060404","No other reason"
"GEN24_1060405","Holiday / vacation"
"GEN24_1060406","Holiday / vacation"
"GEN24_1060410","No other reason"
"GEN24_1060412","Holiday / vacation"
"GEN24_1060414","No other reason"
"GEN24_1060415","Holiday / vacation"
"GEN24_1060416","Holiday / vacation"
"GEN24_1060418","Business"
"GEN24_1060418","Holiday / vacation"
"GEN24_1060420","No other reason"
"GEN24_1060424","Holiday / vacation"
"GEN24_1060425","No other reason"
"GEN24_1060429","No other reason"
"GEN24_1060435","Holiday / vacation"
"GEN24_1060437","Holiday / vacation"
"GEN24_1060439","Holiday / vacation"
"GEN24_1060441","Holiday / vacation"
"GEN24_1060447","No other reason"
"GEN24_1060451","Holiday / vacation"
"GEN24_1060456","No other reason"
"GEN24_1060459","Holiday / vacation"
"GEN24_1060462","Holiday / vacation"
"GEN24_1060463","Holiday / vacation"
"GEN24_1060468","VFR"
"GEN24_1060481","Other"
"GEN24_1060486","No other reason"
"GEN24_1060498","No other reason"
"GEN24_1060507","Holiday / vacation"
"GEN24_1060510","No other reason"
"GEN24_1060514","Other"
"GEN24_1060516","Holiday / vacation"
"GEN24_1060519","Holiday / vacation"
"GEN24_1060522","VFR"
"GEN24_1060525","No other reason"
"GEN24_1060527","VFR"
"GEN24_1060528","No other reason"
"GEN24_1060529","Holiday / vacation"
"GEN24_1060529","Other"
"GEN24_1060548","No other reason"
"GEN24_1060552","No other reason"
"GEN24_1060565","Holiday / vacation"
"GEN24_1060571","No other reason"
"GEN24_1060574","Holiday / vacation"
"GEN24_1060575","Education"
"GEN24_1060575","Holiday / vacation"
"GEN24_1060587","Holiday / vacation"
"GEN24_1060589","Education"
"GEN24_1060600","Holiday / vacation"
"GEN24_1060602","Other"
"GEN24_1060603","Holiday / vacation"
"GEN24_1060609","No other reason"
"GEN24_1060618","Other"
"GEN24_1060619","Holiday / vacation"
"GEN24_1060624","No other reason"
"GEN24_1060626","No other reason"
"GEN24_1060634","No other reason"
"GEN24_1060636","Education"
"GEN24_1060636","Holiday / vacation"
"GEN24_1060640","No other reason"
"GEN24_1060641","No other reason"
"GEN24_1060649","Other"
"GEN24_1060653","Holiday / vacation"
"GEN24_1060655","No other reason"
"GEN24_1060658","No other reason"
"GEN24_1060661","Conference / convention"
"GEN24_1060667","No other reason"
"GEN24_1060670","VFR"
"GEN24_1060671","Holiday / vacation"
"GEN24_1060677","VFR"
"GEN24_1060679","No other reason"
"GEN24_1060686","No other reason"
"GEN24_1060688","No other reason"
"GEN24_1060694","No other reason"
"GEN24_1060698","Holiday / vacation"
"GEN24_1060700","No other reason"
"GEN24_1060701","No other reason"
"GEN24_1060703","No other reason"
"GEN24_1060704","Holiday / vacation"
"GEN24_1060710","No other reason"
"GEN24_1060711","No other reason"
"GEN24_1060713","No other reason"
"GEN24_1060723","No other reason"
"GEN24_1060742","Education"
"GEN24_1060745","No other reason"
"GEN24_1060753","No other reason"
"GEN24_1060760","No other reason"
"GEN24_1060766","No other reason"
"GEN24_1060771","No other reason"
"GEN24_1060777","Holiday / vacation"
"GEN24_1060780","No other reason"
"GEN24_1060783","No other reason"
"GEN24_1060784","VFR"
"GEN24_1060788","Holiday / vacation"
"GEN24_1060790","Holiday / vacation"
"GEN24_1060802","Other"
"GEN24_1060809","No other reason"
"GEN24_1060812","No other reason"
"GEN24_1060829","Holiday / vacation"
"GEN24_1060830","VFR"
"GEN24_1060837","VFR"
"GEN24_1060843","Other"
"GEN24_1060848","No other reason"
"GEN24_1060861","No other reason"
"GEN24_1060871","Holiday / vacation"
"GEN24_1060872","No other reason"
"GEN24_1060880","No other reason"
"GEN24_1060881","No other reason"
"GEN24_1060890","No other reason"
"GEN24_1060893","VFR"
"GEN24_1060908","No other reason"
"GEN24_1060910","Holiday / vacation"
"GEN24_1060911","No other reason"
"GEN24_1060913","Holiday / vacation"
"GEN24_1060914","No other reason"
"GEN24_1060915","No other reason"
"GEN24_1060917","Holiday / vacation"
"GEN24_1060918","VFR"
"GEN24_1060924","No other reason"
"GEN24_1060937","No other reason"
"GEN24_1060940","No other reason"
"GEN24_1060941","Other"
"GEN24_1060947","No other reason"
"GEN24_1060948","No other reason"
"GEN24_1060950","Education"
"GEN24_1060951","VFR"
"GEN24_1060956","No other reason"
"GEN24_1060959","No other reason"
"GEN24_1060960","VFR"
"GEN24_1060962","No other reason"
"GEN24_1060963","VFR"
"GEN24_1060968","VFR"
"GEN24_1060971","No other reason"
"GEN24_1060972","VFR"
"GEN24_1060974","No other reason"
"GEN24_1060981","No other reason"
"GEN24_1060985","No other reason"
"GEN24_1060990","No other reason"
"GEN24_1060992","No other reason"
"GEN24_1060995","No other reason"
"GEN24_1061000","No other reason"
"GEN24_1061001","Business"
"GEN24_1061004","No other reason"
"GEN24_1061022","Business"
"GEN24_1061023","VFR"
"GEN24_1061031","No other reason"
"GEN24_1061045","No other reason"
"GEN24_1061046","No other reason"
"GEN24_1061048","Holiday / vacation"
"GEN24_1061065","No other reason"
"GEN24_1061067","No other reason"
"GEN24_1061084","Holiday / vacation"
"GEN24_1061088","Holiday / vacation"
"GEN24_1061097","Holiday / vacation"
"GEN24_1061105","Holiday / vacation"
"GEN24_1061106","No other reason"
"GEN24_1061117","No other reason"
"GEN24_1061122","No other reason"
"GEN24_1061138","No other reason"
"GEN24_1061139","Holiday / vacation"
"GEN24_1061203","Education"
"GEN24_1061207","VFR"
"GEN24_1061208","Holiday / vacation"
"GEN24_1061211","VFR"
"GEN24_1061234","No other reason"
"GEN24_1061236","No other reason"
"GEN24_1061247","VFR"
"GEN24_1061248","No other reason"
"GEN24_1061252","VFR"
"GEN24_1061255","Holiday / vacation"
"GEN24_1061263","No other reason"
"GEN24_1061265","Education"
"GEN24_1061265","Holiday / vacation"
"GEN24_1061267","Other"
"GEN24_1061290","No other reason"
"GEN24_1061294","Other"
"GEN24_1061300","Business"
"GEN24_1061301","Holiday / vacation"
"GEN24_1061304","No other reason"
"GEN24_1061306","No other reason"
"GEN24_1061313","No other reason"
"GEN24_1061314","Other"
"GEN24_1061329","No other reason"
"GEN24_1061334","No other reason"
"GEN24_1061335","No other reason"
"GEN24_1061337","No other reason"
"GEN24_1061344","No other reason"
"GEN24_1061348","Holiday / vacation"
"GEN24_1061349","Holiday / vacation"
"GEN24_1061354","No other reason"
"GEN24_1061359","Holiday / vacation"
"GEN24_1061363","Business"
"GEN24_1061368","No other reason"
"GEN24_1061370","No other reason"
"GEN24_1061371","No other reason"
"GEN24_1061372","Holiday / vacation"
"GEN24_1061380","Other"
"GEN24_1061382","Holiday / vacation"
"GEN24_1061383","Holiday / vacation"
"GEN24_1061392","No other reason"
"GEN24_1061395","VFR"
"GEN24_1061398","Holiday / vacation"
"GEN24_1061410","VFR"
"GEN24_1061417","Holiday / vacation"
"GEN24_1061418","Holiday / vacation"
"GEN24_1061426","No other reason"
"GEN24_1061436","Conference / convention"
"GEN24_1061436","VFR"
"GEN24_1061437","No other reason"
"GEN24_1061441","Holiday / vacation"
"GEN24_1061444","Holiday / vacation"
"GEN24_1061446","No other reason"
"GEN24_1061447","No other reason"
"GEN24_1061461","No other reason"
"GEN24_1061463","No other reason"
"GEN24_1061471","Other"
"GEN24_1061478","No other reason"
"GEN24_1061479","Holiday / vacation"
"GEN24_1061498","No other reason"
"GEN24_1061513","No other reason"
"GEN24_1061514","No other reason"
"GEN24_1061516","Education"
"GEN24_1061518","VFR"
"GEN24_1061535","No other reason"
"GEN24_1061564","VFR"
"GEN24_1061575","No other reason"
"GEN24_1061588","No other reason"
"GEN24_1061592","Other"
"GEN24_1061595","No other reason"
"GEN24_1061657","No other reason"
"GEN24_1061659","No other reason"
"GEN24_1061670","No other reason"
"GEN24_1061672","No other reason"
"GEN24_1061673","Holiday / vacation"
"GEN24_1061676","Holiday / vacation"
"GEN24_1061690","VFR"
"GEN24_1061703","Holiday / vacation"
"GEN24_1061710","No other reason"
"GEN24_1061729","No other reason"
"GEN24_1061731","No other reason"
"GEN24_1061748","No other reason"
"GEN24_1061750","No other reason"
"GEN24_1061755","No other reason"
"GEN24_1061756","No other reason"
"GEN24_1061757","No other reason"
"GEN24_1061758","No other reason"
"GEN24_1061760","Holiday / vacation"
"GEN24_1061768","No other reason"
"GEN24_1061773","Holiday / vacation"
"GEN24_1061775","No other reason"
"GEN24_1061783","VFR"
"GEN24_1061784","No other reason"
"GEN24_1061786","No other reason"
"GEN24_1061788","VFR"
"GEN24_1061791","VFR"
"GEN24_1061792","No other reason"
"GEN24_1061793","VFR"
"GEN24_1061794","No other reason"
"GEN24_1061816","VFR"
"GEN24_1061821","Holiday / vacation"
"GEN24_1061827","No other reason"
"GEN24_1061829","No other reason"
"GEN24_1061833","Other"
"GEN24_1061834","No other reason"
"GEN24_1061835","No other reason"
"GEN24_1061836","Holiday / vacation"
"GEN24_1061840","Holiday / vacation"
"GEN24_1061843","No other reason"
"GEN24_1061847","No other reason"
"GEN24_1061862","No other reason"
"GEN24_1061865","VFR"
"GEN24_1061866","No other reason"
"GEN24_1061871","No other reason"
"GEN24_1061874","No other reason"
"GEN24_1061876","No other reason"
"GEN24_1061878","No other reason"
"GEN24_1061893","No other reason"
"GEN24_1061895","Holiday / vacation"
"GEN24_1061902","Holiday / vacation"
"GEN24_1061904","No other reason"
"GEN24_1061907","No other reason"
"GEN24_1061912","VFR"
"GEN24_1061943","No other reason"
"GEN24_1061956","No other reason"
"GEN24_1061969","Holiday / vacation"
"GEN24_1061970","No other reason"
"GEN24_1061972","VFR"
"GEN24_1061977","No other reason"
"GEN24_1061982","Holiday / vacation"
"GEN24_1061986","No other reason"
"GEN24_1061993","Other"
"GEN24_1062000","Other"
"GEN24_1062005","No other reason"
"GEN24_1062006","No other reason"
"GEN24_1062008","No other reason"
"GEN24_1062037","Business"
"GEN24_1062038","No other reason"
"GEN24_1062045","No other reason"
"GEN24_1062048","No other reason"
"GEN24_1062049","No other reason"
"GEN24_1062050","Holiday / vacation"
"GEN24_1062052","Holiday / vacation"
"GEN24_1062054","VFR"
"GEN24_1062061","No other reason"
"GEN24_1062066","Holiday / vacation"
"GEN24_1062069","No other reason"
"GEN24_1062076","VFR"
"GEN24_1062085","VFR"
"GEN24_1062088","No other reason"
"GEN24_1062089","No other reason"
"GEN24_1062091","No other reason"
"GEN24_1062096","No other reason"
"GEN24_1062098","No other reason"
"GEN24_1062103","Holiday / vacation"
"GEN24_1062106","No other reason"
"GEN24_1062108","Holiday / vacation"
"GEN24_1062110","No other reason"
"GEN24_1062112","No other reason"
"GEN24_1062115","No other reason"
"GEN24_1062123","VFR"
"GEN24_1062124","No other reason"
"GEN24_1062141","No other reason"
"GEN24_1062154","No other reason"
"GEN24_1062155","No other reason"
"GEN24_1062156","No other reason"
"GEN24_1062161","No other reason"
"GEN24_1062187","No other reason"
"GEN24_1062190","Holiday / vacation"
"GEN24_1062196","Education"
"GEN24_1062196","Holiday / vacation"
"GEN24_1062202","No other reason"
"GEN24_1062204","No other reason"
"GEN24_1062208","Holiday / vacation"
"GEN24_1062210","Holiday / vacation"
"GEN24_1062213","No other reason"
"GEN24_1062215","No other reason"
"GEN24_1062218","No other reason"
"GEN24_1062220","VFR"
"GEN24_1062229","Business"
"GEN24_1062229","Holiday / vacation"
"GEN24_1062235","No other reason"
"GEN24_1062243","No other reason"
"GEN24_1062244","No other reason"
"GEN24_1062250","Holiday / vacation"
"GEN24_1062256","Holiday / vacation"
"GEN24_1062260","Other"
"GEN24_1062263","VFR"
"GEN24_1062287","Holiday / vacation"
"GEN24_1062290","No other reason"
"GEN24_1062293","Holiday / vacation"
"GEN24_1062294","Holiday / vacation"
"GEN24_1062300","No other reason"
"GEN24_1062306","No other reason"
"GEN24_1062308","No other reason"
"GEN24_1062311","VFR"
"GEN24_1062317","Other"
"GEN24_1062324","Other"
"GEN24_1062333","No other reason"
"GEN24_1062336","Holiday / vacation"
"GEN24_1062338","VFR"
"GEN24_1062341","No other reason"
"GEN24_1062346","No other reason"
"GEN24_1062358","Other"
"GEN24_1062362","No other reason"
"GEN24_1062366","VFR"
"GEN24_1062369","No other reason"
"GEN24_1062370","Holiday / vacation"
"GEN24_1062373","No other reason"
"GEN24_1062389","Education"
"GEN24_1062398","Other"
"GEN24_1062401","Conference / convention"
"GEN24_1062406","No other reason"
"GEN24_1062413","No other reason"
"GEN24_1062414","Holiday / vacation"
"GEN24_1062415","Holiday / vacation"
"GEN24_1062423","VFR"
"GEN24_1062427","Other"
"GEN24_1062435","VFR"
"GEN24_1062446","No other reason"
"GEN24_1062447","Holiday / vacation"
"GEN24_1062449","Holiday / vacation"
"GEN24_1062451","No other reason"
"GEN24_1062452","Business"
"GEN24_1062453","No other reason"
"GEN24_1062454","No other reason"
"GEN24_1062460","Other"
"GEN24_1062463","Holiday / vacation"
"GEN24_1062482","No other reason"
"GEN24_1062484","VFR"
"GEN24_1062486","Holiday / vacation"
"GEN24_1062494","No other reason"
"GEN24_1062500","Holiday / vacation"
"GEN24_1062500","VFR"
"GEN24_1062503","No other reason"
"GEN24_1062504","VFR"
"GEN24_1062516","No other reason"
"GEN24_1062523","Holiday / vacation"
"GEN24_1062524","Holiday / vacation"
"GEN24_1062525","No other reason"
"GEN24_1062537","No other reason"
"GEN24_1062540","No other reason"
"GEN24_1062541","No other reason"
"GEN24_1062546","No other reason"
"GEN24_1062547","Other"
"GEN24_1062547","VFR"
"GEN24_1062556","No other reason"
"GEN24_1062561","No other reason"
"GEN24_1062565","Holiday / vacation"
"GEN24_1062570","No other reason"
"GEN24_1062573","VFR"
"GEN24_1062574","Other"
"GEN24_1062575","VFR"
"GEN24_1062580","No other reason"
"GEN24_1062584","Other"
"GEN24_1062587","No other reason"
"GEN24_1062596","Holiday / vacation"
"GEN24_1062600","Holiday / vacation"
"GEN24_1062602","No other reason"
"GEN24_1062605","No other reason"
"GEN24_1062617","No other reason"
"GEN24_1062635","No other reason"
"GEN24_1062636","No other reason"
"GEN24_1062647","VFR"
"GEN24_1062655","No other reason"
"GEN24_1062656","No other reason"
"GEN24_1062671","No other reason"
"GEN24_1062674","No other reason"
"GEN24_1062688","No other reason"
"GEN24_1062693","No other reason"
"GEN24_1062695","Business"
"GEN24_1062697","Holiday / vacation"
"GEN24_1062709","No other reason"
"GEN24_1062714","No other reason"
"GEN24_1062715","No other reason"
"GEN24_1062720","No other reason"
"GEN24_1062725","Holiday / vacation"
"GEN24_1062730","Holiday / vacation"
"GEN24_1062731","VFR"
"GEN24_1062733","Other"
"GEN24_1062734","No other reason"
"GEN24_1062736","No other reason"
"GEN24_1062742","Holiday / vacation"
"GEN24_1062759","Holiday / vacation"
"GEN24_1062768","Holiday / vacation"
"GEN24_1062776","Holiday / vacation"
"GEN24_1062782","VFR"
"GEN24_1062795","No other reason"
"GEN24_1062796","No other reason"
"GEN24_1062801","Holiday / vacation"
"GEN24_1062805","No other reason"
"GEN24_1062823","No other reason"
"GEN24_1062825","Holiday / vacation"
"GEN24_1062832","No other reason"
"GEN24_1062842","Holiday / vacation"
"GEN24_1062848","No other reason"
"GEN24_1062849","No other reason"
"GEN24_1062850","No other reason"
"GEN24_1062852","Holiday / vacation"
"GEN24_1062855","No other reason"
"GEN24_1062864","No other reason"
"GEN24_1062868","No other reason"
"GEN24_1062869","No other reason"
"GEN24_1062870","No other reason"
"GEN24_1062871","Education"
"GEN24_1062878","No other reason"
"GEN24_1062883","No other reason"
"GEN24_1062884","No other reason"
"GEN24_1062887","No other reason"
"GEN24_1062888","No other reason"
"GEN24_1062892","Holiday / vacation"
"GEN24_1062895","No other reason"
"GEN24_1062899","No other reason"
"GEN24_1062907","Holiday / vacation"
"GEN24_1062910","No other reason"
"GEN24_1062916","VFR"
"GEN24_1062926","Holiday / vacation"
"GEN24_1062936","No other reason"
"GEN24_1062938","VFR"
"GEN24_1062944","VFR"
"GEN24_1062945","VFR"
"GEN24_1062955","No other reason"
"GEN24_1062956","Holiday / vacation"
"GEN24_1062969","Holiday / vacation"
"GEN24_1062972","Holiday / vacation"
"GEN24_1062985","No other reason"
"GEN24_1062990","Other"
"GEN24_1062992","Holiday / vacation"
"GEN24_1062999","No other reason"
"GEN24_1063000","VFR"
"GEN24_1063002","No other reason"
"GEN24_1063006","No other reason"
"GEN24_1063018","No other reason"
"GEN24_1063019","Holiday / vacation"
"GEN24_1063020","VFR"
"GEN24_1063022","Other"
"GEN24_1063031","Holiday / vacation"
"GEN24_1063036","No other reason"
"GEN24_1063038","No other reason"
"GEN24_1063051","Holiday / vacation"
"GEN24_1063054","No other reason"
"GEN24_1063087","No other reason"
"GEN24_1063091","No other reason"
"GEN24_1063106","No other reason"
"GEN24_1063107","Holiday / vacation"
"GEN24_1063115","No other reason"
"GEN24_1063117","VFR"
"GEN24_1063124","VFR"
"GEN24_1063127","No other reason"
"GEN24_1063130","Holiday / vacation"
"GEN24_1063131","Holiday / vacation"
"GEN24_1063145","VFR"
"GEN24_1063147","Other"
"GEN24_1063153","No other reason"
"GEN24_1063155","No other reason"
"GEN24_1063159","No other reason"
"GEN24_1063174","No other reason"
"GEN24_1063177","No other reason"
"GEN24_1063181","Holiday / vacation"
"GEN24_1063183","No other reason"
"GEN24_1063190","No other reason"
"GEN24_1063191","No other reason"
"GEN24_1063199","Other"
"GEN24_1063200","No other reason"
"GEN24_1063205","No other reason"
"GEN24_1063207","VFR"
"GEN24_1063208","No other reason"
"GEN24_1063212","No other reason"
"GEN24_1063225","No other reason"
"GEN24_1063227","Business"
"GEN24_1063228","Holiday / vacation"
"GEN24_1063231","VFR"
"GEN24_1063232","No other reason"
"GEN24_1063236","No other reason"
"GEN24_1063238","No other reason"
"GEN24_1063245","No other reason"
"GEN24_1063264","No other reason"
"GEN24_1063265","Holiday / vacation"
"GEN24_1063304","No other reason"
"GEN24_1063308","No other reason"
"GEN24_1063329","Holiday / vacation"
"GEN24_1063330","Holiday / vacation"
"GEN24_1063337","Holiday / vacation"
"GEN24_1063341","Holiday / vacation"
"GEN24_1063344","Holiday / vacation"
"GEN24_1063346","Other"
"GEN24_1063348","No other reason"
"GEN24_1063352","No other reason"
"GEN24_1063356","Holiday / vacation"
"GEN24_1063384","No other reason"
"GEN24_1063404","No other reason"
"GEN24_1063407","No other reason"
"GEN24_1063409","No other reason"
"GEN24_1063410","No other reason"
"GEN24_1063411","No other reason"
"GEN24_1063422","No other reason"
"GEN24_1063424","No other reason"
"GEN24_1063426","No other reason"
"GEN24_1063428","Holiday / vacation"
"GEN24_1063435","No other reason"
"GEN24_1063451","No other reason"
"GEN24_1063460","No other reason"
"GEN24_1063461","No other reason"
"GEN24_1063468","No other reason"
"GEN24_1063471","No other reason"
"GEN24_1063480","No other reason"
"GEN24_1063487","Other"
"GEN24_1063496","Other"
"GEN24_1063498","No other reason"
"GEN24_1063500","No other reason"
"GEN24_1063511","No other reason"
"GEN24_1063517","No other reason"
"GEN24_1063518","No other reason"
"GEN24_1063522","Other"
"GEN24_1063528","No other reason"
"GEN24_1063537","Holiday / vacation"
"GEN24_1063547","Business"
"GEN24_1063547","VFR"
"GEN24_1063548","Holiday / vacation"
"GEN24_1063554","No other reason"
"GEN24_1063561","VFR"
"GEN24_1063564","No other reason"
"GEN24_1063569","Holiday / vacation"
"GEN24_1063571","No other reason"
"GEN24_1063572","No other reason"
"GEN24_1063573","No other reason"
"GEN24_1063577","Other"
"GEN24_1063583","No other reason"
"GEN24_1063585","VFR"
"GEN24_1063597","No other reason"
"GEN24_1063601","Conference / convention"
"GEN24_1063603","No other reason"
"GEN24_1063606","No other reason"
"GEN24_1063609","VFR"
"GEN24_1063625","No other reason"
"GEN24_1063630","No other reason"
"GEN24_1063633","No other reason"
"GEN24_1063642","No other reason"
"GEN24_1063661","Holiday / vacation"
"GEN24_1063662","No other reason"
"GEN24_1063670","VFR"
"GEN24_1063673","VFR"
"GEN24_1063684","No other reason"
"GEN24_1063688","VFR"
"GEN24_1063691","No other reason"
"GEN24_1063693","No other reason"
"GEN24_1063695","No other reason"
"GEN24_1063702","No other reason"
"GEN24_1063704","Holiday / vacation"
"GEN24_1063705","No other reason"
"GEN24_1063706","Holiday / vacation"
"GEN24_1063708","No other reason"
"GEN24_1063730","Other"
"GEN24_1063735","No other reason"
"GEN24_1063741","No other reason"
"GEN24_1063742","No other reason"
"GEN24_1063749","No other reason"
"GEN24_1063753","No other reason"
"GEN24_1063758","Holiday / vacation"
"GEN24_1063763","No other reason"
"GEN24_1063764","No other reason"
"GEN24_1063769","No other reason"
"GEN24_1063770","No other reason"
"GEN24_1063771","Holiday / vacation"
"GEN24_1063772","VFR"
"GEN24_1063773","Holiday / vacation"
"GEN24_1063774","No other reason"
"GEN24_1063778","VFR"
"GEN24_1063780","No other reason"
"GEN24_1063785","No other reason"
"GEN24_1063786","VFR"
"GEN24_1063795","No other reason"
"GEN24_1063804","Education"
"GEN24_1063816","No other reason"
"GEN24_1063823","VFR"
"GEN24_1063824","VFR"
"GEN24_1063829","No other reason"
"GEN24_1063832","Holiday / vacation"
"GEN24_1063833","No other reason"
"GEN24_1063845","Holiday / vacation"
"GEN24_1063846","Holiday / vacation"
"GEN24_1063853","VFR"
"GEN24_1063855","No other reason"
"GEN24_1063860","No other reason"
"GEN24_1063862","No other reason"
"GEN24_1063864","No other reason"
"GEN24_1063867","Holiday / vacation"
"GEN24_1063871","No other reason"
"GEN24_1063872","Holiday / vacation"
"GEN24_1063874","No other reason"
"GEN24_1063875","No other reason"
"GEN24_1063876","No other reason"
"GEN24_1063877","Holiday / vacation"
"GEN24_1063880","No other reason"
"GEN24_1063891","No other reason"
"GEN24_1063892","VFR"
"GEN24_1063900","No other reason"
"GEN24_1063901","Holiday / vacation"
"GEN24_1063908","VFR"
"GEN24_1063910","Holiday / vacation"
"GEN24_1063916","No other reason"
"GEN24_1063930","VFR"
"GEN24_1063936","Education"
"GEN24_1063937","No other reason"
"GEN24_1063948","No other reason"
"GEN24_1063966","No other reason"
"GEN24_1063967","No other reason"
"GEN24_1063968","No other reason"
"GEN24_1063971","No other reason"
"GEN24_1063974","No other reason"
"GEN24_1063975","No other reason"
"GEN24_1063976","Holiday / vacation"
"GEN24_1063977","No other reason"
"GEN24_1063979","VFR"
"GEN24_1063988","No other reason"
"GEN24_1064006","VFR"
"GEN24_1064012","No other reason"
"GEN24_1064015","Holiday / vacation"
"GEN24_1064015","VFR"
"GEN24_1064023","No other reason"
"GEN24_1064025","No other reason"
"GEN24_1064033","No other reason"
"GEN24_1064038","No other reason"
"GEN24_1064048","No other reason"
"GEN24_1064068","Holiday / vacation"
"GEN24_1064069","Holiday / vacation"
"GEN24_1064074","No other reason"
"GEN24_1064077","No other reason"
"GEN24_1064083","Holiday / vacation"
"GEN24_1064084","Conference / convention"
"GEN24_1064084","VFR"
"GEN24_1064087","Holiday / vacation"
"GEN24_1064105","No other reason"
"GEN24_1064109","No other reason"
"GEN24_1064115","Holiday / vacation"
"GEN24_1064120","VFR"
"GEN24_1064126","Other"
"GEN24_1064127","Other"
"GEN24_1064129","No other reason"
"GEN24_1064135","No other reason"
"GEN24_1064156","No other reason"
"GEN24_1064160","Other"
"GEN24_1064168","No other reason"
"GEN24_1064175","No other reason"
"GEN24_1064176","Holiday / vacation"
"GEN24_1064179","No other reason"
"GEN24_1064182","No other reason"
"GEN24_1064193","No other reason"
"GEN24_1064196","Holiday / vacation"
"GEN24_1064210","VFR"
"GEN24_1064221","No other reason"
"GEN24_1064249","VFR"
"GEN24_1064250","No other reason"
"GEN24_1064255","No other reason"
"GEN24_1064259","No other reason"
"GEN24_1064265","Holiday / vacation"
"GEN24_1064266","No other reason"
"GEN24_1064274","VFR"
"GEN24_1064275","No other reason"
"GEN24_1064285","VFR"
"GEN24_1064304","VFR"
"GEN24_1064306","No other reason"
"GEN24_1064312","No other reason"
"GEN24_1064326","No other reason"
"GEN24_1064327","Holiday / vacation"
"GEN24_1064333","No other reason"
"GEN24_1064336","Holiday / vacation"
"GEN24_1064338","No other reason"
"GEN24_1064341","No other reason"
"GEN24_1064355","No other reason"
"GEN24_1064375","VFR"
"GEN24_1064377","No other reason"
"GEN24_1064385","No other reason"
"GEN24_1064386","VFR"
"GEN24_1064392","No other reason"
"GEN24_1064393","No other reason"
"GEN24_1064394","Other"
"GEN24_1064397","No other reason"
"GEN24_1064399","No other reason"
"GEN24_1064408","No other reason"
"GEN24_1064414","No other reason"
"GEN24_1064418","Business"
"GEN24_1064419","No other reason"
"GEN24_1064422","Other"
"GEN24_1064428","No other reason"
"GEN24_1064429","No other reason"
"GEN24_1064430","No other reason"
"GEN24_1064433","No other reason"
"GEN24_1064444","Holiday / vacation"
"GEN24_1064445","No other reason"
"GEN24_1064454","VFR"
"GEN24_1064467","No other reason"
"GEN24_1064474","No other reason"
"GEN24_1064490","VFR"
"GEN24_1064492","No other reason"
"GEN24_1064496","No other reason"
"GEN24_1064497","No other reason"
"GEN24_1064501","Holiday / vacation"
"GEN24_1064507","VFR"
"GEN24_1064508","No other reason"
"GEN24_1064509","No other reason"
"GEN24_1064512","Other"
"GEN24_1064520","No other reason"
"GEN24_1064522","No other reason"
"GEN24_1064527","No other reason"
"GEN24_1064529","No other reason"
"GEN24_1064531","No other reason"
"GEN24_1064532","No other reason"
"GEN24_1064534","VFR"
"GEN24_1064535","Holiday / vacation"
"GEN24_1064536","VFR"
"GEN24_1064540","Business"
"GEN24_1064543","No other reason"
"GEN24_1064544","VFR"
"GEN24_1064559","No other reason"
"GEN24_1064567","No other reason"
"GEN24_1064573","No other reason"
"GEN24_1064578","No other reason"
"GEN24_1064580","No other reason"
"GEN24_1064583","No other reason"
"GEN24_1064585","Holiday / vacation"
"GEN24_1064596","No other reason"
"GEN24_1064601","Holiday / vacation"
"GEN24_1064611","Holiday / vacation"
"GEN24_1064614","No other reason"
"GEN24_1064615","No other reason"
"GEN24_1064617","Holiday / vacation"
"GEN24_1064618","Holiday / vacation"
"GEN24_1064620","No other reason"
"GEN24_1064642","Other"
"GEN24_1064666","VFR"
"GEN24_1064669","VFR"
"GEN24_1064671","No other reason"
"GEN24_1064672","VFR"
"GEN24_1064683","No other reason"
"GEN24_1064686","Holiday / vacation"
"GEN24_1064724","No other reason"
"GEN24_1064727","Education"
"GEN24_1064732","No other reason"
"GEN24_1064735","No other reason"
"GEN24_1064737","No other reason"
"GEN24_1064742","No other reason"
"GEN24_1064743","No other reason"
"GEN24_1064748","Holiday / vacation"
"GEN24_1064754","No other reason"
"GEN24_1064763","VFR"
"GEN24_1064773","No other reason"
"GEN24_1064786","No other reason"
"GEN24_1064788","Holiday / vacation"
"GEN24_1064796","Other"
"GEN24_1064797","Holiday / vacation"
"GEN24_1064809","Holiday / vacation"
"GEN24_1064817","Holiday / vacation"
"GEN24_1064826","No other reason"
"GEN24_1064831","No other reason"
"GEN24_1064837","Holiday / vacation"
"GEN24_1064844","Holiday / vacation"
"GEN24_1064854","Holiday / vacation"
"GEN24_1064855","Holiday / vacation"
"GEN24_1064856","No other reason"
"GEN24_1064858","VFR"
"GEN24_1064878","No other reason"
"GEN24_1064893","No other reason"
"GEN24_1064894","VFR"
"GEN24_1064902","Holiday / vacation"
"GEN24_1064903","Holiday / vacation"
"GEN24_1064908","Holiday / vacation"
"GEN24_1064913","Other"
"GEN24_1064925","No other reason"
"GEN24_1064932","Holiday / vacation"
"GEN24_1064941","No other reason"
"GEN24_1064951","Business"
"GEN24_1064961","No other reason"
"GEN24_1064962","Holiday / vacation"
"GEN24_1064963","Holiday / vacation"
"GEN24_1064988","No other reason"
"GEN24_1064991","No other reason"
"GEN24_1065007","No other reason"
"GEN24_1065011","Holiday / vacation"
"GEN24_1065016","No other reason"
"GEN24_1065022","No other reason"
"GEN24_1065024","Holiday / vacation"
"GEN24_1065033","VFR"
"GEN24_1065038","Holiday / vacation"
"GEN24_1065049","No other reason"
"GEN24_1065069","Holiday / vacation"
"GEN24_1065071","Holiday / vacation"
"GEN24_1065072","Conference / convention"
"GEN24_1065081","Holiday / vacation"
"GEN24_1065083","No other reason"
"GEN24_1065085","No other reason"
"GEN24_1065090","No other reason"
"GEN24_1065102","Holiday / vacation"
"GEN24_1065112","VFR"
"GEN24_1065122","No other reason"
"GEN24_1065123","No other reason"
"GEN24_1065146","No other reason"
"GEN24_1065148","No other reason"
"GEN24_1065149","No other reason"
"GEN24_1065152","No other reason"
"GEN24_1065157","No other reason"
"GEN24_1065161","No other reason"
"GEN24_1065165","No other reason"
"GEN24_1065184","No other reason"
"GEN24_1065188","Holiday / vacation"
"GEN24_1065190","No other reason"
"GEN24_1065196","Holiday / vacation"
"GEN24_1065203","No other reason"
"GEN24_1065205","Education"
"GEN24_1065214","Holiday / vacation"
"GEN24_1065216","Education"
"GEN24_1065220","Business"
"GEN24_1065222","No other reason"
"GEN24_1065226","No other reason"
"GEN24_1065231","Holiday / vacation"
"GEN24_1065244","Holiday / vacation"
"GEN24_1065249","No other reason"
"GEN24_1065260","Conference / convention"
"GEN24_1065263","No other reason"
"GEN24_1065266","No other reason"
"GEN24_1065270","No other reason"
"GEN24_1065276","No other reason"
"GEN24_1065278","Holiday / vacation"
"GEN24_1065279","No other reason"
"GEN24_1065287","Holiday / vacation"
"GEN24_1065288","Holiday / vacation"
"GEN24_1065291","No other reason"
"GEN24_1065293","No other reason"
"GEN24_1065296","VFR"
"GEN24_1065298","Conference / convention"
"GEN24_1065298","Other"
"GEN24_1065300","No other reason"
"GEN24_1065304","No other reason"
"GEN24_1065307","No other reason"
"GEN24_1065324","No other reason"
"GEN24_1065325","Holiday / vacation"
"GEN24_1065325","VFR"
"GEN24_1065330","Holiday / vacation"
"GEN24_1065331","No other reason"
"GEN24_1065332","No other reason"
"GEN24_1065336","No other reason"
"GEN24_1065345","No other reason"
"GEN24_1065349","Other"
"GEN24_1065350","No other reason"
"GEN24_1065355","No other reason"
"GEN24_1065361","Holiday / vacation"
"GEN24_1065362","Education"
"GEN24_1065387","Holiday / vacation"
"GEN24_1065389","No other reason"
"GEN24_1065393","VFR"
"GEN24_1065408","Holiday / vacation"
"GEN24_1065413","VFR"
"GEN24_1065420","No other reason"
"GEN24_1065421","Other"
"GEN24_1065433","No other reason"
"GEN24_1065437","No other reason"
"GEN24_1065443","No other reason"
"GEN24_1065445","Conference / convention"
"GEN24_1065462","No other reason"
"GEN24_1065465","Holiday / vacation"
"GEN24_1065469","Holiday / vacation"
"GEN24_1065478","Other"
"GEN24_1065480","Holiday / vacation"
"GEN24_1065512","No other reason"
"GEN24_1065517","Holiday / vacation"
"GEN24_1065525","Holiday / vacation"
"GEN24_1065526","Conference / convention"
"GEN24_1065527","VFR"
"GEN24_1065537","VFR"
"GEN24_1065539","No other reason"
"GEN24_1065542","Other"
"GEN24_1065543","No other reason"
"GEN24_1065547","Holiday / vacation"
"GEN24_1065548","Holiday / vacation"
"GEN24_1065550","VFR"
"GEN24_1065566","VFR"
"GEN24_1065579","No other reason"
"GEN24_1065583","Holiday / vacation"
"GEN24_1065592","No other reason"
"GEN24_1065610","No other reason"
"GEN24_1065614","No other reason"
"GEN24_1065621","Holiday / vacation"
"GEN24_1065627","No other reason"
"GEN24_1065628","VFR"
"GEN24_1065632","Holiday / vacation"
"GEN24_1065643","No other reason"
"GEN24_1065647","Holiday / vacation"
"GEN24_1065648","No other reason"
"GEN24_1065669","Holiday / vacation"
"GEN24_1065677","Holiday / vacation"
"GEN24_1065679","No other reason"
"GEN24_1065680","No other reason"
"GEN24_1065682","No other reason"
"GEN24_1065689","Other"
"GEN24_1065698","No other reason"
"GEN24_1065711","No other reason"
"GEN24_1065728","Other"
"GEN24_1065733","Other"
"GEN24_1065747","Business"
"GEN24_1065749","Holiday / vacation"
"GEN24_1065753","Holiday / vacation"
"GEN24_1065754","No other reason"
"GEN24_1065756","Other"
"GEN24_1065769","No other reason"
"GEN24_1065781","No other reason"
"GEN24_1065786","VFR"
"GEN24_1065808","No other reason"
"GEN24_1065813","VFR"
"GEN24_1065840","No other reason"
"GEN24_1065845","Other"
"GEN24_1065858","Other"
"GEN24_1065860","Holiday / vacation"
"GEN24_1065861","Holiday / vacation"
"GEN24_1065872","Other"
"GEN24_1065876","Holiday / vacation"
"GEN24_1065884","VFR"
"GEN24_1065904","No other reason"
"GEN24_1065910","Holiday / vacation"
"GEN24_1065912","No other reason"
"GEN24_1065925","Education"
"GEN24_1065935","Education"
"GEN24_1065936","No other reason"
"GEN24_1065937","Holiday / vacation"
"GEN24_1065940","No other reason"
"GEN24_1065950","No other reason"
"GEN24_1065954","No other reason"
"GEN24_1065956","Holiday / vacation"
"GEN24_1065963","Holiday / vacation"
"GEN24_1065966","Holiday / vacation"
"GEN24_1065978","Holiday / vacation"
"GEN24_1065980","No other reason"
"GEN24_1065982","VFR"
"GEN24_1065983","No other reason"
"GEN24_1065984","No other reason"
"GEN24_1065987","No other reason"
"GEN24_1065989","No other reason"
"GEN24_1065996","No other reason"
"GEN24_1065998","No other reason"
"GEN24_1065999","No other reason"
"GEN24_1066008","Other"
"GEN24_1066020","Other"
"GEN24_1066023","No other reason"
"GEN24_1066025","No other reason"
"GEN24_1066027","No other reason"
"GEN24_1066028","Holiday / vacation"
"GEN24_1066034","Holiday / vacation"
"GEN24_1066049","Holiday / vacation"
"GEN24_1066067","VFR"
"GEN24_1066079","VFR"
"GEN24_1066084","VFR"
"GEN24_1066085","Holiday / vacation"
"GEN24_1066087","No other reason"
"GEN24_1066090","VFR"
"GEN24_1066095","No other reason"
"GEN24_1066113","No other reason"
"GEN24_1066115","No other reason"
"GEN24_1066120","Business"
"GEN24_1066120","Other"
"GEN24_1066122","Business"
"GEN24_1066127","No other reason"
"GEN24_1066167","No other reason"
"GEN24_1066168","No other reason"
"GEN24_1066173","No other reason"
"GEN24_1066183","VFR"
"GEN24_1066184","Other"
"GEN24_1066186","No other reason"
"GEN24_1066188","Other"
"GEN24_1066190","No other reason"
"GEN24_1066192","No other reason"
"GEN24_1066196","No other reason"
"GEN24_1066198","Other"
"GEN24_1066202","Holiday / vacation"
"GEN24_1066209","No other reason"
"GEN24_1066210","No other reason"
"GEN24_1066211","No other reason"
"GEN24_1066214","No other reason"
"GEN24_1066215","No other reason"
"GEN24_1066228","VFR"
"GEN24_1066231","Holiday / vacation"
"GEN24_1066237","No other reason"
"GEN24_1066248","Business"
"GEN24_1066261","No other reason"
"GEN24_1066267","Holiday / vacation"
"GEN24_1066272","Conference / convention"
"GEN24_1066274","Holiday / vacation"
"GEN24_1066285","No other reason"
"GEN24_1066286","No other reason"
"GEN24_1066287","No other reason"
"GEN24_1066292","Holiday / vacation"
"GEN24_1066293","No other reason"
"GEN24_1066297","No other reason"
"GEN24_1066299","Holiday / vacation"
"GEN24_1066308","No other reason"
"GEN24_1066309","Holiday / vacation"
"GEN24_1066311","No other reason"
"GEN24_1066316","Holiday / vacation"
"GEN24_1066316","VFR"
"GEN24_1066317","VFR"
"GEN24_1066319","Conference / convention"
"GEN24_1066320","Education"
"GEN24_1066327","Holiday / vacation"
"GEN24_1066339","No other reason"
"GEN24_1066346","No other reason"
"GEN24_1066352","No other reason"
"GEN24_1066356","Holiday / vacation"
"GEN24_1066361","No other reason"
"GEN24_1066368","No other reason"
"GEN24_1066382","No other reason"
"GEN24_1066388","Education"
"GEN24_1066391","Business"
"GEN24_1066391","Holiday / vacation"
"GEN24_1066391","Other"
"GEN24_1066398","No other reason"
"GEN24_1066405","No other reason"
"GEN24_1066407","Holiday / vacation"
"GEN24_1066413","Business"
"GEN24_1066414","No other reason"
"GEN24_1066415","No other reason"
"GEN24_1066421","No other reason"
"GEN24_1066422","Conference / convention"
"GEN24_1066425","Education"
"GEN24_1066425","VFR"
"GEN24_1066437","Holiday / vacation"
"GEN24_1066443","VFR"
"GEN24_1066455","Holiday / vacation"
"GEN24_1066455","VFR"
"GEN24_1066460","Holiday / vacation"
"GEN24_1066461","Holiday / vacation"
"GEN24_1066465","No other reason"
"GEN24_1066466","Holiday / vacation"
"GEN24_1066483","No other reason"
"GEN24_1066484","No other reason"
"GEN24_1066486","Holiday / vacation"
"GEN24_1066489","No other reason"
"GEN24_1066491","No other reason"
"GEN24_1066498","No other reason"
"GEN24_1066501","Holiday / vacation"
"GEN24_1066509","No other reason"
"GEN24_1066519","Holiday / vacation"
"GEN24_1066524","Other"
"GEN24_1066527","Holiday / vacation"
"GEN24_1066535","No other reason"
"GEN24_1066537","No other reason"
"GEN24_1066551","Holiday / vacation"
"GEN24_1066556","VFR"
"GEN24_1066564","Other"
"GEN24_1066586","No other reason"
"GEN24_1066598","No other reason"
"GEN24_1066599","VFR"
"GEN24_1066603","Other"
"GEN24_1066608","Holiday / vacation"
"GEN24_1066616","VFR"
"GEN24_1066617","No other reason"
"GEN24_1066619","VFR"
"GEN24_1066621","Conference / convention"
"GEN24_1066637","VFR"
"GEN24_1066643","Holiday / vacation"
"GEN24_1066663","VFR"
"GEN24_1066665","Holiday / vacation"
"GEN24_1066667","No other reason"
"GEN24_1066679","Other"
"GEN24_1066695","No other reason"
"GEN24_1066698","Holiday / vacation"
"GEN24_1066699","VFR"
"GEN24_1066702","No other reason"
"GEN24_1066704","Holiday / vacation"
"GEN24_1066709","Other"
"GEN24_1066725","No other reason"
"GEN24_1066728","Holiday / vacation"
"GEN24_1066732","No other reason"
"GEN24_1066742","No other reason"
"GEN24_1066747","No other reason"
"GEN24_1066748","No other reason"
"GEN24_1066749","No other reason"
"GEN24_1066751","No other reason"
"GEN24_1066753","Education"
"GEN24_1066756","VFR"
"GEN24_1066776","No other reason"
"GEN24_1066797","Holiday / vacation"
"GEN24_1066799","Holiday / vacation"
"GEN24_1066800","No other reason"
"GEN24_1066803","Other"
"GEN24_1066805","No other reason"
"GEN24_1066807","No other reason"
"GEN24_1066810","No other reason"
"GEN24_1066817","Holiday / vacation"
"GEN24_1066818","No other reason"
"GEN24_1066824","No other reason"
"GEN24_1066825","No other reason"
"GEN24_1066827","No other reason"
"GEN24_1066835","No other reason"
"GEN24_1066846","Business"
"GEN24_1066861","No other reason"
"GEN24_1066863","No other reason"
"GEN24_1066869","No other reason"
"GEN24_1066873","VFR"
"GEN24_1066881","Holiday / vacation"
"GEN24_1066887","Holiday / vacation"
"GEN24_1066894","Other"
"GEN24_1066898","Holiday / vacation"
"GEN24_1066901","Holiday / vacation"
"GEN24_1066923","Holiday / vacation"
"GEN24_1066933","Conference / convention"
"GEN24_1066933","VFR"
"GEN24_1066942","No other reason"
"GEN24_1066946","No other reason"
"GEN24_1066953","No other reason"
"GEN24_1066957","VFR"
"GEN24_1066958","No other reason"
"GEN24_1066961","No other reason"
"GEN24_1066967","No other reason"
"GEN24_1066980","Other"
"GEN24_1066981","Holiday / vacation"
"GEN24_1066987","VFR"
"GEN24_1067006","No other reason"
"GEN24_1067012","VFR"
"GEN24_1067015","VFR"
"GEN24_1067018","Holiday / vacation"
"GEN24_1067023","No other reason"
"GEN24_1067025","No other reason"
"GEN24_1067034","No other reason"
"GEN24_1067050","Holiday / vacation"
"GEN24_1067054","No other reason"
"GEN24_1067056","No other reason"
"GEN24_1067059","Holiday / vacation"
"GEN24_1067063","No other reason"
"GEN24_1067066","Holiday / vacation"
"GEN24_1067074","Holiday / vacation"
"GEN24_1067081","No other reason"
"GEN24_1067088","Other"
"GEN24_1067091","Other"
"GEN24_1067094","No other reason"
"GEN24_1067111","No other reason"
"GEN24_1067115","VFR"
"GEN24_1067133","Holiday / vacation"
"GEN24_1067134","No other reason"
"GEN24_1067137","Holiday / vacation"
"GEN24_1067156","No other reason"
"GEN24_1067157","Education"
"GEN24_1067171","No other reason"
"GEN24_1067177","No other reason"
"GEN24_1067181","No other reason"
"GEN24_1067194","No other reason"
"GEN24_1067198","Holiday / vacation"
"GEN24_1067209","VFR"
"GEN24_1067215","No other reason"
"GEN24_1067217","Holiday / vacation"
"GEN24_1067230","Education"
"GEN24_1067232","Holiday / vacation"
"GEN24_1067233","No other reason"
"GEN24_1067236","Business"
"GEN24_1067238","No other reason"
"GEN24_1067241","No other reason"
"GEN24_1067256","No other reason"
"GEN24_1067257","VFR"
"GEN24_1067263","No other reason"
"GEN24_1067272","No other reason"
"GEN24_1067273","Holiday / vacation"
"GEN24_1067284","No other reason"
"GEN24_1067286","VFR"
"GEN24_1067290","No other reason"
"GEN24_1067295","Holiday / vacation"
"GEN24_1067296","No other reason"
"GEN24_1067297","No other reason"
"GEN24_1067298","Holiday / vacation"
"GEN24_1067299","Other"
"GEN24_1067302","No other reason"
"GEN24_1067304","Holiday / vacation"
"GEN24_1067312","No other reason"
"GEN24_1067313","No other reason"
"GEN24_1067317","Other"
"GEN24_1067319","No other reason"
"GEN24_1067323","VFR"
"GEN24_1067335","VFR"
"GEN24_1067341","No other reason"
"GEN24_1067347","VFR"
"GEN24_1067358","Holiday / vacation"
"GEN24_1067392","Other"
"GEN24_1067408","Conference / convention"
"GEN24_1067412","No other reason"
"GEN24_1067415","VFR"
"GEN24_1067419","No other reason"
"GEN24_1067424","No other reason"
"GEN24_1067425","Business"
"GEN24_1067426","Business"
"GEN24_1067428","No other reason"
"GEN24_1067431","Holiday / vacation"
"GEN24_1067437","No other reason"
"GEN24_1067438","No other reason"
"GEN24_1067446","No other reason"
"GEN24_1067449","No other reason"
"GEN24_1067456","No other reason"
"GEN24_1067457","No other reason"
"GEN24_1067460","Holiday / vacation"
"GEN24_1067467","No other reason"
"GEN24_1067468","No other reason"
"GEN24_1067479","Holiday / vacation"
"GEN24_1067485","Education"
"GEN24_1067495","No other reason"
"GEN24_1067498","No other reason"
"GEN24_1067512","Other"
"GEN24_1067521","No other reason"
"GEN24_1067531","No other reason"
"GEN24_1067535","No other reason"
"GEN24_1067538","No other reason"
"GEN24_1067540","Holiday / vacation"
"GEN24_1067546","Holiday / vacation"
"GEN24_1067561","Holiday / vacation"
"GEN24_1067565","No other reason"
"GEN24_1067568","Other"
"GEN24_1067575","No other reason"
"GEN24_1067584","No other reason"
"GEN24_1067587","No other reason"
"GEN24_1067595","VFR"
"GEN24_1067596","No other reason"
"GEN24_1067605","Business"
"GEN24_1067626","No other reason"
"GEN24_1067629","Other"
"GEN24_1067643","Holiday / vacation"
"GEN24_1067646","Holiday / vacation"
"GEN24_1067655","No other reason"
"GEN24_1067662","No other reason"
"GEN24_1067689","Other"
"GEN24_1067716","Other"
"GEN24_1067719","No other reason"
"GEN24_1067728","No other reason"
"GEN24_1067736","No other reason"
"GEN24_1067738","No other reason"
"GEN24_1067742","No other reason"
"GEN24_1067744","VFR"
"GEN24_1067764","No other reason"
"GEN24_1067771","No other reason"
"GEN24_1067772","Holiday / vacation"
"GEN24_1067776","Holiday / vacation"
"GEN24_1067782","Holiday / vacation"
"GEN24_1067797","No other reason"
"GEN24_1067803","Education"
"GEN24_1067803","Other"
"GEN24_1067804","No other reason"
"GEN24_1067818","No other reason"
"GEN24_1067821","No other reason"
"GEN24_1067822","VFR"
"GEN24_1067824","No other reason"
"GEN24_1067825","No other reason"
"GEN24_1067826","No other reason"
"GEN24_1067828","No other reason"
"GEN24_1067830","Conference / convention"
"GEN24_1067831","No other reason"
"GEN24_1067833","No other reason"
"GEN24_1067834","Holiday / vacation"
"GEN24_1067835","VFR"
"GEN24_1067836","No other reason"
"GEN24_1067841","VFR"
"GEN24_1067844","Holiday / vacation"
"GEN24_1067845","Business"
"GEN24_1067845","Education"
"GEN24_1067853","No other reason"
"GEN24_1067859","Conference / convention"
"GEN24_1067860","Holiday / vacation"
"GEN24_1067868","No other reason"
"GEN24_1067869","VFR"
"GEN24_1067873","Business"
"GEN24_1067873","Conference / convention"
"GEN24_1067873","Education"
"GEN24_1067873","Holiday / vacation"
"GEN24_1067884","Business"
"GEN24_1067886","Other"
"GEN24_1067890","Other"
"GEN24_1067904","No other reason"
"GEN24_1067907","No other reason"
"GEN24_1067910","Other"
"GEN24_1067918","Other"
"GEN24_1067919","VFR"
"GEN24_1067925","Other"
"GEN24_1067926","Other"
"GEN24_1067929","No other reason"
"GEN24_1067941","No other reason"
"GEN24_1067943","Holiday / vacation"
"GEN24_1067948","No other reason"
"GEN24_1067958","No other reason"
"GEN24_1067968","No other reason"
"GEN24_1067969","Holiday / vacation"
"GEN24_1067972","No other reason"
"GEN24_1067974","Holiday / vacation"
"GEN24_1067982","No other reason"
"GEN24_1067993","Other"
"GEN24_1067998","Holiday / vacation"
"GEN24_1068024","Holiday / vacation"
"GEN24_1068025","Holiday / vacation"
"GEN24_1068032","Holiday / vacation"
"GEN24_1068049","No other reason"
"GEN24_1068056","No other reason"
"GEN24_1068057","No other reason"
"GEN24_1068072","No other reason"
"GEN24_1068077","No other reason"
"GEN24_1068079","VFR"
"GEN24_1068080","Holiday / vacation"
"GEN24_1068082","Other"
"GEN24_1068092","Other"
"GEN24_1068096","No other reason"
"GEN24_1068099","No other reason"
"GEN24_1068104","Holiday / vacation"
"GEN24_1068106","Holiday / vacation"
"GEN24_1068107","No other reason"
"GEN24_1068130","Holiday / vacation"
"GEN24_1068130","Other"
"GEN24_1068131","Education"
"GEN24_1068136","VFR"
"GEN24_1068142","No other reason"
"GEN24_1068163","No other reason"
"GEN24_1068164","No other reason"
"GEN24_1068170","No other reason"
"GEN24_1068173","No other reason"
"GEN24_1068188","No other reason"
"GEN24_1068192","No other reason"
"GEN24_1068193","VFR"
"GEN24_1068216","No other reason"
"GEN24_1068217","VFR"
"GEN24_1068222","No other reason"
"GEN24_1068224","No other reason"
"GEN24_1068225","Holiday / vacation"
"GEN24_1068226","No other reason"
"GEN24_1068243","VFR"
"GEN24_1068261","No other reason"
"GEN24_1068277","Holiday / vacation"
"GEN24_1068281","Holiday / vacation"
"GEN24_1068285","No other reason"
"GEN24_1068286","No other reason"
"GEN24_1068299","No other reason"
"GEN24_1068301","Holiday / vacation"
"GEN24_1068304","No other reason"
"GEN24_1068308","No other reason"
"GEN24_1068310","Holiday / vacation"
"GEN24_1068318","Holiday / vacation"
"GEN24_1068318","Other"
"GEN24_1068321","Holiday / vacation"
"GEN24_1068323","No other reason"
"GEN24_1068324","Other"
"GEN24_1068331","No other reason"
"GEN24_1068340","Holiday / vacation"
"GEN24_1068344","No other reason"
"GEN24_1068350","No other reason"
"GEN24_1068362","No other reason"
"GEN24_1068374","Holiday / vacation"
"GEN24_1068383","VFR"
"GEN24_1068384","Education"
"GEN24_1068384","Other"
"GEN24_1068400","No other reason"
"GEN24_1068410","No other reason"
"GEN24_1068417","Other"
"GEN24_1068418","No other reason"
"GEN24_1068434","No other reason"
"GEN24_1068443","No other reason"
"GEN24_1068451","No other reason"
"GEN24_1068461","No other reason"
"GEN24_1068463","No other reason"
"GEN24_1068483","No other reason"
"GEN24_1068485","VFR"
"GEN24_1068487","Other"
"GEN24_1068492","No other reason"
"GEN24_1068496","Holiday / vacation"
"GEN24_1068498","No other reason"
"GEN24_1068499","No other reason"
"GEN24_1068500","Holiday / vacation"
"GEN24_1068501","No other reason"
"GEN24_1068503","No other reason"
"GEN24_1068508","Holiday / vacation"
"GEN24_1068521","VFR"
"GEN24_1068525","VFR"
"GEN24_1068533","VFR"
"GEN24_1068554","Holiday / vacation"
"GEN24_1068557","Holiday / vacation"
"GEN24_1068564","No other reason"
"GEN24_1068571","Other"
"GEN24_1068579","VFR"
"GEN24_1068582","No other reason"
"GEN24_1068595","VFR"
"GEN24_1068599","No other reason"
"GEN24_1068602","Conference / convention"
"GEN24_1068604","Other"
"GEN24_1068608","Other"
"GEN24_1068609","Business"
"GEN24_1068609","Holiday / vacation"
"GEN24_1068615","Other"
"GEN24_1068615","VFR"
"GEN24_1068620","Holiday / vacation"
"GEN24_1068622","VFR"
"GEN24_1068629","No other reason"
"GEN24_1068631","VFR"
"GEN24_1068656","Holiday / vacation"
"GEN24_1068658","No other reason"
"GEN24_1068660","VFR"
"GEN24_1068661","Conference / convention"
"GEN24_1068663","Holiday / vacation"
"GEN24_1068664","No other reason"
"GEN24_1068665","Holiday / vacation"
"GEN24_1068666","No other reason"
"GEN24_1068670","No other reason"
"GEN24_1068675","No other reason"
"GEN24_1068681","No other reason"
"GEN24_1068682","No other reason"
"GEN24_1068683","No other reason"
"GEN24_1068692","No other reason"
"GEN24_1068698","No other reason"
"GEN24_1068703","Holiday / vacation"
"GEN24_1068706","Education"
"GEN24_1068724","Other"
"GEN24_1068725","Business"
"GEN24_1068727","No other reason"
"GEN24_1068743","VFR"
"GEN24_1068746","Conference / convention"
"GEN24_1068757","Holiday / vacation"
"GEN24_1068776","No other reason"
"GEN24_1068777","Holiday / vacation"
"GEN24_1068780","No other reason"
"GEN24_1068784","No other reason"
"GEN24_1068791","Holiday / vacation"
"GEN24_1068792","No other reason"
"GEN24_1068794","VFR"
"GEN24_1068799","VFR"
"GEN24_1068809","Holiday / vacation"
"GEN24_1068829","Holiday / vacation"
"GEN24_1068832","No other reason"
"GEN24_1068835","Holiday / vacation"
"GEN24_1068841","No other reason"
"GEN24_1068852","Holiday / vacation"
"GEN24_1068852","Other"
"GEN24_1068852","VFR"
"GEN24_1068865","No other reason"
"GEN24_1068876","No other reason"
"GEN24_1068878","Holiday / vacation"
"GEN24_1068888","VFR"
"GEN24_1068890","No other reason"
"GEN24_1068897","No other reason"
"GEN24_1068899","VFR"
"GEN24_1068905","No other reason"
"GEN24_1068912","Holiday / vacation"
"GEN24_1068917","No other reason"
"GEN24_1068927","No other reason"
"GEN24_1068928","Holiday / vacation"
"GEN24_1068933","No other reason"
"GEN24_1068946","No other reason"
"GEN24_1068952","Holiday / vacation"
"GEN24_1068965","VFR"
"GEN24_1068967","No other reason"
"GEN24_1068969","No other reason"
"GEN24_1068976","VFR"
"GEN24_1068978","No other reason"
"GEN24_1068979","No other reason"
"GEN24_1068982","Education"
"GEN24_1068989","Holiday / vacation"
"GEN24_1068991","No other reason"
"GEN24_1069004","Other"
"GEN24_1069008","VFR"
"GEN24_1069010","No other reason"
"GEN24_1069011","No other reason"
"GEN24_1069020","Holiday / vacation"
"GEN24_1069022","No other reason"
"GEN24_1069042","Holiday / vacation"
"GEN24_1069052","No other reason"
"GEN24_1069071","No other reason"
"GEN24_1069073","Other"
"GEN24_1069078","Holiday / vacation"
"GEN24_1069089","No other reason"
"GEN24_1069093","Holiday / vacation"
"GEN24_1069095","No other reason"
"GEN24_1069105","Holiday / vacation"
"GEN24_1069106","Holiday / vacation"
"GEN24_1069113","Other"
"GEN24_1069115","No other reason"
"GEN24_1069133","Holiday / vacation"
"GEN24_1069136","Other"
"GEN24_1069141","No other reason"
"GEN24_1069154","VFR"
"GEN24_1069156","No other reason"
"GEN24_1069159","No other reason"
"GEN24_1069163","Holiday / vacation"
"GEN24_1069163","VFR"
"GEN24_1069181","No other reason"
"GEN24_1069184","No other reason"
"GEN24_1069185","No other reason"
"GEN24_1069187","Holiday / vacation"
"GEN24_1069191","No other reason"
"GEN24_1069194","VFR"
"GEN24_1069195","No other reason"
"GEN24_1069201","VFR"
"GEN24_1069207","No other reason"
"GEN24_1069217","Holiday / vacation"
"GEN24_1069229","Holiday / vacation"
"GEN24_1069259","No other reason"
"GEN24_1069265","No other reason"
"GEN24_1069269","No other reason"
"GEN24_1069277","No other reason"
"GEN24_1069278","No other reason"
"GEN24_1069279","Holiday / vacation"
"GEN24_1069284","Conference / convention"
"GEN24_1069285","No other reason"
"GEN24_1069287","Holiday / vacation"
"GEN24_1069307","VFR"
"GEN24_1069313","Holiday / vacation"
"GEN24_1069324","VFR"
"GEN24_1069325","No other reason"
"GEN24_1069338","No other reason"
"GEN24_1069339","Business"
"GEN24_1069346","Business"
"GEN24_1069350","Other"
"GEN24_1069353","Holiday / vacation"
"GEN24_1069356","No other reason"
"GEN24_1069366","No other reason"
"GEN24_1069370","No other reason"
"GEN24_1069376","VFR"
"GEN24_1069378","No other reason"
"GEN24_1069389","No other reason"
"GEN24_1069394","No other reason"
"GEN24_1069395","No other reason"
"GEN24_1069399","No other reason"
"GEN24_1069401","No other reason"
"GEN24_1069420","No other reason"
"GEN24_1069428","Holiday / vacation"
"GEN24_1069432","No other reason"
"GEN24_1069433","No other reason"
"GEN24_1069435","No other reason"
"GEN24_1069445","Holiday / vacation"
"GEN24_1069472","Holiday / vacation"
"GEN24_1069485","Holiday / vacation"
"GEN24_1069495","No other reason"
"GEN24_1069498","No other reason"
"GEN24_1069530","Holiday / vacation"
"GEN24_1069530","VFR"
"GEN24_1069534","VFR"
"GEN24_1069535","No other reason"
"GEN24_1069540","No other reason"
"GEN24_1069541","VFR"
"GEN24_1069548","Education"
"GEN24_1069556","Holiday / vacation"
"GEN24_1069557","Other"
"GEN24_1069565","No other reason"
"GEN24_1069582","No other reason"
"GEN24_1069588","Holiday / vacation"
"GEN24_1069595","Holiday / vacation"
"GEN24_1069597","No other reason"
"GEN24_1069601","Holiday / vacation"
"GEN24_1069612","No other reason"
"GEN24_1069615","Holiday / vacation"
"GEN24_1069624","VFR"
"GEN24_1069631","Holiday / vacation"
"GEN24_1069640","Holiday / vacation"
"GEN24_1069646","VFR"
"GEN24_1069658","VFR"
"GEN24_1069663","Holiday / vacation"
"GEN24_1069666","Business"
"GEN24_1069687","No other reason"
"GEN24_1069688","VFR"
"GEN24_1069694","Other"
"GEN24_1069699","VFR"
"GEN24_1069702","Holiday / vacation"
"GEN24_1069703","VFR"
"GEN24_1069705","No other reason"
"GEN24_1069716","Holiday / vacation"
"GEN24_1069717","Holiday / vacation"
"GEN24_1069725","No other reason"
"GEN24_1069726","No other reason"
"GEN24_1069727","Holiday / vacation"
"GEN24_1069738","No other reason"
"GEN24_1069739","VFR"
"GEN24_1069740","No other reason"
"GEN24_1069744","Other"
"GEN24_1069757","No other reason"
"GEN24_1069760","No other reason"
"GEN24_1069770","Holiday / vacation"
"GEN24_1069777","VFR"
"GEN24_1069779","Holiday / vacation"
"GEN24_1069781","No other reason"
"GEN24_1069785","No other reason"
"GEN24_1069786","Holiday / vacation"
"GEN24_1069791","Holiday / vacation"
"GEN24_1069791","Other"
"GEN24_1069799","No other reason"
"GEN24_1069815","No other reason"
"GEN24_1069820","No other reason"
"GEN24_1069837","No other reason"
"GEN24_1069843","No other reason"
"GEN24_1069846","Other"
"GEN24_1069854","Holiday / vacation"
"GEN24_1069855","Holiday / vacation"
"GEN24_1069860","Holiday / vacation"
"GEN24_1069862","Holiday / vacation"
"GEN24_1069866","VFR"
"GEN24_1069869","No other reason"
"GEN24_1069870","No other reason"
"GEN24_1069874","No other reason"
"GEN24_1069879","No other reason"
"GEN24_1069883","Other"
"GEN24_1069890","No other reason"
"GEN24_1069892","No other reason"
"GEN24_1069896","Holiday / vacation"
"GEN24_1069902","Holiday / vacation"
"GEN24_1069907","Education"
"GEN24_1069907","Holiday / vacation"
"GEN24_1069907","VFR"
"GEN24_1069911","No other reason"
"GEN24_1069924","Education"
"GEN24_1069927","No other reason"
"GEN24_1069936","VFR"
"GEN24_1069941","VFR"
"GEN24_1069970","No other reason"
"GEN24_1069977","No other reason"
"GEN24_1069979","No other reason"
"GEN24_1069983","Holiday / vacation"
"GEN24_1069985","No other reason"
"GEN24_1069989","No other reason"
"GEN24_1069990","No other reason"
"GEN24_1069991","Holiday / vacation"
"GEN24_1069994","Holiday / vacation"
"GEN24_1069996","No other reason"
"GEN24_1070008","Other"
"GEN24_1070013","Holiday / vacation"
"GEN24_1070031","No other reason"
"GEN24_1070034","No other reason"
"GEN24_1070036","Holiday / vacation"
"GEN24_1070041","Holiday / vacation"
"GEN24_1070045","No other reason"
"GEN24_1070046","Holiday / vacation"
"GEN24_1070047","No other reason"
"GEN24_1070048","Holiday / vacation"
"GEN24_1070049","No other reason"
"GEN24_1070051","Holiday / vacation"
"GEN24_1070053","No other reason"
"GEN24_1070056","No other reason"
"GEN24_1070059","VFR"
"GEN24_1070061","No other reason"
"GEN24_1070068","VFR"
"GEN24_1070073","No other reason"
"GEN24_1070075","No other reason"
"GEN24_1070076","Education"
"GEN24_1070077","Education"
"GEN24_1070079","Education"
"GEN24_1070088","Holiday / vacation"
"GEN24_1070092","No other reason"
"GEN24_1070096","Holiday / vacation"
"GEN24_1070100","Other"
"GEN24_1070102","Education"
"GEN24_1070107","Education"
"GEN24_1070108","No other reason"
"GEN24_1070124","No other reason"
"GEN24_1070125","Education"
"GEN24_1070128","Education"
"GEN24_1070129","No other reason"
"GEN24_1070136","No other reason"
"GEN24_1070138","No other reason"
"GEN24_1070139","No other reason"
"GEN24_1070144","No other reason"
"GEN24_1070148","No other reason"
"GEN24_1070149","No other reason"
"GEN24_1070151","No other reason"
"GEN24_1070161","Holiday / vacation"
"GEN24_1070165","No other reason"
"GEN24_1070177","No other reason"
"GEN24_1070178","No other reason"
"GEN24_1070187","No other reason"
"GEN24_1070189","Education"
"GEN24_1070190","Holiday / vacation"
"GEN24_1070191","No other reason"
"GEN24_1070205","Holiday / vacation"
"GEN24_1070208","Holiday / vacation"
"GEN24_1070209","VFR"
"GEN24_1070212","VFR"
"GEN24_1070220","No other reason"
"GEN24_1070229","No other reason"
"GEN24_1070230","VFR"
"GEN24_1070237","Holiday / vacation"
"GEN24_1070249","Other"
"GEN24_1070250","No other reason"
"GEN24_1070252","No other reason"
"GEN24_1070254","No other reason"
"GEN24_1070257","No other reason"
"GEN24_1070262","No other reason"
"GEN24_1070264","No other reason"
"GEN24_1070266","No other reason"
"GEN24_1070269","No other reason"
"GEN24_1070273","No other reason"
"GEN24_1070274","No other reason"
"GEN24_1070282","No other reason"
"GEN24_1070291","No other reason"
"GEN24_1070292","Business"
"GEN24_1070295","No other reason"
"GEN24_1070298","Holiday / vacation"
"GEN24_1070299","Holiday / vacation"
"GEN24_1070301","VFR"
"GEN24_1070310","Holiday / vacation"
"GEN24_1070311","No other reason"
"GEN24_1070312","No other reason"
"GEN24_1070313","Holiday / vacation"
"GEN24_1070322","Holiday / vacation"
"GEN24_1070332","Holiday / vacation"
"GEN24_1070336","VFR"
"GEN24_1070354","Holiday / vacation"
"GEN24_1070358","VFR"
"GEN24_1070360","VFR"
"GEN24_1070366","VFR"
"GEN24_1070368","No other reason"
"GEN24_1070370","No other reason"
"GEN24_1070375","No other reason"
"GEN24_1070385","No other reason"
"GEN24_1070390","No other reason"
"GEN24_1070395","Holiday / vacation"
"GEN24_1070403","VFR"
"GEN24_1070406","No other reason"
"GEN24_1070407","No other reason"
"GEN24_1070409","Other"
"GEN24_1070426","Other"
"GEN24_1070430","No other reason"
"GEN24_1070436","No other reason"
"GEN24_1070443","No other reason"
"GEN24_1070445","Holiday / vacation"
"GEN24_1070449","No other reason"
"GEN24_1070451","VFR"
"GEN24_1070456","VFR"
"GEN24_1070480","No other reason"
"GEN24_1070483","No other reason"
"GEN24_1070487","No other reason"
"GEN24_1070489","No other reason"
"GEN24_1070493","Holiday / vacation"
"GEN24_1070502","No other reason"
"GEN24_1070509","Holiday / vacation"
"GEN24_1070517","Holiday / vacation"
"GEN24_1070518","No other reason"
"GEN24_1070529","VFR"
"GEN24_1070547","No other reason"
"GEN24_1070549","No other reason"
"GEN24_1070551","No other reason"
"GEN24_1070553","No other reason"
"GEN24_1070555","VFR"
"GEN24_1070556","No other reason"
"GEN24_1070557","Holiday / vacation"
"GEN24_1070559","No other reason"
"GEN24_1070565","No other reason"
"GEN24_1070569","Holiday / vacation"
"GEN24_1070574","No other reason"
"GEN24_1070586","No other reason"
"GEN24_1070587","No other reason"
"GEN24_1070591","Education"
"GEN24_1070591","VFR"
"GEN24_1070594","No other reason"
"GEN24_1070597","No other reason"
"GEN24_1070601","No other reason"
"GEN24_1070606","No other reason"
"GEN24_1070612","No other reason"
"GEN24_1070613","No other reason"
"GEN24_1070615","Holiday / vacation"
"GEN24_1070617","Other"
"GEN24_1070618","No other reason"
"GEN24_1070619","No other reason"
"GEN24_1070631","VFR"
"GEN24_1070632","Business"
"GEN24_1070639","No other reason"
"GEN24_1070645","No other reason"
"GEN24_1070646","Education"
"GEN24_1070658","No other reason"
"GEN24_1070662","No other reason"
"GEN24_1070663","Holiday / vacation"
"GEN24_1070668","Holiday / vacation"
"GEN24_1070673","Holiday / vacation"
"GEN24_1070674","No other reason"
"GEN24_1070677","No other reason"
"GEN24_1070689","Holiday / vacation"
"GEN24_1070690","Other"
"GEN24_1070715","No other reason"
"GEN24_1070722","No other reason"
"GEN24_1070724","No other reason"
"GEN24_1070727","No other reason"
"GEN24_1070731","Holiday / vacation"
"GEN24_1070737","No other reason"
"GEN24_1070747","No other reason"
"GEN24_1070752","Holiday / vacation"
"GEN24_1070753","Holiday / vacation"
"GEN24_1070755","No other reason"
"GEN24_1070759","No other reason"
"GEN24_1070762","No other reason"
"GEN24_1070765","No other reason"
"GEN24_1070769","No other reason"
"GEN24_1070776","Holiday / vacation"
"GEN24_1070778","No other reason"
"GEN24_1070785","No other reason"
"GEN24_1070792","Holiday / vacation"
"GEN24_1070794","Holiday / vacation"
"GEN24_1070795","Holiday / vacation"
"GEN24_1070796","No other reason"
"GEN24_1070799","No other reason"
"GEN24_1070800","VFR"
"GEN24_1070801","VFR"
"GEN24_1070820","No other reason"
"GEN24_1070828","No other reason"
"GEN24_1070832","No other reason"
"GEN24_1070842","No other reason"
"GEN24_1070843","No other reason"
"GEN24_1070845","No other reason"
"GEN24_1070851","Holiday / vacation"
"GEN24_1070861","Holiday / vacation"
"GEN24_1070874","VFR"
"GEN24_1070884","Conference / convention"
"GEN24_1070884","VFR"
"GEN24_1070894","Holiday / vacation"
"GEN24_1070897","No other reason"
"GEN24_1070905","No other reason"
"GEN24_1070911","No other reason"
"GEN24_1070920","Holiday / vacation"
"GEN24_1070921","Holiday / vacation"
"GEN24_1070924","Holiday / vacation"
"GEN24_1070940","No other reason"
"GEN24_1070943","No other reason"
"GEN24_1070946","Holiday / vacation"
"GEN24_1070957","VFR"
"GEN24_1070960","No other reason"
"GEN24_1070965","Holiday / vacation"
"GEN24_1070970","No other reason"
"GEN24_1070983","No other reason"
"GEN24_1070992","Holiday / vacation"
"GEN24_1070999","No other reason"
"GEN24_1071002","No other reason"
"GEN24_1071004","VFR"
"GEN24_1071006","No other reason"
"GEN24_1071017","VFR"
"GEN24_1071018","No other reason"
"GEN24_1071019","No other reason"
"GEN24_1071024","VFR"
"GEN24_1071031","No other reason"
"GEN24_1071037","No other reason"
"GEN24_1071039","No other reason"
"GEN24_1071041","No other reason"
"GEN24_1071045","No other reason"
"GEN24_1071053","Holiday / vacation"
"GEN24_1071053","Other"
"GEN24_1071055","No other reason"
"GEN24_1071056","No other reason"
"GEN24_1071058","No other reason"
"GEN24_1071104","No other reason"
"GEN24_1071105","Holiday / vacation"
"GEN24_1071108","Other"
"GEN24_1071110","VFR"
"GEN24_1071115","No other reason"
"GEN24_1071118","No other reason"
"GEN24_1071122","No other reason"
"GEN24_1071123","No other reason"
"GEN24_1071126","No other reason"
"GEN24_1071132","No other reason"
"GEN24_1071134","Other"
"GEN24_1071135","No other reason"
"GEN24_1071141","Education"
"GEN24_1071152","Education"
"GEN24_1071154","VFR"
"GEN24_1071157","VFR"
"GEN24_1071160","VFR"
"GEN24_1071161","No other reason"
"GEN24_1071164","VFR"
"GEN24_1071172","Holiday / vacation"
"GEN24_1071174","VFR"
"GEN24_1071191","No other reason"
"GEN24_1071203","No other reason"
"GEN24_1071207","No other reason"
"GEN24_1071210","VFR"
"GEN24_1071211","Holiday / vacation"
"GEN24_1071213","VFR"
"GEN24_1071225","No other reason"
"GEN24_1071233","No other reason"
"GEN24_1071234","No other reason"
"GEN24_1071236","Education"
"GEN24_1071236","VFR"
"GEN24_1071238","No other reason"
"GEN24_1071248","No other reason"
"GEN24_1071256","No other reason"
"GEN24_1071257","No other reason"
"GEN24_1071258","Holiday / vacation"
"GEN24_1071259","Holiday / vacation"
"GEN24_1071268","No other reason"
"GEN24_1071271","No other reason"
"GEN24_1071280","No other reason"
"GEN24_1071283","No other reason"
"GEN24_1071287","Holiday / vacation"
"GEN24_1071288","No other reason"
"GEN24_1071289","No other reason"
"GEN24_1071292","Other"
"GEN24_1071299","No other reason"
"GEN24_1071312","No other reason"
"GEN24_1071317","Business"
"GEN24_1071318","No other reason"
"GEN24_1071325","No other reason"
"GEN24_1071332","Holiday / vacation"
"GEN24_1071340","No other reason"
"GEN24_1071342","No other reason"
"GEN24_1071353","Holiday / vacation"
"GEN24_1071360","No other reason"
"GEN24_1071363","No other reason"
"GEN24_1071379","Education"
"GEN24_1071394","No other reason"
"GEN24_1071397","Holiday / vacation"
"GEN24_1071398","Education"
"GEN24_1071398","Holiday / vacation"
"GEN24_1071401","No other reason"
"GEN24_1071403","No other reason"
"GEN24_1071405","No other reason"
"GEN24_1071408","No other reason"
"GEN24_1071409","No other reason"
"GEN24_1071410","VFR"
"GEN24_1071422","No other reason"
"GEN24_1071428","No other reason"
"GEN24_1071435","No other reason"
"GEN24_1071440","Holiday / vacation"
"GEN24_1071443","VFR"
"GEN24_1071444","Holiday / vacation"
"GEN24_1071447","No other reason"
"GEN24_1071451","VFR"
"GEN24_1071457","Other"
"GEN24_1071458","No other reason"
"GEN24_1071466","No other reason"
"GEN24_1071470","VFR"
"GEN24_1071474","Other"
"GEN24_1071476","No other reason"
"GEN24_1071479","No other reason"
"GEN24_1071486","VFR"
"GEN24_1071488","Business"
"GEN24_1071509","No other reason"
"GEN24_1071514","Holiday / vacation"
"GEN24_1071515","No other reason"
"GEN24_1071521","Holiday / vacation"
"GEN24_1071522","No other reason"
"GEN24_1071524","Holiday / vacation"
"GEN24_1071527","Holiday / vacation"
"GEN24_1071532","Holiday / vacation"
"GEN24_1071536","No other reason"
"GEN24_1071538","No other reason"
"GEN24_1071547","No other reason"
"GEN24_1071553","VFR"
"GEN24_1071554","No other reason"
"GEN24_1071558","Other"
"GEN24_1071565","No other reason"
"GEN24_1071572","Holiday / vacation"
"GEN24_1071575","VFR"
"GEN24_1071580","No other reason"
"GEN24_1071591","No other reason"
"GEN24_1071594","No other reason"
"GEN24_1071600","No other reason"
"GEN24_1071604","No other reason"
"GEN24_1071610","Holiday / vacation"
"GEN24_1071626","No other reason"
"GEN24_1071628","VFR"
"GEN24_1071629","No other reason"
"GEN24_1071633","VFR"
"GEN24_1071637","No other reason"
"GEN24_1071644","Holiday / vacation"
"GEN24_1071645","No other reason"
"GEN24_1071651","Holiday / vacation"
"GEN24_1071659","No other reason"
"GEN24_1071666","Holiday / vacation"
"GEN24_1071667","Holiday / vacation"
"GEN24_1071669","No other reason"
"GEN24_1071676","VFR"
"GEN24_1071692","No other reason"
"GEN24_1071693","No other reason"
"GEN24_1071694","Holiday / vacation"
"GEN24_1071696","No other reason"
"GEN24_1071698","VFR"
"GEN24_1071702","No other reason"
"GEN24_1071706","Holiday / vacation"
"GEN24_1071709","VFR"
"GEN24_1071710","No other reason"
"GEN24_1071717","VFR"
"GEN24_1071728","No other reason"
"GEN24_1071744","Holiday / vacation"
"GEN24_1071745","No other reason"
"GEN24_1071748","No other reason"
"GEN24_1071753","No other reason"
"GEN24_1071755","No other reason"
"GEN24_1071758","No other reason"
"GEN24_1071761","No other reason"
"GEN24_1071763","No other reason"
"GEN24_1071766","No other reason"
"GEN24_1071768","No other reason"
"GEN24_1071776","Holiday / vacation"
"GEN24_1071783","Conference / convention"
"GEN24_1071789","No other reason"
"GEN24_1071790","No other reason"
"GEN24_1071795","No other reason"
"GEN24_1071796","No other reason"
"GEN24_1071799","VFR"
"GEN24_1071800","No other reason"
"GEN24_1071802","No other reason"
"GEN24_1071806","No other reason"
"GEN24_1071811","No other reason"
"GEN24_1071812","No other reason"
"GEN24_1071815","VFR"
"GEN24_1071830","VFR"
"GEN24_1071831","No other reason"
"GEN24_1071839","No other reason"
"GEN24_1071841","No other reason"
"GEN24_1071842","No other reason"
"GEN24_1071849","No other reason"
"GEN24_1071850","No other reason"
"GEN24_1071879","No other reason"
"GEN24_1071881","No other reason"
"GEN24_1071884","Other"
"GEN24_1071886","No other reason"
"GEN24_1071893","No other reason"
"GEN24_1071899","No other reason"
"GEN24_1071907","Holiday / vacation"
"GEN24_1071910","No other reason"
"GEN24_1071913","No other reason"
"GEN24_1071914","No other reason"
"GEN24_1071921","No other reason"
"GEN24_1071924","No other reason"
"GEN24_1071930","No other reason"
"GEN24_1071934","Holiday / vacation"
"GEN24_1071937","No other reason"
"GEN24_1071940","No other reason"
"GEN24_1071942","Holiday / vacation"
"GEN24_1071943","VFR"
"GEN24_1071953","No other reason"
"GEN24_1071956","No other reason"
"GEN24_1071957","No other reason"
"GEN24_1071958","No other reason"
"GEN24_1071961","No other reason"
"GEN24_1071962","No other reason"
"GEN24_1071963","No other reason"
"GEN24_1071965","No other reason"
"GEN24_1071966","VFR"
"GEN24_1071977","Holiday / vacation"
"GEN24_1071979","Business"
"GEN24_1071981","No other reason"
"GEN24_1071982","No other reason"
"GEN24_1071984","No other reason"
"GEN24_1071991","No other reason"
"GEN24_1071999","Holiday / vacation"
"GEN24_1072004","Holiday / vacation"
"GEN24_1072020","Business"
"GEN24_1072035","Other"
"GEN24_1072039","No other reason"
"GEN24_1072043","Other"
"GEN24_1072047","No other reason"
"GEN24_1072049","No other reason"
"GEN24_1072050","No other reason"
"GEN24_1072052","VFR"
"GEN24_1072055","No other reason"
"GEN24_1072064","No other reason"
"GEN24_1072073","Other"
"GEN24_1072096","Other"
"GEN24_1072099","Holiday / vacation"
"GEN24_1072112","Other"
"GEN24_1072115","VFR"
"GEN24_1072141","Other"
"GEN24_1072143","VFR"
"GEN24_1072146","No other reason"
"GEN24_1072147","Holiday / vacation"
"GEN24_1072159","No other reason"
"GEN24_1072163","No other reason"
"GEN24_1072171","No other reason"
"GEN24_1072172","Holiday / vacation"
"GEN24_1072174","Holiday / vacation"
"GEN24_1072180","No other reason"
"GEN24_1072187","No other reason"
"GEN24_1072189","No other reason"
"GEN24_1072193","No other reason"
"GEN24_1072195","Business"
"GEN24_1072195","VFR"
"GEN24_1072201","Holiday / vacation"
"GEN24_1072217","No other reason"
"GEN24_1072237","Holiday / vacation"
"GEN24_1072256","No other reason"
"GEN24_1072270","No other reason"
"GEN24_1072273","No other reason"
"GEN24_1072281","Conference / convention"
"GEN24_1072282","Other"
"GEN24_1072283","No other reason"
"GEN24_1072286","No other reason"
"GEN24_1072287","Holiday / vacation"
"GEN24_1072287","Other"
"GEN24_1072288","Holiday / vacation"
"GEN24_1072290","Holiday / vacation"
"GEN24_1072292","No other reason"
"GEN24_1072293","No other reason"
"GEN24_1072298","VFR"
"GEN24_1072301","VFR"
"GEN24_1072309","Other"
"GEN24_1072312","No other reason"
"GEN24_1072313","Holiday / vacation"
"GEN24_1072317","No other reason"
"GEN24_1072323","Holiday / vacation"
"GEN24_1072324","No other reason"
"GEN24_1072328","No other reason"
"GEN24_1072339","Holiday / vacation"
"GEN24_1072343","Holiday / vacation"
"GEN24_1072345","No other reason"
"GEN24_1072355","No other reason"
"GEN24_1072356","No other reason"
"GEN24_1072368","No other reason"
"GEN24_1072376","VFR"
"GEN24_1072378","Other"
"GEN24_1072379","No other reason"
"GEN24_1072380","No other reason"
"GEN24_1072390","Holiday / vacation"
"GEN24_1072407","No other reason"
"GEN24_1072408","Holiday / vacation"
"GEN24_1072424","No other reason"
"GEN24_1072433","Business"
"GEN24_1072439","No other reason"
"GEN24_1072440","No other reason"
"GEN24_1072441","No other reason"
"GEN24_1072453","VFR"
"GEN24_1072454","Business"
"GEN24_1072455","No other reason"
"GEN24_1072456","Holiday / vacation"
"GEN24_1072462","Conference / convention"
"GEN24_1072465","No other reason"
"GEN24_1072467","No other reason"
"GEN24_1072476","VFR"
"GEN24_1072506","No other reason"
"GEN24_1072512","No other reason"
"GEN24_1072514","Holiday / vacation"
"GEN24_1072514","Other"
"GEN24_1072517","No other reason"
"GEN24_1072532","Holiday / vacation"
"GEN24_1072535","No other reason"
"GEN24_1072541","No other reason"
"GEN24_1072543","Other"
"GEN24_1072552","Education"
"GEN24_1072556","VFR"
"GEN24_1072570","Holiday / vacation"
"GEN24_1072571","VFR"
"GEN24_1072574","No other reason"
"GEN24_1072575","Other"
"GEN24_1072578","No other reason"
"GEN24_1072583","VFR"
"GEN24_1072588","Business"
"GEN24_1072590","VFR"
"GEN24_1072594","No other reason"
"GEN24_1072601","Holiday / vacation"
"GEN24_1072602","No other reason"
"GEN24_1072604","No other reason"
"GEN24_1072607","No other reason"
"GEN24_1072620","VFR"
"GEN24_1072622","Holiday / vacation"
"GEN24_1072624","VFR"
"GEN24_1072629","No other reason"
"GEN24_1072635","Other"
"GEN24_1072639","VFR"
"GEN24_1072644","Other"
"GEN24_1072659","No other reason"
"GEN24_1072670","Holiday / vacation"
"GEN24_1072672","No other reason"
"GEN24_1072675","No other reason"
"GEN24_1072678","No other reason"
"GEN24_1072691","VFR"
"GEN24_1072713","Holiday / vacation"
"GEN24_1072714","No other reason"
"GEN24_1072719","No other reason"
"GEN24_1072723","No other reason"
"GEN24_1072725","No other reason"
"GEN24_1072730","VFR"
"GEN24_1072737","No other reason"
"GEN24_1072750","No other reason"
"GEN24_1072765","No other reason"
"GEN24_1072777","No other reason"
"GEN24_1072778","Education"
"GEN24_1072787","No other reason"
"GEN24_1072788","No other reason"
"GEN24_1072800","Conference / convention"
"GEN24_1072802","Holiday / vacation"
"GEN24_1072804","No other reason"
"GEN24_1072808","No other reason"
"GEN24_1072809","Other"
"GEN24_1072813","No other reason"
"GEN24_1072814","Holiday / vacation"
"GEN24_1072820","VFR"
"GEN24_1072830","No other reason"
"GEN24_1072831","No other reason"
"GEN24_1072832","No other reason"
"GEN24_1072835","No other reason"
"GEN24_1072837","No other reason"
"GEN24_1072839","No other reason"
"GEN24_1072846","No other reason"
"GEN24_1072849","Other"
"GEN24_1072865","Business"
"GEN24_1072866","No other reason"
"GEN24_1072870","Holiday / vacation"
"GEN24_1072872","No other reason"
"GEN24_1072882","Other"
"GEN24_1072885","No other reason"
"GEN24_1072894","Conference / convention"
"GEN24_1072896","No other reason"
"GEN24_1072898","No other reason"
"GEN24_1072903","No other reason"
"GEN24_1072907","No other reason"
"GEN24_1072908","No other reason"
"GEN24_1072909","Holiday / vacation"
"GEN24_1072913","No other reason"
"GEN24_1072921","No other reason"
"GEN24_1072922","No other reason"
"GEN24_1072926","No other reason"
"GEN24_1072932","No other reason"
"GEN24_1072937","VFR"
"GEN24_1072938","No other reason"
"GEN24_1072944","No other reason"
"GEN24_1072948","No other reason"
"GEN24_1072953","No other reason"
"GEN24_1072954","VFR"
"GEN24_1072968","Holiday / vacation"
"GEN24_1072969","VFR"
"GEN24_1072970","Holiday / vacation"
"GEN24_1072971","Holiday / vacation"
"GEN24_1072973","Business"
"GEN24_1072986","No other reason"
"GEN24_1072992","VFR"
"GEN24_1072995","No other reason"
"GEN24_1073002","Business"
"GEN24_1073011","VFR"
"GEN24_1073022","No other reason"
"GEN24_1073037","No other reason"
"GEN24_1073038","No other reason"
"GEN24_1073039","No other reason"
"GEN24_1073046","No other reason"
"GEN24_1073058","Business"
"GEN24_1073059","Holiday / vacation"
"GEN24_1073066","No other reason"
"GEN24_1073068","No other reason"
"GEN24_1073070","No other reason"
"GEN24_1073084","Holiday / vacation"
"GEN24_1073091","Holiday / vacation"
"GEN24_1073093","VFR"
"GEN24_1073096","No other reason"
"GEN24_1073102","Holiday / vacation"
"GEN24_1073107","Holiday / vacation"
"GEN24_1073111","No other reason"
"GEN24_1073122","Education"
"GEN24_1073124","Other"
"GEN24_1073130","Other"
"GEN24_1073133","No other reason"
"GEN24_1073135","No other reason"
"GEN24_1073137","No other reason"
"GEN24_1073138","Holiday / vacation"
"GEN24_1073140","Holiday / vacation"
"GEN24_1073144","No other reason"
"GEN24_1073145","No other reason"
"GEN24_1073150","VFR"
"GEN24_1073153","No other reason"
"GEN24_1073154","No other reason"
"GEN24_1073158","Holiday / vacation"
"GEN24_1073161","No other reason"
"GEN24_1073163","Education"
"GEN24_1073170","Holiday / vacation"
"GEN24_1073171","No other reason"
"GEN24_1073172","No other reason"
"GEN24_1073176","No other reason"
"GEN24_1073181","No other reason"
"GEN24_1073184","No other reason"
"GEN24_1073185","No other reason"
"GEN24_1073187","No other reason"
"GEN24_1073190","No other reason"
"GEN24_1073191","No other reason"
"GEN24_1073195","No other reason"
"GEN24_1073200","Holiday / vacation"
"GEN24_1073205","VFR"
"GEN24_1073230","No other reason"
"GEN24_1073259","Holiday / vacation"
"GEN24_1073260","Holiday / vacation"
"GEN24_1073262","No other reason"
"GEN24_1073276","No other reason"
"GEN24_1073277","Holiday / vacation"
"GEN24_1073281","No other reason"
"GEN24_1073284","No other reason"
"GEN24_1073287","Other"
"GEN24_1073289","Holiday / vacation"
"GEN24_1073297","No other reason"
"GEN24_1073299","No other reason"
"GEN24_1073304","No other reason"
"GEN24_1073309","No other reason"
"GEN24_1073314","Other"
"GEN24_1073318","No other reason"
"GEN24_1073322","No other reason"
"GEN24_1073324","Holiday / vacation"
"GEN24_1073327","Holiday / vacation"
"GEN24_1073328","Business"
"GEN24_1073357","No other reason"
"GEN24_1073363","No other reason"
"GEN24_1073367","VFR"
"GEN24_1073374","No other reason"
"GEN24_1073376","No other reason"
"GEN24_1073380","No other reason"
"GEN24_1073382","No other reason"
"GEN24_1073383","VFR"
"GEN24_1073385","Holiday / vacation"
"GEN24_1073388","No other reason"
"GEN24_1073389","Holiday / vacation"
"GEN24_1073392","No other reason"
"GEN24_1073393","Holiday / vacation"
"GEN24_1073402","Holiday / vacation"
"GEN24_1073404","Holiday / vacation"
"GEN24_1073406","No other reason"
"GEN24_1073416","No other reason"
"GEN24_1073418","Holiday / vacation"
"GEN24_1073421","No other reason"
"GEN24_1073433","Holiday / vacation"
"GEN24_1073442","No other reason"
"GEN24_1073443","No other reason"
"GEN24_1073450","Holiday / vacation"
"GEN24_1073458","Holiday / vacation"
"GEN24_1073466","No other reason"
"GEN24_1073478","No other reason"
"GEN24_1073492","Education"
"GEN24_1073492","VFR"
"GEN24_1073494","No other reason"
"GEN24_1073514","Holiday / vacation"
"GEN24_1073517","Education"
"GEN24_1073521","No other reason"
"GEN24_1073526","Holiday / vacation"
"GEN24_1073529","No other reason"
"GEN24_1073533","No other reason"
"GEN24_1073534","Other"
"GEN24_1073539","No other reason"
"GEN24_1073549","No other reason"
"GEN24_1073560","Holiday / vacation"
"GEN24_1073569","Holiday / vacation"
"GEN24_1073588","No other reason"
"GEN24_1073589","VFR"
"GEN24_1073593","Holiday / vacation"
"GEN24_1073599","Holiday / vacation"
"GEN24_1073604","No other reason"
"GEN24_1073616","No other reason"
"GEN24_1073617","Other"
"GEN24_1073625","VFR"
"GEN24_1073628","Other"
"GEN24_1073629","No other reason"
"GEN24_1073631","No other reason"
"GEN24_1073632","No other reason"
"GEN24_1073633","No other reason"
"GEN24_1073635","No other reason"
"GEN24_1073636","Business"
"GEN24_1073638","Conference / convention"
"GEN24_1073639","VFR"
"GEN24_1073650","Holiday / vacation"
"GEN24_1073670","No other reason"
"GEN24_1073671","No other reason"
"GEN24_1073684","No other reason"
"GEN24_1073693","VFR"
"GEN24_1073695","No other reason"
"GEN24_1073712","VFR"
"GEN24_1073713","VFR"
"GEN24_1073722","No other reason"
"GEN24_1073732","No other reason"
"GEN24_1073797","No other reason"
"GEN24_1073828","No other reason"
"GEN24_1073839","Holiday / vacation"
"GEN24_1073841","VFR"
"GEN24_1073843","Holiday / vacation"
"GEN24_1073844","No other reason"
"GEN24_1073849","No other reason"
"GEN24_1073857","VFR"
"GEN24_1073858","Holiday / vacation"
"GEN24_1073875","No other reason"
"GEN24_1073887","No other reason"
"GEN24_1073894","No other reason"
"GEN24_1073906","No other reason"
"GEN24_1073929","No other reason"
"GEN24_1073962","VFR"
"GEN24_1073969","Other"
"GEN24_1073972","No other reason"
"GEN24_1073974","No other reason"
"GEN24_1073976","No other reason"
"GEN24_1073980","No other reason"
"GEN24_1073990","Holiday / vacation"
"GEN24_1074005","VFR"
"GEN24_1074007","No other reason"
"GEN24_1074008","No other reason"
"GEN24_1074019","VFR"
"GEN24_1074024","No other reason"
"GEN24_1074025","No other reason"
"GEN24_1074049","No other reason"
"GEN24_1074058","No other reason"
"GEN24_1074065","Holiday / vacation"
"GEN24_1074066","Holiday / vacation"
"GEN24_1074066","Other"
"GEN24_1074076","Other"
"GEN24_1074078","Holiday / vacation"
"GEN24_1074081","Other"
"GEN24_1074082","Holiday / vacation"
"GEN24_1074097","Other"
"GEN24_1074104","Business"
"GEN24_1074105","No other reason"
"GEN24_1074126","VFR"
"GEN24_1074133","No other reason"
"GEN24_1074139","No other reason"
"GEN24_1074145","Holiday / vacation"
"GEN24_1074149","No other reason"
"GEN24_1074161","No other reason"
"GEN24_1074165","No other reason"
"GEN24_1074169","VFR"
"GEN24_1074192","No other reason"
"GEN24_1074194","No other reason"
"GEN24_1074198","Other"
"GEN24_1074199","No other reason"
"GEN24_1074202","Holiday / vacation"
"GEN24_1074204","Business"
"GEN24_1074204","VFR"
"GEN24_1074209","No other reason"
"GEN24_1074220","VFR"
"GEN24_1074222","Holiday / vacation"
"GEN24_1074224","No other reason"
"GEN24_1074225","No other reason"
"GEN24_1074230","Holiday / vacation"
"GEN24_1074231","Holiday / vacation"
"GEN24_1074235","Holiday / vacation"
"GEN24_1074236","VFR"
"GEN24_1074237","No other reason"
"GEN24_1074239","No other reason"
"GEN24_1074240","No other reason"
"GEN24_1074241","Other"
"GEN24_1074241","VFR"
"GEN24_1074242","No other reason"
"GEN24_1074243","No other reason"
"GEN24_1074245","No other reason"
"GEN24_1074246","Other"
"GEN24_1074247","No other reason"
"GEN24_1074250","VFR"
"GEN24_1074265","No other reason"
"GEN24_1074268","Holiday / vacation"
"GEN24_1074271","No other reason"
"GEN24_1074275","No other reason"
"GEN24_1074289","Holiday / vacation"
"GEN24_1074296","No other reason"
"GEN24_1074304","No other reason"
"GEN24_1074318","No other reason"
"GEN24_1074321","Holiday / vacation"
"GEN24_1074324","No other reason"
"GEN24_1074333","No other reason"
"GEN24_1074336","Other"
"GEN24_1074337","No other reason"
"GEN24_1074339","Holiday / vacation"
"GEN24_1074350","No other reason"
"GEN24_1074353","No other reason"
"GEN24_1074355","No other reason"
"GEN24_1074366","Holiday / vacation"
"GEN24_1074370","Holiday / vacation"
"GEN24_1074372","Holiday / vacation"
"GEN24_1074373","Holiday / vacation"
"GEN24_1074374","No other reason"
"GEN24_1074388","No other reason"
"GEN24_1074391","No other reason"
"GEN24_1074398","No other reason"
"GEN24_1074401","No other reason"
"GEN24_1074415","VFR"
"GEN24_1074428","No other reason"
"GEN24_1074438","No other reason"
"GEN24_1074448","No other reason"
"GEN24_1074451","VFR"
"GEN24_1074455","VFR"
"GEN24_1074456","No other reason"
"GEN24_1074465","Holiday / vacation"
"GEN24_1074474","No other reason"
"GEN24_1074489","No other reason"
"GEN24_1074493","No other reason"
"GEN24_1074494","VFR"
"GEN24_1074495","No other reason"
"GEN24_1074504","Holiday / vacation"
"GEN24_1074512","Holiday / vacation"
"GEN24_1074514","VFR"
"GEN24_1074525","No other reason"
"GEN24_1074532","No other reason"
"GEN24_1074533","Holiday / vacation"
"GEN24_1074533","VFR"
"GEN24_1074564","No other reason"
"GEN24_1074566","No other reason"
"GEN24_1074569","Holiday / vacation"
"GEN24_1074574","No other reason"
"GEN24_1074577","No other reason"
"GEN24_1074581","Holiday / vacation"
"GEN24_1074587","VFR"
"GEN24_1074589","Holiday / vacation"
"GEN24_1074590","Holiday / vacation"
"GEN24_1074591","VFR"
"GEN24_1074592","No other reason"
"GEN24_1074597","No other reason"
"GEN24_1074598","Other"
"GEN24_1074600","No other reason"
"GEN24_1074602","No other reason"
"GEN24_1074603","Other"
"GEN24_1074606","No other reason"
"GEN24_1074612","VFR"
"GEN24_1074627","Holiday / vacation"
"GEN24_1074629","Holiday / vacation"
"GEN24_1074630","Holiday / vacation"
"GEN24_1074633","Holiday / vacation"
"GEN24_1074639","No other reason"
"GEN24_1074644","No other reason"
"GEN24_1074651","No other reason"
"GEN24_1074653","Holiday / vacation"
"GEN24_1074654","Holiday / vacation"
"GEN24_1074657","Holiday / vacation"
"GEN24_1074663","VFR"
"GEN24_1074668","No other reason"
"GEN24_1074671","No other reason"
"GEN24_1074678","No other reason"
"GEN24_1074681","Business"
"GEN24_1074701","VFR"
"GEN24_1074709","Holiday / vacation"
"GEN24_1074713","No other reason"
"GEN24_1074714","Holiday / vacation"
"GEN24_1074717","VFR"
"GEN24_1074721","No other reason"
"GEN24_1074726","Holiday / vacation"
"GEN24_1074727","Holiday / vacation"
"GEN24_1074736","No other reason"
"GEN24_1074740","No other reason"
"GEN24_1074746","Other"
"GEN24_1074750","No other reason"
"GEN24_1074759","No other reason"
"GEN24_1074761","Holiday / vacation"
"GEN24_1074765","Business"
"GEN24_1074767","No other reason"
"GEN24_1074774","VFR"
"GEN24_1074780","No other reason"
"GEN24_1074805","No other reason"
"GEN24_1074812","No other reason"
"GEN24_1074814","No other reason"
"GEN24_1074816","No other reason"
"GEN24_1074819","No other reason"
"GEN24_1074820","No other reason"
"GEN24_1074821","VFR"
"GEN24_1074856","Holiday / vacation"
"GEN24_1074870","No other reason"
"GEN24_1074886","VFR"
"GEN24_1074891","No other reason"
"GEN24_1074892","Holiday / vacation"
"GEN24_1074893","No other reason"
"GEN24_1074895","Holiday / vacation"
"GEN24_1074903","Business"
"GEN24_1074906","VFR"
"GEN24_1074910","VFR"
"GEN24_1074914","No other reason"
"GEN24_1074917","Holiday / vacation"
"GEN24_1074934","No other reason"
"GEN24_1074939","No other reason"
"GEN24_1074950","No other reason"
"GEN24_1074957","Holiday / vacation"
"GEN24_1074959","Holiday / vacation"
"GEN24_1074966","VFR"
"GEN24_1074972","No other reason"
"GEN24_1074987","No other reason"
"GEN24_1074989","No other reason"
"GEN24_1075002","Holiday / vacation"
"GEN24_1075007","Holiday / vacation"
"GEN24_1075018","VFR"
"GEN24_1075023","Holiday / vacation"
"GEN24_1075024","No other reason"
"GEN24_1075028","Holiday / vacation"
"GEN24_1075030","No other reason"
"GEN24_1075036","No other reason"
"GEN24_1075038","No other reason"
"GEN24_1075040","No other reason"
"GEN24_1075053","Holiday / vacation"
"GEN24_1075058","No other reason"
"GEN24_1075065","No other reason"
"GEN24_1075066","Holiday / vacation"
"GEN24_1075074","Holiday / vacation"
"GEN24_1075080","Other"
"GEN24_1075091","Education"
"GEN24_1075091","Holiday / vacation"
"GEN24_1075091","Other"
"GEN24_1075120","No other reason"
"GEN24_1075128","No other reason"
"GEN24_1075130","No other reason"
"GEN24_1075134","No other reason"
"GEN24_1075135","VFR"
"GEN24_1075141","Conference / convention"
"GEN24_1075145","Other"
"GEN24_1075147","Holiday / vacation"
"GEN24_1075150","No other reason"
"GEN24_1075164","No other reason"
"GEN24_1075201","VFR"
"GEN24_1075211","No other reason"
"GEN24_1075215","No other reason"
"GEN24_1075216","VFR"
"GEN24_1075221","Other"
"GEN24_1075224","Holiday / vacation"
"GEN24_1075228","VFR"
"GEN24_1075236","No other reason"
"GEN24_1075246","Other"
"GEN24_1075250","No other reason"
"GEN24_1075254","No other reason"
"GEN24_1075262","Other"
"GEN24_1075266","Other"
"GEN24_1075267","No other reason"
"GEN24_1075269","No other reason"
"GEN24_1075272","Business"
"GEN24_1075276","No other reason"
"GEN24_1075296","Holiday / vacation"
"GEN24_1075299","No other reason"
"GEN24_1075301","No other reason"
"GEN24_1075303","Holiday / vacation"
"GEN24_1075305","Holiday / vacation"
"GEN24_1075307","Holiday / vacation"
"GEN24_1075316","Holiday / vacation"
"GEN24_1075325","Holiday / vacation"
"GEN24_1075327","No other reason"
"GEN24_1075329","Holiday / vacation"
"GEN24_1075331","No other reason"
"GEN24_1075334","No other reason"
"GEN24_1075335","VFR"
"GEN24_1075339","No other reason"
"GEN24_1075340","Holiday / vacation"
"GEN24_1075343","No other reason"
"GEN24_1075344","No other reason"
"GEN24_1075346","No other reason"
"GEN24_1075348","Holiday / vacation"
"GEN24_1075349","Holiday / vacation"
"GEN24_1075350","No other reason"
"GEN24_1075353","No other reason"
"GEN24_1075360","No other reason"
"GEN24_1075364","No other reason"
"GEN24_1075384","No other reason"
"GEN24_1075390","No other reason"
"GEN24_1075403","No other reason"
"GEN24_1075408","No other reason"
"GEN24_1075425","No other reason"
"GEN24_1075431","No other reason"
"GEN24_1075437","VFR"
"GEN24_1075438","Holiday / vacation"
"GEN24_1075445","No other reason"
"GEN24_1075448","No other reason"
"GEN24_1075451","Holiday / vacation"
"GEN24_1075453","No other reason"
"GEN24_1075460","Holiday / vacation"
"GEN24_1075464","No other reason"
"GEN24_1075474","No other reason"
"GEN24_1075479","Other"
"GEN24_1075506","No other reason"
"GEN24_1075515","No other reason"
"GEN24_1075521","No other reason"
"GEN24_1075532","Business"
"GEN24_1075539","No other reason"
"GEN24_1075553","Holiday / vacation"
"GEN24_1075555","No other reason"
"GEN24_1075564","Holiday / vacation"
"GEN24_1075575","Other"
"GEN24_1075578","No other reason"
"GEN24_1075579","No other reason"
"GEN24_1075591","Holiday / vacation"
"GEN24_1075593","No other reason"
"GEN24_1075594","VFR"
"GEN24_1075600","No other reason"
"GEN24_1075601","No other reason"
"GEN24_1075610","No other reason"
"GEN24_1075618","No other reason"
"GEN24_1075622","Holiday / vacation"
"GEN24_1075623","Holiday / vacation"
"GEN24_1075626","Other"
"GEN24_1075643","No other reason"
"GEN24_1075646","No other reason"
"GEN24_1075647","No other reason"
"GEN24_1075662","Other"
"GEN24_1075663","VFR"
"GEN24_1075689","Holiday / vacation"
"GEN24_1075698","Holiday / vacation"
"GEN24_1075701","Holiday / vacation"
"GEN24_1075706","VFR"
"GEN24_1075720","No other reason"
"GEN24_1075725","Education"
"GEN24_1075734","No other reason"
"GEN24_1075738","No other reason"
"GEN24_1075741","No other reason"
"GEN24_1075751","No other reason"
"GEN24_1075785","VFR"
"GEN24_1075787","VFR"
"GEN24_1075792","VFR"
"GEN24_1075797","No other reason"
"GEN24_1075825","VFR"
"GEN24_1075839","Other"
"GEN24_1075841","VFR"
"GEN24_1075844","Holiday / vacation"
"GEN24_1075844","Other"
"GEN24_1075849","Business"
"GEN24_1075853","No other reason"
"GEN24_1075855","No other reason"
"GEN24_1075861","No other reason"
"GEN24_1075865","No other reason"
"GEN24_1075866","Holiday / vacation"
"GEN24_1075872","No other reason"
"GEN24_1075881","No other reason"
"GEN24_1075882","VFR"
"GEN24_1075888","No other reason"
"GEN24_1075891","No other reason"
"GEN24_1075893","No other reason"
"GEN24_1075901","No other reason"
"GEN24_1075909","No other reason"
"GEN24_1075910","No other reason"
"GEN24_1075914","No other reason"
"GEN24_1075930","Other"
"GEN24_1075933","VFR"
"GEN24_1075936","No other reason"
"GEN24_1075941","Holiday / vacation"
"GEN24_1075951","Holiday / vacation"
"GEN24_1075952","Holiday / vacation"
"GEN24_1075953","Holiday / vacation"
"GEN24_1075955","No other reason"
"GEN24_1075956","No other reason"
"GEN24_1075957","No other reason"
"GEN24_1075965","No other reason"
"GEN24_1075968","Conference / convention"
"GEN24_1075970","No other reason"
"GEN24_1075981","Holiday / vacation"
"GEN24_1075985","Holiday / vacation"
"GEN24_1075986","No other reason"
"GEN24_1075997","No other reason"
"GEN24_1076003","No other reason"
"GEN24_1076008","VFR"
"GEN24_1076013","No other reason"
"GEN24_1076016","No other reason"
"GEN24_1076029","No other reason"
"GEN24_1076044","No other reason"
"GEN24_1076051","Holiday / vacation"
"GEN24_1076058","No other reason"
"GEN24_1076076","No other reason"
"GEN24_1076094","No other reason"
"GEN24_1076115","No other reason"
"GEN24_1076118","Other"
"GEN24_1076125","No other reason"
"GEN24_1076126","Holiday / vacation"
"GEN24_1076139","VFR"
"GEN24_1076144","Holiday / vacation"
"GEN24_1076153","Holiday / vacation"
"GEN24_1076157","No other reason"
"GEN24_1076160","Holiday / vacation"
"GEN24_1076164","Holiday / vacation"
"GEN24_1076174","Holiday / vacation"
"GEN24_1076190","Holiday / vacation"
"GEN24_1076215","No other reason"
"GEN24_1076219","Holiday / vacation"
"GEN24_1076222","No other reason"
"GEN24_1076229","Business"
"GEN24_1076229","Conference / convention"
"GEN24_1076229","Holiday / vacation"
"GEN24_1076231","No other reason"
"GEN24_1076251","No other reason"
"GEN24_1076255","Holiday / vacation"
"GEN24_1076264","No other reason"
"GEN24_1076280","No other reason"
"GEN24_1076282","No other reason"
"GEN24_1076283","No other reason"
"GEN24_1076287","Holiday / vacation"
"GEN24_1076294","Conference / convention"
"GEN24_1076298","No other reason"
"GEN24_1076299","No other reason"
"GEN24_1076300","Holiday / vacation"
"GEN24_1076306","No other reason"
"GEN24_1076308","Holiday / vacation"
"GEN24_1076309","Holiday / vacation"
"GEN24_1076310","No other reason"
"GEN24_1076313","No other reason"
"GEN24_1076321","Holiday / vacation"
"GEN24_1076323","Education"
"GEN24_1076327","Holiday / vacation"
"GEN24_1076339","No other reason"
"GEN24_1076346","No other reason"
"GEN24_1076348","VFR"
"GEN24_1076353","No other reason"
"GEN24_1076356","No other reason"
"GEN24_1076358","Other"
"GEN24_1076361","No other reason"
"GEN24_1076369","Holiday / vacation"
"GEN24_1076373","No other reason"
"GEN24_1076375","No other reason"
"GEN24_1076379","No other reason"
"GEN24_1076384","Conference / convention"
"GEN24_1076392","No other reason"
"GEN24_1076397","No other reason"
"GEN24_1076407","Other"
"GEN24_1076420","No other reason"
"GEN24_1076428","No other reason"
"GEN24_1076430","No other reason"
"GEN24_1076431","No other reason"
"GEN24_1076435","Other"
"GEN24_1076442","VFR"
"GEN24_1076444","Holiday / vacation"
"GEN24_1076445","No other reason"
"GEN24_1076448","No other reason"
"GEN24_1076455","No other reason"
"GEN24_1076462","Education"
"GEN24_1076465","No other reason"
"GEN24_1076467","Holiday / vacation"
"GEN24_1076468","Holiday / vacation"
"GEN24_1076481","No other reason"
"GEN24_1076490","Other"
"GEN24_1076499","Holiday / vacation"
"GEN24_1076501","No other reason"
"GEN24_1076505","No other reason"
"GEN24_1076509","No other reason"
"GEN24_1076514","Holiday / vacation"
"GEN24_1076516","Holiday / vacation"
"GEN24_1076526","No other reason"
"GEN24_1076528","No other reason"
"GEN24_1076538","No other reason"
"GEN24_1076552","No other reason"
"GEN24_1076558","No other reason"
"GEN24_1076566","Holiday / vacation"
"GEN24_1076571","No other reason"
"GEN24_1076572","No other reason"
"GEN24_1076574","No other reason"
"GEN24_1076583","No other reason"
"GEN24_1076601","VFR"
"GEN24_1076606","No other reason"
"GEN24_1076609","Holiday / vacation"
"GEN24_1076613","No other reason"
"GEN24_1076617","VFR"
"GEN24_1076627","No other reason"
"GEN24_1076628","Holiday / vacation"
"GEN24_1076629","No other reason"
"GEN24_1076630","Holiday / vacation"
"GEN24_1076633","Conference / convention"
"GEN24_1076639","No other reason"
"GEN24_1076649","No other reason"
"GEN24_1076665","No other reason"
"GEN24_1076666","VFR"
"GEN24_1076667","Holiday / vacation"
"GEN24_1076673","No other reason"
"GEN24_1076675","Conference / convention"
"GEN24_1076676","No other reason"
"GEN24_1076677","Holiday / vacation"
"GEN24_1076681","VFR"
"GEN24_1076686","No other reason"
"GEN24_1076688","No other reason"
"GEN24_1076690","No other reason"
"GEN24_1076691","VFR"
"GEN24_1076697","Other"
"GEN24_1076698","Holiday / vacation"
"GEN24_1076699","No other reason"
"GEN24_1076701","No other reason"
"GEN24_1076703","No other reason"
"GEN24_1076705","No other reason"
"GEN24_1076706","Other"
"GEN24_1076709","Other"
"GEN24_1076717","No other reason"
"GEN24_1076723","No other reason"
"GEN24_1076726","Other"
"GEN24_1076732","No other reason"
"GEN24_1076736","No other reason"
"GEN24_1076738","No other reason"
"GEN24_1076743","No other reason"
"GEN24_1076744","Holiday / vacation"
"GEN24_1076745","Holiday / vacation"
"GEN24_1076751","No other reason"
"GEN24_1076752","Holiday / vacation"
"GEN24_1076753","No other reason"
"GEN24_1076754","No other reason"
"GEN24_1076756","No other reason"
"GEN24_1076765","No other reason"
"GEN24_1076767","No other reason"
"GEN24_1076771","Holiday / vacation"
"GEN24_1076773","No other reason"
"GEN24_1076776","No other reason"
"GEN24_1076779","No other reason"
"GEN24_1076786","Holiday / vacation"
"GEN24_1076787","Holiday / vacation"
"GEN24_1076793","VFR"
"GEN24_1076799","Holiday / vacation"
"GEN24_1076802","Holiday / vacation"
"GEN24_1076803","Holiday / vacation"
"GEN24_1076823","No other reason"
"GEN24_1076824","No other reason"
"GEN24_1076827","No other reason"
"GEN24_1076831","No other reason"
"GEN24_1076837","No other reason"
"GEN24_1076843","No other reason"
"GEN24_1076853","Holiday / vacation"
"GEN24_1076859","Other"
"GEN24_1076863","VFR"
"GEN24_1076873","No other reason"
"GEN24_1076899","Other"
"GEN24_1076900","Holiday / vacation"
"GEN24_1076902","No other reason"
"GEN24_1076913","Holiday / vacation"
"GEN24_1076917","No other reason"
"GEN24_1076945","VFR"
"GEN24_1076946","Other"
"GEN24_1076956","No other reason"
"GEN24_1076957","Holiday / vacation"
"GEN24_1076958","No other reason"
"GEN24_1076964","No other reason"
"GEN24_1076965","VFR"
"GEN24_1076968","No other reason"
"GEN24_1076969","No other reason"
"GEN24_1076970","No other reason"
"GEN24_1076973","No other reason"
"GEN24_1076981","No other reason"
"GEN24_1076986","No other reason"
"GEN24_1076988","Holiday / vacation"
"GEN24_1076997","VFR"
"GEN24_1077000","Holiday / vacation"
"GEN24_1077001","VFR"
"GEN24_1077008","Other"
"GEN24_1077012","Other"
"GEN24_1077025","No other reason"
"GEN24_1077032","VFR"
"GEN24_1077040","No other reason"
"GEN24_1077042","VFR"
"GEN24_1077047","No other reason"
"GEN24_1077062","No other reason"
"GEN24_1077065","No other reason"
"GEN24_1077068","Holiday / vacation"
"GEN24_1077076","No other reason"
"GEN24_1077086","No other reason"
"GEN24_1077091","No other reason"
"GEN24_1077097","Holiday / vacation"
"GEN24_1077099","No other reason"
"GEN24_1077105","Business"
"GEN24_1077112","No other reason"
"GEN24_1077117","VFR"
"GEN24_1077123","Holiday / vacation"
"GEN24_1077129","Other"
"GEN24_1077134","Other"
"GEN24_1077134","VFR"
"GEN24_1077139","Holiday / vacation"
"GEN24_1077153","No other reason"
"GEN24_1077157","No other reason"
"GEN24_1077158","No other reason"
"GEN24_1077162","Holiday / vacation"
"GEN24_1077169","Business"
"GEN24_1077172","No other reason"
"GEN24_1077173","No other reason"
"GEN24_1077180","Holiday / vacation"
"GEN24_1077181","VFR"
"GEN24_1077183","Holiday / vacation"
"GEN24_1077185","Conference / convention"
"GEN24_1077187","No other reason"
"GEN24_1077188","No other reason"
"GEN24_1077189","No other reason"
"GEN24_1077190","No other reason"
"GEN24_1077193","No other reason"
"GEN24_1077194","No other reason"
"GEN24_1077197","No other reason"
"GEN24_1077199","No other reason"
"GEN24_1077202","No other reason"
"GEN24_1077204","Holiday / vacation"
"GEN24_1077205","No other reason"
"GEN24_1077207","No other reason"
"GEN24_1077208","Other"
"GEN24_1077209","No other reason"
"GEN24_1077210","Holiday / vacation"
"GEN24_1077213","No other reason"
"GEN24_1077214","VFR"
"GEN24_1077217","VFR"
"GEN24_1077218","No other reason"
"GEN24_1077222","Holiday / vacation"
"GEN24_1077243","VFR"
"GEN24_1077246","No other reason"
"GEN24_1077248","No other reason"
"GEN24_1077249","No other reason"
"GEN24_1077251","No other reason"
"GEN24_1077258","VFR"
"GEN24_1077264","No other reason"
"GEN24_1077292","No other reason"
"GEN24_1077295","No other reason"
"GEN24_1077305","VFR"
"GEN24_1077316","No other reason"
"GEN24_1077319","No other reason"
"GEN24_1077329","No other reason"
"GEN24_1077333","Other"
"GEN24_1077341","Holiday / vacation"
"GEN24_1077344","No other reason"
"GEN24_1077350","Holiday / vacation"
"GEN24_1077351","No other reason"
"GEN24_1077354","Holiday / vacation"
"GEN24_1077358","Holiday / vacation"
"GEN24_1077369","No other reason"
"GEN24_1077374","No other reason"
"GEN24_1077380","Holiday / vacation"
"GEN24_1077393","No other reason"
"GEN24_1077397","No other reason"
"GEN24_1077399","Other"
"GEN24_1077400","VFR"
"GEN24_1077417","No other reason"
"GEN24_1077422","VFR"
"GEN24_1077425","No other reason"
"GEN24_1077429","No other reason"
"GEN24_1077432","No other reason"
"GEN24_1077444","Holiday / vacation"
"GEN24_1077446","No other reason"
"GEN24_1077447","Holiday / vacation"
"GEN24_1077453","VFR"
"GEN24_1077456","No other reason"
"GEN24_1077462","No other reason"
"GEN24_1077467","Holiday / vacation"
"GEN24_1077479","No other reason"
"GEN24_1077481","VFR"
"GEN24_1077485","No other reason"
"GEN24_1077515","Holiday / vacation"
"GEN24_1077530","Holiday / vacation"
"GEN24_1077540","Holiday / vacation"
"GEN24_1077542","VFR"
"GEN24_1077544","VFR"
"GEN24_1077552","No other reason"
"GEN24_1077560","Other"
"GEN24_1077564","Other"
"GEN24_1077568","No other reason"
"GEN24_1077569","No other reason"
"GEN24_1077595","No other reason"
"GEN24_1077600","No other reason"
"GEN24_1077601","Other"
"GEN24_1077609","No other reason"
"GEN24_1077613","Holiday / vacation"
"GEN24_1077614","No other reason"
"GEN24_1077615","No other reason"
"GEN24_1077627","No other reason"
"GEN24_1077630","No other reason"
"GEN24_1077632","VFR"
"GEN24_1077636","Holiday / vacation"
"GEN24_1077639","No other reason"
"GEN24_1077645","No other reason"
"GEN24_1077648","No other reason"
"GEN24_1077649","Holiday / vacation"
"GEN24_1077650","No other reason"
"GEN24_1077652","No other reason"
"GEN24_1077656","No other reason"
"GEN24_1077671","Holiday / vacation"
"GEN24_1077683","Holiday / vacation"
"GEN24_1077691","No other reason"
"GEN24_1077726","No other reason"
"GEN24_1077743","No other reason"
"GEN24_1077747","No other reason"
"GEN24_1077749","No other reason"
"GEN24_1077760","No other reason"
"GEN24_1077766","VFR"
"GEN24_1077768","No other reason"
"GEN24_1077771","Holiday / vacation"
"GEN24_1077778","Holiday / vacation"
"GEN24_1077781","Other"
"GEN24_1077783","No other reason"
"GEN24_1077805","Holiday / vacation"
"GEN24_1077810","VFR"
"GEN24_1077818","Other"
"GEN24_1077822","No other reason"
"GEN24_1077827","VFR"
"GEN24_1077838","VFR"
"GEN24_1077839","Holiday / vacation"
"GEN24_1077840","No other reason"
"GEN24_1077843","VFR"
"GEN24_1077851","Business"
"GEN24_1077853","Holiday / vacation"
"GEN24_1077857","Holiday / vacation"
"GEN24_1077858","No other reason"
"GEN24_1077864","VFR"
"GEN24_1077865","Conference / convention"
"GEN24_1077865","Holiday / vacation"
"GEN24_1077866","No other reason"
"GEN24_1077867","Conference / convention"
"GEN24_1077870","No other reason"
"GEN24_1077876","No other reason"
"GEN24_1077880","No other reason"
"GEN24_1077884","No other reason"
"GEN24_1077889","Holiday / vacation"
"GEN24_1077890","Holiday / vacation"
"GEN24_1077896","No other reason"
"GEN24_1077897","No other reason"
"GEN24_1077900","Holiday / vacation"
"GEN24_1077935","No other reason"
"GEN24_1077936","No other reason"
"GEN24_1077937","No other reason"
"GEN24_1077941","No other reason"
"GEN24_1077943","No other reason"
"GEN24_1077961","Holiday / vacation"
"GEN24_1077969","VFR"
"GEN24_1077972","Holiday / vacation"
"GEN24_1077996","No other reason"
"GEN24_1078000","No other reason"
"GEN24_1078002","No other reason"
"GEN24_1078006","Holiday / vacation"
"GEN24_1078007","No other reason"
"GEN24_1078020","Holiday / vacation"
"GEN24_1078021","Other"
"GEN24_1078024","Other"
"GEN24_1078030","VFR"
"GEN24_1078033","No other reason"
"GEN24_1078034","VFR"
"GEN24_1078044","Holiday / vacation"
"GEN24_1078048","No other reason"
"GEN24_1078059","No other reason"
"GEN24_1078060","No other reason"
"GEN24_1078063","No other reason"
"GEN24_1078065","VFR"
"GEN24_1078070","Holiday / vacation"
"GEN24_1078087","No other reason"
"GEN24_1078098","No other reason"
"GEN24_1078101","No other reason"
"GEN24_1078110","No other reason"
"GEN24_1078119","Other"
"GEN24_1078124","No other reason"
"GEN24_1078125","VFR"
"GEN24_1078135","No other reason"
"GEN24_1078136","No other reason"
"GEN24_1078137","No other reason"
"GEN24_1078139","No other reason"
"GEN24_1078145","No other reason"
"GEN24_1078157","No other reason"
"GEN24_1078162","No other reason"
"GEN24_1078165","Holiday / vacation"
"GEN24_1078168","Holiday / vacation"
"GEN24_1078169","No other reason"
"GEN24_1078176","No other reason"
"GEN24_1078179","No other reason"
"GEN24_1078182","No other reason"
"GEN24_1078185","No other reason"
"GEN24_1078187","Holiday / vacation"
"GEN24_1078192","No other reason"
"GEN24_1078194","Conference / convention"
"GEN24_1078196","No other reason"
"GEN24_1078204","No other reason"
"GEN24_1078214","VFR"
"GEN24_1078219","Holiday / vacation"
"GEN24_1078220","No other reason"
"GEN24_1078222","No other reason"
"GEN24_1078223","No other reason"
"GEN24_1078225","No other reason"
"GEN24_1078231","VFR"
"GEN24_1078259","No other reason"
"GEN24_1078264","No other reason"
"GEN24_1078267","Holiday / vacation"
"GEN24_1078271","Conference / convention"
"GEN24_1078277","No other reason"
"GEN24_1078281","No other reason"
"GEN24_1078284","Conference / convention"
"GEN24_1078286","No other reason"
"GEN24_1078289","Holiday / vacation"
"GEN24_1078296","No other reason"
"GEN24_1078307","No other reason"
"GEN24_1078316","Other"
"GEN24_1078316","VFR"
"GEN24_1078318","Holiday / vacation"
"GEN24_1078322","No other reason"
"GEN24_1078323","No other reason"
"GEN24_1078324","No other reason"
"GEN24_1078327","No other reason"
"GEN24_1078330","No other reason"
"GEN24_1078336","Other"
"GEN24_1078353","Education"
"GEN24_1078367","VFR"
"GEN24_1078368","No other reason"
"GEN24_1078370","No other reason"
"GEN24_1078374","No other reason"
"GEN24_1078375","No other reason"
"GEN24_1078387","No other reason"
"GEN24_1078390","VFR"
"GEN24_1078395","No other reason"
"GEN24_1078396","No other reason"
"GEN24_1078408","No other reason"
"GEN24_1078411","No other reason"
"GEN24_1078423","No other reason"
"GEN24_1078424","Business"
"GEN24_1078428","No other reason"
"GEN24_1078431","No other reason"
"GEN24_1078432","No other reason"
"GEN24_1078445","No other reason"
"GEN24_1078448","Holiday / vacation"
"GEN24_1078475","No other reason"
"GEN24_1078481","No other reason"
"GEN24_1078485","Holiday / vacation"
"GEN24_1078487","VFR"
"GEN24_1078490","No other reason"
"GEN24_1078491","No other reason"
"GEN24_1078498","No other reason"
"GEN24_1078501","Holiday / vacation"
"GEN24_1078509","No other reason"
"GEN24_1078510","Holiday / vacation"
"GEN24_1078511","Holiday / vacation"
"GEN24_1078519","No other reason"
"GEN24_1078520","No other reason"
"GEN24_1078522","No other reason"
"GEN24_1078525","No other reason"
"GEN24_1078544","Holiday / vacation"
"GEN24_1078545","Other"
"GEN24_1078546","Holiday / vacation"
"GEN24_1078557","No other reason"
"GEN24_1078561","No other reason"
"GEN24_1078582","No other reason"
"GEN24_1078583","No other reason"
"GEN24_1078594","No other reason"
"GEN24_1078604","No other reason"
"GEN24_1078612","Holiday / vacation"
"GEN24_1078619","Holiday / vacation"
"GEN24_1078620","Holiday / vacation"
"GEN24_1078633","No other reason"
"GEN24_1078648","VFR"
"GEN24_1078651","VFR"
"GEN24_1078652","No other reason"
"GEN24_1078660","No other reason"
"GEN24_1078663","No other reason"
"GEN24_1078665","Other"
"GEN24_1078665","VFR"
"GEN24_1078668","Holiday / vacation"
"GEN24_1078669","Other"
"GEN24_1078675","Other"
"GEN24_1078682","Holiday / vacation"
"GEN24_1078683","Holiday / vacation"
"GEN24_1078684","No other reason"
"GEN24_1078686","Holiday / vacation"
"GEN24_1078691","No other reason"
"GEN24_1078698","No other reason"
"GEN24_1078706","Other"
"GEN24_1078711","VFR"
"GEN24_1078715","No other reason"
"GEN24_1078716","VFR"
"GEN24_1078719","No other reason"
"GEN24_1078720","No other reason"
"GEN24_1078722","Holiday / vacation"
"GEN24_1078723","Holiday / vacation"
"GEN24_1078743","VFR"
"GEN24_1078744","No other reason"
"GEN24_1078747","No other reason"
"GEN24_1078768","VFR"
"GEN24_1078769","No other reason"
"GEN24_1078771","Holiday / vacation"
"GEN24_1078775","VFR"
"GEN24_1078777","No other reason"
"GEN24_1078779","No other reason"
"GEN24_1078788","Holiday / vacation"
"GEN24_1078794","No other reason"
"GEN24_1078799","No other reason"
"GEN24_1078802","No other reason"
"GEN24_1078803","No other reason"
"GEN24_1078804","No other reason"
"GEN24_1078805","Holiday / vacation"
"GEN24_1078813","No other reason"
"GEN24_1078816","No other reason"
"GEN24_1078822","Holiday / vacation"
"GEN24_1078823","No other reason"
"GEN24_1078824","No other reason"
"GEN24_1078829","No other reason"
"GEN24_1078835","No other reason"
"GEN24_1078842","No other reason"
"GEN24_1078845","No other reason"
"GEN24_1078854","Holiday / vacation"
"GEN24_1078861","Holiday / vacation"
"GEN24_1078864","Holiday / vacation"
"GEN24_1078881","No other reason"
"GEN24_1078884","No other reason"
"GEN24_1078890","No other reason"
"GEN24_1078895","No other reason"
"GEN24_1078898","No other reason"
"GEN24_1078923","VFR"
"GEN24_1078936","Business"
"GEN24_1078936","VFR"
"GEN24_1078939","VFR"
"GEN24_1078940","No other reason"
"GEN24_1078954","No other reason"
"GEN24_1078956","Other"
"GEN24_1078962","Holiday / vacation"
"GEN24_1078981","No other reason"
"GEN24_1079007","Business"
"GEN24_1079007","Education"
"GEN24_1079012","No other reason"
"GEN24_1079020","No other reason"
"GEN24_1079022","No other reason"
"GEN24_1079023","No other reason"
"GEN24_1079029","No other reason"
"GEN24_1079031","No other reason"
"GEN24_1079034","No other reason"
"GEN24_1079037","No other reason"
"GEN24_1079043","No other reason"
"GEN24_1079045","No other reason"
"GEN24_1079046","No other reason"
"GEN24_1079050","No other reason"
"GEN24_1079052","VFR"
"GEN24_1079053","No other reason"
"GEN24_1079057","Other"
"GEN24_1079058","Holiday / vacation"
"GEN24_1079060","Business"
"GEN24_1079069","No other reason"
"GEN24_1079070","No other reason"
"GEN24_1079072","No other reason"
"GEN24_1079080","VFR"
"GEN24_1079081","No other reason"
"GEN24_1079087","Other"
"GEN24_1079088","No other reason"
"GEN24_1079090","Holiday / vacation"
"GEN24_1079091","No other reason"
"GEN24_1079094","Education"
"GEN24_1079095","No other reason"
"GEN24_1079099","No other reason"
"GEN24_1079101","No other reason"
"GEN24_1079107","No other reason"
"GEN24_1079115","Holiday / vacation"
"GEN24_1079115","Other"
"GEN24_1079118","No other reason"
"GEN24_1079119","No other reason"
"GEN24_1079120","No other reason"
"GEN24_1079132","No other reason"
"GEN24_1079147","Other"
"GEN24_1079157","No other reason"
"GEN24_1079164","Holiday / vacation"
"GEN24_1079172","No other reason"
"GEN24_1079181","VFR"
"GEN24_1079190","No other reason"
"GEN24_1079200","Other"
"GEN24_1079204","No other reason"
"GEN24_1079207","VFR"
"GEN24_1079209","No other reason"
"GEN24_1079219","No other reason"
"GEN24_1079222","Holiday / vacation"
"GEN24_1079229","Holiday / vacation"
"GEN24_1079233","Other"
"GEN24_1079243","No other reason"
"GEN24_1079245","Other"
"GEN24_1079249","No other reason"
"GEN24_1079251","No other reason"
"GEN24_1079254","No other reason"
"GEN24_1079266","Education"
"GEN24_1079269","Holiday / vacation"
"GEN24_1079276","No other reason"
"GEN24_1079283","No other reason"
"GEN24_1079299","No other reason"
"GEN24_1079317","No other reason"
"GEN24_1079328","No other reason"
"GEN24_1079343","Other"
"GEN24_1079344","Holiday / vacation"
"GEN24_1079346","Other"
"GEN24_1079348","Holiday / vacation"
"GEN24_1079354","No other reason"
"GEN24_1079355","No other reason"
"GEN24_1079357","Holiday / vacation"
"GEN24_1079359","No other reason"
"GEN24_1079360","Holiday / vacation"
"GEN24_1079362","No other reason"
"GEN24_1079366","Holiday / vacation"
"GEN24_1079381","Holiday / vacation"
"GEN24_1079382","No other reason"
"GEN24_1079383","No other reason"
"GEN24_1079389","No other reason"
"GEN24_1079394","Holiday / vacation"
"GEN24_1079398","No other reason"
"GEN24_1079399","VFR"
"GEN24_1079410","No other reason"
"GEN24_1079411","VFR"
"GEN24_1079421","No other reason"
"GEN24_1079426","Conference / convention"
"GEN24_1079427","Conference / convention"
"GEN24_1079434","No other reason"
"GEN24_1079435","No other reason"
"GEN24_1079437","VFR"
"GEN24_1079443","Other"
"GEN24_1079444","Other"
"GEN24_1079445","VFR"
"GEN24_1079453","VFR"
"GEN24_1079468","No other reason"
"GEN24_1079469","Holiday / vacation"
"GEN24_1079470","No other reason"
"GEN24_1079471","Other"
"GEN24_1079473","Other"
"GEN24_1079482","Holiday / vacation"
"GEN24_1079484","Holiday / vacation"
"GEN24_1079485","No other reason"
"GEN24_1079488","No other reason"
"GEN24_1079489","No other reason"
"GEN24_1079494","No other reason"
"GEN24_1079497","No other reason"
"GEN24_1079520","No other reason"
"GEN24_1079523","Holiday / vacation"
"GEN24_1079525","Holiday / vacation"
"GEN24_1079527","Holiday / vacation"
"GEN24_1079529","Other"
"GEN24_1079534","No other reason"
"GEN24_1079536","No other reason"
"GEN24_1079537","Holiday / vacation"
"GEN24_1079540","VFR"
"GEN24_1079549","No other reason"
"GEN24_1079554","Holiday / vacation"
"GEN24_1079563","Conference / convention"
"GEN24_1079564","Holiday / vacation"
"GEN24_1079565","No other reason"
"GEN24_1079570","No other reason"
"GEN24_1079577","Other"
"GEN24_1079578","VFR"
"GEN24_1079581","No other reason"
"GEN24_1079585","No other reason"
"GEN24_1079593","No other reason"
"GEN24_1079597","Other"
"GEN24_1079599","Other"
"GEN24_1079600","No other reason"
"GEN24_1079609","VFR"
"GEN24_1079633","No other reason"
"GEN24_1079637","No other reason"
"GEN24_1079639","VFR"
"GEN24_1079642","VFR"
"GEN24_1079650","No other reason"
"GEN24_1079652","No other reason"
"GEN24_1079653","VFR"
"GEN24_1079661","Holiday / vacation"
"GEN24_1079663","No other reason"
"GEN24_1079664","Holiday / vacation"
"GEN24_1079665","No other reason"
"GEN24_1079674","No other reason"
"GEN24_1079681","No other reason"
"GEN24_1079706","No other reason"
"GEN24_1079727","No other reason"
"GEN24_1079742","Other"
"GEN24_1079745","Holiday / vacation"
"GEN24_1079746","Other"
"GEN24_1079748","No other reason"
"GEN24_1079754","Other"
"GEN24_1079755","No other reason"
"GEN24_1079756","No other reason"
"GEN24_1079773","VFR"
"GEN24_1079779","No other reason"
"GEN24_1079781","No other reason"
"GEN24_1079782","No other reason"
"GEN24_1079783","Holiday / vacation"
"GEN24_1079786","No other reason"
"GEN24_1079787","Other"
"GEN24_1079789","No other reason"
"GEN24_1079790","Conference / convention"
"GEN24_1079793","VFR"
"GEN24_1079794","No other reason"
"GEN24_1079795","No other reason"
"GEN24_1079803","No other reason"
"GEN24_1079809","VFR"
"GEN24_1079812","No other reason"
"GEN24_1079820","Holiday / vacation"
"GEN24_1079822","Other"
"GEN24_1079827","No other reason"
"GEN24_1079830","No other reason"
"GEN24_1079831","No other reason"
"GEN24_1079835","No other reason"
"GEN24_1079837","No other reason"
"GEN24_1079841","Holiday / vacation"
"GEN24_1079843","Education"
"GEN24_1079844","Holiday / vacation"
"GEN24_1079845","No other reason"
"GEN24_1079847","No other reason"
"GEN24_1079855","Holiday / vacation"
"GEN24_1079855","VFR"
"GEN24_1079865","Other"
"GEN24_1079866","No other reason"
"GEN24_1079869","Holiday / vacation"
"GEN24_1079873","No other reason"
"GEN24_1079874","No other reason"
"GEN24_1079877","No other reason"
"GEN24_1079881","No other reason"
"GEN24_1079882","Holiday / vacation"
"GEN24_1079914","No other reason"
"GEN24_1079921","Holiday / vacation"
"GEN24_1079924","Business"
"GEN24_1079934","No other reason"
"GEN24_1079951","Holiday / vacation"
"GEN24_1079954","No other reason"
"GEN24_1079959","VFR"
"GEN24_1079964","VFR"
"GEN24_1079966","No other reason"
"GEN24_1079967","No other reason"
"GEN24_1079969","VFR"
"GEN24_1079971","No other reason"
"GEN24_1079972","Holiday / vacation"
"GEN24_1079973","VFR"
"GEN24_1079989","No other reason"
"GEN24_1080011","No other reason"
"GEN24_1080012","VFR"
"GEN24_1080021","Holiday / vacation"
"GEN24_1080024","No other reason"
"GEN24_1080036","No other reason"
"GEN24_1080039","Other"
"GEN24_1080041","VFR"
"GEN24_1080045","Other"
"GEN24_1080048","No other reason"
"GEN24_1080051","No other reason"
"GEN24_1080057","Holiday / vacation"
"GEN24_1080068","No other reason"
"GEN24_1080071","No other reason"
"GEN24_1080072","No other reason"
"GEN24_1080074","No other reason"
"GEN24_1080076","No other reason"
"GEN24_1080080","Holiday / vacation"
"GEN24_1080083","No other reason"
"GEN24_1080084","No other reason"
"GEN24_1080088","Other"
"GEN24_1080089","Holiday / vacation"
"GEN24_1080116","No other reason"
"GEN24_1080118","Holiday / vacation"
"GEN24_1080118","Other"
"GEN24_1080128","No other reason"
"GEN24_1080143","No other reason"
"GEN24_1080166","VFR"
"GEN24_1080173","No other reason"
"GEN24_1080183","No other reason"
"GEN24_1080184","No other reason"
"GEN24_1080186","No other reason"
"GEN24_1080187","No other reason"
"GEN24_1080188","Holiday / vacation"
"GEN24_1080190","Holiday / vacation"
"GEN24_1080191","Business"
"GEN24_1080197","Holiday / vacation"
"GEN24_1080202","Holiday / vacation"
"GEN24_1080209","No other reason"
"GEN24_1080217","VFR"
"GEN24_1080222","Holiday / vacation"
"GEN24_1080229","Holiday / vacation"
"GEN24_1080232","Holiday / vacation"
"GEN24_1080233","Holiday / vacation"
"GEN24_1080234","No other reason"
"GEN24_1080237","No other reason"
"GEN24_1080239","No other reason"
"GEN24_1080245","No other reason"
"GEN24_1080257","No other reason"
"GEN24_1080264","No other reason"
"GEN24_1080279","VFR"
"GEN24_1080284","No other reason"
"GEN24_1080285","No other reason"
"GEN24_1080288","Holiday / vacation"
"GEN24_1080289","Holiday / vacation"
"GEN24_1080292","No other reason"
"GEN24_1080298","No other reason"
"GEN24_1080308","No other reason"
"GEN24_1080314","No other reason"
"GEN24_1080315","No other reason"
"GEN24_1080320","Business"
"GEN24_1080320","VFR"
"GEN24_1080322","No other reason"
"GEN24_1080323","No other reason"
"GEN24_1080331","Holiday / vacation"
"GEN24_1080332","Holiday / vacation"
"GEN24_1080346","VFR"
"GEN24_1080348","No other reason"
"GEN24_1080358","VFR"
"GEN24_1080364","No other reason"
"GEN24_1080366","No other reason"
"GEN24_1080368","No other reason"
"GEN24_1080371","No other reason"
"GEN24_1080375","No other reason"
"GEN24_1080377","Holiday / vacation"
"GEN24_1080378","Holiday / vacation"
"GEN24_1080379","No other reason"
"GEN24_1080381","Holiday / vacation"
"GEN24_1080389","Other"
"GEN24_1080396","No other reason"
"GEN24_1080408","No other reason"
"GEN24_1080410","No other reason"
"GEN24_1080422","Holiday / vacation"
"GEN24_1080439","No other reason"
"GEN24_1080443","Other"
"GEN24_1080447","Holiday / vacation"
"GEN24_1080449","No other reason"
"GEN24_1080458","Holiday / vacation"
"GEN24_1080466","Holiday / vacation"
"GEN24_1080475","No other reason"
"GEN24_1080478","No other reason"
"GEN24_1080482","Holiday / vacation"
"GEN24_1080484","No other reason"
"GEN24_1080496","Holiday / vacation"
"GEN24_1080498","Education"
"GEN24_1080500","VFR"
"GEN24_1080501","Holiday / vacation"
"GEN24_1080502","No other reason"
"GEN24_1080505","Holiday / vacation"
"GEN24_1080508","Holiday / vacation"
"GEN24_1080510","No other reason"
"GEN24_1080514","No other reason"
"GEN24_1080523","No other reason"
"GEN24_1080537","No other reason"
"GEN24_1080541","No other reason"
"GEN24_1080543","No other reason"
"GEN24_1080544","No other reason"
"GEN24_1080551","VFR"
"GEN24_1080555","No other reason"
"GEN24_1080557","No other reason"
"GEN24_1080570","Holiday / vacation"
"GEN24_1080571","VFR"
"GEN24_1080575","Holiday / vacation"
"GEN24_1080579","No other reason"
"GEN24_1080583","No other reason"
"GEN24_1080587","No other reason"
"GEN24_1080607","No other reason"
"GEN24_1080609","No other reason"
"GEN24_1080610","No other reason"
"GEN24_1080612","No other reason"
"GEN24_1080616","No other reason"
"GEN24_1080623","Holiday / vacation"
"GEN24_1080627","Holiday / vacation"
"GEN24_1080628","No other reason"
"GEN24_1080629","VFR"
"GEN24_1080630","No other reason"
"GEN24_1080633","No other reason"
"GEN24_1080635","No other reason"
"GEN24_1080640","No other reason"
"GEN24_1080657","No other reason"
"GEN24_1080658","Holiday / vacation"
"GEN24_1080664","Holiday / vacation"
"GEN24_1080666","No other reason"
"GEN24_1080677","No other reason"
"GEN24_1080678","No other reason"
"GEN24_1080680","No other reason"
"GEN24_1080685","No other reason"
"GEN24_1080687","VFR"
"GEN24_1080690","Other"
"GEN24_1080692","No other reason"
"GEN24_1080693","No other reason"
"GEN24_1080694","Holiday / vacation"
"GEN24_1080695","No other reason"
"GEN24_1080700","No other reason"
"GEN24_1080708","No other reason"
"GEN24_1080733","No other reason"
"GEN24_1080736","VFR"
"GEN24_1080742","No other reason"
"GEN24_1080746","No other reason"
"GEN24_1080750","Other"
"GEN24_1080766","No other reason"
"GEN24_1080769","VFR"
"GEN24_1080774","Holiday / vacation"
"GEN24_1080781","No other reason"
"GEN24_1080782","Holiday / vacation"
"GEN24_1080783","No other reason"
"GEN24_1080788","No other reason"
"GEN24_1080790","No other reason"
"GEN24_1080793","Holiday / vacation"
"GEN24_1080797","Other"
"GEN24_1080817","No other reason"
"GEN24_1080822","No other reason"
"GEN24_1080825","No other reason"
"GEN24_1080828","Other"
"GEN24_1080829","No other reason"
"GEN24_1080830","No other reason"
"GEN24_1080833","No other reason"
"GEN24_1080842","No other reason"
"GEN24_1080848","No other reason"
"GEN24_1080849","VFR"
"GEN24_1080861","Other"
"GEN24_1080863","Other"
"GEN24_1080871","Other"
"GEN24_1080872","No other reason"
"GEN24_1080877","No other reason"
"GEN24_1080880","No other reason"
"GEN24_1080882","No other reason"
"GEN24_1080884","No other reason"
"GEN24_1080909","No other reason"
"GEN24_1080915","Holiday / vacation"
"GEN24_1080916","No other reason"
"GEN24_1080917","Business"
"GEN24_1080919","No other reason"
"GEN24_1080922","No other reason"
"GEN24_1080932","No other reason"
"GEN24_1080936","No other reason"
"GEN24_1080939","No other reason"
"GEN24_1080943","No other reason"
"GEN24_1080952","Holiday / vacation"
"GEN24_1080954","No other reason"
"GEN24_1080957","No other reason"
"GEN24_1080963","Other"
"GEN24_1080970","VFR"
"GEN24_1080973","No other reason"
"GEN24_1080977","Holiday / vacation"
"GEN24_1080981","VFR"
"GEN24_1080986","VFR"
"GEN24_1080996","No other reason"
"GEN24_1081000","No other reason"
"GEN24_1081003","No other reason"
"GEN24_1081004","Holiday / vacation"
"GEN24_1081006","Holiday / vacation"
"GEN24_1081009","No other reason"
"GEN24_1081014","No other reason"
"GEN24_1081028","No other reason"
"GEN24_1081038","Other"
"GEN24_1081045","No other reason"
"GEN24_1081049","No other reason"
"GEN24_1081052","No other reason"
"GEN24_1081053","No other reason"
"GEN24_1081054","Holiday / vacation"
"GEN24_1081056","Other"
"GEN24_1081057","Holiday / vacation"
"GEN24_1081057","VFR"
"GEN24_1081060","No other reason"
"GEN24_1081065","No other reason"
"GEN24_1081073","No other reason"
"GEN24_1081074","No other reason"
"GEN24_1081075","Education"
"GEN24_1081075","Holiday / vacation"
"GEN24_1081075","Other"
"GEN24_1081081","No other reason"
"GEN24_1081096","No other reason"
"GEN24_1081098","VFR"
"GEN24_1081099","No other reason"
"GEN24_1081110","No other reason"
"GEN24_1081133","Holiday / vacation"
"GEN24_1081134","No other reason"
"GEN24_1081135","No other reason"
"GEN24_1081137","No other reason"
"GEN24_1081139","No other reason"
"GEN24_1081140","No other reason"
"GEN24_1081143","No other reason"
"GEN24_1081144","No other reason"
"GEN24_1081146","No other reason"
"GEN24_1081147","Other"
"GEN24_1081156","VFR"
"GEN24_1081158","Holiday / vacation"
"GEN24_1081167","Holiday / vacation"
"GEN24_1081170","Holiday / vacation"
"GEN24_1081174","VFR"
"GEN24_1081179","No other reason"
"GEN24_1081180","No other reason"
"GEN24_1081183","Holiday / vacation"
"GEN24_1081184","No other reason"
"GEN24_1081187","No other reason"
"GEN24_1081188","Other"
"GEN24_1081190","Conference / convention"
"GEN24_1081192","No other reason"
"GEN24_1081193","Holiday / vacation"
"GEN24_1081197","VFR"
"GEN24_1081199","No other reason"
"GEN24_1081203","No other reason"
"GEN24_1081219","No other reason"
"GEN24_1081231","No other reason"
"GEN24_1081236","Holiday / vacation"
"GEN24_1081238","No other reason"
"GEN24_1081240","No other reason"
"GEN24_1081241","Holiday / vacation"
"GEN24_1081243","VFR"
"GEN24_1081252","Education"
"GEN24_1081253","No other reason"
"GEN24_1081262","No other reason"
"GEN24_1081278","Holiday / vacation"
"GEN24_1081286","VFR"
"GEN24_1081302","Holiday / vacation"
"GEN24_1081303","No other reason"
"GEN24_1081315","VFR"
"GEN24_1081317","No other reason"
"GEN24_1081323","No other reason"
"GEN24_1081325","Holiday / vacation"
"GEN24_1081342","No other reason"
"GEN24_1081351","VFR"
"GEN24_1081353","No other reason"
"GEN24_1081357","VFR"
"GEN24_1081362","No other reason"
"GEN24_1081364","Other"
"GEN24_1081365","VFR"
"GEN24_1081369","No other reason"
"GEN24_1081376","VFR"
"GEN24_1081377","No other reason"
"GEN24_1081379","VFR"
"GEN24_1081387","No other reason"
"GEN24_1081395","No other reason"
"GEN24_1081398","No other reason"
"GEN24_1081401","VFR"
"GEN24_1081403","No other reason"
"GEN24_1081406","No other reason"
"GEN24_1081410","No other reason"
"GEN24_1081422","No other reason"
"GEN24_1081435","No other reason"
"GEN24_1081437","No other reason"
"GEN24_1081440","No other reason"
"GEN24_1081442","No other reason"
"GEN24_1081443","Other"
"GEN24_1081445","Holiday / vacation"
"GEN24_1081454","VFR"
"GEN24_1081456","No other reason"
"GEN24_1081458","No other reason"
"GEN24_1081459","No other reason"
"GEN24_1081461","No other reason"
"GEN24_1081463","No other reason"
"GEN24_1081476","No other reason"
"GEN24_1081486","Holiday / vacation"
"GEN24_1081491","No other reason"
"GEN24_1081502","No other reason"
"GEN24_1081510","No other reason"
"GEN24_1081516","No other reason"
"GEN24_1081519","No other reason"
"GEN24_1081521","No other reason"
"GEN24_1081525","No other reason"
"GEN24_1081528","No other reason"
"GEN24_1081530","VFR"
"GEN24_1081531","No other reason"
"GEN24_1081532","Education"
"GEN24_1081533","Education"
"GEN24_1081533","Holiday / vacation"
"GEN24_1081536","No other reason"
"GEN24_1081537","No other reason"
"GEN24_1081548","Holiday / vacation"
"GEN24_1081556","No other reason"
"GEN24_1081559","No other reason"
"GEN24_1081565","No other reason"
"GEN24_1081571","No other reason"
"GEN24_1081574","No other reason"
"GEN24_1081588","Holiday / vacation"
"GEN24_1081591","Other"
"GEN24_1081596","No other reason"
"GEN24_1081597","No other reason"
"GEN24_1081601","Holiday / vacation"
"GEN24_1081610","Holiday / vacation"
"GEN24_1081615","Holiday / vacation"
"GEN24_1081616","Holiday / vacation"
"GEN24_1081622","No other reason"
"GEN24_1081624","Holiday / vacation"
"GEN24_1081625","Holiday / vacation"
"GEN24_1081633","VFR"
"GEN24_1081636","No other reason"
"GEN24_1081638","No other reason"
"GEN24_1081639","No other reason"
"GEN24_1081640","No other reason"
"GEN24_1081647","Conference / convention"
"GEN24_1081648","No other reason"
"GEN24_1081649","Other"
"GEN24_1081650","No other reason"
"GEN24_1081653","Education"
"GEN24_1081654","VFR"
"GEN24_1081658","VFR"
"GEN24_1081666","No other reason"
"GEN24_1081668","Holiday / vacation"
"GEN24_1081669","VFR"
"GEN24_1081675","No other reason"
"GEN24_1081676","No other reason"
"GEN24_1081690","No other reason"
"GEN24_1081691","No other reason"
"GEN24_1081701","Holiday / vacation"
"GEN24_1081711","No other reason"
"GEN24_1081714","No other reason"
"GEN24_1081726","No other reason"
"GEN24_1081729","Holiday / vacation"
"GEN24_1081731","Holiday / vacation"
"GEN24_1081736","Business"
"GEN24_1081742","No other reason"
"GEN24_1081757","No other reason"
"GEN24_1081763","No other reason"
"GEN24_1081768","No other reason"
"GEN24_1081780","VFR"
"GEN24_1081784","No other reason"
"GEN24_1081821","Holiday / vacation"
"GEN24_1081825","No other reason"
"GEN24_1081826","VFR"
"GEN24_1081827","Holiday / vacation"
"GEN24_1081829","VFR"
"GEN24_1081831","No other reason"
"GEN24_1081833","No other reason"
"GEN24_1081851","No other reason"
"GEN24_1081855","No other reason"
"GEN24_1081868","No other reason"
"GEN24_1081869","No other reason"
"GEN24_1081870","No other reason"
"GEN24_1081872","Holiday / vacation"
"GEN24_1081875","No other reason"
"GEN24_1081881","Holiday / vacation"
"GEN24_1081888","No other reason"
"GEN24_1081891","No other reason"
"GEN24_1081899","No other reason"
"GEN24_1081911","Holiday / vacation"
"GEN24_1081913","No other reason"
"GEN24_1081914","Holiday / vacation"
"GEN24_1081921","No other reason"
"GEN24_1081933","Other"
"GEN24_1081933","VFR"
"GEN24_1081937","Holiday / vacation"
"GEN24_1081939","VFR"
"GEN24_1081942","No other reason"
"GEN24_1081944","Holiday / vacation"
"GEN24_1081946","VFR"
"GEN24_1081951","No other reason"
"GEN24_1081952","No other reason"
"GEN24_1081954","Holiday / vacation"
"GEN24_1081960","No other reason"
"GEN24_1081961","No other reason"
"GEN24_1081965","No other reason"
"GEN24_1081974","Holiday / vacation"
"GEN24_1081977","No other reason"
"GEN24_1081978","Holiday / vacation"
"GEN24_1081980","Holiday / vacation"
"GEN24_1081981","No other reason"
"GEN24_1081982","Holiday / vacation"
"GEN24_1081988","No other reason"
"GEN24_1081989","No other reason"
"GEN24_1081990","No other reason"
"GEN24_1081994","No other reason"
"GEN24_1081999","Other"
"GEN24_1082023","No other reason"
"GEN24_1082026","VFR"
"GEN24_1082027","Holiday / vacation"
"GEN24_1082028","No other reason"
"GEN24_1082029","No other reason"
"GEN24_1082055","Holiday / vacation"
"GEN24_1082056","No other reason"
"GEN24_1082058","No other reason"
"GEN24_1082063","VFR"
"GEN24_1082064","Holiday / vacation"
"GEN24_1082066","Other"
"GEN24_1082067","No other reason"
"GEN24_1082080","No other reason"
"GEN24_1082103","No other reason"
"GEN24_1082106","Education"
"GEN24_1082115","VFR"
"GEN24_1082116","Other"
"GEN24_1082117","VFR"
"GEN24_1082118","No other reason"
"GEN24_1082125","No other reason"
"GEN24_1082127","Other"
"GEN24_1082143","No other reason"
"GEN24_1082144","VFR"
"GEN24_1082154","No other reason"
"GEN24_1082155","VFR"
"GEN24_1082156","Other"
"GEN24_1082160","No other reason"
"GEN24_1082175","No other reason"
"GEN24_1082177","VFR"
"GEN24_1082216","No other reason"
"GEN24_1082217","No other reason"
"GEN24_1082222","No other reason"
"GEN24_1082224","No other reason"
"GEN24_1082254","Education"
"GEN24_1082258","Conference / convention"
"GEN24_1082261","Holiday / vacation"
"GEN24_1082265","No other reason"
"GEN24_1082266","No other reason"
"GEN24_1082268","Holiday / vacation"
"GEN24_1082269","Other"
"GEN24_1082273","No other reason"
"GEN24_1082281","Business"
"GEN24_1082286","No other reason"
"GEN24_1082290","No other reason"
"GEN24_1082296","Holiday / vacation"
"GEN24_1082302","Holiday / vacation"
"GEN24_1082304","No other reason"
"GEN24_1082308","No other reason"
"GEN24_1082309","VFR"
"GEN24_1082312","No other reason"
"GEN24_1082327","No other reason"
"GEN24_1082335","No other reason"
"GEN24_1082347","No other reason"
"GEN24_1082348","Holiday / vacation"
"GEN24_1082352","No other reason"
"GEN24_1082373","No other reason"
"GEN24_1082376","No other reason"
"GEN24_1082379","No other reason"
"GEN24_1082387","No other reason"
"GEN24_1082389","VFR"
"GEN24_1082412","Business"
"GEN24_1082413","No other reason"
"GEN24_1082426","Holiday / vacation"
"GEN24_1082437","No other reason"
"GEN24_1082448","Holiday / vacation"
"GEN24_1082451","No other reason"
"GEN24_1082452","No other reason"
"GEN24_1082457","No other reason"
"GEN24_1082462","VFR"
"GEN24_1082480","Holiday / vacation"
"GEN24_1082506","No other reason"
"GEN24_1082508","Education"
"GEN24_1082508","Other"
"GEN24_1082511","No other reason"
"GEN24_1082517","No other reason"
"GEN24_1082519","No other reason"
"GEN24_1082526","VFR"
"GEN24_1082529","Holiday / vacation"
"GEN24_1082532","Holiday / vacation"
"GEN24_1082535","No other reason"
"GEN24_1082539","Holiday / vacation"
"GEN24_1082541","No other reason"
"GEN24_1082542","VFR"
"GEN24_1082544","Holiday / vacation"
"GEN24_1082550","Holiday / vacation"
"GEN24_1082551","No other reason"
"GEN24_1082558","No other reason"
"GEN24_1082561","No other reason"
"GEN24_1082562","No other reason"
"GEN24_1082566","No other reason"
"GEN24_1082579","No other reason"
"GEN24_1082585","No other reason"
"GEN24_1082589","No other reason"
"GEN24_1082591","Holiday / vacation"
"GEN24_1082602","Education"
"GEN24_1082607","No other reason"
"GEN24_1082610","No other reason"
"GEN24_1082611","No other reason"
"GEN24_1082621","Holiday / vacation"
"GEN24_1082628","No other reason"
"GEN24_1082632","Holiday / vacation"
"GEN24_1082641","Business"
"GEN24_1082645","No other reason"
"GEN24_1082647","No other reason"
"GEN24_1082650","Holiday / vacation"
"GEN24_1082652","No other reason"
"GEN24_1082654","No other reason"
"GEN24_1082657","No other reason"
"GEN24_1082662","No other reason"
"GEN24_1082669","No other reason"
"GEN24_1082698","No other reason"
"GEN24_1082700","No other reason"
"GEN24_1082702","Holiday / vacation"
"GEN24_1082709","Holiday / vacation"
"GEN24_1082715","Other"
"GEN24_1082729","No other reason"
"GEN24_1082731","Other"
"GEN24_1082733","No other reason"
"GEN24_1082735","Other"
"GEN24_1082758","No other reason"
"GEN24_1082768","No other reason"
"GEN24_1082774","No other reason"
"GEN24_1082775","No other reason"
"GEN24_1082776","No other reason"
"GEN24_1082777","Holiday / vacation"
"GEN24_1082780","VFR"
"GEN24_1082782","No other reason"
"GEN24_1082784","No other reason"
"GEN24_1082787","No other reason"
"GEN24_1082790","No other reason"
"GEN24_1082797","No other reason"
"GEN24_1082801","No other reason"
"GEN24_1082802","No other reason"
"GEN24_1082808","No other reason"
"GEN24_1082809","No other reason"
"GEN24_1082811","Education"
"GEN24_1082813","No other reason"
"GEN24_1082816","VFR"
"GEN24_1082817","Other"
"GEN24_1082820","No other reason"
"GEN24_1082823","No other reason"
"GEN24_1082824","No other reason"
"GEN24_1082860","No other reason"
"GEN24_1082864","No other reason"
"GEN24_1082870","Other"
"GEN24_1082875","VFR"
"GEN24_1082877","No other reason"
"GEN24_1082879","No other reason"
"GEN24_1082886","No other reason"
"GEN24_1082892","Other"
"GEN24_1082902","Other"
"GEN24_1082904","Holiday / vacation"
"GEN24_1082916","Holiday / vacation"
"GEN24_1082921","Other"
"GEN24_1082922","No other reason"
"GEN24_1082924","No other reason"
"GEN24_1082939","No other reason"
"GEN24_1082940","VFR"
"GEN24_1082944","VFR"
"GEN24_1082950","No other reason"
"GEN24_1082953","No other reason"
"GEN24_1082955","No other reason"
"GEN24_1082957","Holiday / vacation"
"GEN24_1082958","Other"
"GEN24_1082960","No other reason"
"GEN24_1082962","Holiday / vacation"
"GEN24_1082964","Other"
"GEN24_1082974","No other reason"
"GEN24_1082977","Holiday / vacation"
"GEN24_1082985","VFR"
"GEN24_1082986","Holiday / vacation"
"GEN24_1082988","No other reason"
"GEN24_1082990","No other reason"
"GEN24_1082992","No other reason"
"GEN24_1082993","VFR"
"GEN24_1082995","Holiday / vacation"
"GEN24_1083002","Education"
"GEN24_1083002","Other"
"GEN24_1083005","No other reason"
"GEN24_1083012","Education"
"GEN24_1083026","No other reason"
"GEN24_1083038","Other"
"GEN24_1083052","No other reason"
"GEN24_1083065","No other reason"
"GEN24_1083089","No other reason"
"GEN24_1083094","VFR"
"GEN24_1083099","Holiday / vacation"
"GEN24_1083102","Holiday / vacation"
"GEN24_1083103","No other reason"
"GEN24_1083108","VFR"
"GEN24_1083115","Other"
"GEN24_1083119","VFR"
"GEN24_1083123","Other"
"GEN24_1083131","Holiday / vacation"
"GEN24_1083132","Other"
"GEN24_1083135","No other reason"
"GEN24_1083139","VFR"
"GEN24_1083147","Other"
"GEN24_1083150","No other reason"
"GEN24_1083160","No other reason"
"GEN24_1083170","VFR"
"GEN24_1083182","No other reason"
"GEN24_1083183","VFR"
"GEN24_1083189","Conference / convention"
"GEN24_1083193","Other"
"GEN24_1083194","Other"
"GEN24_1083203","Other"
"GEN24_1083208","No other reason"
"GEN24_1083212","No other reason"
"GEN24_1083216","No other reason"
"GEN24_1083218","Business"
"GEN24_1083218","Holiday / vacation"
"GEN24_1083221","Business"
"GEN24_1083223","Holiday / vacation"
"GEN24_1083230","Holiday / vacation"
"GEN24_1083231","No other reason"
"GEN24_1083232","Other"
"GEN24_1083233","Other"
"GEN24_1083240","No other reason"
"GEN24_1083245","Other"
"GEN24_1083250","No other reason"
"GEN24_1083252","Other"
"GEN24_1083255","Other"
"GEN24_1083260","Other"
"GEN24_1083265","No other reason"
"GEN24_1083268","No other reason"
"GEN24_1083271","Other"
"GEN24_1083279","No other reason"
"GEN24_1083286","No other reason"
"GEN24_1083287","Other"
"GEN24_1083307","No other reason"
"GEN24_1083315","Holiday / vacation"
"GEN24_1083327","Business"
"GEN24_1083332","Holiday / vacation"
"GEN24_1083333","Business"
"GEN24_1083334","No other reason"
"GEN24_1083335","Education"
"GEN24_1083358","Other"
"GEN24_1083372","No other reason"
"GEN24_1083379","No other reason"
"GEN24_1083380","No other reason"
"GEN24_1083388","No other reason"
"GEN24_1083397","No other reason"
"GEN24_1083402","No other reason"
"GEN24_1083403","No other reason"
"GEN24_1083404","Holiday / vacation"
"GEN24_1083412","No other reason"
"GEN24_1083413","VFR"
"GEN24_1083418","No other reason"
"GEN24_1083423","Other"
"GEN24_1083426","No other reason"
"GEN24_1083429","Other"
"GEN24_1083436","No other reason"
"GEN24_1083437","No other reason"
"GEN24_1083449","Other"
"GEN24_1083462","No other reason"
"GEN24_1083465","Other"
"GEN24_1083468","Other"
"GEN24_1083470","No other reason"
"GEN24_1083473","VFR"
"GEN24_1083475","No other reason"
"GEN24_1083481","No other reason"
"GEN24_1083488","No other reason"
"GEN24_1083494","No other reason"
"GEN24_1083495","No other reason"
"GEN24_1083500","No other reason"
"GEN24_1083501","No other reason"
"GEN24_1083505","No other reason"
"GEN24_1083506","No other reason"
"GEN24_1083508","Holiday / vacation"
"GEN24_1083510","No other reason"
"GEN24_1083512","VFR"
"GEN24_1083514","No other reason"
"GEN24_1083520","No other reason"
"GEN24_1083521","VFR"
"GEN24_1083522","No other reason"
"GEN24_1083530","VFR"
"GEN24_1083532","Other"
"GEN24_1083539","Other"
"GEN24_1083541","Holiday / vacation"
"GEN24_1083545","No other reason"
"GEN24_1083550","No other reason"
"GEN24_1083553","No other reason"
"GEN24_1083564","No other reason"
"GEN24_1083571","No other reason"
"GEN24_1083575","No other reason"
"GEN24_1083581","No other reason"
"GEN24_1083590","No other reason"
"GEN24_1083591","No other reason"
"GEN24_1083604","No other reason"
"GEN24_1083610","No other reason"
"GEN24_1083628","No other reason"
"GEN24_1083629","Other"
"GEN24_1083634","No other reason"
"GEN24_1083644","Other"
"GEN24_1083658","Other"
"GEN24_1083665","No other reason"
"GEN24_1083676","No other reason"
"GEN24_1083677","Holiday / vacation"
"GEN24_1083685","No other reason"
"GEN24_1083686","No other reason"
"GEN24_1083688","VFR"
"GEN24_1083689","VFR"
"GEN24_1083691","No other reason"
"GEN24_1083692","No other reason"
"GEN24_1083693","Holiday / vacation"
"GEN24_1083696","No other reason"
"GEN24_1083703","No other reason"
"GEN24_1083707","No other reason"
"GEN24_1083710","No other reason"
"GEN24_1083725","No other reason"
"GEN24_1083729","No other reason"
"GEN24_1083731","Holiday / vacation"
"GEN24_1083732","Holiday / vacation"
"GEN24_1083732","VFR"
"GEN24_1083735","Education"
"GEN24_1083736","VFR"
"GEN24_1083737","Holiday / vacation"
"GEN24_1083738","Other"
"GEN24_1083742","No other reason"
"GEN24_1083758","No other reason"
"GEN24_1083764","No other reason"
"GEN24_1083766","Other"
"GEN24_1083790","No other reason"
"GEN24_1083818","VFR"
"GEN24_1083825","No other reason"
"GEN24_1083826","Holiday / vacation"
"GEN24_1083827","Holiday / vacation"
"GEN24_1083835","No other reason"
"GEN24_1083837","Conference / convention"
"GEN24_1083846","No other reason"
"GEN24_1083858","No other reason"
"GEN24_1083863","Holiday / vacation"
"GEN24_1083865","Holiday / vacation"
"GEN24_1083868","Holiday / vacation"
"GEN24_1083872","No other reason"
"GEN24_1083879","No other reason"
"GEN24_1083885","No other reason"
"GEN24_1083889","No other reason"
"GEN24_1083894","No other reason"
"GEN24_1083898","No other reason"
"GEN24_1083899","No other reason"
"GEN24_1083911","No other reason"
"GEN24_1083921","VFR"
"GEN24_1083931","No other reason"
"GEN24_1083934","VFR"
"GEN24_1083942","Holiday / vacation"
"GEN24_1083944","No other reason"
"GEN24_1083945","No other reason"
"GEN24_1083966","No other reason"
"GEN24_1083971","No other reason"
"GEN24_1083979","VFR"
"GEN24_1083981","VFR"
"GEN24_1083998","No other reason"
"GEN24_1084005","Holiday / vacation"
"GEN24_1084011","No other reason"
"GEN24_1084016","No other reason"
"GEN24_1084037","Other"
"GEN24_1084044","No other reason"
"GEN24_1084047","Other"
"GEN24_1084050","Holiday / vacation"
"GEN24_1084056","Business"
"GEN24_1084063","VFR"
"GEN24_1084066","No other reason"
"GEN24_1084069","No other reason"
"GEN24_1084072","Holiday / vacation"
"GEN24_1084075","Holiday / vacation"
"GEN24_1084083","No other reason"
"GEN24_1084084","Holiday / vacation"
"GEN24_1084089","VFR"
"GEN24_1084095","No other reason"
"GEN24_1084104","Holiday / vacation"
"GEN24_1084111","No other reason"
"GEN24_1084114","Holiday / vacation"
"GEN24_1084117","VFR"
"GEN24_1084119","Holiday / vacation"
"GEN24_1084121","VFR"
"GEN24_1084122","No other reason"
"GEN24_1084123","VFR"
"GEN24_1084126","VFR"
"GEN24_1084129","VFR"
"GEN24_1084132","Holiday / vacation"
"GEN24_1084138","No other reason"
"GEN24_1084140","Holiday / vacation"
"GEN24_1084148","Holiday / vacation"
"GEN24_1084155","Holiday / vacation"
"GEN24_1084160","No other reason"
"GEN24_1084165","No other reason"
"GEN24_1084176","Holiday / vacation"
"GEN24_1084186","Other"
"GEN24_1084187","Holiday / vacation"
"GEN24_1084192","Holiday / vacation"
"GEN24_1084193","VFR"
"GEN24_1084200","Holiday / vacation"
"GEN24_1084237","No other reason"
"GEN24_1084247","VFR"
"GEN24_1084248","No other reason"
"GEN24_1084250","No other reason"
"GEN24_1084255","No other reason"
"GEN24_1084259","No other reason"
"GEN24_1084263","Holiday / vacation"
"GEN24_1084263","VFR"
"GEN24_1084284","No other reason"
"GEN24_1084285","No other reason"
"GEN24_1084286","No other reason"
"GEN24_1084288","No other reason"
"GEN24_1084291","No other reason"
"GEN24_1084293","No other reason"
"GEN24_1084294","Holiday / vacation"
"GEN24_1084295","Holiday / vacation"
"GEN24_1084297","No other reason"
"GEN24_1084304","No other reason"
"GEN24_1084308","VFR"
"GEN24_1084312","No other reason"
"GEN24_1084313","No other reason"
"GEN24_1084325","Holiday / vacation"
"GEN24_1084326","No other reason"
"GEN24_1084327","Education"
"GEN24_1084333","Holiday / vacation"
"GEN24_1084335","No other reason"
"GEN24_1084337","No other reason"
"GEN24_1084345","No other reason"
"GEN24_1084365","No other reason"
"GEN24_1084367","No other reason"
"GEN24_1084368","Holiday / vacation"
"GEN24_1084370","Holiday / vacation"
"GEN24_1084382","Holiday / vacation"
"GEN24_1084386","VFR"
"GEN24_1084390","No other reason"
"GEN24_1084398","Holiday / vacation"
"GEN24_1084403","Other"
"GEN24_1084416","No other reason"
"GEN24_1084418","Holiday / vacation"
"GEN24_1084421","Holiday / vacation"
"GEN24_1084439","Holiday / vacation"
"GEN24_1084442","Other"
"GEN24_1084464","No other reason"
"GEN24_1084471","No other reason"
"GEN24_1084481","Holiday / vacation"
"GEN24_1084485","No other reason"
"GEN24_1084486","No other reason"
"GEN24_1084494","No other reason"
"GEN24_1084496","VFR"
"GEN24_1084500","VFR"
"GEN24_1084503","Other"
"GEN24_1084516","No other reason"
"GEN24_1084524","No other reason"
"GEN24_1084533","Holiday / vacation"
"GEN24_1084534","VFR"
"GEN24_1084542","No other reason"
"GEN24_1084558","No other reason"
"GEN24_1084563","No other reason"
"GEN24_1084578","No other reason"
"GEN24_1084583","VFR"
"GEN24_1084586","No other reason"
"GEN24_1084589","No other reason"
"GEN24_1084590","Holiday / vacation"
"GEN24_1084593","No other reason"
"GEN24_1084600","Holiday / vacation"
"GEN24_1084601","No other reason"
"GEN24_1084602","No other reason"
"GEN24_1084616","VFR"
"GEN24_1084622","No other reason"
"GEN24_1084623","Holiday / vacation"
"GEN24_1084631","VFR"
"GEN24_1084634","VFR"
"GEN24_1084641","Holiday / vacation"
"GEN24_1084649","No other reason"
"GEN24_1084653","Holiday / vacation"
"GEN24_1084656","No other reason"
"GEN24_1084670","No other reason"
"GEN24_1084673","VFR"
"GEN24_1084675","Holiday / vacation"
"GEN24_1084677","No other reason"
"GEN24_1084688","No other reason"
"GEN24_1084690","No other reason"
"GEN24_1084692","No other reason"
"GEN24_1084695","No other reason"
"GEN24_1084698","Holiday / vacation"
"GEN24_1084700","No other reason"
"GEN24_1084703","Holiday / vacation"
"GEN24_1084706","No other reason"
"GEN24_1084713","VFR"
"GEN24_1084715","No other reason"
"GEN24_1084716","No other reason"
"GEN24_1084719","No other reason"
"GEN24_1084726","No other reason"
"GEN24_1084727","No other reason"
"GEN24_1084735","Holiday / vacation"
"GEN24_1084738","Holiday / vacation"
"GEN24_1084745","Holiday / vacation"
"GEN24_1084747","Holiday / vacation"
"GEN24_1084756","Education"
"GEN24_1084760","VFR"
"GEN24_1084762","No other reason"
"GEN24_1084766","No other reason"
"GEN24_1084776","Holiday / vacation"
"GEN24_1084785","Education"
"GEN24_1084792","No other reason"
"GEN24_1084804","Holiday / vacation"
"GEN24_1084806","Holiday / vacation"
"GEN24_1084807","Other"
"GEN24_1084808","No other reason"
"GEN24_1084811","VFR"
"GEN24_1084820","No other reason"
"GEN24_1084822","VFR"
"GEN24_1084830","VFR"
"GEN24_1084836","Holiday / vacation"
"GEN24_1084841","Holiday / vacation"
"GEN24_1084845","No other reason"
"GEN24_1084854","No other reason"
"GEN24_1084857","Holiday / vacation"
"GEN24_1084858","No other reason"
"GEN24_1084876","Other"
"GEN24_1084884","No other reason"
"GEN24_1084885","Other"
"GEN24_1084902","VFR"
"GEN24_1084904","No other reason"
"GEN24_1084906","Holiday / vacation"
"GEN24_1084913","No other reason"
"GEN24_1084922","Holiday / vacation"
"GEN24_1084947","No other reason"
"GEN24_1084951","VFR"
"GEN24_1084970","VFR"
"GEN24_1084971","No other reason"
"GEN24_1084975","No other reason"
"GEN24_1084977","No other reason"
"GEN24_1084993","Holiday / vacation"
"GEN24_1084996","No other reason"
"GEN24_1084997","No other reason"
"GEN24_1085009","No other reason"
"GEN24_1085013","No other reason"
"GEN24_1085016","Other"
"GEN24_1085025","No other reason"
"GEN24_1085029","No other reason"
"GEN24_1085042","Holiday / vacation"
"GEN24_1085047","VFR"
"GEN24_1085069","No other reason"
"GEN24_1085074","VFR"
"GEN24_1085077","No other reason"
"GEN24_1085078","No other reason"
"GEN24_1085082","No other reason"
"GEN24_1085086","No other reason"
"GEN24_1085091","No other reason"
"GEN24_1085092","VFR"
"GEN24_1085093","No other reason"
"GEN24_1085096","Holiday / vacation"
"GEN24_1085102","No other reason"
"GEN24_1085103","Holiday / vacation"
"GEN24_1085104","No other reason"
"GEN24_1085107","No other reason"
"GEN24_1085118","Holiday / vacation"
"GEN24_1085123","No other reason"
"GEN24_1085125","VFR"
"GEN24_1085130","VFR"
"GEN24_1085137","No other reason"
"GEN24_1085147","Holiday / vacation"
"GEN24_1085151","VFR"
"GEN24_1085152","Holiday / vacation"
"GEN24_1085153","Holiday / vacation"
"GEN24_1085158","No other reason"
"GEN24_1085163","No other reason"
"GEN24_1085165","No other reason"
"GEN24_1085168","No other reason"
"GEN24_1085176","No other reason"
"GEN24_1085177","Holiday / vacation"
"GEN24_1085182","Other"
"GEN24_1085189","No other reason"
"GEN24_1085228","No other reason"
"GEN24_1085238","Holiday / vacation"
"GEN24_1085241","Holiday / vacation"
"GEN24_1085242","No other reason"
"GEN24_1085249","Other"
"GEN24_1085257","VFR"
"GEN24_1085259","No other reason"
"GEN24_1085261","Holiday / vacation"
"GEN24_1085267","No other reason"
"GEN24_1085268","VFR"
"GEN24_1085279","No other reason"
"GEN24_1085280","Holiday / vacation"
"GEN24_1085284","No other reason"
"GEN24_1085286","Holiday / vacation"
"GEN24_1085287","VFR"
"GEN24_1085293","Holiday / vacation"
"GEN24_1085296","No other reason"
"GEN24_1085297","No other reason"
"GEN24_1085301","Holiday / vacation"
"GEN24_1085302","No other reason"
"GEN24_1085304","No other reason"
"GEN24_1085307","VFR"
"GEN24_1085329","VFR"
"GEN24_1085341","Holiday / vacation"
"GEN24_1085348","Holiday / vacation"
"GEN24_1085349","Holiday / vacation"
"GEN24_1085367","Holiday / vacation"
"GEN24_1085371","No other reason"
"GEN24_1085376","No other reason"
"GEN24_1085379","No other reason"
"GEN24_1085384","No other reason"
"GEN24_1085386","Holiday / vacation"
"GEN24_1085393","Holiday / vacation"
"GEN24_1085394","VFR"
"GEN24_1085396","No other reason"
"GEN24_1085398","VFR"
"GEN24_1085400","Holiday / vacation"
"GEN24_1085403","No other reason"
"GEN24_1085404","Holiday / vacation"
"GEN24_1085406","No other reason"
"GEN24_1085407","No other reason"
"GEN24_1085409","VFR"
"GEN24_1085412","No other reason"
"GEN24_1085420","VFR"
"GEN24_1085423","No other reason"
"GEN24_1085425","No other reason"
"GEN24_1085437","Holiday / vacation"
"GEN24_1085442","No other reason"
"GEN24_1085446","Holiday / vacation"
"GEN24_1085447","Other"
"GEN24_1085448","Holiday / vacation"
"GEN24_1085450","Holiday / vacation"
"GEN24_1085454","Holiday / vacation"
"GEN24_1085467","Holiday / vacation"
"GEN24_1085470","VFR"
"GEN24_1085472","No other reason"
"GEN24_1085475","No other reason"
"GEN24_1085480","No other reason"
"GEN24_1085491","No other reason"
"GEN24_1085496","No other reason"
"GEN24_1085520","No other reason"
"GEN24_1085525","No other reason"
"GEN24_1085526","No other reason"
"GEN24_1085527","Holiday / vacation"
"GEN24_1085533","Holiday / vacation"
"GEN24_1085534","Holiday / vacation"
"GEN24_1085536","Holiday / vacation"
"GEN24_1085539","No other reason"
"GEN24_1085543","VFR"
"GEN24_1085548","VFR"
"GEN24_1085549","Other"
"GEN24_1085550","No other reason"
"GEN24_1085553","Holiday / vacation"
"GEN24_1085558","No other reason"
"GEN24_1085561","Business"
"GEN24_1085562","Holiday / vacation"
"GEN24_1085564","Holiday / vacation"
"GEN24_1085566","Holiday / vacation"
"GEN24_1085570","Other"
"GEN24_1085570","VFR"
"GEN24_1085571","Other"
"GEN24_1085574","Holiday / vacation"
"GEN24_1085575","Holiday / vacation"
"GEN24_1085576","VFR"
"GEN24_1085579","Holiday / vacation"
"GEN24_1085595","No other reason"
"GEN24_1085596","No other reason"
"GEN24_1085597","No other reason"
"GEN24_1085601","Holiday / vacation"
"GEN24_1085603","Holiday / vacation"
"GEN24_1085604","Holiday / vacation"
"GEN24_1085606","Holiday / vacation"
"GEN24_1085610","No other reason"
"GEN24_1085618","Holiday / vacation"
"GEN24_1085623","Holiday / vacation"
"GEN24_1085629","No other reason"
"GEN24_1085632","Holiday / vacation"
"GEN24_1085633","No other reason"
"GEN24_1085634","No other reason"
"GEN24_1085636","VFR"
"GEN24_1085638","Holiday / vacation"
"GEN24_1085642","VFR"
"GEN24_1085645","VFR"
"GEN24_1085650","No other reason"
"GEN24_1085657","Holiday / vacation"
"GEN24_1085658","No other reason"
"GEN24_1085663","Holiday / vacation"
"GEN24_1085665","VFR"
"GEN24_1085666","VFR"
"GEN24_1085668","Holiday / vacation"
"GEN24_1085671","No other reason"
"GEN24_1085675","No other reason"
"GEN24_1085676","No other reason"
"GEN24_1085685","Holiday / vacation"
"GEN24_1085694","No other reason"
"GEN24_1085696","Other"
"GEN24_1085700","No other reason"
"GEN24_1085704","No other reason"
"GEN24_1085705","Holiday / vacation"
"GEN24_1085710","No other reason"
"GEN24_1085720","No other reason"
"GEN24_1085721","No other reason"
"GEN24_1085722","No other reason"
"GEN24_1085729","Holiday / vacation"
"GEN24_1085730","Holiday / vacation"
"GEN24_1085732","VFR"
"GEN24_1085733","No other reason"
"GEN24_1085734","VFR"
"GEN24_1085735","No other reason"
"GEN24_1085736","Holiday / vacation"
"GEN24_1085738","VFR"
"GEN24_1085739","No other reason"
"GEN24_1085743","No other reason"
"GEN24_1085745","No other reason"
"GEN24_1085746","Other"
"GEN24_1085747","No other reason"
"GEN24_1085755","No other reason"
"GEN24_1085756","No other reason"
"GEN24_1085757","No other reason"
"GEN24_1085759","VFR"
"GEN24_1085766","No other reason"
"GEN24_1085773","No other reason"
"GEN24_1085777","Holiday / vacation"
"GEN24_1085786","Holiday / vacation"
"GEN24_1085787","No other reason"
"GEN24_1085788","No other reason"
"GEN24_1085789","Holiday / vacation"
"GEN24_1085793","Holiday / vacation"
"GEN24_1085798","No other reason"
"GEN24_1085806","No other reason"
"GEN24_1085807","Holiday / vacation"
"GEN24_1085825","No other reason"
"GEN24_1085828","No other reason"
"GEN24_1085836","No other reason"
"GEN24_1085846","Holiday / vacation"
"GEN24_1085860","VFR"
"GEN24_1085881","Holiday / vacation"
"GEN24_1085884","VFR"
"GEN24_1085893","No other reason"
"GEN24_1085895","VFR"
"GEN24_1085898","Holiday / vacation"
"GEN24_1085902","Holiday / vacation"
"GEN24_1085903","Holiday / vacation"
"GEN24_1085906","No other reason"
"GEN24_1085907","No other reason"
"GEN24_1085912","Holiday / vacation"
"GEN24_1085914","Holiday / vacation"
"GEN24_1085921","VFR"
"GEN24_1085938","No other reason"
"GEN24_1085942","VFR"
"GEN24_1085951","Holiday / vacation"
"GEN24_1085958","Holiday / vacation"
"GEN24_1085961","No other reason"
"GEN24_1085964","No other reason"
"GEN24_1085971","Holiday / vacation"
"GEN24_1085977","Education"
"GEN24_1085978","No other reason"
"GEN24_1085984","No other reason"
"GEN24_1085994","VFR"
"GEN24_1085999","No other reason"
"GEN24_1086008","No other reason"
"GEN24_1086027","VFR"
"GEN24_1086028","No other reason"
"GEN24_1086032","VFR"
"GEN24_1086053","Holiday / vacation"
"GEN24_1086055","Holiday / vacation"
"GEN24_1086056","Holiday / vacation"
"GEN24_1086075","Other"
"GEN24_1086088","No other reason"
"GEN24_1086092","No other reason"
"GEN24_1086094","Holiday / vacation"
"GEN24_1086102","No other reason"
"GEN24_1086117","No other reason"
"GEN24_1086119","Holiday / vacation"
"GEN24_1086123","No other reason"
"GEN24_1086130","Holiday / vacation"
"GEN24_1086131","No other reason"
"GEN24_1086140","No other reason"
"GEN24_1086208","Holiday / vacation"
"GEN24_1086214","VFR"
"GEN24_1086219","No other reason"
"GEN24_1086241","No other reason"
"GEN24_1086242","VFR"
"GEN24_1086244","VFR"
"GEN24_1086249","Holiday / vacation"
"GEN24_1086252","No other reason"
"GEN24_1086255","No other reason"
"GEN24_1086260","Holiday / vacation"
"GEN24_1086264","Other"
"GEN24_1086268","Holiday / vacation"
"GEN24_1086270","No other reason"
"GEN24_1086273","Holiday / vacation"
"GEN24_1086276","Holiday / vacation"
"GEN24_1086286","Holiday / vacation"
"GEN24_1086288","Holiday / vacation"
"GEN24_1086289","Holiday / vacation"
"GEN24_1086293","No other reason"
"GEN24_1086296","No other reason"
"GEN24_1086301","Business"
"GEN24_1086304","No other reason"
"GEN24_1086306","Holiday / vacation"
"GEN24_1086307","Holiday / vacation"
"GEN24_1086307","VFR"
"GEN24_1086313","VFR"
"GEN24_1086316","VFR"
"GEN24_1086321","No other reason"
"GEN24_1086322","Holiday / vacation"
"GEN24_1086330","No other reason"
"GEN24_1086333","VFR"
"GEN24_1086338","Education"
"GEN24_1086340","No other reason"
"GEN24_1086346","Holiday / vacation"
"GEN24_1086360","No other reason"
"GEN24_1086363","VFR"
"GEN24_1086374","Holiday / vacation"
"GEN24_1086388","No other reason"
"GEN24_1086406","No other reason"
"GEN24_1086418","No other reason"
"GEN24_1086441","VFR"
"GEN24_1086451","Holiday / vacation"
"GEN24_1086452","VFR"
"GEN24_1086453","Holiday / vacation"
"GEN24_1086454","No other reason"
"GEN24_1086467","Holiday / vacation"
"GEN24_1086475","No other reason"
"GEN24_1086482","No other reason"
"GEN24_1086487","Holiday / vacation"
"GEN24_1086488","No other reason"
"GEN24_1086499","Holiday / vacation"
"GEN24_1086502","No other reason"
"GEN24_1086504","VFR"
"GEN24_1086507","VFR"
"GEN24_1086513","Conference / convention"
"GEN24_1086522","Holiday / vacation"
"GEN24_1086523","Holiday / vacation"
"GEN24_1086534","No other reason"
"GEN24_1086536","VFR"
"GEN24_1086544","Holiday / vacation"
"GEN24_1086545","Holiday / vacation"
"GEN24_1086547","No other reason"
"GEN24_1086561","No other reason"
"GEN24_1086562","No other reason"
"GEN24_1086572","No other reason"
"GEN24_1086573","Holiday / vacation"
"GEN24_1086584","Holiday / vacation"
"GEN24_1086595","No other reason"
"GEN24_1086599","VFR"
"GEN24_1086605","No other reason"
"GEN24_1086611","No other reason"
"GEN24_1086619","No other reason"
"GEN24_1086632","No other reason"
"GEN24_1086633","VFR"
"GEN24_1086642","Holiday / vacation"
"GEN24_1086643","No other reason"
"GEN24_1086649","No other reason"
"GEN24_1086650","No other reason"
"GEN24_1086652","Holiday / vacation"
"GEN24_1086654","VFR"
"GEN24_1086656","No other reason"
"GEN24_1086659","No other reason"
"GEN24_1086673","Holiday / vacation"
"GEN24_1086676","Holiday / vacation"
"GEN24_1086682","Holiday / vacation"
"GEN24_1086688","Holiday / vacation"
"GEN24_1086694","Holiday / vacation"
"GEN24_1086695","Holiday / vacation"
"GEN24_1086696","Holiday / vacation"
"GEN24_1086698","No other reason"
"GEN24_1086700","VFR"
"GEN24_1086707","Holiday / vacation"
"GEN24_1086715","Holiday / vacation"
"GEN24_1086716","Other"
"GEN24_1086722","Other"
"GEN24_1086725","Holiday / vacation"
"GEN24_1086731","No other reason"
"GEN24_1086739","Holiday / vacation"
"GEN24_1086740","No other reason"
"GEN24_1086748","Holiday / vacation"
"GEN24_1086758","No other reason"
"GEN24_1086760","Holiday / vacation"
"GEN24_1086767","No other reason"
"GEN24_1086778","No other reason"
"GEN24_1086798","Holiday / vacation"
"GEN24_1086813","Other"
"GEN24_1086823","No other reason"
"GEN24_1086830","Holiday / vacation"
"GEN24_1086833","No other reason"
"GEN24_1086839","Holiday / vacation"
"GEN24_1086843","No other reason"
"GEN24_1086847","VFR"
"GEN24_1086849","No other reason"
"GEN24_1086851","VFR"
"GEN24_1086855","Holiday / vacation"
"GEN24_1086858","No other reason"
"GEN24_1086861","No other reason"
"GEN24_1086871","No other reason"
"GEN24_1086872","No other reason"
"GEN24_1086873","Holiday / vacation"
"GEN24_1086875","No other reason"
"GEN24_1086876","Holiday / vacation"
"GEN24_1086877","No other reason"
"GEN24_1086878","Holiday / vacation"
"GEN24_1086894","No other reason"
"GEN24_1086908","No other reason"
"GEN24_1086917","Other"
"GEN24_1086932","Holiday / vacation"
"GEN24_1086948","Holiday / vacation"
"GEN24_1086950","No other reason"
"GEN24_1086952","No other reason"
"GEN24_1086960","No other reason"
"GEN24_1086965","No other reason"
"GEN24_1086968","Holiday / vacation"
"GEN24_1086969","No other reason"
"GEN24_1086973","Holiday / vacation"
"GEN24_1086974","Holiday / vacation"
"GEN24_1086975","VFR"
"GEN24_1086977","No other reason"
"GEN24_1086982","No other reason"
"GEN24_1086985","No other reason"
"GEN24_1086998","Holiday / vacation"
"GEN24_1087002","No other reason"
"GEN24_1087004","Holiday / vacation"
"GEN24_1087009","VFR"
"GEN24_1087012","No other reason"
"GEN24_1087017","VFR"
"GEN24_1087022","Holiday / vacation"
"GEN24_1087027","No other reason"
"GEN24_1087031","No other reason"
"GEN24_1087034","Holiday / vacation"
"GEN24_1087040","No other reason"
"GEN24_1087043","Holiday / vacation"
"GEN24_1087044","No other reason"
"GEN24_1087049","No other reason"
"GEN24_1087050","Holiday / vacation"
"GEN24_1087051","No other reason"
"GEN24_1087052","Holiday / vacation"
"GEN24_1087055","Holiday / vacation"
"GEN24_1087057","No other reason"
"GEN24_1087059","No other reason"
"GEN24_1087061","Holiday / vacation"
"GEN24_1087064","Holiday / vacation"
"GEN24_1087065","VFR"
"GEN24_1087070","No other reason"
"GEN24_1087087","Holiday / vacation"
"GEN24_1087102","VFR"
"GEN24_1087132","Holiday / vacation"
"GEN24_1087140","No other reason"
"GEN24_1087141","Conference / convention"
"GEN24_1087142","Other"
"GEN24_1087144","Holiday / vacation"
"GEN24_1087153","No other reason"
"GEN24_1087156","Holiday / vacation"
"GEN24_1087166","No other reason"
"GEN24_1087169","Holiday / vacation"
"GEN24_1087178","Holiday / vacation"
"GEN24_1087181","Holiday / vacation"
"GEN24_1087183","VFR"
"GEN24_1087184","No other reason"
"GEN24_1087197","VFR"
"GEN24_1087203","Other"
"GEN24_1087215","Holiday / vacation"
"GEN24_1087219","Other"
"GEN24_1087222","No other reason"
"GEN24_1087229","Holiday / vacation"
"GEN24_1087230","No other reason"
"GEN24_1087247","No other reason"
"GEN24_1087253","No other reason"
"GEN24_1087259","Holiday / vacation"
"GEN24_1087263","Holiday / vacation"
"GEN24_1087269","Holiday / vacation"
"GEN24_1087281","No other reason"
"GEN24_1087289","Holiday / vacation"
"GEN24_1087291","No other reason"
"GEN24_1087307","No other reason"
"GEN24_1087312","Other"
"GEN24_1087324","Holiday / vacation"
"GEN24_1087336","No other reason"
"GEN24_1087360","No other reason"
"GEN24_1087363","No other reason"
"GEN24_1087364","VFR"
"GEN24_1087369","No other reason"
"GEN24_1087372","Holiday / vacation"
"GEN24_1087374","Holiday / vacation"
"GEN24_1087387","No other reason"
"GEN24_1087390","No other reason"
"GEN24_1087391","No other reason"
"GEN24_1087401","Holiday / vacation"
"GEN24_1087402","Holiday / vacation"
"GEN24_1087407","No other reason"
"GEN24_1087416","No other reason"
"GEN24_1087421","No other reason"
"GEN24_1087423","No other reason"
"GEN24_1087430","Holiday / vacation"
"GEN24_1087431","No other reason"
"GEN24_1087437","VFR"
"GEN24_1087442","VFR"
"GEN24_1087443","Other"
"GEN24_1087456","VFR"
"GEN24_1087484","Holiday / vacation"
"GEN24_1087488","Holiday / vacation"
"GEN24_1087504","Education"
"GEN24_1087515","Holiday / vacation"
"GEN24_1087528","No other reason"
"GEN24_1087531","No other reason"
"GEN24_1087532","No other reason"
"GEN24_1087542","No other reason"
"GEN24_1087547","No other reason"
"GEN24_1087558","No other reason"
"GEN24_1087563","No other reason"
"GEN24_1087567","No other reason"
"GEN24_1087568","VFR"
"GEN24_1087569","No other reason"
"GEN24_1087576","No other reason"
"GEN24_1087578","Business"
"GEN24_1087593","No other reason"
"GEN24_1087596","No other reason"
"GEN24_1087600","No other reason"
"GEN24_1087602","No other reason"
"GEN24_1087605","Holiday / vacation"
"GEN24_1087611","No other reason"
"GEN24_1087618","No other reason"
"GEN24_1087619","No other reason"
"GEN24_1087621","No other reason"
"GEN24_1087622","No other reason"
"GEN24_1087623","Holiday / vacation"
"GEN24_1087625","Holiday / vacation"
"GEN24_1087630","No other reason"
"GEN24_1087631","No other reason"
"GEN24_1087633","VFR"
"GEN24_1087634","Holiday / vacation"
"GEN24_1087635","VFR"
"GEN24_1087638","Holiday / vacation"
"GEN24_1087642","No other reason"
"GEN24_1087644","Holiday / vacation"
"GEN24_1087661","Holiday / vacation"
"GEN24_1087677","No other reason"
"GEN24_1087681","Education"
"GEN24_1087681","Holiday / vacation"
"GEN24_1087685","VFR"
"GEN24_1087691","Holiday / vacation"
"GEN24_1087696","No other reason"
"GEN24_1087698","Holiday / vacation"
"GEN24_1087701","Holiday / vacation"
"GEN24_1087723","Business"
"GEN24_1087725","No other reason"
"GEN24_1087729","No other reason"
"GEN24_1087733","Holiday / vacation"
"GEN24_1087735","VFR"
"GEN24_1087740","No other reason"
"GEN24_1087741","Holiday / vacation"
"GEN24_1087743","Holiday / vacation"
"GEN24_1087746","No other reason"
"GEN24_1087747","Holiday / vacation"
"GEN24_1087748","Holiday / vacation"
"GEN24_1087757","No other reason"
"GEN24_1087758","No other reason"
"GEN24_1087763","Holiday / vacation"
"GEN24_1087764","No other reason"
"GEN24_1087768","No other reason"
"GEN24_1087772","No other reason"
"GEN24_1087774","No other reason"
"GEN24_1087775","VFR"
"GEN24_1087778","VFR"
"GEN24_1087781","VFR"
"GEN24_1087783","VFR"
"GEN24_1087793","Holiday / vacation"
"GEN24_1087798","No other reason"
"GEN24_1087806","Education"
"GEN24_1087824","No other reason"
"GEN24_1087827","Holiday / vacation"
"GEN24_1087836","Other"
"GEN24_1087849","No other reason"
"GEN24_1087851","VFR"
"GEN24_1087852","No other reason"
"GEN24_1087853","Conference / convention"
"GEN24_1087854","No other reason"
"GEN24_1087868","Other"
"GEN24_1087869","Holiday / vacation"
"GEN24_1087872","Holiday / vacation"
"GEN24_1087874","No other reason"
"GEN24_1087875","VFR"
"GEN24_1087890","Holiday / vacation"
"GEN24_1087892","No other reason"
"GEN24_1087893","No other reason"
"GEN24_1087899","No other reason"
"GEN24_1087905","VFR"
"GEN24_1087909","No other reason"
"GEN24_1087912","Holiday / vacation"
"GEN24_1087914","Holiday / vacation"
"GEN24_1087916","Holiday / vacation"
"GEN24_1087924","Holiday / vacation"
"GEN24_1087928","Holiday / vacation"
"GEN24_1087930","No other reason"
"GEN24_1087931","VFR"
"GEN24_1087936","VFR"
"GEN24_1087938","Holiday / vacation"
"GEN24_1087940","No other reason"
"GEN24_1087983","No other reason"
"GEN24_1087984","No other reason"
"GEN24_1087988","No other reason"
"GEN24_1087989","No other reason"
"GEN24_1087995","No other reason"
"GEN24_1088010","Education"
"GEN24_1088025","No other reason"
"GEN24_1088026","No other reason"
"GEN24_1088030","VFR"
"GEN24_1088039","VFR"
"GEN24_1088040","Other"
"GEN24_1088041","Holiday / vacation"
"GEN24_1088049","No other reason"
"GEN24_1088051","No other reason"
"GEN24_1088058","No other reason"
"GEN24_1088062","No other reason"
"GEN24_1088067","Holiday / vacation"
"GEN24_1088070","Holiday / vacation"
"GEN24_1088071","No other reason"
"GEN24_1088073","No other reason"
"GEN24_1088076","No other reason"
"GEN24_1088078","Holiday / vacation"
"GEN24_1088080","Holiday / vacation"
"GEN24_1088085","No other reason"
"GEN24_1088087","No other reason"
"GEN24_1088092","No other reason"
"GEN24_1088096","Holiday / vacation"
"GEN24_1088099","No other reason"
"GEN24_1088103","Holiday / vacation"
"GEN24_1088113","VFR"
"GEN24_1088116","No other reason"
"GEN24_1088135","No other reason"
"GEN24_1088141","No other reason"
"GEN24_1088146","Holiday / vacation"
"GEN24_1088149","No other reason"
"GEN24_1088151","VFR"
"GEN24_1088156","No other reason"
"GEN24_1088182","No other reason"
"GEN24_1088200","Holiday / vacation"
"GEN24_1088200","VFR"
"GEN24_1088216","No other reason"
"GEN24_1088220","Holiday / vacation"
"GEN24_1088222","No other reason"
"GEN24_1088223","Holiday / vacation"
"GEN24_1088227","VFR"
"GEN24_1088232","VFR"
"GEN24_1088237","VFR"
"GEN24_1088238","Education"
"GEN24_1088246","No other reason"
"GEN24_1088256","No other reason"
"GEN24_1088259","VFR"
"GEN24_1088264","No other reason"
"GEN24_1088265","No other reason"
"GEN24_1088267","No other reason"
"GEN24_1088272","Holiday / vacation"
"GEN24_1088280","No other reason"
"GEN24_1088284","No other reason"
"GEN24_1088287","No other reason"
"GEN24_1088288","Holiday / vacation"
"GEN24_1088296","No other reason"
"GEN24_1088297","No other reason"
"GEN24_1088299","No other reason"
"GEN24_1088309","No other reason"
"GEN24_1088334","No other reason"
"GEN24_1088339","Holiday / vacation"
"GEN24_1088342","No other reason"
"GEN24_1088361","Holiday / vacation"
"GEN24_1088373","No other reason"
"GEN24_1088376","VFR"
"GEN24_1088381","Holiday / vacation"
"GEN24_1088382","No other reason"
"GEN24_1088390","Holiday / vacation"
"GEN24_1088418","Holiday / vacation"
"GEN24_1088422","No other reason"
"GEN24_1088435","Other"
"GEN24_1088443","Holiday / vacation"
"GEN24_1088449","Holiday / vacation"
"GEN24_1088452","VFR"
"GEN24_1088454","Holiday / vacation"
"GEN24_1088459","No other reason"
"GEN24_1088461","No other reason"
"GEN24_1088466","Holiday / vacation"
"GEN24_1088467","VFR"
"GEN24_1088468","No other reason"
"GEN24_1088473","No other reason"
"GEN24_1088478","No other reason"
"GEN24_1088484","VFR"
"GEN24_1088485","VFR"
"GEN24_1088490","VFR"
"GEN24_1088493","Other"
"GEN24_1088504","Holiday / vacation"
"GEN24_1088517","No other reason"
"GEN24_1088521","VFR"
"GEN24_1088534","VFR"
"GEN24_1088535","No other reason"
"GEN24_1088536","No other reason"
"GEN24_1088538","Holiday / vacation"
"GEN24_1088540","No other reason"
"GEN24_1088542","No other reason"
"GEN24_1088548","No other reason"
"GEN24_1088563","No other reason"
"GEN24_1088569","Holiday / vacation"
"GEN24_1088573","VFR"
"GEN24_1088586","No other reason"
"GEN24_1088592","VFR"
"GEN24_1088596","Conference / convention"
"GEN24_1088599","No other reason"
"GEN24_1088602","No other reason"
"GEN24_1088610","No other reason"
"GEN24_1088622","Holiday / vacation"
"GEN24_1088628","Holiday / vacation"
"GEN24_1088638","No other reason"
"GEN24_1088639","No other reason"
"GEN24_1088644","Holiday / vacation"
"GEN24_1088645","Business"
"GEN24_1088646","VFR"
"GEN24_1088648","No other reason"
"GEN24_1088652","VFR"
"GEN24_1088653","No other reason"
"GEN24_1088655","Holiday / vacation"
"GEN24_1088660","No other reason"
"GEN24_1088663","No other reason"
"GEN24_1088674","Holiday / vacation"
"GEN24_1088677","Holiday / vacation"
"GEN24_1088680","No other reason"
"GEN24_1088684","Holiday / vacation"
"GEN24_1088693","Holiday / vacation"
"GEN24_1088695","Holiday / vacation"
"GEN24_1088696","Holiday / vacation"
"GEN24_1088699","No other reason"
"GEN24_1088700","VFR"
"GEN24_1088702","No other reason"
"GEN24_1088704","VFR"
"GEN24_1088705","VFR"
"GEN24_1088732","No other reason"
"GEN24_1088740","No other reason"
"GEN24_1088753","No other reason"
"GEN24_1088756","Holiday / vacation"
"GEN24_1088758","Holiday / vacation"
"GEN24_1088763","No other reason"
"GEN24_1088765","No other reason"
"GEN24_1088769","Holiday / vacation"
"GEN24_1088779","Holiday / vacation"
"GEN24_1088780","Holiday / vacation"
"GEN24_1088781","No other reason"
"GEN24_1088782","No other reason"
"GEN24_1088790","Holiday / vacation"
"GEN24_1088791","No other reason"
"GEN24_1088815","No other reason"
"GEN24_1088819","VFR"
"GEN24_1088825","No other reason"
"GEN24_1088828","No other reason"
"GEN24_1088840","No other reason"
"GEN24_1088841","No other reason"
"GEN24_1088846","Other"
"GEN24_1088849","No other reason"
"GEN24_1088860","No other reason"
"GEN24_1088876","No other reason"
"GEN24_1088877","No other reason"
"GEN24_1088881","No other reason"
"GEN24_1088888","No other reason"
"GEN24_1088903","No other reason"
"GEN24_1088904","No other reason"
"GEN24_1088912","No other reason"
"GEN24_1088914","No other reason"
"GEN24_1088915","VFR"
"GEN24_1088918","No other reason"
"GEN24_1088920","No other reason"
"GEN24_1088923","No other reason"
"GEN24_1088926","No other reason"
"GEN24_1088928","No other reason"
"GEN24_1088933","VFR"
"GEN24_1088934","VFR"
"GEN24_1088937","VFR"
"GEN24_1088949","No other reason"
"GEN24_1088953","VFR"
"GEN24_1088958","Holiday / vacation"
"GEN24_1088961","VFR"
"GEN24_1088964","No other reason"
"GEN24_1088975","No other reason"
"GEN24_1088988","No other reason"
"GEN24_1088991","Other"
"GEN24_1088994","No other reason"
"GEN24_1088998","No other reason"
"GEN24_1088999","No other reason"
"GEN24_1089000","No other reason"
"GEN24_1089002","No other reason"
"GEN24_1089016","No other reason"
"GEN24_1089017","No other reason"
"GEN24_1089019","No other reason"
"GEN24_1089026","Holiday / vacation"
"GEN24_1089043","Holiday / vacation"
"GEN24_1089051","No other reason"
"GEN24_1089059","VFR"
"GEN24_1089062","No other reason"
"GEN24_1089067","Holiday / vacation"
"GEN24_1089071","Holiday / vacation"
"GEN24_1089071","VFR"
"GEN24_1089073","No other reason"
"GEN24_1089075","Business"
"GEN24_1089077","No other reason"
"GEN24_1089084","Holiday / vacation"
"GEN24_1089092","No other reason"
"GEN24_1089093","Holiday / vacation"
"GEN24_1089097","No other reason"
"GEN24_1089109","No other reason"
"GEN24_1089128","No other reason"
"GEN24_1089129","Holiday / vacation"
"GEN24_1089132","VFR"
"GEN24_1089133","VFR"
"GEN24_1089138","Other"
"GEN24_1089145","No other reason"
"GEN24_1089148","Other"
"GEN24_1089157","No other reason"
"GEN24_1089160","No other reason"
"GEN24_1089161","No other reason"
"GEN24_1089163","No other reason"
"GEN24_1089166","No other reason"
"GEN24_1089175","No other reason"
"GEN24_1089177","Other"
"GEN24_1089180","No other reason"
"GEN24_1089183","Holiday / vacation"
"GEN24_1089189","No other reason"
"GEN24_1089195","No other reason"
"GEN24_1089202","No other reason"
"GEN24_1089220","No other reason"
"GEN24_1089229","No other reason"
"GEN24_1089258","No other reason"
"GEN24_1089267","No other reason"
"GEN24_1089270","Holiday / vacation"
"GEN24_1089276","No other reason"
"GEN24_1089278","No other reason"
"GEN24_1089279","No other reason"
"GEN24_1089280","Holiday / vacation"
"GEN24_1089283","Holiday / vacation"
"GEN24_1089284","No other reason"
"GEN24_1089291","No other reason"
"GEN24_1089292","No other reason"
"GEN24_1089295","No other reason"
"GEN24_1089296","No other reason"
"GEN24_1089299","No other reason"
"GEN24_1089304","Holiday / vacation"
"GEN24_1089307","No other reason"
"GEN24_1089315","No other reason"
"GEN24_1089318","No other reason"
"GEN24_1089319","Holiday / vacation"
"GEN24_1089325","Holiday / vacation"
"GEN24_1089327","VFR"
"GEN24_1089330","Holiday / vacation"
"GEN24_1089339","No other reason"
"GEN24_1089344","No other reason"
"GEN24_1089349","No other reason"
"GEN24_1089350","No other reason"
"GEN24_1089351","No other reason"
"GEN24_1089359","No other reason"
"GEN24_1089389","Holiday / vacation"
"GEN24_1089396","No other reason"
"GEN24_1089409","No other reason"
"GEN24_1089410","VFR"
"GEN24_1089418","Holiday / vacation"
"GEN24_1089423","No other reason"
"GEN24_1089424","VFR"
"GEN24_1089425","No other reason"
"GEN24_1089429","Other"
"GEN24_1089431","Holiday / vacation"
"GEN24_1089432","No other reason"
"GEN24_1089434","No other reason"
"GEN24_1089435","No other reason"
"GEN24_1089438","VFR"
"GEN24_1089441","No other reason"
"GEN24_1089442","No other reason"
"GEN24_1089443","Holiday / vacation"
"GEN24_1089444","No other reason"
"GEN24_1089446","VFR"
"GEN24_1089447","Holiday / vacation"
"GEN24_1089452","No other reason"
"GEN24_1089453","Holiday / vacation"
"GEN24_1089456","No other reason"
"GEN24_1089458","No other reason"
"GEN24_1089462","Other"
"GEN24_1089467","No other reason"
"GEN24_1089470","No other reason"
"GEN24_1089471","No other reason"
"GEN24_1089473","VFR"
"GEN24_1089475","No other reason"
"GEN24_1089477","No other reason"
"GEN24_1089478","No other reason"
"GEN24_1089480","No other reason"
"GEN24_1089482","Other"
"GEN24_1089482","VFR"
"GEN24_1089483","No other reason"
"GEN24_1089492","VFR"
"GEN24_1089493","No other reason"
"GEN24_1089497","No other reason"
"GEN24_1089501","No other reason"
"GEN24_1089505","No other reason"
"GEN24_1089507","No other reason"
"GEN24_1089512","Holiday / vacation"
"GEN24_1089515","Holiday / vacation"
"GEN24_1089522","No other reason"
"GEN24_1089523","Education"
"GEN24_1089523","VFR"
"GEN24_1089526","No other reason"
"GEN24_1089529","Holiday / vacation"
"GEN24_1089530","No other reason"
"GEN24_1089533","Holiday / vacation"
"GEN24_1089534","VFR"
"GEN24_1089550","No other reason"
"GEN24_1089552","No other reason"
"GEN24_1089556","No other reason"
"GEN24_1089560","No other reason"
"GEN24_1089561","Holiday / vacation"
"GEN24_1089563","VFR"
"GEN24_1089572","No other reason"
"GEN24_1089596","Other"
"GEN24_1089601","VFR"
"GEN24_1089602","Holiday / vacation"
"GEN24_1089603","Holiday / vacation"
"GEN24_1089604","No other reason"
"GEN24_1089617","Other"
"GEN24_1089623","No other reason"
"GEN24_1089627","VFR"
"GEN24_1089630","Holiday / vacation"
"GEN24_1089631","No other reason"
"GEN24_1089639","Other"
"GEN24_1089644","No other reason"
"GEN24_1089658","No other reason"
"GEN24_1089659","No other reason"
"GEN24_1089660","No other reason"
"GEN24_1089666","Holiday / vacation"
"GEN24_1089669","Holiday / vacation"
"GEN24_1089671","Holiday / vacation"
"GEN24_1089676","No other reason"
"GEN24_1089677","VFR"
"GEN24_1089683","No other reason"
"GEN24_1089690","No other reason"
"GEN24_1089691","Holiday / vacation"
"GEN24_1089695","Other"
"GEN24_1089697","No other reason"
"GEN24_1089699","No other reason"
"GEN24_1089702","No other reason"
"GEN24_1089708","Holiday / vacation"
"GEN24_1089716","Holiday / vacation"
"GEN24_1089719","No other reason"
"GEN24_1089723","No other reason"
"GEN24_1089738","No other reason"
"GEN24_1089746","No other reason"
"GEN24_1089748","No other reason"
"GEN24_1089749","VFR"
"GEN24_1089750","VFR"
"GEN24_1089754","No other reason"
"GEN24_1089776","No other reason"
"GEN24_1089779","VFR"
"GEN24_1089783","No other reason"
"GEN24_1089790","No other reason"
"GEN24_1089793","No other reason"
"GEN24_1089796","No other reason"
"GEN24_1089806","No other reason"
"GEN24_1089807","No other reason"
"GEN24_1089816","No other reason"
"GEN24_1089818","VFR"
"GEN24_1089822","No other reason"
"GEN24_1089830","VFR"
"GEN24_1089836","Holiday / vacation"
"GEN24_1089853","No other reason"
"GEN24_1089857","Holiday / vacation"
"GEN24_1089858","No other reason"
"GEN24_1089861","Holiday / vacation"
"GEN24_1089892","Conference / convention"
"GEN24_1089894","VFR"
"GEN24_1089895","VFR"
"GEN24_1089896","No other reason"
"GEN24_1089902","No other reason"
"GEN24_1089903","Holiday / vacation"
"GEN24_1089907","No other reason"
"GEN24_1089908","No other reason"
"GEN24_1089913","No other reason"
"GEN24_1089916","No other reason"
"GEN24_1089918","No other reason"
"GEN24_1089924","No other reason"
"GEN24_1089926","No other reason"
"GEN24_1089927","VFR"
"GEN24_1089928","No other reason"
"GEN24_1089929","Other"
"GEN24_1089931","No other reason"
"GEN24_1089932","No other reason"
"GEN24_1089934","Holiday / vacation"
"GEN24_1089935","No other reason"
"GEN24_1089949","No other reason"
"GEN24_1089960","No other reason"
"GEN24_1089978","No other reason"
"GEN24_1089984","No other reason"
"GEN24_1089986","VFR"
"GEN24_1090002","No other reason"
"GEN24_1090005","No other reason"
"GEN24_1090007","No other reason"
"GEN24_1090009","VFR"
"GEN24_1090011","No other reason"
"GEN24_1090014","No other reason"
"GEN24_1090021","VFR"
"GEN24_1090026","No other reason"
"GEN24_1090036","No other reason"
"GEN24_1090037","VFR"
"GEN24_1090042","No other reason"
"GEN24_1090052","No other reason"
"GEN24_1090058","Holiday / vacation"
"GEN24_1090059","No other reason"
"GEN24_1090063","No other reason"
"GEN24_1090065","No other reason"
"GEN24_1090068","No other reason"
"GEN24_1090071","No other reason"
"GEN24_1090072","Holiday / vacation"
"GEN24_1090082","No other reason"
"GEN24_1090086","No other reason"
"GEN24_1090091","No other reason"
"GEN24_1090092","Other"
"GEN24_1090095","Holiday / vacation"
"GEN24_1090102","No other reason"
"GEN24_1090104","No other reason"
"GEN24_1090107","No other reason"
"GEN24_1090111","VFR"
"GEN24_1090115","No other reason"
"GEN24_1090117","Holiday / vacation"
"GEN24_1090149","Education"
"GEN24_1090170","No other reason"
"GEN24_1090174","No other reason"
"GEN24_1090177","Other"
"GEN24_1090178","No other reason"
"GEN24_1090182","Holiday / vacation"
"GEN24_1090185","No other reason"
"GEN24_1090192","No other reason"
"GEN24_1090196","No other reason"
"GEN24_1090205","No other reason"
"GEN24_1090206","No other reason"
"GEN24_1090208","No other reason"
"GEN24_1090209","No other reason"
"GEN24_1090210","No other reason"
"GEN24_1090217","No other reason"
"GEN24_1090220","No other reason"
"GEN24_1090224","Holiday / vacation"
"GEN24_1090226","No other reason"
"GEN24_1090231","Holiday / vacation"
"GEN24_1090232","No other reason"
"GEN24_1090237","Holiday / vacation"
"GEN24_1090248","No other reason"
"GEN24_1090252","Holiday / vacation"
"GEN24_1090255","VFR"
"GEN24_1090262","No other reason"
"GEN24_1090274","No other reason"
"GEN24_1090283","VFR"
"GEN24_1090287","No other reason"
"GEN24_1090290","No other reason"
"GEN24_1090292","Holiday / vacation"
"GEN24_1090294","Other"
"GEN24_1090297","No other reason"
"GEN24_1090299","Holiday / vacation"
"GEN24_1090302","VFR"
"GEN24_1090303","Holiday / vacation"
"GEN24_1090313","VFR"
"GEN24_1090321","No other reason"
"GEN24_1090335","No other reason"
"GEN24_1090337","Education"
"GEN24_1090338","No other reason"
"GEN24_1090340","No other reason"
"GEN24_1090341","VFR"
"GEN24_1090344","Holiday / vacation"
"GEN24_1090348","No other reason"
"GEN24_1090354","VFR"
"GEN24_1090357","No other reason"
"GEN24_1090360","No other reason"
"GEN24_1090361","Holiday / vacation"
"GEN24_1090362","No other reason"
"GEN24_1090368","No other reason"
"GEN24_1090374","No other reason"
"GEN24_1090376","VFR"
"GEN24_1090381","Holiday / vacation"
"GEN24_1090383","No other reason"
"GEN24_1090385","No other reason"
"GEN24_1090386","Holiday / vacation"
"GEN24_1090391","No other reason"
"GEN24_1090394","No other reason"
"GEN24_1090396","No other reason"
"GEN24_1090400","No other reason"
"GEN24_1090402","No other reason"
"GEN24_1090403","VFR"
"GEN24_1090406","VFR"
"GEN24_1090411","Other"
"GEN24_1090417","No other reason"
"GEN24_1090418","No other reason"
"GEN24_1090424","No other reason"
"GEN24_1090425","No other reason"
"GEN24_1090428","Holiday / vacation"
"GEN24_1090432","Holiday / vacation"
"GEN24_1090433","No other reason"
"GEN24_1090436","No other reason"
"GEN24_1090440","Holiday / vacation"
"GEN24_1090442","No other reason"
"GEN24_1090444","No other reason"
"GEN24_1090447","Holiday / vacation"
"GEN24_1090452","VFR"
"GEN24_1090453","Other"
"GEN24_1090455","Holiday / vacation"
"GEN24_1090457","VFR"
"GEN24_1090460","No other reason"
"GEN24_1090461","Holiday / vacation"
"GEN24_1090464","No other reason"
"GEN24_1090467","No other reason"
"GEN24_1090468","VFR"
"GEN24_1090471","Holiday / vacation"
"GEN24_1090473","No other reason"
"GEN24_1090477","No other reason"
"GEN24_1090481","No other reason"
"GEN24_1090487","No other reason"
"GEN24_1090488","Other"
"GEN24_1090512","Other"
"GEN24_1090517","No other reason"
"GEN24_1090519","No other reason"
"GEN24_1090528","Holiday / vacation"
"GEN24_1090529","No other reason"
"GEN24_1090531","No other reason"
"GEN24_1090534","No other reason"
"GEN24_1090535","No other reason"
"GEN24_1090538","VFR"
"GEN24_1090539","VFR"
"GEN24_1090541","VFR"
"GEN24_1090545","No other reason"
"GEN24_1090555","Holiday / vacation"
"GEN24_1090558","No other reason"
"GEN24_1090568","No other reason"
"GEN24_1090572","No other reason"
"GEN24_1090578","VFR"
"GEN24_1090582","No other reason"
"GEN24_1090592","No other reason"
"GEN24_1090593","Education"
"GEN24_1090598","Holiday / vacation"
"GEN24_1090599","VFR"
"GEN24_1090605","No other reason"
"GEN24_1090608","Holiday / vacation"
"GEN24_1090611","Holiday / vacation"
"GEN24_1090619","Holiday / vacation"
"GEN24_1090620","No other reason"
"GEN24_1090623","No other reason"
"GEN24_1090625","Holiday / vacation"
"GEN24_1090626","Business"
"GEN24_1090632","Holiday / vacation"
"GEN24_1090646","No other reason"
"GEN24_1090651","VFR"
"GEN24_1090658","No other reason"
"GEN24_1090667","No other reason"
"GEN24_1090668","No other reason"
"GEN24_1090670","Holiday / vacation"
"GEN24_1090676","Holiday / vacation"
"GEN24_1090677","VFR"
"GEN24_1090682","No other reason"
"GEN24_1090684","VFR"
"GEN24_1090685","Holiday / vacation"
"GEN24_1090688","Holiday / vacation"
"GEN24_1090690","VFR"
"GEN24_1090691","VFR"
"GEN24_1090693","VFR"
"GEN24_1090695","Holiday / vacation"
"GEN24_1090696","No other reason"
"GEN24_1090697","VFR"
"GEN24_1090698","Holiday / vacation"
"GEN24_1090701","Holiday / vacation"
"GEN24_1090703","Holiday / vacation"
"GEN24_1090707","No other reason"
"GEN24_1090714","No other reason"
"GEN24_1090715","No other reason"
"GEN24_1090720","Other"
"GEN24_1090722","No other reason"
"GEN24_1090739","No other reason"
"GEN24_1090742","VFR"
"GEN24_1090744","No other reason"
"GEN24_1090745","No other reason"
"GEN24_1090749","Holiday / vacation"
"GEN24_1090755","No other reason"
"GEN24_1090756","No other reason"
"GEN24_1090760","No other reason"
"GEN24_1090763","No other reason"
"GEN24_1090765","Holiday / vacation"
"GEN24_1090767","No other reason"
"GEN24_1090773","VFR"
"GEN24_1090779","No other reason"
"GEN24_1090781","No other reason"
"GEN24_1090782","VFR"
"GEN24_1090783","No other reason"
"GEN24_1090787","VFR"
"GEN24_1090791","Other"
"GEN24_1090795","VFR"
"GEN24_1090801","No other reason"
"GEN24_1090808","VFR"
"GEN24_1090809","Holiday / vacation"
"GEN24_1090812","Holiday / vacation"
"GEN24_1090818","No other reason"
"GEN24_1090824","No other reason"
"GEN24_1090826","No other reason"
"GEN24_1090833","No other reason"
"GEN24_1090843","No other reason"
"GEN24_1090866","Other"
"GEN24_1090893","No other reason"
"GEN24_1090896","Other"
"GEN24_1090897","No other reason"
"GEN24_1090898","No other reason"
"GEN24_1090902","VFR"
"GEN24_1090914","Holiday / vacation"
"GEN24_1090920","Holiday / vacation"
"GEN24_1090923","No other reason"
"GEN24_1090929","No other reason"
"GEN24_1090930","Holiday / vacation"
"GEN24_1090930","Other"
"GEN24_1090936","No other reason"
"GEN24_1090939","No other reason"
"GEN24_1090940","No other reason"
"GEN24_1090941","Holiday / vacation"
"GEN24_1090948","Conference / convention"
"GEN24_1090949","No other reason"
"GEN24_1090950","VFR"
"GEN24_1090952","No other reason"
"GEN24_1090953","Business"
"GEN24_1090955","Holiday / vacation"
"GEN24_1090957","Holiday / vacation"
"GEN24_1090958","No other reason"
"GEN24_1090968","No other reason"
"GEN24_1090970","No other reason"
"GEN24_1090977","Holiday / vacation"
"GEN24_1090979","No other reason"
"GEN24_1090980","No other reason"
"GEN24_1090987","Holiday / vacation"
"GEN24_1091003","No other reason"
"GEN24_1091004","No other reason"
"GEN24_1091006","No other reason"
"GEN24_1091008","Holiday / vacation"
"GEN24_1091009","Holiday / vacation"
"GEN24_1091011","No other reason"
"GEN24_1091019","Other"
"GEN24_1091022","Other"
"GEN24_1091026","No other reason"
"GEN24_1091028","No other reason"
"GEN24_1091029","Holiday / vacation"
"GEN24_1091041","No other reason"
"GEN24_1091043","Holiday / vacation"
"GEN24_1091046","Other"
"GEN24_1091048","No other reason"
"GEN24_1091049","Other"
"GEN24_1091050","No other reason"
"GEN24_1091058","Holiday / vacation"
"GEN24_1091082","Holiday / vacation"
"GEN24_1091085","No other reason"
"GEN24_1091089","Other"
"GEN24_1091126","Holiday / vacation"
"GEN24_1091130","Holiday / vacation"
"GEN24_1091132","Holiday / vacation"
"GEN24_1091133","VFR"
"GEN24_1091136","No other reason"
"GEN24_1091138","No other reason"
"GEN24_1091140","No other reason"
"GEN24_1091142","No other reason"
"GEN24_1091144","VFR"
"GEN24_1091146","Other"
"GEN24_1091147","No other reason"
"GEN24_1091151","No other reason"
"GEN24_1091152","No other reason"
"GEN24_1091153","Education"
"GEN24_1091154","No other reason"
"GEN24_1091159","Holiday / vacation"
"GEN24_1091160","No other reason"
"GEN24_1091163","VFR"
"GEN24_1091164","Holiday / vacation"
"GEN24_1091175","VFR"
"GEN24_1091176","VFR"
"GEN24_1091178","No other reason"
"GEN24_1091183","Holiday / vacation"
"GEN24_1091184","No other reason"
"GEN24_1091190","Holiday / vacation"
"GEN24_1091194","No other reason"
"GEN24_1091198","VFR"
"GEN24_1091200","No other reason"
"GEN24_1091201","Holiday / vacation"
"GEN24_1091208","No other reason"
"GEN24_1091212","Holiday / vacation"
"GEN24_1091214","No other reason"
"GEN24_1091217","VFR"
"GEN24_1091224","VFR"
"GEN24_1091226","No other reason"
"GEN24_1091227","Holiday / vacation"
"GEN24_1091227","Other"
"GEN24_1091228","VFR"
"GEN24_1091229","No other reason"
"GEN24_1091231","Holiday / vacation"
"GEN24_1091235","Other"
"GEN24_1091242","No other reason"
"GEN24_1091247","Education"
"GEN24_1091255","Holiday / vacation"
"GEN24_1091259","VFR"
"GEN24_1091270","No other reason"
"GEN24_1091271","No other reason"
"GEN24_1091276","No other reason"
"GEN24_1091294","VFR"
"GEN24_1091301","No other reason"
"GEN24_1091304","VFR"
"GEN24_1091313","No other reason"
"GEN24_1091324","Education"
"GEN24_1091324","VFR"
"GEN24_1091331","No other reason"
"GEN24_1091337","No other reason"
"GEN24_1091342","No other reason"
"GEN24_1091343","No other reason"
"GEN24_1091346","Holiday / vacation"
"GEN24_1091354","No other reason"
"GEN24_1091355","No other reason"
"GEN24_1091359","No other reason"
"GEN24_1091363","No other reason"
"GEN24_1091365","No other reason"
"GEN24_1091372","No other reason"
"GEN24_1091374","No other reason"
"GEN24_1091381","No other reason"
"GEN24_1091388","Holiday / vacation"
"GEN24_1091388","VFR"
"GEN24_1091396","Holiday / vacation"
"GEN24_1091398","No other reason"
"GEN24_1091402","No other reason"
"GEN24_1091407","No other reason"
"GEN24_1091408","Holiday / vacation"
"GEN24_1091424","Holiday / vacation"
"GEN24_1091425","No other reason"
"GEN24_1091442","Other"
"GEN24_1091443","No other reason"
"GEN24_1091444","No other reason"
"GEN24_1091453","No other reason"
"GEN24_1091458","VFR"
"GEN24_1091463","No other reason"
"GEN24_1091465","No other reason"
"GEN24_1091466","Other"
"GEN24_1091476","Holiday / vacation"
"GEN24_1091477","No other reason"
"GEN24_1091478","Holiday / vacation"
"GEN24_1091480","No other reason"
"GEN24_1091487","No other reason"
"GEN24_1091495","No other reason"
"GEN24_1091508","VFR"
"GEN24_1091509","Other"
"GEN24_1091512","No other reason"
"GEN24_1091523","No other reason"
"GEN24_1091540","No other reason"
"GEN24_1091547","Holiday / vacation"
"GEN24_1091551","No other reason"
"GEN24_1091555","No other reason"
"GEN24_1091558","No other reason"
"GEN24_1091560","No other reason"
"GEN24_1091568","No other reason"
"GEN24_1091569","No other reason"
"GEN24_1091571","No other reason"
"GEN24_1091573","Other"
"GEN24_1091574","No other reason"
"GEN24_1091575","Other"
"GEN24_1091577","Holiday / vacation"
"GEN24_1091580","No other reason"
"GEN24_1091582","Education"
"GEN24_1091586","No other reason"
"GEN24_1091587","VFR"
"GEN24_1091590","No other reason"
"GEN24_1091591","No other reason"
"GEN24_1091595","No other reason"
"GEN24_1091606","No other reason"
"GEN24_1091608","No other reason"
"GEN24_1091609","No other reason"
"GEN24_1091624","Other"
"GEN24_1091625","VFR"
"GEN24_1091627","Holiday / vacation"
"GEN24_1091636","Holiday / vacation"
"GEN24_1091643","No other reason"
"GEN24_1091644","No other reason"
"GEN24_1091650","Holiday / vacation"
"GEN24_1091653","No other reason"
"GEN24_1091656","Holiday / vacation"
"GEN24_1091658","No other reason"
"GEN24_1091664","No other reason"
"GEN24_1091665","Holiday / vacation"
"GEN24_1091667","No other reason"
"GEN24_1091670","Holiday / vacation"
"GEN24_1091674","No other reason"
"GEN24_1091686","Education"
"GEN24_1091690","No other reason"
"GEN24_1091693","No other reason"
"GEN24_1091696","No other reason"
"GEN24_1091705","Holiday / vacation"
"GEN24_1091719","No other reason"
"GEN24_1091724","No other reason"
"GEN24_1091729","VFR"
"GEN24_1091730","No other reason"
"GEN24_1091731","No other reason"
"GEN24_1091732","VFR"
"GEN24_1091733","Holiday / vacation"
"GEN24_1091737","No other reason"
"GEN24_1091738","Conference / convention"
"GEN24_1091746","No other reason"
"GEN24_1091751","VFR"
"GEN24_1091756","Holiday / vacation"
"GEN24_1091762","No other reason"
"GEN24_1091768","Other"
"GEN24_1091768","VFR"
"GEN24_1091771","No other reason"
"GEN24_1091773","No other reason"
"GEN24_1091781","No other reason"
"GEN24_1091782","No other reason"
"GEN24_1091783","Holiday / vacation"
"GEN24_1091787","No other reason"
"GEN24_1091796","VFR"
"GEN24_1091797","No other reason"
"GEN24_1091798","VFR"
"GEN24_1091811","VFR"
"GEN24_1091816","No other reason"
"GEN24_1091819","Holiday / vacation"
"GEN24_1091821","Holiday / vacation"
"GEN24_1091824","Conference / convention"
"GEN24_1091831","No other reason"
"GEN24_1091833","Holiday / vacation"
"GEN24_1091834","Holiday / vacation"
"GEN24_1091841","No other reason"
"GEN24_1091844","No other reason"
"GEN24_1091845","No other reason"
"GEN24_1091849","No other reason"
"GEN24_1091851","No other reason"
"GEN24_1091855","No other reason"
"GEN24_1091882","Holiday / vacation"
"GEN24_1091890","Conference / convention"
"GEN24_1091894","No other reason"
"GEN24_1091898","No other reason"
"GEN24_1091901","Holiday / vacation"
"GEN24_1091905","Holiday / vacation"
"GEN24_1091909","No other reason"
"GEN24_1091911","No other reason"
"GEN24_1091913","No other reason"
"GEN24_1091917","Holiday / vacation"
"GEN24_1091923","Education"
"GEN24_1091928","VFR"
"GEN24_1091933","Holiday / vacation"
"GEN24_1091936","No other reason"
"GEN24_1091944","Holiday / vacation"
"GEN24_1091953","Holiday / vacation"
"GEN24_1091954","VFR"
"GEN24_1091955","Holiday / vacation"
"GEN24_1091960","No other reason"
"GEN24_1091973","VFR"
"GEN24_1091978","VFR"
"GEN24_1091979","No other reason"
"GEN24_1091982","Holiday / vacation"
"GEN24_1091986","No other reason"
"GEN24_1091989","Education"
"GEN24_1091991","No other reason"
"GEN24_1092002","No other reason"
"GEN24_1092004","No other reason"
"GEN24_1092010","Other"
"GEN24_1092013","No other reason"
"GEN24_1092014","No other reason"
"GEN24_1092015","Holiday / vacation"
"GEN24_1092021","VFR"
"GEN24_1092022","Other"
"GEN24_1092023","No other reason"
"GEN24_1092033","VFR"
"GEN24_1092048","Holiday / vacation"
"GEN24_1092056","No other reason"
"GEN24_1092059","Business"
"GEN24_1092083","No other reason"
"GEN24_1092094","No other reason"
"GEN24_1092100","Other"
"GEN24_1092104","No other reason"
"GEN24_1092108","Holiday / vacation"
"GEN24_1092113","No other reason"
"GEN24_1092116","No other reason"
"GEN24_1092118","VFR"
"GEN24_1092124","No other reason"
"GEN24_1092126","No other reason"
"GEN24_1092129","No other reason"
"GEN24_1092134","No other reason"
"GEN24_1092137","No other reason"
"GEN24_1092138","No other reason"
"GEN24_1092140","VFR"
"GEN24_1092142","No other reason"
"GEN24_1092148","VFR"
"GEN24_1092154","No other reason"
"GEN24_1092157","VFR"
"GEN24_1092158","No other reason"
"GEN24_1092161","No other reason"
"GEN24_1092168","No other reason"
"GEN24_1092169","Holiday / vacation"
"GEN24_1092173","VFR"
"GEN24_1092177","No other reason"
"GEN24_1092184","No other reason"
"GEN24_1092192","VFR"
"GEN24_1092195","No other reason"
"GEN24_1092202","VFR"
"GEN24_1092205","Holiday / vacation"
"GEN24_1092210","Holiday / vacation"
"GEN24_1092213","VFR"
"GEN24_1092214","Holiday / vacation"
"GEN24_1092215","No other reason"
"GEN24_1092224","VFR"
"GEN24_1092228","Education"
"GEN24_1092233","VFR"
"GEN24_1092234","No other reason"
"GEN24_1092235","Holiday / vacation"
"GEN24_1092245","VFR"
"GEN24_1092259","No other reason"
"GEN24_1092261","Holiday / vacation"
"GEN24_1092264","No other reason"
"GEN24_1092274","Other"
"GEN24_1092275","No other reason"
"GEN24_1092286","Holiday / vacation"
"GEN24_1092299","No other reason"
"GEN24_1092300","Education"
"GEN24_1092300","VFR"
"GEN24_1092307","No other reason"
"GEN24_1092316","No other reason"
"GEN24_1092323","No other reason"
"GEN24_1092327","No other reason"
"GEN24_1092330","Holiday / vacation"
"GEN24_1092331","No other reason"
"GEN24_1092333","No other reason"
"GEN24_1092337","Other"
"GEN24_1092338","No other reason"
"GEN24_1092352","No other reason"
"GEN24_1092353","Holiday / vacation"
"GEN24_1092354","No other reason"
"GEN24_1092355","No other reason"
"GEN24_1092357","VFR"
"GEN24_1092367","VFR"
"GEN24_1092370","VFR"
"GEN24_1092373","VFR"
"GEN24_1092377","No other reason"
"GEN24_1092384","No other reason"
"GEN24_1092394","No other reason"
"GEN24_1092403","VFR"
"GEN24_1092419","Other"
"GEN24_1092430","VFR"
"GEN24_1092436","No other reason"
"GEN24_1092441","No other reason"
"GEN24_1092445","No other reason"
"GEN24_1092454","VFR"
"GEN24_1092456","VFR"
"GEN24_1092464","Holiday / vacation"
"GEN24_1092469","No other reason"
"GEN24_1092470","No other reason"
"GEN24_1092472","Holiday / vacation"
"GEN24_1092473","No other reason"
"GEN24_1092476","No other reason"
"GEN24_1092479","No other reason"
"GEN24_1092481","No other reason"
"GEN24_1092482","No other reason"
"GEN24_1092489","No other reason"
"GEN24_1092494","No other reason"
"GEN24_1092496","Holiday / vacation"
"GEN24_1092498","Holiday / vacation"
"GEN24_1092504","Holiday / vacation"
"GEN24_1092511","No other reason"
"GEN24_1092512","No other reason"
"GEN24_1092513","No other reason"
"GEN24_1092515","No other reason"
"GEN24_1092516","Holiday / vacation"
"GEN24_1092525","No other reason"
"GEN24_1092527","Holiday / vacation"
"GEN24_1092528","VFR"
"GEN24_1092529","VFR"
"GEN24_1092534","No other reason"
"GEN24_1092535","No other reason"
"GEN24_1092543","No other reason"
"GEN24_1092545","VFR"
"GEN24_1092556","No other reason"
"GEN24_1092560","Holiday / vacation"
"GEN24_1092561","No other reason"
"GEN24_1092562","No other reason"
"GEN24_1092565","No other reason"
"GEN24_1092572","No other reason"
"GEN24_1092573","Holiday / vacation"
"GEN24_1092576","Holiday / vacation"
"GEN24_1092577","Holiday / vacation"
"GEN24_1092585","No other reason"
"GEN24_1092590","Holiday / vacation"
"GEN24_1092592","Education"
"GEN24_1092592","Holiday / vacation"
"GEN24_1092596","No other reason"
"GEN24_1092597","No other reason"
"GEN24_1092602","Holiday / vacation"
"GEN24_1092607","No other reason"
"GEN24_1092609","No other reason"
"GEN24_1092612","VFR"
"GEN24_1092629","Education"
"GEN24_1092638","No other reason"
"GEN24_1092639","Education"
"GEN24_1092640","No other reason"
"GEN24_1092653","No other reason"
"GEN24_1092663","No other reason"
"GEN24_1092664","No other reason"
"GEN24_1092665","No other reason"
"GEN24_1092672","No other reason"
"GEN24_1092678","No other reason"
"GEN24_1092684","No other reason"
"GEN24_1092685","No other reason"
"GEN24_1092686","No other reason"
"GEN24_1092688","No other reason"
"GEN24_1092690","Holiday / vacation"
"GEN24_1092691","Holiday / vacation"
"GEN24_1092697","No other reason"
"GEN24_1092702","VFR"
"GEN24_1092703","VFR"
"GEN24_1092705","Holiday / vacation"
"GEN24_1092709","Holiday / vacation"
"GEN24_1092710","No other reason"
"GEN24_1092712","No other reason"
"GEN24_1092715","No other reason"
"GEN24_1092722","No other reason"
"GEN24_1092723","Holiday / vacation"
"GEN24_1092727","No other reason"
"GEN24_1092728","No other reason"
"GEN24_1092732","No other reason"
"GEN24_1092735","No other reason"
"GEN24_1092739","Holiday / vacation"
"GEN24_1092742","No other reason"
"GEN24_1092744","No other reason"
"GEN24_1092745","VFR"
"GEN24_1092746","Holiday / vacation"
"GEN24_1092751","No other reason"
"GEN24_1092753","Holiday / vacation"
"GEN24_1092756","Other"
"GEN24_1092756","VFR"
"GEN24_1092761","No other reason"
"GEN24_1092765","No other reason"
"GEN24_1092773","No other reason"
"GEN24_1092774","No other reason"
"GEN24_1092782","Holiday / vacation"
"GEN24_1092786","No other reason"
"GEN24_1092787","Holiday / vacation"
"GEN24_1092788","VFR"
"GEN24_1092792","VFR"
"GEN24_1092797","No other reason"
"GEN24_1092798","No other reason"
"GEN24_1092801","No other reason"
"GEN24_1092802","Other"
"GEN24_1092806","Holiday / vacation"
"GEN24_1092811","No other reason"
"GEN24_1092812","Holiday / vacation"
"GEN24_1092813","No other reason"
"GEN24_1092815","Holiday / vacation"
"GEN24_1092816","Holiday / vacation"
"GEN24_1092829","VFR"
"GEN24_1092832","No other reason"
"GEN24_1092837","VFR"
"GEN24_1092840","No other reason"
"GEN24_1092842","No other reason"
"GEN24_1092848","No other reason"
"GEN24_1092851","No other reason"
"GEN24_1092867","VFR"
"GEN24_1092875","Holiday / vacation"
"GEN24_1092876","No other reason"
"GEN24_1092879","Business"
"GEN24_1092885","VFR"
"GEN24_1092886","No other reason"
"GEN24_1092887","Holiday / vacation"
"GEN24_1092891","VFR"
"GEN24_1092893","No other reason"
"GEN24_1092896","VFR"
"GEN24_1092902","No other reason"
"GEN24_1092903","No other reason"
"GEN24_1092912","No other reason"
"GEN24_1092925","VFR"
"GEN24_1092927","Holiday / vacation"
"GEN24_1092931","No other reason"
"GEN24_1092932","No other reason"
"GEN24_1092945","No other reason"
"GEN24_1092951","No other reason"
"GEN24_1092952","Holiday / vacation"
"GEN24_1092953","No other reason"
"GEN24_1092954","VFR"
"GEN24_1092957","VFR"
"GEN24_1092959","VFR"
"GEN24_1092984","Conference / convention"
"GEN24_1092984","VFR"
"GEN24_1092991","VFR"
"GEN24_1092994","No other reason"
"GEN24_1092995","No other reason"
"GEN24_1093001","No other reason"
"GEN24_1093008","VFR"
"GEN24_1093011","No other reason"
"GEN24_1093020","No other reason"
"GEN24_1093023","VFR"
"GEN24_1093028","No other reason"
"GEN24_1093031","VFR"
"GEN24_1093049","Holiday / vacation"
"GEN24_1093050","No other reason"
"GEN24_1093055","Holiday / vacation"
"GEN24_1093065","No other reason"
"GEN24_1093067","No other reason"
"GEN24_1093068","Holiday / vacation"
"GEN24_1093070","Holiday / vacation"
"GEN24_1093078","Holiday / vacation"
"GEN24_1093082","No other reason"
"GEN24_1093089","VFR"
"GEN24_1093100","No other reason"
"GEN24_1093116","VFR"
"GEN24_1093117","Business"
"GEN24_1093133","No other reason"
"GEN24_1093135","No other reason"
"GEN24_1093140","No other reason"
"GEN24_1093150","Holiday / vacation"
"GEN24_1093156","No other reason"
"GEN24_1093164","No other reason"
"GEN24_1093166","No other reason"
"GEN24_1093171","No other reason"
"GEN24_1093173","No other reason"
"GEN24_1093188","Holiday / vacation"
"GEN24_1093190","No other reason"
"GEN24_1093191","VFR"
"GEN24_1093199","Other"
"GEN24_1093201","Holiday / vacation"
"GEN24_1093205","Other"
"GEN24_1093210","VFR"
"GEN24_1093219","No other reason"
"GEN24_1093232","Other"
"GEN24_1093236","No other reason"
"GEN24_1093238","No other reason"
"GEN24_1093241","No other reason"
"GEN24_1093243","No other reason"
"GEN24_1093244","No other reason"
"GEN24_1093245","Holiday / vacation"
"GEN24_1093247","No other reason"
"GEN24_1093257","No other reason"
"GEN24_1093260","Holiday / vacation"
"GEN24_1093261","No other reason"
"GEN24_1093262","Holiday / vacation"
"GEN24_1093263","Holiday / vacation"
"GEN24_1093264","No other reason"
"GEN24_1093273","No other reason"
"GEN24_1093274","No other reason"
"GEN24_1093275","No other reason"
"GEN24_1093276","No other reason"
"GEN24_1093278","VFR"
"GEN24_1093279","Holiday / vacation"
"GEN24_1093282","Holiday / vacation"
"GEN24_1093285","No other reason"
"GEN24_1093287","No other reason"
"GEN24_1093288","No other reason"
"GEN24_1093299","Holiday / vacation"
"GEN24_1093300","No other reason"
"GEN24_1093303","Holiday / vacation"
"GEN24_1093306","Holiday / vacation"
"GEN24_1093320","No other reason"
"GEN24_1093328","No other reason"
"GEN24_1093331","Holiday / vacation"
"GEN24_1093336","VFR"
"GEN24_1093337","Holiday / vacation"
"GEN24_1093338","VFR"
"GEN24_1093343","No other reason"
"GEN24_1093344","No other reason"
"GEN24_1093351","No other reason"
"GEN24_1093359","Holiday / vacation"
"GEN24_1093377","No other reason"
"GEN24_1093379","No other reason"
"GEN24_1093384","No other reason"
"GEN24_1093386","Holiday / vacation"
"GEN24_1093387","No other reason"
"GEN24_1093390","No other reason"
"GEN24_1093392","No other reason"
"GEN24_1093395","Holiday / vacation"
"GEN24_1093398","No other reason"
"GEN24_1093399","No other reason"
"GEN24_1093413","No other reason"
"GEN24_1093425","No other reason"
"GEN24_1093430","Other"
"GEN24_1093433","No other reason"
"GEN24_1093435","No other reason"
"GEN24_1093437","Other"
"GEN24_1093444","No other reason"
"GEN24_1093447","Holiday / vacation"
"GEN24_1093449","No other reason"
"GEN24_1093457","No other reason"
"GEN24_1093458","No other reason"
"GEN24_1093462","Holiday / vacation"
"GEN24_1093463","Holiday / vacation"
"GEN24_1093465","No other reason"
"GEN24_1093468","No other reason"
"GEN24_1093470","Holiday / vacation"
"GEN24_1093473","No other reason"
"GEN24_1093474","No other reason"
"GEN24_1093475","No other reason"
"GEN24_1093479","Holiday / vacation"
"GEN24_1093488","Holiday / vacation"
"GEN24_1093490","No other reason"
"GEN24_1093495","VFR"
"GEN24_1093499","Holiday / vacation"
"GEN24_1093500","VFR"
"GEN24_1093503","No other reason"
"GEN24_1093506","VFR"
"GEN24_1093509","Holiday / vacation"
"GEN24_1093510","No other reason"
"GEN24_1093517","No other reason"
"GEN24_1093527","Business"
"GEN24_1093528","No other reason"
"GEN24_1093531","No other reason"
"GEN24_1093537","Holiday / vacation"
"GEN24_1093541","No other reason"
"GEN24_1093543","Other"
"GEN24_1093544","No other reason"
"GEN24_1093549","No other reason"
"GEN24_1093553","Conference / convention"
"GEN24_1093553","VFR"
"GEN24_1093555","No other reason"
"GEN24_1093556","No other reason"
"GEN24_1093557","No other reason"
"GEN24_1093570","VFR"
"GEN24_1093573","No other reason"
"GEN24_1093575","No other reason"
"GEN24_1093577","No other reason"
"GEN24_1093585","No other reason"
"GEN24_1093586","No other reason"
"GEN24_1093589","No other reason"
"GEN24_1093590","No other reason"
"GEN24_1093593","No other reason"
"GEN24_1093603","Holiday / vacation"
"GEN24_1093604","No other reason"
"GEN24_1093606","No other reason"
"GEN24_1093612","No other reason"
"GEN24_1093614","No other reason"
"GEN24_1093616","Holiday / vacation"
"GEN24_1093630","No other reason"
"GEN24_1093640","Holiday / vacation"
"GEN24_1093643","No other reason"
"GEN24_1093648","Holiday / vacation"
"GEN24_1093653","Other"
"GEN24_1093655","Holiday / vacation"
"GEN24_1093659","No other reason"
"GEN24_1093666","Holiday / vacation"
"GEN24_1093667","Holiday / vacation"
"GEN24_1093678","No other reason"
"GEN24_1093709","No other reason"
"GEN24_1093714","Holiday / vacation"
"GEN24_1093715","No other reason"
"GEN24_1093718","Holiday / vacation"
"GEN24_1093719","Holiday / vacation"
"GEN24_1093724","Holiday / vacation"
"GEN24_1093725","No other reason"
"GEN24_1093727","VFR"
"GEN24_1093730","No other reason"
"GEN24_1093733","No other reason"
"GEN24_1093738","No other reason"
"GEN24_1093747","No other reason"
"GEN24_1093748","No other reason"
"GEN24_1093749","No other reason"
"GEN24_1093752","No other reason"
"GEN24_1093758","Other"
"GEN24_1093762","Holiday / vacation"
"GEN24_1093763","Education"
"GEN24_1093764","No other reason"
"GEN24_1093768","No other reason"
"GEN24_1093773","VFR"
"GEN24_1093778","Holiday / vacation"
"GEN24_1093784","No other reason"
"GEN24_1093788","No other reason"
"GEN24_1093796","Holiday / vacation"
"GEN24_1093802","Other"
"GEN24_1093814","No other reason"
"GEN24_1093826","Holiday / vacation"
"GEN24_1093828","No other reason"
"GEN24_1093829","No other reason"
"GEN24_1093843","VFR"
"GEN24_1093845","No other reason"
"GEN24_1093848","No other reason"
"GEN24_1093849","Conference / convention"
"GEN24_1093850","No other reason"
"GEN24_1093852","No other reason"
"GEN24_1093853","VFR"
"GEN24_1093855","VFR"
"GEN24_1093856","No other reason"
"GEN24_1093857","No other reason"
"GEN24_1093866","No other reason"
"GEN24_1093867","No other reason"
"GEN24_1093876","Holiday / vacation"
"GEN24_1093879","No other reason"
"GEN24_1093880","No other reason"
"GEN24_1093890","No other reason"
"GEN24_1093897","Business"
"GEN24_1093902","VFR"
"GEN24_1093906","Business"
"GEN24_1093909","Other"
"GEN24_1093911","No other reason"
"GEN24_1093913","No other reason"
"GEN24_1093914","Other"
"GEN24_1093929","Holiday / vacation"
"GEN24_1093934","No other reason"
"GEN24_1093936","No other reason"
"GEN24_1093944","Holiday / vacation"
"GEN24_1093945","Other"
"GEN24_1093945","VFR"
"GEN24_1093962","VFR"
"GEN24_1093963","No other reason"
"GEN24_1093974","No other reason"
"GEN24_1093985","No other reason"
"GEN24_1093992","Holiday / vacation"
"GEN24_1093993","Holiday / vacation"
"GEN24_1093996","Holiday / vacation"
"GEN24_1093998","No other reason"
"GEN24_1094002","No other reason"
"GEN24_1094007","VFR"
"GEN24_1094008","VFR"
"GEN24_1094022","Holiday / vacation"
"GEN24_1094024","VFR"
"GEN24_1094025","Holiday / vacation"
"GEN24_1094027","Holiday / vacation"
"GEN24_1094029","No other reason"
"GEN24_1094031","No other reason"
"GEN24_1094036","VFR"
"GEN24_1094042","Holiday / vacation"
"GEN24_1094051","Holiday / vacation"
"GEN24_1094056","No other reason"
"GEN24_1094058","No other reason"
"GEN24_1094060","No other reason"
"GEN24_1094064","No other reason"
"GEN24_1094065","No other reason"
"GEN24_1094073","No other reason"
"GEN24_1094075","Conference / convention"
"GEN24_1094080","Other"
"GEN24_1094080","VFR"
"GEN24_1094081","Holiday / vacation"
"GEN24_1094087","No other reason"
"GEN24_1094089","No other reason"
"GEN24_1094096","Holiday / vacation"
"GEN24_1094109","No other reason"
"GEN24_1094119","VFR"
"GEN24_1094127","No other reason"
"GEN24_1094131","No other reason"
"GEN24_1094132","Business"
"GEN24_1094132","Holiday / vacation"
"GEN24_1094132","VFR"
"GEN24_1094134","No other reason"
"GEN24_1094135","VFR"
"GEN24_1094142","Holiday / vacation"
"GEN24_1094147","No other reason"
"GEN24_1094149","No other reason"
"GEN24_1094159","No other reason"
"GEN24_1094162","No other reason"
"GEN24_1094163","VFR"
"GEN24_1094164","VFR"
"GEN24_1094177","No other reason"
"GEN24_1094178","Holiday / vacation"
"GEN24_1094179","No other reason"
"GEN24_1094189","Other"
"GEN24_1094193","VFR"
"GEN24_1094206","No other reason"
"GEN24_1094210","VFR"
"GEN24_1094217","No other reason"
"GEN24_1094219","No other reason"
"GEN24_1094220","No other reason"
"GEN24_1094223","No other reason"
"GEN24_1094226","No other reason"
"GEN24_1094232","No other reason"
"GEN24_1094237","Holiday / vacation"
"GEN24_1094239","No other reason"
"GEN24_1094245","Holiday / vacation"
"GEN24_1094252","Other"
"GEN24_1094264","VFR"
"GEN24_1094270","Holiday / vacation"
"GEN24_1094271","Holiday / vacation"
"GEN24_1094273","No other reason"
"GEN24_1094274","Holiday / vacation"
"GEN24_1094276","VFR"
"GEN24_1094278","VFR"
"GEN24_1094282","Conference / convention"
"GEN24_1094285","VFR"
"GEN24_1094286","Holiday / vacation"
"GEN24_1094288","No other reason"
"GEN24_1094293","No other reason"
"GEN24_1094294","No other reason"
"GEN24_1094295","Holiday / vacation"
"GEN24_1094297","No other reason"
"GEN24_1094298","No other reason"
"GEN24_1094302","Holiday / vacation"
"GEN24_1094317","Holiday / vacation"
"GEN24_1094336","Holiday / vacation"
"GEN24_1094338","No other reason"
"GEN24_1094345","No other reason"
"GEN24_1094347","Holiday / vacation"
"GEN24_1094356","No other reason"
"GEN24_1094357","Holiday / vacation"
"GEN24_1094367","No other reason"
"GEN24_1094368","VFR"
"GEN24_1094369","No other reason"
"GEN24_1094370","No other reason"
"GEN24_1094372","No other reason"
"GEN24_1094374","No other reason"
"GEN24_1094376","No other reason"
"GEN24_1094377","No other reason"
"GEN24_1094382","No other reason"
"GEN24_1094384","Other"
"GEN24_1094392","No other reason"
"GEN24_1094402","No other reason"
"GEN24_1094406","Holiday / vacation"
"GEN24_1094410","Holiday / vacation"
"GEN24_1094414","No other reason"
"GEN24_1094415","Holiday / vacation"
"GEN24_1094423","Other"
"GEN24_1094426","Other"
"GEN24_1094428","No other reason"
"GEN24_1094430","No other reason"
"GEN24_1094436","Holiday / vacation"
"GEN24_1094437","Holiday / vacation"
"GEN24_1094438","VFR"
"GEN24_1094439","Holiday / vacation"
"GEN24_1094448","Holiday / vacation"
"GEN24_1094451","No other reason"
"GEN24_1094453","No other reason"
"GEN24_1094454","No other reason"
"GEN24_1094460","No other reason"
"GEN24_1094462","No other reason"
"GEN24_1094464","No other reason"
"GEN24_1094466","Holiday / vacation"
"GEN24_1094470","No other reason"
"GEN24_1094471","VFR"
"GEN24_1094473","No other reason"
"GEN24_1094479","No other reason"
"GEN24_1094480","VFR"
"GEN24_1094489","VFR"
"GEN24_1094495","No other reason"
"GEN24_1094501","No other reason"
"GEN24_1094515","Holiday / vacation"
"GEN24_1094516","No other reason"
"GEN24_1094521","No other reason"
"GEN24_1094527","Holiday / vacation"
"GEN24_1094528","Holiday / vacation"
"GEN24_1094531","No other reason"
"GEN24_1094537","Holiday / vacation"
"GEN24_1094538","VFR"
"GEN24_1094540","No other reason"
"GEN24_1094541","No other reason"
"GEN24_1094548","VFR"
"GEN24_1094550","Business"
"GEN24_1094554","Holiday / vacation"
"GEN24_1094555","Holiday / vacation"
"GEN24_1094555","VFR"
"GEN24_1094558","No other reason"
"GEN24_1094562","No other reason"
"GEN24_1094568","Holiday / vacation"
"GEN24_1094577","No other reason"
"GEN24_1094582","VFR"
"GEN24_1094586","Holiday / vacation"
"GEN24_1094587","Holiday / vacation"
"GEN24_1094590","Holiday / vacation"
"GEN24_1094594","No other reason"
"GEN24_1094598","Education"
"GEN24_1094601","No other reason"
"GEN24_1094608","No other reason"
"GEN24_1094617","No other reason"
"GEN24_1094623","VFR"
"GEN24_1094625","No other reason"
"GEN24_1094630","Holiday / vacation"
"GEN24_1094638","VFR"
"GEN24_1094640","No other reason"
"GEN24_1094648","No other reason"
"GEN24_1094649","No other reason"
"GEN24_1094651","No other reason"
"GEN24_1094652","VFR"
"GEN24_1094654","No other reason"
"GEN24_1094656","No other reason"
"GEN24_1094667","Holiday / vacation"
"GEN24_1094667","Other"
"GEN24_1094668","No other reason"
"GEN24_1094675","Holiday / vacation"
"GEN24_1094677","No other reason"
"GEN24_1094680","No other reason"
"GEN24_1094684","Business"
"GEN24_1094684","Conference / convention"
"GEN24_1094691","Other"
"GEN24_1094693","No other reason"
"GEN24_1094696","No other reason"
"GEN24_1094699","Holiday / vacation"
"GEN24_1094710","No other reason"
"GEN24_1094713","Holiday / vacation"
"GEN24_1094716","No other reason"
"GEN24_1094717","No other reason"
"GEN24_1094719","No other reason"
"GEN24_1094721","VFR"
"GEN24_1094722","No other reason"
"GEN24_1094723","No other reason"
"GEN24_1094728","No other reason"
"GEN24_1094729","No other reason"
"GEN24_1094731","Holiday / vacation"
"GEN24_1094734","Business"
"GEN24_1094735","No other reason"
"GEN24_1094740","No other reason"
"GEN24_1094745","VFR"
"GEN24_1094747","Other"
"GEN24_1094748","Holiday / vacation"
"GEN24_1094749","Holiday / vacation"
"GEN24_1094752","VFR"
"GEN24_1094754","Holiday / vacation"
"GEN24_1094755","Other"
"GEN24_1094758","VFR"
"GEN24_1094768","Holiday / vacation"
"GEN24_1094777","VFR"
"GEN24_1094778","No other reason"
"GEN24_1094781","Holiday / vacation"
"GEN24_1094789","Holiday / vacation"
"GEN24_1094794","VFR"
"GEN24_1094798","Holiday / vacation"
"GEN24_1094806","No other reason"
"GEN24_1094816","Holiday / vacation"
"GEN24_1094823","No other reason"
"GEN24_1094838","VFR"
"GEN24_1094839","No other reason"
"GEN24_1094840","Other"
"GEN24_1094844","VFR"
"GEN24_1094857","Holiday / vacation"
"GEN24_1094868","Holiday / vacation"
"GEN24_1094879","Holiday / vacation"
"GEN24_1094884","Holiday / vacation"
"GEN24_1094886","No other reason"
"GEN24_1094889","No other reason"
"GEN24_1094900","No other reason"
"GEN24_1094901","Holiday / vacation"
"GEN24_1094902","Holiday / vacation"
"GEN24_1094905","VFR"
"GEN24_1094910","Holiday / vacation"
"GEN24_1094915","Holiday / vacation"
"GEN24_1094916","No other reason"
"GEN24_1094917","Holiday / vacation"
"GEN24_1094919","Holiday / vacation"
"GEN24_1094921","No other reason"
"GEN24_1094926","No other reason"
"GEN24_1094929","VFR"
"GEN24_1094930","No other reason"
"GEN24_1094931","No other reason"
"GEN24_1094932","No other reason"
"GEN24_1094937","VFR"
"GEN24_1094938","No other reason"
"GEN24_1094942","Holiday / vacation"
"GEN24_1094944","No other reason"
"GEN24_1094953","No other reason"
"GEN24_1094955","No other reason"
"GEN24_1094957","No other reason"
"GEN24_1094961","Holiday / vacation"
"GEN24_1094967","No other reason"
"GEN24_1094970","No other reason"
"GEN24_1094974","VFR"
"GEN24_1094990","No other reason"
"GEN24_1094992","No other reason"
"GEN24_1095006","No other reason"
"GEN24_1095028","Holiday / vacation"
"GEN24_1095029","Holiday / vacation"
"GEN24_1095030","No other reason"
"GEN24_1095036","No other reason"
"GEN24_1095045","No other reason"
"GEN24_1095046","VFR"
"GEN24_1095048","Holiday / vacation"
"GEN24_1095055","Holiday / vacation"
"GEN24_1095059","Holiday / vacation"
"GEN24_1095061","No other reason"
"GEN24_1095063","No other reason"
"GEN24_1095071","No other reason"
"GEN24_1095080","No other reason"
"GEN24_1095083","No other reason"
"GEN24_1095086","No other reason"
"GEN24_1095088","No other reason"
"GEN24_1095090","No other reason"
"GEN24_1095128","No other reason"
"GEN24_1095129","No other reason"
"GEN24_1095135","No other reason"
"GEN24_1095138","Holiday / vacation"
"GEN24_1095141","No other reason"
"GEN24_1095144","No other reason"
"GEN24_1095145","Education"
"GEN24_1095146","No other reason"
"GEN24_1095154","No other reason"
"GEN24_1095165","Holiday / vacation"
"GEN24_1095171","No other reason"
"GEN24_1095177","No other reason"
"GEN24_1095180","VFR"
"GEN24_1095182","Holiday / vacation"
"GEN24_1095184","No other reason"
"GEN24_1095185","No other reason"
"GEN24_1095194","No other reason"
"GEN24_1095198","VFR"
"GEN24_1095200","No other reason"
"GEN24_1095202","No other reason"
"GEN24_1095208","No other reason"
"GEN24_1095211","VFR"
"GEN24_1095215","No other reason"
"GEN24_1095225","No other reason"
"GEN24_1095232","No other reason"
"GEN24_1095239","VFR"
"GEN24_1095240","Holiday / vacation"
"GEN24_1095244","Holiday / vacation"
"GEN24_1095248","Holiday / vacation"
"GEN24_1095251","Other"
"GEN24_1095259","Holiday / vacation"
"GEN24_1095260","No other reason"
"GEN24_1095267","No other reason"
"GEN24_1095270","No other reason"
"GEN24_1095276","No other reason"
"GEN24_1095283","No other reason"
"GEN24_1095284","No other reason"
"GEN24_1095291","Holiday / vacation"
"GEN24_1095294","No other reason"
"GEN24_1095303","No other reason"
"GEN24_1095304","No other reason"
"GEN24_1095305","VFR"
"GEN24_1095309","No other reason"
"GEN24_1095313","VFR"
"GEN24_1095316","No other reason"
"GEN24_1095320","No other reason"
"GEN24_1095322","No other reason"
"GEN24_1095326","No other reason"
"GEN24_1095327","VFR"
"GEN24_1095331","VFR"
"GEN24_1095332","No other reason"
"GEN24_1095334","Other"
"GEN24_1095338","No other reason"
"GEN24_1095341","No other reason"
"GEN24_1095345","No other reason"
"GEN24_1095359","No other reason"
"GEN24_1095370","Education"
"GEN24_1095378","VFR"
"GEN24_1095383","VFR"
"GEN24_1095385","No other reason"
"GEN24_1095387","No other reason"
"GEN24_1095390","VFR"
"GEN24_1095394","No other reason"
"GEN24_1095397","No other reason"
"GEN24_1095399","No other reason"
"GEN24_1095405","No other reason"
"GEN24_1095413","VFR"
"GEN24_1095420","No other reason"
"GEN24_1095423","VFR"
"GEN24_1095431","Holiday / vacation"
"GEN24_1095438","No other reason"
"GEN24_1095446","No other reason"
"GEN24_1095450","Holiday / vacation"
"GEN24_1095453","No other reason"
"GEN24_1095456","No other reason"
"GEN24_1095469","VFR"
"GEN24_1095480","No other reason"
"GEN24_1095481","Education"
"GEN24_1095481","Other"
"GEN24_1095483","No other reason"
"GEN24_1095486","VFR"
"GEN24_1095488","No other reason"
"GEN24_1095490","No other reason"
"GEN24_1095492","Holiday / vacation"
"GEN24_1095493","No other reason"
"GEN24_1095494","No other reason"
"GEN24_1095499","VFR"
"GEN24_1095500","VFR"
"GEN24_1095502","VFR"
"GEN24_1095504","Holiday / vacation"
"GEN24_1095508","No other reason"
"GEN24_1095514","Business"
"GEN24_1095515","No other reason"
"GEN24_1095517","VFR"
"GEN24_1095519","Education"
"GEN24_1095520","No other reason"
"GEN24_1095525","VFR"
"GEN24_1095529","No other reason"
"GEN24_1095536","No other reason"
"GEN24_1095537","VFR"
"GEN24_1095540","VFR"
"GEN24_1095545","Other"
"GEN24_1095549","No other reason"
"GEN24_1095551","VFR"
"GEN24_1095552","Other"
"GEN24_1095553","No other reason"
"GEN24_1095554","Other"
"GEN24_1095555","Holiday / vacation"
"GEN24_1095567","No other reason"
"GEN24_1095568","Holiday / vacation"
"GEN24_1095571","Holiday / vacation"
"GEN24_1095573","Holiday / vacation"
"GEN24_1095578","No other reason"
"GEN24_1095580","Holiday / vacation"
"GEN24_1095593","No other reason"
"GEN24_1095614","No other reason"
"GEN24_1095616","No other reason"
"GEN24_1095617","No other reason"
"GEN24_1095627","VFR"
"GEN24_1095630","No other reason"
"GEN24_1095635","No other reason"
"GEN24_1095641","VFR"
"GEN24_1095643","No other reason"
"GEN24_1095644","No other reason"
"GEN24_1095649","VFR"
"GEN24_1095650","VFR"
"GEN24_1095657","No other reason"
"GEN24_1095660","Other"
"GEN24_1095669","Holiday / vacation"
"GEN24_1095678","No other reason"
"GEN24_1095680","Education"
"GEN24_1095682","No other reason"
"GEN24_1095687","VFR"
"GEN24_1095693","No other reason"
"GEN24_1095700","Holiday / vacation"
"GEN24_1095701","Holiday / vacation"
"GEN24_1095702","Holiday / vacation"
"GEN24_1095716","Holiday / vacation"
"GEN24_1095718","VFR"
"GEN24_1095725","VFR"
"GEN24_1095726","VFR"
"GEN24_1095728","No other reason"
"GEN24_1095729","VFR"
"GEN24_1095731","No other reason"
"GEN24_1095732","No other reason"
"GEN24_1095737","Holiday / vacation"
"GEN24_1095739","No other reason"
"GEN24_1095743","No other reason"
"GEN24_1095751","No other reason"
"GEN24_1095754","VFR"
"GEN24_1095756","No other reason"
"GEN24_1095759","VFR"
"GEN24_1095760","No other reason"
"GEN24_1095761","No other reason"
"GEN24_1095763","No other reason"
"GEN24_1095767","VFR"
"GEN24_1095777","VFR"
"GEN24_1095795","VFR"
"GEN24_1095801","No other reason"
"GEN24_1095803","No other reason"
"GEN24_1095809","No other reason"
"GEN24_1095810","Other"
"GEN24_1095812","VFR"
"GEN24_1095814","No other reason"
"GEN24_1095828","No other reason"
"GEN24_1095838","No other reason"
"GEN24_1095840","No other reason"
"GEN24_1095841","No other reason"
"GEN24_1095842","No other reason"
"GEN24_1095844","No other reason"
"GEN24_1095850","Holiday / vacation"
"GEN24_1095851","No other reason"
"GEN24_1095855","No other reason"
"GEN24_1095861","Holiday / vacation"
"GEN24_1095863","No other reason"
"GEN24_1095871","Holiday / vacation"
"GEN24_1095873","Holiday / vacation"
"GEN24_1095874","Other"
"GEN24_1095876","No other reason"
"GEN24_1095881","No other reason"
"GEN24_1095882","No other reason"
"GEN24_1095884","Holiday / vacation"
"GEN24_1095886","No other reason"
"GEN24_1095888","VFR"
"GEN24_1095895","VFR"
"GEN24_1095896","No other reason"
"GEN24_1095900","No other reason"
"GEN24_1095901","No other reason"
"GEN24_1095905","VFR"
"GEN24_1095913","Holiday / vacation"
"GEN24_1095915","No other reason"
"GEN24_1095921","No other reason"
"GEN24_1095924","VFR"
"GEN24_1095929","Business"
"GEN24_1095934","No other reason"
"GEN24_1095936","No other reason"
"GEN24_1095937","No other reason"
"GEN24_1095941","VFR"
"GEN24_1095942","No other reason"
"GEN24_1095943","No other reason"
"GEN24_1095964","No other reason"
"GEN24_1095972","No other reason"
"GEN24_1095988","No other reason"
"GEN24_1095992","No other reason"
"GEN24_1095998","VFR"
"GEN24_1096000","VFR"
"GEN24_1096001","No other reason"
"GEN24_1096003","No other reason"
"GEN24_1096009","No other reason"
"GEN24_1096012","No other reason"
"GEN24_1096021","No other reason"
"GEN24_1096022","Holiday / vacation"
"GEN24_1096026","VFR"
"GEN24_1096027","VFR"
"GEN24_1096035","No other reason"
"GEN24_1096038","No other reason"
"GEN24_1096040","Holiday / vacation"
"GEN24_1096044","Holiday / vacation"
"GEN24_1096045","No other reason"
"GEN24_1096052","No other reason"
"GEN24_1096053","Other"
"GEN24_1096053","VFR"
"GEN24_1096056","VFR"
"GEN24_1096057","Holiday / vacation"
"GEN24_1096059","No other reason"
"GEN24_1096066","Holiday / vacation"
"GEN24_1096067","No other reason"
"GEN24_1096068","No other reason"
"GEN24_1096074","No other reason"
"GEN24_1096076","Holiday / vacation"
"GEN24_1096077","No other reason"
"GEN24_1096086","No other reason"
"GEN24_1096090","Holiday / vacation"
"GEN24_1096093","No other reason"
"GEN24_1096096","No other reason"
"GEN24_1096097","Business"
"GEN24_1096106","No other reason"
"GEN24_1096112","No other reason"
"GEN24_1096123","VFR"
"GEN24_1096138","Holiday / vacation"
"GEN24_1096142","No other reason"
"GEN24_1096144","No other reason"
"GEN24_1096145","No other reason"
"GEN24_1096146","Holiday / vacation"
"GEN24_1096154","No other reason"
"GEN24_1096156","VFR"
"GEN24_1096157","Holiday / vacation"
"GEN24_1096175","No other reason"
"GEN24_1096183","VFR"
"GEN24_1096192","No other reason"
"GEN24_1096193","Holiday / vacation"
"GEN24_1096195","No other reason"
"GEN24_1096197","No other reason"
"GEN24_1096198","No other reason"
"GEN24_1096208","VFR"
"GEN24_1096215","VFR"
"GEN24_1096226","Business"
"GEN24_1096229","Holiday / vacation"
"GEN24_1096232","Holiday / vacation"
"GEN24_1096237","No other reason"
"GEN24_1096261","No other reason"
"GEN24_1096264","Holiday / vacation"
"GEN24_1096265","VFR"
"GEN24_1096267","VFR"
"GEN24_1096268","No other reason"
"GEN24_1096275","Other"
"GEN24_1096277","Other"
"GEN24_1096278","No other reason"
"GEN24_1096281","No other reason"
"GEN24_1096284","Business"
"GEN24_1096284","Holiday / vacation"
"GEN24_1096291","VFR"
"GEN24_1096295","No other reason"
"GEN24_1096296","No other reason"
"GEN24_1096300","Holiday / vacation"
"GEN24_1096308","No other reason"
"GEN24_1096309","No other reason"
"GEN24_1096318","No other reason"
"GEN24_1096327","No other reason"
"GEN24_1096332","VFR"
"GEN24_1096335","Holiday / vacation"
"GEN24_1096337","No other reason"
"GEN24_1096350","No other reason"
"GEN24_1096362","No other reason"
"GEN24_1096365","Holiday / vacation"
"GEN24_1096367","VFR"
"GEN24_1096369","No other reason"
"GEN24_1096378","No other reason"
"GEN24_1096379","No other reason"
"GEN24_1096387","VFR"
"GEN24_1096388","Holiday / vacation"
"GEN24_1096389","Holiday / vacation"
"GEN24_1096391","No other reason"
"GEN24_1096393","No other reason"
"GEN24_1096395","No other reason"
"GEN24_1096400","Holiday / vacation"
"GEN24_1096410","No other reason"
"GEN24_1096411","No other reason"
"GEN24_1096412","Education"
"GEN24_1096414","Holiday / vacation"
"GEN24_1096420","VFR"
"GEN24_1096422","No other reason"
"GEN24_1096428","Holiday / vacation"
"GEN24_1096448","No other reason"
"GEN24_1096452","No other reason"
"GEN24_1096455","VFR"
"GEN24_1096456","VFR"
"GEN24_1096469","Holiday / vacation"
"GEN24_1096471","No other reason"
"GEN24_1096474","Holiday / vacation"
"GEN24_1096478","No other reason"
"GEN24_1096479","VFR"
"GEN24_1096481","No other reason"
"GEN24_1096487","No other reason"
"GEN24_1096488","No other reason"
"GEN24_1096491","No other reason"
"GEN24_1096492","No other reason"
"GEN24_1096494","No other reason"
"GEN24_1096496","No other reason"
"GEN24_1096506","Holiday / vacation"
"GEN24_1096509","No other reason"
"GEN24_1096510","VFR"
"GEN24_1096518","No other reason"
"GEN24_1096532","No other reason"
"GEN24_1096535","No other reason"
"GEN24_1096538","No other reason"
"GEN24_1096539","Holiday / vacation"
"GEN24_1096543","No other reason"
"GEN24_1096545","Holiday / vacation"
"GEN24_1096550","No other reason"
"GEN24_1096551","No other reason"
"GEN24_1096552","No other reason"
"GEN24_1096555","No other reason"
"GEN24_1096557","Other"
"GEN24_1096560","No other reason"
"GEN24_1096563","No other reason"
"GEN24_1096566","No other reason"
"GEN24_1096579","Holiday / vacation"
"GEN24_1096581","No other reason"
"GEN24_1096583","No other reason"
"GEN24_1096586","Holiday / vacation"
"GEN24_1096594","No other reason"
"GEN24_1096600","No other reason"
"GEN24_1096603","No other reason"
"GEN24_1096606","VFR"
"GEN24_1096611","VFR"
"GEN24_1096613","Education"
"GEN24_1096625","No other reason"
"GEN24_1096627","Holiday / vacation"
"GEN24_1096628","No other reason"
"GEN24_1096636","No other reason"
"GEN24_1096637","No other reason"
"GEN24_1096638","Holiday / vacation"
"GEN24_1096645","Holiday / vacation"
"GEN24_1096647","Holiday / vacation"
"GEN24_1096650","Other"
"GEN24_1096652","No other reason"
"GEN24_1096654","Holiday / vacation"
"GEN24_1096655","Other"
"GEN24_1096657","VFR"
"GEN24_1096658","Holiday / vacation"
"GEN24_1096660","No other reason"
"GEN24_1096661","No other reason"
"GEN24_1096679","No other reason"
"GEN24_1096685","No other reason"
"GEN24_1096694","No other reason"
"GEN24_1096698","No other reason"
"GEN24_1096700","No other reason"
"GEN24_1096705","No other reason"
"GEN24_1096708","Holiday / vacation"
"GEN24_1096713","No other reason"
"GEN24_1096714","VFR"
"GEN24_1096715","No other reason"
"GEN24_1096720","Holiday / vacation"
"GEN24_1096723","No other reason"
"GEN24_1096729","No other reason"
"GEN24_1096731","No other reason"
"GEN24_1096732","No other reason"
"GEN24_1096736","VFR"
"GEN24_1096737","No other reason"
"GEN24_1096738","Holiday / vacation"
"GEN24_1096739","No other reason"
"GEN24_1096745","VFR"
"GEN24_1096751","Holiday / vacation"
"GEN24_1096752","VFR"
"GEN24_1096758","No other reason"
"GEN24_1096763","No other reason"
"GEN24_1096766","Holiday / vacation"
"GEN24_1096777","Holiday / vacation"
"GEN24_1096778","VFR"
"GEN24_1096791","Holiday / vacation"
"GEN24_1096795","VFR"
"GEN24_1096798","No other reason"
"GEN24_1096800","No other reason"
"GEN24_1096806","No other reason"
"GEN24_1096807","Holiday / vacation"
"GEN24_1096810","VFR"
"GEN24_1096812","No other reason"
"GEN24_1096813","No other reason"
"GEN24_1096815","No other reason"
"GEN24_1096820","No other reason"
"GEN24_1096823","VFR"
"GEN24_1096827","No other reason"
"GEN24_1096828","Holiday / vacation"
"GEN24_1096834","No other reason"
"GEN24_1096835","No other reason"
"GEN24_1096836","VFR"
"GEN24_1096840","Business"
"GEN24_1096840","Holiday / vacation"
"GEN24_1096846","No other reason"
"GEN24_1096847","No other reason"
"GEN24_1096848","Other"
"GEN24_1096851","Holiday / vacation"
"GEN24_1096853","No other reason"
"GEN24_1096859","VFR"
"GEN24_1096860","No other reason"
"GEN24_1096861","No other reason"
"GEN24_1096868","No other reason"
"GEN24_1096869","Conference / convention"
"GEN24_1096877","No other reason"
"GEN24_1096879","No other reason"
"GEN24_1096883","Holiday / vacation"
"GEN24_1096886","No other reason"
"GEN24_1096889","VFR"
"GEN24_1096891","No other reason"
"GEN24_1096892","No other reason"
"GEN24_1096897","Other"
"GEN24_1096900","No other reason"
"GEN24_1096902","No other reason"
"GEN24_1096903","Holiday / vacation"
"GEN24_1096906","Business"
"GEN24_1096907","Holiday / vacation"
"GEN24_1096913","Holiday / vacation"
"GEN24_1096914","No other reason"
"GEN24_1096922","No other reason"
"GEN24_1096925","No other reason"
"GEN24_1096934","No other reason"
"GEN24_1096937","No other reason"
"GEN24_1096943","Holiday / vacation"
"GEN24_1096948","No other reason"
"GEN24_1096954","No other reason"
"GEN24_1096956","Holiday / vacation"
"GEN24_1096957","No other reason"
"GEN24_1096964","Holiday / vacation"
"GEN24_1096970","Holiday / vacation"
"GEN24_1096973","Other"
"GEN24_1096975","No other reason"
"GEN24_1096979","No other reason"
"GEN24_1096980","No other reason"
"GEN24_1096981","No other reason"
"GEN24_1096988","Holiday / vacation"
"GEN24_1096991","No other reason"
"GEN24_1096992","VFR"
"GEN24_1096999","VFR"
"GEN24_1097001","No other reason"
"GEN24_1097008","No other reason"
"GEN24_1097010","No other reason"
"GEN24_1097012","No other reason"
"GEN24_1097015","No other reason"
"GEN24_1097021","Holiday / vacation"
"GEN24_1097032","No other reason"
"GEN24_1097034","No other reason"
"GEN24_1097037","No other reason"
"GEN24_1097040","Holiday / vacation"
"GEN24_1097042","Other"
"GEN24_1097044","Other"
"GEN24_1097047","No other reason"
"GEN24_1097049","No other reason"
"GEN24_1097055","No other reason"
"GEN24_1097058","No other reason"
"GEN24_1097060","Other"
"GEN24_1097066","No other reason"
"GEN24_1097069","No other reason"
"GEN24_1097077","VFR"
"GEN24_1097081","No other reason"
"GEN24_1097082","VFR"
"GEN24_1097096","Other"
"GEN24_1097105","No other reason"
"GEN24_1097107","Holiday / vacation"
"GEN24_1097108","Holiday / vacation"
"GEN24_1097108","Other"
"GEN24_1097112","No other reason"
"GEN24_1097113","No other reason"
"GEN24_1097114","VFR"
"GEN24_1097115","VFR"
"GEN24_1097117","No other reason"
"GEN24_1097118","VFR"
"GEN24_1097124","No other reason"
"GEN24_1097132","No other reason"
"GEN24_1097135","No other reason"
"GEN24_1097139","No other reason"
"GEN24_1097142","VFR"
"GEN24_1097144","Holiday / vacation"
"GEN24_1097149","VFR"
"GEN24_1097154","Holiday / vacation"
"GEN24_1097163","Other"
"GEN24_1097165","No other reason"
"GEN24_1097166","VFR"
"GEN24_1097169","No other reason"
"GEN24_1097172","No other reason"
"GEN24_1097173","Holiday / vacation"
"GEN24_1097176","No other reason"
"GEN24_1097177","No other reason"
"GEN24_1097178","No other reason"
"GEN24_1097181","No other reason"
"GEN24_1097183","Holiday / vacation"
"GEN24_1097186","VFR"
"GEN24_1097187","VFR"
"GEN24_1097189","No other reason"
"GEN24_1097195","No other reason"
"GEN24_1097203","No other reason"
"GEN24_1097205","VFR"
"GEN24_1097210","No other reason"
"GEN24_1097216","No other reason"
"GEN24_1097218","No other reason"
"GEN24_1097219","No other reason"
"GEN24_1097223","No other reason"
"GEN24_1097225","No other reason"
"GEN24_1097226","VFR"
"GEN24_1097232","No other reason"
"GEN24_1097235","Holiday / vacation"
"GEN24_1097235","VFR"
"GEN24_1097239","VFR"
"GEN24_1097245","Holiday / vacation"
"GEN24_1097251","Holiday / vacation"
"GEN24_1097255","No other reason"
"GEN24_1097258","No other reason"
"GEN24_1097259","Holiday / vacation"
"GEN24_1097264","No other reason"
"GEN24_1097265","No other reason"
"GEN24_1097272","Other"
"GEN24_1097273","Holiday / vacation"
"GEN24_1097285","No other reason"
"GEN24_1097287","Holiday / vacation"
"GEN24_1097291","VFR"
"GEN24_1097294","No other reason"
"GEN24_1097297","No other reason"
"GEN24_1097300","No other reason"
"GEN24_1097309","No other reason"
"GEN24_1097312","No other reason"
"GEN24_1097313","No other reason"
"GEN24_1097314","Holiday / vacation"
"GEN24_1097315","No other reason"
"GEN24_1097317","No other reason"
"GEN24_1097320","No other reason"
"GEN24_1097329","No other reason"
"GEN24_1097336","No other reason"
"GEN24_1097345","No other reason"
"GEN24_1097349","VFR"
"GEN24_1097357","No other reason"
"GEN24_1097359","VFR"
"GEN24_1097363","Other"
"GEN24_1097366","No other reason"
"GEN24_1097368","VFR"
"GEN24_1097371","No other reason"
"GEN24_1097372","Other"
"GEN24_1097379","Holiday / vacation"
"GEN24_1097382","No other reason"
"GEN24_1097388","No other reason"
"GEN24_1097390","No other reason"
"GEN24_1097393","VFR"
"GEN24_1097398","Holiday / vacation"
"GEN24_1097403","No other reason"
"GEN24_1097406","No other reason"
"GEN24_1097419","No other reason"
"GEN24_1097421","No other reason"
"GEN24_1097423","Holiday / vacation"
"GEN24_1097425","Holiday / vacation"
"GEN24_1097427","No other reason"
"GEN24_1097429","Holiday / vacation"
"GEN24_1097437","Holiday / vacation"
"GEN24_1097439","No other reason"
"GEN24_1097440","Holiday / vacation"
"GEN24_1097442","No other reason"
"GEN24_1097445","Other"
"GEN24_1097447","No other reason"
"GEN24_1097451","No other reason"
"GEN24_1097461","No other reason"
"GEN24_1097466","No other reason"
"GEN24_1097471","Holiday / vacation"
"GEN24_1097477","No other reason"
"GEN24_1097480","No other reason"
"GEN24_1097482","No other reason"
"GEN24_1097486","Business"
"GEN24_1097491","No other reason"
"GEN24_1097502","No other reason"
"GEN24_1097508","No other reason"
"GEN24_1097510","No other reason"
"GEN24_1097515","No other reason"
"GEN24_1097518","Education"
"GEN24_1097520","Holiday / vacation"
"GEN24_1097521","No other reason"
"GEN24_1097535","Holiday / vacation"
"GEN24_1097537","No other reason"
"GEN24_1097540","Holiday / vacation"
"GEN24_1097542","No other reason"
"GEN24_1097545","No other reason"
"GEN24_1097546","Holiday / vacation"
"GEN24_1097554","Holiday / vacation"
"GEN24_1097559","Other"
"GEN24_1097561","Other"
"GEN24_1097562","Other"
"GEN24_1097569","Holiday / vacation"
"GEN24_1097571","No other reason"
"GEN24_1097575","Other"
"GEN24_1097578","No other reason"
"GEN24_1097581","Education"
"GEN24_1097588","VFR"
"GEN24_1097591","VFR"
"GEN24_1097592","No other reason"
"GEN24_1097594","No other reason"
"GEN24_1097603","Holiday / vacation"
"GEN24_1097604","No other reason"
"GEN24_1097610","No other reason"
"GEN24_1097614","Education"
"GEN24_1097616","No other reason"
"GEN24_1097617","VFR"
"GEN24_1097618","Education"
"GEN24_1097622","No other reason"
"GEN24_1097628","Business"
"GEN24_1097628","Holiday / vacation"
"GEN24_1097637","No other reason"
"GEN24_1097638","Holiday / vacation"
"GEN24_1097640","No other reason"
"GEN24_1097642","No other reason"
"GEN24_1097660","Holiday / vacation"
"GEN24_1097661","Holiday / vacation"
"GEN24_1097662","No other reason"
"GEN24_1097664","No other reason"
"GEN24_1097666","No other reason"
"GEN24_1097670","Holiday / vacation"
"GEN24_1097671","Holiday / vacation"
"GEN24_1097675","No other reason"
"GEN24_1097681","No other reason"
"GEN24_1097682","No other reason"
"GEN24_1097685","No other reason"
"GEN24_1097687","Holiday / vacation"
"GEN24_1097689","No other reason"
"GEN24_1097699","VFR"
"GEN24_1097704","Holiday / vacation"
"GEN24_1097706","No other reason"
"GEN24_1097707","Holiday / vacation"
"GEN24_1097711","VFR"
"GEN24_1097716","Holiday / vacation"
"GEN24_1097719","No other reason"
"GEN24_1097721","No other reason"
"GEN24_1097729","Holiday / vacation"
"GEN24_1097735","No other reason"
"GEN24_1097737","Holiday / vacation"
"GEN24_1097742","Holiday / vacation"
"GEN24_1097750","No other reason"
"GEN24_1097751","No other reason"
"GEN24_1097755","Holiday / vacation"
"GEN24_1097763","No other reason"
"GEN24_1097764","Holiday / vacation"
"GEN24_1097767","No other reason"
"GEN24_1097768","Other"
"GEN24_1097770","No other reason"
"GEN24_1097771","No other reason"
"GEN24_1097772","Other"
"GEN24_1097776","No other reason"
"GEN24_1097778","VFR"
"GEN24_1097779","No other reason"
"GEN24_1097785","VFR"
"GEN24_1097799","No other reason"
"GEN24_1097805","No other reason"
"GEN24_1097815","No other reason"
"GEN24_1097819","Holiday / vacation"
"GEN24_1097822","VFR"
"GEN24_1097826","Business"
"GEN24_1097826","Holiday / vacation"
"GEN24_1097828","No other reason"
"GEN24_1097831","Holiday / vacation"
"GEN24_1097832","No other reason"
"GEN24_1097835","Business"
"GEN24_1097835","Holiday / vacation"
"GEN24_1097835","VFR"
"GEN24_1097838","No other reason"
"GEN24_1097869","Conference / convention"
"GEN24_1097878","No other reason"
"GEN24_1097881","No other reason"
"GEN24_1097882","No other reason"
"GEN24_1097887","No other reason"
"GEN24_1097888","No other reason"
"GEN24_1097897","No other reason"
"GEN24_1097905","Holiday / vacation"
"GEN24_1097912","No other reason"
"GEN24_1097913","No other reason"
"GEN24_1097922","Other"
"GEN24_1097925","No other reason"
"GEN24_1097942","No other reason"
"GEN24_1097953","Holiday / vacation"
"GEN24_1097961","No other reason"
"GEN24_1097978","No other reason"
"GEN24_1097980","No other reason"
"GEN24_1097986","Other"
"GEN24_1097992","No other reason"
"GEN24_1097997","No other reason"
"GEN24_1097999","Education"
"GEN24_1097999","Holiday / vacation"
"GEN24_1098000","Other"
"GEN24_1098005","No other reason"
"GEN24_1098007","Holiday / vacation"
"GEN24_1098012","Holiday / vacation"
"GEN24_1098013","No other reason"
"GEN24_1098017","No other reason"
"GEN24_1098020","No other reason"
"GEN24_1098026","Business"
"GEN24_1098028","Holiday / vacation"
"GEN24_1098037","No other reason"
"GEN24_1098038","No other reason"
"GEN24_1098040","Holiday / vacation"
"GEN24_1098049","No other reason"
"GEN24_1098050","No other reason"
"GEN24_1098059","No other reason"
"GEN24_1098060","No other reason"
"GEN24_1098067","VFR"
"GEN24_1098070","Education"
"GEN24_1098071","Holiday / vacation"
"GEN24_1098078","Other"
"GEN24_1098081","No other reason"
"GEN24_1098091","Education"
"GEN24_1098095","Holiday / vacation"
"GEN24_1098097","Holiday / vacation"
"GEN24_1098111","No other reason"
"GEN24_1098114","No other reason"
"GEN24_1098160","VFR"
"GEN24_1098161","No other reason"
"GEN24_1098162","Holiday / vacation"
"GEN24_1098164","Holiday / vacation"
"GEN24_1098168","Education"
"GEN24_1098172","VFR"
"GEN24_1098189","Holiday / vacation"
"GEN24_1098194","No other reason"
"GEN24_1098213","Holiday / vacation"
"GEN24_1098215","No other reason"
"GEN24_1098219","No other reason"
"GEN24_1098222","No other reason"
"GEN24_1098225","Holiday / vacation"
"GEN24_1098228","No other reason"
"GEN24_1098232","No other reason"
"GEN24_1098238","No other reason"
"GEN24_1098247","Holiday / vacation"
"GEN24_1098251","No other reason"
"GEN24_1098252","VFR"
"GEN24_1098260","No other reason"
"GEN24_1098261","Holiday / vacation"
"GEN24_1098262","No other reason"
"GEN24_1098272","No other reason"
"GEN24_1098278","No other reason"
"GEN24_1098281","No other reason"
"GEN24_1098289","No other reason"
"GEN24_1098318","No other reason"
"GEN24_1098322","Holiday / vacation"
"GEN24_1098327","Holiday / vacation"
"GEN24_1098332","No other reason"
"GEN24_1098333","No other reason"
"GEN24_1098335","No other reason"
"GEN24_1098340","Holiday / vacation"
"GEN24_1098341","No other reason"
"GEN24_1098345","No other reason"
"GEN24_1098356","No other reason"
"GEN24_1098357","No other reason"
"GEN24_1098358","Holiday / vacation"
"GEN24_1098359","Holiday / vacation"
"GEN24_1098360","No other reason"
"GEN24_1098361","Holiday / vacation"
"GEN24_1098363","Other"
"GEN24_1098367","VFR"
"GEN24_1098371","VFR"
"GEN24_1098372","No other reason"
"GEN24_1098374","Holiday / vacation"
"GEN24_1098375","No other reason"
"GEN24_1098379","VFR"
"GEN24_1098380","No other reason"
"GEN24_1098386","No other reason"
"GEN24_1098389","No other reason"
"GEN24_1098395","Holiday / vacation"
"GEN24_1098406","Other"
"GEN24_1098410","No other reason"
"GEN24_1098411","No other reason"
"GEN24_1098435","No other reason"
"GEN24_1098442","VFR"
"GEN24_1098443","No other reason"
"GEN24_1098445","No other reason"
"GEN24_1098446","No other reason"
"GEN24_1098448","No other reason"
"GEN24_1098450","VFR"
"GEN24_1098453","Other"
"GEN24_1098456","Other"
"GEN24_1098465","No other reason"
"GEN24_1098468","No other reason"
"GEN24_1098474","No other reason"
"GEN24_1098481","No other reason"
"GEN24_1098495","Holiday / vacation"
"GEN24_1098509","Holiday / vacation"
"GEN24_1098510","No other reason"
"GEN24_1098513","No other reason"
"GEN24_1098518","No other reason"
"GEN24_1098529","No other reason"
"GEN24_1098533","Holiday / vacation"
"GEN24_1098534","VFR"
"GEN24_1098543","No other reason"
"GEN24_1098546","No other reason"
"GEN24_1098554","VFR"
"GEN24_1098560","No other reason"
"GEN24_1098566","No other reason"
"GEN24_1098576","VFR"
"GEN24_1098580","No other reason"
"GEN24_1098581","No other reason"
"GEN24_1098590","No other reason"
"GEN24_1098591","No other reason"
"GEN24_1098592","Other"
"GEN24_1098593","No other reason"
"GEN24_1098597","Holiday / vacation"
"GEN24_1098600","No other reason"
"GEN24_1098603","Holiday / vacation"
"GEN24_1098608","No other reason"
"GEN24_1098616","Holiday / vacation"
"GEN24_1098637","No other reason"
"GEN24_1098640","No other reason"
"GEN24_1098645","VFR"
"GEN24_1098647","No other reason"
"GEN24_1098648","Holiday / vacation"
"GEN24_1098657","No other reason"
"GEN24_1098668","No other reason"
"GEN24_1098669","No other reason"
"GEN24_1098671","Holiday / vacation"
"GEN24_1098679","Holiday / vacation"
"GEN24_1098680","No other reason"
"GEN24_1098685","Business"
"GEN24_1098687","No other reason"
"GEN24_1098690","Holiday / vacation"
"GEN24_1098692","VFR"
"GEN24_1098694","Holiday / vacation"
"GEN24_1098698","No other reason"
"GEN24_1098712","VFR"
"GEN24_1098713","No other reason"
"GEN24_1098716","Holiday / vacation"
"GEN24_1098723","VFR"
"GEN24_1098726","No other reason"
"GEN24_1098736","No other reason"
"GEN24_1098737","No other reason"
"GEN24_1098740","Other"
"GEN24_1098741","VFR"
"GEN24_1098750","No other reason"
"GEN24_1098751","No other reason"
"GEN24_1098753","No other reason"
"GEN24_1098760","Holiday / vacation"
"GEN24_1098764","Holiday / vacation"
"GEN24_1098771","No other reason"
"GEN24_1098775","VFR"
"GEN24_1098777","Holiday / vacation"
"GEN24_1098787","No other reason"
"GEN24_1098788","No other reason"
"GEN24_1098790","VFR"
"GEN24_1098792","VFR"
"GEN24_1098794","No other reason"
"GEN24_1098797","No other reason"
"GEN24_1098801","VFR"
"GEN24_1098805","No other reason"
"GEN24_1098808","VFR"
"GEN24_1098809","Holiday / vacation"
"GEN24_1098816","No other reason"
"GEN24_1098824","VFR"
"GEN24_1098825","VFR"
"GEN24_1098828","Business"
"GEN24_1098833","No other reason"
"GEN24_1098849","Holiday / vacation"
"GEN24_1098853","Holiday / vacation"
"GEN24_1098857","No other reason"
"GEN24_1098858","No other reason"
"GEN24_1098867","No other reason"
"GEN24_1098868","No other reason"
"GEN24_1098869","Holiday / vacation"
"GEN24_1098872","No other reason"
"GEN24_1098876","Holiday / vacation"
"GEN24_1098884","Education"
"GEN24_1098892","No other reason"
"GEN24_1098893","No other reason"
"GEN24_1098898","VFR"
"GEN24_1098899","Other"
"GEN24_1098904","VFR"
"GEN24_1098908","VFR"
"GEN24_1098909","No other reason"
"GEN24_1098910","Holiday / vacation"
"GEN24_1098911","Holiday / vacation"
"GEN24_1098919","Holiday / vacation"
"GEN24_1098921","Holiday / vacation"
"GEN24_1098925","No other reason"
"GEN24_1098927","No other reason"
"GEN24_1098932","Other"
"GEN24_1098935","No other reason"
"GEN24_1098937","No other reason"
"GEN24_1098942","VFR"
"GEN24_1098948","No other reason"
"GEN24_1098953","No other reason"
"GEN24_1098957","No other reason"
"GEN24_1098960","No other reason"
"GEN24_1098961","No other reason"
"GEN24_1098976","Other"
"GEN24_1098978","No other reason"
"GEN24_1098980","No other reason"
"GEN24_1098985","VFR"
"GEN24_1098987","VFR"
"GEN24_1098991","VFR"
"GEN24_1098996","No other reason"
"GEN24_1099006","VFR"
"GEN24_1099008","VFR"
"GEN24_1099015","No other reason"
"GEN24_1099016","VFR"
"GEN24_1099019","VFR"
"GEN24_1099021","No other reason"
"GEN24_1099026","No other reason"
"GEN24_1099030","No other reason"
"GEN24_1099037","No other reason"
"GEN24_1099039","No other reason"
"GEN24_1099042","No other reason"
"GEN24_1099046","No other reason"
"GEN24_1099049","No other reason"
"GEN24_1099063","No other reason"
"GEN24_1099068","No other reason"
"GEN24_1099080","VFR"
"GEN24_1099082","No other reason"
"GEN24_1099084","No other reason"
"GEN24_1099088","No other reason"
"GEN24_1099097","No other reason"
"GEN24_1099105","No other reason"
"GEN24_1099117","No other reason"
"GEN24_1099119","No other reason"
"GEN24_1099120","No other reason"
"GEN24_1099127","Other"
"GEN24_1099138","No other reason"
"GEN24_1099140","No other reason"
"GEN24_1099143","Holiday / vacation"
"GEN24_1099144","Holiday / vacation"
"GEN24_1099145","No other reason"
"GEN24_1099151","No other reason"
"GEN24_1099158","No other reason"
"GEN24_1099165","VFR"
"GEN24_1099172","Conference / convention"
"GEN24_1099176","No other reason"
"GEN24_1099178","No other reason"
"GEN24_1099180","VFR"
"GEN24_1099190","No other reason"
"GEN24_1099197","No other reason"
"GEN24_1099210","No other reason"
"GEN24_1099233","VFR"
"GEN24_1099235","Holiday / vacation"
"GEN24_1099236","No other reason"
"GEN24_1099237","No other reason"
"GEN24_1099238","Holiday / vacation"
"GEN24_1099243","Holiday / vacation"
"GEN24_1099248","No other reason"
"GEN24_1099254","Holiday / vacation"
"GEN24_1099262","VFR"
"GEN24_1099264","No other reason"
"GEN24_1099266","VFR"
"GEN24_1099269","No other reason"
"GEN24_1099274","Other"
"GEN24_1099278","No other reason"
"GEN24_1099283","No other reason"
"GEN24_1099284","No other reason"
"GEN24_1099285","No other reason"
"GEN24_1099290","No other reason"
"GEN24_1099291","Holiday / vacation"
"GEN24_1099293","No other reason"
"GEN24_1099301","No other reason"
"GEN24_1099302","Holiday / vacation"
"GEN24_1099306","Other"
"GEN24_1099307","No other reason"
"GEN24_1099323","No other reason"
"GEN24_1099325","No other reason"
"GEN24_1099326","No other reason"
"GEN24_1099335","Holiday / vacation"
"GEN24_1099340","VFR"
"GEN24_1099344","Other"
"GEN24_1099356","No other reason"
"GEN24_1099361","VFR"
"GEN24_1099368","Holiday / vacation"
"GEN24_1099381","No other reason"
"GEN24_1099386","Holiday / vacation"
"GEN24_1099389","No other reason"
"GEN24_1099391","No other reason"
"GEN24_1099396","VFR"
"GEN24_1099397","No other reason"
"GEN24_1099411","Holiday / vacation"
"GEN24_1099414","No other reason"
"GEN24_1099416","No other reason"
"GEN24_1099418","Business"
"GEN24_1099418","Education"
"GEN24_1099418","Other"
"GEN24_1099424","No other reason"
"GEN24_1099427","VFR"
"GEN24_1099429","Holiday / vacation"
"GEN24_1099445","No other reason"
"GEN24_1099446","No other reason"
"GEN24_1099459","No other reason"
"GEN24_1099461","No other reason"
"GEN24_1099468","No other reason"
"GEN24_1099472","No other reason"
"GEN24_1099474","VFR"
"GEN24_1099477","No other reason"
"GEN24_1099481","Holiday / vacation"
"GEN24_1099483","No other reason"
"GEN24_1099491","No other reason"
"GEN24_1099495","Holiday / vacation"
"GEN24_1099495","VFR"
"GEN24_1099503","No other reason"
"GEN24_1099510","Other"
"GEN24_1099531","Holiday / vacation"
"GEN24_1099541","Holiday / vacation"
"GEN24_1099548","Holiday / vacation"
"GEN24_1099549","No other reason"
"GEN24_1099574","No other reason"
"GEN24_1099586","No other reason"
"GEN24_1099590","No other reason"
"GEN24_1099592","No other reason"
"GEN24_1099595","No other reason"
"GEN24_1099596","No other reason"
"GEN24_1099600","No other reason"
"GEN24_1099605","Holiday / vacation"
"GEN24_1099607","No other reason"
"GEN24_1099613","VFR"
"GEN24_1099619","Holiday / vacation"
"GEN24_1099621","VFR"
"GEN24_1099624","No other reason"
"GEN24_1099626","No other reason"
"GEN24_1099629","Holiday / vacation"
"GEN24_1099629","VFR"
"GEN24_1099635","VFR"
"GEN24_1099639","No other reason"
"GEN24_1099641","Other"
"GEN24_1099644","No other reason"
"GEN24_1099647","No other reason"
"GEN24_1099656","No other reason"
"GEN24_1099658","No other reason"
"GEN24_1099661","VFR"
"GEN24_1099662","Other"
"GEN24_1099663","Holiday / vacation"
"GEN24_1099667","VFR"
"GEN24_1099676","Education"
"GEN24_1099676","Holiday / vacation"
"GEN24_1099695","No other reason"
"GEN24_1099703","No other reason"
"GEN24_1099707","VFR"
"GEN24_1099710","No other reason"
"GEN24_1099713","Holiday / vacation"
"GEN24_1099718","VFR"
"GEN24_1099726","Holiday / vacation"
"GEN24_1099737","No other reason"
"GEN24_1099739","No other reason"
"GEN24_1099741","No other reason"
"GEN24_1099742","No other reason"
"GEN24_1099745","VFR"
"GEN24_1099747","Holiday / vacation"
"GEN24_1099750","No other reason"
"GEN24_1099758","Holiday / vacation"
"GEN24_1099767","No other reason"
"GEN24_1099772","No other reason"
"GEN24_1099773","No other reason"
"GEN24_1099774","Holiday / vacation"
"GEN24_1099785","VFR"
"GEN24_1099793","No other reason"
"GEN24_1099797","No other reason"
"GEN24_1099799","VFR"
"GEN24_1099801","No other reason"
"GEN24_1099805","No other reason"
"GEN24_1099806","No other reason"
"GEN24_1099809","Holiday / vacation"
"GEN24_1099812","No other reason"
"GEN24_1099816","No other reason"
"GEN24_1099817","No other reason"
"GEN24_1099819","No other reason"
"GEN24_1099830","Other"
"GEN24_1099840","No other reason"
"GEN24_1099845","VFR"
"GEN24_1099846","Holiday / vacation"
"GEN24_1099848","No other reason"
"GEN24_1099854","Other"
"GEN24_1099855","Holiday / vacation"
"GEN24_1099859","No other reason"
"GEN24_1099860","No other reason"
"GEN24_1099866","No other reason"
"GEN24_1099867","No other reason"
"GEN24_1099884","No other reason"
"GEN24_1099889","No other reason"
"GEN24_1099890","VFR"
"GEN24_1099896","No other reason"
"GEN24_1099903","No other reason"
"GEN24_1099906","No other reason"
"GEN24_1099919","No other reason"
"GEN24_1099924","Holiday / vacation"
"GEN24_1099929","No other reason"
"GEN24_1099938","Holiday / vacation"
"GEN24_1099940","No other reason"
"GEN24_1099945","VFR"
"GEN24_1099952","VFR"
"GEN24_1099956","No other reason"
"GEN24_1099958","Other"
"GEN24_1099959","No other reason"
"GEN24_1099965","No other reason"
"GEN24_1099966","VFR"
"GEN24_1099967","Holiday / vacation"
"GEN24_1099974","Holiday / vacation"
"GEN24_1099975","No other reason"
"GEN24_1099982","No other reason"
"GEN24_1099986","Holiday / vacation"
"GEN24_1099988","No other reason"
"GEN24_1099993","Holiday / vacation"
"GEN24_1099998","No other reason"
"GEN24_1100008","VFR"
"GEN24_1100010","Holiday / vacation"
"GEN24_1100016","VFR"
"GEN24_1100025","No other reason"
"GEN24_1100028","Other"
"GEN24_1100031","Business"
"GEN24_1100031","Holiday / vacation"
"GEN24_1100034","Holiday / vacation"
"GEN24_1100035","Holiday / vacation"
"GEN24_1100040","Holiday / vacation"
"GEN24_1100042","Education"
"GEN24_1100042","Holiday / vacation"
"GEN24_1100042","VFR"
"GEN24_1100043","VFR"
"GEN24_1100048","Holiday / vacation"
"GEN24_1100052","No other reason"
"GEN24_1100056","Holiday / vacation"
"GEN24_1100058","Holiday / vacation"
"GEN24_1100060","Other"
"GEN24_1100061","VFR"
"GEN24_1100069","Other"
"GEN24_1100074","No other reason"
"GEN24_1100079","No other reason"
"GEN24_1100080","Holiday / vacation"
"GEN24_1100082","VFR"
"GEN24_1100083","No other reason"
"GEN24_1100088","No other reason"
"GEN24_1100094","No other reason"
"GEN24_1100106","No other reason"
"GEN24_1100107","No other reason"
"GEN24_1100110","No other reason"
"GEN24_1100111","No other reason"
"GEN24_1100128","Holiday / vacation"
"GEN24_1100139","Education"
"GEN24_1100149","No other reason"
"GEN24_1100151","No other reason"
"GEN24_1100164","Holiday / vacation"
"GEN24_1100170","No other reason"
"GEN24_1100176","Holiday / vacation"
"GEN24_1100178","Holiday / vacation"
"GEN24_1100180","Holiday / vacation"
"GEN24_1100192","Holiday / vacation"
"GEN24_1100193","Holiday / vacation"
"GEN24_1100195","No other reason"
"GEN24_1100196","No other reason"
"GEN24_1100201","Education"
"GEN24_1100206","Other"
"GEN24_1100213","No other reason"
"GEN24_1100224","Other"
"GEN24_1100227","No other reason"
"GEN24_1100230","VFR"
"GEN24_1100233","No other reason"
"GEN24_1100243","No other reason"
"GEN24_1100247","No other reason"
"GEN24_1100256","VFR"
"GEN24_1100258","No other reason"
"GEN24_1100259","No other reason"
"GEN24_1100263","Other"
"GEN24_1100264","No other reason"
"GEN24_1100285","No other reason"
"GEN24_1100290","No other reason"
"GEN24_1100300","No other reason"
"GEN24_1100304","No other reason"
"GEN24_1100311","VFR"
"GEN24_1100321","VFR"
"GEN24_1100324","No other reason"
"GEN24_1100325","VFR"
"GEN24_1100326","Holiday / vacation"
"GEN24_1100327","No other reason"
"GEN24_1100329","Holiday / vacation"
"GEN24_1100329","VFR"
"GEN24_1100331","No other reason"
"GEN24_1100337","Education"
"GEN24_1100343","Other"
"GEN24_1100346","No other reason"
"GEN24_1100347","No other reason"
"GEN24_1100350","No other reason"
"GEN24_1100363","No other reason"
"GEN24_1100372","Holiday / vacation"
"GEN24_1100374","No other reason"
"GEN24_1100376","No other reason"
"GEN24_1100382","No other reason"
"GEN24_1100384","Holiday / vacation"
"GEN24_1100386","VFR"
"GEN24_1100396","No other reason"
"GEN24_1100400","No other reason"
"GEN24_1100401","No other reason"
"GEN24_1100409","VFR"
"GEN24_1100412","No other reason"
"GEN24_1100415","No other reason"
"GEN24_1100419","No other reason"
"GEN24_1100424","No other reason"
"GEN24_1100425","No other reason"
"GEN24_1100432","No other reason"
"GEN24_1100433","Holiday / vacation"
"GEN24_1100446","No other reason"
"GEN24_1100451","No other reason"
"GEN24_1100455","No other reason"
"GEN24_1100463","Holiday / vacation"
"GEN24_1100465","No other reason"
"GEN24_1100468","No other reason"
"GEN24_1100472","No other reason"
"GEN24_1100480","VFR"
"GEN24_1100482","Other"
"GEN24_1100484","No other reason"
"GEN24_1100491","No other reason"
"GEN24_1100495","No other reason"
"GEN24_1100500","No other reason"
"GEN24_1100501","VFR"
"GEN24_1100505","Holiday / vacation"
"GEN24_1100512","VFR"
"GEN24_1100519","No other reason"
"GEN24_1100520","No other reason"
"GEN24_1100521","No other reason"
"GEN24_1100525","No other reason"
"GEN24_1100531","Business"
"GEN24_1100531","Holiday / vacation"
"GEN24_1100548","No other reason"
"GEN24_1100554","No other reason"
"GEN24_1100563","Other"
"GEN24_1100570","No other reason"
"GEN24_1100577","No other reason"
"GEN24_1100579","No other reason"
"GEN24_1100582","Holiday / vacation"
"GEN24_1100582","VFR"
"GEN24_1100584","Other"
"GEN24_1100587","VFR"
"GEN24_1100610","No other reason"
"GEN24_1100615","No other reason"
"GEN24_1100622","Holiday / vacation"
"GEN24_1100624","Holiday / vacation"
"GEN24_1100626","No other reason"
"GEN24_1100630","No other reason"
"GEN24_1100631","Holiday / vacation"
"GEN24_1100632","No other reason"
"GEN24_1100634","Education"
"GEN24_1100635","Holiday / vacation"
"GEN24_1100636","No other reason"
"GEN24_1100643","Holiday / vacation"
"GEN24_1100645","Holiday / vacation"
"GEN24_1100648","No other reason"
"GEN24_1100656","No other reason"
"GEN24_1100658","No other reason"
"GEN24_1100659","Holiday / vacation"
"GEN24_1100660","Holiday / vacation"
"GEN24_1100666","No other reason"
"GEN24_1100667","Holiday / vacation"
"GEN24_1100675","Holiday / vacation"
"GEN24_1100679","VFR"
"GEN24_1100684","No other reason"
"GEN24_1100686","Holiday / vacation"
"GEN24_1100691","VFR"
"GEN24_1100692","Holiday / vacation"
"GEN24_1100695","VFR"
"GEN24_1100698","Business"
"GEN24_1100713","Holiday / vacation"
"GEN24_1100715","No other reason"
"GEN24_1100717","Other"
"GEN24_1100731","Education"
"GEN24_1100732","No other reason"
"GEN24_1100733","No other reason"
"GEN24_1100734","Holiday / vacation"
"GEN24_1100738","No other reason"
"GEN24_1100755","Holiday / vacation"
"GEN24_1100762","VFR"
"GEN24_1100770","No other reason"
"GEN24_1100772","No other reason"
"GEN24_1100774","Holiday / vacation"
"GEN24_1100779","No other reason"
"GEN24_1100783","No other reason"
"GEN24_1100795","No other reason"
"GEN24_1100804","Other"
"GEN24_1100811","Other"
"GEN24_1100813","No other reason"
"GEN24_1100814","VFR"
"GEN24_1100821","VFR"
"GEN24_1100827","No other reason"
"GEN24_1100839","Holiday / vacation"
"GEN24_1100842","No other reason"
"GEN24_1100845","Holiday / vacation"
"GEN24_1100849","Education"
"GEN24_1100862","No other reason"
"GEN24_1100864","Holiday / vacation"
"GEN24_1100880","VFR"
"GEN24_1100884","No other reason"
"GEN24_1100900","No other reason"
"GEN24_1100902","No other reason"
"GEN24_1100903","Holiday / vacation"
"GEN24_1100905","No other reason"
"GEN24_1100906","VFR"
"GEN24_1100908","Other"
"GEN24_1100909","No other reason"
"GEN24_1100911","Business"
"GEN24_1100917","No other reason"
"GEN24_1100924","VFR"
"GEN24_1100927","VFR"
"GEN24_1100929","Holiday / vacation"
"GEN24_1100933","Holiday / vacation"
"GEN24_1100935","No other reason"
"GEN24_1100938","No other reason"
"GEN24_1100942","No other reason"
"GEN24_1100946","Other"
"GEN24_1100948","No other reason"
"GEN24_1100949","Holiday / vacation"
"GEN24_1100950","No other reason"
"GEN24_1100951","VFR"
"GEN24_1100956","No other reason"
"GEN24_1100961","No other reason"
"GEN24_1100971","Other"
"GEN24_1100979","No other reason"
"GEN24_1100981","No other reason"
"GEN24_1100991","Holiday / vacation"
"GEN24_1100994","No other reason"
"GEN24_1101002","VFR"
"GEN24_1101010","No other reason"
"GEN24_1101023","No other reason"
"GEN24_1101028","No other reason"
"GEN24_1101031","VFR"
"GEN24_1101033","No other reason"
"GEN24_1101040","No other reason"
"GEN24_1101042","No other reason"
"GEN24_1101043","Holiday / vacation"
"GEN24_1101067","No other reason"
"GEN24_1101069","VFR"
"GEN24_1101071","No other reason"
"GEN24_1101077","VFR"
"GEN24_1101080","VFR"
"GEN24_1101085","Holiday / vacation"
"GEN24_1101087","No other reason"
"GEN24_1101091","Holiday / vacation"
"GEN24_1101092","No other reason"
"GEN24_1101102","Holiday / vacation"
"GEN24_1101106","No other reason"
"GEN24_1101114","No other reason"
"GEN24_1101125","No other reason"
"GEN24_1101126","No other reason"
"GEN24_1101129","No other reason"
"GEN24_1101137","No other reason"
"GEN24_1101138","No other reason"
"GEN24_1101139","Holiday / vacation"
"GEN24_1101140","No other reason"
"GEN24_1101141","No other reason"
"GEN24_1101142","VFR"
"GEN24_1101144","Holiday / vacation"
"GEN24_1101148","No other reason"
"GEN24_1101149","No other reason"
"GEN24_1101151","Holiday / vacation"
"GEN24_1101162","Other"
"GEN24_1101167","No other reason"
"GEN24_1101168","No other reason"
"GEN24_1101171","VFR"
"GEN24_1101173","No other reason"
"GEN24_1101197","No other reason"
"GEN24_1101203","Holiday / vacation"
"GEN24_1101204","Other"
"GEN24_1101209","VFR"
"GEN24_1101218","VFR"
"GEN24_1101219","Other"
"GEN24_1101227","No other reason"
"GEN24_1101228","Holiday / vacation"
"GEN24_1101231","No other reason"
"GEN24_1101232","Holiday / vacation"
"GEN24_1101233","Holiday / vacation"
"GEN24_1101234","Holiday / vacation"
"GEN24_1101244","VFR"
"GEN24_1101249","No other reason"
"GEN24_1101251","No other reason"
"GEN24_1101257","VFR"
"GEN24_1101261","VFR"
"GEN24_1101265","No other reason"
"GEN24_1101269","VFR"
"GEN24_1101271","Holiday / vacation"
"GEN24_1101273","Holiday / vacation"
"GEN24_1101274","No other reason"
"GEN24_1101278","No other reason"
"GEN24_1101280","Holiday / vacation"
"GEN24_1101282","No other reason"
"GEN24_1101286","Education"
"GEN24_1101286","Holiday / vacation"
"GEN24_1101289","Other"
"GEN24_1101291","No other reason"
"GEN24_1101292","Education"
"GEN24_1101297","No other reason"
"GEN24_1101301","Other"
"GEN24_1101302","No other reason"
"GEN24_1101307","Holiday / vacation"
"GEN24_1101310","No other reason"
"GEN24_1101311","Holiday / vacation"
"GEN24_1101317","No other reason"
"GEN24_1101318","No other reason"
"GEN24_1101320","No other reason"
"GEN24_1101321","No other reason"
"GEN24_1101326","Holiday / vacation"
"GEN24_1101328","No other reason"
"GEN24_1101329","No other reason"
"GEN24_1101337","VFR"
"GEN24_1101341","No other reason"
"GEN24_1101343","No other reason"
"GEN24_1101354","Holiday / vacation"
"GEN24_1101356","No other reason"
"GEN24_1101358","Holiday / vacation"
"GEN24_1101360","No other reason"
"GEN24_1101362","VFR"
"GEN24_1101364","Holiday / vacation"
"GEN24_1101366","Holiday / vacation"
"GEN24_1101374","VFR"
"GEN24_1101381","No other reason"
"GEN24_1101382","No other reason"
"GEN24_1101383","Business"
"GEN24_1101389","Holiday / vacation"
"GEN24_1101393","No other reason"
"GEN24_1101395","Education"
"GEN24_1101397","No other reason"
"GEN24_1101401","No other reason"
"GEN24_1101403","VFR"
"GEN24_1101405","Holiday / vacation"
"GEN24_1101410","No other reason"
"GEN24_1101412","VFR"
"GEN24_1101416","No other reason"
"GEN24_1101418","No other reason"
"GEN24_1101419","No other reason"
"GEN24_1101425","No other reason"
"GEN24_1101427","No other reason"
"GEN24_1101430","VFR"
"GEN24_1101442","No other reason"
"GEN24_1101443","VFR"
"GEN24_1101451","No other reason"
"GEN24_1101452","No other reason"
"GEN24_1101455","No other reason"
"GEN24_1101459","Education"
"GEN24_1101459","Other"
"GEN24_1101461","VFR"
"GEN24_1101462","No other reason"
"GEN24_1101464","Holiday / vacation"
"GEN24_1101465","Holiday / vacation"
"GEN24_1101470","No other reason"
"GEN24_1101471","Holiday / vacation"
"GEN24_1101479","Holiday / vacation"
"GEN24_1101482","Holiday / vacation"
"GEN24_1101485","Holiday / vacation"
"GEN24_1101487","Other"
"GEN24_1101488","Other"
"GEN24_1101499","Holiday / vacation"
"GEN24_1101503","Holiday / vacation"
"GEN24_1101507","No other reason"
"GEN24_1101512","No other reason"
"GEN24_1101514","Other"
"GEN24_1101517","Holiday / vacation"
"GEN24_1101518","Holiday / vacation"
"GEN24_1101526","No other reason"
"GEN24_1101527","No other reason"
"GEN24_1101529","No other reason"
"GEN24_1101532","Business"
"GEN24_1101533","No other reason"
"GEN24_1101534","VFR"
"GEN24_1101536","VFR"
"GEN24_1101537","Holiday / vacation"
"GEN24_1101538","Conference / convention"
"GEN24_1101539","Holiday / vacation"
"GEN24_1101546","No other reason"
"GEN24_1101552","No other reason"
"GEN24_1101555","Education"
"GEN24_1101558","VFR"
"GEN24_1101561","VFR"
"GEN24_1101562","No other reason"
"GEN24_1101564","Holiday / vacation"
"GEN24_1101568","VFR"
"GEN24_1101569","VFR"
"GEN24_1101571","Holiday / vacation"
"GEN24_1101573","VFR"
"GEN24_1101576","No other reason"
"GEN24_1101579","No other reason"
"GEN24_1101580","No other reason"
"GEN24_1101583","No other reason"
"GEN24_1101584","No other reason"
"GEN24_1101591","No other reason"
"GEN24_1101598","Holiday / vacation"
"GEN24_1101602","VFR"
"GEN24_1101612","No other reason"
"GEN24_1101615","No other reason"
"GEN24_1101616","No other reason"
"GEN24_1101624","No other reason"
"GEN24_1101627","Conference / convention"
"GEN24_1101627","Holiday / vacation"
"GEN24_1101628","No other reason"
"GEN24_1101634","No other reason"
"GEN24_1101640","Holiday / vacation"
"GEN24_1101648","Holiday / vacation"
"GEN24_1101650","Holiday / vacation"
"GEN24_1101651","No other reason"
"GEN24_1101660","No other reason"
"GEN24_1101670","No other reason"
"GEN24_1101678","VFR"
"GEN24_1101688","Holiday / vacation"
"GEN24_1101690","Holiday / vacation"
"GEN24_1101709","Holiday / vacation"
"GEN24_1101710","No other reason"
"GEN24_1101711","Holiday / vacation"
"GEN24_1101712","No other reason"
"GEN24_1101713","Other"
"GEN24_1101718","No other reason"
"GEN24_1101730","VFR"
"GEN24_1101731","No other reason"
"GEN24_1101734","Holiday / vacation"
"GEN24_1101737","No other reason"
"GEN24_1101757","No other reason"
"GEN24_1101772","No other reason"
"GEN24_1101773","No other reason"
"GEN24_1101776","No other reason"
"GEN24_1101787","No other reason"
"GEN24_1101789","No other reason"
"GEN24_1101792","VFR"
"GEN24_1101794","Holiday / vacation"
"GEN24_1101796","Holiday / vacation"
"GEN24_1101799","No other reason"
"GEN24_1101811","Holiday / vacation"
"GEN24_1101816","No other reason"
"GEN24_1101817","VFR"
"GEN24_1101824","Holiday / vacation"
"GEN24_1101827","No other reason"
"GEN24_1101831","No other reason"
"GEN24_1101843","Holiday / vacation"
"GEN24_1101844","VFR"
"GEN24_1101851","No other reason"
"GEN24_1101854","Other"
"GEN24_1101855","No other reason"
"GEN24_1101856","VFR"
"GEN24_1101864","No other reason"
"GEN24_1101865","Holiday / vacation"
"GEN24_1101870","Holiday / vacation"
"GEN24_1101873","No other reason"
"GEN24_1101874","No other reason"
"GEN24_1101881","Holiday / vacation"
"GEN24_1101883","VFR"
"GEN24_1101887","Holiday / vacation"
"GEN24_1101891","VFR"
"GEN24_1101892","Education"
"GEN24_1101893","Holiday / vacation"
"GEN24_1101895","No other reason"
"GEN24_1101901","No other reason"
"GEN24_1101907","No other reason"
"GEN24_1101910","Holiday / vacation"
"GEN24_1101913","No other reason"
"GEN24_1101916","No other reason"
"GEN24_1101918","No other reason"
"GEN24_1101919","No other reason"
"GEN24_1101920","No other reason"
"GEN24_1101926","No other reason"
"GEN24_1101927","VFR"
"GEN24_1101928","No other reason"
"GEN24_1101929","No other reason"
"GEN24_1101933","Holiday / vacation"
"GEN24_1101936","Holiday / vacation"
"GEN24_1101949","Business"
"GEN24_1101953","No other reason"
"GEN24_1101957","No other reason"
"GEN24_1101959","Holiday / vacation"
"GEN24_1101966","Other"
"GEN24_1101970","No other reason"
"GEN24_1101981","Holiday / vacation"
"GEN24_1101985","No other reason"
"GEN24_1101990","Holiday / vacation"
"GEN24_1101998","No other reason"
"GEN24_1102004","Education"
"GEN24_1102004","Holiday / vacation"
"GEN24_1102009","No other reason"
"GEN24_1102012","Holiday / vacation"
"GEN24_1102014","Holiday / vacation"
"GEN24_1102016","No other reason"
"GEN24_1102024","No other reason"
"GEN24_1102025","Other"
"GEN24_1102027","VFR"
"GEN24_1102029","VFR"
"GEN24_1102031","No other reason"
"GEN24_1102034","No other reason"
"GEN24_1102036","Holiday / vacation"
"GEN24_1102039","Holiday / vacation"
"GEN24_1102040","No other reason"
"GEN24_1102052","No other reason"
"GEN24_1102054","Other"
"GEN24_1102056","No other reason"
"GEN24_1102059","VFR"
"GEN24_1102064","No other reason"
"GEN24_1102078","No other reason"
"GEN24_1102081","No other reason"
"GEN24_1102082","Holiday / vacation"
"GEN24_1102087","No other reason"
"GEN24_1102090","Holiday / vacation"
"GEN24_1102096","No other reason"
"GEN24_1102098","VFR"
"GEN24_1102099","No other reason"
"GEN24_1102104","Holiday / vacation"
"GEN24_1102109","No other reason"
"GEN24_1102111","Holiday / vacation"
"GEN24_1102114","No other reason"
"GEN24_1102116","VFR"
"GEN24_1102117","No other reason"
"GEN24_1102118","No other reason"
"GEN24_1102119","No other reason"
"GEN24_1102141","Conference / convention"
"GEN24_1102141","VFR"
"GEN24_1102144","Holiday / vacation"
"GEN24_1102150","VFR"
"GEN24_1102152","No other reason"
"GEN24_1102161","No other reason"
"GEN24_1102164","VFR"
"GEN24_1102166","Conference / convention"
"GEN24_1102166","Education"
"GEN24_1102171","VFR"
"GEN24_1102175","No other reason"
"GEN24_1102182","VFR"
"GEN24_1102184","No other reason"
"GEN24_1102185","Holiday / vacation"
"GEN24_1102186","Holiday / vacation"
"GEN24_1102189","No other reason"
"GEN24_1102196","Education"
"GEN24_1102197","No other reason"
"GEN24_1102198","Other"
"GEN24_1102201","No other reason"
"GEN24_1102202","VFR"
"GEN24_1102203","No other reason"
"GEN24_1102212","Holiday / vacation"
"GEN24_1102223","No other reason"
"GEN24_1102227","No other reason"
"GEN24_1102236","No other reason"
"GEN24_1102237","Other"
"GEN24_1102240","Education"
"GEN24_1102252","No other reason"
"GEN24_1102254","Other"
"GEN24_1102259","Conference / convention"
"GEN24_1102261","VFR"
"GEN24_1102268","No other reason"
"GEN24_1102269","No other reason"
"GEN24_1102287","No other reason"
"GEN24_1102292","Holiday / vacation"
"GEN24_1102296","No other reason"
"GEN24_1102297","Holiday / vacation"
"GEN24_1102298","Holiday / vacation"
"GEN24_1102299","Holiday / vacation"
"GEN24_1102300","Holiday / vacation"
"GEN24_1102309","Holiday / vacation"
"GEN24_1102324","Holiday / vacation"
"GEN24_1102325","Other"
"GEN24_1102335","No other reason"
"GEN24_1102336","Holiday / vacation"
"GEN24_1102339","Other"
"GEN24_1102342","No other reason"
"GEN24_1102345","No other reason"
"GEN24_1102351","Holiday / vacation"
"GEN24_1102353","Holiday / vacation"
"GEN24_1102354","Holiday / vacation"
"GEN24_1102355","Holiday / vacation"
"GEN24_1102357","No other reason"
"GEN24_1102362","Holiday / vacation"
"GEN24_1102363","No other reason"
"GEN24_1102368","No other reason"
"GEN24_1102369","Education"
"GEN24_1102372","Holiday / vacation"
"GEN24_1102374","VFR"
"GEN24_1102377","No other reason"
"GEN24_1102397","No other reason"
"GEN24_1102407","VFR"
"GEN24_1102410","No other reason"
"GEN24_1102414","No other reason"
"GEN24_1102416","No other reason"
"GEN24_1102424","No other reason"
"GEN24_1102431","No other reason"
"GEN24_1102437","Holiday / vacation"
"GEN24_1102444","VFR"
"GEN24_1102446","Other"
"GEN24_1102448","No other reason"
"GEN24_1102450","Holiday / vacation"
"GEN24_1102453","Holiday / vacation"
"GEN24_1102459","No other reason"
"GEN24_1102467","VFR"
"GEN24_1102468","No other reason"
"GEN24_1102474","Holiday / vacation"
"GEN24_1102475","No other reason"
"GEN24_1102479","No other reason"
"GEN24_1102485","VFR"
"GEN24_1102497","No other reason"
"GEN24_1102501","No other reason"
"GEN24_1102502","VFR"
"GEN24_1102503","No other reason"
"GEN24_1102504","No other reason"
"GEN24_1102507","No other reason"
"GEN24_1102508","No other reason"
"GEN24_1102512","No other reason"
"GEN24_1102519","Other"
"GEN24_1102520","Holiday / vacation"
"GEN24_1102522","VFR"
"GEN24_1102523","Education"
"GEN24_1102526","No other reason"
"GEN24_1102528","No other reason"
"GEN24_1102529","No other reason"
"GEN24_1102532","No other reason"
"GEN24_1102535","Other"
"GEN24_1102537","No other reason"
"GEN24_1102547","No other reason"
"GEN24_1102552","No other reason"
"GEN24_1102559","Holiday / vacation"
"GEN24_1102560","VFR"
"GEN24_1102565","No other reason"
"GEN24_1102570","No other reason"
"GEN24_1102574","Holiday / vacation"
"GEN24_1102576","No other reason"
"GEN24_1102577","No other reason"
"GEN24_1102578","No other reason"
"GEN24_1102581","Holiday / vacation"
"GEN24_1102581","Other"
"GEN24_1102594","No other reason"
"GEN24_1102595","No other reason"
"GEN24_1102600","No other reason"
"GEN24_1102604","No other reason"
"GEN24_1102606","No other reason"
"GEN24_1102610","No other reason"
"GEN24_1102620","No other reason"
"GEN24_1102630","Holiday / vacation"
"GEN24_1102631","No other reason"
"GEN24_1102646","Holiday / vacation"
"GEN24_1102650","VFR"
"GEN24_1102652","No other reason"
"GEN24_1102656","No other reason"
"GEN24_1102661","No other reason"
"GEN24_1102662","Education"
"GEN24_1102667","Holiday / vacation"
"GEN24_1102670","VFR"
"GEN24_1102682","No other reason"
"GEN24_1102695","VFR"
"GEN24_1102708","Holiday / vacation"
"GEN24_1102714","VFR"
"GEN24_1102718","No other reason"
"GEN24_1102746","Holiday / vacation"
"GEN24_1102748","Holiday / vacation"
"GEN24_1102751","No other reason"
"GEN24_1102753","Holiday / vacation"
"GEN24_1102758","No other reason"
"GEN24_1102759","No other reason"
"GEN24_1102760","VFR"
"GEN24_1102761","No other reason"
"GEN24_1102762","No other reason"
"GEN24_1102765","VFR"
"GEN24_1102766","Holiday / vacation"
"GEN24_1102774","No other reason"
"GEN24_1102776","Other"
"GEN24_1102780","No other reason"
"GEN24_1102784","VFR"
"GEN24_1102788","No other reason"
"GEN24_1102790","No other reason"
"GEN24_1102792","No other reason"
"GEN24_1102793","VFR"
"GEN24_1102795","Holiday / vacation"
"GEN24_1102805","No other reason"
"GEN24_1102806","No other reason"
"GEN24_1102810","No other reason"
"GEN24_1102830","Other"
"GEN24_1102832","VFR"
"GEN24_1102834","Holiday / vacation"
"GEN24_1102841","Holiday / vacation"
"GEN24_1102844","No other reason"
"GEN24_1102845","Holiday / vacation"
"GEN24_1102847","No other reason"
"GEN24_1102848","No other reason"
"GEN24_1102852","Other"
"GEN24_1102854","No other reason"
"GEN24_1102856","Holiday / vacation"
"GEN24_1102858","Business"
"GEN24_1102869","No other reason"
"GEN24_1102873","Holiday / vacation"
"GEN24_1102875","VFR"
"GEN24_1102881","Other"
"GEN24_1102888","No other reason"
"GEN24_1102889","No other reason"
"GEN24_1102890","No other reason"
"GEN24_1102895","No other reason"
"GEN24_1102899","VFR"
"GEN24_1102911","No other reason"
"GEN24_1102916","No other reason"
"GEN24_1102921","No other reason"
"GEN24_1102929","Holiday / vacation"
"GEN24_1102932","No other reason"
"GEN24_1102944","No other reason"
"GEN24_1102958","No other reason"
"GEN24_1102960","No other reason"
"GEN24_1102971","VFR"
"GEN24_1102975","Holiday / vacation"
"GEN24_1102977","No other reason"
"GEN24_1102979","Holiday / vacation"
"GEN24_1102987","VFR"
"GEN24_1102995","No other reason"
"GEN24_1102999","No other reason"
"GEN24_1103004","VFR"
"GEN24_1103005","No other reason"
"GEN24_1103011","No other reason"
"GEN24_1103012","Business"
"GEN24_1103012","Education"
"GEN24_1103012","Holiday / vacation"
"GEN24_1103014","No other reason"
"GEN24_1103025","No other reason"
"GEN24_1103035","Holiday / vacation"
"GEN24_1103036","No other reason"
"GEN24_1103039","Holiday / vacation"
"GEN24_1103040","No other reason"
"GEN24_1103052","No other reason"
"GEN24_1103055","Holiday / vacation"
"GEN24_1103056","Holiday / vacation"
"GEN24_1103062","Holiday / vacation"
"GEN24_1103071","No other reason"
"GEN24_1103080","Other"
"GEN24_1103092","Holiday / vacation"
"GEN24_1103093","No other reason"
"GEN24_1103094","VFR"
"GEN24_1103107","VFR"
"GEN24_1103108","VFR"
"GEN24_1103115","No other reason"
"GEN24_1103126","No other reason"
"GEN24_1103132","No other reason"
"GEN24_1103134","No other reason"
"GEN24_1103143","No other reason"
"GEN24_1103145","No other reason"
"GEN24_1103147","No other reason"
"GEN24_1103149","No other reason"
"GEN24_1103155","No other reason"
"GEN24_1103161","No other reason"
"GEN24_1103163","Holiday / vacation"
"GEN24_1103166","No other reason"
"GEN24_1103167","Other"
"GEN24_1103172","No other reason"
"GEN24_1103202","No other reason"
"GEN24_1103207","No other reason"
"GEN24_1103210","Holiday / vacation"
"GEN24_1103213","Holiday / vacation"
"GEN24_1103222","No other reason"
"GEN24_1103224","Holiday / vacation"
"GEN24_1103227","Holiday / vacation"
"GEN24_1103238","No other reason"
"GEN24_1103239","VFR"
"GEN24_1103244","No other reason"
"GEN24_1103250","No other reason"
"GEN24_1103251","Holiday / vacation"
"GEN24_1103258","Holiday / vacation"
"GEN24_1103259","VFR"
"GEN24_1103261","No other reason"
"GEN24_1103271","Holiday / vacation"
"GEN24_1103273","No other reason"
"GEN24_1103275","No other reason"
"GEN24_1103285","No other reason"
"GEN24_1103298","No other reason"
"GEN24_1103304","VFR"
"GEN24_1103306","No other reason"
"GEN24_1103307","Other"
"GEN24_1103309","No other reason"
"GEN24_1103313","No other reason"
"GEN24_1103323","No other reason"
"GEN24_1103330","Holiday / vacation"
"GEN24_1103334","No other reason"
"GEN24_1103335","VFR"
"GEN24_1103338","VFR"
"GEN24_1103340","Holiday / vacation"
"GEN24_1103342","Conference / convention"
"GEN24_1103344","No other reason"
"GEN24_1103354","No other reason"
"GEN24_1103356","Holiday / vacation"
"GEN24_1103356","Other"
"GEN24_1103362","Other"
"GEN24_1103369","Other"
"GEN24_1103371","No other reason"
"GEN24_1103374","Holiday / vacation"
"GEN24_1103375","No other reason"
"GEN24_1103376","No other reason"
"GEN24_1103379","VFR"
"GEN24_1103401","No other reason"
"GEN24_1103419","No other reason"
"GEN24_1103422","No other reason"
"GEN24_1103427","No other reason"
"GEN24_1103428","No other reason"
"GEN24_1103430","No other reason"
"GEN24_1103431","No other reason"
"GEN24_1103433","No other reason"
"GEN24_1103435","Holiday / vacation"
"GEN24_1103442","VFR"
"GEN24_1103447","Holiday / vacation"
"GEN24_1103449","Holiday / vacation"
"GEN24_1103455","Holiday / vacation"
"GEN24_1103456","No other reason"
"GEN24_1103465","No other reason"
"GEN24_1103467","No other reason"
"GEN24_1103468","No other reason"
"GEN24_1103474","No other reason"
"GEN24_1103477","No other reason"
"GEN24_1103480","No other reason"
"GEN24_1103485","No other reason"
"GEN24_1103490","No other reason"
"GEN24_1103492","Holiday / vacation"
"GEN24_1103496","No other reason"
"GEN24_1103497","Other"
"GEN24_1103500","Other"
"GEN24_1103512","Other"
"GEN24_1103514","No other reason"
"GEN24_1103515","Holiday / vacation"
"GEN24_1103518","No other reason"
"GEN24_1103519","VFR"
"GEN24_1103520","No other reason"
"GEN24_1103521","No other reason"
"GEN24_1103529","No other reason"
"GEN24_1103541","Other"
"GEN24_1103546","No other reason"
"GEN24_1103548","No other reason"
"GEN24_1103550","No other reason"
"GEN24_1103560","No other reason"
"GEN24_1103562","No other reason"
"GEN24_1103564","Holiday / vacation"
"GEN24_1103568","Holiday / vacation"
"GEN24_1103575","Other"
"GEN24_1103586","No other reason"
"GEN24_1103587","No other reason"
"GEN24_1103588","VFR"
"GEN24_1103589","Other"
"GEN24_1103589","VFR"
"GEN24_1103596","No other reason"
"GEN24_1103598","No other reason"
"GEN24_1103599","Holiday / vacation"
"GEN24_1103599","Other"
"GEN24_1103604","No other reason"
"GEN24_1103613","VFR"
"GEN24_1103623","Holiday / vacation"
"GEN24_1103625","No other reason"
"GEN24_1103630","No other reason"
"GEN24_1103637","No other reason"
"GEN24_1103645","No other reason"
"GEN24_1103647","Holiday / vacation"
"GEN24_1103653","No other reason"
"GEN24_1103667","No other reason"
"GEN24_1103670","Holiday / vacation"
"GEN24_1103674","Holiday / vacation"
"GEN24_1103677","No other reason"
"GEN24_1103683","No other reason"
"GEN24_1103688","No other reason"
"GEN24_1103690","Holiday / vacation"
"GEN24_1103693","VFR"
"GEN24_1103696","No other reason"
"GEN24_1103698","No other reason"
"GEN24_1103700","No other reason"
"GEN24_1103701","No other reason"
"GEN24_1103702","No other reason"
"GEN24_1103707","Holiday / vacation"
"GEN24_1103716","Other"
"GEN24_1103717","Business"
"GEN24_1103723","No other reason"
"GEN24_1103724","No other reason"
"GEN24_1103734","No other reason"
"GEN24_1103746","No other reason"
"GEN24_1103753","Business"
"GEN24_1103753","VFR"
"GEN24_1103754","VFR"
"GEN24_1103757","No other reason"
"GEN24_1103759","Holiday / vacation"
"GEN24_1103761","VFR"
"GEN24_1103763","No other reason"
"GEN24_1103780","VFR"
"GEN24_1103797","Other"
"GEN24_1103800","Holiday / vacation"
"GEN24_1103802","Education"
"GEN24_1103807","Holiday / vacation"
"GEN24_1103809","No other reason"
"GEN24_1103814","No other reason"
"GEN24_1103815","No other reason"
"GEN24_1103820","Holiday / vacation"
"GEN24_1103821","VFR"
"GEN24_1103827","Other"
"GEN24_1103831","No other reason"
"GEN24_1103833","No other reason"
"GEN24_1103834","Holiday / vacation"
"GEN24_1103837","Other"
"GEN24_1103841","Other"
"GEN24_1103850","No other reason"
"GEN24_1103851","No other reason"
"GEN24_1103861","No other reason"
"GEN24_1103862","Holiday / vacation"
"GEN24_1103868","VFR"
"GEN24_1103869","Other"
"GEN24_1103882","No other reason"
"GEN24_1103884","Other"
"GEN24_1103897","No other reason"
"GEN24_1103910","Other"
"GEN24_1103913","No other reason"
"GEN24_1103916","No other reason"
"GEN24_1103925","No other reason"
"GEN24_1103926","No other reason"
"GEN24_1103930","No other reason"
"GEN24_1103934","No other reason"
"GEN24_1103938","Holiday / vacation"
"GEN24_1103947","No other reason"
"GEN24_1103951","Holiday / vacation"
"GEN24_1103965","Education"
"GEN24_1103969","No other reason"
"GEN24_1103973","No other reason"
"GEN24_1103974","Other"
"GEN24_1103976","No other reason"
"GEN24_1103988","VFR"
"GEN24_1103993","VFR"
"GEN24_1104009","No other reason"
"GEN24_1104013","No other reason"
"GEN24_1104015","Business"
"GEN24_1104037","VFR"
"GEN24_1104039","Holiday / vacation"
"GEN24_1104044","No other reason"
"GEN24_1104047","No other reason"
"GEN24_1104049","Holiday / vacation"
"GEN24_1104055","No other reason"
"GEN24_1104056","Holiday / vacation"
"GEN24_1104061","No other reason"
"GEN24_1104063","Holiday / vacation"
"GEN24_1104068","No other reason"
"GEN24_1104074","No other reason"
"GEN24_1104078","No other reason"
"GEN24_1104081","Holiday / vacation"
"GEN24_1104082","No other reason"
"GEN24_1104085","No other reason"
"GEN24_1104101","Holiday / vacation"
"GEN24_1104107","Holiday / vacation"
"GEN24_1104108","No other reason"
"GEN24_1104109","No other reason"
"GEN24_1104110","No other reason"
"GEN24_1104117","Holiday / vacation"
"GEN24_1104120","Holiday / vacation"
"GEN24_1104124","Education"
"GEN24_1104129","Holiday / vacation"
"GEN24_1104130","No other reason"
"GEN24_1104131","No other reason"
"GEN24_1104132","VFR"
"GEN24_1104133","No other reason"
"GEN24_1104143","No other reason"
"GEN24_1104149","Other"
"GEN24_1104150","No other reason"
"GEN24_1104154","No other reason"
"GEN24_1104156","VFR"
"GEN24_1104159","No other reason"
"GEN24_1104161","Business"
"GEN24_1104163","No other reason"
"GEN24_1104164","No other reason"
"GEN24_1104165","No other reason"
"GEN24_1104168","Conference / convention"
"GEN24_1104168","VFR"
"GEN24_1104174","Other"
"GEN24_1104175","No other reason"
"GEN24_1104178","Other"
"GEN24_1104179","No other reason"
"GEN24_1104180","No other reason"
"GEN24_1104207","Holiday / vacation"
"GEN24_1104220","No other reason"
"GEN24_1104222","No other reason"
"GEN24_1104223","No other reason"
"GEN24_1104225","Holiday / vacation"
"GEN24_1104226","Other"
"GEN24_1104227","No other reason"
"GEN24_1104231","No other reason"
"GEN24_1104239","VFR"
"GEN24_1104244","Other"
"GEN24_1104246","No other reason"
"GEN24_1104248","No other reason"
"GEN24_1104251","Holiday / vacation"
"GEN24_1104256","No other reason"
"GEN24_1104257","No other reason"
"GEN24_1104261","No other reason"
"GEN24_1104264","No other reason"
"GEN24_1104269","No other reason"
"GEN24_1104270","No other reason"
"GEN24_1104298","Holiday / vacation"
"GEN24_1104304","No other reason"
"GEN24_1104305","No other reason"
"GEN24_1104318","Holiday / vacation"
"GEN24_1104333","Holiday / vacation"
"GEN24_1104354","No other reason"
"GEN24_1104357","Other"
"GEN24_1104358","No other reason"
"GEN24_1104359","Holiday / vacation"
"GEN24_1104359","VFR"
"GEN24_1104361","Holiday / vacation"
"GEN24_1104364","Business"
"GEN24_1104364","Holiday / vacation"
"GEN24_1104381","No other reason"
"GEN24_1104389","No other reason"
"GEN24_1104391","No other reason"
"GEN24_1104406","No other reason"
"GEN24_1104407","No other reason"
"GEN24_1104408","No other reason"
"GEN24_1104439","No other reason"
"GEN24_1104452","Holiday / vacation"
"GEN24_1104455","Other"
"GEN24_1104457","No other reason"
"GEN24_1104460","Holiday / vacation"
"GEN24_1104466","Holiday / vacation"
"GEN24_1104468","No other reason"
"GEN24_1104470","Holiday / vacation"
"GEN24_1104474","No other reason"
"GEN24_1104485","No other reason"
"GEN24_1104487","VFR"
"GEN24_1104489","Holiday / vacation"
"GEN24_1104491","No other reason"
"GEN24_1104494","No other reason"
"GEN24_1104498","VFR"
"GEN24_1104500","No other reason"
"GEN24_1104508","No other reason"
"GEN24_1104512","No other reason"
"GEN24_1104513","No other reason"
"GEN24_1104514","No other reason"
"GEN24_1104518","No other reason"
"GEN24_1104519","Holiday / vacation"
"GEN24_1104521","No other reason"
"GEN24_1104524","No other reason"
"GEN24_1104541","Holiday / vacation"
"GEN24_1104545","No other reason"
"GEN24_1104555","No other reason"
"GEN24_1104560","No other reason"
"GEN24_1104566","No other reason"
"GEN24_1104575","No other reason"
"GEN24_1104583","Holiday / vacation"
"GEN24_1104589","VFR"
"GEN24_1104596","Holiday / vacation"
"GEN24_1104600","No other reason"
"GEN24_1104613","No other reason"
"GEN24_1104614","Holiday / vacation"
"GEN24_1104616","No other reason"
"GEN24_1104623","Holiday / vacation"
"GEN24_1104623","Other"
"GEN24_1104633","Holiday / vacation"
"GEN24_1104640","No other reason"
"GEN24_1104646","No other reason"
"GEN24_1104664","Holiday / vacation"
"GEN24_1104665","No other reason"
"GEN24_1104671","VFR"
"GEN24_1104682","No other reason"
"GEN24_1104695","No other reason"
"GEN24_1104696","No other reason"
"GEN24_1104702","VFR"
"GEN24_1104704","No other reason"
"GEN24_1104708","Business"
"GEN24_1104711","Holiday / vacation"
"GEN24_1104735","Holiday / vacation"
"GEN24_1104737","VFR"
"GEN24_1104763","Holiday / vacation"
"GEN24_1104775","No other reason"
"GEN24_1104792","No other reason"
"GEN24_1104799","No other reason"
"GEN24_1104805","No other reason"
"GEN24_1104806","VFR"
"GEN24_1104824","No other reason"
"GEN24_1104825","No other reason"
"GEN24_1104834","No other reason"
"GEN24_1104848","No other reason"
"GEN24_1104852","Business"
"GEN24_1104852","Conference / convention"
"GEN24_1104853","No other reason"
"GEN24_1104856","No other reason"
"GEN24_1104857","VFR"
"GEN24_1104859","Other"
"GEN24_1104863","Holiday / vacation"
"GEN24_1104863","VFR"
"GEN24_1104866","VFR"
"GEN24_1104871","No other reason"
"GEN24_1104874","No other reason"
"GEN24_1104888","No other reason"
"GEN24_1104890","No other reason"
"GEN24_1104900","Other"
"GEN24_1104903","No other reason"
"GEN24_1104905","Holiday / vacation"
"GEN24_1104906","No other reason"
"GEN24_1104926","Education"
"GEN24_1104927","Holiday / vacation"
"GEN24_1104928","Holiday / vacation"
"GEN24_1104942","No other reason"
"GEN24_1104945","No other reason"
"GEN24_1104958","No other reason"
"GEN24_1104962","VFR"
"GEN24_1104967","Holiday / vacation"
"GEN24_1104969","No other reason"
"GEN24_1104982","No other reason"
"GEN24_1104989","Holiday / vacation"
"GEN24_1104993","No other reason"
"GEN24_1105010","Holiday / vacation"
"GEN24_1105018","VFR"
"GEN24_1105025","Other"
"GEN24_1105032","VFR"
"GEN24_1105033","No other reason"
"GEN24_1105041","Holiday / vacation"
"GEN24_1105045","Holiday / vacation"
"GEN24_1105048","Holiday / vacation"
"GEN24_1105049","No other reason"
"GEN24_1105050","VFR"
"GEN24_1105058","VFR"
"GEN24_1105075","No other reason"
"GEN24_1105077","VFR"
"GEN24_1105083","Business"
"GEN24_1105092","Holiday / vacation"
"GEN24_1105094","Other"
"GEN24_1105095","Holiday / vacation"
"GEN24_1105101","VFR"
"GEN24_1105106","No other reason"
"GEN24_1105107","No other reason"
"GEN24_1105110","No other reason"
"GEN24_1105111","No other reason"
"GEN24_1105114","No other reason"
"GEN24_1105117","No other reason"
"GEN24_1105129","No other reason"
"GEN24_1105154","Holiday / vacation"
"GEN24_1105156","Holiday / vacation"
"GEN24_1105157","No other reason"
"GEN24_1105171","Holiday / vacation"
"GEN24_1105178","No other reason"
"GEN24_1105189","No other reason"
"GEN24_1105193","No other reason"
"GEN24_1105196","Education"
"GEN24_1105201","No other reason"
"GEN24_1105204","VFR"
"GEN24_1105209","VFR"
"GEN24_1105211","Other"
"GEN24_1105231","No other reason"
"GEN24_1105237","Education"
"GEN24_1105237","Holiday / vacation"
"GEN24_1105245","VFR"
"GEN24_1105247","Other"
"GEN24_1105256","Education"
"GEN24_1105257","VFR"
"GEN24_1105263","No other reason"
"GEN24_1105264","Holiday / vacation"
"GEN24_1105265","No other reason"
"GEN24_1105279","No other reason"
"GEN24_1105280","Holiday / vacation"
"GEN24_1105290","Business"
"GEN24_1105290","Education"
"GEN24_1105290","Holiday / vacation"
"GEN24_1105290","VFR"
"GEN24_1105296","Holiday / vacation"
"GEN24_1105299","Holiday / vacation"
"GEN24_1105311","No other reason"
"GEN24_1105312","Holiday / vacation"
"GEN24_1105322","No other reason"
"GEN24_1105326","Holiday / vacation"
"GEN24_1105330","No other reason"
"GEN24_1105332","No other reason"
"GEN24_1105344","Holiday / vacation"
"GEN24_1105344","Other"
"GEN24_1105346","VFR"
"GEN24_1105352","No other reason"
"GEN24_1105366","VFR"
"GEN24_1105370","Other"
"GEN24_1105383","Holiday / vacation"
"GEN24_1105397","Holiday / vacation"
"GEN24_1105413","VFR"
"GEN24_1105415","No other reason"
"GEN24_1105420","Other"
"GEN24_1105426","No other reason"
"GEN24_1105440","Conference / convention"
"GEN24_1105442","Holiday / vacation"
"GEN24_1105443","Other"
"GEN24_1105453","VFR"
"GEN24_1105459","No other reason"
"GEN24_1105464","No other reason"
"GEN24_1105465","No other reason"
"GEN24_1105470","Holiday / vacation"
"GEN24_1105471","Holiday / vacation"
"GEN24_1105476","No other reason"
"GEN24_1105477","No other reason"
"GEN24_1105480","No other reason"
"GEN24_1105481","VFR"
"GEN24_1105492","No other reason"
"GEN24_1105498","No other reason"
"GEN24_1105499","No other reason"
"GEN24_1105508","No other reason"
"GEN24_1105510","Other"
"GEN24_1105512","No other reason"
"GEN24_1105515","No other reason"
"GEN24_1105517","No other reason"
"GEN24_1105519","No other reason"
"GEN24_1105520","No other reason"
"GEN24_1105521","No other reason"
"GEN24_1105531","No other reason"
"GEN24_1105544","VFR"
"GEN24_1105546","No other reason"
"GEN24_1105550","No other reason"
"GEN24_1105553","Holiday / vacation"
"GEN24_1105564","Holiday / vacation"
"GEN24_1105570","No other reason"
"GEN24_1105572","No other reason"
"GEN24_1105587","No other reason"
"GEN24_1105588","No other reason"
"GEN24_1105589","Holiday / vacation"
"GEN24_1105606","Conference / convention"
"GEN24_1105609","No other reason"
"GEN24_1105611","Holiday / vacation"
"GEN24_1105621","VFR"
"GEN24_1105624","Holiday / vacation"
"GEN24_1105624","VFR"
"GEN24_1105633","No other reason"
"GEN24_1105642","No other reason"
"GEN24_1105656","No other reason"
"GEN24_1105659","VFR"
"GEN24_1105676","No other reason"
"GEN24_1105679","No other reason"
"GEN24_1105682","Holiday / vacation"
"GEN24_1105683","Other"
"GEN24_1105685","Business"
"GEN24_1105691","Holiday / vacation"
"GEN24_1105696","Holiday / vacation"
"GEN24_1105701","VFR"
"GEN24_1105707","No other reason"
"GEN24_1105710","VFR"
"GEN24_1105716","Business"
"GEN24_1105720","No other reason"
"GEN24_1105729","No other reason"
"GEN24_1105731","VFR"
"GEN24_1105732","No other reason"
"GEN24_1105734","No other reason"
"GEN24_1105745","Other"
"GEN24_1105764","VFR"
"GEN24_1105784","No other reason"
"GEN24_1105795","Business"
"GEN24_1105800","No other reason"
"GEN24_1105805","No other reason"
"GEN24_1105810","No other reason"
"GEN24_1105811","Holiday / vacation"
"GEN24_1105822","VFR"
"GEN24_1105824","Other"
"GEN24_1105825","No other reason"
"GEN24_1105826","No other reason"
"GEN24_1105828","No other reason"
"GEN24_1105834","No other reason"
"GEN24_1105846","No other reason"
"GEN24_1105850","Holiday / vacation"
"GEN24_1105851","No other reason"
"GEN24_1105854","No other reason"
"GEN24_1105855","Other"
"GEN24_1105859","Holiday / vacation"
"GEN24_1105863","No other reason"
"GEN24_1105865","Business"
"GEN24_1105865","Other"
"GEN24_1105868","No other reason"
"GEN24_1105875","VFR"
"GEN24_1105892","Holiday / vacation"
"GEN24_1105918","No other reason"
"GEN24_1105919","Holiday / vacation"
"GEN24_1105922","Business"
"GEN24_1105930","VFR"
"GEN24_1105931","No other reason"
"GEN24_1105933","No other reason"
"GEN24_1105934","No other reason"
"GEN24_1105935","No other reason"
"GEN24_1105951","No other reason"
"GEN24_1105959","Holiday / vacation"
"GEN24_1105970","VFR"
"GEN24_1105978","Holiday / vacation"
"GEN24_1105980","No other reason"
"GEN24_1105990","No other reason"
"GEN24_1105994","No other reason"
"GEN24_1106001","Other"
"GEN24_1106002","No other reason"
"GEN24_1106004","No other reason"
"GEN24_1106007","No other reason"
"GEN24_1106024","No other reason"
"GEN24_1106051","No other reason"
"GEN24_1106052","Business"
"GEN24_1106056","No other reason"
"GEN24_1106061","Holiday / vacation"
"GEN24_1106073","Holiday / vacation"
"GEN24_1106074","No other reason"
"GEN24_1106090","Holiday / vacation"
"GEN24_1106091","Holiday / vacation"
"GEN24_1106093","VFR"
"GEN24_1106096","No other reason"
"GEN24_1106107","Holiday / vacation"
"GEN24_1106122","No other reason"
"GEN24_1106128","No other reason"
"GEN24_1106131","No other reason"
"GEN24_1106134","Business"
"GEN24_1106140","No other reason"
"GEN24_1106157","No other reason"
"GEN24_1106165","No other reason"
"GEN24_1106166","No other reason"
"GEN24_1106174","No other reason"
"GEN24_1106175","No other reason"
"GEN24_1106178","No other reason"
"GEN24_1106182","No other reason"
"GEN24_1106184","Holiday / vacation"
"GEN24_1106213","Holiday / vacation"
"GEN24_1106214","No other reason"
"GEN24_1106217","No other reason"
"GEN24_1106226","No other reason"
"GEN24_1106230","Business"
"GEN24_1106244","No other reason"
"GEN24_1106246","No other reason"
"GEN24_1106260","VFR"
"GEN24_1106261","No other reason"
"GEN24_1106271","No other reason"
"GEN24_1106275","No other reason"
"GEN24_1106278","Holiday / vacation"
"GEN24_1106281","Holiday / vacation"
"GEN24_1106284","Other"
"GEN24_1106285","No other reason"
"GEN24_1106292","No other reason"
"GEN24_1106293","VFR"
"GEN24_1106294","No other reason"
"GEN24_1106296","No other reason"
"GEN24_1106297","No other reason"
"GEN24_1106338","No other reason"
"GEN24_1106339","No other reason"
"GEN24_1106341","No other reason"
"GEN24_1106344","No other reason"
"GEN24_1106354","Business"
"GEN24_1106358","VFR"
"GEN24_1106367","Holiday / vacation"
"GEN24_1106377","No other reason"
"GEN24_1106386","Education"
"GEN24_1106390","VFR"
"GEN24_1106415","No other reason"
"GEN24_1106418","No other reason"
"GEN24_1106423","No other reason"
"GEN24_1106432","No other reason"
"GEN24_1106446","Holiday / vacation"
"GEN24_1106448","No other reason"
"GEN24_1106451","Conference / convention"
"GEN24_1106455","No other reason"
"GEN24_1106458","Conference / convention"
"GEN24_1106460","No other reason"
"GEN24_1106464","No other reason"
"GEN24_1106465","No other reason"
"GEN24_1106467","No other reason"
"GEN24_1106469","Other"
"GEN24_1106473","Other"
"GEN24_1106474","No other reason"
"GEN24_1106485","Holiday / vacation"
"GEN24_1106489","No other reason"
"GEN24_1106490","No other reason"
"GEN24_1106492","Education"
"GEN24_1106497","Holiday / vacation"
"GEN24_1106498","Holiday / vacation"
"GEN24_1106500","Holiday / vacation"
"GEN24_1106506","No other reason"
"GEN24_1106512","No other reason"
"GEN24_1106522","VFR"
"GEN24_1106526","Holiday / vacation"
"GEN24_1106533","No other reason"
"GEN24_1106534","No other reason"
"GEN24_1106535","No other reason"
"GEN24_1106537","No other reason"
"GEN24_1106538","No other reason"
"GEN24_1106543","Holiday / vacation"
"GEN24_1106545","Holiday / vacation"
"GEN24_1106548","Holiday / vacation"
"GEN24_1106550","Other"
"GEN24_1106565","No other reason"
"GEN24_1106579","Holiday / vacation"
"GEN24_1106583","No other reason"
"GEN24_1106584","Holiday / vacation"
"GEN24_1106584","VFR"
"GEN24_1106588","No other reason"
"GEN24_1106589","Holiday / vacation"
"GEN24_1106593","No other reason"
"GEN24_1106596","Holiday / vacation"
"GEN24_1106598","No other reason"
"GEN24_1106604","Holiday / vacation"
"GEN24_1106610","No other reason"
"GEN24_1106611","Holiday / vacation"
"GEN24_1106619","Other"
"GEN24_1106620","No other reason"
"GEN24_1106621","Holiday / vacation"
"GEN24_1106622","No other reason"
"GEN24_1106623","No other reason"
"GEN24_1106625","No other reason"
"GEN24_1106627","Education"
"GEN24_1106629","Holiday / vacation"
"GEN24_1106630","No other reason"
"GEN24_1106632","No other reason"
"GEN24_1106636","No other reason"
"GEN24_1106640","No other reason"
"GEN24_1106641","No other reason"
"GEN24_1106642","No other reason"
"GEN24_1106654","Other"
"GEN24_1106655","No other reason"
"GEN24_1106658","Holiday / vacation"
"GEN24_1106663","Holiday / vacation"
"GEN24_1106668","Business"
"GEN24_1106669","Holiday / vacation"
"GEN24_1106671","Holiday / vacation"
"GEN24_1106675","No other reason"
"GEN24_1106680","Holiday / vacation"
"GEN24_1106681","No other reason"
"GEN24_1106685","Education"
"GEN24_1106685","Other"
"GEN24_1106691","No other reason"
"GEN24_1106692","VFR"
"GEN24_1106701","No other reason"
"GEN24_1106704","VFR"
"GEN24_1106708","No other reason"
"GEN24_1106724","Holiday / vacation"
"GEN24_1106728","Business"
"GEN24_1106736","VFR"
"GEN24_1106743","No other reason"
"GEN24_1106757","No other reason"
"GEN24_1106758","Holiday / vacation"
"GEN24_1106759","No other reason"
"GEN24_1106780","Business"
"GEN24_1106780","Holiday / vacation"
"GEN24_1106782","Holiday / vacation"
"GEN24_1106788","No other reason"
"GEN24_1106795","Other"
"GEN24_1106804","Holiday / vacation"
"GEN24_1106808","No other reason"
"GEN24_1106812","VFR"
"GEN24_1106815","No other reason"
"GEN24_1106824","Other"
"GEN24_1106833","Other"
"GEN24_1106836","Other"
"GEN24_1106841","No other reason"
"GEN24_1106842","Other"
"GEN24_1106843","No other reason"
"GEN24_1106850","No other reason"
"GEN24_1106882","No other reason"
"GEN24_1106885","Other"
"GEN24_1106890","Holiday / vacation"
"GEN24_1106902","Holiday / vacation"
"GEN24_1106905","No other reason"
"GEN24_1106909","Holiday / vacation"
"GEN24_1106912","No other reason"
"GEN24_1106920","Holiday / vacation"
"GEN24_1106924","Holiday / vacation"
"GEN24_1106926","No other reason"
"GEN24_1106942","Conference / convention"
"GEN24_1106942","Holiday / vacation"
"GEN24_1106943","No other reason"
"GEN24_1106944","No other reason"
"GEN24_1106946","Holiday / vacation"
"GEN24_1106951","No other reason"
"GEN24_1106956","No other reason"
"GEN24_1106957","Business"
"GEN24_1106957","Other"
"GEN24_1106965","Holiday / vacation"
"GEN24_1106990","No other reason"
"GEN24_1106997","No other reason"
"GEN24_1107006","Business"
"GEN24_1107011","Other"
"GEN24_1107018","No other reason"
"GEN24_1107023","Other"
"GEN24_1107028","No other reason"
"GEN24_1107031","No other reason"
"GEN24_1107033","No other reason"
"GEN24_1107034","No other reason"
"GEN24_1107035","No other reason"
"GEN24_1107036","Holiday / vacation"
"GEN24_1107037","No other reason"
"GEN24_1107053","No other reason"
"GEN24_1107062","Holiday / vacation"
"GEN24_1107065","Holiday / vacation"
"GEN24_1107066","No other reason"
"GEN24_1107079","No other reason"
"GEN24_1107081","VFR"
"GEN24_1107086","No other reason"
"GEN24_1107090","No other reason"
"GEN24_1107099","Other"
"GEN24_1107100","Education"
"GEN24_1107106","No other reason"
"GEN24_1107108","No other reason"
"GEN24_1107110","No other reason"
"GEN24_1107117","Holiday / vacation"
"GEN24_1107119","No other reason"
"GEN24_1107121","No other reason"
"GEN24_1107122","Holiday / vacation"
"GEN24_1107123","No other reason"
"GEN24_1107128","VFR"
"GEN24_1107131","Holiday / vacation"
"GEN24_1107133","Holiday / vacation"
"GEN24_1107137","VFR"
"GEN24_1107138","Other"
"GEN24_1107141","No other reason"
"GEN24_1107160","No other reason"
"GEN24_1107163","VFR"
"GEN24_1107172","Other"
"GEN24_1107174","Education"
"GEN24_1107180","VFR"
"GEN24_1107184","No other reason"
"GEN24_1107189","VFR"
"GEN24_1107202","No other reason"
"GEN24_1107206","No other reason"
"GEN24_1107208","No other reason"
"GEN24_1107213","No other reason"
"GEN24_1107227","No other reason"
"GEN24_1107228","Holiday / vacation"
"GEN24_1107230","Holiday / vacation"
"GEN24_1107234","No other reason"
"GEN24_1107236","No other reason"
"GEN24_1107240","Business"
"GEN24_1107242","VFR"
"GEN24_1107244","Other"
"GEN24_1107247","No other reason"
"GEN24_1107248","No other reason"
"GEN24_1107252","No other reason"
"GEN24_1107259","No other reason"
"GEN24_1107262","No other reason"
"GEN24_1107268","VFR"
"GEN24_1107270","No other reason"
"GEN24_1107272","No other reason"
"GEN24_1107276","Education"
"GEN24_1107297","No other reason"
"GEN24_1107305","No other reason"
"GEN24_1107307","No other reason"
"GEN24_1107336","Holiday / vacation"
"GEN24_1107346","No other reason"
"GEN24_1107357","VFR"
"GEN24_1107360","VFR"
"GEN24_1107361","Conference / convention"
"GEN24_1107376","Conference / convention"
"GEN24_1107394","No other reason"
"GEN24_1107400","No other reason"
"GEN24_1107405","VFR"
"GEN24_1107406","No other reason"
"GEN24_1107413","Holiday / vacation"
"GEN24_1107418","Holiday / vacation"
"GEN24_1107424","VFR"
"GEN24_1107432","No other reason"
"GEN24_1107456","Holiday / vacation"
"GEN24_1107458","VFR"
"GEN24_1107461","Holiday / vacation"
"GEN24_1107478","Other"
"GEN24_1107480","Education"
"GEN24_1107482","No other reason"
"GEN24_1107486","No other reason"
"GEN24_1107487","Other"
"GEN24_1107495","No other reason"
"GEN24_1107502","No other reason"
"GEN24_1107518","No other reason"
"GEN24_1107529","Holiday / vacation"
"GEN24_1107531","VFR"
"GEN24_1107532","No other reason"
"GEN24_1107533","No other reason"
"GEN24_1107535","Other"
"GEN24_1107538","VFR"
"GEN24_1107563","No other reason"
"GEN24_1107575","Business"
"GEN24_1107586","Other"
"GEN24_1107607","Other"
"GEN24_1107612","No other reason"
"GEN24_1107619","Holiday / vacation"
"GEN24_1107624","No other reason"
"GEN24_1107628","Holiday / vacation"
"GEN24_1107632","VFR"
"GEN24_1107633","Holiday / vacation"
"GEN24_1107634","No other reason"
"GEN24_1107643","No other reason"
"GEN24_1107644","No other reason"
"GEN24_1107652","No other reason"
"GEN24_1107655","No other reason"
"GEN24_1107658","Holiday / vacation"
"GEN24_1107660","VFR"
"GEN24_1107661","No other reason"
"GEN24_1107665","No other reason"
"GEN24_1107666","VFR"
"GEN24_1107671","No other reason"
"GEN24_1107678","No other reason"
"GEN24_1107680","No other reason"
"GEN24_1107681","Holiday / vacation"
"GEN24_1107682","No other reason"
"GEN24_1107683","No other reason"
"GEN24_1107691","No other reason"
"GEN24_1107695","VFR"
"GEN24_1107712","Holiday / vacation"
"GEN24_1107722","Holiday / vacation"
"GEN24_1107731","No other reason"
"GEN24_1107744","No other reason"
"GEN24_1107746","No other reason"
"GEN24_1107756","Holiday / vacation"
"GEN24_1107756","VFR"
"GEN24_1107757","Holiday / vacation"
"GEN24_1107760","No other reason"
"GEN24_1107761","VFR"
"GEN24_1107764","VFR"
"GEN24_1107765","No other reason"
"GEN24_1107768","No other reason"
"GEN24_1107775","Holiday / vacation"
"GEN24_1107775","Other"
"GEN24_1107778","No other reason"
"GEN24_1107779","No other reason"
"GEN24_1107780","No other reason"
"GEN24_1107782","Conference / convention"
"GEN24_1107786","Holiday / vacation"
"GEN24_1107786","Other"
"GEN24_1107791","No other reason"
"GEN24_1107792","No other reason"
"GEN24_1107799","Holiday / vacation"
"GEN24_1107821","VFR"
"GEN24_1107841","No other reason"
"GEN24_1107842","No other reason"
"GEN24_1107845","No other reason"
"GEN24_1107865","Other"
"GEN24_1107866","No other reason"
"GEN24_1107870","Conference / convention"
"GEN24_1107872","No other reason"
"GEN24_1107874","No other reason"
"GEN24_1107875","No other reason"
"GEN24_1107878","VFR"
"GEN24_1107885","Holiday / vacation"
"GEN24_1107886","No other reason"
"GEN24_1107899","Other"
"GEN24_1107900","Holiday / vacation"
"GEN24_1107904","No other reason"
"GEN24_1107908","No other reason"
"GEN24_1107912","Holiday / vacation"
"GEN24_1107924","No other reason"
"GEN24_1107934","Holiday / vacation"
"GEN24_1107940","No other reason"
"GEN24_1107945","VFR"
"GEN24_1107948","No other reason"
"GEN24_1107952","Holiday / vacation"
"GEN24_1107953","No other reason"
"GEN24_1107974","Holiday / vacation"
"GEN24_1107978","Holiday / vacation"
"GEN24_1107985","No other reason"
"GEN24_1107988","No other reason"
"GEN24_1107990","No other reason"
"GEN24_1107991","No other reason"
"GEN24_1107999","Holiday / vacation"
"GEN24_1108003","Other"
"GEN24_1108008","No other reason"
"GEN24_1108009","Holiday / vacation"
"GEN24_1108017","No other reason"
"GEN24_1108020","No other reason"
"GEN24_1108026","Holiday / vacation"
"GEN24_1108029","No other reason"
"GEN24_1108039","Other"
"GEN24_1108040","Holiday / vacation"
"GEN24_1108042","No other reason"
"GEN24_1108046","VFR"
"GEN24_1108050","No other reason"
"GEN24_1108054","Holiday / vacation"
"GEN24_1108056","No other reason"
"GEN24_1108064","VFR"
"GEN24_1108086","Holiday / vacation"
"GEN24_1108087","No other reason"
"GEN24_1108088","Holiday / vacation"
"GEN24_1108090","Other"
"GEN24_1108091","VFR"
"GEN24_1108094","Holiday / vacation"
"GEN24_1108095","Holiday / vacation"
"GEN24_1108096","VFR"
"GEN24_1108099","No other reason"
"GEN24_1108100","Business"
"GEN24_1108121","No other reason"
"GEN24_1108154","No other reason"
"GEN24_1108158","No other reason"
"GEN24_1108164","No other reason"
"GEN24_1108171","Other"
"GEN24_1108175","No other reason"
"GEN24_1108176","VFR"
"GEN24_1108178","Education"
"GEN24_1108178","Other"
"GEN24_1108178","VFR"
"GEN24_1108188","No other reason"
"GEN24_1108189","VFR"
"GEN24_1108200","No other reason"
"GEN24_1108204","Business"
"GEN24_1108215","Holiday / vacation"
"GEN24_1108217","Other"
"GEN24_1108221","No other reason"
"GEN24_1108224","VFR"
"GEN24_1108266","VFR"
"GEN24_1108269","Holiday / vacation"
"GEN24_1108276","Holiday / vacation"
"GEN24_1108277","VFR"
"GEN24_1108280","No other reason"
"GEN24_1108287","No other reason"
"GEN24_1108298","No other reason"
"GEN24_1108301","Holiday / vacation"
"GEN24_1108321","Business"
"GEN24_1108326","Conference / convention"
"GEN24_1108326","VFR"
"GEN24_1108335","No other reason"
"GEN24_1108342","Other"
"GEN24_1108347","No other reason"
"GEN24_1108354","Holiday / vacation"
"GEN24_1108367","Holiday / vacation"
"GEN24_1108374","Holiday / vacation"
"GEN24_1108387","Holiday / vacation"
"GEN24_1108399","Conference / convention"
"GEN24_1108403","VFR"
"GEN24_1108417","Holiday / vacation"
"GEN24_1108418","No other reason"
"GEN24_1108424","Holiday / vacation"
"GEN24_1108433","Education"
"GEN24_1108437","No other reason"
"GEN24_1108440","No other reason"
"GEN24_1108450","Holiday / vacation"
"GEN24_1108458","Holiday / vacation"
"GEN24_1108466","No other reason"
"GEN24_1108468","No other reason"
"GEN24_1108489","Holiday / vacation"
"GEN24_1108496","No other reason"
"GEN24_1108497","Holiday / vacation"
"GEN24_1108502","Holiday / vacation"
"GEN24_1108503","No other reason"
"GEN24_1108505","Holiday / vacation"
"GEN24_1108510","No other reason"
"GEN24_1108520","No other reason"
"GEN24_1108524","VFR"
"GEN24_1108555","Holiday / vacation"
"GEN24_1108556","Holiday / vacation"
"GEN24_1108565","No other reason"
"GEN24_1108566","No other reason"
"GEN24_1108569","Education"
"GEN24_1108569","Holiday / vacation"
"GEN24_1108571","No other reason"
"GEN24_1108580","No other reason"
"GEN24_1108590","No other reason"
"GEN24_1108592","No other reason"
"GEN24_1108602","VFR"
"GEN24_1108606","No other reason"
"GEN24_1108616","Holiday / vacation"
"GEN24_1108623","No other reason"
"GEN24_1108624","Holiday / vacation"
"GEN24_1108634","No other reason"
"GEN24_1108668","Holiday / vacation"
"GEN24_1108674","No other reason"
"GEN24_1108680","No other reason"
"GEN24_1108682","No other reason"
"GEN24_1108684","Holiday / vacation"
"GEN24_1108686","Holiday / vacation"
"GEN24_1108687","Holiday / vacation"
"GEN24_1108688","No other reason"
"GEN24_1108698","No other reason"
"GEN24_1108704","Other"
"GEN24_1108710","No other reason"
"GEN24_1108718","No other reason"
"GEN24_1108719","No other reason"
"GEN24_1108729","No other reason"
"GEN24_1108737","VFR"
"GEN24_1108743","No other reason"
"GEN24_1108749","Other"
"GEN24_1108753","No other reason"
"GEN24_1108757","Holiday / vacation"
"GEN24_1108764","No other reason"
"GEN24_1108786","No other reason"
"GEN24_1108791","No other reason"
"GEN24_1108807","VFR"
"GEN24_1108810","Holiday / vacation"
"GEN24_1108830","VFR"
"GEN24_1108831","No other reason"
"GEN24_1108836","VFR"
"GEN24_1108848","VFR"
"GEN24_1108850","Holiday / vacation"
"GEN24_1108868","No other reason"
"GEN24_1108875","Other"
"GEN24_1108893","VFR"
"GEN24_1108895","Holiday / vacation"
"GEN24_1108896","Education"
"GEN24_1108898","No other reason"
"GEN24_1108900","Holiday / vacation"
"GEN24_1108927","No other reason"
"GEN24_1108953","No other reason"
"GEN24_1108960","Holiday / vacation"
"GEN24_1108967","No other reason"
"GEN24_1108968","Other"
"GEN24_1108978","Holiday / vacation"
"GEN24_1108982","Holiday / vacation"
"GEN24_1108983","VFR"
"GEN24_1108987","No other reason"
"GEN24_1108988","No other reason"
"GEN24_1108991","Holiday / vacation"
"GEN24_1108995","Holiday / vacation"
"GEN24_1109002","No other reason"
"GEN24_1109011","No other reason"
"GEN24_1109021","Education"
"GEN24_1109022","Holiday / vacation"
"GEN24_1109024","No other reason"
"GEN24_1109026","No other reason"
"GEN24_1109039","Holiday / vacation"
"GEN24_1109041","No other reason"
"GEN24_1109043","Holiday / vacation"
"GEN24_1109044","No other reason"
"GEN24_1109050","VFR"
"GEN24_1109054","No other reason"
"GEN24_1109064","Other"
"GEN24_1109064","VFR"
"GEN24_1109067","No other reason"
"GEN24_1109068","No other reason"
"GEN24_1109074","VFR"
"GEN24_1109091","No other reason"
"GEN24_1109095","Other"
"GEN24_1109103","No other reason"
"GEN24_1109129","Education"
"GEN24_1109136","Other"
"GEN24_1109138","No other reason"
"GEN24_1109145","VFR"
"GEN24_1109146","Education"
"GEN24_1109146","Holiday / vacation"
"GEN24_1109158","Other"
"GEN24_1109159","No other reason"
"GEN24_1109161","VFR"
"GEN24_1109169","Holiday / vacation"
"GEN24_1109173","Conference / convention"
"GEN24_1109178","No other reason"
"GEN24_1109188","No other reason"
"GEN24_1109189","VFR"
"GEN24_1109196","No other reason"
"GEN24_1109197","Education"
"GEN24_1109208","VFR"
"GEN24_1109237","No other reason"
"GEN24_1109248","No other reason"
"GEN24_1109253","VFR"
"GEN24_1109254","No other reason"
"GEN24_1109255","Conference / convention"
"GEN24_1109259","No other reason"
"GEN24_1109265","No other reason"
"GEN24_1109267","Other"
"GEN24_1109273","No other reason"
"GEN24_1109276","VFR"
"GEN24_1109282","No other reason"
"GEN24_1109290","Holiday / vacation"
"GEN24_1109301","No other reason"
"GEN24_1109312","Holiday / vacation"
"GEN24_1109319","VFR"
"GEN24_1109321","No other reason"
"GEN24_1109327","No other reason"
"GEN24_1109328","Business"
"GEN24_1109331","No other reason"
"GEN24_1109332","Holiday / vacation"
"GEN24_1109350","No other reason"
"GEN24_1109355","VFR"
"GEN24_1109357","Holiday / vacation"
"GEN24_1109361","Other"
"GEN24_1109368","No other reason"
"GEN24_1109384","No other reason"
"GEN24_1109387","No other reason"
"GEN24_1109406","Holiday / vacation"
"GEN24_1109408","No other reason"
"GEN24_1109421","No other reason"
"GEN24_1109437","No other reason"
"GEN24_1109445","Other"
"GEN24_1109447","No other reason"
"GEN24_1109463","No other reason"
"GEN24_1109483","No other reason"
"GEN24_1109489","Holiday / vacation"
"GEN24_1109493","No other reason"
"GEN24_1109497","Holiday / vacation"
"GEN24_1109502","Holiday / vacation"
"GEN24_1109503","No other reason"
"GEN24_1109505","Business"
"GEN24_1109506","Other"
"GEN24_1109508","Holiday / vacation"
"GEN24_1109511","Other"
"GEN24_1109517","No other reason"
"GEN24_1109522","No other reason"
"GEN24_1109557","No other reason"
"GEN24_1109560","No other reason"
"GEN24_1109569","No other reason"
"GEN24_1109576","No other reason"
"GEN24_1109585","No other reason"
"GEN24_1109593","Holiday / vacation"
"GEN24_1109595","Holiday / vacation"
"GEN24_1109597","Holiday / vacation"
"GEN24_1109600","VFR"
"GEN24_1109603","Other"
"GEN24_1109606","No other reason"
"GEN24_1109612","No other reason"
"GEN24_1109622","Holiday / vacation"
"GEN24_1109629","Holiday / vacation"
"GEN24_1109630","No other reason"
"GEN24_1109633","No other reason"
"GEN24_1109634","No other reason"
"GEN24_1109640","No other reason"
"GEN24_1109643","No other reason"
"GEN24_1109646","No other reason"
"GEN24_1109651","Holiday / vacation"
"GEN24_1109659","Holiday / vacation"
"GEN24_1109662","Holiday / vacation"
"GEN24_1109667","No other reason"
"GEN24_1109676","VFR"
"GEN24_1109677","VFR"
"GEN24_1109690","No other reason"
"GEN24_1109695","Other"
"GEN24_1109700","No other reason"
"GEN24_1109702","No other reason"
"GEN24_1109703","No other reason"
"GEN24_1109705","Holiday / vacation"
"GEN24_1109714","Holiday / vacation"
"GEN24_1109715","Business"
"GEN24_1109715","VFR"
"GEN24_1109719","Holiday / vacation"
"GEN24_1109723","No other reason"
"GEN24_1109727","No other reason"
"GEN24_1109736","No other reason"
"GEN24_1109737","No other reason"
"GEN24_1109744","Holiday / vacation"
"GEN24_1109753","Business"
"GEN24_1109753","Education"
"GEN24_1109769","Holiday / vacation"
"GEN24_1109778","No other reason"
"GEN24_1109779","No other reason"
"GEN24_1109785","No other reason"
"GEN24_1109788","Holiday / vacation"
"GEN24_1109789","No other reason"
"GEN24_1109794","No other reason"
"GEN24_1109796","Other"
"GEN24_1109805","No other reason"
"GEN24_1109821","Education"
"GEN24_1109828","Other"
"GEN24_1109840","Holiday / vacation"
"GEN24_1109843","Holiday / vacation"
"GEN24_1109844","Conference / convention"
"GEN24_1109850","Holiday / vacation"
"GEN24_1109854","Holiday / vacation"
"GEN24_1109856","No other reason"
"GEN24_1109858","No other reason"
"GEN24_1109859","Holiday / vacation"
"GEN24_1109860","Education"
"GEN24_1109867","No other reason"
"GEN24_1109868","No other reason"
"GEN24_1109877","No other reason"
"GEN24_1109879","No other reason"
"GEN24_1109899","No other reason"
"GEN24_1109900","VFR"
"GEN24_1109908","No other reason"
"GEN24_1109912","No other reason"
"GEN24_1109914","VFR"
"GEN24_1109919","No other reason"
"GEN24_1109928","No other reason"
"GEN24_1109930","Holiday / vacation"
"GEN24_1109935","No other reason"
"GEN24_1109939","No other reason"
"GEN24_1109940","No other reason"
"GEN24_1109949","No other reason"
"GEN24_1109960","VFR"
"GEN24_1109961","VFR"
"GEN24_1110006","VFR"
"GEN24_1110008","Holiday / vacation"
"GEN24_1110009","Holiday / vacation"
"GEN24_1110013","No other reason"
"GEN24_1110015","VFR"
"GEN24_1110016","Holiday / vacation"
"GEN24_1110018","No other reason"
"GEN24_1110027","Holiday / vacation"
"GEN24_1110040","VFR"
"GEN24_1110055","VFR"
"GEN24_1110061","VFR"
"GEN24_1110069","VFR"
"GEN24_1110079","No other reason"
"GEN24_1110088","Holiday / vacation"
"GEN24_1110097","No other reason"
"GEN24_1110098","No other reason"
"GEN24_1110101","Holiday / vacation"
"GEN24_1110128","Holiday / vacation"
"GEN24_1110134","No other reason"
"GEN24_1110135","VFR"
"GEN24_1110138","No other reason"
"GEN24_1110158","No other reason"
"GEN24_1110168","No other reason"
"GEN24_1110170","No other reason"
"GEN24_1110184","Holiday / vacation"
"GEN24_1110185","No other reason"
"GEN24_1110189","Business"
"GEN24_1110190","Other"
"GEN24_1110197","VFR"
"GEN24_1110199","Other"
"GEN24_1110202","Holiday / vacation"
"GEN24_1110216","No other reason"
"GEN24_1110217","No other reason"
"GEN24_1110228","No other reason"
"GEN24_1110259","VFR"
"GEN24_1110260","No other reason"
"GEN24_1110266","No other reason"
"GEN24_1110269","No other reason"
"GEN24_1110283","Holiday / vacation"
"GEN24_1110289","No other reason"
"GEN24_1110297","No other reason"
"GEN24_1110304","Holiday / vacation"
"GEN24_1110311","Holiday / vacation"
"GEN24_1110315","No other reason"
"GEN24_1110320","No other reason"
"GEN24_1110327","No other reason"
"GEN24_1110328","Holiday / vacation"
"GEN24_1110338","No other reason"
"GEN24_1110349","Holiday / vacation"
"GEN24_1110363","Holiday / vacation"
"GEN24_1110365","No other reason"
"GEN24_1110374","Other"
"GEN24_1110380","Holiday / vacation"
"GEN24_1110383","No other reason"
"GEN24_1110403","No other reason"
"GEN24_1110421","VFR"
"GEN24_1110426","Holiday / vacation"
"GEN24_1110437","No other reason"
"GEN24_1110439","No other reason"
"GEN24_1110441","VFR"
"GEN24_1110453","Business"
"GEN24_1110458","No other reason"
"GEN24_1110459","No other reason"
"GEN24_1110464","No other reason"
"GEN24_1110468","Business"
"GEN24_1110475","No other reason"
"GEN24_1110497","Business"
"GEN24_1110501","No other reason"
"GEN24_1110519","No other reason"
"GEN24_1110520","Holiday / vacation"
"GEN24_1110522","Holiday / vacation"
"GEN24_1110524","No other reason"
"GEN24_1110530","No other reason"
"GEN24_1110531","Other"
"GEN24_1110532","No other reason"
"GEN24_1110533","No other reason"
"GEN24_1110543","No other reason"
"GEN24_1110544","No other reason"
"GEN24_1110546","No other reason"
"GEN24_1110564","Holiday / vacation"
"GEN24_1110565","No other reason"
"GEN24_1110568","No other reason"
"GEN24_1110572","Education"
"GEN24_1110581","VFR"
"GEN24_1110591","Holiday / vacation"
"GEN24_1110592","No other reason"
"GEN24_1110603","No other reason"
"GEN24_1110605","VFR"
"GEN24_1110609","No other reason"
"GEN24_1110617","Other"
"GEN24_1110622","No other reason"
"GEN24_1110627","No other reason"
"GEN24_1110632","No other reason"
"GEN24_1110635","Education"
"GEN24_1110636","VFR"
"GEN24_1110665","No other reason"
"GEN24_1110674","Holiday / vacation"
"GEN24_1110689","No other reason"
"GEN24_1110700","VFR"
"GEN24_1110716","No other reason"
"GEN24_1110718","No other reason"
"GEN24_1110719","Business"
"GEN24_1110721","No other reason"
"GEN24_1110741","No other reason"
"GEN24_1110742","Holiday / vacation"
"GEN24_1110753","No other reason"
"GEN24_1110758","Other"
"GEN24_1110759","Holiday / vacation"
"GEN24_1110761","No other reason"
"GEN24_1110763","VFR"
"GEN24_1110771","VFR"
"GEN24_1110772","Holiday / vacation"
"GEN24_1110773","No other reason"
"GEN24_1110775","No other reason"
"GEN24_1110785","VFR"
"GEN24_1110814","Holiday / vacation"
"GEN24_1110815","No other reason"
"GEN24_1110818","Holiday / vacation"
"GEN24_1110819","No other reason"
"GEN24_1110830","Holiday / vacation"
"GEN24_1110832","Holiday / vacation"
"GEN24_1110841","Holiday / vacation"
"GEN24_1110845","Holiday / vacation"
"GEN24_1110854","Holiday / vacation"
"GEN24_1110856","Holiday / vacation"
"GEN24_1110857","Holiday / vacation"
"GEN24_1110859","No other reason"
"GEN24_1110860","Conference / convention"
"GEN24_1110864","No other reason"
"GEN24_1110871","Holiday / vacation"
"GEN24_1110873","No other reason"
"GEN24_1110875","No other reason"
"GEN24_1110885","Other"
"GEN24_1110906","No other reason"
"GEN24_1110908","No other reason"
"GEN24_1110914","Holiday / vacation"
"GEN24_1110914","VFR"
"GEN24_1110922","Other"
"GEN24_1110927","VFR"
"GEN24_1110940","Holiday / vacation"
"GEN24_1110942","VFR"
"GEN24_1110949","No other reason"
"GEN24_1110953","Education"
"GEN24_1110954","No other reason"
"GEN24_1110962","No other reason"
"GEN24_1110963","VFR"
"GEN24_1110978","Holiday / vacation"
"GEN24_1110980","Education"
"GEN24_1110981","No other reason"
"GEN24_1110984","No other reason"
"GEN24_1110992","Holiday / vacation"
"GEN24_1110995","No other reason"
"GEN24_1110998","VFR"
"GEN24_1111012","Holiday / vacation"
"GEN24_1111013","Other"
"GEN24_1111025","No other reason"
"GEN24_1111039","VFR"
"GEN24_1111044","No other reason"
"GEN24_1111045","No other reason"
"GEN24_1111051","No other reason"
"GEN24_1111053","VFR"
"GEN24_1111056","No other reason"
"GEN24_1111060","No other reason"
"GEN24_1111064","Education"
"GEN24_1111068","Conference / convention"
"GEN24_1111068","Holiday / vacation"
"GEN24_1111075","VFR"
"GEN24_1111081","Holiday / vacation"
"GEN24_1111087","No other reason"
"GEN24_1111088","VFR"
"GEN24_1111091","No other reason"
"GEN24_1111097","VFR"
"GEN24_1111106","Other"
"GEN24_1111107","VFR"
"GEN24_1111114","Education"
"GEN24_1111121","Holiday / vacation"
"GEN24_1111123","Holiday / vacation"
"GEN24_1111124","VFR"
"GEN24_1111128","VFR"
"GEN24_1111145","Holiday / vacation"
"GEN24_1111150","Holiday / vacation"
"GEN24_1111152","No other reason"
"GEN24_1111155","VFR"
"GEN24_1111156","No other reason"
"GEN24_1111157","No other reason"
"GEN24_1111176","Holiday / vacation"
"GEN24_1111179","VFR"
"GEN24_1111182","No other reason"
"GEN24_1111183","VFR"
"GEN24_1111187","No other reason"
"GEN24_1111189","No other reason"
"GEN24_1111192","Holiday / vacation"
"GEN24_1111202","VFR"
"GEN24_1111203","Education"
"GEN24_1111218","Holiday / vacation"
"GEN24_1111219","No other reason"
"GEN24_1111232","Education"
"GEN24_1111240","No other reason"
"GEN24_1111252","VFR"
"GEN24_1111260","No other reason"
"GEN24_1111261","No other reason"
"GEN24_1111267","VFR"
"GEN24_1111281","No other reason"
"GEN24_1111283","No other reason"
"GEN24_1111286","Holiday / vacation"
"GEN24_1111295","No other reason"
"GEN24_1111296","No other reason"
"GEN24_1111299","Education"
"GEN24_1111303","Holiday / vacation"
"GEN24_1111310","No other reason"
"GEN24_1111324","Holiday / vacation"
"GEN24_1111331","No other reason"
"GEN24_1111332","No other reason"
"GEN24_1111333","No other reason"
"GEN24_1111338","No other reason"
"GEN24_1111341","Business"
"GEN24_1111342","No other reason"
"GEN24_1111356","No other reason"
"GEN24_1111358","No other reason"
"GEN24_1111359","No other reason"
"GEN24_1111365","No other reason"
"GEN24_1111368","Holiday / vacation"
"GEN24_1111369","VFR"
"GEN24_1111370","No other reason"
"GEN24_1111371","Business"
"GEN24_1111377","No other reason"
"GEN24_1111384","No other reason"
"GEN24_1111392","Holiday / vacation"
"GEN24_1111397","Holiday / vacation"
"GEN24_1111399","No other reason"
"GEN24_1111400","Other"
"GEN24_1111415","Holiday / vacation"
"GEN24_1111419","No other reason"
"GEN24_1111424","No other reason"
"GEN24_1111430","No other reason"
"GEN24_1111435","No other reason"
"GEN24_1111453","No other reason"
"GEN24_1111456","No other reason"
"GEN24_1111458","No other reason"
"GEN24_1111460","No other reason"
"GEN24_1111466","VFR"
"GEN24_1111467","No other reason"
"GEN24_1111482","No other reason"
"GEN24_1111488","Education"
"GEN24_1111488","Holiday / vacation"
"GEN24_1111501","No other reason"
"GEN24_1111507","Holiday / vacation"
"GEN24_1111520","No other reason"
"GEN24_1111527","No other reason"
"GEN24_1111528","No other reason"
"GEN24_1111530","No other reason"
"GEN24_1111532","No other reason"
"GEN24_1111536","Holiday / vacation"
"GEN24_1111544","No other reason"
"GEN24_1111556","No other reason"
"GEN24_1111560","Business"
"GEN24_1111560","Holiday / vacation"
"GEN24_1111575","Holiday / vacation"
"GEN24_1111575","VFR"
"GEN24_1111576","No other reason"
"GEN24_1111578","Holiday / vacation"
"GEN24_1111598","Holiday / vacation"
"GEN24_1111602","No other reason"
"GEN24_1111608","No other reason"
"GEN24_1111626","No other reason"
"GEN24_1111634","No other reason"
"GEN24_1111640","No other reason"
"GEN24_1111650","No other reason"
"GEN24_1111653","VFR"
"GEN24_1111662","No other reason"
"GEN24_1111676","Holiday / vacation"
"GEN24_1111676","Other"
"GEN24_1111689","Holiday / vacation"
"GEN24_1111690","Other"
"GEN24_1111695","No other reason"
"GEN24_1111699","Education"
"GEN24_1111699","VFR"
"GEN24_1111712","Other"
"GEN24_1111733","No other reason"
"GEN24_1111734","No other reason"
"GEN24_1111736","Holiday / vacation"
"GEN24_1111745","No other reason"
"GEN24_1111751","Holiday / vacation"
"GEN24_1111752","VFR"
"GEN24_1111757","No other reason"
"GEN24_1111771","No other reason"
"GEN24_1111776","No other reason"
"GEN24_1111787","VFR"
"GEN24_1111792","No other reason"
"GEN24_1111801","No other reason"
"GEN24_1111803","Business"
"GEN24_1111813","Holiday / vacation"
"GEN24_1111814","No other reason"
"GEN24_1111818","Holiday / vacation"
"GEN24_1111834","Other"
"GEN24_1111837","VFR"
"GEN24_1111848","No other reason"
"GEN24_1111852","No other reason"
"GEN24_1111872","No other reason"
"GEN24_1111874","No other reason"
"GEN24_1111883","No other reason"
"GEN24_1111886","Other"
"GEN24_1111890","No other reason"
"GEN24_1111891","No other reason"
"GEN24_1111897","No other reason"
"GEN24_1111917","Holiday / vacation"
"GEN24_1111928","Holiday / vacation"
"GEN24_1111939","No other reason"
"GEN24_1111958","Other"
"GEN24_1111962","No other reason"
"GEN24_1111963","Holiday / vacation"
"GEN24_1111975","No other reason"
"GEN24_1111989","No other reason"
"GEN24_1111993","No other reason"
"GEN24_1111995","Holiday / vacation"
"GEN24_1111996","No other reason"
"GEN24_1111999","No other reason"
"GEN24_1112003","No other reason"
"GEN24_1112008","No other reason"
"GEN24_1112012","No other reason"
"GEN24_1112014","No other reason"
"GEN24_1112015","No other reason"
"GEN24_1112026","No other reason"
"GEN24_1112027","VFR"
"GEN24_1112032","No other reason"
"GEN24_1112038","VFR"
"GEN24_1112041","No other reason"
"GEN24_1112048","Education"
"GEN24_1112051","No other reason"
"GEN24_1112054","No other reason"
"GEN24_1112076","Holiday / vacation"
"GEN24_1112079","No other reason"
"GEN24_1112089","VFR"
"GEN24_1112091","Holiday / vacation"
"GEN24_1112093","Holiday / vacation"
"GEN24_1112100","Conference / convention"
"GEN24_1112101","No other reason"
"GEN24_1112102","Other"
"GEN24_1112108","Holiday / vacation"
"GEN24_1112110","No other reason"
"GEN24_1112131","Other"
"GEN24_1112133","No other reason"
"GEN24_1112138","No other reason"
"GEN24_1112141","No other reason"
"GEN24_1112142","No other reason"
"GEN24_1112154","VFR"
"GEN24_1112159","No other reason"
"GEN24_1112163","Holiday / vacation"
"GEN24_1112163","VFR"
"GEN24_1112174","Holiday / vacation"
"GEN24_1112177","No other reason"
"GEN24_1112179","No other reason"
"GEN24_1112185","No other reason"
"GEN24_1112191","No other reason"
"GEN24_1112194","No other reason"
"GEN24_1112205","Other"
"GEN24_1112205","VFR"
"GEN24_1112209","No other reason"
"GEN24_1112215","Holiday / vacation"
"GEN24_1112220","No other reason"
"GEN24_1112223","No other reason"
"GEN24_1112231","No other reason"
"GEN24_1112235","No other reason"
"GEN24_1112239","No other reason"
"GEN24_1112242","Holiday / vacation"
"GEN24_1112243","No other reason"
"GEN24_1112251","VFR"
"GEN24_1112255","No other reason"
"GEN24_1112265","Holiday / vacation"
"GEN24_1112275","Holiday / vacation"
"GEN24_1112276","Holiday / vacation"
"GEN24_1112276","VFR"
"GEN24_1112279","Holiday / vacation"
"GEN24_1112281","Holiday / vacation"
"GEN24_1112282","VFR"
"GEN24_1112297","Holiday / vacation"
"GEN24_1112298","No other reason"
"GEN24_1112303","VFR"
"GEN24_1112321","Other"
"GEN24_1112331","No other reason"
"GEN24_1112337","No other reason"
"GEN24_1112363","Other"
"GEN24_1112366","No other reason"
"GEN24_1112370","No other reason"
"GEN24_1112376","VFR"
"GEN24_1112384","No other reason"
"GEN24_1112389","Conference / convention"
"GEN24_1112392","No other reason"
"GEN24_1112402","No other reason"
"GEN24_1112415","Holiday / vacation"
"GEN24_1112417","Holiday / vacation"
"GEN24_1112427","Education"
"GEN24_1112428","No other reason"
"GEN24_1112436","Other"
"GEN24_1112456","Other"
"GEN24_1112458","No other reason"
"GEN24_1112460","No other reason"
"GEN24_1112464","Holiday / vacation"
"GEN24_1112473","No other reason"
"GEN24_1112477","No other reason"
"GEN24_1112478","No other reason"
"GEN24_1112486","No other reason"
"GEN24_1112487","No other reason"
"GEN24_1112489","Holiday / vacation"
"GEN24_1112497","No other reason"
"GEN24_1112508","Holiday / vacation"
"GEN24_1112518","No other reason"
"GEN24_1112519","No other reason"
"GEN24_1112527","VFR"
"GEN24_1112531","No other reason"
"GEN24_1112532","Holiday / vacation"
"GEN24_1112536","No other reason"
"GEN24_1112550","No other reason"
"GEN24_1112552","Education"
"GEN24_1112575","No other reason"
"GEN24_1112576","No other reason"
"GEN24_1112578","No other reason"
"GEN24_1112580","No other reason"
"GEN24_1112586","Holiday / vacation"
"GEN24_1112601","Holiday / vacation"
"GEN24_1112607","Holiday / vacation"
"GEN24_1112609","No other reason"
"GEN24_1112610","No other reason"
"GEN24_1112614","No other reason"
"GEN24_1112617","No other reason"
"GEN24_1112621","No other reason"
"GEN24_1112622","No other reason"
"GEN24_1112628","No other reason"
"GEN24_1112645","No other reason"
"GEN24_1112652","No other reason"
"GEN24_1112663","VFR"
"GEN24_1112670","Holiday / vacation"
"GEN24_1112683","No other reason"
"GEN24_1112684","Holiday / vacation"
"GEN24_1112690","No other reason"
"GEN24_1112694","Holiday / vacation"
"GEN24_1112709","VFR"
"GEN24_1112713","No other reason"
"GEN24_1112714","No other reason"
"GEN24_1112716","Education"
"GEN24_1112717","Holiday / vacation"
"GEN24_1112718","Holiday / vacation"
"GEN24_1112722","Holiday / vacation"
"GEN24_1112734","Holiday / vacation"
"GEN24_1112735","No other reason"
"GEN24_1112740","No other reason"
"GEN24_1112745","Holiday / vacation"
"GEN24_1112750","No other reason"
"GEN24_1112755","No other reason"
"GEN24_1112765","No other reason"
"GEN24_1112773","Education"
"GEN24_1112774","VFR"
"GEN24_1112783","VFR"
"GEN24_1112789","No other reason"
"GEN24_1112791","VFR"
"GEN24_1112805","Holiday / vacation"
"GEN24_1112807","No other reason"
"GEN24_1112811","Holiday / vacation"
"GEN24_1112816","No other reason"
"GEN24_1112817","VFR"
"GEN24_1112838","Other"
"GEN24_1112846","Conference / convention"
"GEN24_1112846","VFR"
"GEN24_1112850","No other reason"
"GEN24_1112855","VFR"
"GEN24_1112859","No other reason"
"GEN24_1112862","No other reason"
"GEN24_1112867","Holiday / vacation"
"GEN24_1112876","Conference / convention"
"GEN24_1112878","No other reason"
"GEN24_1112879","No other reason"
"GEN24_1112882","VFR"
"GEN24_1112887","No other reason"
"GEN24_1112888","No other reason"
"GEN24_1112890","No other reason"
"GEN24_1112895","No other reason"
"GEN24_1112899","No other reason"
"GEN24_1112901","No other reason"
"GEN24_1112904","VFR"
"GEN24_1112913","Holiday / vacation"
"GEN24_1112914","VFR"
"GEN24_1112915","Other"
"GEN24_1112915","VFR"
"GEN24_1112920","No other reason"
"GEN24_1112924","No other reason"
"GEN24_1112934","Education"
"GEN24_1112935","Other"
"GEN24_1112940","Business"
"GEN24_1112944","No other reason"
"GEN24_1112945","No other reason"
"GEN24_1112947","No other reason"
"GEN24_1112950","VFR"
"GEN24_1112953","No other reason"
"GEN24_1112970","Holiday / vacation"
"GEN24_1113011","VFR"
"GEN24_1113013","Holiday / vacation"
"GEN24_1113014","Other"
"GEN24_1113015","VFR"
"GEN24_1113016","VFR"
"GEN24_1113019","Other"
"GEN24_1113022","Holiday / vacation"
"GEN24_1113022","VFR"
"GEN24_1113023","No other reason"
"GEN24_1113033","Education"
"GEN24_1113033","VFR"
"GEN24_1113035","Education"
"GEN24_1113035","VFR"
"GEN24_1113037","Other"
"GEN24_1113048","Education"
"GEN24_1113049","No other reason"
"GEN24_1113053","No other reason"
"GEN24_1113054","Holiday / vacation"
"GEN24_1113056","No other reason"
"GEN24_1113057","Education"
"GEN24_1113067","VFR"
"GEN24_1113071","VFR"
"GEN24_1113075","Other"
"GEN24_1113076","No other reason"
"GEN24_1113083","VFR"
"GEN24_1113089","No other reason"
"GEN24_1113091","No other reason"
"GEN24_1113097","No other reason"
"GEN24_1113105","No other reason"
"GEN24_1113109","No other reason"
"GEN24_1113116","VFR"
"GEN24_1113131","No other reason"
"GEN24_1113136","No other reason"
"GEN24_1113143","No other reason"
"GEN24_1113145","No other reason"
"GEN24_1113146","No other reason"
"GEN24_1113148","No other reason"
"GEN24_1113153","No other reason"
"GEN24_1113172","No other reason"
"GEN24_1113175","No other reason"
"GEN24_1113186","Holiday / vacation"
"GEN24_1113187","Holiday / vacation"
"GEN24_1113189","No other reason"
"GEN24_1113195","No other reason"
"GEN24_1113202","No other reason"
"GEN24_1113213","Holiday / vacation"
"GEN24_1113214","Other"
"GEN24_1113223","No other reason"
"GEN24_1113236","No other reason"
"GEN24_1113242","No other reason"
"GEN24_1113245","No other reason"
"GEN24_1113246","No other reason"
"GEN24_1113249","No other reason"
"GEN24_1113251","No other reason"
"GEN24_1113256","VFR"
"GEN24_1113258","Holiday / vacation"
"GEN24_1113261","Business"
"GEN24_1113288","Other"
"GEN24_1113297","Holiday / vacation"
"GEN24_1113328","No other reason"
"GEN24_1113333","No other reason"
"GEN24_1113334","Holiday / vacation"
"GEN24_1113360","Holiday / vacation"
"GEN24_1113362","Holiday / vacation"
"GEN24_1113369","No other reason"
"GEN24_1113375","No other reason"
"GEN24_1113377","No other reason"
"GEN24_1113378","No other reason"
"GEN24_1113387","No other reason"
"GEN24_1113389","Holiday / vacation"
"GEN24_1113396","No other reason"
"GEN24_1113410","Holiday / vacation"
"GEN24_1113412","No other reason"
"GEN24_1113416","No other reason"
"GEN24_1113417","No other reason"
"GEN24_1113419","Other"
"GEN24_1113422","No other reason"
"GEN24_1113425","Other"
"GEN24_1113426","No other reason"
"GEN24_1113428","No other reason"
"GEN24_1113432","No other reason"
"GEN24_1113433","No other reason"
"GEN24_1113446","No other reason"
"GEN24_1113462","VFR"
"GEN24_1113463","No other reason"
"GEN24_1113474","No other reason"
"GEN24_1113477","No other reason"
"GEN24_1113480","No other reason"
"GEN24_1113483","No other reason"
"GEN24_1113486","Other"
"GEN24_1113487","Holiday / vacation"
"GEN24_1113491","No other reason"
"GEN24_1113509","No other reason"
"GEN24_1113512","VFR"
"GEN24_1113515","No other reason"
"GEN24_1113516","VFR"
"GEN24_1113520","No other reason"
"GEN24_1113528","Education"
"GEN24_1113533","Other"
"GEN24_1113543","Holiday / vacation"
"GEN24_1113547","Business"
"GEN24_1113558","VFR"
"GEN24_1113569","No other reason"
"GEN24_1113572","No other reason"
"GEN24_1113573","No other reason"
"GEN24_1113576","No other reason"
"GEN24_1113577","Holiday / vacation"
"GEN24_1113584","No other reason"
"GEN24_1113591","No other reason"
"GEN24_1113594","VFR"
"GEN24_1113603","Holiday / vacation"
"GEN24_1113606","Holiday / vacation"
"GEN24_1113607","Holiday / vacation"
"GEN24_1113609","Other"
"GEN24_1113612","Holiday / vacation"
"GEN24_1113613","No other reason"
"GEN24_1113614","VFR"
"GEN24_1113616","No other reason"
"GEN24_1113621","VFR"
"GEN24_1113626","No other reason"
"GEN24_1113629","Holiday / vacation"
"GEN24_1113631","No other reason"
"GEN24_1113635","No other reason"
"GEN24_1113649","No other reason"
"GEN24_1113650","No other reason"
"GEN24_1113664","VFR"
"GEN24_1113668","Holiday / vacation"
"GEN24_1113671","VFR"
"GEN24_1113693","Business"
"GEN24_1113695","VFR"
"GEN24_1113696","VFR"
"GEN24_1113701","Holiday / vacation"
"GEN24_1113704","Holiday / vacation"
"GEN24_1113710","No other reason"
"GEN24_1113713","No other reason"
"GEN24_1113726","No other reason"
"GEN24_1113727","No other reason"
"GEN24_1113730","No other reason"
"GEN24_1113731","Conference / convention"
"GEN24_1113733","No other reason"
"GEN24_1113734","No other reason"
"GEN24_1113735","No other reason"
"GEN24_1113737","Holiday / vacation"
"GEN24_1113739","No other reason"
"GEN24_1113768","VFR"
"GEN24_1113771","No other reason"
"GEN24_1113774","No other reason"
"GEN24_1113775","No other reason"
"GEN24_1113781","Holiday / vacation"
"GEN24_1113792","Holiday / vacation"
"GEN24_1113794","Holiday / vacation"
"GEN24_1113813","No other reason"
"GEN24_1113814","No other reason"
"GEN24_1113820","No other reason"
"GEN24_1113833","No other reason"
"GEN24_1113834","No other reason"
"GEN24_1113848","No other reason"
"GEN24_1113854","No other reason"
"GEN24_1113855","No other reason"
"GEN24_1113864","No other reason"
"GEN24_1113866","No other reason"
"GEN24_1113878","Holiday / vacation"
"GEN24_1113881","No other reason"
"GEN24_1113896","Conference / convention"
"GEN24_1113897","No other reason"
"GEN24_1113898","No other reason"
"GEN24_1113905","No other reason"
"GEN24_1113932","Holiday / vacation"
"GEN24_1113937","No other reason"
"GEN24_1113938","No other reason"
"GEN24_1113942","Holiday / vacation"
"GEN24_1113944","No other reason"
"GEN24_1113945","No other reason"
"GEN24_1113951","VFR"
"GEN24_1113957","No other reason"
"GEN24_1113969","Other"
"GEN24_1113981","VFR"
"GEN24_1113983","Holiday / vacation"
"GEN24_1113988","No other reason"
"GEN24_1114000","No other reason"
"GEN24_1114003","No other reason"
"GEN24_1114005","No other reason"
"GEN24_1114013","VFR"
"GEN24_1114015","No other reason"
"GEN24_1114019","No other reason"
"GEN24_1114023","No other reason"
"GEN24_1114027","No other reason"
"GEN24_1114028","Holiday / vacation"
"GEN24_1114039","No other reason"
"GEN24_1114040","Other"
"GEN24_1114043","No other reason"
"GEN24_1114053","Holiday / vacation"
"GEN24_1114056","No other reason"
"GEN24_1114057","Holiday / vacation"
"GEN24_1114063","Conference / convention"
"GEN24_1114066","No other reason"
"GEN24_1114068","No other reason"
"GEN24_1114075","Holiday / vacation"
"GEN24_1114081","No other reason"
"GEN24_1114085","No other reason"
"GEN24_1114113","No other reason"
"GEN24_1114118","Holiday / vacation"
"GEN24_1114120","No other reason"
"GEN24_1114138","Holiday / vacation"
"GEN24_1114141","No other reason"
"GEN24_1114142","No other reason"
"GEN24_1114152","No other reason"
"GEN24_1114156","No other reason"
"GEN24_1114164","Holiday / vacation"
"GEN24_1114165","Holiday / vacation"
"GEN24_1114166","Holiday / vacation"
"GEN24_1114167","Other"
"GEN24_1114178","No other reason"
"GEN24_1114182","No other reason"
"GEN24_1114190","No other reason"
"GEN24_1114206","No other reason"
"GEN24_1114210","No other reason"
"GEN24_1114222","Business"
"GEN24_1114225","VFR"
"GEN24_1114241","Holiday / vacation"
"GEN24_1114270","Holiday / vacation"
"GEN24_1114271","Other"
"GEN24_1114273","Holiday / vacation"
"GEN24_1114283","No other reason"
"GEN24_1114297","Other"
"GEN24_1114302","VFR"
"GEN24_20002","Business"
"GEN24_20007","Holiday / vacation"
"GEN24_20009","No other reason"
"GEN24_20011","No other reason"
"GEN24_20024","No other reason"
"GEN24_20025","No other reason"
"GEN24_20027","No other reason"
"GEN24_20031","Holiday / vacation"
"GEN24_20037","No other reason"
"GEN24_20043","No other reason"
"GEN24_20045","No other reason"
"GEN24_20052","No other reason"
"GEN24_20053","No other reason"
"GEN24_20058","Holiday / vacation"
"GEN24_20060","Holiday / vacation"
"GEN24_20061","No other reason"
"GEN24_20070","No other reason"
"GEN24_20078","No other reason"
"GEN24_20081","No other reason"
"GEN24_20083","No other reason"
"GEN24_20097","No other reason"
"GEN24_20099","No other reason"
"GEN24_20100","No other reason"
"GEN24_20101","No other reason"
"GEN24_20120","No other reason"
"GEN24_20122","No other reason"
"GEN24_20123","No other reason"
"GEN24_20125","Holiday / vacation"
"GEN24_20127","No other reason"
"GEN24_20129","Holiday / vacation"
"GEN24_20131","No other reason"
"GEN24_20132","Business"
"GEN24_20139","Education"
"GEN24_20141","No other reason"
"GEN24_20142","Business"
"GEN24_20142","Holiday / vacation"
"GEN24_20150","Holiday / vacation"
"GEN24_20152","Holiday / vacation"
"GEN24_20154","No other reason"
"GEN24_20158","No other reason"
"GEN24_20159","No other reason"
"GEN24_20160","VFR"
"GEN24_20166","VFR"
"GEN24_20168","No other reason"
"GEN24_20170","VFR"
"GEN24_20179","Holiday / vacation"
"GEN24_20181","Holiday / vacation"
"GEN24_20198","Holiday / vacation"
"GEN24_20205","Holiday / vacation"
"GEN24_20207","No other reason"
"GEN24_20209","No other reason"
"GEN24_20214","Other"
"GEN24_20219","No other reason"
"GEN24_20223","Other"
"GEN24_20225","VFR"
"GEN24_20226","No other reason"
"GEN24_20228","Holiday / vacation"
"GEN24_20230","No other reason"
"GEN24_20233","No other reason"
"GEN24_20239","No other reason"
"GEN24_20240","VFR"
"GEN24_20241","No other reason"
"GEN24_20248","Holiday / vacation"
"GEN24_20250","VFR"
"GEN24_20253","No other reason"
"GEN24_20259","No other reason"
"GEN24_20260","No other reason"
"GEN24_20272","Other"
"GEN24_20273","Other"
"GEN24_20281","No other reason"
"GEN24_20285","No other reason"
"GEN24_20298","No other reason"
"GEN24_20302","No other reason"
"GEN24_20305","VFR"
"GEN24_20307","Holiday / vacation"
"GEN24_20316","No other reason"
"GEN24_20324","Other"
"GEN24_20326","Business"
"GEN24_20327","Holiday / vacation"
"GEN24_20328","No other reason"
"GEN24_20333","VFR"
"GEN24_20338","No other reason"
"GEN24_20339","No other reason"
"GEN24_20340","No other reason"
"GEN24_20341","No other reason"
"GEN24_20342","No other reason"
"GEN24_20343","No other reason"
"GEN24_20347","Other"
"GEN24_20350","VFR"
"GEN24_20354","No other reason"
"GEN24_20356","VFR"
"GEN24_20364","Holiday / vacation"
"GEN24_20379","Holiday / vacation"
"GEN24_20382","Conference / convention"
"GEN24_20387","Holiday / vacation"
"GEN24_20390","No other reason"
"GEN24_20394","No other reason"
"GEN24_20397","No other reason"
"GEN24_20399","No other reason"
"GEN24_20400","No other reason"
"GEN24_20414","VFR"
"GEN24_20415","No other reason"
"GEN24_20416","No other reason"
"GEN24_20419","No other reason"
"GEN24_20422","Business"
"GEN24_20423","No other reason"
"GEN24_20425","No other reason"
"GEN24_20428","No other reason"
"GEN24_20429","Business"
"GEN24_20429","VFR"
"GEN24_20435","No other reason"
"GEN24_20437","No other reason"
"GEN24_20440","No other reason"
"GEN24_20443","Holiday / vacation"
"GEN24_20453","Education"
"GEN24_20456","Education"
"GEN24_20457","No other reason"
"GEN24_20460","No other reason"
"GEN24_20461","Other"
"GEN24_20465","VFR"
"GEN24_20468","VFR"
"GEN24_20470","Other"
"GEN24_20477","Holiday / vacation"
"GEN24_20480","VFR"
"GEN24_20481","Holiday / vacation"
"GEN24_20485","Holiday / vacation"
"GEN24_20486","No other reason"
"GEN24_20487","Holiday / vacation"
"GEN24_20488","Holiday / vacation"
"GEN24_20491","No other reason"
"GEN24_20493","No other reason"
"GEN24_20494","No other reason"
"GEN24_20500","No other reason"
"GEN24_20509","VFR"
"GEN24_20510","Holiday / vacation"
"GEN24_20513","Other"
"GEN24_20519","No other reason"
"GEN24_20527","No other reason"
"GEN24_20532","Other"
"GEN24_20533","No other reason"
"GEN24_20537","VFR"
"GEN24_20538","No other reason"
"GEN24_20539","VFR"
"GEN24_20545","No other reason"
"GEN24_20546","Holiday / vacation"
"GEN24_20548","No other reason"
"GEN24_20552","Holiday / vacation"
"GEN24_20558","Holiday / vacation"
"GEN24_20571","No other reason"
"GEN24_20574","No other reason"
"GEN24_20585","VFR"
"GEN24_20586","No other reason"
"GEN24_20589","No other reason"
"GEN24_20591","Holiday / vacation"
"GEN24_20592","Holiday / vacation"
"GEN24_20600","Holiday / vacation"
"GEN24_20609","VFR"
"GEN24_20616","Business"
"GEN24_20617","Other"
"GEN24_20618","No other reason"
"GEN24_20632","Holiday / vacation"
"GEN24_20633","No other reason"
"GEN24_20647","Holiday / vacation"
"GEN24_20649","Holiday / vacation"
"GEN24_20659","No other reason"
"GEN24_20660","No other reason"
"GEN24_20668","Conference / convention"
"GEN24_20677","No other reason"
"GEN24_20684","Business"
"GEN24_20690","Holiday / vacation"
"GEN24_20693","No other reason"
"GEN24_20698","Holiday / vacation"
"GEN24_20707","VFR"
"GEN24_20713","No other reason"
"GEN24_20715","Holiday / vacation"
"GEN24_20718","VFR"
"GEN24_20721","No other reason"
"GEN24_20722","No other reason"
"GEN24_20724","VFR"
"GEN24_20725","No other reason"
"GEN24_20727","No other reason"
"GEN24_20729","No other reason"
"GEN24_20731","VFR"
"GEN24_20733","Holiday / vacation"
"GEN24_20740","No other reason"
"GEN24_20742","No other reason"
"GEN24_20756","No other reason"
"GEN24_20759","No other reason"
"GEN24_20762","No other reason"
"GEN24_20769","Holiday / vacation"
"GEN24_20771","Business"
"GEN24_20776","No other reason"
"GEN24_20778","No other reason"
"GEN24_20779","Holiday / vacation"
"GEN24_20782","VFR"
"GEN24_20789","No other reason"
"GEN24_20796","Holiday / vacation"
"GEN24_20799","VFR"
"GEN24_20801","VFR"
"GEN24_20817","No other reason"
"GEN24_20824","Holiday / vacation"
"GEN24_20825","Other"
"GEN24_20827","Other"
"GEN24_20830","No other reason"
"GEN24_20833","Holiday / vacation"
"GEN24_20840","VFR"
"GEN24_20845","VFR"
"GEN24_20851","VFR"
"GEN24_20852","No other reason"
"GEN24_20862","No other reason"
"GEN24_20863","No other reason"
"GEN24_20865","No other reason"
"GEN24_20867","No other reason"
"GEN24_20872","No other reason"
"GEN24_20873","Holiday / vacation"
"GEN24_20873","Other"
"GEN24_20876","No other reason"
"GEN24_20877","Business"
"GEN24_20881","VFR"
"GEN24_20883","No other reason"
"GEN24_20884","No other reason"
"GEN24_20900","No other reason"
"GEN24_20904","No other reason"
"GEN24_20909","Holiday / vacation"
"GEN24_20917","Holiday / vacation"
"GEN24_20923","Other"
"GEN24_20924","No other reason"
"GEN24_20929","Holiday / vacation"
"GEN24_20938","Other"
"GEN24_20942","No other reason"
"GEN24_20944","No other reason"
"GEN24_20948","Other"
"GEN24_20954","VFR"
"GEN24_20955","No other reason"
"GEN24_20973","No other reason"
"GEN24_20974","No other reason"
"GEN24_20985","No other reason"
"GEN24_20992","No other reason"
"GEN24_20994","No other reason"
"GEN24_21025","No other reason"
"GEN24_21103","Business"
"GEN24_21142","Holiday / vacation"
"GEN24_21418","No other reason"
"GEN24_21636","VFR"
"GEN24_21665","VFR"
"GEN24_21694","Holiday / vacation"
"GEN24_21742","Education"
"GEN24_21765","Holiday / vacation"
"GEN24_21839","VFR"
"GEN24_21880","Holiday / vacation"
"GEN24_21927","No other reason"
"GEN24_22067","Other"
"GEN24_22070","No other reason"
"GEN24_22075","No other reason"
"GEN24_22076","VFR"
"GEN24_22080","Holiday / vacation"
"GEN24_22084","No other reason"
"GEN24_22088","No other reason"
"GEN24_22094","Holiday / vacation"
"GEN24_22101","No other reason"
"GEN24_22113","No other reason"
"GEN24_22114","No other reason"
"GEN24_22119","No other reason"
"GEN24_22120","No other reason"
"GEN24_22130","No other reason"
"GEN24_22131","No other reason"
"GEN24_22134","No other reason"
"GEN24_22166","No other reason"
"GEN24_22173","No other reason"
"GEN24_22182","No other reason"
"GEN24_22183","Other"
"GEN24_22193","No other reason"
"GEN24_22201","No other reason"
"GEN24_22202","No other reason"
"GEN24_22203","VFR"
"GEN24_22209","No other reason"
"GEN24_22210","No other reason"
"GEN24_22213","Holiday / vacation"
"GEN24_22223","No other reason"
"GEN24_22225","No other reason"
"GEN24_22247","No other reason"
"GEN24_22252","No other reason"
"GEN24_22262","VFR"
"GEN24_22282","No other reason"
"GEN24_22291","Holiday / vacation"
"GEN24_22298","Holiday / vacation"
"GEN24_22306","No other reason"
"GEN24_22321","Holiday / vacation"
"GEN24_22326","VFR"
"GEN24_22333","Holiday / vacation"
"GEN24_22335","VFR"
"GEN24_22346","No other reason"
"GEN24_22348","No other reason"
"GEN24_22354","No other reason"
"GEN24_22364","No other reason"
"GEN24_22366","VFR"
"GEN24_22375","No other reason"
"GEN24_22376","No other reason"
"GEN24_22392","VFR"
"GEN24_22396","VFR"
"GEN24_22398","Other"
"GEN24_22406","No other reason"
"GEN24_22430","No other reason"
"GEN24_22444","No other reason"
"GEN24_22474","No other reason"
"GEN24_22496","No other reason"
"GEN24_22503","Conference / convention"
"GEN24_22503","Holiday / vacation"
"GEN24_22507","No other reason"
"GEN24_22516","No other reason"
"GEN24_22522","No other reason"
"GEN24_22523","No other reason"
"GEN24_22524","No other reason"
"GEN24_22526","No other reason"
"GEN24_22538","No other reason"
"GEN24_22547","Holiday / vacation"
"GEN24_22550","No other reason"
"GEN24_22556","No other reason"
"GEN24_22563","No other reason"
"GEN24_22574","No other reason"
"GEN24_22590","No other reason"
"GEN24_22595","No other reason"
"GEN24_22601","No other reason"
"GEN24_22607","No other reason"
"GEN24_22615","Other"
"GEN24_22625","No other reason"
"GEN24_22630","No other reason"
"GEN24_22652","No other reason"
"GEN24_22663","VFR"
"GEN24_22665","VFR"
"GEN24_22680","Holiday / vacation"
"GEN24_22684","No other reason"
"GEN24_22698","No other reason"
"GEN24_22699","No other reason"
"GEN24_22706","No other reason"
"GEN24_22711","No other reason"
"GEN24_22718","No other reason"
"GEN24_22726","No other reason"
"GEN24_22734","Conference / convention"
"GEN24_22741","VFR"
"GEN24_22749","No other reason"
"GEN24_22757","No other reason"
"GEN24_22762","Holiday / vacation"
"GEN24_22767","No other reason"
"GEN24_22768","No other reason"
"GEN24_22770","No other reason"
"GEN24_22776","No other reason"
"GEN24_22813","No other reason"
"GEN24_22819","No other reason"
"GEN24_22823","No other reason"
"GEN24_22851","No other reason"
"GEN24_22864","No other reason"
"GEN24_22870","No other reason"
"GEN24_22873","No other reason"
"GEN24_22875","VFR"
"GEN24_22895","No other reason"
"GEN24_22914","Other"
"GEN24_22926","No other reason"
"GEN24_22931","Holiday / vacation"
"GEN24_22932","No other reason"
"GEN24_22954","VFR"
"GEN24_22963","No other reason"
"GEN24_22970","No other reason"
"GEN24_22981","No other reason"
"GEN24_22982","No other reason"
"GEN24_22987","Holiday / vacation"
"GEN24_22997","Other"
"GEN24_23005","No other reason"
"GEN24_23020","VFR"
"GEN24_23023","No other reason"
"GEN24_23025","No other reason"
"GEN24_23029","No other reason"
"GEN24_23033","Holiday / vacation"
"GEN24_23035","Holiday / vacation"
"GEN24_23036","No other reason"
"GEN24_23043","No other reason"
"GEN24_23045","Holiday / vacation"
"GEN24_23061","No other reason"
"GEN24_23069","Holiday / vacation"
"GEN24_23077","No other reason"
"GEN24_23082","No other reason"
"GEN24_23084","No other reason"
"GEN24_23102","No other reason"
"GEN24_23107","No other reason"
"GEN24_23109","No other reason"
"GEN24_23135","No other reason"
"GEN24_23139","No other reason"
"GEN24_23146","Holiday / vacation"
"GEN24_23148","No other reason"
"GEN24_23152","Holiday / vacation"
"GEN24_23154","No other reason"
"GEN24_23155","No other reason"
"GEN24_23170","No other reason"
"GEN24_23184","No other reason"
"GEN24_23192","No other reason"
"GEN24_23213","No other reason"
"GEN24_23220","No other reason"
"GEN24_23223","Holiday / vacation"
"GEN24_23227","No other reason"
"GEN24_23228","No other reason"
"GEN24_23231","No other reason"
"GEN24_23240","Holiday / vacation"
"GEN24_23246","No other reason"
"GEN24_23249","No other reason"
"GEN24_23250","Holiday / vacation"
"GEN24_23251","No other reason"
"GEN24_23253","No other reason"
"GEN24_23254","No other reason"
"GEN24_23257","No other reason"
"GEN24_23260","No other reason"
"GEN24_23262","Other"
"GEN24_23262","VFR"
"GEN24_23267","No other reason"
"GEN24_23268","No other reason"
"GEN24_23269","No other reason"
"GEN24_23272","Holiday / vacation"
"GEN24_23273","Education"
"GEN24_23274","No other reason"
"GEN24_23275","No other reason"
"GEN24_23277","No other reason"
"GEN24_23278","No other reason"
"GEN24_23283","No other reason"
"GEN24_23284","No other reason"
"GEN24_23286","Holiday / vacation"
"GEN24_23288","No other reason"
"GEN24_23291","Holiday / vacation"
"GEN24_23298","No other reason"
"GEN24_23307","No other reason"
"GEN24_23309","No other reason"
"GEN24_23311","No other reason"
"GEN24_23316","No other reason"
"GEN24_23319","No other reason"
"GEN24_23326","Holiday / vacation"
"GEN24_23327","VFR"
"GEN24_23329","No other reason"
"GEN24_23330","No other reason"
"GEN24_23332","Business"
"GEN24_23332","Education"
"GEN24_23332","VFR"
"GEN24_23336","Holiday / vacation"
"GEN24_23337","VFR"
"GEN24_23338","Other"
"GEN24_23340","Business"
"GEN24_23340","VFR"
"GEN24_23347","Other"
"GEN24_23354","No other reason"
"GEN24_23365","Holiday / vacation"
"GEN24_23374","Holiday / vacation"
"GEN24_23381","No other reason"
"GEN24_23385","VFR"
"GEN24_23387","No other reason"
"GEN24_23397","No other reason"
"GEN24_23399","No other reason"
"GEN24_23402","No other reason"
"GEN24_23404","No other reason"
"GEN24_23407","Holiday / vacation"
"GEN24_23417","No other reason"
"GEN24_23420","No other reason"
"GEN24_23458","Education"
"GEN24_23459","No other reason"
"GEN24_23464","No other reason"
"GEN24_23470","No other reason"
"GEN24_23473","No other reason"
"GEN24_23488","Holiday / vacation"
"GEN24_23491","Holiday / vacation"
"GEN24_23498","No other reason"
"GEN24_23505","No other reason"
"GEN24_23509","No other reason"
"GEN24_23512","VFR"
"GEN24_23531","Holiday / vacation"
"GEN24_23532","No other reason"
"GEN24_23534","No other reason"
"GEN24_23535","No other reason"
"GEN24_23536","No other reason"
"GEN24_23538","No other reason"
"GEN24_23541","No other reason"
"GEN24_23543","VFR"
"GEN24_23544","No other reason"
"GEN24_23545","No other reason"
"GEN24_23548","No other reason"
"GEN24_23549","Holiday / vacation"
"GEN24_23550","Holiday / vacation"
"GEN24_23551","No other reason"
"GEN24_23555","No other reason"
"GEN24_23560","VFR"
"GEN24_23561","No other reason"
"GEN24_23562","Other"
"GEN24_23566","No other reason"
"GEN24_23567","VFR"
"GEN24_23568","VFR"
"GEN24_23569","Holiday / vacation"
"GEN24_23570","Other"
"GEN24_23571","No other reason"
"GEN24_23572","No other reason"
"GEN24_23574","No other reason"
"GEN24_23575","Holiday / vacation"
"GEN24_23581","Other"
"GEN24_23582","No other reason"
"GEN24_23585","Business"
"GEN24_23585","Holiday / vacation"
"GEN24_23586","Holiday / vacation"
"GEN24_23587","No other reason"
"GEN24_23589","No other reason"
"GEN24_23591","VFR"
"GEN24_23593","No other reason"
"GEN24_23594","Holiday / vacation"
"GEN24_23595","No other reason"
"GEN24_23596","Other"
"GEN24_23597","No other reason"
"GEN24_23598","Other"
"GEN24_23599","No other reason"
"GEN24_23600","No other reason"
"GEN24_23601","No other reason"
"GEN24_23602","No other reason"
"GEN24_23603","No other reason"
"GEN24_23604","No other reason"
"GEN24_23605","No other reason"
"GEN24_23606","Other"
"GEN24_23607","Holiday / vacation"
"GEN24_23608","VFR"
"GEN24_23609","Holiday / vacation"
"GEN24_23611","Holiday / vacation"
"GEN24_23612","No other reason"
"GEN24_23616","No other reason"
"GEN24_23617","Other"
"GEN24_23618","Holiday / vacation"
"GEN24_23619","VFR"
"GEN24_23621","No other reason"
"GEN24_23622","Holiday / vacation"
"GEN24_23623","VFR"
"GEN24_23624","Holiday / vacation"
"GEN24_23625","Other"
"GEN24_23626","No other reason"
"GEN24_23630","Other"
"GEN24_23631","Holiday / vacation"
"GEN24_23632","Holiday / vacation"
"GEN24_23635","No other reason"
"GEN24_23650","No other reason"
"GEN24_23659","No other reason"
"GEN24_23660","Holiday / vacation"
"GEN24_23661","No other reason"
"GEN24_23665","No other reason"
"GEN24_23667","No other reason"
"GEN24_23671","Holiday / vacation"
"GEN24_23676","No other reason"
"GEN24_23679","VFR"
"GEN24_23680","No other reason"
"GEN24_23687","No other reason"
"GEN24_23689","No other reason"
"GEN24_23695","No other reason"
"GEN24_23700","No other reason"
"GEN24_23704","Holiday / vacation"
"GEN24_23708","No other reason"
"GEN24_23710","No other reason"
"GEN24_23712","Other"
"GEN24_23716","Holiday / vacation"
"GEN24_23719","No other reason"
"GEN24_23720","No other reason"
"GEN24_23721","Holiday / vacation"
"GEN24_23728","No other reason"
"GEN24_23729","VFR"
"GEN24_23731","Holiday / vacation"
"GEN24_23733","No other reason"
"GEN24_23746","Education"
"GEN24_23757","No other reason"
"GEN24_23760","No other reason"
"GEN24_23782","No other reason"
"GEN24_23785","No other reason"
"GEN24_23787","No other reason"
"GEN24_23790","No other reason"
"GEN24_23792","No other reason"
"GEN24_23793","No other reason"
"GEN24_23795","No other reason"
"GEN24_23797","No other reason"
"GEN24_23798","No other reason"
"GEN24_23799","No other reason"
"GEN24_23800","No other reason"
"GEN24_23801","No other reason"
"GEN24_23804","No other reason"
"GEN24_23810","No other reason"
"GEN24_23813","No other reason"
"GEN24_23814","No other reason"
"GEN24_23815","No other reason"
"GEN24_23816","No other reason"
"GEN24_23817","No other reason"
"GEN24_23818","Other"
"GEN24_23819","No other reason"
"GEN24_23820","No other reason"
"GEN24_23827","Education"
"GEN24_23832","VFR"
"GEN24_23840","Other"
"GEN24_23843","Conference / convention"
"GEN24_23862","Other"
"GEN24_23863","No other reason"
"GEN24_23878","VFR"
"GEN24_23886","Other"
"GEN24_23887","No other reason"
"GEN24_23892","No other reason"
"GEN24_23893","No other reason"
"GEN24_23894","Other"
"GEN24_23897","Holiday / vacation"
"GEN24_23902","No other reason"
"GEN24_23908","No other reason"
"GEN24_23921","Holiday / vacation"
"GEN24_23952","No other reason"
"GEN24_23959","No other reason"
"GEN24_23963","VFR"
"GEN24_23987","Other"
"GEN24_23991","Holiday / vacation"
"GEN24_23992","No other reason"
"GEN24_23994","Holiday / vacation"
"GEN24_23995","Holiday / vacation"
"GEN24_23996","VFR"
"GEN24_23997","VFR"
"GEN24_24001","Holiday / vacation"
"GEN24_24002","No other reason"
"GEN24_24004","No other reason"
"GEN24_24005","Business"
"GEN24_24007","No other reason"
"GEN24_24008","No other reason"
"GEN24_24009","Holiday / vacation"
"GEN24_24011","VFR"
"GEN24_24013","No other reason"
"GEN24_24015","Holiday / vacation"
"GEN24_24018","Holiday / vacation"
"GEN24_24019","Holiday / vacation"
"GEN24_24020","No other reason"
"GEN24_24024","No other reason"
"GEN24_24029","No other reason"
"GEN24_24031","No other reason"
"GEN24_24032","Holiday / vacation"
"GEN24_24037","No other reason"
"GEN24_24038","Other"
"GEN24_24039","Holiday / vacation"
"GEN24_24040","Holiday / vacation"
"GEN24_24042","Holiday / vacation"
"GEN24_24043","VFR"
"GEN24_24044","Holiday / vacation"
"GEN24_24050","Holiday / vacation"
"GEN24_24051","Holiday / vacation"
"GEN24_24053","No other reason"
"GEN24_24054","Holiday / vacation"
"GEN24_24056","Holiday / vacation"
"GEN24_24058","No other reason"
"GEN24_24059","VFR"
"GEN24_24061","No other reason"
"GEN24_24063","No other reason"
"GEN24_24064","Holiday / vacation"
"GEN24_24066","No other reason"
"GEN24_24067","Holiday / vacation"
"GEN24_24068","Holiday / vacation"
"GEN24_24069","No other reason"
"GEN24_24070","No other reason"
"GEN24_24071","No other reason"
"GEN24_24073","No other reason"
"GEN24_24074","Holiday / vacation"
"GEN24_24075","No other reason"
"GEN24_24081","No other reason"
"GEN24_24086","No other reason"
"GEN24_24087","Holiday / vacation"
"GEN24_24088","No other reason"
"GEN24_24091","No other reason"
"GEN24_24092","No other reason"
"GEN24_24093","No other reason"
"GEN24_24094","No other reason"
"GEN24_24095","VFR"
"GEN24_24100","Other"
"GEN24_24101","Holiday / vacation"
"GEN24_24115","No other reason"
"GEN24_24125","No other reason"
"GEN24_24126","Holiday / vacation"
"GEN24_24131","Other"
"GEN24_24139","Holiday / vacation"
"GEN24_24150","VFR"
"GEN24_24151","No other reason"
"GEN24_24154","VFR"
"GEN24_24166","No other reason"
"GEN24_24168","No other reason"
"GEN24_24176","VFR"
"GEN24_24179","No other reason"
"GEN24_24188","No other reason"
"GEN24_24189","No other reason"
"GEN24_24192","No other reason"
"GEN24_24197","Other"
"GEN24_24199","No other reason"
"GEN24_24208","No other reason"
"GEN24_24212","No other reason"
"GEN24_24213","No other reason"
"GEN24_24214","VFR"
"GEN24_24224","No other reason"
"GEN24_24227","No other reason"
"GEN24_24234","No other reason"
"GEN24_24237","Education"
"GEN24_24244","No other reason"
"GEN24_24245","No other reason"
"GEN24_24249","No other reason"
"GEN24_24250","No other reason"
"GEN24_24251","No other reason"
"GEN24_24255","No other reason"
"GEN24_24269","Holiday / vacation"
"GEN24_24273","Holiday / vacation"
"GEN24_24275","No other reason"
"GEN24_24278","No other reason"
"GEN24_24283","No other reason"
"GEN24_24284","Other"
"GEN24_24285","No other reason"
"GEN24_24288","No other reason"
"GEN24_24290","No other reason"
"GEN24_24291","No other reason"
"GEN24_24295","No other reason"
"GEN24_24297","Other"
"GEN24_24301","No other reason"
"GEN24_24302","No other reason"
"GEN24_24310","No other reason"
"GEN24_24315","Business"
"GEN24_24318","No other reason"
"GEN24_24330","No other reason"
"GEN24_24335","Other"
"GEN24_24337","No other reason"
"GEN24_24363","Holiday / vacation"
"GEN24_24374","No other reason"
"GEN24_24376","No other reason"
"GEN24_24378","No other reason"
"GEN24_24381","No other reason"
"GEN24_24387","No other reason"
"GEN24_24388","Other"
"GEN24_24394","No other reason"
"GEN24_24401","No other reason"
"GEN24_24402","No other reason"
"GEN24_24409","No other reason"
"GEN24_24412","Other"
"GEN24_24413","VFR"
"GEN24_24416","No other reason"
"GEN24_24419","No other reason"
"GEN24_24420","No other reason"
"GEN24_24421","No other reason"
"GEN24_24422","No other reason"
"GEN24_24424","No other reason"
"GEN24_24430","VFR"
"GEN24_24432","Holiday / vacation"
"GEN24_24436","No other reason"
"GEN24_24438","Other"
"GEN24_24439","No other reason"
"GEN24_24441","VFR"
"GEN24_24444","No other reason"
"GEN24_24445","No other reason"
"GEN24_24448","VFR"
"GEN24_24452","No other reason"
"GEN24_24453","No other reason"
"GEN24_24454","No other reason"
"GEN24_24458","No other reason"
"GEN24_24464","No other reason"
"GEN24_24466","No other reason"
"GEN24_24468","VFR"
"GEN24_24472","No other reason"
"GEN24_24473","No other reason"
"GEN24_24476","No other reason"
"GEN24_24480","Holiday / vacation"
"GEN24_24481","Holiday / vacation"
"GEN24_24482","Holiday / vacation"
"GEN24_24484","No other reason"
"GEN24_24485","Holiday / vacation"
"GEN24_24487","Holiday / vacation"
"GEN24_24489","Holiday / vacation"
"GEN24_24490","No other reason"
"GEN24_24504","VFR"
"GEN24_24505","No other reason"
"GEN24_24509","No other reason"
"GEN24_24512","No other reason"
"GEN24_24516","No other reason"
"GEN24_24523","No other reason"
"GEN24_24526","No other reason"
"GEN24_24527","Holiday / vacation"
"GEN24_24533","VFR"
"GEN24_24542","No other reason"
"GEN24_24551","VFR"
"GEN24_24564","Other"
"GEN24_24605","Holiday / vacation"
"GEN24_24606","No other reason"
"GEN24_24616","No other reason"
"GEN24_24624","No other reason"
"GEN24_24629","No other reason"
"GEN24_24630","No other reason"
"GEN24_24631","No other reason"
"GEN24_24632","No other reason"
"GEN24_24633","No other reason"
"GEN24_24636","No other reason"
"GEN24_24637","Business"
"GEN24_24639","Holiday / vacation"
"GEN24_24640","VFR"
"GEN24_24641","No other reason"
"GEN24_24643","Holiday / vacation"
"GEN24_24647","No other reason"
"GEN24_24649","Other"
"GEN24_24650","Holiday / vacation"
"GEN24_24652","No other reason"
"GEN24_24653","VFR"
"GEN24_24654","VFR"
"GEN24_24655","Holiday / vacation"
"GEN24_24656","No other reason"
"GEN24_24657","No other reason"
"GEN24_24659","No other reason"
"GEN24_24660","VFR"
"GEN24_24661","Holiday / vacation"
"GEN24_24748","No other reason"
"GEN24_24762","No other reason"
"GEN24_24764","No other reason"
"GEN24_24765","No other reason"
"GEN24_24767","No other reason"
"GEN24_24775","Holiday / vacation"
"GEN24_24782","No other reason"
"GEN24_24794","No other reason"
"GEN24_24797","No other reason"
"GEN24_24801","VFR"
"GEN24_24803","No other reason"
"GEN24_24804","Holiday / vacation"
"GEN24_24811","No other reason"
"GEN24_24813","No other reason"
"GEN24_24814","No other reason"
"GEN24_24818","No other reason"
"GEN24_24822","VFR"
"GEN24_24824","No other reason"
"GEN24_24825","VFR"
"GEN24_24826","No other reason"
"GEN24_24827","Business"
"GEN24_24828","No other reason"
"GEN24_24843","VFR"
"GEN24_24850","No other reason"
"GEN24_24851","No other reason"
"GEN24_24852","No other reason"
"GEN24_24853","No other reason"
"GEN24_24856","No other reason"
"GEN24_24857","No other reason"
"GEN24_24859","No other reason"
"GEN24_24860","No other reason"
"GEN24_24862","No other reason"
"GEN24_24864","No other reason"
"GEN24_24865","No other reason"
"GEN24_24866","No other reason"
"GEN24_24867","No other reason"
"GEN24_24870","VFR"
"GEN24_24871","No other reason"
"GEN24_24873","No other reason"
"GEN24_24874","No other reason"
"GEN24_24876","No other reason"
"GEN24_24878","VFR"
"GEN24_24881","No other reason"
"GEN24_24882","Holiday / vacation"
"GEN24_24883","No other reason"
"GEN24_24887","VFR"
"GEN24_24888","Holiday / vacation"
"GEN24_24889","No other reason"
"GEN24_24890","VFR"
"GEN24_24891","No other reason"
"GEN24_24893","Holiday / vacation"
"GEN24_24896","No other reason"
"GEN24_24897","Holiday / vacation"
"GEN24_24897","Other"
"GEN24_24898","Holiday / vacation"
"GEN24_24899","VFR"
"GEN24_24900","Holiday / vacation"
"GEN24_24901","No other reason"
"GEN24_24903","VFR"
"GEN24_24905","No other reason"
"GEN24_24907","No other reason"
"GEN24_24908","No other reason"
"GEN24_24909","Conference / convention"
"GEN24_24910","No other reason"
"GEN24_24913","VFR"
"GEN24_24931","No other reason"
"GEN24_24933","No other reason"
"GEN24_24938","No other reason"
"GEN24_24941","No other reason"
"GEN24_24945","Holiday / vacation"
"GEN24_24947","No other reason"
"GEN24_24951","VFR"
"GEN24_24964","No other reason"
"GEN24_24966","No other reason"
"GEN24_24968","Other"
"GEN24_24970","Holiday / vacation"
"GEN24_24976","Holiday / vacation"
"GEN24_25002","No other reason"
"GEN24_25030","Holiday / vacation"
"GEN24_25040","Holiday / vacation"
"GEN24_25046","Holiday / vacation"
"GEN24_25064","No other reason"
"GEN24_25067","Holiday / vacation"
"GEN24_25076","No other reason"
"GEN24_25092","No other reason"
"GEN24_25095","No other reason"
"GEN24_25096","No other reason"
"GEN24_25097","No other reason"
"GEN24_25100","No other reason"
"GEN24_25105","No other reason"
"GEN24_25110","No other reason"
"GEN24_25112","No other reason"
"GEN24_25113","No other reason"
"GEN24_25121","Education"
"GEN24_25123","No other reason"
"GEN24_25131","Holiday / vacation"
"GEN24_25133","No other reason"
"GEN24_25137","No other reason"
"GEN24_25139","No other reason"
"GEN24_25140","No other reason"
"GEN24_25144","No other reason"
"GEN24_25150","No other reason"
"GEN24_25163","No other reason"
"GEN24_25169","No other reason"
"GEN24_25173","No other reason"
"GEN24_25177","No other reason"
"GEN24_25181","Holiday / vacation"
"GEN24_25182","Holiday / vacation"
"GEN24_25185","Holiday / vacation"
"GEN24_25199","No other reason"
"GEN24_25205","No other reason"
"GEN24_25207","Holiday / vacation"
"GEN24_25210","Holiday / vacation"
"GEN24_25211","No other reason"
"GEN24_25213","No other reason"
"GEN24_25218","No other reason"
"GEN24_25220","No other reason"
"GEN24_25227","No other reason"
"GEN24_25233","Education"
"GEN24_25235","No other reason"
"GEN24_25241","Other"
"GEN24_25247","No other reason"
"GEN24_25255","Other"
"GEN24_25259","No other reason"
"GEN24_25262","VFR"
"GEN24_25269","No other reason"
"GEN24_25272","No other reason"
"GEN24_25275","No other reason"
"GEN24_25276","No other reason"
"GEN24_25283","VFR"
"GEN24_25285","VFR"
"GEN24_25289","Holiday / vacation"
"GEN24_25290","No other reason"
"GEN24_25297","Holiday / vacation"
"GEN24_25303","Other"
"GEN24_25304","No other reason"
"GEN24_25305","No other reason"
"GEN24_25318","No other reason"
"GEN24_25325","No other reason"
"GEN24_25326","No other reason"
"GEN24_25333","Holiday / vacation"
"GEN24_25333","Other"
"GEN24_25334","VFR"
"GEN24_25342","No other reason"
"GEN24_25345","VFR"
"GEN24_25357","VFR"
"GEN24_25358","No other reason"
"GEN24_25367","No other reason"
"GEN24_25369","Other"
"GEN24_25372","No other reason"
"GEN24_25374","No other reason"
"GEN24_25378","No other reason"
"GEN24_25383","No other reason"
"GEN24_25384","No other reason"
"GEN24_25387","VFR"
"GEN24_25390","VFR"
"GEN24_25391","No other reason"
"GEN24_25394","Holiday / vacation"
"GEN24_25395","No other reason"
"GEN24_25397","Education"
"GEN24_25397","Holiday / vacation"
"GEN24_25405","No other reason"
"GEN24_25407","Holiday / vacation"
"GEN24_25407","VFR"
"GEN24_25408","Holiday / vacation"
"GEN24_25411","Business"
"GEN24_25412","Holiday / vacation"
"GEN24_25416","No other reason"
"GEN24_25420","Holiday / vacation"
"GEN24_25434","No other reason"
"GEN24_25436","Holiday / vacation"
"GEN24_25439","Holiday / vacation"
"GEN24_25441","VFR"
"GEN24_25451","No other reason"
"GEN24_25453","VFR"
"GEN24_25469","Holiday / vacation"
"GEN24_25471","No other reason"
"GEN24_25483","No other reason"
"GEN24_25484","No other reason"
"GEN24_25497","Education"
"GEN24_25523","VFR"
"GEN24_25538","VFR"
"GEN24_25542","No other reason"
"GEN24_25552","Other"
"GEN24_25558","Other"
"GEN24_25567","No other reason"
"GEN24_25580","No other reason"
"GEN24_25590","No other reason"
"GEN24_25593","Other"
"GEN24_25598","No other reason"
"GEN24_25610","No other reason"
"GEN24_25614","Holiday / vacation"
"GEN24_25631","No other reason"
"GEN24_25637","No other reason"
"GEN24_25648","No other reason"
"GEN24_25654","Holiday / vacation"
"GEN24_25659","No other reason"
"GEN24_25665","Holiday / vacation"
"GEN24_25665","VFR"
"GEN24_25666","No other reason"
"GEN24_25669","No other reason"
"GEN24_25680","No other reason"
"GEN24_25685","No other reason"
"GEN24_25686","No other reason"
"GEN24_25696","No other reason"
"GEN24_25710","No other reason"
"GEN24_25713","No other reason"
"GEN24_25726","No other reason"
"GEN24_25731","No other reason"
"GEN24_25738","No other reason"
"GEN24_25742","No other reason"
"GEN24_25744","No other reason"
"GEN24_25764","No other reason"
"GEN24_25770","No other reason"
"GEN24_25779","Other"
"GEN24_25780","No other reason"
"GEN24_25782","No other reason"
"GEN24_25784","VFR"
"GEN24_25785","No other reason"
"GEN24_25787","No other reason"
"GEN24_25795","No other reason"
"GEN24_25796","Conference / convention"
"GEN24_25798","No other reason"
"GEN24_25800","Holiday / vacation"
"GEN24_25802","Holiday / vacation"
"GEN24_25803","No other reason"
"GEN24_25809","No other reason"
"GEN24_25811","Business"
"GEN24_25815","VFR"
"GEN24_25827","No other reason"
"GEN24_25834","No other reason"
"GEN24_25835","VFR"
"GEN24_25836","No other reason"
"GEN24_25840","Holiday / vacation"
"GEN24_25854","No other reason"
"GEN24_25857","Holiday / vacation"
"GEN24_25858","VFR"
"GEN24_25863","No other reason"
"GEN24_25865","Holiday / vacation"
"GEN24_25868","No other reason"
"GEN24_25882","Holiday / vacation"
"GEN24_25891","No other reason"
"GEN24_25896","No other reason"
"GEN24_25898","No other reason"
"GEN24_25906","No other reason"
"GEN24_25909","VFR"
"GEN24_25916","No other reason"
"GEN24_25925","Holiday / vacation"
"GEN24_25931","No other reason"
"GEN24_25936","Holiday / vacation"
"GEN24_25940","VFR"
"GEN24_25942","No other reason"
"GEN24_25949","Holiday / vacation"
"GEN24_25956","No other reason"
"GEN24_25961","Other"
"GEN24_25964","No other reason"
"GEN24_25968","No other reason"
"GEN24_25979","No other reason"
"GEN24_25985","VFR"
"GEN24_25986","No other reason"
"GEN24_25993","No other reason"
"GEN24_25996","No other reason"
"GEN24_25997","No other reason"
"GEN24_26036","No other reason"
"GEN24_26037","No other reason"
"GEN24_26038","No other reason"
"GEN24_26040","Holiday / vacation"
"GEN24_26043","No other reason"
"GEN24_26049","No other reason"
"GEN24_26060","Other"
"GEN24_26061","VFR"
"GEN24_26066","No other reason"
"GEN24_26070","VFR"
"GEN24_26080","Holiday / vacation"
"GEN24_26089","No other reason"
"GEN24_26092","Holiday / vacation"
"GEN24_26094","Holiday / vacation"
"GEN24_26097","No other reason"
"GEN24_26102","No other reason"
"GEN24_26104","No other reason"
"GEN24_26109","No other reason"
"GEN24_26113","No other reason"
"GEN24_26118","No other reason"
"GEN24_26119","VFR"
"GEN24_26127","No other reason"
"GEN24_26136","Holiday / vacation"
"GEN24_26137","VFR"
"GEN24_26140","No other reason"
"GEN24_26145","Education"
"GEN24_26145","Holiday / vacation"
"GEN24_26145","VFR"
"GEN24_26155","No other reason"
"GEN24_26163","VFR"
"GEN24_26174","Education"
"GEN24_26177","No other reason"
"GEN24_26180","No other reason"
"GEN24_26184","No other reason"
"GEN24_26185","No other reason"
"GEN24_26193","No other reason"
"GEN24_26196","No other reason"
"GEN24_26204","No other reason"
"GEN24_26209","No other reason"
"GEN24_26215","No other reason"
"GEN24_26219","No other reason"
"GEN24_26220","No other reason"
"GEN24_26225","Business"
"GEN24_26228","Education"
"GEN24_26243","No other reason"
"GEN24_26252","No other reason"
"GEN24_26255","No other reason"
"GEN24_26256","No other reason"
"GEN24_26257","VFR"
"GEN24_26262","VFR"
"GEN24_26263","VFR"
"GEN24_26265","Other"
"GEN24_26266","No other reason"
"GEN24_26267","No other reason"
"GEN24_26272","No other reason"
"GEN24_26281","No other reason"
"GEN24_26285","Holiday / vacation"
"GEN24_26295","VFR"
"GEN24_26311","No other reason"
"GEN24_26325","Other"
"GEN24_26327","No other reason"
"GEN24_26336","Holiday / vacation"
"GEN24_26339","VFR"
"GEN24_26347","VFR"
"GEN24_26354","VFR"
"GEN24_26368","No other reason"
"GEN24_26372","VFR"
"GEN24_26388","VFR"
"GEN24_26390","No other reason"
"GEN24_26397","No other reason"
"GEN24_26401","No other reason"
"GEN24_26406","No other reason"
"GEN24_26412","VFR"
"GEN24_26418","No other reason"
"GEN24_26420","No other reason"
"GEN24_26426","No other reason"
"GEN24_26427","No other reason"
"GEN24_26436","No other reason"
"GEN24_26446","No other reason"
"GEN24_26450","No other reason"
"GEN24_26453","No other reason"
"GEN24_26456","No other reason"
"GEN24_26457","VFR"
"GEN24_26463","No other reason"
"GEN24_26474","No other reason"
"GEN24_26477","No other reason"
"GEN24_26483","VFR"
"GEN24_26484","Holiday / vacation"
"GEN24_26492","No other reason"
"GEN24_26493","No other reason"
"GEN24_26502","Holiday / vacation"
"GEN24_26503","Holiday / vacation"
"GEN24_26504","No other reason"
"GEN24_26506","No other reason"
"GEN24_26507","No other reason"
"GEN24_26508","No other reason"
"GEN24_26519","Holiday / vacation"
"GEN24_26531","No other reason"
"GEN24_26538","No other reason"
"GEN24_26551","VFR"
"GEN24_26552","No other reason"
"GEN24_26559","VFR"
"GEN24_26568","No other reason"
"GEN24_26569","VFR"
"GEN24_26572","No other reason"
"GEN24_26580","No other reason"
"GEN24_26581","No other reason"
"GEN24_26588","Holiday / vacation"
"GEN24_26590","No other reason"
"GEN24_26599","No other reason"
"GEN24_26604","Holiday / vacation"
"GEN24_26609","VFR"
"GEN24_26623","No other reason"
"GEN24_26624","Holiday / vacation"
"GEN24_26627","Holiday / vacation"
"GEN24_26632","No other reason"
"GEN24_26633","No other reason"
"GEN24_26634","VFR"
"GEN24_26639","VFR"
"GEN24_26650","Holiday / vacation"
"GEN24_26653","VFR"
"GEN24_26655","VFR"
"GEN24_26658","No other reason"
"GEN24_26660","Holiday / vacation"
"GEN24_26663","VFR"
"GEN24_26665","Other"
"GEN24_26698","No other reason"
"GEN24_26703","No other reason"
"GEN24_26711","No other reason"
"GEN24_26719","No other reason"
"GEN24_26728","No other reason"
"GEN24_26731","No other reason"
"GEN24_26733","No other reason"
"GEN24_26743","VFR"
"GEN24_26757","No other reason"
"GEN24_26759","Holiday / vacation"
"GEN24_26767","No other reason"
"GEN24_26771","No other reason"
"GEN24_26782","No other reason"
"GEN24_26784","Holiday / vacation"
"GEN24_26784","VFR"
"GEN24_26785","No other reason"
"GEN24_26792","No other reason"
"GEN24_26804","No other reason"
"GEN24_26806","Holiday / vacation"
"GEN24_26806","VFR"
"GEN24_26810","No other reason"
"GEN24_26813","No other reason"
"GEN24_26817","No other reason"
"GEN24_26826","No other reason"
"GEN24_26829","No other reason"
"GEN24_26831","Holiday / vacation"
"GEN24_26836","VFR"
"GEN24_26841","No other reason"
"GEN24_26842","No other reason"
"GEN24_26852","No other reason"
"GEN24_26854","Business"
"GEN24_26854","Holiday / vacation"
"GEN24_26858","VFR"
"GEN24_26863","No other reason"
"GEN24_26867","No other reason"
"GEN24_26881","No other reason"
"GEN24_26885","No other reason"
"GEN24_26886","No other reason"
"GEN24_26887","No other reason"
"GEN24_26891","Holiday / vacation"
"GEN24_26902","No other reason"
"GEN24_26906","No other reason"
"GEN24_26909","VFR"
"GEN24_26924","Holiday / vacation"
"GEN24_26927","Holiday / vacation"
"GEN24_26931","No other reason"
"GEN24_26941","Holiday / vacation"
"GEN24_26946","No other reason"
"GEN24_26949","Other"
"GEN24_26954","No other reason"
"GEN24_26961","VFR"
"GEN24_26964","No other reason"
"GEN24_26970","Holiday / vacation"
"GEN24_26972","No other reason"
"GEN24_26973","Holiday / vacation"
"GEN24_26974","No other reason"
"GEN24_26975","Holiday / vacation"
"GEN24_26979","Holiday / vacation"
"GEN24_26983","No other reason"
"GEN24_26984","No other reason"
"GEN24_26989","No other reason"
"GEN24_27000","No other reason"
"GEN24_27007","No other reason"
"GEN24_27012","No other reason"
"GEN24_27013","Holiday / vacation"
"GEN24_27015","No other reason"
"GEN24_27024","Holiday / vacation"
"GEN24_27025","No other reason"
"GEN24_27027","No other reason"
"GEN24_27034","No other reason"
"GEN24_27035","No other reason"
"GEN24_27039","Holiday / vacation"
"GEN24_27040","No other reason"
"GEN24_27042","VFR"
"GEN24_27043","No other reason"
"GEN24_27051","No other reason"
"GEN24_27053","No other reason"
"GEN24_27056","No other reason"
"GEN24_27060","No other reason"
"GEN24_27063","No other reason"
"GEN24_27071","No other reason"
"GEN24_27074","Holiday / vacation"
"GEN24_27081","No other reason"
"GEN24_27086","Holiday / vacation"
"GEN24_27087","Business"
"GEN24_27088","No other reason"
"GEN24_27094","No other reason"
"GEN24_27106","No other reason"
"GEN24_27109","VFR"
"GEN24_27110","No other reason"
"GEN24_27111","Holiday / vacation"
"GEN24_27113","VFR"
"GEN24_27131","No other reason"
"GEN24_27132","No other reason"
"GEN24_27136","No other reason"
"GEN24_27138","VFR"
"GEN24_27140","No other reason"
"GEN24_27147","Holiday / vacation"
"GEN24_27155","No other reason"
"GEN24_27158","Holiday / vacation"
"GEN24_27159","VFR"
"GEN24_27162","No other reason"
"GEN24_27168","No other reason"
"GEN24_27169","No other reason"
"GEN24_27171","No other reason"
"GEN24_27173","No other reason"
"GEN24_27175","No other reason"
"GEN24_27177","Conference / convention"
"GEN24_27179","Other"
"GEN24_27186","Holiday / vacation"
"GEN24_27188","No other reason"
"GEN24_27191","No other reason"
"GEN24_27192","No other reason"
"GEN24_27193","Holiday / vacation"
"GEN24_27194","No other reason"
"GEN24_27195","No other reason"
"GEN24_27198","No other reason"
"GEN24_27202","No other reason"
"GEN24_27206","Other"
"GEN24_27207","Holiday / vacation"
"GEN24_27208","VFR"
"GEN24_27218","No other reason"
"GEN24_27234","No other reason"
"GEN24_27236","No other reason"
"GEN24_27240","Other"
"GEN24_27243","No other reason"
"GEN24_27260","No other reason"
"GEN24_27266","No other reason"
"GEN24_27269","Other"
"GEN24_27279","No other reason"
"GEN24_27280","VFR"
"GEN24_27282","No other reason"
"GEN24_27284","Other"
"GEN24_27288","No other reason"
"GEN24_27292","No other reason"
"GEN24_27295","Holiday / vacation"
"GEN24_27297","No other reason"
"GEN24_27313","No other reason"
"GEN24_27314","Holiday / vacation"
"GEN24_27315","Other"
"GEN24_27319","No other reason"
"GEN24_27322","No other reason"
"GEN24_27327","Holiday / vacation"
"GEN24_27328","VFR"
"GEN24_27334","No other reason"
"GEN24_27339","Other"
"GEN24_27341","No other reason"
"GEN24_27345","Holiday / vacation"
"GEN24_27349","No other reason"
"GEN24_27351","No other reason"
"GEN24_27352","No other reason"
"GEN24_27357","No other reason"
"GEN24_27360","VFR"
"GEN24_27364","No other reason"
"GEN24_27374","No other reason"
"GEN24_27380","No other reason"
"GEN24_27383","Other"
"GEN24_27399","Holiday / vacation"
"GEN24_27404","Holiday / vacation"
"GEN24_27414","No other reason"
"GEN24_27416","VFR"
"GEN24_27434","VFR"
"GEN24_27437","No other reason"
"GEN24_27443","Holiday / vacation"
"GEN24_27445","No other reason"
"GEN24_27458","Holiday / vacation"
"GEN24_27460","VFR"
"GEN24_27467","No other reason"
"GEN24_27470","Holiday / vacation"
"GEN24_27472","No other reason"
"GEN24_27473","No other reason"
"GEN24_27474","Holiday / vacation"
"GEN24_27475","No other reason"
"GEN24_27477","Holiday / vacation"
"GEN24_27478","No other reason"
"GEN24_27480","Holiday / vacation"
"GEN24_27481","No other reason"
"GEN24_27483","No other reason"
"GEN24_27484","No other reason"
"GEN24_27486","No other reason"
"GEN24_27496","No other reason"
"GEN24_27507","No other reason"
"GEN24_27511","VFR"
"GEN24_27518","No other reason"
"GEN24_27525","No other reason"
"GEN24_27528","Other"
"GEN24_27529","No other reason"
"GEN24_27544","No other reason"
"GEN24_27546","No other reason"
"GEN24_27551","Education"
"GEN24_27555","VFR"
"GEN24_27556","No other reason"
"GEN24_27570","No other reason"
"GEN24_27571","No other reason"
"GEN24_27573","Holiday / vacation"
"GEN24_27588","No other reason"
"GEN24_27589","Education"
"GEN24_27609","No other reason"
"GEN24_27610","No other reason"
"GEN24_27611","No other reason"
"GEN24_27613","No other reason"
"GEN24_27621","Holiday / vacation"
"GEN24_27623","Business"
"GEN24_27623","Education"
"GEN24_27629","VFR"
"GEN24_27630","VFR"
"GEN24_27632","VFR"
"GEN24_27636","Conference / convention"
"GEN24_27637","No other reason"
"GEN24_27639","No other reason"
"GEN24_27650","No other reason"
"GEN24_27653","No other reason"
"GEN24_27655","No other reason"
"GEN24_27663","VFR"
"GEN24_27665","No other reason"
"GEN24_27666","No other reason"
"GEN24_27670","Holiday / vacation"
"GEN24_27676","No other reason"
"GEN24_27677","No other reason"
"GEN24_27678","Holiday / vacation"
"GEN24_27679","No other reason"
"GEN24_27687","No other reason"
"GEN24_27689","No other reason"
"GEN24_27690","No other reason"
"GEN24_27691","No other reason"
"GEN24_27693","Holiday / vacation"
"GEN24_27697","No other reason"
"GEN24_27707","No other reason"
"GEN24_27712","Holiday / vacation"
"GEN24_27716","Holiday / vacation"
"GEN24_27720","Holiday / vacation"
"GEN24_27725","No other reason"
"GEN24_27732","Holiday / vacation"
"GEN24_27736","No other reason"
"GEN24_27740","VFR"
"GEN24_27742","No other reason"
"GEN24_27749","No other reason"
"GEN24_27753","No other reason"
"GEN24_27756","No other reason"
"GEN24_27757","No other reason"
"GEN24_27758","No other reason"
"GEN24_27762","Other"
"GEN24_27765","No other reason"
"GEN24_27766","Business"
"GEN24_27770","VFR"
"GEN24_27771","VFR"
"GEN24_27779","No other reason"
"GEN24_27780","No other reason"
"GEN24_27782","No other reason"
"GEN24_27786","No other reason"
"GEN24_27790","VFR"
"GEN24_27791","No other reason"
"GEN24_27799","Holiday / vacation"
"GEN24_27800","No other reason"
"GEN24_27806","No other reason"
"GEN24_27809","No other reason"
"GEN24_27817","No other reason"
"GEN24_27820","No other reason"
"GEN24_27827","No other reason"
"GEN24_27837","Holiday / vacation"
"GEN24_27841","Holiday / vacation"
"GEN24_27842","Holiday / vacation"
"GEN24_27843","No other reason"
"GEN24_27844","No other reason"
"GEN24_27846","Business"
"GEN24_27850","Holiday / vacation"
"GEN24_27857","Other"
"GEN24_27859","No other reason"
"GEN24_27861","VFR"
"GEN24_27865","No other reason"
"GEN24_27870","VFR"
"GEN24_27871","No other reason"
"GEN24_27872","Holiday / vacation"
"GEN24_27876","Holiday / vacation"
"GEN24_27885","No other reason"
"GEN24_27892","Holiday / vacation"
"GEN24_27898","VFR"
"GEN24_27900","No other reason"
"GEN24_27908","Holiday / vacation"
"GEN24_27909","No other reason"
"GEN24_27912","No other reason"
"GEN24_27913","No other reason"
"GEN24_27925","No other reason"
"GEN24_27928","Other"
"GEN24_27948","No other reason"
"GEN24_27950","No other reason"
"GEN24_27954","VFR"
"GEN24_27965","No other reason"
"GEN24_27968","Education"
"GEN24_27968","VFR"
"GEN24_27969","No other reason"
"GEN24_27974","Holiday / vacation"
"GEN24_27976","No other reason"
"GEN24_27980","No other reason"
"GEN24_27982","Holiday / vacation"
"GEN24_28001","No other reason"
"GEN24_28003","Other"
"GEN24_28005","No other reason"
"GEN24_28008","Education"
"GEN24_28009","Holiday / vacation"
"GEN24_28014","Holiday / vacation"
"GEN24_28019","No other reason"
"GEN24_28024","Holiday / vacation"
"GEN24_28028","No other reason"
"GEN24_28031","No other reason"
"GEN24_28033","No other reason"
"GEN24_28034","Conference / convention"
"GEN24_28036","No other reason"
"GEN24_28038","No other reason"
"GEN24_28039","No other reason"
"GEN24_28041","No other reason"
"GEN24_28053","No other reason"
"GEN24_28054","No other reason"
"GEN24_28058","VFR"
"GEN24_28060","No other reason"
"GEN24_28065","Holiday / vacation"
"GEN24_28066","Holiday / vacation"
"GEN24_28072","Holiday / vacation"
"GEN24_28082","Holiday / vacation"
"GEN24_28085","No other reason"
"GEN24_28094","No other reason"
"GEN24_28098","Other"
"GEN24_28109","No other reason"
"GEN24_28116","Holiday / vacation"
"GEN24_28121","No other reason"
"GEN24_28127","No other reason"
"GEN24_28128","No other reason"
"GEN24_28133","No other reason"
"GEN24_28145","Business"
"GEN24_28147","Holiday / vacation"
"GEN24_28148","No other reason"
"GEN24_28150","No other reason"
"GEN24_28153","Education"
"GEN24_28154","Holiday / vacation"
"GEN24_28157","No other reason"
"GEN24_28159","Other"
"GEN24_28161","No other reason"
"GEN24_28164","No other reason"
"GEN24_28171","No other reason"
"GEN24_28222","No other reason"
"GEN24_28226","Education"
"GEN24_28228","Other"
"GEN24_28231","Holiday / vacation"
"GEN24_28232","VFR"
"GEN24_28233","Holiday / vacation"
"GEN24_28235","No other reason"
"GEN24_28238","No other reason"
"GEN24_28239","Holiday / vacation"
"GEN24_28245","VFR"
"GEN24_28247","Holiday / vacation"
"GEN24_28250","Other"
"GEN24_28251","No other reason"
"GEN24_28261","Holiday / vacation"
"GEN24_28263","No other reason"
"GEN24_28268","Holiday / vacation"
"GEN24_28305","No other reason"
"GEN24_28319","No other reason"
"GEN24_28327","No other reason"
"GEN24_28330","Holiday / vacation"
"GEN24_28347","No other reason"
"GEN24_28351","Other"
"GEN24_28387","No other reason"
"GEN24_28388","VFR"
"GEN24_28400","No other reason"
"GEN24_28409","No other reason"
"GEN24_28413","No other reason"
"GEN24_28414","No other reason"
"GEN24_28417","No other reason"
"GEN24_28418","Other"
"GEN24_28419","No other reason"
"GEN24_28421","No other reason"
"GEN24_28423","No other reason"
"GEN24_28425","No other reason"
"GEN24_28427","No other reason"
"GEN24_28429","No other reason"
"GEN24_28434","No other reason"
"GEN24_28439","No other reason"
"GEN24_28461","No other reason"
"GEN24_28475","No other reason"
"GEN24_28477","VFR"
"GEN24_28481","No other reason"
"GEN24_28484","No other reason"
"GEN24_28493","No other reason"
"GEN24_28495","No other reason"
"GEN24_28496","No other reason"
"GEN24_28502","No other reason"
"GEN24_28505","No other reason"
"GEN24_28512","No other reason"
"GEN24_28513","No other reason"
"GEN24_28514","VFR"
"GEN24_28519","No other reason"
"GEN24_28521","Holiday / vacation"
"GEN24_28523","No other reason"
"GEN24_28526","No other reason"
"GEN24_28528","No other reason"
"GEN24_28529","VFR"
"GEN24_28532","No other reason"
"GEN24_28557","No other reason"
"GEN24_28558","No other reason"
"GEN24_28559","No other reason"
"GEN24_28560","Other"
"GEN24_28561","Holiday / vacation"
"GEN24_28563","No other reason"
"GEN24_28565","No other reason"
"GEN24_28566","No other reason"
"GEN24_28573","VFR"
"GEN24_28574","No other reason"
"GEN24_28575","No other reason"
"GEN24_28576","No other reason"
"GEN24_28579","Holiday / vacation"
"GEN24_28580","Holiday / vacation"
"GEN24_28614","Conference / convention"
"GEN24_28617","No other reason"
"GEN24_28670","Holiday / vacation"
"GEN24_28682","No other reason"
"GEN24_28691","No other reason"
"GEN24_28696","No other reason"
"GEN24_28699","No other reason"
"GEN24_28702","No other reason"
"GEN24_28703","No other reason"
"GEN24_28707","No other reason"
"GEN24_28709","VFR"
"GEN24_28713","No other reason"
"GEN24_28722","No other reason"
"GEN24_28726","No other reason"
"GEN24_28727","Holiday / vacation"
"GEN24_28728","Holiday / vacation"
"GEN24_28731","Other"
"GEN24_28735","No other reason"
"GEN24_28736","No other reason"
"GEN24_28743","Holiday / vacation"
"GEN24_28744","No other reason"
"GEN24_28745","No other reason"
"GEN24_28747","Holiday / vacation"
"GEN24_28750","No other reason"
"GEN24_28752","VFR"
"GEN24_28753","No other reason"
"GEN24_28754","Holiday / vacation"
"GEN24_28755","No other reason"
"GEN24_28760","Business"
"GEN24_28760","Other"
"GEN24_28761","No other reason"
"GEN24_28763","No other reason"
"GEN24_28764","Holiday / vacation"
"GEN24_28765","Holiday / vacation"
"GEN24_28769","No other reason"
"GEN24_28772","VFR"
"GEN24_28774","Holiday / vacation"
"GEN24_28793","No other reason"
"GEN24_28795","No other reason"
"GEN24_28796","No other reason"
"GEN24_28821","Other"
"GEN24_28827","No other reason"
"GEN24_28828","Business"
"GEN24_28846","No other reason"
"GEN24_28850","Holiday / vacation"
"GEN24_28853","No other reason"
"GEN24_28855","No other reason"
"GEN24_28860","No other reason"
"GEN24_28862","No other reason"
"GEN24_28863","No other reason"
"GEN24_28866","VFR"
"GEN24_28867","Holiday / vacation"
"GEN24_28868","No other reason"
"GEN24_28893","Holiday / vacation"
"GEN24_28896","VFR"
"GEN24_28900","No other reason"
"GEN24_28901","No other reason"
"GEN24_28903","No other reason"
"GEN24_28904","Holiday / vacation"
"GEN24_28904","VFR"
"GEN24_28907","No other reason"
"GEN24_28912","No other reason"
"GEN24_28922","Other"
"GEN24_28937","Other"
"GEN24_28940","No other reason"
"GEN24_28941","No other reason"
"GEN24_28942","No other reason"
"GEN24_28945","No other reason"
"GEN24_28948","VFR"
"GEN24_28954","No other reason"
"GEN24_28956","No other reason"
"GEN24_28958","Education"
"GEN24_28960","VFR"
"GEN24_28965","Other"
"GEN24_28967","VFR"
"GEN24_28976","No other reason"
"GEN24_28978","No other reason"
"GEN24_28990","No other reason"
"GEN24_28993","VFR"
"GEN24_28996","Other"
"GEN24_29009","No other reason"
"GEN24_29014","No other reason"
"GEN24_29015","No other reason"
"GEN24_29017","No other reason"
"GEN24_29018","VFR"
"GEN24_29021","VFR"
"GEN24_29022","VFR"
"GEN24_29026","No other reason"
"GEN24_29032","No other reason"
"GEN24_29035","No other reason"
"GEN24_29037","Business"
"GEN24_29038","No other reason"
"GEN24_29040","Other"
"GEN24_29041","No other reason"
"GEN24_29042","Other"
"GEN24_29047","No other reason"
"GEN24_29049","No other reason"
"GEN24_29055","No other reason"
"GEN24_29058","No other reason"
"GEN24_29062","No other reason"
"GEN24_29063","Holiday / vacation"
"GEN24_29064","No other reason"
"GEN24_29065","VFR"
"GEN24_29072","Other"
"GEN24_29079","Business"
"GEN24_29086","Holiday / vacation"
"GEN24_29088","No other reason"
"GEN24_29093","No other reason"
"GEN24_29094","No other reason"
"GEN24_29096","No other reason"
"GEN24_29097","No other reason"
"GEN24_29102","Holiday / vacation"
"GEN24_29103","No other reason"
"GEN24_29111","Holiday / vacation"
"GEN24_29112","No other reason"
"GEN24_29119","Holiday / vacation"
"GEN24_29128","Holiday / vacation"
"GEN24_29131","No other reason"
"GEN24_29134","Holiday / vacation"
"GEN24_29140","No other reason"
"GEN24_29148","No other reason"
"GEN24_29149","No other reason"
"GEN24_29156","No other reason"
"GEN24_29157","VFR"
"GEN24_29163","Other"
"GEN24_29170","No other reason"
"GEN24_29176","No other reason"
"GEN24_29190","No other reason"
"GEN24_29191","No other reason"
"GEN24_29196","No other reason"
"GEN24_29202","No other reason"
"GEN24_29217","No other reason"
"GEN24_29219","VFR"
"GEN24_29225","No other reason"
"GEN24_29230","VFR"
"GEN24_29232","VFR"
"GEN24_29235","No other reason"
"GEN24_29236","VFR"
"GEN24_29238","No other reason"
"GEN24_29242","Holiday / vacation"
"GEN24_29245","No other reason"
"GEN24_29260","No other reason"
"GEN24_29262","No other reason"
"GEN24_29265","No other reason"
"GEN24_29269","No other reason"
"GEN24_29275","Holiday / vacation"
"GEN24_29278","No other reason"
"GEN24_29279","No other reason"
"GEN24_29280","Holiday / vacation"
"GEN24_29284","No other reason"
"GEN24_29286","Holiday / vacation"
"GEN24_29295","VFR"
"GEN24_29307","No other reason"
"GEN24_29309","Holiday / vacation"
"GEN24_29313","No other reason"
"GEN24_29318","VFR"
"GEN24_29342","No other reason"
"GEN24_29350","Conference / convention"
"GEN24_29357","Holiday / vacation"
"GEN24_29358","No other reason"
"GEN24_29360","No other reason"
"GEN24_29371","Other"
"GEN24_29372","No other reason"
"GEN24_29374","No other reason"
"GEN24_29375","No other reason"
"GEN24_29381","VFR"
"GEN24_29389","No other reason"
"GEN24_29394","No other reason"
"GEN24_29395","VFR"
"GEN24_29404","No other reason"
"GEN24_29406","Holiday / vacation"
"GEN24_29410","VFR"
"GEN24_29414","Business"
"GEN24_29414","Education"
"GEN24_29415","Holiday / vacation"
"GEN24_29423","No other reason"
"GEN24_29431","No other reason"
"GEN24_29447","No other reason"
"GEN24_29448","No other reason"
"GEN24_29451","VFR"
"GEN24_29460","VFR"
"GEN24_29466","No other reason"
"GEN24_29472","Holiday / vacation"
"GEN24_29478","No other reason"
"GEN24_29483","No other reason"
"GEN24_29485","No other reason"
"GEN24_29489","No other reason"
"GEN24_29493","Holiday / vacation"
"GEN24_29497","VFR"
"GEN24_29499","No other reason"
"GEN24_29501","No other reason"
"GEN24_29505","No other reason"
"GEN24_29507","No other reason"
"GEN24_29508","Holiday / vacation"
"GEN24_29518","No other reason"
"GEN24_29542","Holiday / vacation"
"GEN24_29543","No other reason"
"GEN24_29547","VFR"
"GEN24_29548","No other reason"
"GEN24_29555","No other reason"
"GEN24_29560","Other"
"GEN24_29563","No other reason"
"GEN24_29565","No other reason"
"GEN24_29566","No other reason"
"GEN24_29577","No other reason"
"GEN24_29581","No other reason"
"GEN24_29586","No other reason"
"GEN24_29588","No other reason"
"GEN24_29595","VFR"
"GEN24_29605","No other reason"
"GEN24_29607","Holiday / vacation"
"GEN24_29617","No other reason"
"GEN24_29622","Other"
"GEN24_29624","No other reason"
"GEN24_29625","VFR"
"GEN24_29627","Business"
"GEN24_29637","No other reason"
"GEN24_29639","No other reason"
"GEN24_29641","No other reason"
"GEN24_29642","No other reason"
"GEN24_29658","Holiday / vacation"
"GEN24_29659","VFR"
"GEN24_29660","Holiday / vacation"
"GEN24_29667","No other reason"
"GEN24_29677","No other reason"
"GEN24_29680","No other reason"
"GEN24_29685","No other reason"
"GEN24_29686","Holiday / vacation"
"GEN24_29687","VFR"
"GEN24_29693","Holiday / vacation"
"GEN24_29695","Holiday / vacation"
"GEN24_29697","No other reason"
"GEN24_29700","No other reason"
"GEN24_29701","No other reason"
"GEN24_29702","VFR"
"GEN24_29703","No other reason"
"GEN24_29718","Holiday / vacation"
"GEN24_29718","VFR"
"GEN24_29722","Other"
"GEN24_29726","No other reason"
"GEN24_29731","No other reason"
"GEN24_29738","Conference / convention"
"GEN24_29749","No other reason"
"GEN24_29751","No other reason"
"GEN24_29756","No other reason"
"GEN24_29759","No other reason"
"GEN24_29764","No other reason"
"GEN24_29765","Education"
"GEN24_29768","No other reason"
"GEN24_29772","No other reason"
"GEN24_29774","VFR"
"GEN24_29776","Holiday / vacation"
"GEN24_29776","VFR"
"GEN24_29784","Holiday / vacation"
"GEN24_29790","No other reason"
"GEN24_29795","No other reason"
"GEN24_29799","No other reason"
"GEN24_29804","Other"
"GEN24_29806","VFR"
"GEN24_29819","VFR"
"GEN24_29822","No other reason"
"GEN24_29823","No other reason"
"GEN24_29827","No other reason"
"GEN24_29830","No other reason"
"GEN24_29838","VFR"
"GEN24_29840","VFR"
"GEN24_29845","No other reason"
"GEN24_29859","Holiday / vacation"
"GEN24_29863","Other"
"GEN24_29869","No other reason"
"GEN24_29873","VFR"
"GEN24_29875","No other reason"
"GEN24_29879","No other reason"
"GEN24_29886","VFR"
"GEN24_29892","No other reason"
"GEN24_29907","No other reason"
"GEN24_29909","No other reason"
"GEN24_29918","No other reason"
"GEN24_29928","VFR"
"GEN24_29933","No other reason"
"GEN24_29935","No other reason"
"GEN24_29941","Holiday / vacation"
"GEN24_29951","Holiday / vacation"
"GEN24_29956","Holiday / vacation"
"GEN24_29964","No other reason"
"GEN24_29977","VFR"
"GEN24_29982","No other reason"
"GEN24_29983","No other reason"
"GEN24_29985","No other reason"
"GEN24_30003","No other reason"
"GEN24_30005","VFR"
"GEN24_30011","No other reason"
"GEN24_30020","No other reason"
"GEN24_30026","No other reason"
"GEN24_30038","No other reason"
"GEN24_30040","No other reason"
"GEN24_30049","VFR"
"GEN24_30051","No other reason"
"GEN24_30059","VFR"
"GEN24_30060","No other reason"
"GEN24_30065","No other reason"
"GEN24_30069","No other reason"
"GEN24_30070","VFR"
"GEN24_30083","VFR"
"GEN24_30087","Holiday / vacation"
"GEN24_30088","No other reason"
"GEN24_30091","No other reason"
"GEN24_30096","Other"
"GEN24_30099","VFR"
"GEN24_30107","No other reason"
"GEN24_30110","VFR"
"GEN24_30118","Other"
"GEN24_30130","No other reason"
"GEN24_30144","No other reason"
"GEN24_30150","Holiday / vacation"
"GEN24_30152","No other reason"
"GEN24_30156","No other reason"
"GEN24_30175","No other reason"
"GEN24_30184","No other reason"
"GEN24_30187","No other reason"
"GEN24_30193","No other reason"
"GEN24_30199","No other reason"
"GEN24_30204","Holiday / vacation"
"GEN24_30219","No other reason"
"GEN24_30224","Other"
"GEN24_30228","VFR"
"GEN24_30246","Holiday / vacation"
"GEN24_30248","No other reason"
"GEN24_30251","VFR"
"GEN24_30252","No other reason"
"GEN24_30257","Other"
"GEN24_30258","Holiday / vacation"
"GEN24_30260","No other reason"
"GEN24_30266","No other reason"
"GEN24_30269","No other reason"
"GEN24_30271","No other reason"
"GEN24_30274","No other reason"
"GEN24_30277","No other reason"
"GEN24_30284","Holiday / vacation"
"GEN24_30294","No other reason"
"GEN24_30295","VFR"
"GEN24_30296","VFR"
"GEN24_30298","No other reason"
"GEN24_30307","No other reason"
"GEN24_30308","No other reason"
"GEN24_30314","Holiday / vacation"
"GEN24_30315","No other reason"
"GEN24_30316","Other"
"GEN24_30319","No other reason"
"GEN24_30330","No other reason"
"GEN24_30331","VFR"
"GEN24_30334","Holiday / vacation"
"GEN24_30336","No other reason"
"GEN24_30338","No other reason"
"GEN24_30340","No other reason"
"GEN24_30346","No other reason"
"GEN24_30347","VFR"
"GEN24_30348","No other reason"
"GEN24_30352","No other reason"
"GEN24_30354","No other reason"
"GEN24_30368","No other reason"
"GEN24_30371","Conference / convention"
"GEN24_30375","No other reason"
"GEN24_30376","Other"
"GEN24_30381","No other reason"
"GEN24_30382","VFR"
"GEN24_30385","No other reason"
"GEN24_30398","No other reason"
"GEN24_30399","No other reason"
"GEN24_30405","VFR"
"GEN24_30415","VFR"
"GEN24_30425","Holiday / vacation"
"GEN24_30426","No other reason"
"GEN24_30429","VFR"
"GEN24_30432","No other reason"
"GEN24_30433","No other reason"
"GEN24_30435","VFR"
"GEN24_30437","VFR"
"GEN24_30438","VFR"
"GEN24_30439","No other reason"
"GEN24_30452","No other reason"
"GEN24_30454","No other reason"
"GEN24_30464","No other reason"
"GEN24_30465","No other reason"
"GEN24_30470","VFR"
"GEN24_30475","Holiday / vacation"
"GEN24_30476","No other reason"
"GEN24_30478","No other reason"
"GEN24_30488","Holiday / vacation"
"GEN24_30489","No other reason"
"GEN24_30494","No other reason"
"GEN24_30497","No other reason"
"GEN24_30500","Holiday / vacation"
"GEN24_30505","Holiday / vacation"
"GEN24_30506","No other reason"
"GEN24_30509","No other reason"
"GEN24_30511","VFR"
"GEN24_30515","No other reason"
"GEN24_30516","Holiday / vacation"
"GEN24_30516","VFR"
"GEN24_30518","No other reason"
"GEN24_30524","Holiday / vacation"
"GEN24_30529","No other reason"
"GEN24_30530","Holiday / vacation"
"GEN24_30531","No other reason"
"GEN24_30533","No other reason"
"GEN24_30535","Education"
"GEN24_30535","VFR"
"GEN24_30536","No other reason"
"GEN24_30537","No other reason"
"GEN24_30540","No other reason"
"GEN24_30541","VFR"
"GEN24_30542","Holiday / vacation"
"GEN24_30545","No other reason"
"GEN24_30547","No other reason"
"GEN24_30550","No other reason"
"GEN24_30567","No other reason"
"GEN24_30577","No other reason"
"GEN24_30581","VFR"
"GEN24_30584","No other reason"
"GEN24_30587","No other reason"
"GEN24_30594","Holiday / vacation"
"GEN24_30610","No other reason"
"GEN24_30615","No other reason"
"GEN24_30624","No other reason"
"GEN24_30628","No other reason"
"GEN24_30638","No other reason"
"GEN24_30640","No other reason"
"GEN24_30644","No other reason"
"GEN24_30646","Business"
"GEN24_30651","Conference / convention"
"GEN24_30652","Holiday / vacation"
"GEN24_30655","Holiday / vacation"
"GEN24_30656","No other reason"
"GEN24_30661","Other"
"GEN24_30669","VFR"
"GEN24_30673","No other reason"
"GEN24_30678","Holiday / vacation"
"GEN24_30682","Holiday / vacation"
"GEN24_30693","Education"
"GEN24_30700","Other"
"GEN24_30702","VFR"
"GEN24_30703","Holiday / vacation"
"GEN24_30707","No other reason"
"GEN24_30711","VFR"
"GEN24_30717","No other reason"
"GEN24_30718","No other reason"
"GEN24_30720","No other reason"
"GEN24_30721","VFR"
"GEN24_30725","No other reason"
"GEN24_30730","No other reason"
"GEN24_30733","Holiday / vacation"
"GEN24_30735","VFR"
"GEN24_30738","No other reason"
"GEN24_30740","No other reason"
"GEN24_30747","No other reason"
"GEN24_30755","No other reason"
"GEN24_30759","No other reason"
"GEN24_30762","No other reason"
"GEN24_30764","No other reason"
"GEN24_30765","No other reason"
"GEN24_30771","No other reason"
"GEN24_30773","No other reason"
"GEN24_30777","No other reason"
"GEN24_30781","Holiday / vacation"
"GEN24_30783","No other reason"
"GEN24_30785","No other reason"
"GEN24_30787","No other reason"
"GEN24_30788","No other reason"
"GEN24_30796","No other reason"
"GEN24_30803","Holiday / vacation"
"GEN24_30805","VFR"
"GEN24_30807","VFR"
"GEN24_30813","VFR"
"GEN24_30815","Holiday / vacation"
"GEN24_30820","Holiday / vacation"
"GEN24_30821","No other reason"
"GEN24_30825","No other reason"
"GEN24_30832","Holiday / vacation"
"GEN24_30836","Holiday / vacation"
"GEN24_30837","Holiday / vacation"
"GEN24_30839","No other reason"
"GEN24_30848","Holiday / vacation"
"GEN24_30882","No other reason"
"GEN24_30884","No other reason"
"GEN24_30907","No other reason"
"GEN24_30910","No other reason"
"GEN24_30912","VFR"
"GEN24_30922","No other reason"
"GEN24_30923","No other reason"
"GEN24_30927","VFR"
"GEN24_30931","No other reason"
"GEN24_30933","No other reason"
"GEN24_30943","Holiday / vacation"
"GEN24_30945","No other reason"
"GEN24_30950","No other reason"
"GEN24_30951","No other reason"
"GEN24_30952","No other reason"
"GEN24_30953","No other reason"
"GEN24_30955","No other reason"
"GEN24_30965","No other reason"
"GEN24_30970","Holiday / vacation"
"GEN24_30977","Holiday / vacation"
"GEN24_30978","VFR"
"GEN24_30988","No other reason"
"GEN24_31003","No other reason"
"GEN24_31007","No other reason"
"GEN24_31013","No other reason"
"GEN24_31015","No other reason"
"GEN24_31016","VFR"
"GEN24_31020","No other reason"
"GEN24_31022","Education"
"GEN24_31023","VFR"
"GEN24_31032","VFR"
"GEN24_31047","VFR"
"GEN24_31049","No other reason"
"GEN24_31050","No other reason"
"GEN24_31053","No other reason"
"GEN24_31062","Business"
"GEN24_31064","Holiday / vacation"
"GEN24_31065","No other reason"
"GEN24_31076","No other reason"
"GEN24_31077","No other reason"
"GEN24_31086","No other reason"
"GEN24_31088","No other reason"
"GEN24_31092","Holiday / vacation"
"GEN24_31094","No other reason"
"GEN24_31095","VFR"
"GEN24_31101","No other reason"
"GEN24_31105","Holiday / vacation"
"GEN24_31113","Holiday / vacation"
"GEN24_31116","No other reason"
"GEN24_31120","No other reason"
"GEN24_31124","No other reason"
"GEN24_31131","VFR"
"GEN24_31151","No other reason"
"GEN24_31153","Education"
"GEN24_31154","No other reason"
"GEN24_31155","No other reason"
"GEN24_31158","No other reason"
"GEN24_31167","VFR"
"GEN24_31171","No other reason"
"GEN24_31173","Conference / convention"
"GEN24_31178","No other reason"
"GEN24_31181","No other reason"
"GEN24_31184","No other reason"
"GEN24_31189","No other reason"
"GEN24_31193","No other reason"
"GEN24_31201","No other reason"
"GEN24_31206","No other reason"
"GEN24_31207","No other reason"
"GEN24_31209","No other reason"
"GEN24_31210","No other reason"
"GEN24_31213","No other reason"
"GEN24_31219","No other reason"
"GEN24_31223","Holiday / vacation"
"GEN24_31225","No other reason"
"GEN24_31226","No other reason"
"GEN24_31227","No other reason"
"GEN24_31239","No other reason"
"GEN24_31241","No other reason"
"GEN24_31252","Holiday / vacation"
"GEN24_31258","No other reason"
"GEN24_31261","Holiday / vacation"
"GEN24_31264","No other reason"
"GEN24_31268","No other reason"
"GEN24_31275","No other reason"
"GEN24_31276","Holiday / vacation"
"GEN24_31278","No other reason"
"GEN24_31280","Other"
"GEN24_31282","VFR"
"GEN24_31298","No other reason"
"GEN24_31300","Business"
"GEN24_31307","VFR"
"GEN24_31321","No other reason"
"GEN24_31323","Holiday / vacation"
"GEN24_31324","No other reason"
"GEN24_31337","No other reason"
"GEN24_31344","Holiday / vacation"
"GEN24_31350","No other reason"
"GEN24_31353","No other reason"
"GEN24_31355","No other reason"
"GEN24_31358","No other reason"
"GEN24_31366","No other reason"
"GEN24_31367","VFR"
"GEN24_31377","No other reason"
"GEN24_31385","No other reason"
"GEN24_31388","No other reason"
"GEN24_31393","Holiday / vacation"
"GEN24_31400","Holiday / vacation"
"GEN24_31401","Holiday / vacation"
"GEN24_31413","No other reason"
"GEN24_31414","Other"
"GEN24_31415","No other reason"
"GEN24_31427","No other reason"
"GEN24_31429","No other reason"
"GEN24_31438","No other reason"
"GEN24_31443","Holiday / vacation"
"GEN24_31447","Other"
"GEN24_31454","No other reason"
"GEN24_31468","No other reason"
"GEN24_31476","VFR"
"GEN24_31477","No other reason"
"GEN24_31482","VFR"
"GEN24_31483","Conference / convention"
"GEN24_31485","No other reason"
"GEN24_31488","No other reason"
"GEN24_31489","Business"
"GEN24_31489","Holiday / vacation"
"GEN24_31496","Holiday / vacation"
"GEN24_31501","No other reason"
"GEN24_31509","VFR"
"GEN24_31510","No other reason"
"GEN24_31515","No other reason"
"GEN24_31519","No other reason"
"GEN24_31522","No other reason"
"GEN24_31531","Holiday / vacation"
"GEN24_31536","No other reason"
"GEN24_31537","VFR"
"GEN24_31543","Business"
"GEN24_31543","Education"
"GEN24_31550","No other reason"
"GEN24_31560","Holiday / vacation"
"GEN24_31573","Holiday / vacation"
"GEN24_31576","No other reason"
"GEN24_31581","Holiday / vacation"
"GEN24_31596","No other reason"
"GEN24_31599","Other"
"GEN24_31603","No other reason"
"GEN24_31605","No other reason"
"GEN24_31610","Holiday / vacation"
"GEN24_31612","Holiday / vacation"
"GEN24_31622","No other reason"
"GEN24_31626","No other reason"
"GEN24_31628","Holiday / vacation"
"GEN24_31631","No other reason"
"GEN24_31644","No other reason"
"GEN24_31649","No other reason"
"GEN24_31651","No other reason"
"GEN24_31661","No other reason"
"GEN24_31670","No other reason"
"GEN24_31672","No other reason"
"GEN24_31674","Holiday / vacation"
"GEN24_31675","Conference / convention"
"GEN24_31675","Education"
"GEN24_31677","No other reason"
"GEN24_31680","No other reason"
"GEN24_31688","Holiday / vacation"
"GEN24_31691","No other reason"
"GEN24_31697","Holiday / vacation"
"GEN24_31708","Holiday / vacation"
"GEN24_31715","No other reason"
"GEN24_31716","Education"
"GEN24_31717","Holiday / vacation"
"GEN24_31726","Holiday / vacation"
"GEN24_31730","No other reason"
"GEN24_31739","No other reason"
"GEN24_31742","No other reason"
"GEN24_31746","Conference / convention"
"GEN24_31748","VFR"
"GEN24_31749","Holiday / vacation"
"GEN24_31751","VFR"
"GEN24_31754","Holiday / vacation"
"GEN24_31772","No other reason"
"GEN24_31773","Holiday / vacation"
"GEN24_31775","No other reason"
"GEN24_31785","No other reason"
"GEN24_31794","No other reason"
"GEN24_31795","No other reason"
"GEN24_31802","No other reason"
"GEN24_31805","No other reason"
"GEN24_31807","No other reason"
"GEN24_31814","VFR"
"GEN24_31816","No other reason"
"GEN24_31818","No other reason"
"GEN24_31825","Other"
"GEN24_31850","No other reason"
"GEN24_31852","No other reason"
"GEN24_31854","VFR"
"GEN24_31855","Other"
"GEN24_31886","No other reason"
"GEN24_31889","Education"
"GEN24_31893","No other reason"
"GEN24_31901","No other reason"
"GEN24_31903","Holiday / vacation"
"GEN24_31906","No other reason"
"GEN24_31915","No other reason"
"GEN24_31919","No other reason"
"GEN24_31927","No other reason"
"GEN24_31933","VFR"
"GEN24_31936","VFR"
"GEN24_31940","Holiday / vacation"
"GEN24_31943","Holiday / vacation"
"GEN24_31945","Holiday / vacation"
"GEN24_31955","No other reason"
"GEN24_31958","Other"
"GEN24_31979","No other reason"
"GEN24_31980","VFR"
"GEN24_31986","No other reason"
"GEN24_31992","Holiday / vacation"
"GEN24_31997","No other reason"
"GEN24_31998","No other reason"
"GEN24_31999","No other reason"
"GEN24_32003","No other reason"
"GEN24_32005","No other reason"
"GEN24_32007","No other reason"
"GEN24_32008","No other reason"
"GEN24_32010","No other reason"
"GEN24_32012","No other reason"
"GEN24_32015","Holiday / vacation"
"GEN24_32017","No other reason"
"GEN24_32026","VFR"
"GEN24_32027","Holiday / vacation"
"GEN24_32034","No other reason"
"GEN24_32035","Holiday / vacation"
"GEN24_32051","No other reason"
"GEN24_32058","No other reason"
"GEN24_32061","No other reason"
"GEN24_32062","Holiday / vacation"
"GEN24_32063","No other reason"
"GEN24_32064","VFR"
"GEN24_32066","No other reason"
"GEN24_32068","Holiday / vacation"
"GEN24_32073","Business"
"GEN24_32074","No other reason"
"GEN24_32082","No other reason"
"GEN24_32086","Holiday / vacation"
"GEN24_32088","No other reason"
"GEN24_32109","Other"
"GEN24_32114","No other reason"
"GEN24_32118","VFR"
"GEN24_32124","No other reason"
"GEN24_32135","No other reason"
"GEN24_32140","No other reason"
"GEN24_32142","VFR"
"GEN24_32148","Holiday / vacation"
"GEN24_32163","No other reason"
"GEN24_32167","Education"
"GEN24_32169","Holiday / vacation"
"GEN24_32175","No other reason"
"GEN24_32184","Holiday / vacation"
"GEN24_32186","No other reason"
"GEN24_32189","No other reason"
"GEN24_32191","Holiday / vacation"
"GEN24_32205","No other reason"
"GEN24_32226","Holiday / vacation"
"GEN24_32247","No other reason"
"GEN24_32257","No other reason"
"GEN24_32280","No other reason"
"GEN24_32290","No other reason"
"GEN24_32309","No other reason"
"GEN24_32332","Holiday / vacation"
"GEN24_32342","No other reason"
"GEN24_32344","No other reason"
"GEN24_32364","No other reason"
"GEN24_32383","Other"
"GEN24_32396","No other reason"
"GEN24_32404","No other reason"
"GEN24_32422","Education"
"GEN24_32427","No other reason"
"GEN24_32440","Holiday / vacation"
"GEN24_32452","No other reason"
"GEN24_32468","No other reason"
"GEN24_32490","No other reason"
"GEN24_32551","No other reason"
"GEN24_32556","No other reason"
"GEN24_32580","Other"
"GEN24_32582","Other"
"GEN24_32595","Holiday / vacation"
"GEN24_32595","VFR"
"GEN24_32596","VFR"
"GEN24_32624","No other reason"
"GEN24_32654","Holiday / vacation"
"GEN24_32676","No other reason"
"GEN24_32680","No other reason"
"GEN24_32685","Holiday / vacation"
"GEN24_32685","VFR"
"GEN24_32687","VFR"
"GEN24_32708","No other reason"
"GEN24_32773","Holiday / vacation"
"GEN24_32823","No other reason"
"GEN24_32841","No other reason"
"GEN24_32842","No other reason"
"GEN24_32866","No other reason"
"GEN24_32867","Holiday / vacation"
"GEN24_32874","Holiday / vacation"
"GEN24_32894","VFR"
"GEN24_32901","No other reason"
"GEN24_32902","Holiday / vacation"
"GEN24_32910","Holiday / vacation"
"GEN24_32923","No other reason"
"GEN24_32935","No other reason"
"GEN24_32947","VFR"
"GEN24_32949","Other"
"GEN24_32955","No other reason"
"GEN24_32974","No other reason"
"GEN24_32979","No other reason"
"GEN24_32980","Holiday / vacation"
"GEN24_32985","No other reason"
"GEN24_33022","Holiday / vacation"
"GEN24_33048","No other reason"
"GEN24_33054","Business"
"GEN24_33067","No other reason"
"GEN24_33078","No other reason"
"GEN24_33080","Business"
"GEN24_33084","Other"
"GEN24_33115","Education"
"GEN24_900020","Holiday / vacation"
"GEN24_900026","Holiday / vacation"
"GEN24_900034","No other reason"
"Gen2_10067","Education"
"Gen2_10070","No other reason"
"Gen2_10077","No other reason"
"Gen2_10078","Holiday / vacation"
"Gen2_10081","No other reason"
"Gen2_10085","No other reason"
"Gen2_1009","No other reason"
"Gen2_10106","Conference / convention"
"Gen2_10106","Education"
"Gen2_1012","No other reason"
"Gen2_10122","No other reason"
"Gen2_10127","Education"
"Gen2_10129","VFR"
"Gen2_10137","No other reason"
"Gen2_10143","Other"
"Gen2_10145","Holiday / vacation"
"Gen2_10150","VFR"
"Gen2_10159","No other reason"
"Gen2_10164","No other reason"
"Gen2_10166","No other reason"
"Gen2_10175","VFR"
"Gen2_10176","Business"
"Gen2_10176","Holiday / vacation"
"Gen2_10180","VFR"
"Gen2_10183","Other"
"Gen2_10184","Holiday / vacation"
"Gen2_10186","No other reason"
"Gen2_102","No other reason"
"Gen2_10212","No other reason"
"Gen2_10216","Other"
"Gen2_10217","Holiday / vacation"
"Gen2_10223","No other reason"
"Gen2_10229","No other reason"
"Gen2_10232","Other"
"Gen2_10232","VFR"
"Gen2_10234","No other reason"
"Gen2_10235","No other reason"
"Gen2_10244","No other reason"
"Gen2_10246","No other reason"
"Gen2_10249","VFR"
"Gen2_10250","No other reason"
"Gen2_10258","No other reason"
"Gen2_10261","No other reason"
"Gen2_10263","No other reason"
"Gen2_1028","No other reason"
"Gen2_10281","VFR"
"Gen2_10283","VFR"
"Gen2_10284","No other reason"
"Gen2_10288","No other reason"
"Gen2_10292","Other"
"Gen2_10294","No other reason"
"Gen2_10307","Business"
"Gen2_10307","Holiday / vacation"
"Gen2_10324","No other reason"
"Gen2_10332","Business"
"Gen2_10332","Holiday / vacation"
"Gen2_10336","No other reason"
"Gen2_10337","Conference / convention"
"Gen2_10337","Holiday / vacation"
"Gen2_10337","VFR"
"Gen2_10346","Other"
"Gen2_10350","Other"
"Gen2_10375","VFR"
"Gen2_10391","Holiday / vacation"
"Gen2_10411","No other reason"
"Gen2_10423","Holiday / vacation"
"Gen2_10446","VFR"
"Gen2_10451","No other reason"
"Gen2_10456","Holiday / vacation"
"Gen2_10469","VFR"
"Gen2_10470","Other"
"Gen2_10479","Other"
"Gen2_10492","No other reason"
"Gen2_10504","Holiday / vacation"
"Gen2_10505","No other reason"
"Gen2_10511","VFR"
"Gen2_10518","No other reason"
"Gen2_10534","No other reason"
"Gen2_10536","No other reason"
"Gen2_10540","No other reason"
"Gen2_10553","No other reason"
"Gen2_10555","No other reason"
"Gen2_10558","No other reason"
"Gen2_10560","Other"
"Gen2_10563","No other reason"
"Gen2_10572","Other"
"Gen2_10574","No other reason"
"Gen2_10586","No other reason"
"Gen2_10588","VFR"
"Gen2_10600","Holiday / vacation"
"Gen2_10603","Education"
"Gen2_10603","Holiday / vacation"
"Gen2_10606","VFR"
"Gen2_10611","No other reason"
"Gen2_10615","No other reason"
"Gen2_10618","No other reason"
"Gen2_10624","No other reason"
"Gen2_10646","Holiday / vacation"
"Gen2_10662","No other reason"
"Gen2_10665","No other reason"
"Gen2_10669","No other reason"
"Gen2_10673","Holiday / vacation"
"Gen2_10708","Holiday / vacation"
"Gen2_10725","No other reason"
"Gen2_10729","Holiday / vacation"
"Gen2_10731","Holiday / vacation"
"Gen2_10750","No other reason"
"Gen2_10755","No other reason"
"Gen2_10762","No other reason"
"Gen2_10763","Holiday / vacation"
"Gen2_10765","Business"
"Gen2_10765","Conference / convention"
"Gen2_10765","Holiday / vacation"
"Gen2_10765","VFR"
"Gen2_10769","No other reason"
"Gen2_10779","No other reason"
"Gen2_10802","No other reason"
"Gen2_10815","No other reason"
"Gen2_10822","No other reason"
"Gen2_10826","No other reason"
"Gen2_10832","No other reason"
"Gen2_10837","Holiday / vacation"
"Gen2_10839","No other reason"
"Gen2_10843","Holiday / vacation"
"Gen2_10851","Holiday / vacation"
"Gen2_10854","Other"
"Gen2_10874","No other reason"
"Gen2_10875","No other reason"
"Gen2_10876","No other reason"
"Gen2_10879","No other reason"
"Gen2_10880","Education"
"Gen2_10881","No other reason"
"Gen2_10885","No other reason"
"Gen2_10894","No other reason"
"Gen2_10895","No other reason"
"Gen2_10901","No other reason"
"Gen2_10903","No other reason"
"Gen2_10907","VFR"
"Gen2_10909","No other reason"
"Gen2_10910","No other reason"
"Gen2_10911","No other reason"
"Gen2_10913","No other reason"
"Gen2_10931","No other reason"
"Gen2_10935","Other"
"Gen2_10947","No other reason"
"Gen2_10951","No other reason"
"Gen2_10953","No other reason"
"Gen2_10958","Holiday / vacation"
"Gen2_10968","Other"
"Gen2_10968","VFR"
"Gen2_10988","Other"
"Gen2_10992","No other reason"
"Gen2_10994","No other reason"
"Gen2_11005","VFR"
"Gen2_11012","No other reason"
"Gen2_11021","No other reason"
"Gen2_11049","No other reason"
"Gen2_11056","No other reason"
"Gen2_11064","No other reason"
"Gen2_11083","No other reason"
"Gen2_11090","Holiday / vacation"
"Gen2_11091","Conference / convention"
"Gen2_11096","VFR"
"Gen2_11102","Holiday / vacation"
"Gen2_11104","No other reason"
"Gen2_1111","No other reason"
"Gen2_11110","No other reason"
"Gen2_11114","No other reason"
"Gen2_11118","Holiday / vacation"
"Gen2_11122","No other reason"
"Gen2_11127","No other reason"
"Gen2_11130","Holiday / vacation"
"Gen2_11136","Holiday / vacation"
"Gen2_11136","VFR"
"Gen2_11139","Holiday / vacation"
"Gen2_11152","No other reason"
"Gen2_11153","No other reason"
"Gen2_11154","VFR"
"Gen2_11159","Other"
"Gen2_11167","Holiday / vacation"
"Gen2_11168","Holiday / vacation"
"Gen2_11170","Other"
"Gen2_11181","No other reason"
"Gen2_11192","No other reason"
"Gen2_11199","No other reason"
"Gen2_11208","No other reason"
"Gen2_11210","No other reason"
"Gen2_11217","Education"
"Gen2_11217","Other"
"Gen2_11224","No other reason"
"Gen2_11231","Holiday / vacation"
"Gen2_11245","No other reason"
"Gen2_11254","No other reason"
"Gen2_11257","No other reason"
"Gen2_11274","No other reason"
"Gen2_11284","No other reason"
"Gen2_11292","No other reason"
"Gen2_11298","No other reason"
"Gen2_113","No other reason"
"Gen2_11319","No other reason"
"Gen2_11327","No other reason"
"Gen2_11331","No other reason"
"Gen2_11333","No other reason"
"Gen2_11337","Other"
"Gen2_11338","Holiday / vacation"
"Gen2_11346","Business"
"Gen2_11348","VFR"
"Gen2_11359","No other reason"
"Gen2_11362","VFR"
"Gen2_11387","Other"
"Gen2_11402","Holiday / vacation"
"Gen2_11405","No other reason"
"Gen2_11412","No other reason"
"Gen2_11416","No other reason"
"Gen2_11418","Holiday / vacation"
"Gen2_11421","VFR"
"Gen2_11428","No other reason"
"Gen2_11429","No other reason"
"Gen2_11430","No other reason"
"Gen2_11437","Holiday / vacation"
"Gen2_11450","Holiday / vacation"
"Gen2_11456","Other"
"Gen2_11480","Other"
"Gen2_11490","No other reason"
"Gen2_11501","No other reason"
"Gen2_11521","Holiday / vacation"
"Gen2_11532","Holiday / vacation"
"Gen2_11534","No other reason"
"Gen2_11539","No other reason"
"Gen2_11542","No other reason"
"Gen2_11543","Holiday / vacation"
"Gen2_11545","No other reason"
"Gen2_11546","VFR"
"Gen2_11554","Other"
"Gen2_11556","Conference / convention"
"Gen2_11573","No other reason"
"Gen2_11592","No other reason"
"Gen2_11594","No other reason"
"Gen2_11601","No other reason"
"Gen2_1161","No other reason"
"Gen2_11622","VFR"
"Gen2_11626","No other reason"
"Gen2_11632","Conference / convention"
"Gen2_11633","VFR"
"Gen2_11637","No other reason"
"Gen2_11638","No other reason"
"Gen2_11643","No other reason"
"Gen2_11645","No other reason"
"Gen2_11649","No other reason"
"Gen2_11650","No other reason"
"Gen2_11656","Holiday / vacation"
"Gen2_11659","No other reason"
"Gen2_11667","Education"
"Gen2_11672","Holiday / vacation"
"Gen2_11678","No other reason"
"Gen2_11680","No other reason"
"Gen2_11684","No other reason"
"Gen2_11692","Holiday / vacation"
"Gen2_11707","Holiday / vacation"
"Gen2_11718","Holiday / vacation"
"Gen2_11720","Holiday / vacation"
"Gen2_11723","Education"
"Gen2_11725","No other reason"
"Gen2_11726","No other reason"
"Gen2_11735","Holiday / vacation"
"Gen2_11736","Other"
"Gen2_11740","Business"
"Gen2_11742","Other"
"Gen2_11744","VFR"
"Gen2_11753","VFR"
"Gen2_11760","Holiday / vacation"
"Gen2_11761","No other reason"
"Gen2_11762","No other reason"
"Gen2_11771","No other reason"
"Gen2_11772","VFR"
"Gen2_11775","No other reason"
"Gen2_11782","VFR"
"Gen2_11788","No other reason"
"Gen2_11791","Holiday / vacation"
"Gen2_11796","Business"
"Gen2_11796","Other"
"Gen2_11798","No other reason"
"Gen2_11800","No other reason"
"Gen2_11803","No other reason"
"Gen2_11812","Holiday / vacation"
"Gen2_11822","No other reason"
"Gen2_11825","VFR"
"Gen2_11826","No other reason"
"Gen2_11840","Holiday / vacation"
"Gen2_11847","VFR"
"Gen2_11864","No other reason"
"Gen2_11878","Holiday / vacation"
"Gen2_11882","No other reason"
"Gen2_11886","VFR"
"Gen2_11888","Other"
"Gen2_11895","Holiday / vacation"
"Gen2_11896","No other reason"
"Gen2_11898","No other reason"
"Gen2_11903","No other reason"
"Gen2_11905","No other reason"
"Gen2_11908","No other reason"
"Gen2_11909","No other reason"
"Gen2_11919","Other"
"Gen2_11927","No other reason"
"Gen2_11928","No other reason"
"Gen2_11930","VFR"
"Gen2_11935","No other reason"
"Gen2_11938","No other reason"
"Gen2_11939","Holiday / vacation"
"Gen2_11962","VFR"
"Gen2_11963","Holiday / vacation"
"Gen2_11965","VFR"
"Gen2_11968","No other reason"
"Gen2_11970","Holiday / vacation"
"Gen2_11979","No other reason"
"Gen2_11984","No other reason"
"Gen2_11990","Holiday / vacation"
"Gen2_11993","No other reason"
"Gen2_12003","VFR"
"Gen2_12013","No other reason"
"Gen2_12015","No other reason"
"Gen2_12016","No other reason"
"Gen2_12022","Holiday / vacation"
"Gen2_12024","Holiday / vacation"
"Gen2_12025","VFR"
"Gen2_12031","Other"
"Gen2_12033","No other reason"
"Gen2_12040","No other reason"
"Gen2_12041","No other reason"
"Gen2_12043","Other"
"Gen2_12045","No other reason"
"Gen2_12052","No other reason"
"Gen2_12053","No other reason"
"Gen2_1215","Holiday / vacation"
"Gen2_1266","VFR"
"Gen2_1268","No other reason"
"Gen2_1299","No other reason"
"Gen2_1355","No other reason"
"Gen2_1370","No other reason"
"Gen2_1409","Holiday / vacation"
"Gen2_1468","No other reason"
"Gen2_152","No other reason"
"Gen2_1524","No other reason"
"Gen2_1574","No other reason"
"Gen2_1603","No other reason"
"Gen2_1605","No other reason"
"Gen2_1614","VFR"
"Gen2_1631","No other reason"
"Gen2_1658","No other reason"
"Gen2_1690","No other reason"
"Gen2_1693","No other reason"
"Gen2_1699","No other reason"
"Gen2_1701","No other reason"
"Gen2_1711","No other reason"
"Gen2_1764","No other reason"
"Gen2_1776","VFR"
"Gen2_1837","No other reason"
"Gen2_1881","Conference / convention"
"Gen2_1881","Holiday / vacation"
"Gen2_1899","No other reason"
"Gen2_1909","No other reason"
"Gen2_1916","VFR"
"Gen2_193","No other reason"
"Gen2_1994","No other reason"
"Gen2_1998","No other reason"
"Gen2_2029","No other reason"
"Gen2_220","No other reason"
"Gen2_2275","VFR"
"Gen2_2304","Holiday / vacation"
"Gen2_2390","No other reason"
"Gen2_269","Holiday / vacation"
"Gen2_45","No other reason"
"Gen2_511","VFR"
"Gen2_591","No other reason"
"Gen2_663","No other reason"
"Gen2_684","VFR"
"Gen2_78","No other reason"
"Gen2_797","VFR"
"Gen2_83","No other reason"
"Gen2_85","VFR"
"Gen2_860","No other reason"
"Gen2_862","No other reason"
"Gen2_94","No other reason"
