"response_id","drive_yourself","driving_information"
"GEN24_1000426","Yes","I did not receive any information"
"GEN24_1000430","Yes","I did not receive any information"
"GEN24_1000442","No",NA
"GEN24_1000446","Yes","While in New Zealand"
"GEN24_1000447","Yes","I did not receive any information"
"GEN24_1000456","Yes","Before arriving in New Zealand"
"GEN24_1000460","Yes","I did not receive any information"
"GEN24_1000468","Yes","I did not receive any information"
"GEN24_1000472","Yes","I did not receive any information"
"GEN24_1000474","Yes","While in New Zealand"
"GEN24_1000476","Yes","I did not receive any information"
"GEN24_1000481","No",NA
"GEN24_1000484","Yes","Before arriving in New Zealand"
"GEN24_1000484","Yes","While in New Zealand"
"GEN24_1000485","No",NA
"GEN24_1000488","Yes","While in New Zealand"
"GEN24_1000497","No",NA
"GEN24_1000502","No",NA
"GEN24_1000508","Yes","I did not receive any information"
"GEN24_1000510","Yes","I did not receive any information"
"GEN24_1000511","No",NA
"GEN24_1000518","No",NA
"GEN24_1000521","No",NA
"GEN24_1000522","No",NA
"GEN24_1000523","Yes","Before arriving in New Zealand"
"GEN24_1000524","No",NA
"GEN24_1000534","No",NA
"GEN24_1000535","Yes","I did not receive any information"
"GEN24_1000536","No",NA
"GEN24_1000538","No",NA
"GEN24_1000540","Yes","I did not receive any information"
"GEN24_1000542","Yes","While in New Zealand"
"GEN24_1000543","No",NA
"GEN24_1000566","Yes","I did not receive any information"
"GEN24_1000571","Yes","I did not receive any information"
"GEN24_1000574","Yes","I did not receive any information"
"GEN24_1000576","Yes","I did not receive any information"
"GEN24_1000581","No",NA
"GEN24_1000582","Yes","I did not receive any information"
"GEN24_1000589","Yes","I did not receive any information"
"GEN24_1000590","No",NA
"GEN24_1000609","No",NA
"GEN24_1000611","Yes","I did not receive any information"
"GEN24_1000615","No",NA
"GEN24_1000616","Yes","I did not receive any information"
"GEN24_1000621","No",NA
"GEN24_1000622","No",NA
"GEN24_1000624","Yes","Before arriving in New Zealand"
"GEN24_1000625","Yes","While in New Zealand"
"GEN24_1000626","Yes","I did not receive any information"
"GEN24_1000637","Yes","I did not receive any information"
"GEN24_1000649","Yes","Before arriving in New Zealand"
"GEN24_1000649","Yes","While in New Zealand"
"GEN24_1000650","Yes","While in New Zealand"
"GEN24_1000653","Yes","While in New Zealand"
"GEN24_1000655","No",NA
"GEN24_1000660","Yes","I did not receive any information"
"GEN24_1000662","No",NA
"GEN24_1000664","Yes","I did not receive any information"
"GEN24_1000669","Yes","I did not receive any information"
"GEN24_1000671","No",NA
"GEN24_1000674","No",NA
"GEN24_1000676","Yes","I did not receive any information"
"GEN24_1000677","Yes","Before arriving in New Zealand"
"GEN24_1000691","No",NA
"GEN24_1000693","Yes","I did not receive any information"
"GEN24_1000697","Yes","I did not receive any information"
"GEN24_1000700","Yes","While in New Zealand"
"GEN24_1000706","Yes","I did not receive any information"
"GEN24_1000708","Yes","Before arriving in New Zealand"
"GEN24_1000708","Yes","While in New Zealand"
"GEN24_1000711","Yes","Before arriving in New Zealand"
"GEN24_1000713","Yes","While in New Zealand"
"GEN24_1000718","No",NA
"GEN24_1000720","Yes","I did not receive any information"
"GEN24_1000729","Yes","Before arriving in New Zealand"
"GEN24_1000731","Yes","I did not receive any information"
"GEN24_1000739","Yes","While in New Zealand"
"GEN24_1000746","Yes","While in New Zealand"
"GEN24_1000748","Yes","While in New Zealand"
"GEN24_1000760","No",NA
"GEN24_1000778","No",NA
"GEN24_1000781","Yes","I did not receive any information"
"GEN24_1000783","Yes","I did not receive any information"
"GEN24_1000788","No",NA
"GEN24_1000789","No",NA
"GEN24_1000790","Yes","I did not receive any information"
"GEN24_1000791","Yes","Before arriving in New Zealand"
"GEN24_1000793","No",NA
"GEN24_1000797","Yes","I did not receive any information"
"GEN24_1000804","No",NA
"GEN24_1000823","No",NA
"GEN24_1000824","No",NA
"GEN24_1000826","Yes","I did not receive any information"
"GEN24_1000829","Yes","I did not receive any information"
"GEN24_1000852","Yes","I did not receive any information"
"GEN24_1000853","No",NA
"GEN24_1000868","Yes","I did not receive any information"
"GEN24_1000869","Yes","I did not receive any information"
"GEN24_1000871","Yes","While in New Zealand"
"GEN24_1000877","No",NA
"GEN24_1000879","No",NA
"GEN24_1000884","Yes","I did not receive any information"
"GEN24_1000890","No",NA
"GEN24_1000900","Yes","I did not receive any information"
"GEN24_1000902","No",NA
"GEN24_1000904","Yes","While in New Zealand"
"GEN24_1000907","Yes","While in New Zealand"
"GEN24_1000927","Yes","Before arriving in New Zealand"
"GEN24_1000928","No",NA
"GEN24_1000945","Yes","I did not receive any information"
"GEN24_1000948","Yes","I did not receive any information"
"GEN24_1000963","Yes","I did not receive any information"
"GEN24_1000964","Yes","I did not receive any information"
"GEN24_1000969","Yes","Before arriving in New Zealand"
"GEN24_1000969","Yes","While in New Zealand"
"GEN24_1000970","Yes","Before arriving in New Zealand"
"GEN24_1000977","No",NA
"GEN24_1000982","Yes","I did not receive any information"
"GEN24_1000984","Yes","I did not receive any information"
"GEN24_1000989","No",NA
"GEN24_1000991","Yes","I did not receive any information"
"GEN24_1000998","Yes","I did not receive any information"
"GEN24_1001003","Yes","I did not receive any information"
"GEN24_1001004","No",NA
"GEN24_1001018","Yes","I did not receive any information"
"GEN24_1001020","Yes","I did not receive any information"
"GEN24_1001021","Yes","I did not receive any information"
"GEN24_1001023","Yes","Before arriving in New Zealand"
"GEN24_1001023","Yes","While in New Zealand"
"GEN24_1001027","Yes","I did not receive any information"
"GEN24_1001038","Yes","I did not receive any information"
"GEN24_1001043","No",NA
"GEN24_1001047","Yes","I did not receive any information"
"GEN24_1001060","Yes","I did not receive any information"
"GEN24_1001061","Yes","I did not receive any information"
"GEN24_1001065","No",NA
"GEN24_1001068","Yes","While in New Zealand"
"GEN24_1001077","Yes","I did not receive any information"
"GEN24_1001083","Yes","Before arriving in New Zealand"
"GEN24_1001088","Yes","I did not receive any information"
"GEN24_1001089","No",NA
"GEN24_1001090","Yes","I did not receive any information"
"GEN24_1001094","No",NA
"GEN24_1001100","No",NA
"GEN24_1001106","Yes","While in New Zealand"
"GEN24_1001111","Yes","I did not receive any information"
"GEN24_1001112","Yes","I did not receive any information"
"GEN24_1001113","Yes","I did not receive any information"
"GEN24_1001116","Yes","I did not receive any information"
"GEN24_1001125","No",NA
"GEN24_1001130","Yes","I did not receive any information"
"GEN24_1001135","No",NA
"GEN24_1001139","Yes","I did not receive any information"
"GEN24_1001148","Yes","I did not receive any information"
"GEN24_1001151","Yes","I did not receive any information"
"GEN24_1001158","Yes","I did not receive any information"
"GEN24_1001160","Yes","I did not receive any information"
"GEN24_1001161","Yes","Before arriving in New Zealand"
"GEN24_1001168","Yes","While in New Zealand"
"GEN24_1001169","Yes","While in New Zealand"
"GEN24_1001170","Yes","I did not receive any information"
"GEN24_1001176","Yes","Before arriving in New Zealand"
"GEN24_1001178","No",NA
"GEN24_1001182","No",NA
"GEN24_1001187","Yes","I did not receive any information"
"GEN24_1001188","No",NA
"GEN24_1001191","Yes","I did not receive any information"
"GEN24_1001192","No",NA
"GEN24_1001201","Yes","While in New Zealand"
"GEN24_1001209","Yes","I did not receive any information"
"GEN24_1001221","Yes","I did not receive any information"
"GEN24_1001226","Yes","While in New Zealand"
"GEN24_1001228","No",NA
"GEN24_1001234","Yes","I did not receive any information"
"GEN24_1001245","Yes","Before arriving in New Zealand"
"GEN24_1001248","Yes","I did not receive any information"
"GEN24_1001253","No",NA
"GEN24_1001256","No",NA
"GEN24_1001257","Yes","I did not receive any information"
"GEN24_1001258","No",NA
"GEN24_1001262","Yes","While in New Zealand"
"GEN24_1001277","Yes","While in New Zealand"
"GEN24_1001281","No",NA
"GEN24_1001282","Yes","While in New Zealand"
"GEN24_1001313","Yes","While in New Zealand"
"GEN24_1001315","Yes","I did not receive any information"
"GEN24_1001316","Yes","While in New Zealand"
"GEN24_1001325","Yes","I did not receive any information"
"GEN24_1001332","Yes","While in New Zealand"
"GEN24_1001336","Yes","I did not receive any information"
"GEN24_1001338","Yes","I did not receive any information"
"GEN24_1001350","Yes","I did not receive any information"
"GEN24_1001362","Yes","I did not receive any information"
"GEN24_1001367","Yes","I did not receive any information"
"GEN24_1001370","No",NA
"GEN24_1001385","Yes","I did not receive any information"
"GEN24_1001386","Yes","I did not receive any information"
"GEN24_1001406","No",NA
"GEN24_1001407","No",NA
"GEN24_1001411","Yes","I did not receive any information"
"GEN24_1001412","Yes","I did not receive any information"
"GEN24_1001423","Yes","Before arriving in New Zealand"
"GEN24_1001431","No",NA
"GEN24_1001434","Yes","I did not receive any information"
"GEN24_1001440","No",NA
"GEN24_1001447","No",NA
"GEN24_1001450","No",NA
"GEN24_1001465","No",NA
"GEN24_1001478","Yes","I did not receive any information"
"GEN24_1001481","Yes","Before arriving in New Zealand"
"GEN24_1001485","Yes","I did not receive any information"
"GEN24_1001488","Yes","Before arriving in New Zealand"
"GEN24_1001493","Yes","I did not receive any information"
"GEN24_1001507","Yes","I did not receive any information"
"GEN24_1001511","Yes","Before arriving in New Zealand"
"GEN24_1001514","Yes","Before arriving in New Zealand"
"GEN24_1001515","Yes","I did not receive any information"
"GEN24_1001519","Yes","I did not receive any information"
"GEN24_1001520","Yes","I did not receive any information"
"GEN24_1001524","Yes","I did not receive any information"
"GEN24_1001526","No",NA
"GEN24_1001527","Yes","Before arriving in New Zealand"
"GEN24_1001527","Yes","While in New Zealand"
"GEN24_1001534","Yes","I did not receive any information"
"GEN24_1001540","Yes","Before arriving in New Zealand"
"GEN24_1001542","Yes","I did not receive any information"
"GEN24_1001543","No",NA
"GEN24_1001547","Yes","Before arriving in New Zealand"
"GEN24_1001548","Yes","I did not receive any information"
"GEN24_1001557","Yes","I did not receive any information"
"GEN24_1001558","Yes","I did not receive any information"
"GEN24_1001560","Yes","I did not receive any information"
"GEN24_1001562","Yes","Before arriving in New Zealand"
"GEN24_1001566","Yes","Before arriving in New Zealand"
"GEN24_1001569","Yes","Before arriving in New Zealand"
"GEN24_1001571","No",NA
"GEN24_1001572","Yes","I did not receive any information"
"GEN24_1001579","Yes","While in New Zealand"
"GEN24_1001587","No",NA
"GEN24_1001600","Yes","I did not receive any information"
"GEN24_1001610","Yes","I did not receive any information"
"GEN24_1001613","No",NA
"GEN24_1001615","Yes","I did not receive any information"
"GEN24_1001622","Yes","I did not receive any information"
"GEN24_1001623","Yes","I did not receive any information"
"GEN24_1001624","Yes","Before arriving in New Zealand"
"GEN24_1001624","Yes","While in New Zealand"
"GEN24_1001637","Yes","While in New Zealand"
"GEN24_1001641","Yes","Before arriving in New Zealand"
"GEN24_1001651","Yes","Before arriving in New Zealand"
"GEN24_1001666","No",NA
"GEN24_1001667","Yes","Before arriving in New Zealand"
"GEN24_1001669","No",NA
"GEN24_1001670","Yes","I did not receive any information"
"GEN24_1001671","Yes","I did not receive any information"
"GEN24_1001675","Yes","I did not receive any information"
"GEN24_1001683","Yes","Before arriving in New Zealand"
"GEN24_1001683","Yes","While in New Zealand"
"GEN24_1001688","Yes","Before arriving in New Zealand"
"GEN24_1001693","No",NA
"GEN24_1001696","Yes","Before arriving in New Zealand"
"GEN24_1001697","No",NA
"GEN24_1001700","Yes","I did not receive any information"
"GEN24_1001701","Yes","Before arriving in New Zealand"
"GEN24_1001702","No",NA
"GEN24_1001705","Yes","I did not receive any information"
"GEN24_1001711","Yes","Before arriving in New Zealand"
"GEN24_1001711","Yes","While in New Zealand"
"GEN24_1001717","Yes","While in New Zealand"
"GEN24_1001718","Yes","While in New Zealand"
"GEN24_1001727","Yes","While in New Zealand"
"GEN24_1001728","Yes","Before arriving in New Zealand"
"GEN24_1001738","Yes","I did not receive any information"
"GEN24_1001740","Yes","I did not receive any information"
"GEN24_1001742","Yes","While in New Zealand"
"GEN24_1001746","No",NA
"GEN24_1001747","No",NA
"GEN24_1001749","Yes","I did not receive any information"
"GEN24_1001757","Yes","While in New Zealand"
"GEN24_1001758","No",NA
"GEN24_1001763","Yes","Before arriving in New Zealand"
"GEN24_1001765","Yes","Before arriving in New Zealand"
"GEN24_1001766","Yes","I did not receive any information"
"GEN24_1001771","Yes","I did not receive any information"
"GEN24_1001773","Yes","Before arriving in New Zealand"
"GEN24_1001775","Yes","Before arriving in New Zealand"
"GEN24_1001779","No",NA
"GEN24_1001782","No",NA
"GEN24_1001785","Yes","I did not receive any information"
"GEN24_1001790","Yes","Before arriving in New Zealand"
"GEN24_1001791","Yes","Before arriving in New Zealand"
"GEN24_1001791","Yes","While in New Zealand"
"GEN24_1001793","Yes","I did not receive any information"
"GEN24_1001794","Yes","I did not receive any information"
"GEN24_1001796","Yes","I did not receive any information"
"GEN24_1001797","Yes","I did not receive any information"
"GEN24_1001798","No",NA
"GEN24_1001803","No",NA
"GEN24_1001805","Yes","I did not receive any information"
"GEN24_1001806","Yes","I did not receive any information"
"GEN24_1001809","Yes","I did not receive any information"
"GEN24_1001810","Yes","Before arriving in New Zealand"
"GEN24_1001811","Yes","I did not receive any information"
"GEN24_1001813","Yes","Before arriving in New Zealand"
"GEN24_1001818","Yes","Before arriving in New Zealand"
"GEN24_1001819","Yes","I did not receive any information"
"GEN24_1001822","No",NA
"GEN24_1001826","No",NA
"GEN24_1001841","Yes","I did not receive any information"
"GEN24_1001843","Yes","I did not receive any information"
"GEN24_1001844","No",NA
"GEN24_1001852","No",NA
"GEN24_1001853","Yes","I did not receive any information"
"GEN24_1001854","Yes","I did not receive any information"
"GEN24_1001855","Yes","Before arriving in New Zealand"
"GEN24_1001856","Yes","While in New Zealand"
"GEN24_1001857","Yes","While in New Zealand"
"GEN24_1001862","Yes","While in New Zealand"
"GEN24_1001865","Yes","I did not receive any information"
"GEN24_1001866","Yes","I did not receive any information"
"GEN24_1001872","Yes","I did not receive any information"
"GEN24_1001884","No",NA
"GEN24_1001885","Yes","Before arriving in New Zealand"
"GEN24_1001887","No",NA
"GEN24_1001893","Yes","I did not receive any information"
"GEN24_1001901","Yes","Before arriving in New Zealand"
"GEN24_1001904","Yes","Before arriving in New Zealand"
"GEN24_1001908","No",NA
"GEN24_1001915","No",NA
"GEN24_1001917","Yes","While in New Zealand"
"GEN24_1001918","Yes","Before arriving in New Zealand"
"GEN24_1001924","No",NA
"GEN24_1001930","Yes","While in New Zealand"
"GEN24_1001932","Yes","While in New Zealand"
"GEN24_1001933","Yes","I did not receive any information"
"GEN24_1001934","Yes","I did not receive any information"
"GEN24_1001935","Yes","I did not receive any information"
"GEN24_1001940","Yes","I did not receive any information"
"GEN24_1001943","Yes","I did not receive any information"
"GEN24_1001944","Yes","I did not receive any information"
"GEN24_1001948","Yes","I did not receive any information"
"GEN24_1001951","No",NA
"GEN24_1001955","Yes","I did not receive any information"
"GEN24_1001961","No",NA
"GEN24_1001971","Yes","I did not receive any information"
"GEN24_1001972","Yes","Before arriving in New Zealand"
"GEN24_1001972","Yes","While in New Zealand"
"GEN24_1001975","No",NA
"GEN24_1001976","Yes","While in New Zealand"
"GEN24_1001984","Yes","I did not receive any information"
"GEN24_1001985","No",NA
"GEN24_1001987","Yes","I did not receive any information"
"GEN24_1001988","Yes","I did not receive any information"
"GEN24_1001992","Yes","I did not receive any information"
"GEN24_1001993","No",NA
"GEN24_1002000","Yes","I did not receive any information"
"GEN24_1002003","Yes","I did not receive any information"
"GEN24_1002005","Yes","Before arriving in New Zealand"
"GEN24_1002007","Yes","I did not receive any information"
"GEN24_1002009","Yes","I did not receive any information"
"GEN24_1002010","Yes","While in New Zealand"
"GEN24_1002011","No",NA
"GEN24_1002013","Yes","Before arriving in New Zealand"
"GEN24_1002016","No",NA
"GEN24_1002017","No",NA
"GEN24_1002018","Yes","I did not receive any information"
"GEN24_1002020","Yes","Before arriving in New Zealand"
"GEN24_1002021","Yes","I did not receive any information"
"GEN24_1002022","Yes","While in New Zealand"
"GEN24_1002025","No",NA
"GEN24_1002026","Yes","I did not receive any information"
"GEN24_1002027","Yes","I did not receive any information"
"GEN24_1002031","Yes","I did not receive any information"
"GEN24_1002032","Yes","I did not receive any information"
"GEN24_1002035","Yes","I did not receive any information"
"GEN24_1002039","Yes","While in New Zealand"
"GEN24_1002042","Yes","Before arriving in New Zealand"
"GEN24_1002043","Yes","While in New Zealand"
"GEN24_1002050","No",NA
"GEN24_1002052","Yes","I did not receive any information"
"GEN24_1002065","Yes","I did not receive any information"
"GEN24_1002077","Yes","I did not receive any information"
"GEN24_1002078","Yes","I did not receive any information"
"GEN24_1002079","Yes","I did not receive any information"
"GEN24_1002088","Yes","I did not receive any information"
"GEN24_1002089","No",NA
"GEN24_1002092","Yes","I did not receive any information"
"GEN24_1002093","No",NA
"GEN24_1002094","No",NA
"GEN24_1002095","Yes","I did not receive any information"
"GEN24_1002096","Yes","While in New Zealand"
"GEN24_1002110","No",NA
"GEN24_1002111","Yes","I did not receive any information"
"GEN24_1002114","Yes","I did not receive any information"
"GEN24_1002119","Yes","I did not receive any information"
"GEN24_1002121","Yes","I did not receive any information"
"GEN24_1002122","Yes","I did not receive any information"
"GEN24_1002128","Yes","While in New Zealand"
"GEN24_1002130","Yes","Before arriving in New Zealand"
"GEN24_1002138","Yes","I did not receive any information"
"GEN24_1002147","Yes","Before arriving in New Zealand"
"GEN24_1002149","Yes","I did not receive any information"
"GEN24_1002158","Yes","Before arriving in New Zealand"
"GEN24_1002171","Yes","While in New Zealand"
"GEN24_1002172","Yes","While in New Zealand"
"GEN24_1002200","No",NA
"GEN24_1002201","Yes","Before arriving in New Zealand"
"GEN24_1002211","Yes","I did not receive any information"
"GEN24_1002221","Yes","I did not receive any information"
"GEN24_1002229","Yes","I did not receive any information"
"GEN24_1002231","Yes","While in New Zealand"
"GEN24_1002242","No",NA
"GEN24_1002244","Yes","While in New Zealand"
"GEN24_1002250","Yes","I did not receive any information"
"GEN24_1002251","Yes","I did not receive any information"
"GEN24_1002256","Yes","I did not receive any information"
"GEN24_1002258","Yes","Before arriving in New Zealand"
"GEN24_1002259","Yes","I did not receive any information"
"GEN24_1002279","Yes","Before arriving in New Zealand"
"GEN24_1002284","No",NA
"GEN24_1002298","Yes","I did not receive any information"
"GEN24_1002304","No",NA
"GEN24_1002306","Yes","I did not receive any information"
"GEN24_1002307","No",NA
"GEN24_1002308","Yes","I did not receive any information"
"GEN24_1002312","Yes","I did not receive any information"
"GEN24_1002313","No",NA
"GEN24_1002331","No",NA
"GEN24_1002338","Yes","Before arriving in New Zealand"
"GEN24_1002344","Yes","I did not receive any information"
"GEN24_1002345","No",NA
"GEN24_1002346","Yes","I did not receive any information"
"GEN24_1002353","No",NA
"GEN24_1002354","Yes","I did not receive any information"
"GEN24_1002366","Yes","While in New Zealand"
"GEN24_1002367","Yes","Before arriving in New Zealand"
"GEN24_1002369","No",NA
"GEN24_1002370","Yes","I did not receive any information"
"GEN24_1002372","Yes","I did not receive any information"
"GEN24_1002374","No",NA
"GEN24_1002375","No",NA
"GEN24_1002381","Yes","I did not receive any information"
"GEN24_1002382","No",NA
"GEN24_1002383","No",NA
"GEN24_1002384","Yes","I did not receive any information"
"GEN24_1002396","Yes","While in New Zealand"
"GEN24_1002399","Yes","I did not receive any information"
"GEN24_1002400","Yes","I did not receive any information"
"GEN24_1002403","Yes","I did not receive any information"
"GEN24_1002414","Yes","I did not receive any information"
"GEN24_1002416","Yes","While in New Zealand"
"GEN24_1002426","Yes","While in New Zealand"
"GEN24_1002428","No",NA
"GEN24_1002430","Yes","I did not receive any information"
"GEN24_1002436","No",NA
"GEN24_1002437","Yes","I did not receive any information"
"GEN24_1002438","Yes","I did not receive any information"
"GEN24_1002442","No",NA
"GEN24_1002443","No",NA
"GEN24_1002445","No",NA
"GEN24_1002446","No",NA
"GEN24_1002450","No",NA
"GEN24_1002451","Yes","I did not receive any information"
"GEN24_1002452","No",NA
"GEN24_1002475","Yes","I did not receive any information"
"GEN24_1002478","No",NA
"GEN24_1002488","Yes","While in New Zealand"
"GEN24_1002491","Yes","I did not receive any information"
"GEN24_1002496","No",NA
"GEN24_1002498","Yes","Before arriving in New Zealand"
"GEN24_1002505","Yes","I did not receive any information"
"GEN24_1002507","No",NA
"GEN24_1002509","No",NA
"GEN24_1002510","No",NA
"GEN24_1002514","No",NA
"GEN24_1002519","Yes","While in New Zealand"
"GEN24_1002524","No",NA
"GEN24_1002530","Yes","I did not receive any information"
"GEN24_1002536","Yes","Before arriving in New Zealand"
"GEN24_1002544","Yes","I did not receive any information"
"GEN24_1002546","Yes","I did not receive any information"
"GEN24_1002549","Yes","I did not receive any information"
"GEN24_1002553","Yes","I did not receive any information"
"GEN24_1002554","Yes","I did not receive any information"
"GEN24_1002559","No",NA
"GEN24_1002561","Yes","I did not receive any information"
"GEN24_1002566","No",NA
"GEN24_1002580","Yes","I did not receive any information"
"GEN24_1002582","Yes","Before arriving in New Zealand"
"GEN24_1002583","Yes","I did not receive any information"
"GEN24_1002584","No",NA
"GEN24_1002585","No",NA
"GEN24_1002588","Yes","While in New Zealand"
"GEN24_1002592","Yes","I did not receive any information"
"GEN24_1002593","Yes","I did not receive any information"
"GEN24_1002594","Yes","Before arriving in New Zealand"
"GEN24_1002597","Yes","Before arriving in New Zealand"
"GEN24_1002607","Yes","I did not receive any information"
"GEN24_1002620","Yes","While in New Zealand"
"GEN24_1002627","Yes","I did not receive any information"
"GEN24_1002635","Yes","While in New Zealand"
"GEN24_1002640","No",NA
"GEN24_1002666","No",NA
"GEN24_1002670","Yes","I did not receive any information"
"GEN24_1002671","Yes","While in New Zealand"
"GEN24_1002674","No",NA
"GEN24_1002677","Yes","I did not receive any information"
"GEN24_1002687","No",NA
"GEN24_1002688","Yes","I did not receive any information"
"GEN24_1002694","No",NA
"GEN24_1002707","Yes","Before arriving in New Zealand"
"GEN24_1002717","No",NA
"GEN24_1002725","Yes","I did not receive any information"
"GEN24_1002741","Yes","Before arriving in New Zealand"
"GEN24_1002753","Yes","I did not receive any information"
"GEN24_1002758","Yes","I did not receive any information"
"GEN24_1002760","Yes","I did not receive any information"
"GEN24_1002762","No",NA
"GEN24_1002763","Yes","While in New Zealand"
"GEN24_1002770","Yes","I did not receive any information"
"GEN24_1002771","Yes","I did not receive any information"
"GEN24_1002774","Yes","I did not receive any information"
"GEN24_1002778","Yes","I did not receive any information"
"GEN24_1002786","No",NA
"GEN24_1002794","Yes","I did not receive any information"
"GEN24_1002797","Yes","I did not receive any information"
"GEN24_1002801","Yes",NA
"GEN24_1002803","Yes","I did not receive any information"
"GEN24_1002804","Yes","While in New Zealand"
"GEN24_1002808","Yes","I did not receive any information"
"GEN24_1002813","Yes","I did not receive any information"
"GEN24_1002816","No",NA
"GEN24_1002817","No",NA
"GEN24_1002819","No",NA
"GEN24_1002820","Yes","Before arriving in New Zealand"
"GEN24_1002824","No",NA
"GEN24_1002839","Yes","I did not receive any information"
"GEN24_1002840","Yes","I did not receive any information"
"GEN24_1002848","Yes","I did not receive any information"
"GEN24_1002853","Yes","Before arriving in New Zealand"
"GEN24_1002855","No",NA
"GEN24_1002856","Yes","I did not receive any information"
"GEN24_1002858","Yes","I did not receive any information"
"GEN24_1002860","Yes","I did not receive any information"
"GEN24_1002864","Yes","I did not receive any information"
"GEN24_1002865","No",NA
"GEN24_1002874","No",NA
"GEN24_1002881","Yes","I did not receive any information"
"GEN24_1002882","Yes","While in New Zealand"
"GEN24_1002883","No",NA
"GEN24_1002884","Yes","I did not receive any information"
"GEN24_1002888","Yes","I did not receive any information"
"GEN24_1002889","No",NA
"GEN24_1002892","Yes","I did not receive any information"
"GEN24_1002906","Yes","While in New Zealand"
"GEN24_1002912","Yes","I did not receive any information"
"GEN24_1002920","Yes","I did not receive any information"
"GEN24_1002921","Yes","Before arriving in New Zealand"
"GEN24_1002921","Yes","While in New Zealand"
"GEN24_1002929","Yes","While in New Zealand"
"GEN24_1002932","Yes","While in New Zealand"
"GEN24_1002943","Yes","I did not receive any information"
"GEN24_1002948","No",NA
"GEN24_1002951","Yes","I did not receive any information"
"GEN24_1002960","Yes","Before arriving in New Zealand"
"GEN24_1002971","No",NA
"GEN24_1002974","No",NA
"GEN24_1002978","Yes","Before arriving in New Zealand"
"GEN24_1002981","Yes","I did not receive any information"
"GEN24_1002986","No",NA
"GEN24_1002987","Yes","I did not receive any information"
"GEN24_1002988","No",NA
"GEN24_1002990","Yes","While in New Zealand"
"GEN24_1002997","Yes","While in New Zealand"
"GEN24_1003006","Yes","Before arriving in New Zealand"
"GEN24_1003021","Yes","Before arriving in New Zealand"
"GEN24_1003022","Yes","While in New Zealand"
"GEN24_1003026","No",NA
"GEN24_1003032","Yes","I did not receive any information"
"GEN24_1003042","No",NA
"GEN24_1003047","Yes","I did not receive any information"
"GEN24_1003058","Yes","While in New Zealand"
"GEN24_1003064","Yes","I did not receive any information"
"GEN24_1003072","Yes","I did not receive any information"
"GEN24_1003076","Yes","I did not receive any information"
"GEN24_1003077","No",NA
"GEN24_1003080","Yes","I did not receive any information"
"GEN24_1003081","Yes","I did not receive any information"
"GEN24_1003084","Yes","I did not receive any information"
"GEN24_1003098","Yes","I did not receive any information"
"GEN24_1003107","Yes","Before arriving in New Zealand"
"GEN24_1003107","Yes","While in New Zealand"
"GEN24_1003109","Yes","I did not receive any information"
"GEN24_1003118","Yes","I did not receive any information"
"GEN24_1003129","Yes","While in New Zealand"
"GEN24_1003131","No",NA
"GEN24_1003133","Yes","I did not receive any information"
"GEN24_1003161","No",NA
"GEN24_1003162","Yes","I did not receive any information"
"GEN24_1003175","No",NA
"GEN24_1003176","Yes","Before arriving in New Zealand"
"GEN24_1003176","Yes","While in New Zealand"
"GEN24_1003178","Yes","I did not receive any information"
"GEN24_1003181","Yes","I did not receive any information"
"GEN24_1003185","No",NA
"GEN24_1003189","No",NA
"GEN24_1003202","Yes","I did not receive any information"
"GEN24_1003203","Yes","Before arriving in New Zealand"
"GEN24_1003205","No",NA
"GEN24_1003206","Yes","Before arriving in New Zealand"
"GEN24_1003214","Yes","I did not receive any information"
"GEN24_1003215","Yes","I did not receive any information"
"GEN24_1003216","Yes","I did not receive any information"
"GEN24_1003217","Yes","While in New Zealand"
"GEN24_1003221","No",NA
"GEN24_1003223","Yes","I did not receive any information"
"GEN24_1003231","Yes","I did not receive any information"
"GEN24_1003235","No",NA
"GEN24_1003243","Yes","I did not receive any information"
"GEN24_1003250","Yes","I did not receive any information"
"GEN24_1003257","Yes","I did not receive any information"
"GEN24_1003259","Yes","While in New Zealand"
"GEN24_1003265","Yes","I did not receive any information"
"GEN24_1003268","No",NA
"GEN24_1003273","Yes","I did not receive any information"
"GEN24_1003278","Yes","Before arriving in New Zealand"
"GEN24_1003279","Yes","Before arriving in New Zealand"
"GEN24_1003279","Yes","While in New Zealand"
"GEN24_1003281","No",NA
"GEN24_1003283","Yes","I did not receive any information"
"GEN24_1003297","Yes","While in New Zealand"
"GEN24_1003314","Yes","Before arriving in New Zealand"
"GEN24_1003318","Yes","I did not receive any information"
"GEN24_1003319","No",NA
"GEN24_1003325","Yes","I did not receive any information"
"GEN24_1003337","Yes","Before arriving in New Zealand"
"GEN24_1003338","Yes","I did not receive any information"
"GEN24_1003339","Yes","I did not receive any information"
"GEN24_1003341","Yes","I did not receive any information"
"GEN24_1003354","Yes","I did not receive any information"
"GEN24_1003370","Yes","Before arriving in New Zealand"
"GEN24_1003371","Yes","Before arriving in New Zealand"
"GEN24_1003373","No",NA
"GEN24_1003376","Yes","I did not receive any information"
"GEN24_1003377","Yes","Before arriving in New Zealand"
"GEN24_1003379","Yes","Before arriving in New Zealand"
"GEN24_1003379","Yes","While in New Zealand"
"GEN24_1003387","No",NA
"GEN24_1003394","No",NA
"GEN24_1003398","Yes","I did not receive any information"
"GEN24_1003403","Yes","I did not receive any information"
"GEN24_1003415","Yes","While in New Zealand"
"GEN24_1003430","Yes","I did not receive any information"
"GEN24_1003433","No",NA
"GEN24_1003435","No",NA
"GEN24_1003439","Yes","Before arriving in New Zealand"
"GEN24_1003445","Yes","I did not receive any information"
"GEN24_1003448","Yes","I did not receive any information"
"GEN24_1003449","Yes","Before arriving in New Zealand"
"GEN24_1003456","Yes","I did not receive any information"
"GEN24_1003461","Yes","Before arriving in New Zealand"
"GEN24_1003466","No",NA
"GEN24_1003469","Yes","Before arriving in New Zealand"
"GEN24_1003470","No",NA
"GEN24_1003472","Yes","I did not receive any information"
"GEN24_1003476","No",NA
"GEN24_1003482","Yes","I did not receive any information"
"GEN24_1003486","No",NA
"GEN24_1003491","Yes","I did not receive any information"
"GEN24_1003495","No",NA
"GEN24_1003499","Yes","I did not receive any information"
"GEN24_1003500","No",NA
"GEN24_1003502","No",NA
"GEN24_1003503","Yes","I did not receive any information"
"GEN24_1003508","No",NA
"GEN24_1003509","No",NA
"GEN24_1003510","No",NA
"GEN24_1003513","Yes","I did not receive any information"
"GEN24_1003525","Yes","I did not receive any information"
"GEN24_1003527","Yes","I did not receive any information"
"GEN24_1003537","No",NA
"GEN24_1003538","No",NA
"GEN24_1003542","Yes","Before arriving in New Zealand"
"GEN24_1003549","Yes","I did not receive any information"
"GEN24_1003563","No",NA
"GEN24_1003570","No",NA
"GEN24_1003577","Yes","I did not receive any information"
"GEN24_1003586","No",NA
"GEN24_1003591","Yes","I did not receive any information"
"GEN24_1003599","No",NA
"GEN24_1003611","No",NA
"GEN24_1003622","Yes","Before arriving in New Zealand"
"GEN24_1003627","Yes","Before arriving in New Zealand"
"GEN24_1003629","Yes","I did not receive any information"
"GEN24_1003633","No",NA
"GEN24_1003639","No",NA
"GEN24_1003645","Yes","Before arriving in New Zealand"
"GEN24_1003651","Yes","I did not receive any information"
"GEN24_1003673","Yes","I did not receive any information"
"GEN24_1003674","Yes","Before arriving in New Zealand"
"GEN24_1003678","Yes","I did not receive any information"
"GEN24_1003684","Yes","I did not receive any information"
"GEN24_1003685","No",NA
"GEN24_1003708","No",NA
"GEN24_1003713","Yes","I did not receive any information"
"GEN24_1003722","No",NA
"GEN24_1003724","No",NA
"GEN24_1003726","No",NA
"GEN24_1003728","Yes","I did not receive any information"
"GEN24_1003730","Yes","I did not receive any information"
"GEN24_1003732","No",NA
"GEN24_1003734","Yes","I did not receive any information"
"GEN24_1003735","Yes","While in New Zealand"
"GEN24_1003736","No",NA
"GEN24_1003741","No",NA
"GEN24_1003742","Yes","While in New Zealand"
"GEN24_1003750","Yes","I did not receive any information"
"GEN24_1003753","No",NA
"GEN24_1003756","Yes","I did not receive any information"
"GEN24_1003760","Yes","Before arriving in New Zealand"
"GEN24_1003767","Yes","I did not receive any information"
"GEN24_1003773","No",NA
"GEN24_1003777","Yes","I did not receive any information"
"GEN24_1003781","Yes","I did not receive any information"
"GEN24_1003782","Yes","I did not receive any information"
"GEN24_1003785","Yes","I did not receive any information"
"GEN24_1003794","Yes","I did not receive any information"
"GEN24_1003795","No",NA
"GEN24_1003803","Yes","Before arriving in New Zealand"
"GEN24_1003808","No",NA
"GEN24_1003829","Yes","I did not receive any information"
"GEN24_1003834","No",NA
"GEN24_1003836","Yes","Before arriving in New Zealand"
"GEN24_1003836","Yes","While in New Zealand"
"GEN24_1003844","Yes","I did not receive any information"
"GEN24_1003846","No",NA
"GEN24_1003847","Yes","While in New Zealand"
"GEN24_1003851","No",NA
"GEN24_1003853","Yes","I did not receive any information"
"GEN24_1003857","No",NA
"GEN24_1003865","No",NA
"GEN24_1003893","Yes","I did not receive any information"
"GEN24_1003903","Yes","I did not receive any information"
"GEN24_1003906","No",NA
"GEN24_1003907","Yes","I did not receive any information"
"GEN24_1003909","Yes","I did not receive any information"
"GEN24_1003910","No",NA
"GEN24_1003911","Yes","While in New Zealand"
"GEN24_1003914","Yes","Before arriving in New Zealand"
"GEN24_1003917","Yes","While in New Zealand"
"GEN24_1003920","No",NA
"GEN24_1003926","Yes","I did not receive any information"
"GEN24_1003928","Yes","While in New Zealand"
"GEN24_1003930","Yes","While in New Zealand"
"GEN24_1003947","Yes","I did not receive any information"
"GEN24_1003954","Yes","I did not receive any information"
"GEN24_1003955","Yes","While in New Zealand"
"GEN24_1003960","Yes","I did not receive any information"
"GEN24_1003962","Yes","I did not receive any information"
"GEN24_1003964","No",NA
"GEN24_1003968","Yes","Before arriving in New Zealand"
"GEN24_1003973","Yes","Before arriving in New Zealand"
"GEN24_1003974","Yes","I did not receive any information"
"GEN24_1003975","Yes","Before arriving in New Zealand"
"GEN24_1003976","Yes","I did not receive any information"
"GEN24_1003988","Yes","I did not receive any information"
"GEN24_1003992","Yes","I did not receive any information"
"GEN24_1003994","No",NA
"GEN24_1003998","Can’t remember",NA
"GEN24_1004005","No",NA
"GEN24_1004006","Yes","I did not receive any information"
"GEN24_1004009","Yes","Before arriving in New Zealand"
"GEN24_1004024","Yes","I did not receive any information"
"GEN24_1004033","Yes","I did not receive any information"
"GEN24_1004036","Yes","I did not receive any information"
"GEN24_1004048","Yes","I did not receive any information"
"GEN24_1004061","No",NA
"GEN24_1004073","Yes","I did not receive any information"
"GEN24_1004074","No",NA
"GEN24_1004075","Yes","I did not receive any information"
"GEN24_1004090","No",NA
"GEN24_1004100","No",NA
"GEN24_1004113","No",NA
"GEN24_1004116","Yes","I did not receive any information"
"GEN24_1004119","Yes","I did not receive any information"
"GEN24_1004124","Yes","I did not receive any information"
"GEN24_1004136","Yes","I did not receive any information"
"GEN24_1004147","Yes","I did not receive any information"
"GEN24_1004149","Yes","Before arriving in New Zealand"
"GEN24_1004154","Yes","I did not receive any information"
"GEN24_1004158","Yes","Before arriving in New Zealand"
"GEN24_1004158","Yes","While in New Zealand"
"GEN24_1004161","Yes","I did not receive any information"
"GEN24_1004167","Yes","Before arriving in New Zealand"
"GEN24_1004169","Yes","Before arriving in New Zealand"
"GEN24_1004183","Yes","While in New Zealand"
"GEN24_1004193","Yes","I did not receive any information"
"GEN24_1004196","Yes","Before arriving in New Zealand"
"GEN24_1004198","Yes","While in New Zealand"
"GEN24_1004202","Yes","While in New Zealand"
"GEN24_1004203","Yes","Before arriving in New Zealand"
"GEN24_1004234","Yes","I did not receive any information"
"GEN24_1004239","No",NA
"GEN24_1004244","No",NA
"GEN24_1004245","Yes","Before arriving in New Zealand"
"GEN24_1004250","Yes","I did not receive any information"
"GEN24_1004251","Yes","Before arriving in New Zealand"
"GEN24_1004264","Yes","I did not receive any information"
"GEN24_1004271","No",NA
"GEN24_1004272","Yes","Before arriving in New Zealand"
"GEN24_1004275","No",NA
"GEN24_1004277","Yes","I did not receive any information"
"GEN24_1004279","Yes","I did not receive any information"
"GEN24_1004280","Yes","I did not receive any information"
"GEN24_1004282","Yes","Before arriving in New Zealand"
"GEN24_1004283","Yes","Before arriving in New Zealand"
"GEN24_1004283","Yes","While in New Zealand"
"GEN24_1004291","No",NA
"GEN24_1004293","Yes","I did not receive any information"
"GEN24_1004294","No",NA
"GEN24_1004299","Yes","Before arriving in New Zealand"
"GEN24_1004301","Yes","I did not receive any information"
"GEN24_1004303","No",NA
"GEN24_1004308","Yes","I did not receive any information"
"GEN24_1004317","Yes","I did not receive any information"
"GEN24_1004318","Yes","I did not receive any information"
"GEN24_1004322","No",NA
"GEN24_1004323","Yes","I did not receive any information"
"GEN24_1004339","Yes","I did not receive any information"
"GEN24_1004341","Yes","I did not receive any information"
"GEN24_1004344","No",NA
"GEN24_1004346","No",NA
"GEN24_1004362","Yes","Before arriving in New Zealand"
"GEN24_1004369","Yes","While in New Zealand"
"GEN24_1004374","Yes","I did not receive any information"
"GEN24_1004377","Yes","I did not receive any information"
"GEN24_1004388","No",NA
"GEN24_1004389","Yes","I did not receive any information"
"GEN24_1004390","Yes","I did not receive any information"
"GEN24_1004391","No",NA
"GEN24_1004403","Yes","I did not receive any information"
"GEN24_1004416","Yes","I did not receive any information"
"GEN24_1004418","Yes","I did not receive any information"
"GEN24_1004425","Yes","I did not receive any information"
"GEN24_1004427","Yes","I did not receive any information"
"GEN24_1004432","Yes","I did not receive any information"
"GEN24_1004434","Yes","I did not receive any information"
"GEN24_1004442","No",NA
"GEN24_1004445","Yes","I did not receive any information"
"GEN24_1004447","Yes","I did not receive any information"
"GEN24_1004450","Yes","I did not receive any information"
"GEN24_1004452","Yes","Before arriving in New Zealand"
"GEN24_1004455","Yes","I did not receive any information"
"GEN24_1004456","Yes","I did not receive any information"
"GEN24_1004462","Yes","I did not receive any information"
"GEN24_1004464","Yes","While in New Zealand"
"GEN24_1004465","Yes","While in New Zealand"
"GEN24_1004471","Yes","I did not receive any information"
"GEN24_1004476","Yes","I did not receive any information"
"GEN24_1004487","No",NA
"GEN24_1004488","Yes","I did not receive any information"
"GEN24_1004491","No",NA
"GEN24_1004492","Yes","Before arriving in New Zealand"
"GEN24_1004499","Yes","I did not receive any information"
"GEN24_1004516","Yes","While in New Zealand"
"GEN24_1004517","Yes","I did not receive any information"
"GEN24_1004520","Yes","Before arriving in New Zealand"
"GEN24_1004523","No",NA
"GEN24_1004524","No",NA
"GEN24_1004527","Yes","Before arriving in New Zealand"
"GEN24_1004529","No",NA
"GEN24_1004535","Yes","I did not receive any information"
"GEN24_1004541","No",NA
"GEN24_1004562","Yes","While in New Zealand"
"GEN24_1004563","Yes","I did not receive any information"
"GEN24_1004565","Yes","While in New Zealand"
"GEN24_1004569","No",NA
"GEN24_1004575","Yes","Before arriving in New Zealand"
"GEN24_1004578","Yes","I did not receive any information"
"GEN24_1004583","Yes","I did not receive any information"
"GEN24_1004584","No",NA
"GEN24_1004586","No",NA
"GEN24_1004591","No",NA
"GEN24_1004592","No",NA
"GEN24_1004594","No",NA
"GEN24_1004596","Yes","Before arriving in New Zealand"
"GEN24_1004603","No",NA
"GEN24_1004612","Yes","I did not receive any information"
"GEN24_1004614","Yes","Before arriving in New Zealand"
"GEN24_1004617","No",NA
"GEN24_1004621","Yes","I did not receive any information"
"GEN24_1004626","Yes","I did not receive any information"
"GEN24_1004633","Yes","Before arriving in New Zealand"
"GEN24_1004635","Yes","I did not receive any information"
"GEN24_1004641","Yes","I did not receive any information"
"GEN24_1004642","No",NA
"GEN24_1004643","Yes","I did not receive any information"
"GEN24_1004654","Yes","I did not receive any information"
"GEN24_1004655","Yes","While in New Zealand"
"GEN24_1004660","Yes","I did not receive any information"
"GEN24_1004664","Yes","While in New Zealand"
"GEN24_1004665","Yes","I did not receive any information"
"GEN24_1004669","Yes","I did not receive any information"
"GEN24_1004670","Yes","I did not receive any information"
"GEN24_1004685","Yes","Before arriving in New Zealand"
"GEN24_1004687","Yes","I did not receive any information"
"GEN24_1004689","No",NA
"GEN24_1004690","Yes","I did not receive any information"
"GEN24_1004695","Yes","I did not receive any information"
"GEN24_1004696","Yes","While in New Zealand"
"GEN24_1004699","Yes","Before arriving in New Zealand"
"GEN24_1004700","Yes","While in New Zealand"
"GEN24_1004701","Yes","While in New Zealand"
"GEN24_1004711","No",NA
"GEN24_1004727","Yes","While in New Zealand"
"GEN24_1004753","Yes","Before arriving in New Zealand"
"GEN24_1004756","Yes","Before arriving in New Zealand"
"GEN24_1004758","Yes","I did not receive any information"
"GEN24_1004768","Yes","While in New Zealand"
"GEN24_1004773","Yes","I did not receive any information"
"GEN24_1004777","Yes","Before arriving in New Zealand"
"GEN24_1004786","No",NA
"GEN24_1004790","Yes","I did not receive any information"
"GEN24_1004795","Yes","While in New Zealand"
"GEN24_1004803","Yes","Before arriving in New Zealand"
"GEN24_1004804","Yes","I did not receive any information"
"GEN24_1004808","No",NA
"GEN24_1004817","Yes","Before arriving in New Zealand"
"GEN24_1004819","Yes","Before arriving in New Zealand"
"GEN24_1004822","No",NA
"GEN24_1004826","Yes","I did not receive any information"
"GEN24_1004834","Yes","I did not receive any information"
"GEN24_1004839","Yes","Before arriving in New Zealand"
"GEN24_1004840","Yes","I did not receive any information"
"GEN24_1004862","Yes","Before arriving in New Zealand"
"GEN24_1004868","No",NA
"GEN24_1004874","Yes","I did not receive any information"
"GEN24_1004876","Yes","While in New Zealand"
"GEN24_1004877","Yes","I did not receive any information"
"GEN24_1004881","Yes","Before arriving in New Zealand"
"GEN24_1004887","Yes","I did not receive any information"
"GEN24_1004908","No",NA
"GEN24_1004920","Yes","I did not receive any information"
"GEN24_1004921","Yes","I did not receive any information"
"GEN24_1004924","Yes","I did not receive any information"
"GEN24_1004932","Yes","Before arriving in New Zealand"
"GEN24_1004934","Yes","I did not receive any information"
"GEN24_1004938","Yes","I did not receive any information"
"GEN24_1004939","Yes","While in New Zealand"
"GEN24_1004940","Yes","I did not receive any information"
"GEN24_1004943","Yes","Before arriving in New Zealand"
"GEN24_1004966","Yes","I did not receive any information"
"GEN24_1004969","Yes","I did not receive any information"
"GEN24_1004974","No",NA
"GEN24_1004976","Yes","Before arriving in New Zealand"
"GEN24_1004976","Yes","While in New Zealand"
"GEN24_1004978","Yes","While in New Zealand"
"GEN24_1004986","Yes","I did not receive any information"
"GEN24_1004992","Yes","Before arriving in New Zealand"
"GEN24_1004996","Yes","Before arriving in New Zealand"
"GEN24_1004997","No",NA
"GEN24_1005003","Yes","Before arriving in New Zealand"
"GEN24_1005003","Yes","While in New Zealand"
"GEN24_1005007","Yes","While in New Zealand"
"GEN24_1005008","No",NA
"GEN24_1005009","Yes","I did not receive any information"
"GEN24_1005032","No",NA
"GEN24_1005035","Yes","I did not receive any information"
"GEN24_1005046","Yes","Before arriving in New Zealand"
"GEN24_1005046","Yes","While in New Zealand"
"GEN24_1005051","Yes","I did not receive any information"
"GEN24_1005052","Yes","Before arriving in New Zealand"
"GEN24_1005066","Yes","Before arriving in New Zealand"
"GEN24_1005069","No",NA
"GEN24_1005071","Yes","Before arriving in New Zealand"
"GEN24_1005090","No",NA
"GEN24_1005093","No",NA
"GEN24_1005098","Yes","I did not receive any information"
"GEN24_1005101","Yes","I did not receive any information"
"GEN24_1005104","No",NA
"GEN24_1005111","Yes","Before arriving in New Zealand"
"GEN24_1005117","Yes","While in New Zealand"
"GEN24_1005124","Yes","I did not receive any information"
"GEN24_1005125","Yes","I did not receive any information"
"GEN24_1005130","No",NA
"GEN24_1005131","Yes","I did not receive any information"
"GEN24_1005136","Yes","While in New Zealand"
"GEN24_1005138","No",NA
"GEN24_1005148","Yes","I did not receive any information"
"GEN24_1005150","Yes","I did not receive any information"
"GEN24_1005152","Yes","I did not receive any information"
"GEN24_1005154","No",NA
"GEN24_1005164","Yes","While in New Zealand"
"GEN24_1005173","Yes","While in New Zealand"
"GEN24_1005176","Yes","Before arriving in New Zealand"
"GEN24_1005179","No",NA
"GEN24_1005180","No",NA
"GEN24_1005181","Yes","Before arriving in New Zealand"
"GEN24_1005185","No",NA
"GEN24_1005190","No",NA
"GEN24_1005193","No",NA
"GEN24_1005196","Yes","I did not receive any information"
"GEN24_1005202","Yes","Before arriving in New Zealand"
"GEN24_1005213","No",NA
"GEN24_1005216","No",NA
"GEN24_1005217","Yes","I did not receive any information"
"GEN24_1005219","Yes","I did not receive any information"
"GEN24_1005220","Yes","While in New Zealand"
"GEN24_1005224","Yes","I did not receive any information"
"GEN24_1005226","Yes","I did not receive any information"
"GEN24_1005236","Yes","Before arriving in New Zealand"
"GEN24_1005246","Yes","I did not receive any information"
"GEN24_1005257","Yes","I did not receive any information"
"GEN24_1005272","Yes","While in New Zealand"
"GEN24_1005273","Yes","Before arriving in New Zealand"
"GEN24_1005274","No",NA
"GEN24_1005280","Yes","I did not receive any information"
"GEN24_1005281","No",NA
"GEN24_1005292","Yes","I did not receive any information"
"GEN24_1005294","Yes","I did not receive any information"
"GEN24_1005296","Yes","Before arriving in New Zealand"
"GEN24_1005298","Yes","I did not receive any information"
"GEN24_1005299","Yes","I did not receive any information"
"GEN24_1005303","Yes","I did not receive any information"
"GEN24_1005308","Yes","Before arriving in New Zealand"
"GEN24_1005311","Yes","Before arriving in New Zealand"
"GEN24_1005314","Yes","I did not receive any information"
"GEN24_1005324","Yes","I did not receive any information"
"GEN24_1005329","Yes","While in New Zealand"
"GEN24_1005338","Yes","I did not receive any information"
"GEN24_1005343","Yes","Before arriving in New Zealand"
"GEN24_1005350","Yes","Before arriving in New Zealand"
"GEN24_1005353","Yes","I did not receive any information"
"GEN24_1005358","Yes","Before arriving in New Zealand"
"GEN24_1005358","Yes","While in New Zealand"
"GEN24_1005360","Yes","I did not receive any information"
"GEN24_1005365","No",NA
"GEN24_1005366","Yes","I did not receive any information"
"GEN24_1005367","Yes","I did not receive any information"
"GEN24_1005369","Yes","I did not receive any information"
"GEN24_1005370","No",NA
"GEN24_1005372","No",NA
"GEN24_1005377","No",NA
"GEN24_1005379","Yes","Before arriving in New Zealand"
"GEN24_1005379","Yes","While in New Zealand"
"GEN24_1005385","Yes","I did not receive any information"
"GEN24_1005394","No",NA
"GEN24_1005395","Yes","While in New Zealand"
"GEN24_1005396","Yes","I did not receive any information"
"GEN24_1005400","Yes","I did not receive any information"
"GEN24_1005402","No",NA
"GEN24_1005406","Yes","I did not receive any information"
"GEN24_1005411","Yes","While in New Zealand"
"GEN24_1005420","Yes","Before arriving in New Zealand"
"GEN24_1005424","Yes","I did not receive any information"
"GEN24_1005425","No",NA
"GEN24_1005432","Yes","I did not receive any information"
"GEN24_1005436","Yes","Before arriving in New Zealand"
"GEN24_1005437","Yes","I did not receive any information"
"GEN24_1005441","Yes","While in New Zealand"
"GEN24_1005446","No",NA
"GEN24_1005469","Yes","I did not receive any information"
"GEN24_1005470","No",NA
"GEN24_1005474","Yes","I did not receive any information"
"GEN24_1005475","Yes","I did not receive any information"
"GEN24_1005486","Yes","While in New Zealand"
"GEN24_1005527","Yes","I did not receive any information"
"GEN24_1005528","Yes","I did not receive any information"
"GEN24_1005529","Yes","I did not receive any information"
"GEN24_1005535","No",NA
"GEN24_1005536","Yes","I did not receive any information"
"GEN24_1005538","Yes","Before arriving in New Zealand"
"GEN24_1005541","No",NA
"GEN24_1005552","Yes","Before arriving in New Zealand"
"GEN24_1005581","Yes","Before arriving in New Zealand"
"GEN24_1005592","Yes","Before arriving in New Zealand"
"GEN24_1005592","Yes","While in New Zealand"
"GEN24_1005595","Yes","I did not receive any information"
"GEN24_1005609","Yes","While in New Zealand"
"GEN24_1005611","No",NA
"GEN24_1005618","Yes","I did not receive any information"
"GEN24_1005622","No",NA
"GEN24_1005627","No",NA
"GEN24_1005630","No",NA
"GEN24_1005641","Yes","Before arriving in New Zealand"
"GEN24_1005642","Yes","While in New Zealand"
"GEN24_1005647","No",NA
"GEN24_1005661","Yes","I did not receive any information"
"GEN24_1005681","No",NA
"GEN24_1005683","Yes","I did not receive any information"
"GEN24_1005705","No",NA
"GEN24_1005708","Yes","I did not receive any information"
"GEN24_1005713","Yes","I did not receive any information"
"GEN24_1005714","Yes","I did not receive any information"
"GEN24_1005716","Yes","I did not receive any information"
"GEN24_1005722","No",NA
"GEN24_1005725","Yes","Before arriving in New Zealand"
"GEN24_1005726","Yes","I did not receive any information"
"GEN24_1005728","Yes","While in New Zealand"
"GEN24_1005729","Yes","Before arriving in New Zealand"
"GEN24_1005733","Yes","I did not receive any information"
"GEN24_1005736","No",NA
"GEN24_1005746","Yes","I did not receive any information"
"GEN24_1005748","No",NA
"GEN24_1005749","Yes","I did not receive any information"
"GEN24_1005753","No",NA
"GEN24_1005754","Yes","I did not receive any information"
"GEN24_1005763","Yes","I did not receive any information"
"GEN24_1005767","Yes","While in New Zealand"
"GEN24_1005769","Yes","Before arriving in New Zealand"
"GEN24_1005769","Yes","While in New Zealand"
"GEN24_1005774","Yes","I did not receive any information"
"GEN24_1005775","Yes","I did not receive any information"
"GEN24_1005777","No",NA
"GEN24_1005784","Yes","I did not receive any information"
"GEN24_1005785","Yes","Before arriving in New Zealand"
"GEN24_1005807","Yes","I did not receive any information"
"GEN24_1005813","No",NA
"GEN24_1005817","Yes","I did not receive any information"
"GEN24_1005822","No",NA
"GEN24_1005825","No",NA
"GEN24_1005830","No",NA
"GEN24_1005835","Yes","While in New Zealand"
"GEN24_1005836","Yes","I did not receive any information"
"GEN24_1005841","No",NA
"GEN24_1005842","No",NA
"GEN24_1005847","No",NA
"GEN24_1005852","Yes","I did not receive any information"
"GEN24_1005869","Yes","I did not receive any information"
"GEN24_1005873","Yes","While in New Zealand"
"GEN24_1005876","No",NA
"GEN24_1005877","Yes","I did not receive any information"
"GEN24_1005878","No",NA
"GEN24_1005879","Yes","Before arriving in New Zealand"
"GEN24_1005884","Yes","Before arriving in New Zealand"
"GEN24_1005889","No",NA
"GEN24_1005891","Yes","I did not receive any information"
"GEN24_1005899","Yes","While in New Zealand"
"GEN24_1005901","Yes","Before arriving in New Zealand"
"GEN24_1005901","Yes","While in New Zealand"
"GEN24_1005907","Yes","I did not receive any information"
"GEN24_1005913","Yes","Before arriving in New Zealand"
"GEN24_1005914","Yes","While in New Zealand"
"GEN24_1005915","Yes","While in New Zealand"
"GEN24_1005917","No",NA
"GEN24_1005920","Yes","Before arriving in New Zealand"
"GEN24_1005920","Yes","While in New Zealand"
"GEN24_1005921","Yes","Before arriving in New Zealand"
"GEN24_1005922","No",NA
"GEN24_1005925","No",NA
"GEN24_1005926","Yes","Before arriving in New Zealand"
"GEN24_1005931","Yes","I did not receive any information"
"GEN24_1005932","Yes","I did not receive any information"
"GEN24_1005936","Yes","I did not receive any information"
"GEN24_1005939","Yes","I did not receive any information"
"GEN24_1005942","Yes","Before arriving in New Zealand"
"GEN24_1005947","Can’t remember",NA
"GEN24_1005949","No",NA
"GEN24_1005952","Yes","Before arriving in New Zealand"
"GEN24_1005956","Yes","While in New Zealand"
"GEN24_1005961","Yes","I did not receive any information"
"GEN24_1005966","Yes","Before arriving in New Zealand"
"GEN24_1005973","Yes","I did not receive any information"
"GEN24_1005980","No",NA
"GEN24_1005982","Yes","I did not receive any information"
"GEN24_1005984","Yes","I did not receive any information"
"GEN24_1005988","No",NA
"GEN24_1005989","No",NA
"GEN24_1006003","Yes","I did not receive any information"
"GEN24_1006012","No",NA
"GEN24_1006018","Yes","While in New Zealand"
"GEN24_1006019","Yes","I did not receive any information"
"GEN24_1006024","Yes","I did not receive any information"
"GEN24_1006025","No",NA
"GEN24_1006026","Yes","Before arriving in New Zealand"
"GEN24_1006042","Yes","I did not receive any information"
"GEN24_1006046","No",NA
"GEN24_1006047","No",NA
"GEN24_1006051","No",NA
"GEN24_1006056","Yes","I did not receive any information"
"GEN24_1006057","Yes","Before arriving in New Zealand"
"GEN24_1006057","Yes","While in New Zealand"
"GEN24_1006065","Yes","While in New Zealand"
"GEN24_1006066","Yes","Before arriving in New Zealand"
"GEN24_1006066","Yes","While in New Zealand"
"GEN24_1006071","Yes","I did not receive any information"
"GEN24_1006074","No",NA
"GEN24_1006079","Yes","Before arriving in New Zealand"
"GEN24_1006082","Yes","Before arriving in New Zealand"
"GEN24_1006094","Yes","Before arriving in New Zealand"
"GEN24_1006097","Yes","I did not receive any information"
"GEN24_1006101","Yes","Before arriving in New Zealand"
"GEN24_1006104","Yes","While in New Zealand"
"GEN24_1006105","Yes","While in New Zealand"
"GEN24_1006114","No",NA
"GEN24_1006122","No",NA
"GEN24_1006150","Yes","I did not receive any information"
"GEN24_1006152","Yes","While in New Zealand"
"GEN24_1006161","No",NA
"GEN24_1006164","Yes","Before arriving in New Zealand"
"GEN24_1006165","No",NA
"GEN24_1006168","Yes","I did not receive any information"
"GEN24_1006169","Yes","I did not receive any information"
"GEN24_1006181","Yes","While in New Zealand"
"GEN24_1006182","Yes","I did not receive any information"
"GEN24_1006184","Yes","Before arriving in New Zealand"
"GEN24_1006186","Yes","I did not receive any information"
"GEN24_1006206","Yes","I did not receive any information"
"GEN24_1006210","Yes","Before arriving in New Zealand"
"GEN24_1006219","Yes","Before arriving in New Zealand"
"GEN24_1006219","Yes","While in New Zealand"
"GEN24_1006233","Yes","I did not receive any information"
"GEN24_1006235","Yes","While in New Zealand"
"GEN24_1006238","Yes","Before arriving in New Zealand"
"GEN24_1006240","No",NA
"GEN24_1006248","Yes","While in New Zealand"
"GEN24_1006254","No",NA
"GEN24_1006255","Yes","While in New Zealand"
"GEN24_1006263","Yes","Before arriving in New Zealand"
"GEN24_1006278","No",NA
"GEN24_1006279","Yes","I did not receive any information"
"GEN24_1006280","Yes","Before arriving in New Zealand"
"GEN24_1006287","Yes","I did not receive any information"
"GEN24_1006296","Yes","I did not receive any information"
"GEN24_1006298","Yes","Before arriving in New Zealand"
"GEN24_1006301","No",NA
"GEN24_1006302","Yes","I did not receive any information"
"GEN24_1006303","Yes","I did not receive any information"
"GEN24_1006311","Yes","I did not receive any information"
"GEN24_1006314","Yes","Before arriving in New Zealand"
"GEN24_1006317","No",NA
"GEN24_1006320","Yes","I did not receive any information"
"GEN24_1006321","No",NA
"GEN24_1006324","Yes","Before arriving in New Zealand"
"GEN24_1006334","Yes","I did not receive any information"
"GEN24_1006337","Yes","I did not receive any information"
"GEN24_1006359","Yes","While in New Zealand"
"GEN24_1006374","Can’t remember",NA
"GEN24_1006377","Yes","Before arriving in New Zealand"
"GEN24_1006388","No",NA
"GEN24_1006389","Yes","I did not receive any information"
"GEN24_1006390","No",NA
"GEN24_1006416","Yes","Before arriving in New Zealand"
"GEN24_1006417","Yes","While in New Zealand"
"GEN24_1006421","No",NA
"GEN24_1006426","Yes","I did not receive any information"
"GEN24_1006427","Yes","Before arriving in New Zealand"
"GEN24_1006443","No",NA
"GEN24_1006445","No",NA
"GEN24_1006460","No",NA
"GEN24_1006467","Yes","I did not receive any information"
"GEN24_1006469","Yes","Before arriving in New Zealand"
"GEN24_1006484","Yes","While in New Zealand"
"GEN24_1006485","Yes","Before arriving in New Zealand"
"GEN24_1006485","Yes","While in New Zealand"
"GEN24_1006500","No",NA
"GEN24_1006502","Yes","I did not receive any information"
"GEN24_1006506","Yes","I did not receive any information"
"GEN24_1006514","No",NA
"GEN24_1006522","No",NA
"GEN24_1006524","Yes","Before arriving in New Zealand"
"GEN24_1006532","Yes","I did not receive any information"
"GEN24_1006547","Yes","I did not receive any information"
"GEN24_1006548","Yes","I did not receive any information"
"GEN24_1006555","No",NA
"GEN24_1006556","Yes","I did not receive any information"
"GEN24_1006582","No",NA
"GEN24_1006593","Yes","Before arriving in New Zealand"
"GEN24_1006594","No",NA
"GEN24_1006596","Yes","Before arriving in New Zealand"
"GEN24_1006596","Yes","While in New Zealand"
"GEN24_1006601","No",NA
"GEN24_1006611","Yes","I did not receive any information"
"GEN24_1006613","Yes","Before arriving in New Zealand"
"GEN24_1006621","Yes","I did not receive any information"
"GEN24_1006622","No",NA
"GEN24_1006635","Yes","Before arriving in New Zealand"
"GEN24_1006636","Yes","Before arriving in New Zealand"
"GEN24_1006637","Yes","I did not receive any information"
"GEN24_1006643","Yes","I did not receive any information"
"GEN24_1006644","Yes","Before arriving in New Zealand"
"GEN24_1006647","Yes","I did not receive any information"
"GEN24_1006649","Yes","While in New Zealand"
"GEN24_1006650","Yes","Before arriving in New Zealand"
"GEN24_1006652","No",NA
"GEN24_1006655","Yes","Before arriving in New Zealand"
"GEN24_1006656","Yes","I did not receive any information"
"GEN24_1006660","No",NA
"GEN24_1006661","Yes","I did not receive any information"
"GEN24_1006663","No",NA
"GEN24_1006666","Yes","I did not receive any information"
"GEN24_1006670","No",NA
"GEN24_1006679","No",NA
"GEN24_1006690","Yes","I did not receive any information"
"GEN24_1006692","Yes","I did not receive any information"
"GEN24_1006693","Yes","Before arriving in New Zealand"
"GEN24_1006702","Yes","Before arriving in New Zealand"
"GEN24_1006704","Yes","I did not receive any information"
"GEN24_1006712","Yes","While in New Zealand"
"GEN24_1006713","Yes","I did not receive any information"
"GEN24_1006719","Yes","I did not receive any information"
"GEN24_1006721","No",NA
"GEN24_1006722","Yes","While in New Zealand"
"GEN24_1006732","Yes","Before arriving in New Zealand"
"GEN24_1006740","Yes","I did not receive any information"
"GEN24_1006741","Yes","I did not receive any information"
"GEN24_1006745","No",NA
"GEN24_1006752","Yes","I did not receive any information"
"GEN24_1006756","No",NA
"GEN24_1006759","No",NA
"GEN24_1006768","No",NA
"GEN24_1006772","Yes","I did not receive any information"
"GEN24_1006782","Can’t remember",NA
"GEN24_1006802","Yes","I did not receive any information"
"GEN24_1006815","No",NA
"GEN24_1006816","Yes","I did not receive any information"
"GEN24_1006820","Yes","I did not receive any information"
"GEN24_1006828","Yes","While in New Zealand"
"GEN24_1006836","Yes","I did not receive any information"
"GEN24_1006840","Yes","Before arriving in New Zealand"
"GEN24_1006851","Yes","I did not receive any information"
"GEN24_1006854","Yes","Before arriving in New Zealand"
"GEN24_1006863","Yes","Before arriving in New Zealand"
"GEN24_1006872","Yes","I did not receive any information"
"GEN24_1006880","Yes","I did not receive any information"
"GEN24_1006881","Yes","I did not receive any information"
"GEN24_1006883","Yes","I did not receive any information"
"GEN24_1006884","Yes","I did not receive any information"
"GEN24_1006888","Yes","I did not receive any information"
"GEN24_1006891","Yes","I did not receive any information"
"GEN24_1006900","Yes","While in New Zealand"
"GEN24_1006907","Yes","Before arriving in New Zealand"
"GEN24_1006908","No",NA
"GEN24_1006928","Yes","I did not receive any information"
"GEN24_1006937","Yes","I did not receive any information"
"GEN24_1006940","Yes","I did not receive any information"
"GEN24_1006944","Yes","Before arriving in New Zealand"
"GEN24_1006948","Yes","Before arriving in New Zealand"
"GEN24_1006949","Yes","I did not receive any information"
"GEN24_1006953","Yes","I did not receive any information"
"GEN24_1006954","Yes","I did not receive any information"
"GEN24_1006958","Yes","I did not receive any information"
"GEN24_1006960","Yes","Before arriving in New Zealand"
"GEN24_1006970","Yes","I did not receive any information"
"GEN24_1006972","Yes","Before arriving in New Zealand"
"GEN24_1006972","Yes","While in New Zealand"
"GEN24_1006984","No",NA
"GEN24_1006989","No",NA
"GEN24_1006990","Yes","I did not receive any information"
"GEN24_1007037","No",NA
"GEN24_1007038","No",NA
"GEN24_1007044","Yes","While in New Zealand"
"GEN24_1007077","Yes","Before arriving in New Zealand"
"GEN24_1007085","Yes","I did not receive any information"
"GEN24_1007088","Yes","I did not receive any information"
"GEN24_1007090","Yes","Before arriving in New Zealand"
"GEN24_1007091","No",NA
"GEN24_1007092","Yes","While in New Zealand"
"GEN24_1007109","Yes","Before arriving in New Zealand"
"GEN24_1007109","Yes","While in New Zealand"
"GEN24_1007113","Yes","Before arriving in New Zealand"
"GEN24_1007115","Yes","Before arriving in New Zealand"
"GEN24_1007117","Yes","While in New Zealand"
"GEN24_1007120","No",NA
"GEN24_1007129","Yes","While in New Zealand"
"GEN24_1007132","Yes","Before arriving in New Zealand"
"GEN24_1007133","Yes","I did not receive any information"
"GEN24_1007134","Yes","While in New Zealand"
"GEN24_1007137","Yes","While in New Zealand"
"GEN24_1007140","Yes","Before arriving in New Zealand"
"GEN24_1007154","Yes","I did not receive any information"
"GEN24_1007155","Yes","While in New Zealand"
"GEN24_1007167","Yes","I did not receive any information"
"GEN24_1007168","No",NA
"GEN24_1007175","Yes","I did not receive any information"
"GEN24_1007185","Yes","I did not receive any information"
"GEN24_1007188","Yes","Before arriving in New Zealand"
"GEN24_1007189","Yes","While in New Zealand"
"GEN24_1007193","Yes","Before arriving in New Zealand"
"GEN24_1007210","No",NA
"GEN24_1007215","Yes","While in New Zealand"
"GEN24_1007219","Yes","I did not receive any information"
"GEN24_1007221","Yes","Before arriving in New Zealand"
"GEN24_1007224","No",NA
"GEN24_1007232","Yes","I did not receive any information"
"GEN24_1007242","Yes","I did not receive any information"
"GEN24_1007246","Yes","I did not receive any information"
"GEN24_1007251","Yes","While in New Zealand"
"GEN24_1007259","Yes","I did not receive any information"
"GEN24_1007260","Yes","I did not receive any information"
"GEN24_1007265","Yes","I did not receive any information"
"GEN24_1007275","Yes","While in New Zealand"
"GEN24_1007276","No",NA
"GEN24_1007283","No",NA
"GEN24_1007284","No",NA
"GEN24_1007294","No",NA
"GEN24_1007302","Yes","I did not receive any information"
"GEN24_1007310","No",NA
"GEN24_1007329","Yes","While in New Zealand"
"GEN24_1007330","Yes","While in New Zealand"
"GEN24_1007332","Yes","I did not receive any information"
"GEN24_1007333","Yes","I did not receive any information"
"GEN24_1007334","No",NA
"GEN24_1007339","No",NA
"GEN24_1007340","Yes","I did not receive any information"
"GEN24_1007342","No",NA
"GEN24_1007343","Yes","I did not receive any information"
"GEN24_1007346","No",NA
"GEN24_1007349","Yes","I did not receive any information"
"GEN24_1007351","Yes","Before arriving in New Zealand"
"GEN24_1007354","No",NA
"GEN24_1007364","No",NA
"GEN24_1007368","No",NA
"GEN24_1007371","No",NA
"GEN24_1007373","No",NA
"GEN24_1007384","Yes","I did not receive any information"
"GEN24_1007385","No",NA
"GEN24_1007386","No",NA
"GEN24_1007397","Yes","I did not receive any information"
"GEN24_1007398","Yes","I did not receive any information"
"GEN24_1007399","No",NA
"GEN24_1007407","No",NA
"GEN24_1007416","Yes","Before arriving in New Zealand"
"GEN24_1007416","Yes","While in New Zealand"
"GEN24_1007421","No",NA
"GEN24_1007422","Yes","I did not receive any information"
"GEN24_1007423","No",NA
"GEN24_1007424","Yes","While in New Zealand"
"GEN24_1007434","No",NA
"GEN24_1007437","No",NA
"GEN24_1007465","No",NA
"GEN24_1007482","Yes","I did not receive any information"
"GEN24_1007485","Yes","Before arriving in New Zealand"
"GEN24_1007485","Yes","While in New Zealand"
"GEN24_1007486","No",NA
"GEN24_1007499","Yes","Before arriving in New Zealand"
"GEN24_1007499","Yes","While in New Zealand"
"GEN24_1007503","Yes","While in New Zealand"
"GEN24_1007518","Yes","Before arriving in New Zealand"
"GEN24_1007518","Yes","While in New Zealand"
"GEN24_1007519","Yes","I did not receive any information"
"GEN24_1007520","Yes","I did not receive any information"
"GEN24_1007527","Yes","Before arriving in New Zealand"
"GEN24_1007529","Yes","While in New Zealand"
"GEN24_1007541","Yes","I did not receive any information"
"GEN24_1007543","Yes","I did not receive any information"
"GEN24_1007544","Yes","I did not receive any information"
"GEN24_1007547","Yes","I did not receive any information"
"GEN24_1007558","Yes","I did not receive any information"
"GEN24_1007559","Yes","Before arriving in New Zealand"
"GEN24_1007559","Yes","While in New Zealand"
"GEN24_1007561","Yes","I did not receive any information"
"GEN24_1007564","Yes","I did not receive any information"
"GEN24_1007573","Yes","I did not receive any information"
"GEN24_1007574","Yes","Before arriving in New Zealand"
"GEN24_1007574","Yes","While in New Zealand"
"GEN24_1007576","Yes","I did not receive any information"
"GEN24_1007582","Yes","Before arriving in New Zealand"
"GEN24_1007592","Yes","While in New Zealand"
"GEN24_1007611","Yes","While in New Zealand"
"GEN24_1007626","Yes","I did not receive any information"
"GEN24_1007643","Yes","I did not receive any information"
"GEN24_1007645","Yes","While in New Zealand"
"GEN24_1007646","Yes","I did not receive any information"
"GEN24_1007649","Yes","While in New Zealand"
"GEN24_1007654","Yes","Before arriving in New Zealand"
"GEN24_1007656","Yes","I did not receive any information"
"GEN24_1007659","Yes","I did not receive any information"
"GEN24_1007688","No",NA
"GEN24_1007692","Yes","Before arriving in New Zealand"
"GEN24_1007703","Yes","Before arriving in New Zealand"
"GEN24_1007715","Yes","While in New Zealand"
"GEN24_1007717","No",NA
"GEN24_1007719","Yes","Before arriving in New Zealand"
"GEN24_1007722","Yes","I did not receive any information"
"GEN24_1007724","No",NA
"GEN24_1007727","Yes","I did not receive any information"
"GEN24_1007730","No",NA
"GEN24_1007731","Yes","While in New Zealand"
"GEN24_1007737","Yes","Before arriving in New Zealand"
"GEN24_1007738","Yes","While in New Zealand"
"GEN24_1007747","Yes","Before arriving in New Zealand"
"GEN24_1007750","Yes","I did not receive any information"
"GEN24_1007754","Yes","Before arriving in New Zealand"
"GEN24_1007754","Yes","While in New Zealand"
"GEN24_1007755","Yes","I did not receive any information"
"GEN24_1007757","No",NA
"GEN24_1007767","Yes","I did not receive any information"
"GEN24_1007771","No",NA
"GEN24_1007786","Yes","Before arriving in New Zealand"
"GEN24_1007787","No",NA
"GEN24_1007791","Yes","I did not receive any information"
"GEN24_1007793","No",NA
"GEN24_1007799","Yes","I did not receive any information"
"GEN24_1007811","Yes","While in New Zealand"
"GEN24_1007812","Yes","I did not receive any information"
"GEN24_1007855","Yes","While in New Zealand"
"GEN24_1007856","Yes","I did not receive any information"
"GEN24_1007857","No",NA
"GEN24_1007858","Yes","I did not receive any information"
"GEN24_1007859","No",NA
"GEN24_1007862","Yes","I did not receive any information"
"GEN24_1007865","Yes","While in New Zealand"
"GEN24_1007868","Yes","I did not receive any information"
"GEN24_1007875","No",NA
"GEN24_1007908","Yes","Before arriving in New Zealand"
"GEN24_1007911","Yes","While in New Zealand"
"GEN24_1007914","No",NA
"GEN24_1007918","Yes","I did not receive any information"
"GEN24_1007919","Yes","I did not receive any information"
"GEN24_1007925","Yes","Before arriving in New Zealand"
"GEN24_1007930","Yes","I did not receive any information"
"GEN24_1007941","Yes","I did not receive any information"
"GEN24_1007949","Yes","I did not receive any information"
"GEN24_1007950","Yes","Before arriving in New Zealand"
"GEN24_1007950","Yes","While in New Zealand"
"GEN24_1007958","Yes","I did not receive any information"
"GEN24_1007964","No",NA
"GEN24_1007966","Yes","I did not receive any information"
"GEN24_1007975","Yes","I did not receive any information"
"GEN24_1007976","Yes","Before arriving in New Zealand"
"GEN24_1007985","Yes","Before arriving in New Zealand"
"GEN24_1007985","Yes","While in New Zealand"
"GEN24_1007996","Yes","I did not receive any information"
"GEN24_1008000","No",NA
"GEN24_1008021","No",NA
"GEN24_1008027","Yes","Before arriving in New Zealand"
"GEN24_1008038","Yes","I did not receive any information"
"GEN24_1008041","Yes","While in New Zealand"
"GEN24_1008046","No",NA
"GEN24_1008049","Yes","While in New Zealand"
"GEN24_1008056","No",NA
"GEN24_1008061","Yes","I did not receive any information"
"GEN24_1008068","Yes","While in New Zealand"
"GEN24_1008075","No",NA
"GEN24_1008079","No",NA
"GEN24_1008081","Yes","I did not receive any information"
"GEN24_1008086","No",NA
"GEN24_1008091","No",NA
"GEN24_1008092","Yes","Before arriving in New Zealand"
"GEN24_1008094","Yes","Before arriving in New Zealand"
"GEN24_1008121","Yes","I did not receive any information"
"GEN24_1008123","Yes","I did not receive any information"
"GEN24_1008124","Yes","I did not receive any information"
"GEN24_1008132","Yes","While in New Zealand"
"GEN24_1008135","Yes","While in New Zealand"
"GEN24_1008141","No",NA
"GEN24_1008143","Yes","I did not receive any information"
"GEN24_1008144","Yes","Before arriving in New Zealand"
"GEN24_1008147","No",NA
"GEN24_1008148","Yes","While in New Zealand"
"GEN24_1008153","Yes","I did not receive any information"
"GEN24_1008154","Yes","I did not receive any information"
"GEN24_1008168","Yes","I did not receive any information"
"GEN24_1008171","Yes","While in New Zealand"
"GEN24_1008175","Yes","Before arriving in New Zealand"
"GEN24_1008175","Yes","While in New Zealand"
"GEN24_1008176","No",NA
"GEN24_1008222","No",NA
"GEN24_1008233","Yes","While in New Zealand"
"GEN24_1008234","Yes","Before arriving in New Zealand"
"GEN24_1008236","Yes","While in New Zealand"
"GEN24_1008241","No",NA
"GEN24_1008255","Yes","I did not receive any information"
"GEN24_1008268","Yes","I did not receive any information"
"GEN24_1008274","Yes","While in New Zealand"
"GEN24_1008278","Yes","I did not receive any information"
"GEN24_1008286","Yes","Before arriving in New Zealand"
"GEN24_1008286","Yes","While in New Zealand"
"GEN24_1008288","Yes","I did not receive any information"
"GEN24_1008298","Yes","Before arriving in New Zealand"
"GEN24_1008303","Yes","Before arriving in New Zealand"
"GEN24_1008305","Yes","Before arriving in New Zealand"
"GEN24_1008305","Yes","While in New Zealand"
"GEN24_1008309","Yes","Before arriving in New Zealand"
"GEN24_1008309","Yes","While in New Zealand"
"GEN24_1008310","No",NA
"GEN24_1008311","No",NA
"GEN24_1008313","Yes","While in New Zealand"
"GEN24_1008337","Yes","Before arriving in New Zealand"
"GEN24_1008338","Yes","While in New Zealand"
"GEN24_1008339","Yes","While in New Zealand"
"GEN24_1008341","Yes","Before arriving in New Zealand"
"GEN24_1008345","No",NA
"GEN24_1008346","Yes","Before arriving in New Zealand"
"GEN24_1008347","Yes","Before arriving in New Zealand"
"GEN24_1008348","Yes","Before arriving in New Zealand"
"GEN24_1008351","Yes","I did not receive any information"
"GEN24_1008352","No",NA
"GEN24_1008354","Yes","Before arriving in New Zealand"
"GEN24_1008354","Yes","While in New Zealand"
"GEN24_1008369","No",NA
"GEN24_1008377","No",NA
"GEN24_1008386","Yes","While in New Zealand"
"GEN24_1008392","Yes","I did not receive any information"
"GEN24_1008398","Yes","I did not receive any information"
"GEN24_1008403","Yes","While in New Zealand"
"GEN24_1008404","Yes","I did not receive any information"
"GEN24_1008409","No",NA
"GEN24_1008417","Yes","Before arriving in New Zealand"
"GEN24_1008427","Yes","I did not receive any information"
"GEN24_1008428","No",NA
"GEN24_1008446","No",NA
"GEN24_1008448","Yes","I did not receive any information"
"GEN24_1008457","Yes","I did not receive any information"
"GEN24_1008462","Yes","I did not receive any information"
"GEN24_1008463","Yes","I did not receive any information"
"GEN24_1008469","Yes","I did not receive any information"
"GEN24_1008470","Yes","Before arriving in New Zealand"
"GEN24_1008474","Yes","I did not receive any information"
"GEN24_1008475","No",NA
"GEN24_1008477","Yes","While in New Zealand"
"GEN24_1008482","Yes","I did not receive any information"
"GEN24_1008483","No",NA
"GEN24_1008489","No",NA
"GEN24_1008492","Yes","Before arriving in New Zealand"
"GEN24_1008515","No",NA
"GEN24_1008519","No",NA
"GEN24_1008523","Yes","I did not receive any information"
"GEN24_1008524","Yes","I did not receive any information"
"GEN24_1008525","Yes","I did not receive any information"
"GEN24_1008537","Yes","I did not receive any information"
"GEN24_1008543","Yes","While in New Zealand"
"GEN24_1008573","Yes","Before arriving in New Zealand"
"GEN24_1008598","Yes","I did not receive any information"
"GEN24_1008606","Yes","I did not receive any information"
"GEN24_1008636","Yes","Before arriving in New Zealand"
"GEN24_1008643","No",NA
"GEN24_1008645","Yes","Before arriving in New Zealand"
"GEN24_1008653","Yes","Before arriving in New Zealand"
"GEN24_1008679","Yes","I did not receive any information"
"GEN24_1008683","Yes","I did not receive any information"
"GEN24_1008695","No",NA
"GEN24_1008698","Yes","While in New Zealand"
"GEN24_1008706","Yes","Before arriving in New Zealand"
"GEN24_1008708","No",NA
"GEN24_1008715","Yes","While in New Zealand"
"GEN24_1008719","Yes","I did not receive any information"
"GEN24_1008725","Yes","I did not receive any information"
"GEN24_1008727","No",NA
"GEN24_1008728","Yes","While in New Zealand"
"GEN24_1008734","Yes","I did not receive any information"
"GEN24_1008737","Yes","Before arriving in New Zealand"
"GEN24_1008739","Yes","I did not receive any information"
"GEN24_1008741","Yes","While in New Zealand"
"GEN24_1008743","No",NA
"GEN24_1008752","Yes","Before arriving in New Zealand"
"GEN24_1008753","Yes","I did not receive any information"
"GEN24_1008777","Yes","Before arriving in New Zealand"
"GEN24_1008783","No",NA
"GEN24_1008796","Yes","I did not receive any information"
"GEN24_1008798","Yes","Before arriving in New Zealand"
"GEN24_1008799","Yes","Before arriving in New Zealand"
"GEN24_1008801","No",NA
"GEN24_1008803","Yes","I did not receive any information"
"GEN24_1008804","Yes","I did not receive any information"
"GEN24_1008806","Yes","I did not receive any information"
"GEN24_1008808","Yes","While in New Zealand"
"GEN24_1008811","No",NA
"GEN24_1008818","Yes","I did not receive any information"
"GEN24_1008831","Yes","I did not receive any information"
"GEN24_1008832","Yes","I did not receive any information"
"GEN24_1008836","Yes","While in New Zealand"
"GEN24_1008838","No",NA
"GEN24_1008839","No",NA
"GEN24_1008840","Yes","I did not receive any information"
"GEN24_1008846","Yes","Before arriving in New Zealand"
"GEN24_1008846","Yes","While in New Zealand"
"GEN24_1008850","No",NA
"GEN24_1008869","No",NA
"GEN24_1008870","Yes","I did not receive any information"
"GEN24_1008878","No",NA
"GEN24_1008889","No",NA
"GEN24_1008897","No",NA
"GEN24_1008906","Yes","I did not receive any information"
"GEN24_1008914","No",NA
"GEN24_1008921","Yes","Before arriving in New Zealand"
"GEN24_1008921","Yes","While in New Zealand"
"GEN24_1008925","Yes","I did not receive any information"
"GEN24_1008937","No",NA
"GEN24_1008947","No",NA
"GEN24_1008952","No",NA
"GEN24_1008954","Yes","Before arriving in New Zealand"
"GEN24_1008955","Yes","Before arriving in New Zealand"
"GEN24_1008961","No",NA
"GEN24_1008967","Yes","I did not receive any information"
"GEN24_1008968","Yes","Before arriving in New Zealand"
"GEN24_1008969","No",NA
"GEN24_1008971","Yes","While in New Zealand"
"GEN24_1008973","Yes","While in New Zealand"
"GEN24_1008976","No",NA
"GEN24_1008981","Yes","I did not receive any information"
"GEN24_1008984","Yes","Before arriving in New Zealand"
"GEN24_1008985","No",NA
"GEN24_1008995","Yes","While in New Zealand"
"GEN24_1008997","Yes","I did not receive any information"
"GEN24_1009002","Yes","I did not receive any information"
"GEN24_1009004","Yes","Before arriving in New Zealand"
"GEN24_1009014","Yes","Before arriving in New Zealand"
"GEN24_1009018","No",NA
"GEN24_1009035","Yes","I did not receive any information"
"GEN24_1009053","Yes","I did not receive any information"
"GEN24_1009066","Yes","I did not receive any information"
"GEN24_1009073","No",NA
"GEN24_1009075","Yes","I did not receive any information"
"GEN24_1009084","Yes","While in New Zealand"
"GEN24_1009098","Yes","I did not receive any information"
"GEN24_1009100","No",NA
"GEN24_1009109","Yes","I did not receive any information"
"GEN24_1009110","No",NA
"GEN24_1009127","Yes","While in New Zealand"
"GEN24_1009143","No",NA
"GEN24_1009158","Yes","Before arriving in New Zealand"
"GEN24_1009164","Yes","I did not receive any information"
"GEN24_1009165","Yes","I did not receive any information"
"GEN24_1009166","Yes","I did not receive any information"
"GEN24_1009180","Yes","I did not receive any information"
"GEN24_1009190","No",NA
"GEN24_1009195","Yes","While in New Zealand"
"GEN24_1009199","Yes","I did not receive any information"
"GEN24_1009206","Yes","I did not receive any information"
"GEN24_1009220","No",NA
"GEN24_1009226","No",NA
"GEN24_1009231","Yes","I did not receive any information"
"GEN24_1009232","Yes","I did not receive any information"
"GEN24_1009242","No",NA
"GEN24_1009252","Yes","I did not receive any information"
"GEN24_1009255","Yes","Before arriving in New Zealand"
"GEN24_1009268","Yes","While in New Zealand"
"GEN24_1009276","Yes","While in New Zealand"
"GEN24_1009279","No",NA
"GEN24_1009282","Yes","I did not receive any information"
"GEN24_1009294","Yes","Before arriving in New Zealand"
"GEN24_1009295","Yes","Before arriving in New Zealand"
"GEN24_1009295","Yes","While in New Zealand"
"GEN24_1009302","Yes","Before arriving in New Zealand"
"GEN24_1009303","Yes","I did not receive any information"
"GEN24_1009315","No",NA
"GEN24_1009317","No",NA
"GEN24_1009331","Yes","I did not receive any information"
"GEN24_1009333","Yes","I did not receive any information"
"GEN24_1009339","Yes","I did not receive any information"
"GEN24_1009340","No",NA
"GEN24_1009346","Yes","Before arriving in New Zealand"
"GEN24_1009347","Yes","While in New Zealand"
"GEN24_1009349","Yes","Before arriving in New Zealand"
"GEN24_1009350","Yes","I did not receive any information"
"GEN24_1009357","Yes","While in New Zealand"
"GEN24_1009375","Yes","I did not receive any information"
"GEN24_1009377","Yes","I did not receive any information"
"GEN24_1009397","Yes","Before arriving in New Zealand"
"GEN24_1009398","Yes","Before arriving in New Zealand"
"GEN24_1009399","Yes","Before arriving in New Zealand"
"GEN24_1009399","Yes","While in New Zealand"
"GEN24_1009400","Yes","I did not receive any information"
"GEN24_1009402","Yes","I did not receive any information"
"GEN24_1009413","Yes","Before arriving in New Zealand"
"GEN24_1009413","Yes","While in New Zealand"
"GEN24_1009424","Yes","Before arriving in New Zealand"
"GEN24_1009428","Yes","Before arriving in New Zealand"
"GEN24_1009433","Yes","Before arriving in New Zealand"
"GEN24_1009436","Yes","While in New Zealand"
"GEN24_1009457","Yes","Before arriving in New Zealand"
"GEN24_1009460","No",NA
"GEN24_1009465","Yes","I did not receive any information"
"GEN24_1009485","Yes","Before arriving in New Zealand"
"GEN24_1009486","Yes","Before arriving in New Zealand"
"GEN24_1009486","Yes","While in New Zealand"
"GEN24_1009491","Yes","I did not receive any information"
"GEN24_1009498","Yes","While in New Zealand"
"GEN24_1009503","Yes","While in New Zealand"
"GEN24_1009511","Yes","Before arriving in New Zealand"
"GEN24_1009526","Yes","While in New Zealand"
"GEN24_1009535","Yes","Before arriving in New Zealand"
"GEN24_1009535","Yes","While in New Zealand"
"GEN24_1009536","Yes","While in New Zealand"
"GEN24_1009543","Yes","I did not receive any information"
"GEN24_1009544","Yes","Before arriving in New Zealand"
"GEN24_1009544","Yes","While in New Zealand"
"GEN24_1009545","Yes","I did not receive any information"
"GEN24_1009556","Yes","Before arriving in New Zealand"
"GEN24_1009556","Yes","While in New Zealand"
"GEN24_1009558","Yes","Before arriving in New Zealand"
"GEN24_1009561","Yes","I did not receive any information"
"GEN24_1009563","Yes","I did not receive any information"
"GEN24_1009567","Yes","I did not receive any information"
"GEN24_1009571","Yes","I did not receive any information"
"GEN24_1009574","Yes","While in New Zealand"
"GEN24_1009576","Yes","While in New Zealand"
"GEN24_1009595","Yes","I did not receive any information"
"GEN24_1009611","No",NA
"GEN24_1009613","Yes","I did not receive any information"
"GEN24_1009616","No",NA
"GEN24_1009617","Yes","I did not receive any information"
"GEN24_1009621","No",NA
"GEN24_1009626","Yes","I did not receive any information"
"GEN24_1009641","Yes","Before arriving in New Zealand"
"GEN24_1009641","Yes","While in New Zealand"
"GEN24_1009650","Yes","While in New Zealand"
"GEN24_1009652","Yes","Before arriving in New Zealand"
"GEN24_1009653","Yes","I did not receive any information"
"GEN24_1009657","Yes","I did not receive any information"
"GEN24_1009658","Yes","Before arriving in New Zealand"
"GEN24_1009666","No",NA
"GEN24_1009707","Yes","Before arriving in New Zealand"
"GEN24_1009709","Yes","Before arriving in New Zealand"
"GEN24_1009715","Yes","Before arriving in New Zealand"
"GEN24_1009718","No",NA
"GEN24_1009719","Yes","While in New Zealand"
"GEN24_1009721","Yes","Before arriving in New Zealand"
"GEN24_1009723","No",NA
"GEN24_1009725","Yes","Before arriving in New Zealand"
"GEN24_1009732","Yes","I did not receive any information"
"GEN24_1009742","Yes","I did not receive any information"
"GEN24_1009748","Yes","I did not receive any information"
"GEN24_1009751","Yes","I did not receive any information"
"GEN24_1009753","No",NA
"GEN24_1009755","Yes","While in New Zealand"
"GEN24_1009757","Yes","I did not receive any information"
"GEN24_1009763","Yes","Before arriving in New Zealand"
"GEN24_1009766","Yes","Before arriving in New Zealand"
"GEN24_1009767","Yes","Before arriving in New Zealand"
"GEN24_1009768","Yes","Before arriving in New Zealand"
"GEN24_1009775","Yes","I did not receive any information"
"GEN24_1009776","Yes","I did not receive any information"
"GEN24_1009779","No",NA
"GEN24_1009791","Yes","While in New Zealand"
"GEN24_1009792","No",NA
"GEN24_1009806","Yes","I did not receive any information"
"GEN24_1009815","Yes","Before arriving in New Zealand"
"GEN24_1009826","No",NA
"GEN24_1009843","Yes","While in New Zealand"
"GEN24_1009848","No",NA
"GEN24_1009850","Yes","While in New Zealand"
"GEN24_1009854","Yes","I did not receive any information"
"GEN24_1009856","Yes","Before arriving in New Zealand"
"GEN24_1009857","Yes","I did not receive any information"
"GEN24_1009865","Yes","I did not receive any information"
"GEN24_1009868","Yes","While in New Zealand"
"GEN24_1009870","Yes","I did not receive any information"
"GEN24_1009872","Yes","I did not receive any information"
"GEN24_1009873","Yes","I did not receive any information"
"GEN24_1009877","No",NA
"GEN24_1009892","Yes","I did not receive any information"
"GEN24_1009900","Yes","Before arriving in New Zealand"
"GEN24_1009902","Yes","Before arriving in New Zealand"
"GEN24_1009906","Can’t remember",NA
"GEN24_1009908","Yes","I did not receive any information"
"GEN24_1009909","No",NA
"GEN24_1009913","Yes","Before arriving in New Zealand"
"GEN24_1009918","Yes","While in New Zealand"
"GEN24_1009919","Yes","Before arriving in New Zealand"
"GEN24_1009923","Yes","While in New Zealand"
"GEN24_1009924","Yes","Before arriving in New Zealand"
"GEN24_1009929","Yes","I did not receive any information"
"GEN24_1009930","No",NA
"GEN24_1009931","No",NA
"GEN24_1009939","Yes","Before arriving in New Zealand"
"GEN24_1009942","No",NA
"GEN24_1009952","No",NA
"GEN24_1009962","Yes","While in New Zealand"
"GEN24_1009964","Yes","Before arriving in New Zealand"
"GEN24_1009965","Yes","Before arriving in New Zealand"
"GEN24_1009972","No",NA
"GEN24_1009976","No",NA
"GEN24_1009994","Yes","While in New Zealand"
"GEN24_1009997","Yes","While in New Zealand"
"GEN24_1009998","Yes","While in New Zealand"
"GEN24_1009999","Yes","While in New Zealand"
"GEN24_1010001","No",NA
"GEN24_1010002","Yes","Before arriving in New Zealand"
"GEN24_1010012","Yes","Before arriving in New Zealand"
"GEN24_1010018","Yes","I did not receive any information"
"GEN24_1010026","No",NA
"GEN24_1010030","Yes","I did not receive any information"
"GEN24_1010036","Yes","I did not receive any information"
"GEN24_1010040","Yes","While in New Zealand"
"GEN24_1010041","Yes","I did not receive any information"
"GEN24_1010050","Yes","I did not receive any information"
"GEN24_1010053","No",NA
"GEN24_1010061","Yes","I did not receive any information"
"GEN24_1010077","No",NA
"GEN24_1010090","Yes","While in New Zealand"
"GEN24_1010098","Yes","Before arriving in New Zealand"
"GEN24_1010098","Yes","While in New Zealand"
"GEN24_1010103","Yes","I did not receive any information"
"GEN24_1010106","Yes","Before arriving in New Zealand"
"GEN24_1010108","No",NA
"GEN24_1010117","No",NA
"GEN24_1010127","Yes","Before arriving in New Zealand"
"GEN24_1010131","Yes","While in New Zealand"
"GEN24_1010138","No",NA
"GEN24_1010139","Yes","Before arriving in New Zealand"
"GEN24_1010141","Yes","While in New Zealand"
"GEN24_1010150","Yes","Before arriving in New Zealand"
"GEN24_1010179","Yes","I did not receive any information"
"GEN24_1010183","No",NA
"GEN24_1010189","Yes","I did not receive any information"
"GEN24_1010190","Yes","Before arriving in New Zealand"
"GEN24_1010191","No",NA
"GEN24_1010192","No",NA
"GEN24_1010198","No",NA
"GEN24_1010202","Yes","Before arriving in New Zealand"
"GEN24_1010207","No",NA
"GEN24_1010213","Yes","While in New Zealand"
"GEN24_1010218","Yes","I did not receive any information"
"GEN24_1010239","Yes","I did not receive any information"
"GEN24_1010241","Yes","While in New Zealand"
"GEN24_1010245","Yes","Before arriving in New Zealand"
"GEN24_1010245","Yes","While in New Zealand"
"GEN24_1010249","Yes","While in New Zealand"
"GEN24_1010253","Yes","I did not receive any information"
"GEN24_1010258","Yes","While in New Zealand"
"GEN24_1010259","Yes","I did not receive any information"
"GEN24_1010261","Yes","While in New Zealand"
"GEN24_1010264","No",NA
"GEN24_1010265","Yes","Before arriving in New Zealand"
"GEN24_1010266","No",NA
"GEN24_1010278","No",NA
"GEN24_1010284","Yes","Before arriving in New Zealand"
"GEN24_1010290","Yes","Before arriving in New Zealand"
"GEN24_1010290","Yes","While in New Zealand"
"GEN24_1010294","No",NA
"GEN24_1010296","Yes","I did not receive any information"
"GEN24_1010299","Yes","I did not receive any information"
"GEN24_1010300","Yes","Before arriving in New Zealand"
"GEN24_1010300","Yes","While in New Zealand"
"GEN24_1010302","Yes","Before arriving in New Zealand"
"GEN24_1010310","No",NA
"GEN24_1010311","Yes","While in New Zealand"
"GEN24_1010312","Yes","Before arriving in New Zealand"
"GEN24_1010313","Yes","While in New Zealand"
"GEN24_1010314","Yes","I did not receive any information"
"GEN24_1010320","Yes","While in New Zealand"
"GEN24_1010321","Yes","Before arriving in New Zealand"
"GEN24_1010323","No",NA
"GEN24_1010326","Yes","I did not receive any information"
"GEN24_1010327","No",NA
"GEN24_1010328","Yes","While in New Zealand"
"GEN24_1010331","Yes","I did not receive any information"
"GEN24_1010337","Yes","Before arriving in New Zealand"
"GEN24_1010344","No",NA
"GEN24_1010351","No",NA
"GEN24_1010359","Yes","I did not receive any information"
"GEN24_1010376","Yes","I did not receive any information"
"GEN24_1010378","Yes","I did not receive any information"
"GEN24_1010382","No",NA
"GEN24_1010383","Yes","Before arriving in New Zealand"
"GEN24_1010387","Yes","I did not receive any information"
"GEN24_1010388","Yes","I did not receive any information"
"GEN24_1010396","Yes","While in New Zealand"
"GEN24_1010400","Yes","While in New Zealand"
"GEN24_1010422","Yes","While in New Zealand"
"GEN24_1010441","Yes","I did not receive any information"
"GEN24_1010442","Yes","Before arriving in New Zealand"
"GEN24_1010444","Yes","I did not receive any information"
"GEN24_1010446","No",NA
"GEN24_1010455","Yes","Before arriving in New Zealand"
"GEN24_1010459","Yes","I did not receive any information"
"GEN24_1010468","Yes","I did not receive any information"
"GEN24_1010475","Yes","Before arriving in New Zealand"
"GEN24_1010480","No",NA
"GEN24_1010491","No",NA
"GEN24_1010492","Yes","While in New Zealand"
"GEN24_1010513","Yes","I did not receive any information"
"GEN24_1010516","Yes","I did not receive any information"
"GEN24_1010524","Yes","While in New Zealand"
"GEN24_1010525","No",NA
"GEN24_1010529","Yes","Before arriving in New Zealand"
"GEN24_1010531","Yes","Before arriving in New Zealand"
"GEN24_1010532","No",NA
"GEN24_1010537","Yes","While in New Zealand"
"GEN24_1010539","Yes","While in New Zealand"
"GEN24_1010550","Yes","Before arriving in New Zealand"
"GEN24_1010553","Yes","While in New Zealand"
"GEN24_1010554","Yes","I did not receive any information"
"GEN24_1010562","Yes","Before arriving in New Zealand"
"GEN24_1010562","Yes","While in New Zealand"
"GEN24_1010564","No",NA
"GEN24_1010573","Yes","I did not receive any information"
"GEN24_1010577","Yes","I did not receive any information"
"GEN24_1010585","Yes","I did not receive any information"
"GEN24_1010589","Yes","While in New Zealand"
"GEN24_1010593","Yes","I did not receive any information"
"GEN24_1010597","No",NA
"GEN24_1010598","Yes","I did not receive any information"
"GEN24_1010620","Yes","I did not receive any information"
"GEN24_1010628","Yes","I did not receive any information"
"GEN24_1010629","Yes","I did not receive any information"
"GEN24_1010630","Yes","While in New Zealand"
"GEN24_1010633","Yes","I did not receive any information"
"GEN24_1010635","No",NA
"GEN24_1010643","No",NA
"GEN24_1010647","Yes","I did not receive any information"
"GEN24_1010651","Yes","Before arriving in New Zealand"
"GEN24_1010674","Yes","Before arriving in New Zealand"
"GEN24_1010674","Yes","While in New Zealand"
"GEN24_1010678","Yes","Before arriving in New Zealand"
"GEN24_1010680","Yes","Before arriving in New Zealand"
"GEN24_1010681","Yes","While in New Zealand"
"GEN24_1010688","Yes","I did not receive any information"
"GEN24_1010690","Yes","While in New Zealand"
"GEN24_1010691","No",NA
"GEN24_1010702","Yes","Before arriving in New Zealand"
"GEN24_1010702","Yes","While in New Zealand"
"GEN24_1010707","No",NA
"GEN24_1010715","Yes","Before arriving in New Zealand"
"GEN24_1010718","Yes","Before arriving in New Zealand"
"GEN24_1010721","No",NA
"GEN24_1010723","Yes","Before arriving in New Zealand"
"GEN24_1010723","Yes","While in New Zealand"
"GEN24_1010731","Yes","I did not receive any information"
"GEN24_1010732","Yes","Before arriving in New Zealand"
"GEN24_1010732","Yes","While in New Zealand"
"GEN24_1010735","Yes","I did not receive any information"
"GEN24_1010750","Yes","Before arriving in New Zealand"
"GEN24_1010753","Yes","I did not receive any information"
"GEN24_1010756","No",NA
"GEN24_1010764","Yes","Before arriving in New Zealand"
"GEN24_1010765","No",NA
"GEN24_1010767","Yes","I did not receive any information"
"GEN24_1010768","Yes","Before arriving in New Zealand"
"GEN24_1010768","Yes","While in New Zealand"
"GEN24_1010771","Yes","Before arriving in New Zealand"
"GEN24_1010784","No",NA
"GEN24_1010785","No",NA
"GEN24_1010787","No",NA
"GEN24_1010791","Yes","I did not receive any information"
"GEN24_1010793","No",NA
"GEN24_1010796","Yes","I did not receive any information"
"GEN24_1010798","Yes","Before arriving in New Zealand"
"GEN24_1010798","Yes","While in New Zealand"
"GEN24_1010799","Yes","While in New Zealand"
"GEN24_1010800","Yes","I did not receive any information"
"GEN24_1010802","Yes","I did not receive any information"
"GEN24_1010804","Yes","Before arriving in New Zealand"
"GEN24_1010820","Yes","I did not receive any information"
"GEN24_1010831","Yes","While in New Zealand"
"GEN24_1010837","Yes","Before arriving in New Zealand"
"GEN24_1010841","Yes","While in New Zealand"
"GEN24_1010861","Yes","I did not receive any information"
"GEN24_1010878","No",NA
"GEN24_1010881","Yes","While in New Zealand"
"GEN24_1010886","No",NA
"GEN24_1010888","No",NA
"GEN24_1010898","Yes","While in New Zealand"
"GEN24_1010900","Yes","Before arriving in New Zealand"
"GEN24_1010901","No",NA
"GEN24_1010904","No",NA
"GEN24_1010914","No",NA
"GEN24_1010915","Yes","Before arriving in New Zealand"
"GEN24_1010922","Yes","While in New Zealand"
"GEN24_1010924","Yes","I did not receive any information"
"GEN24_1010927","Yes","I did not receive any information"
"GEN24_1010935","Yes","Before arriving in New Zealand"
"GEN24_1010935","Yes","While in New Zealand"
"GEN24_1010941","Yes","I did not receive any information"
"GEN24_1010948","Yes","I did not receive any information"
"GEN24_1010954","Yes","I did not receive any information"
"GEN24_1010956","Yes","While in New Zealand"
"GEN24_1010968","No",NA
"GEN24_1010970","No",NA
"GEN24_1010976","No",NA
"GEN24_1010978","Yes","While in New Zealand"
"GEN24_1010979","No",NA
"GEN24_1010980","Yes","I did not receive any information"
"GEN24_1010984","No",NA
"GEN24_1010988","Yes","While in New Zealand"
"GEN24_1010990","Yes","I did not receive any information"
"GEN24_1010992","Yes","While in New Zealand"
"GEN24_1010995","No",NA
"GEN24_1011000","Yes","Before arriving in New Zealand"
"GEN24_1011007","No",NA
"GEN24_1011016","Yes","I did not receive any information"
"GEN24_1011019","Yes","Before arriving in New Zealand"
"GEN24_1011021","Yes","I did not receive any information"
"GEN24_1011029","No",NA
"GEN24_1011030","Yes","While in New Zealand"
"GEN24_1011035","Yes","Before arriving in New Zealand"
"GEN24_1011045","No",NA
"GEN24_1011055","Yes","I did not receive any information"
"GEN24_1011056","No",NA
"GEN24_1011058","Yes","While in New Zealand"
"GEN24_1011065","Yes","Before arriving in New Zealand"
"GEN24_1011065","Yes","While in New Zealand"
"GEN24_1011069","No",NA
"GEN24_1011071","Yes","Before arriving in New Zealand"
"GEN24_1011071","Yes","While in New Zealand"
"GEN24_1011072","No",NA
"GEN24_1011086","Yes","I did not receive any information"
"GEN24_1011090","Yes","While in New Zealand"
"GEN24_1011094","Yes","I did not receive any information"
"GEN24_1011096","Yes","Before arriving in New Zealand"
"GEN24_1011097","No",NA
"GEN24_1011099","Yes","Before arriving in New Zealand"
"GEN24_1011103","Yes","I did not receive any information"
"GEN24_1011105","Yes","I did not receive any information"
"GEN24_1011106","Yes","I did not receive any information"
"GEN24_1011107","Yes","Before arriving in New Zealand"
"GEN24_1011115","Yes","I did not receive any information"
"GEN24_1011120","Yes","Before arriving in New Zealand"
"GEN24_1011122","Yes","I did not receive any information"
"GEN24_1011128","Yes","I did not receive any information"
"GEN24_1011155","Yes","While in New Zealand"
"GEN24_1011156","Yes","I did not receive any information"
"GEN24_1011157","Yes","Before arriving in New Zealand"
"GEN24_1011159","Yes","Before arriving in New Zealand"
"GEN24_1011160","No",NA
"GEN24_1011164","Yes","I did not receive any information"
"GEN24_1011168","Yes","Before arriving in New Zealand"
"GEN24_1011176","No",NA
"GEN24_1011178","Yes","While in New Zealand"
"GEN24_1011184","No",NA
"GEN24_1011191","Yes","While in New Zealand"
"GEN24_1011198","Yes","Before arriving in New Zealand"
"GEN24_1011198","Yes","While in New Zealand"
"GEN24_1011199","Yes","While in New Zealand"
"GEN24_1011200","Yes","I did not receive any information"
"GEN24_1011225","No",NA
"GEN24_1011227","Yes","I did not receive any information"
"GEN24_1011234","Yes","Before arriving in New Zealand"
"GEN24_1011250","Yes","Before arriving in New Zealand"
"GEN24_1011250","Yes","While in New Zealand"
"GEN24_1011259","Yes","Before arriving in New Zealand"
"GEN24_1011262","No",NA
"GEN24_1011272","Yes","While in New Zealand"
"GEN24_1011277","No",NA
"GEN24_1011279","Yes","I did not receive any information"
"GEN24_1011280","Yes","Before arriving in New Zealand"
"GEN24_1011290","Yes","Before arriving in New Zealand"
"GEN24_1011292","No",NA
"GEN24_1011297","Yes","Before arriving in New Zealand"
"GEN24_1011299","Yes","While in New Zealand"
"GEN24_1011308","Yes","I did not receive any information"
"GEN24_1011309","Yes","Before arriving in New Zealand"
"GEN24_1011315","No",NA
"GEN24_1011338","Yes","I did not receive any information"
"GEN24_1011340","Yes","Before arriving in New Zealand"
"GEN24_1011340","Yes","While in New Zealand"
"GEN24_1011341","Yes","I did not receive any information"
"GEN24_1011348","No",NA
"GEN24_1011349","Yes","I did not receive any information"
"GEN24_1011355","No",NA
"GEN24_1011360","Yes","Before arriving in New Zealand"
"GEN24_1011364","Yes","While in New Zealand"
"GEN24_1011369","No",NA
"GEN24_1011372","Yes","I did not receive any information"
"GEN24_1011383","No",NA
"GEN24_1011385","Yes","While in New Zealand"
"GEN24_1011393","No",NA
"GEN24_1011406","Yes","I did not receive any information"
"GEN24_1011408","Yes","I did not receive any information"
"GEN24_1011409","Yes","Before arriving in New Zealand"
"GEN24_1011412","Yes","Before arriving in New Zealand"
"GEN24_1011415","Yes","I did not receive any information"
"GEN24_1011436","No",NA
"GEN24_1011447","Yes","Before arriving in New Zealand"
"GEN24_1011447","Yes","While in New Zealand"
"GEN24_1011452","Yes","Before arriving in New Zealand"
"GEN24_1011465","Yes","Before arriving in New Zealand"
"GEN24_1011480","No",NA
"GEN24_1011492","Yes","Before arriving in New Zealand"
"GEN24_1011495","Yes","I did not receive any information"
"GEN24_1011522","Yes","Before arriving in New Zealand"
"GEN24_1011525","Yes","While in New Zealand"
"GEN24_1011530","Yes","Before arriving in New Zealand"
"GEN24_1011535","Yes","Before arriving in New Zealand"
"GEN24_1011535","Yes","While in New Zealand"
"GEN24_1011538","No",NA
"GEN24_1011541","Yes","I did not receive any information"
"GEN24_1011561","Yes","Before arriving in New Zealand"
"GEN24_1011561","Yes","While in New Zealand"
"GEN24_1011583","Yes","While in New Zealand"
"GEN24_1011587","Yes","Before arriving in New Zealand"
"GEN24_1011607","No",NA
"GEN24_1011624","Yes","While in New Zealand"
"GEN24_1011634","Yes","Before arriving in New Zealand"
"GEN24_1011639","Yes","Before arriving in New Zealand"
"GEN24_1011639","Yes","While in New Zealand"
"GEN24_1011641","Yes","Before arriving in New Zealand"
"GEN24_1011657","Yes","I did not receive any information"
"GEN24_1011665","Yes","Before arriving in New Zealand"
"GEN24_1011668","Yes","I did not receive any information"
"GEN24_1011669","Yes","Before arriving in New Zealand"
"GEN24_1011671","Yes","Before arriving in New Zealand"
"GEN24_1011680","Yes","While in New Zealand"
"GEN24_1011682","No",NA
"GEN24_1011688","Yes","I did not receive any information"
"GEN24_1011689","Yes","While in New Zealand"
"GEN24_1011692","Yes","Before arriving in New Zealand"
"GEN24_1011697","Yes","I did not receive any information"
"GEN24_1011709","Yes","I did not receive any information"
"GEN24_1011710","Yes","While in New Zealand"
"GEN24_1011711","Yes","While in New Zealand"
"GEN24_1011717","Yes","While in New Zealand"
"GEN24_1011728","Yes","I did not receive any information"
"GEN24_1011733","Yes","I did not receive any information"
"GEN24_1011737","Yes","I did not receive any information"
"GEN24_1011740","Yes","Before arriving in New Zealand"
"GEN24_1011744","No",NA
"GEN24_1011747","Yes","Before arriving in New Zealand"
"GEN24_1011747","Yes","While in New Zealand"
"GEN24_1011762","Yes","While in New Zealand"
"GEN24_1011763","Yes","Before arriving in New Zealand"
"GEN24_1011764","Yes","Before arriving in New Zealand"
"GEN24_1011764","Yes","While in New Zealand"
"GEN24_1011804","Yes","Before arriving in New Zealand"
"GEN24_1011804","Yes","While in New Zealand"
"GEN24_1011815","Yes","While in New Zealand"
"GEN24_1011823","Yes","I did not receive any information"
"GEN24_1011841","Yes","I did not receive any information"
"GEN24_1011843","No",NA
"GEN24_1011853","No",NA
"GEN24_1011854","No",NA
"GEN24_1011871","Yes","I did not receive any information"
"GEN24_1011892","Yes","While in New Zealand"
"GEN24_1011897","Yes","I did not receive any information"
"GEN24_1011902","Yes","Before arriving in New Zealand"
"GEN24_1011902","Yes","While in New Zealand"
"GEN24_1011915","No",NA
"GEN24_1011918","No",NA
"GEN24_1011923","No",NA
"GEN24_1011946","Yes","I did not receive any information"
"GEN24_1011952","Yes","While in New Zealand"
"GEN24_1011953","Yes","Before arriving in New Zealand"
"GEN24_1011953","Yes","While in New Zealand"
"GEN24_1011974","Yes","I did not receive any information"
"GEN24_1011982","Yes","While in New Zealand"
"GEN24_1011993","No",NA
"GEN24_1012001","Yes","I did not receive any information"
"GEN24_1012031","Yes","While in New Zealand"
"GEN24_1012037","Yes","Before arriving in New Zealand"
"GEN24_1012045","Yes","Before arriving in New Zealand"
"GEN24_1012050","No",NA
"GEN24_1012074","Yes","I did not receive any information"
"GEN24_1012088","Yes","I did not receive any information"
"GEN24_1012091","Yes","I did not receive any information"
"GEN24_1012094","Yes","Before arriving in New Zealand"
"GEN24_1012098","No",NA
"GEN24_1012107","Yes","I did not receive any information"
"GEN24_1012108","Yes","I did not receive any information"
"GEN24_1012110","Yes","While in New Zealand"
"GEN24_1012112","Yes","I did not receive any information"
"GEN24_1012128","Yes","I did not receive any information"
"GEN24_1012169","No",NA
"GEN24_1012175","No",NA
"GEN24_1012188","Yes","I did not receive any information"
"GEN24_1012197","No",NA
"GEN24_1012198","Yes","I did not receive any information"
"GEN24_1012206","Yes","Before arriving in New Zealand"
"GEN24_1012211","Yes","I did not receive any information"
"GEN24_1012216","No",NA
"GEN24_1012218","No",NA
"GEN24_1012238","Yes","I did not receive any information"
"GEN24_1012243","No",NA
"GEN24_1012245","Yes","I did not receive any information"
"GEN24_1012294","Yes","I did not receive any information"
"GEN24_1012295","Yes","Before arriving in New Zealand"
"GEN24_1012306","Yes","Before arriving in New Zealand"
"GEN24_1012306","Yes","While in New Zealand"
"GEN24_1012309","Yes","Before arriving in New Zealand"
"GEN24_1012319","Yes","While in New Zealand"
"GEN24_1012353","No",NA
"GEN24_1012360","Yes","I did not receive any information"
"GEN24_1012363","Yes","I did not receive any information"
"GEN24_1012364","Yes","I did not receive any information"
"GEN24_1012369","Yes","I did not receive any information"
"GEN24_1012376","Yes","I did not receive any information"
"GEN24_1012380","Yes","I did not receive any information"
"GEN24_1012391","Yes","I did not receive any information"
"GEN24_1012415","Yes","I did not receive any information"
"GEN24_1012423","Yes","I did not receive any information"
"GEN24_1012424","No",NA
"GEN24_1012426","Yes","I did not receive any information"
"GEN24_1012438","Yes","I did not receive any information"
"GEN24_1012445","No",NA
"GEN24_1012454","Yes","I did not receive any information"
"GEN24_1012460","Yes","While in New Zealand"
"GEN24_1012461","Yes","Before arriving in New Zealand"
"GEN24_1012464","Yes","Before arriving in New Zealand"
"GEN24_1012499","Yes","I did not receive any information"
"GEN24_1012505","No",NA
"GEN24_1012506","Yes","I did not receive any information"
"GEN24_1012508","Yes","I did not receive any information"
"GEN24_1012516","Yes","Before arriving in New Zealand"
"GEN24_1012518","Yes","Before arriving in New Zealand"
"GEN24_1012523","Yes","I did not receive any information"
"GEN24_1012525","Yes","I did not receive any information"
"GEN24_1012529","Yes","While in New Zealand"
"GEN24_1012530","Yes","While in New Zealand"
"GEN24_1012540","No",NA
"GEN24_1012541","Yes","I did not receive any information"
"GEN24_1012548","Yes","Before arriving in New Zealand"
"GEN24_1012549","Yes","Before arriving in New Zealand"
"GEN24_1012587","Yes","Before arriving in New Zealand"
"GEN24_1012600","No",NA
"GEN24_1012607","Yes","While in New Zealand"
"GEN24_1012608","Yes","I did not receive any information"
"GEN24_1012610","Yes","While in New Zealand"
"GEN24_1012612","No",NA
"GEN24_1012614","No",NA
"GEN24_1012619","No",NA
"GEN24_1012620","No",NA
"GEN24_1012621","No",NA
"GEN24_1012624","No",NA
"GEN24_1012630","Yes","I did not receive any information"
"GEN24_1012632","Yes","I did not receive any information"
"GEN24_1012636","Yes","While in New Zealand"
"GEN24_1012640","Yes","I did not receive any information"
"GEN24_1012647","No",NA
"GEN24_1012659","Yes","While in New Zealand"
"GEN24_1012661","Yes","Before arriving in New Zealand"
"GEN24_1012665","Yes","I did not receive any information"
"GEN24_1012667","Yes","I did not receive any information"
"GEN24_1012679","No",NA
"GEN24_1012687","Yes","I did not receive any information"
"GEN24_1012688","Yes","Before arriving in New Zealand"
"GEN24_1012691","Yes","I did not receive any information"
"GEN24_1012693","Yes","I did not receive any information"
"GEN24_1012712","Yes","Before arriving in New Zealand"
"GEN24_1012712","Yes","While in New Zealand"
"GEN24_1012716","Yes","I did not receive any information"
"GEN24_1012727","Yes","Before arriving in New Zealand"
"GEN24_1012736","No",NA
"GEN24_1012737","Yes","I did not receive any information"
"GEN24_1012739","Yes","Before arriving in New Zealand"
"GEN24_1012743","Yes","While in New Zealand"
"GEN24_1012751","Yes","I did not receive any information"
"GEN24_1012756","Yes","Before arriving in New Zealand"
"GEN24_1012756","Yes","While in New Zealand"
"GEN24_1012765","Yes","I did not receive any information"
"GEN24_1012769","No",NA
"GEN24_1012772","Yes","I did not receive any information"
"GEN24_1012774","Yes","Before arriving in New Zealand"
"GEN24_1012777","Yes","I did not receive any information"
"GEN24_1012783","Yes","I did not receive any information"
"GEN24_1012786","Yes","I did not receive any information"
"GEN24_1012788","Yes","While in New Zealand"
"GEN24_1012793","Yes","I did not receive any information"
"GEN24_1012795","No",NA
"GEN24_1012801","Yes","I did not receive any information"
"GEN24_1012806","No",NA
"GEN24_1012809","Yes","While in New Zealand"
"GEN24_1012815","Yes","I did not receive any information"
"GEN24_1012821","Yes","I did not receive any information"
"GEN24_1012825","Yes","I did not receive any information"
"GEN24_1012826","Yes","I did not receive any information"
"GEN24_1012830","Yes","Before arriving in New Zealand"
"GEN24_1012833","Yes","I did not receive any information"
"GEN24_1012838","No",NA
"GEN24_1012839","No",NA
"GEN24_1012841","Yes","I did not receive any information"
"GEN24_1012844","Yes","I did not receive any information"
"GEN24_1012849","Can’t remember",NA
"GEN24_1012851","Yes","While in New Zealand"
"GEN24_1012853","Yes","I did not receive any information"
"GEN24_1012854","Yes","Before arriving in New Zealand"
"GEN24_1012862","Yes","Before arriving in New Zealand"
"GEN24_1012866","Yes","While in New Zealand"
"GEN24_1012876","No",NA
"GEN24_1012877","Yes","While in New Zealand"
"GEN24_1012881","Yes","I did not receive any information"
"GEN24_1012891","Yes","I did not receive any information"
"GEN24_1012894","Yes","I did not receive any information"
"GEN24_1012901","Yes","I did not receive any information"
"GEN24_1012902","Yes","I did not receive any information"
"GEN24_1012908","Yes","I did not receive any information"
"GEN24_1012909","Yes","I did not receive any information"
"GEN24_1012910","No",NA
"GEN24_1012914","Yes","Before arriving in New Zealand"
"GEN24_1012935","Yes","I did not receive any information"
"GEN24_1012949","Yes","I did not receive any information"
"GEN24_1012953","Yes","While in New Zealand"
"GEN24_1012954","Yes","Before arriving in New Zealand"
"GEN24_1012960","No",NA
"GEN24_1012972","No",NA
"GEN24_1012980","Yes","I did not receive any information"
"GEN24_1012983","Yes","Before arriving in New Zealand"
"GEN24_1012989","Yes","I did not receive any information"
"GEN24_1012992","Yes","Before arriving in New Zealand"
"GEN24_1012996","No",NA
"GEN24_1012999","Yes","Before arriving in New Zealand"
"GEN24_1013005","Yes","I did not receive any information"
"GEN24_1013006","Yes","While in New Zealand"
"GEN24_1013019","No",NA
"GEN24_1013029","Yes","Before arriving in New Zealand"
"GEN24_1013033","Yes","I did not receive any information"
"GEN24_1013035","Yes","Before arriving in New Zealand"
"GEN24_1013036","Yes","I did not receive any information"
"GEN24_1013037","No",NA
"GEN24_1013041","Yes","I did not receive any information"
"GEN24_1013046","Yes","I did not receive any information"
"GEN24_1013056","Yes","I did not receive any information"
"GEN24_1013058","Yes","Before arriving in New Zealand"
"GEN24_1013059","Yes","I did not receive any information"
"GEN24_1013060","Yes","I did not receive any information"
"GEN24_1013063","Yes","Before arriving in New Zealand"
"GEN24_1013068","Yes","I did not receive any information"
"GEN24_1013075","Yes","While in New Zealand"
"GEN24_1013079","Yes","I did not receive any information"
"GEN24_1013102","No",NA
"GEN24_1013103","No",NA
"GEN24_1013120","Yes","I did not receive any information"
"GEN24_1013125","Yes","Before arriving in New Zealand"
"GEN24_1013140","Yes","While in New Zealand"
"GEN24_1013141","Yes","Before arriving in New Zealand"
"GEN24_1013142","No",NA
"GEN24_1013145","No",NA
"GEN24_1013151","Yes","While in New Zealand"
"GEN24_1013152","No",NA
"GEN24_1013153","Yes","Before arriving in New Zealand"
"GEN24_1013156","Yes","Before arriving in New Zealand"
"GEN24_1013156","Yes","While in New Zealand"
"GEN24_1013158","Yes","I did not receive any information"
"GEN24_1013159","No",NA
"GEN24_1013160","Yes","I did not receive any information"
"GEN24_1013163","Yes","I did not receive any information"
"GEN24_1013165","Yes","I did not receive any information"
"GEN24_1013169","Yes","I did not receive any information"
"GEN24_1013173","Yes","Before arriving in New Zealand"
"GEN24_1013175","No",NA
"GEN24_1013176","No",NA
"GEN24_1013179","Yes","Before arriving in New Zealand"
"GEN24_1013181","Yes","I did not receive any information"
"GEN24_1013190","No",NA
"GEN24_1013192","No",NA
"GEN24_1013194","Yes","Before arriving in New Zealand"
"GEN24_1013196","No",NA
"GEN24_1013200","Yes","I did not receive any information"
"GEN24_1013201","Yes","Before arriving in New Zealand"
"GEN24_1013203","No",NA
"GEN24_1013204","Yes","Before arriving in New Zealand"
"GEN24_1013209","Yes","Before arriving in New Zealand"
"GEN24_1013209","Yes","While in New Zealand"
"GEN24_1013220","No",NA
"GEN24_1013223","Yes","I did not receive any information"
"GEN24_1013230","Yes","I did not receive any information"
"GEN24_1013232","Yes","Before arriving in New Zealand"
"GEN24_1013232","Yes","While in New Zealand"
"GEN24_1013252","No",NA
"GEN24_1013261","Yes","I did not receive any information"
"GEN24_1013271","No",NA
"GEN24_1013278","Yes","I did not receive any information"
"GEN24_1013280","No",NA
"GEN24_1013287","Yes","Before arriving in New Zealand"
"GEN24_1013289","Yes","While in New Zealand"
"GEN24_1013294","Yes","I did not receive any information"
"GEN24_1013295","Yes","I did not receive any information"
"GEN24_1013296","Yes","Before arriving in New Zealand"
"GEN24_1013304","Yes","While in New Zealand"
"GEN24_1013305","Yes","I did not receive any information"
"GEN24_1013306","No",NA
"GEN24_1013320","No",NA
"GEN24_1013325","Yes","I did not receive any information"
"GEN24_1013326","Yes","I did not receive any information"
"GEN24_1013329","Yes","I did not receive any information"
"GEN24_1013331","Yes","I did not receive any information"
"GEN24_1013337","No",NA
"GEN24_1013338","Yes","I did not receive any information"
"GEN24_1013340","No",NA
"GEN24_1013355","Yes","I did not receive any information"
"GEN24_1013358","Yes","Before arriving in New Zealand"
"GEN24_1013368","Yes","I did not receive any information"
"GEN24_1013374","Yes","I did not receive any information"
"GEN24_1013378","No",NA
"GEN24_1013383","Yes","I did not receive any information"
"GEN24_1013386","Yes","I did not receive any information"
"GEN24_1013394","Yes","I did not receive any information"
"GEN24_1013405","Yes","I did not receive any information"
"GEN24_1013407","Yes","I did not receive any information"
"GEN24_1013414","No",NA
"GEN24_1013416","No",NA
"GEN24_1013418","Yes","I did not receive any information"
"GEN24_1013424","No",NA
"GEN24_1013435","No",NA
"GEN24_1013440","No",NA
"GEN24_1013441","Yes","I did not receive any information"
"GEN24_1013444","Yes","While in New Zealand"
"GEN24_1013450","Yes","I did not receive any information"
"GEN24_1013456","Yes","I did not receive any information"
"GEN24_1013457","Yes","I did not receive any information"
"GEN24_1013460","Yes","Before arriving in New Zealand"
"GEN24_1013464","No",NA
"GEN24_1013467","Yes","Before arriving in New Zealand"
"GEN24_1013469","Yes","Before arriving in New Zealand"
"GEN24_1013481","No",NA
"GEN24_1013482","Yes","Before arriving in New Zealand"
"GEN24_1013483","No",NA
"GEN24_1013488","Yes","I did not receive any information"
"GEN24_1013491","Yes","I did not receive any information"
"GEN24_1013499","Yes","I did not receive any information"
"GEN24_1013511","Yes","I did not receive any information"
"GEN24_1013513","No",NA
"GEN24_1013515","Yes","While in New Zealand"
"GEN24_1013517","Yes","Before arriving in New Zealand"
"GEN24_1013517","Yes","While in New Zealand"
"GEN24_1013521","Yes","Before arriving in New Zealand"
"GEN24_1013523","Yes","Before arriving in New Zealand"
"GEN24_1013526","No",NA
"GEN24_1013531","No",NA
"GEN24_1013548","Yes","Before arriving in New Zealand"
"GEN24_1013551","Yes","While in New Zealand"
"GEN24_1013561","Yes","Before arriving in New Zealand"
"GEN24_1013565","Yes","Before arriving in New Zealand"
"GEN24_1013579","Yes","While in New Zealand"
"GEN24_1013583","Yes","While in New Zealand"
"GEN24_1013584","Yes","Before arriving in New Zealand"
"GEN24_1013590","Yes","Before arriving in New Zealand"
"GEN24_1013591","Yes","I did not receive any information"
"GEN24_1013596","Yes","I did not receive any information"
"GEN24_1013606","Yes","While in New Zealand"
"GEN24_1013610","No",NA
"GEN24_1013615","No",NA
"GEN24_1013616","Yes","I did not receive any information"
"GEN24_1013622","Yes","Before arriving in New Zealand"
"GEN24_1013622","Yes","While in New Zealand"
"GEN24_1013624","Yes","Before arriving in New Zealand"
"GEN24_1013627","No",NA
"GEN24_1013630","No",NA
"GEN24_1013632","Yes","I did not receive any information"
"GEN24_1013639","Yes","I did not receive any information"
"GEN24_1013647","Yes","I did not receive any information"
"GEN24_1013649","No",NA
"GEN24_1013650","Yes","Before arriving in New Zealand"
"GEN24_1013650","Yes","While in New Zealand"
"GEN24_1013658","Yes","Before arriving in New Zealand"
"GEN24_1013659","No",NA
"GEN24_1013662","Yes","I did not receive any information"
"GEN24_1013663","Yes","I did not receive any information"
"GEN24_1013667","Yes","While in New Zealand"
"GEN24_1013671","Yes","Before arriving in New Zealand"
"GEN24_1013677","No",NA
"GEN24_1013696","Yes","I did not receive any information"
"GEN24_1013702","Yes","I did not receive any information"
"GEN24_1013707","Yes","I did not receive any information"
"GEN24_1013708","Yes","I did not receive any information"
"GEN24_1013710","Yes","Before arriving in New Zealand"
"GEN24_1013711","Can’t remember",NA
"GEN24_1013718","Yes","I did not receive any information"
"GEN24_1013720","No",NA
"GEN24_1013722","Yes","While in New Zealand"
"GEN24_1013727","No",NA
"GEN24_1013737","No",NA
"GEN24_1013741","Yes","I did not receive any information"
"GEN24_1013742","Yes","I did not receive any information"
"GEN24_1013746","Yes","I did not receive any information"
"GEN24_1013747","Yes","Before arriving in New Zealand"
"GEN24_1013748","Yes","I did not receive any information"
"GEN24_1013751","No",NA
"GEN24_1013753","No",NA
"GEN24_1013754","Yes","Before arriving in New Zealand"
"GEN24_1013757","Yes","I did not receive any information"
"GEN24_1013758","No",NA
"GEN24_1013759","No",NA
"GEN24_1013761","Yes","Before arriving in New Zealand"
"GEN24_1013762","No",NA
"GEN24_1013779","Yes","I did not receive any information"
"GEN24_1013781","No",NA
"GEN24_1013788","Yes","I did not receive any information"
"GEN24_1013794","Yes","Before arriving in New Zealand"
"GEN24_1013795","Yes","I did not receive any information"
"GEN24_1013798","Yes","While in New Zealand"
"GEN24_1013799","Yes","Before arriving in New Zealand"
"GEN24_1013799","Yes","While in New Zealand"
"GEN24_1013804","Yes","While in New Zealand"
"GEN24_1013806","No",NA
"GEN24_1013815","Yes","While in New Zealand"
"GEN24_1013818","Yes","Before arriving in New Zealand"
"GEN24_1013818","Yes","While in New Zealand"
"GEN24_1013819","No",NA
"GEN24_1013822","Yes","Before arriving in New Zealand"
"GEN24_1013822","Yes","While in New Zealand"
"GEN24_1013823","Yes","I did not receive any information"
"GEN24_1013825","Yes","While in New Zealand"
"GEN24_1013827","Yes","Before arriving in New Zealand"
"GEN24_1013827","Yes","While in New Zealand"
"GEN24_1013830","Yes","While in New Zealand"
"GEN24_1013831","Yes","I did not receive any information"
"GEN24_1013833","Yes","I did not receive any information"
"GEN24_1013834","No",NA
"GEN24_1013844","Yes","I did not receive any information"
"GEN24_1013849","No",NA
"GEN24_1013852","Yes","Before arriving in New Zealand"
"GEN24_1013857","No",NA
"GEN24_1013858","No",NA
"GEN24_1013859","Yes","Before arriving in New Zealand"
"GEN24_1013860","Yes","Before arriving in New Zealand"
"GEN24_1013860","Yes","While in New Zealand"
"GEN24_1013861","Yes","While in New Zealand"
"GEN24_1013869","Yes","While in New Zealand"
"GEN24_1013872","Yes","Before arriving in New Zealand"
"GEN24_1013872","Yes","While in New Zealand"
"GEN24_1013882","No",NA
"GEN24_1013883","Yes","Before arriving in New Zealand"
"GEN24_1013885","Yes","Before arriving in New Zealand"
"GEN24_1013886","Yes","I did not receive any information"
"GEN24_1013888","Yes","I did not receive any information"
"GEN24_1013892","Yes","While in New Zealand"
"GEN24_1013907","Yes","I did not receive any information"
"GEN24_1013911","Yes","I did not receive any information"
"GEN24_1013912","Yes","I did not receive any information"
"GEN24_1013913","No",NA
"GEN24_1013926","Yes","I did not receive any information"
"GEN24_1013927","No",NA
"GEN24_1013931","No",NA
"GEN24_1013932","Yes","While in New Zealand"
"GEN24_1013935","Yes","While in New Zealand"
"GEN24_1013936","Yes","While in New Zealand"
"GEN24_1013943","No",NA
"GEN24_1013946","Yes","Before arriving in New Zealand"
"GEN24_1013946","Yes","While in New Zealand"
"GEN24_1013947","Yes","I did not receive any information"
"GEN24_1013948","No",NA
"GEN24_1013949","Yes","While in New Zealand"
"GEN24_1013951","Yes","Before arriving in New Zealand"
"GEN24_1013951","Yes","While in New Zealand"
"GEN24_1013952","Yes","I did not receive any information"
"GEN24_1013956","Yes","I did not receive any information"
"GEN24_1013964","No",NA
"GEN24_1013972","Yes","I did not receive any information"
"GEN24_1013990","Yes","I did not receive any information"
"GEN24_1013994","Yes","I did not receive any information"
"GEN24_1013999","No",NA
"GEN24_1014004","No",NA
"GEN24_1014007","Yes","I did not receive any information"
"GEN24_1014012","Yes","I did not receive any information"
"GEN24_1014014","Yes","Before arriving in New Zealand"
"GEN24_1014025","Yes","I did not receive any information"
"GEN24_1014029","No",NA
"GEN24_1014030","Yes","Before arriving in New Zealand"
"GEN24_1014032","Yes","I did not receive any information"
"GEN24_1014037","Yes","I did not receive any information"
"GEN24_1014043","No",NA
"GEN24_1014046","No",NA
"GEN24_1014047","No",NA
"GEN24_1014050","No",NA
"GEN24_1014054","Yes","Before arriving in New Zealand"
"GEN24_1014054","Yes","While in New Zealand"
"GEN24_1014066","Yes","I did not receive any information"
"GEN24_1014077","Yes","Before arriving in New Zealand"
"GEN24_1014086","Yes","I did not receive any information"
"GEN24_1014088","Yes","I did not receive any information"
"GEN24_1014093","Yes","Before arriving in New Zealand"
"GEN24_1014094","No",NA
"GEN24_1014098","No",NA
"GEN24_1014104","No",NA
"GEN24_1014115","Yes","I did not receive any information"
"GEN24_1014116","No",NA
"GEN24_1014118","Yes","Before arriving in New Zealand"
"GEN24_1014132","Yes","Before arriving in New Zealand"
"GEN24_1014139","Yes","I did not receive any information"
"GEN24_1014140","Yes","While in New Zealand"
"GEN24_1014147","Yes","I did not receive any information"
"GEN24_1014149","No",NA
"GEN24_1014150","Yes","Before arriving in New Zealand"
"GEN24_1014153","Yes","Before arriving in New Zealand"
"GEN24_1014157","Yes","Before arriving in New Zealand"
"GEN24_1014161","No",NA
"GEN24_1014166","No",NA
"GEN24_1014167","Yes","I did not receive any information"
"GEN24_1014172","Yes","I did not receive any information"
"GEN24_1014176","Yes","Before arriving in New Zealand"
"GEN24_1014177","Yes","I did not receive any information"
"GEN24_1014187","Yes","Before arriving in New Zealand"
"GEN24_1014187","Yes","While in New Zealand"
"GEN24_1014191","Yes","While in New Zealand"
"GEN24_1014194","Yes","While in New Zealand"
"GEN24_1014197","Yes","I did not receive any information"
"GEN24_1014201","Yes","I did not receive any information"
"GEN24_1014207","Yes","I did not receive any information"
"GEN24_1014215","No",NA
"GEN24_1014218","Yes","Before arriving in New Zealand"
"GEN24_1014218","Yes","While in New Zealand"
"GEN24_1014219","Yes","Before arriving in New Zealand"
"GEN24_1014223","No",NA
"GEN24_1014224","Yes","I did not receive any information"
"GEN24_1014234","Yes","Before arriving in New Zealand"
"GEN24_1014234","Yes","While in New Zealand"
"GEN24_1014236","Yes","I did not receive any information"
"GEN24_1014245","No",NA
"GEN24_1014249","Yes","Before arriving in New Zealand"
"GEN24_1014252","No",NA
"GEN24_1014253","No",NA
"GEN24_1014258","Yes","While in New Zealand"
"GEN24_1014264","Yes","I did not receive any information"
"GEN24_1014274","Yes","I did not receive any information"
"GEN24_1014275","Yes","While in New Zealand"
"GEN24_1014287","No",NA
"GEN24_1014288","Yes","I did not receive any information"
"GEN24_1014290","No",NA
"GEN24_1014298","Yes","I did not receive any information"
"GEN24_1014303","Yes","While in New Zealand"
"GEN24_1014305","Yes","I did not receive any information"
"GEN24_1014308","No",NA
"GEN24_1014309","Yes","I did not receive any information"
"GEN24_1014314","No",NA
"GEN24_1014318","Yes","I did not receive any information"
"GEN24_1014322","Yes","I did not receive any information"
"GEN24_1014330","Yes","I did not receive any information"
"GEN24_1014333","Yes","Before arriving in New Zealand"
"GEN24_1014344","Yes","Before arriving in New Zealand"
"GEN24_1014345","Yes","I did not receive any information"
"GEN24_1014348","Yes","I did not receive any information"
"GEN24_1014349","Yes","I did not receive any information"
"GEN24_1014350","Yes","I did not receive any information"
"GEN24_1014351","No",NA
"GEN24_1014358","No",NA
"GEN24_1014382","No",NA
"GEN24_1014384","Yes","While in New Zealand"
"GEN24_1014386","No",NA
"GEN24_1014389","No",NA
"GEN24_1014392","Yes","I did not receive any information"
"GEN24_1014400","Yes","Before arriving in New Zealand"
"GEN24_1014410","Yes","Before arriving in New Zealand"
"GEN24_1014410","Yes","While in New Zealand"
"GEN24_1014418","Yes","Before arriving in New Zealand"
"GEN24_1014419","No",NA
"GEN24_1014421","Yes","I did not receive any information"
"GEN24_1014423","Yes","Before arriving in New Zealand"
"GEN24_1014424","No",NA
"GEN24_1014433","No",NA
"GEN24_1014436","Yes","I did not receive any information"
"GEN24_1014443","Yes","Before arriving in New Zealand"
"GEN24_1014443","Yes","While in New Zealand"
"GEN24_1014444","Yes","Before arriving in New Zealand"
"GEN24_1014444","Yes","While in New Zealand"
"GEN24_1014454","Yes","I did not receive any information"
"GEN24_1014476","Yes","I did not receive any information"
"GEN24_1014477","No",NA
"GEN24_1014483","Yes","While in New Zealand"
"GEN24_1014491","Yes","Before arriving in New Zealand"
"GEN24_1014499","No",NA
"GEN24_1014505","No",NA
"GEN24_1014507","Yes","I did not receive any information"
"GEN24_1014511","Yes","I did not receive any information"
"GEN24_1014513","Yes","Before arriving in New Zealand"
"GEN24_1014513","Yes","While in New Zealand"
"GEN24_1014536","Yes","Before arriving in New Zealand"
"GEN24_1014540","Yes","I did not receive any information"
"GEN24_1014545","Yes","Before arriving in New Zealand"
"GEN24_1014547","No",NA
"GEN24_1014548","No",NA
"GEN24_1014552","No",NA
"GEN24_1014554","Yes","I did not receive any information"
"GEN24_1014556","Yes","I did not receive any information"
"GEN24_1014559","Yes","Before arriving in New Zealand"
"GEN24_1014580","Yes","I did not receive any information"
"GEN24_1014589","Yes","I did not receive any information"
"GEN24_1014594","No",NA
"GEN24_1014606","Yes","While in New Zealand"
"GEN24_1014608","Yes","Before arriving in New Zealand"
"GEN24_1014608","Yes","While in New Zealand"
"GEN24_1014617","No",NA
"GEN24_1014623","Yes","I did not receive any information"
"GEN24_1014630","Yes","I did not receive any information"
"GEN24_1014631","No",NA
"GEN24_1014638","Yes","I did not receive any information"
"GEN24_1014639","Yes","Before arriving in New Zealand"
"GEN24_1014639","Yes","While in New Zealand"
"GEN24_1014642","Yes","Before arriving in New Zealand"
"GEN24_1014646","Yes","I did not receive any information"
"GEN24_1014648","Yes","Before arriving in New Zealand"
"GEN24_1014667","No",NA
"GEN24_1014672","Yes","I did not receive any information"
"GEN24_1014677","Yes","I did not receive any information"
"GEN24_1014681","No",NA
"GEN24_1014683","Yes","I did not receive any information"
"GEN24_1014685","Yes","I did not receive any information"
"GEN24_1014689","No",NA
"GEN24_1014705","Yes","While in New Zealand"
"GEN24_1014711","Yes","I did not receive any information"
"GEN24_1014716","No",NA
"GEN24_1014720","Yes","Before arriving in New Zealand"
"GEN24_1014720","Yes","While in New Zealand"
"GEN24_1014724","Yes","Before arriving in New Zealand"
"GEN24_1014732","Yes","While in New Zealand"
"GEN24_1014735","Yes","Before arriving in New Zealand"
"GEN24_1014737","Yes","I did not receive any information"
"GEN24_1014744","Yes","I did not receive any information"
"GEN24_1014745","Yes","I did not receive any information"
"GEN24_1014746","Yes","I did not receive any information"
"GEN24_1014752","Yes","I did not receive any information"
"GEN24_1014754","No",NA
"GEN24_1014758","Yes","Before arriving in New Zealand"
"GEN24_1014758","Yes","While in New Zealand"
"GEN24_1014761","Yes","I did not receive any information"
"GEN24_1014765","Yes","Before arriving in New Zealand"
"GEN24_1014767","Yes","Before arriving in New Zealand"
"GEN24_1014772","Yes","I did not receive any information"
"GEN24_1014777","No",NA
"GEN24_1014782","No",NA
"GEN24_1014783","Yes","Before arriving in New Zealand"
"GEN24_1014785","Yes","Before arriving in New Zealand"
"GEN24_1014785","Yes","While in New Zealand"
"GEN24_1014787","Yes","I did not receive any information"
"GEN24_1014791","No",NA
"GEN24_1014793","Yes","I did not receive any information"
"GEN24_1014794","No",NA
"GEN24_1014795","Yes","I did not receive any information"
"GEN24_1014802","Yes","I did not receive any information"
"GEN24_1014807","Yes","I did not receive any information"
"GEN24_1014810","No",NA
"GEN24_1014823","Yes","I did not receive any information"
"GEN24_1014828","Yes","Before arriving in New Zealand"
"GEN24_1014829","Yes","I did not receive any information"
"GEN24_1014841","Yes","While in New Zealand"
"GEN24_1014843","No",NA
"GEN24_1014847","Yes","I did not receive any information"
"GEN24_1014848","No",NA
"GEN24_1014861","Yes","I did not receive any information"
"GEN24_1014865","Yes","Before arriving in New Zealand"
"GEN24_1014868","Yes","I did not receive any information"
"GEN24_1014869","Yes","Before arriving in New Zealand"
"GEN24_1014879","Yes","I did not receive any information"
"GEN24_1014881","Yes","While in New Zealand"
"GEN24_1014883","Yes","I did not receive any information"
"GEN24_1014887","No",NA
"GEN24_1014890","Yes","Before arriving in New Zealand"
"GEN24_1014895","Yes","While in New Zealand"
"GEN24_1014900","Yes","I did not receive any information"
"GEN24_1014902","Yes","Before arriving in New Zealand"
"GEN24_1014902","Yes","While in New Zealand"
"GEN24_1014906","Yes","I did not receive any information"
"GEN24_1014908","Yes","I did not receive any information"
"GEN24_1014930","Yes","Before arriving in New Zealand"
"GEN24_1014930","Yes","While in New Zealand"
"GEN24_1014934","Yes","Before arriving in New Zealand"
"GEN24_1014953","Yes","I did not receive any information"
"GEN24_1014954","Yes","Before arriving in New Zealand"
"GEN24_1014959","No",NA
"GEN24_1014961","Yes","While in New Zealand"
"GEN24_1014964","No",NA
"GEN24_1014965","Yes","Before arriving in New Zealand"
"GEN24_1014970","No",NA
"GEN24_1014975","No",NA
"GEN24_1014978","Yes","I did not receive any information"
"GEN24_1014980","Yes","I did not receive any information"
"GEN24_1014991","No",NA
"GEN24_1014995","No",NA
"GEN24_1014997","Yes","While in New Zealand"
"GEN24_1015006","Yes","Before arriving in New Zealand"
"GEN24_1015012","Yes","While in New Zealand"
"GEN24_1015013","Yes","I did not receive any information"
"GEN24_1015015","Yes","While in New Zealand"
"GEN24_1015018","Yes","Before arriving in New Zealand"
"GEN24_1015026","Yes","I did not receive any information"
"GEN24_1015027","Yes","I did not receive any information"
"GEN24_1015035","Yes","While in New Zealand"
"GEN24_1015038","Yes","Before arriving in New Zealand"
"GEN24_1015039","Yes","I did not receive any information"
"GEN24_1015041","Yes","While in New Zealand"
"GEN24_1015045","Yes","I did not receive any information"
"GEN24_1015050","Yes","I did not receive any information"
"GEN24_1015053","Yes","While in New Zealand"
"GEN24_1015074","Yes","Before arriving in New Zealand"
"GEN24_1015076","Yes","Before arriving in New Zealand"
"GEN24_1015082","Yes","I did not receive any information"
"GEN24_1015086","No",NA
"GEN24_1015087","Yes","I did not receive any information"
"GEN24_1015112","Yes","While in New Zealand"
"GEN24_1015113","Yes","Before arriving in New Zealand"
"GEN24_1015116","Yes","I did not receive any information"
"GEN24_1015118","Yes","Before arriving in New Zealand"
"GEN24_1015131","Yes","I did not receive any information"
"GEN24_1015166","Yes","While in New Zealand"
"GEN24_1015170","Yes","While in New Zealand"
"GEN24_1015185","Yes","I did not receive any information"
"GEN24_1015187","Yes","Before arriving in New Zealand"
"GEN24_1015187","Yes","While in New Zealand"
"GEN24_1015189","Yes","I did not receive any information"
"GEN24_1015190","No",NA
"GEN24_1015191","No",NA
"GEN24_1015194","No",NA
"GEN24_1015198","Yes","I did not receive any information"
"GEN24_1015199","Yes","Before arriving in New Zealand"
"GEN24_1015202","Yes","While in New Zealand"
"GEN24_1015204","Yes","Before arriving in New Zealand"
"GEN24_1015207","Yes","While in New Zealand"
"GEN24_1015210","Yes","Before arriving in New Zealand"
"GEN24_1015211","Yes","Before arriving in New Zealand"
"GEN24_1015217","No",NA
"GEN24_1015219","Yes","I did not receive any information"
"GEN24_1015223","Yes","While in New Zealand"
"GEN24_1015224","Yes","Before arriving in New Zealand"
"GEN24_1015227","No",NA
"GEN24_1015230","Yes","Before arriving in New Zealand"
"GEN24_1015230","Yes","While in New Zealand"
"GEN24_1015243","Yes","I did not receive any information"
"GEN24_1015245","Yes","Before arriving in New Zealand"
"GEN24_1015249","Yes","I did not receive any information"
"GEN24_1015259","Yes","Before arriving in New Zealand"
"GEN24_1015259","Yes","While in New Zealand"
"GEN24_1015260","Yes","Before arriving in New Zealand"
"GEN24_1015266","Yes","I did not receive any information"
"GEN24_1015270","Yes","Before arriving in New Zealand"
"GEN24_1015273","Yes","While in New Zealand"
"GEN24_1015276","Yes","Before arriving in New Zealand"
"GEN24_1015276","Yes","While in New Zealand"
"GEN24_1015277","No",NA
"GEN24_1015283","No",NA
"GEN24_1015288","No",NA
"GEN24_1015293","No",NA
"GEN24_1015294","No",NA
"GEN24_1015295","Yes","While in New Zealand"
"GEN24_1015304","No",NA
"GEN24_1015305","No",NA
"GEN24_1015311","Yes","I did not receive any information"
"GEN24_1015317","No",NA
"GEN24_1015319","No",NA
"GEN24_1015322","Yes","Before arriving in New Zealand"
"GEN24_1015324","Yes","I did not receive any information"
"GEN24_1015325","Yes","Before arriving in New Zealand"
"GEN24_1015334","No",NA
"GEN24_1015336","Yes","Before arriving in New Zealand"
"GEN24_1015338","No",NA
"GEN24_1015339","Yes","I did not receive any information"
"GEN24_1015343","Yes","I did not receive any information"
"GEN24_1015346","Yes","While in New Zealand"
"GEN24_1015362","Yes","I did not receive any information"
"GEN24_1015369","No",NA
"GEN24_1015372","Yes","While in New Zealand"
"GEN24_1015378","No",NA
"GEN24_1015383","No",NA
"GEN24_1015388","Yes","Before arriving in New Zealand"
"GEN24_1015397","No",NA
"GEN24_1015407","Yes","Before arriving in New Zealand"
"GEN24_1015410","Yes","Before arriving in New Zealand"
"GEN24_1015414","No",NA
"GEN24_1015416","No",NA
"GEN24_1015427","No",NA
"GEN24_1015438","Yes","I did not receive any information"
"GEN24_1015446","Yes","Before arriving in New Zealand"
"GEN24_1015454","Yes","While in New Zealand"
"GEN24_1015459","No",NA
"GEN24_1015461","Yes","While in New Zealand"
"GEN24_1015463","No",NA
"GEN24_1015465","No",NA
"GEN24_1015477","No",NA
"GEN24_1015479","Yes","I did not receive any information"
"GEN24_1015480","No",NA
"GEN24_1015490","Yes","I did not receive any information"
"GEN24_1015496","Yes","Before arriving in New Zealand"
"GEN24_1015502","Yes","I did not receive any information"
"GEN24_1015506","Yes","I did not receive any information"
"GEN24_1015515","Yes","Before arriving in New Zealand"
"GEN24_1015519","Yes","While in New Zealand"
"GEN24_1015520","Yes","While in New Zealand"
"GEN24_1015524","Yes","I did not receive any information"
"GEN24_1015529","Yes","I did not receive any information"
"GEN24_1015530","Yes","Before arriving in New Zealand"
"GEN24_1015532","No",NA
"GEN24_1015533","No",NA
"GEN24_1015535","No",NA
"GEN24_1015548","Yes","While in New Zealand"
"GEN24_1015552","No",NA
"GEN24_1015562","No",NA
"GEN24_1015572","Yes","While in New Zealand"
"GEN24_1015579","Yes","While in New Zealand"
"GEN24_1015585","Yes","I did not receive any information"
"GEN24_1015587","Yes","Before arriving in New Zealand"
"GEN24_1015592","No",NA
"GEN24_1015593","Yes","I did not receive any information"
"GEN24_1015594","Yes","While in New Zealand"
"GEN24_1015596","Yes","Before arriving in New Zealand"
"GEN24_1015609","No",NA
"GEN24_1015610","Yes","Before arriving in New Zealand"
"GEN24_1015610","Yes","While in New Zealand"
"GEN24_1015618","Yes","While in New Zealand"
"GEN24_1015621","Yes","I did not receive any information"
"GEN24_1015622","No",NA
"GEN24_1015625","No",NA
"GEN24_1015627","Yes","While in New Zealand"
"GEN24_1015630","Yes","While in New Zealand"
"GEN24_1015641","Yes","Before arriving in New Zealand"
"GEN24_1015641","Yes","While in New Zealand"
"GEN24_1015645","Yes","I did not receive any information"
"GEN24_1015646","Yes","I did not receive any information"
"GEN24_1015652","Yes","I did not receive any information"
"GEN24_1015653","Yes","Before arriving in New Zealand"
"GEN24_1015654","Yes","I did not receive any information"
"GEN24_1015661","Yes","Before arriving in New Zealand"
"GEN24_1015661","Yes","While in New Zealand"
"GEN24_1015669","Yes","Before arriving in New Zealand"
"GEN24_1015673","Yes","While in New Zealand"
"GEN24_1015677","Yes","Before arriving in New Zealand"
"GEN24_1015677","Yes","While in New Zealand"
"GEN24_1015678","No",NA
"GEN24_1015680","No",NA
"GEN24_1015684","Yes","Before arriving in New Zealand"
"GEN24_1015685","Yes","Before arriving in New Zealand"
"GEN24_1015700","No",NA
"GEN24_1015704","Yes","I did not receive any information"
"GEN24_1015706","Yes","I did not receive any information"
"GEN24_1015710","Yes","I did not receive any information"
"GEN24_1015715","No",NA
"GEN24_1015716","Yes","I did not receive any information"
"GEN24_1015726","No",NA
"GEN24_1015731","No",NA
"GEN24_1015740","Yes","Before arriving in New Zealand"
"GEN24_1015742","Yes","Before arriving in New Zealand"
"GEN24_1015742","Yes","While in New Zealand"
"GEN24_1015743","Yes","I did not receive any information"
"GEN24_1015745","Yes","While in New Zealand"
"GEN24_1015749","Yes","While in New Zealand"
"GEN24_1015754","No",NA
"GEN24_1015757","Yes","Before arriving in New Zealand"
"GEN24_1015757","Yes","While in New Zealand"
"GEN24_1015765","Yes","I did not receive any information"
"GEN24_1015767","Yes","Before arriving in New Zealand"
"GEN24_1015771","Yes","I did not receive any information"
"GEN24_1015778","Yes","While in New Zealand"
"GEN24_1015782","No",NA
"GEN24_1015784","Yes","I did not receive any information"
"GEN24_1015793","Yes","Before arriving in New Zealand"
"GEN24_1015795","Yes","I did not receive any information"
"GEN24_1015799","Yes","I did not receive any information"
"GEN24_1015801","Yes","I did not receive any information"
"GEN24_1015803","Yes","I did not receive any information"
"GEN24_1015805","Yes","I did not receive any information"
"GEN24_1015808","No",NA
"GEN24_1015811","No",NA
"GEN24_1015817","Yes","I did not receive any information"
"GEN24_1015818","No",NA
"GEN24_1015821","No",NA
"GEN24_1015845","Yes","While in New Zealand"
"GEN24_1015846","Yes","Before arriving in New Zealand"
"GEN24_1015857","Yes","I did not receive any information"
"GEN24_1015859","No",NA
"GEN24_1015863","Yes","Before arriving in New Zealand"
"GEN24_1015887","Yes","I did not receive any information"
"GEN24_1015890","No",NA
"GEN24_1015902","Yes","I did not receive any information"
"GEN24_1015913","Yes","Before arriving in New Zealand"
"GEN24_1015922","Yes","I did not receive any information"
"GEN24_1015931","No",NA
"GEN24_1015932","Yes","I did not receive any information"
"GEN24_1015935","No",NA
"GEN24_1015937","No",NA
"GEN24_1015946","Yes","I did not receive any information"
"GEN24_1015951","Yes","Before arriving in New Zealand"
"GEN24_1015963","Yes","I did not receive any information"
"GEN24_1015966","Yes","I did not receive any information"
"GEN24_1015967","Yes","I did not receive any information"
"GEN24_1015972","No",NA
"GEN24_1015973","No",NA
"GEN24_1015974","Yes","I did not receive any information"
"GEN24_1015975","Yes","Before arriving in New Zealand"
"GEN24_1015985","Yes","Before arriving in New Zealand"
"GEN24_1016001","Yes","Before arriving in New Zealand"
"GEN24_1016021","Yes","Before arriving in New Zealand"
"GEN24_1016033","No",NA
"GEN24_1016040","No",NA
"GEN24_1016050","No",NA
"GEN24_1016066","Yes","Before arriving in New Zealand"
"GEN24_1016068","Yes","Before arriving in New Zealand"
"GEN24_1016069","Yes","I did not receive any information"
"GEN24_1016082","No",NA
"GEN24_1016085","Yes","While in New Zealand"
"GEN24_1016089","Yes","I did not receive any information"
"GEN24_1016091","No",NA
"GEN24_1016093","Yes","I did not receive any information"
"GEN24_1016097","No",NA
"GEN24_1016100","No",NA
"GEN24_1016104","Yes","Before arriving in New Zealand"
"GEN24_1016106","Yes","I did not receive any information"
"GEN24_1016117","Yes","I did not receive any information"
"GEN24_1016121","No",NA
"GEN24_1016125","Yes","Before arriving in New Zealand"
"GEN24_1016129","No",NA
"GEN24_1016131","Yes","I did not receive any information"
"GEN24_1016132","Yes","Before arriving in New Zealand"
"GEN24_1016132","Yes","While in New Zealand"
"GEN24_1016135","Yes","While in New Zealand"
"GEN24_1016140","Yes","While in New Zealand"
"GEN24_1016147","Yes","While in New Zealand"
"GEN24_1016150","Yes","I did not receive any information"
"GEN24_1016152","Yes","While in New Zealand"
"GEN24_1016159","Yes","I did not receive any information"
"GEN24_1016160","Yes","While in New Zealand"
"GEN24_1016170","Yes","I did not receive any information"
"GEN24_1016171","Yes","Before arriving in New Zealand"
"GEN24_1016171","Yes","While in New Zealand"
"GEN24_1016174","Yes","I did not receive any information"
"GEN24_1016188","Yes","While in New Zealand"
"GEN24_1016194","Yes","I did not receive any information"
"GEN24_1016198","No",NA
"GEN24_1016200","Yes","I did not receive any information"
"GEN24_1016210","Yes","While in New Zealand"
"GEN24_1016211","No",NA
"GEN24_1016216","No",NA
"GEN24_1016217","No",NA
"GEN24_1016218","No",NA
"GEN24_1016222","No",NA
"GEN24_1016223","Yes","I did not receive any information"
"GEN24_1016224","Yes","Before arriving in New Zealand"
"GEN24_1016242","No",NA
"GEN24_1016248","Yes","Before arriving in New Zealand"
"GEN24_1016248","Yes","While in New Zealand"
"GEN24_1016258","Yes","Before arriving in New Zealand"
"GEN24_1016259","Yes","Before arriving in New Zealand"
"GEN24_1016261","Yes","I did not receive any information"
"GEN24_1016269","Yes","While in New Zealand"
"GEN24_1016271","Yes","I did not receive any information"
"GEN24_1016272","Yes","I did not receive any information"
"GEN24_1016274","No",NA
"GEN24_1016284","No",NA
"GEN24_1016288","No",NA
"GEN24_1016290","Yes","I did not receive any information"
"GEN24_1016293","Yes","While in New Zealand"
"GEN24_1016298","No",NA
"GEN24_1016301","Yes","I did not receive any information"
"GEN24_1016304","Yes","I did not receive any information"
"GEN24_1016312","Yes","I did not receive any information"
"GEN24_1016322","Yes","While in New Zealand"
"GEN24_1016325","Yes","Before arriving in New Zealand"
"GEN24_1016325","Yes","While in New Zealand"
"GEN24_1016327","Yes","Before arriving in New Zealand"
"GEN24_1016342","Yes","While in New Zealand"
"GEN24_1016346","Yes","I did not receive any information"
"GEN24_1016356","No",NA
"GEN24_1016362","Yes","I did not receive any information"
"GEN24_1016363","No",NA
"GEN24_1016366","Yes","I did not receive any information"
"GEN24_1016392","Yes","I did not receive any information"
"GEN24_1016397","Yes","Before arriving in New Zealand"
"GEN24_1016399","Yes","While in New Zealand"
"GEN24_1016401","Yes","I did not receive any information"
"GEN24_1016411","Yes","Before arriving in New Zealand"
"GEN24_1016431","Yes","Before arriving in New Zealand"
"GEN24_1016438","Yes","I did not receive any information"
"GEN24_1016469","Yes","While in New Zealand"
"GEN24_1016473","No",NA
"GEN24_1016474","No",NA
"GEN24_1016476","No",NA
"GEN24_1016478","Yes","I did not receive any information"
"GEN24_1016482","Yes","Before arriving in New Zealand"
"GEN24_1016489","Yes","Before arriving in New Zealand"
"GEN24_1016489","Yes","While in New Zealand"
"GEN24_1016496","Yes","I did not receive any information"
"GEN24_1016497","Yes","I did not receive any information"
"GEN24_1016499","No",NA
"GEN24_1016509","Yes","Before arriving in New Zealand"
"GEN24_1016514","Yes","I did not receive any information"
"GEN24_1016525","Yes","I did not receive any information"
"GEN24_1016528","Yes","I did not receive any information"
"GEN24_1016534","Yes","While in New Zealand"
"GEN24_1016539","Yes","I did not receive any information"
"GEN24_1016556","Yes","Before arriving in New Zealand"
"GEN24_1016556","Yes","While in New Zealand"
"GEN24_1016558","Yes","While in New Zealand"
"GEN24_1016559","Yes","While in New Zealand"
"GEN24_1016567","No",NA
"GEN24_1016568","Yes","I did not receive any information"
"GEN24_1016576","Yes","I did not receive any information"
"GEN24_1016581","Yes","Before arriving in New Zealand"
"GEN24_1016589","No",NA
"GEN24_1016593","Yes","Before arriving in New Zealand"
"GEN24_1016593","Yes","While in New Zealand"
"GEN24_1016596","Yes","Before arriving in New Zealand"
"GEN24_1016599","No",NA
"GEN24_1016600","Yes","I did not receive any information"
"GEN24_1016603","No",NA
"GEN24_1016610","Yes","While in New Zealand"
"GEN24_1016615","No",NA
"GEN24_1016618","No",NA
"GEN24_1016626","Yes","While in New Zealand"
"GEN24_1016645","Yes","I did not receive any information"
"GEN24_1016648","No",NA
"GEN24_1016649","Yes","I did not receive any information"
"GEN24_1016673","Yes","Before arriving in New Zealand"
"GEN24_1016678","Yes","Before arriving in New Zealand"
"GEN24_1016679","Yes","Before arriving in New Zealand"
"GEN24_1016679","Yes","While in New Zealand"
"GEN24_1016689","No",NA
"GEN24_1016691","No",NA
"GEN24_1016693","Yes","Before arriving in New Zealand"
"GEN24_1016695","Yes","Before arriving in New Zealand"
"GEN24_1016697","Yes","I did not receive any information"
"GEN24_1016710","Yes","While in New Zealand"
"GEN24_1016712","Yes","Before arriving in New Zealand"
"GEN24_1016746","Yes","I did not receive any information"
"GEN24_1016751","Yes","I did not receive any information"
"GEN24_1016752","Yes","I did not receive any information"
"GEN24_1016755","Yes","I did not receive any information"
"GEN24_1016757","Yes","While in New Zealand"
"GEN24_1016766","Yes","Before arriving in New Zealand"
"GEN24_1016769","Yes","While in New Zealand"
"GEN24_1016771","No",NA
"GEN24_1016772","Yes","Before arriving in New Zealand"
"GEN24_1016776","Yes","I did not receive any information"
"GEN24_1016780","Yes","I did not receive any information"
"GEN24_1016783","Yes","Before arriving in New Zealand"
"GEN24_1016784","Yes","While in New Zealand"
"GEN24_1016787","Yes","Before arriving in New Zealand"
"GEN24_1016789","Yes","I did not receive any information"
"GEN24_1016792","Yes","Before arriving in New Zealand"
"GEN24_1016792","Yes","While in New Zealand"
"GEN24_1016795","No",NA
"GEN24_1016796","No",NA
"GEN24_1016804","No",NA
"GEN24_1016809","Yes","Before arriving in New Zealand"
"GEN24_1016817","No",NA
"GEN24_1016821","Yes","While in New Zealand"
"GEN24_1016824","Yes","I did not receive any information"
"GEN24_1016827","No",NA
"GEN24_1016832","Yes","Before arriving in New Zealand"
"GEN24_1016834","Yes","I did not receive any information"
"GEN24_1016843","No",NA
"GEN24_1016848","Yes","Before arriving in New Zealand"
"GEN24_1016853","Yes","I did not receive any information"
"GEN24_1016854","Yes","I did not receive any information"
"GEN24_1016855","Yes","Before arriving in New Zealand"
"GEN24_1016859","No",NA
"GEN24_1016860","Yes","I did not receive any information"
"GEN24_1016861","Yes","I did not receive any information"
"GEN24_1016864","Yes","Before arriving in New Zealand"
"GEN24_1016870","Yes","Before arriving in New Zealand"
"GEN24_1016893","Yes","Before arriving in New Zealand"
"GEN24_1016895","Yes","While in New Zealand"
"GEN24_1016902","Yes","I did not receive any information"
"GEN24_1016903","Yes","Before arriving in New Zealand"
"GEN24_1016904","Yes","Before arriving in New Zealand"
"GEN24_1016906","Yes","Before arriving in New Zealand"
"GEN24_1016908","No",NA
"GEN24_1016912","No",NA
"GEN24_1016915","Yes","I did not receive any information"
"GEN24_1016921","Yes","While in New Zealand"
"GEN24_1016924","Yes","Before arriving in New Zealand"
"GEN24_1016929","Yes","Before arriving in New Zealand"
"GEN24_1016935","Yes","I did not receive any information"
"GEN24_1016939","Yes","I did not receive any information"
"GEN24_1016944","Yes","I did not receive any information"
"GEN24_1016969","No",NA
"GEN24_1016970","No",NA
"GEN24_1016972","Yes","I did not receive any information"
"GEN24_1016978","No",NA
"GEN24_1016980","Yes","I did not receive any information"
"GEN24_1016982","Yes","I did not receive any information"
"GEN24_1016989","Yes","Before arriving in New Zealand"
"GEN24_1016998","No",NA
"GEN24_1017006","Yes","Before arriving in New Zealand"
"GEN24_1017012","No",NA
"GEN24_1017014","Yes","I did not receive any information"
"GEN24_1017017","Yes","I did not receive any information"
"GEN24_1017022","Yes","I did not receive any information"
"GEN24_1017044","Yes","While in New Zealand"
"GEN24_1017045","Yes","I did not receive any information"
"GEN24_1017049","Yes","While in New Zealand"
"GEN24_1017051","Yes","I did not receive any information"
"GEN24_1017064","Yes","While in New Zealand"
"GEN24_1017065","Yes","Before arriving in New Zealand"
"GEN24_1017072","Yes","Before arriving in New Zealand"
"GEN24_1017072","Yes","While in New Zealand"
"GEN24_1017076","No",NA
"GEN24_1017089","Yes","I did not receive any information"
"GEN24_1017096","Yes","While in New Zealand"
"GEN24_1017100","Yes","While in New Zealand"
"GEN24_1017101","Yes","I did not receive any information"
"GEN24_1017111","Yes","Before arriving in New Zealand"
"GEN24_1017115","No",NA
"GEN24_1017122","Yes","While in New Zealand"
"GEN24_1017131","Yes","Before arriving in New Zealand"
"GEN24_1017140","Yes","Before arriving in New Zealand"
"GEN24_1017153","Yes","I did not receive any information"
"GEN24_1017157","No",NA
"GEN24_1017166","Yes","I did not receive any information"
"GEN24_1017169","No",NA
"GEN24_1017175","No",NA
"GEN24_1017177","No",NA
"GEN24_1017192","Yes","Before arriving in New Zealand"
"GEN24_1017204","No",NA
"GEN24_1017208","Yes","I did not receive any information"
"GEN24_1017212","Yes","While in New Zealand"
"GEN24_1017216","Yes","Before arriving in New Zealand"
"GEN24_1017216","Yes","While in New Zealand"
"GEN24_1017219","Yes","I did not receive any information"
"GEN24_1017235","Yes","I did not receive any information"
"GEN24_1017243","Yes","I did not receive any information"
"GEN24_1017251","Yes","Before arriving in New Zealand"
"GEN24_1017261","Yes","I did not receive any information"
"GEN24_1017262","Yes","Before arriving in New Zealand"
"GEN24_1017266","Yes","Before arriving in New Zealand"
"GEN24_1017270","Yes","I did not receive any information"
"GEN24_1017272","Yes","I did not receive any information"
"GEN24_1017275","Yes","While in New Zealand"
"GEN24_1017287","Yes","Before arriving in New Zealand"
"GEN24_1017295","Yes","Before arriving in New Zealand"
"GEN24_1017295","Yes","While in New Zealand"
"GEN24_1017296","Yes","I did not receive any information"
"GEN24_1017303","Yes","While in New Zealand"
"GEN24_1017304","Yes","I did not receive any information"
"GEN24_1017316","Yes","Before arriving in New Zealand"
"GEN24_1017330","No",NA
"GEN24_1017332","No",NA
"GEN24_1017346","No",NA
"GEN24_1017351","Yes","I did not receive any information"
"GEN24_1017357","Yes","Before arriving in New Zealand"
"GEN24_1017374","Yes","I did not receive any information"
"GEN24_1017385","Yes","Before arriving in New Zealand"
"GEN24_1017387","Yes","Before arriving in New Zealand"
"GEN24_1017400","Yes","I did not receive any information"
"GEN24_1017402","Yes","Before arriving in New Zealand"
"GEN24_1017403","No",NA
"GEN24_1017427","No",NA
"GEN24_1017444","Yes","I did not receive any information"
"GEN24_1017447","Yes","Before arriving in New Zealand"
"GEN24_1017447","Yes","While in New Zealand"
"GEN24_1017457","No",NA
"GEN24_1017470","Yes","I did not receive any information"
"GEN24_1017483","No",NA
"GEN24_1017496","Yes","Before arriving in New Zealand"
"GEN24_1017502","Yes","While in New Zealand"
"GEN24_1017509","No",NA
"GEN24_1017513","Yes","I did not receive any information"
"GEN24_1017523","No",NA
"GEN24_1017542","Yes","I did not receive any information"
"GEN24_1017547","Can’t remember",NA
"GEN24_1017549","Yes","I did not receive any information"
"GEN24_1017555","No",NA
"GEN24_1017565","Yes","I did not receive any information"
"GEN24_1017579","No",NA
"GEN24_1017580","Yes","I did not receive any information"
"GEN24_1017581","Yes","I did not receive any information"
"GEN24_1017583","Yes","I did not receive any information"
"GEN24_1017592","Yes","Before arriving in New Zealand"
"GEN24_1017592","Yes","While in New Zealand"
"GEN24_1017599","Yes","I did not receive any information"
"GEN24_1017600","Yes","I did not receive any information"
"GEN24_1017609","No",NA
"GEN24_1017610","Yes","Before arriving in New Zealand"
"GEN24_1017610","Yes","While in New Zealand"
"GEN24_1017612","Yes","Before arriving in New Zealand"
"GEN24_1017613","No",NA
"GEN24_1017616","Yes","I did not receive any information"
"GEN24_1017619","Yes","Before arriving in New Zealand"
"GEN24_1017625","Yes","I did not receive any information"
"GEN24_1017631","No",NA
"GEN24_1017633","Yes","I did not receive any information"
"GEN24_1017635","Yes","I did not receive any information"
"GEN24_1017645","Yes","I did not receive any information"
"GEN24_1017646","Yes","Before arriving in New Zealand"
"GEN24_1017652","Yes","While in New Zealand"
"GEN24_1017654","Yes","Before arriving in New Zealand"
"GEN24_1017655","Yes","I did not receive any information"
"GEN24_1017656","Yes","While in New Zealand"
"GEN24_1017666","No",NA
"GEN24_1017669","Yes","Before arriving in New Zealand"
"GEN24_1017671","Yes","I did not receive any information"
"GEN24_1017677","No",NA
"GEN24_1017678","No",NA
"GEN24_1017679","Yes","I did not receive any information"
"GEN24_1017682","Yes","I did not receive any information"
"GEN24_1017685","No",NA
"GEN24_1017688","Yes","Before arriving in New Zealand"
"GEN24_1017688","Yes","While in New Zealand"
"GEN24_1017693","Yes","While in New Zealand"
"GEN24_1017719","Yes","While in New Zealand"
"GEN24_1017733","Yes","I did not receive any information"
"GEN24_1017754","Yes","Before arriving in New Zealand"
"GEN24_1017757","Yes","Before arriving in New Zealand"
"GEN24_1017757","Yes","While in New Zealand"
"GEN24_1017762","No",NA
"GEN24_1017764","Yes","Before arriving in New Zealand"
"GEN24_1017764","Yes","While in New Zealand"
"GEN24_1017769","No",NA
"GEN24_1017784","Yes","While in New Zealand"
"GEN24_1017785","No",NA
"GEN24_1017792","Yes","Before arriving in New Zealand"
"GEN24_1017792","Yes","While in New Zealand"
"GEN24_1017806","Yes","I did not receive any information"
"GEN24_1017812","Yes","Before arriving in New Zealand"
"GEN24_1017812","Yes","While in New Zealand"
"GEN24_1017815","No",NA
"GEN24_1017817","Yes","I did not receive any information"
"GEN24_1017820","Yes","While in New Zealand"
"GEN24_1017823","Yes","While in New Zealand"
"GEN24_1017827","No",NA
"GEN24_1017831","Yes","Before arriving in New Zealand"
"GEN24_1017839","Yes","Before arriving in New Zealand"
"GEN24_1017843","Yes","While in New Zealand"
"GEN24_1017844","Yes","While in New Zealand"
"GEN24_1017847","Yes","Before arriving in New Zealand"
"GEN24_1017851","No",NA
"GEN24_1017860","Yes","I did not receive any information"
"GEN24_1017871","No",NA
"GEN24_1017880","Yes","Before arriving in New Zealand"
"GEN24_1017880","Yes","While in New Zealand"
"GEN24_1017881","No",NA
"GEN24_1017884","No",NA
"GEN24_1017885","No",NA
"GEN24_1017893","No",NA
"GEN24_1017909","No",NA
"GEN24_1017911","Yes","Before arriving in New Zealand"
"GEN24_1017914","Yes","Before arriving in New Zealand"
"GEN24_1017915","Yes","Before arriving in New Zealand"
"GEN24_1017915","Yes","While in New Zealand"
"GEN24_1017920","Yes","I did not receive any information"
"GEN24_1017922","Yes","Before arriving in New Zealand"
"GEN24_1017922","Yes","While in New Zealand"
"GEN24_1017924","Yes","Before arriving in New Zealand"
"GEN24_1017933","Yes","Before arriving in New Zealand"
"GEN24_1017939","Yes","I did not receive any information"
"GEN24_1017946","Yes","Before arriving in New Zealand"
"GEN24_1017949","Yes","While in New Zealand"
"GEN24_1017953","No",NA
"GEN24_1017954","Yes","I did not receive any information"
"GEN24_1017955","Yes","While in New Zealand"
"GEN24_1017961","Yes","I did not receive any information"
"GEN24_1017962","Yes","Before arriving in New Zealand"
"GEN24_1017965","No",NA
"GEN24_1017973","No",NA
"GEN24_1017977","Yes","Before arriving in New Zealand"
"GEN24_1017991","No",NA
"GEN24_1017997","Yes","I did not receive any information"
"GEN24_1018000","Yes","I did not receive any information"
"GEN24_1018003","Yes","While in New Zealand"
"GEN24_1018013","Yes","Before arriving in New Zealand"
"GEN24_1018014","No",NA
"GEN24_1018018","No",NA
"GEN24_1018044","No",NA
"GEN24_1018046","No",NA
"GEN24_1018051","Yes","I did not receive any information"
"GEN24_1018052","No",NA
"GEN24_1018057","Yes","Before arriving in New Zealand"
"GEN24_1018062","Yes","I did not receive any information"
"GEN24_1018071","Yes","Before arriving in New Zealand"
"GEN24_1018073","No",NA
"GEN24_1018074","Yes","I did not receive any information"
"GEN24_1018084","Yes","Before arriving in New Zealand"
"GEN24_1018085","Yes","I did not receive any information"
"GEN24_1018089","Yes","I did not receive any information"
"GEN24_1018096","Yes","Before arriving in New Zealand"
"GEN24_1018096","Yes","While in New Zealand"
"GEN24_1018101","Yes","I did not receive any information"
"GEN24_1018104","No",NA
"GEN24_1018108","No",NA
"GEN24_1018121","Yes","I did not receive any information"
"GEN24_1018122","Yes","While in New Zealand"
"GEN24_1018126","Yes","I did not receive any information"
"GEN24_1018128","Yes","Before arriving in New Zealand"
"GEN24_1018131","Yes","I did not receive any information"
"GEN24_1018150","Yes","Before arriving in New Zealand"
"GEN24_1018154","Yes","I did not receive any information"
"GEN24_1018163","Yes","I did not receive any information"
"GEN24_1018165","Yes","I did not receive any information"
"GEN24_1018175","No",NA
"GEN24_1018189","Yes","While in New Zealand"
"GEN24_1018191","No",NA
"GEN24_1018197","Yes","I did not receive any information"
"GEN24_1018199","Yes","Before arriving in New Zealand"
"GEN24_1018216","Yes","Before arriving in New Zealand"
"GEN24_1018218","No",NA
"GEN24_1018222","Yes","I did not receive any information"
"GEN24_1018223","Yes","While in New Zealand"
"GEN24_1018226","Yes","While in New Zealand"
"GEN24_1018228","No",NA
"GEN24_1018229","Yes","I did not receive any information"
"GEN24_1018237","Yes","Before arriving in New Zealand"
"GEN24_1018239","No",NA
"GEN24_1018240","Yes","Before arriving in New Zealand"
"GEN24_1018241","Yes","Before arriving in New Zealand"
"GEN24_1018247","Yes","I did not receive any information"
"GEN24_1018254","No",NA
"GEN24_1018257","Yes","I did not receive any information"
"GEN24_1018262","Yes","I did not receive any information"
"GEN24_1018265","No",NA
"GEN24_1018274","Yes","Before arriving in New Zealand"
"GEN24_1018285","No",NA
"GEN24_1018288","Yes","Before arriving in New Zealand"
"GEN24_1018293","Yes","I did not receive any information"
"GEN24_1018294","Yes","I did not receive any information"
"GEN24_1018300","Yes","I did not receive any information"
"GEN24_1018301","Yes","I did not receive any information"
"GEN24_1018303","Yes","I did not receive any information"
"GEN24_1018304","Yes","I did not receive any information"
"GEN24_1018305","Yes","Before arriving in New Zealand"
"GEN24_1018305","Yes","While in New Zealand"
"GEN24_1018307","No",NA
"GEN24_1018313","No",NA
"GEN24_1018314","Yes","Before arriving in New Zealand"
"GEN24_1018336","Yes","Before arriving in New Zealand"
"GEN24_1018336","Yes","While in New Zealand"
"GEN24_1018337","Yes","While in New Zealand"
"GEN24_1018344","Yes","Before arriving in New Zealand"
"GEN24_1018346","Yes","I did not receive any information"
"GEN24_1018348","Yes","I did not receive any information"
"GEN24_1018353","Yes","Before arriving in New Zealand"
"GEN24_1018353","Yes","While in New Zealand"
"GEN24_1018354","Yes","I did not receive any information"
"GEN24_1018366","Yes","While in New Zealand"
"GEN24_1018367","Yes","While in New Zealand"
"GEN24_1018368","Yes","While in New Zealand"
"GEN24_1018376","Yes","I did not receive any information"
"GEN24_1018377","Yes","Before arriving in New Zealand"
"GEN24_1018378","Yes","Before arriving in New Zealand"
"GEN24_1018384","Yes","Before arriving in New Zealand"
"GEN24_1018384","Yes","While in New Zealand"
"GEN24_1018390","Yes","Before arriving in New Zealand"
"GEN24_1018390","Yes","While in New Zealand"
"GEN24_1018399","Yes","Before arriving in New Zealand"
"GEN24_1018404","Yes","I did not receive any information"
"GEN24_1018407","Yes","While in New Zealand"
"GEN24_1018408","Yes","Before arriving in New Zealand"
"GEN24_1018456","Yes","I did not receive any information"
"GEN24_1018466","Yes","Before arriving in New Zealand"
"GEN24_1018466","Yes","While in New Zealand"
"GEN24_1018467","No",NA
"GEN24_1018488","No",NA
"GEN24_1018489","No",NA
"GEN24_1018499","Yes","Before arriving in New Zealand"
"GEN24_1018499","Yes","While in New Zealand"
"GEN24_1018506","Can’t remember",NA
"GEN24_1018507","Yes","Before arriving in New Zealand"
"GEN24_1018516","Yes","I did not receive any information"
"GEN24_1018520","Yes","Before arriving in New Zealand"
"GEN24_1018520","Yes","While in New Zealand"
"GEN24_1018524","Yes","While in New Zealand"
"GEN24_1018528","Yes","While in New Zealand"
"GEN24_1018530","Yes","I did not receive any information"
"GEN24_1018533","Yes","I did not receive any information"
"GEN24_1018537","Yes","Before arriving in New Zealand"
"GEN24_1018539","No",NA
"GEN24_1018544","No",NA
"GEN24_1018545","No",NA
"GEN24_1018546","Yes","I did not receive any information"
"GEN24_1018547","Yes","Before arriving in New Zealand"
"GEN24_1018548","Yes","While in New Zealand"
"GEN24_1018550","Yes","Before arriving in New Zealand"
"GEN24_1018551","Yes","While in New Zealand"
"GEN24_1018555","Yes","While in New Zealand"
"GEN24_1018562","No",NA
"GEN24_1018569","Yes","I did not receive any information"
"GEN24_1018570","No",NA
"GEN24_1018575","Yes","I did not receive any information"
"GEN24_1018576","No",NA
"GEN24_1018580","No",NA
"GEN24_1018585","Yes","I did not receive any information"
"GEN24_1018592","No",NA
"GEN24_1018593","No",NA
"GEN24_1018594","Yes","I did not receive any information"
"GEN24_1018607","Yes","While in New Zealand"
"GEN24_1018637","Yes","I did not receive any information"
"GEN24_1018642","Yes","I did not receive any information"
"GEN24_1018649","Yes","Before arriving in New Zealand"
"GEN24_1018650","Yes","While in New Zealand"
"GEN24_1018652","Yes","I did not receive any information"
"GEN24_1018658","No",NA
"GEN24_1018659","Yes","I did not receive any information"
"GEN24_1018670","Yes","I did not receive any information"
"GEN24_1018674","Yes","Before arriving in New Zealand"
"GEN24_1018677","No",NA
"GEN24_1018681","Yes","Before arriving in New Zealand"
"GEN24_1018686","Yes","I did not receive any information"
"GEN24_1018687","Yes","While in New Zealand"
"GEN24_1018690","Yes","I did not receive any information"
"GEN24_1018695","Yes","I did not receive any information"
"GEN24_1018712","No",NA
"GEN24_1018714","Yes","Before arriving in New Zealand"
"GEN24_1018716","Yes","I did not receive any information"
"GEN24_1018717","Yes","I did not receive any information"
"GEN24_1018721","Yes","Before arriving in New Zealand"
"GEN24_1018721","Yes","While in New Zealand"
"GEN24_1018724","No",NA
"GEN24_1018726","No",NA
"GEN24_1018730","Yes","I did not receive any information"
"GEN24_1018732","Yes","I did not receive any information"
"GEN24_1018733","Yes","Before arriving in New Zealand"
"GEN24_1018742","No",NA
"GEN24_1018745","Yes","Before arriving in New Zealand"
"GEN24_1018771","Yes","Before arriving in New Zealand"
"GEN24_1018785","Yes","Before arriving in New Zealand"
"GEN24_1018795","Yes","Before arriving in New Zealand"
"GEN24_1018795","Yes","While in New Zealand"
"GEN24_1018797","No",NA
"GEN24_1018804","Yes","I did not receive any information"
"GEN24_1018806","Yes","I did not receive any information"
"GEN24_1018807","No",NA
"GEN24_1018808","Yes","Before arriving in New Zealand"
"GEN24_1018817","Yes","Before arriving in New Zealand"
"GEN24_1018817","Yes","While in New Zealand"
"GEN24_1018822","Yes","While in New Zealand"
"GEN24_1018825","Yes","Before arriving in New Zealand"
"GEN24_1018836","Yes","I did not receive any information"
"GEN24_1018838","No",NA
"GEN24_1018840","No",NA
"GEN24_1018842","No",NA
"GEN24_1018844","Yes","I did not receive any information"
"GEN24_1018850","Yes","I did not receive any information"
"GEN24_1018855","Yes","I did not receive any information"
"GEN24_1018864","Yes","I did not receive any information"
"GEN24_1018881","Yes","While in New Zealand"
"GEN24_1018887","Yes","Before arriving in New Zealand"
"GEN24_1018897","No",NA
"GEN24_1018899","Yes","I did not receive any information"
"GEN24_1018900","Yes","I did not receive any information"
"GEN24_1018907","No",NA
"GEN24_1018918","No",NA
"GEN24_1018920","Yes","I did not receive any information"
"GEN24_1018928","No",NA
"GEN24_1018929","Yes","I did not receive any information"
"GEN24_1018933","Yes","Before arriving in New Zealand"
"GEN24_1018935","Yes","Before arriving in New Zealand"
"GEN24_1018937","No",NA
"GEN24_1018938","Yes","I did not receive any information"
"GEN24_1018943","Yes","I did not receive any information"
"GEN24_1018950","Yes","Before arriving in New Zealand"
"GEN24_1018950","Yes","While in New Zealand"
"GEN24_1018951","No",NA
"GEN24_1018952","Yes","I did not receive any information"
"GEN24_1018954","Yes","I did not receive any information"
"GEN24_1018957","Yes","Before arriving in New Zealand"
"GEN24_1018957","Yes","While in New Zealand"
"GEN24_1018962","Yes","While in New Zealand"
"GEN24_1018965","Yes","I did not receive any information"
"GEN24_1018974","Yes","I did not receive any information"
"GEN24_1018979","No",NA
"GEN24_1018989","Yes","I did not receive any information"
"GEN24_1018995","Yes","While in New Zealand"
"GEN24_1019003","Yes","I did not receive any information"
"GEN24_1019005","Yes","While in New Zealand"
"GEN24_1019009","No",NA
"GEN24_1019031","No",NA
"GEN24_1019032","Yes","I did not receive any information"
"GEN24_1019035","Yes","While in New Zealand"
"GEN24_1019042","Yes","I did not receive any information"
"GEN24_1019043","Yes","Before arriving in New Zealand"
"GEN24_1019048","No",NA
"GEN24_1019067","Yes","Before arriving in New Zealand"
"GEN24_1019078","No",NA
"GEN24_1019091","No",NA
"GEN24_1019094","Yes","Before arriving in New Zealand"
"GEN24_1019094","Yes","While in New Zealand"
"GEN24_1019097","Yes","While in New Zealand"
"GEN24_1019116","Yes","While in New Zealand"
"GEN24_1019123","Yes","While in New Zealand"
"GEN24_1019128","Yes","I did not receive any information"
"GEN24_1019134","No",NA
"GEN24_1019140","No",NA
"GEN24_1019145","Yes","While in New Zealand"
"GEN24_1019157","Yes","Before arriving in New Zealand"
"GEN24_1019158","Yes","I did not receive any information"
"GEN24_1019165","Yes","I did not receive any information"
"GEN24_1019172","Yes","I did not receive any information"
"GEN24_1019180","Yes","I did not receive any information"
"GEN24_1019184","Yes","Before arriving in New Zealand"
"GEN24_1019184","Yes","While in New Zealand"
"GEN24_1019201","Yes","Before arriving in New Zealand"
"GEN24_1019201","Yes","While in New Zealand"
"GEN24_1019203","Yes","While in New Zealand"
"GEN24_1019208","Yes","I did not receive any information"
"GEN24_1019212","Yes","I did not receive any information"
"GEN24_1019213","Yes","I did not receive any information"
"GEN24_1019214","Yes","While in New Zealand"
"GEN24_1019216","Yes","While in New Zealand"
"GEN24_1019227","Yes","Before arriving in New Zealand"
"GEN24_1019229","Yes","Before arriving in New Zealand"
"GEN24_1019229","Yes","While in New Zealand"
"GEN24_1019230","No",NA
"GEN24_1019233","Yes","While in New Zealand"
"GEN24_1019254","Yes","I did not receive any information"
"GEN24_1019269","Yes","I did not receive any information"
"GEN24_1019271","Yes","Before arriving in New Zealand"
"GEN24_1019281","Yes","Before arriving in New Zealand"
"GEN24_1019281","Yes","While in New Zealand"
"GEN24_1019284","No",NA
"GEN24_1019285","Yes","Before arriving in New Zealand"
"GEN24_1019286","No",NA
"GEN24_1019292","No",NA
"GEN24_1019309","Yes","Before arriving in New Zealand"
"GEN24_1019323","Yes","I did not receive any information"
"GEN24_1019327","Yes","While in New Zealand"
"GEN24_1019328","Yes","I did not receive any information"
"GEN24_1019335","Yes","Before arriving in New Zealand"
"GEN24_1019335","Yes","While in New Zealand"
"GEN24_1019336","Yes","While in New Zealand"
"GEN24_1019338","Yes","Before arriving in New Zealand"
"GEN24_1019339","Yes","I did not receive any information"
"GEN24_1019346","Yes","I did not receive any information"
"GEN24_1019347","Yes","I did not receive any information"
"GEN24_1019350","Yes","I did not receive any information"
"GEN24_1019355","No",NA
"GEN24_1019356","Yes","Before arriving in New Zealand"
"GEN24_1019360","Yes","I did not receive any information"
"GEN24_1019361","Yes","Before arriving in New Zealand"
"GEN24_1019368","No",NA
"GEN24_1019373","Yes","I did not receive any information"
"GEN24_1019375","No",NA
"GEN24_1019381","Yes","I did not receive any information"
"GEN24_1019382","No",NA
"GEN24_1019394","No",NA
"GEN24_1019397","Yes","While in New Zealand"
"GEN24_1019402","Yes","Before arriving in New Zealand"
"GEN24_1019402","Yes","While in New Zealand"
"GEN24_1019412","Yes","I did not receive any information"
"GEN24_1019416","Yes","I did not receive any information"
"GEN24_1019423","No",NA
"GEN24_1019426","Yes","Before arriving in New Zealand"
"GEN24_1019428","Yes","Before arriving in New Zealand"
"GEN24_1019429","Yes","Before arriving in New Zealand"
"GEN24_1019429","Yes","While in New Zealand"
"GEN24_1019434","Yes","Before arriving in New Zealand"
"GEN24_1019438","No",NA
"GEN24_1019439","No",NA
"GEN24_1019448","Yes","I did not receive any information"
"GEN24_1019449","Yes","Before arriving in New Zealand"
"GEN24_1019455","No",NA
"GEN24_1019456","No",NA
"GEN24_1019457","Yes","I did not receive any information"
"GEN24_1019460","No",NA
"GEN24_1019461","Yes","Before arriving in New Zealand"
"GEN24_1019461","Yes","While in New Zealand"
"GEN24_1019465","No",NA
"GEN24_1019467","Yes","Before arriving in New Zealand"
"GEN24_1019467","Yes","While in New Zealand"
"GEN24_1019470","Yes","Before arriving in New Zealand"
"GEN24_1019473","Yes","I did not receive any information"
"GEN24_1019474","Yes","I did not receive any information"
"GEN24_1019475","Yes","I did not receive any information"
"GEN24_1019477","Yes","I did not receive any information"
"GEN24_1019481","No",NA
"GEN24_1019487","Yes","While in New Zealand"
"GEN24_1019490","Yes","I did not receive any information"
"GEN24_1019491","No",NA
"GEN24_1019492","Yes","Before arriving in New Zealand"
"GEN24_1019493","Yes","I did not receive any information"
"GEN24_1019495","No",NA
"GEN24_1019498","No",NA
"GEN24_1019504","Yes","Before arriving in New Zealand"
"GEN24_1019504","Yes","While in New Zealand"
"GEN24_1019509","Yes","I did not receive any information"
"GEN24_1019517","No",NA
"GEN24_1019518","Yes","While in New Zealand"
"GEN24_1019519","Yes","While in New Zealand"
"GEN24_1019520","Yes","I did not receive any information"
"GEN24_1019530","No",NA
"GEN24_1019533","Yes","Before arriving in New Zealand"
"GEN24_1019548","Yes","Before arriving in New Zealand"
"GEN24_1019559","No",NA
"GEN24_1019562","Yes","Before arriving in New Zealand"
"GEN24_1019564","Yes","Before arriving in New Zealand"
"GEN24_1019564","Yes","While in New Zealand"
"GEN24_1019566","Yes","While in New Zealand"
"GEN24_1019568","Yes","I did not receive any information"
"GEN24_1019569","Yes","Before arriving in New Zealand"
"GEN24_1019574","Yes","While in New Zealand"
"GEN24_1019576","No",NA
"GEN24_1019582","Yes","I did not receive any information"
"GEN24_1019584","No",NA
"GEN24_1019586","No",NA
"GEN24_1019595","Yes","I did not receive any information"
"GEN24_1019597","Yes","Before arriving in New Zealand"
"GEN24_1019601","Yes","Before arriving in New Zealand"
"GEN24_1019603","Yes","Before arriving in New Zealand"
"GEN24_1019603","Yes","While in New Zealand"
"GEN24_1019606","No",NA
"GEN24_1019608","Yes","While in New Zealand"
"GEN24_1019613","No",NA
"GEN24_1019622","Yes","Before arriving in New Zealand"
"GEN24_1019623","Yes","While in New Zealand"
"GEN24_1019626","No",NA
"GEN24_1019631","Yes","Before arriving in New Zealand"
"GEN24_1019637","Yes",NA
"GEN24_1019639","No",NA
"GEN24_1019644","Yes","While in New Zealand"
"GEN24_1019649","Yes","I did not receive any information"
"GEN24_1019652","Yes","I did not receive any information"
"GEN24_1019653","No",NA
"GEN24_1019656","Yes","I did not receive any information"
"GEN24_1019658","No",NA
"GEN24_1019665","Yes","I did not receive any information"
"GEN24_1019675","Yes","Before arriving in New Zealand"
"GEN24_1019682","No",NA
"GEN24_1019685","Yes","Before arriving in New Zealand"
"GEN24_1019697","Yes","Before arriving in New Zealand"
"GEN24_1019707","No",NA
"GEN24_1019716","Yes","Before arriving in New Zealand"
"GEN24_1019717","Yes","I did not receive any information"
"GEN24_1019718","Yes","I did not receive any information"
"GEN24_1019723","Yes","Before arriving in New Zealand"
"GEN24_1019724","Yes","I did not receive any information"
"GEN24_1019728","Yes","I did not receive any information"
"GEN24_1019731","Yes","Before arriving in New Zealand"
"GEN24_1019735","No",NA
"GEN24_1019739","Yes","I did not receive any information"
"GEN24_1019740","Yes","Before arriving in New Zealand"
"GEN24_1019746","Yes","While in New Zealand"
"GEN24_1019751","Yes","While in New Zealand"
"GEN24_1019752","No",NA
"GEN24_1019754","Yes","I did not receive any information"
"GEN24_1019757","Yes","While in New Zealand"
"GEN24_1019759","No",NA
"GEN24_1019763","Yes","I did not receive any information"
"GEN24_1019766","No",NA
"GEN24_1019767","Yes","While in New Zealand"
"GEN24_1019771","No",NA
"GEN24_1019776","Yes","I did not receive any information"
"GEN24_1019802","No",NA
"GEN24_1019806","Yes","I did not receive any information"
"GEN24_1019809","Yes","Before arriving in New Zealand"
"GEN24_1019811","Yes","Before arriving in New Zealand"
"GEN24_1019821","Yes","Before arriving in New Zealand"
"GEN24_1019821","Yes","While in New Zealand"
"GEN24_1019826","No",NA
"GEN24_1019833","No",NA
"GEN24_1019834","Yes","Before arriving in New Zealand"
"GEN24_1019850","Yes","I did not receive any information"
"GEN24_1019851","Yes","I did not receive any information"
"GEN24_1019854","No",NA
"GEN24_1019859","Yes","Before arriving in New Zealand"
"GEN24_1019861","Yes","I did not receive any information"
"GEN24_1019868","Yes","I did not receive any information"
"GEN24_1019869","Yes","I did not receive any information"
"GEN24_1019881","No",NA
"GEN24_1019884","Yes","Before arriving in New Zealand"
"GEN24_1019893","Yes","Before arriving in New Zealand"
"GEN24_1019894","No",NA
"GEN24_1019899","No",NA
"GEN24_1019900","Yes","I did not receive any information"
"GEN24_1019902","Yes","Before arriving in New Zealand"
"GEN24_1019907","No",NA
"GEN24_1019908","Yes","While in New Zealand"
"GEN24_1019914","Yes","Before arriving in New Zealand"
"GEN24_1019917","Yes","I did not receive any information"
"GEN24_1019919","Yes","I did not receive any information"
"GEN24_1019922","Yes","Before arriving in New Zealand"
"GEN24_1019923","No",NA
"GEN24_1019926","Yes","I did not receive any information"
"GEN24_1019935","Yes","While in New Zealand"
"GEN24_1019941","Yes","While in New Zealand"
"GEN24_1019951","Yes","Before arriving in New Zealand"
"GEN24_1019951","Yes","While in New Zealand"
"GEN24_1019954","Yes","I did not receive any information"
"GEN24_1019962","Yes","I did not receive any information"
"GEN24_1019965","Yes","I did not receive any information"
"GEN24_1019966","Yes","I did not receive any information"
"GEN24_1019980","Yes","Before arriving in New Zealand"
"GEN24_1019987","Yes","I did not receive any information"
"GEN24_1019989","No",NA
"GEN24_1019990","Yes","I did not receive any information"
"GEN24_1019994","No",NA
"GEN24_1019997","Yes","Before arriving in New Zealand"
"GEN24_1020018","No",NA
"GEN24_1020022","Yes","While in New Zealand"
"GEN24_1020029","Yes","Before arriving in New Zealand"
"GEN24_1020041","No",NA
"GEN24_1020042","Yes","While in New Zealand"
"GEN24_1020045","Yes","While in New Zealand"
"GEN24_1020059","Yes","I did not receive any information"
"GEN24_1020078","No",NA
"GEN24_1020081","No",NA
"GEN24_1020086","Yes","I did not receive any information"
"GEN24_1020089","Yes","Before arriving in New Zealand"
"GEN24_1020110","No",NA
"GEN24_1020124","Yes","While in New Zealand"
"GEN24_1020134","Yes","While in New Zealand"
"GEN24_1020135","Yes","I did not receive any information"
"GEN24_1020147","Yes","I did not receive any information"
"GEN24_1020152","Yes","Before arriving in New Zealand"
"GEN24_1020165","Yes","I did not receive any information"
"GEN24_1020174","No",NA
"GEN24_1020176","Yes","I did not receive any information"
"GEN24_1020191","Yes","Before arriving in New Zealand"
"GEN24_1020203","Yes","Before arriving in New Zealand"
"GEN24_1020207","Yes","I did not receive any information"
"GEN24_1020208","No",NA
"GEN24_1020213","No",NA
"GEN24_1020214","No",NA
"GEN24_1020216","No",NA
"GEN24_1020233","Yes","Before arriving in New Zealand"
"GEN24_1020237","No",NA
"GEN24_1020246","Yes","I did not receive any information"
"GEN24_1020251","Yes","I did not receive any information"
"GEN24_1020257","Yes","I did not receive any information"
"GEN24_1020270","Yes","I did not receive any information"
"GEN24_1020271","No",NA
"GEN24_1020272","No",NA
"GEN24_1020276","No",NA
"GEN24_1020279","Yes","While in New Zealand"
"GEN24_1020290","Yes","While in New Zealand"
"GEN24_1020296","Yes","While in New Zealand"
"GEN24_1020305","Yes","Before arriving in New Zealand"
"GEN24_1020306","Yes","I did not receive any information"
"GEN24_1020310","Yes","I did not receive any information"
"GEN24_1020326","Yes","I did not receive any information"
"GEN24_1020327","Yes","I did not receive any information"
"GEN24_1020332","Yes","While in New Zealand"
"GEN24_1020338","Yes","I did not receive any information"
"GEN24_1020343","No",NA
"GEN24_1020345","Yes","While in New Zealand"
"GEN24_1020349","Yes","Before arriving in New Zealand"
"GEN24_1020349","Yes","While in New Zealand"
"GEN24_1020360","Yes","Before arriving in New Zealand"
"GEN24_1020364","Yes","While in New Zealand"
"GEN24_1020365","Yes","I did not receive any information"
"GEN24_1020366","Yes","I did not receive any information"
"GEN24_1020376","Yes","Before arriving in New Zealand"
"GEN24_1020389","Yes","Before arriving in New Zealand"
"GEN24_1020394","Yes","Before arriving in New Zealand"
"GEN24_1020396","No",NA
"GEN24_1020407","Yes","Before arriving in New Zealand"
"GEN24_1020421","Yes","While in New Zealand"
"GEN24_1020436","Yes","I did not receive any information"
"GEN24_1020447","Yes","I did not receive any information"
"GEN24_1020453","Yes","I did not receive any information"
"GEN24_1020455","Yes","Before arriving in New Zealand"
"GEN24_1020457","Yes","While in New Zealand"
"GEN24_1020460","Yes","While in New Zealand"
"GEN24_1020463","Yes","While in New Zealand"
"GEN24_1020468","No",NA
"GEN24_1020474","Yes","Before arriving in New Zealand"
"GEN24_1020484","Yes","I did not receive any information"
"GEN24_1020497","Yes","I did not receive any information"
"GEN24_1020505","Yes","While in New Zealand"
"GEN24_1020518","Yes","I did not receive any information"
"GEN24_1020519","No",NA
"GEN24_1020531","Yes","Before arriving in New Zealand"
"GEN24_1020538","No",NA
"GEN24_1020539","No",NA
"GEN24_1020552","Yes","While in New Zealand"
"GEN24_1020553","Yes","Before arriving in New Zealand"
"GEN24_1020558","Yes","Before arriving in New Zealand"
"GEN24_1020563","No",NA
"GEN24_1020570","Yes","Before arriving in New Zealand"
"GEN24_1020578","Yes","I did not receive any information"
"GEN24_1020604","Yes","I did not receive any information"
"GEN24_1020606","No",NA
"GEN24_1020610","Yes","Before arriving in New Zealand"
"GEN24_1020611","No",NA
"GEN24_1020617","Yes","While in New Zealand"
"GEN24_1020630","No",NA
"GEN24_1020635","Yes","Before arriving in New Zealand"
"GEN24_1020636","Yes","Before arriving in New Zealand"
"GEN24_1020640","Yes","Before arriving in New Zealand"
"GEN24_1020640","Yes","While in New Zealand"
"GEN24_1020647","Yes","Before arriving in New Zealand"
"GEN24_1020647","Yes","While in New Zealand"
"GEN24_1020660","Yes","I did not receive any information"
"GEN24_1020669","Yes","While in New Zealand"
"GEN24_1020677","No",NA
"GEN24_1020678","Yes","I did not receive any information"
"GEN24_1020680","Yes","Before arriving in New Zealand"
"GEN24_1020681","Yes","I did not receive any information"
"GEN24_1020685","Yes","While in New Zealand"
"GEN24_1020688","Yes","Before arriving in New Zealand"
"GEN24_1020689","Yes","I did not receive any information"
"GEN24_1020693","No",NA
"GEN24_1020697","No",NA
"GEN24_1020698","Yes","I did not receive any information"
"GEN24_1020699","No",NA
"GEN24_1020700","Yes","I did not receive any information"
"GEN24_1020703","Yes","While in New Zealand"
"GEN24_1020717","Yes","I did not receive any information"
"GEN24_1020721","No",NA
"GEN24_1020733","Yes","I did not receive any information"
"GEN24_1020737","No",NA
"GEN24_1020741","Yes","Before arriving in New Zealand"
"GEN24_1020745","Yes","Before arriving in New Zealand"
"GEN24_1020746","Yes","I did not receive any information"
"GEN24_1020751","Yes","Before arriving in New Zealand"
"GEN24_1020754","No",NA
"GEN24_1020767","No",NA
"GEN24_1020768","Yes","Before arriving in New Zealand"
"GEN24_1020768","Yes","While in New Zealand"
"GEN24_1020770","Yes","Before arriving in New Zealand"
"GEN24_1020771","Yes","I did not receive any information"
"GEN24_1020789","Yes","I did not receive any information"
"GEN24_1020791","Yes","I did not receive any information"
"GEN24_1020793","No",NA
"GEN24_1020797","Yes","I did not receive any information"
"GEN24_1020799","Yes","I did not receive any information"
"GEN24_1020801","Yes","I did not receive any information"
"GEN24_1020802","Yes","I did not receive any information"
"GEN24_1020811","Yes","I did not receive any information"
"GEN24_1020815","Yes","While in New Zealand"
"GEN24_1020821","Yes","While in New Zealand"
"GEN24_1020827","Yes","I did not receive any information"
"GEN24_1020829","No",NA
"GEN24_1020835","Yes","Before arriving in New Zealand"
"GEN24_1020836","Yes","I did not receive any information"
"GEN24_1020839","No",NA
"GEN24_1020847","Yes","While in New Zealand"
"GEN24_1020848","Yes","Before arriving in New Zealand"
"GEN24_1020855","Yes","Before arriving in New Zealand"
"GEN24_1020858","Yes","I did not receive any information"
"GEN24_1020859","Yes","While in New Zealand"
"GEN24_1020875","No",NA
"GEN24_1020880","No",NA
"GEN24_1020881","Yes","Before arriving in New Zealand"
"GEN24_1020888","No",NA
"GEN24_1020889","No",NA
"GEN24_1020892","Yes","Before arriving in New Zealand"
"GEN24_1020904","Yes","While in New Zealand"
"GEN24_1020906","No",NA
"GEN24_1020920","Yes","Before arriving in New Zealand"
"GEN24_1020920","Yes","While in New Zealand"
"GEN24_1020926","Yes","I did not receive any information"
"GEN24_1020927","Yes","While in New Zealand"
"GEN24_1020933","Yes","Before arriving in New Zealand"
"GEN24_1020935","Yes","I did not receive any information"
"GEN24_1020941","Yes","Before arriving in New Zealand"
"GEN24_1020941","Yes","While in New Zealand"
"GEN24_1020948","Yes","I did not receive any information"
"GEN24_1020949","Yes","I did not receive any information"
"GEN24_1020950","Yes","Before arriving in New Zealand"
"GEN24_1020954","Yes","I did not receive any information"
"GEN24_1020956","Yes","I did not receive any information"
"GEN24_1020957","Yes","While in New Zealand"
"GEN24_1020959","Yes","I did not receive any information"
"GEN24_1020974","No",NA
"GEN24_1020976","Yes","I did not receive any information"
"GEN24_1020978","Yes","I did not receive any information"
"GEN24_1020979","Yes","I did not receive any information"
"GEN24_1020985","Yes","While in New Zealand"
"GEN24_1020996","No",NA
"GEN24_1021003","Can’t remember",NA
"GEN24_1021022","Yes","I did not receive any information"
"GEN24_1021031","Yes","I did not receive any information"
"GEN24_1021034","Yes","Before arriving in New Zealand"
"GEN24_1021038","Yes","Before arriving in New Zealand"
"GEN24_1021039","Yes","While in New Zealand"
"GEN24_1021050","Yes","Before arriving in New Zealand"
"GEN24_1021052","Yes","While in New Zealand"
"GEN24_1021056","Yes","While in New Zealand"
"GEN24_1021061","Yes","Before arriving in New Zealand"
"GEN24_1021063","Yes","Before arriving in New Zealand"
"GEN24_1021063","Yes","While in New Zealand"
"GEN24_1021067","Yes","I did not receive any information"
"GEN24_1021073","Yes","Before arriving in New Zealand"
"GEN24_1021077","No",NA
"GEN24_1021078","No",NA
"GEN24_1021079","Yes","I did not receive any information"
"GEN24_1021101","Yes","While in New Zealand"
"GEN24_1021117","Yes","I did not receive any information"
"GEN24_1021119","No",NA
"GEN24_1021131","Yes","While in New Zealand"
"GEN24_1021133","Yes","Before arriving in New Zealand"
"GEN24_1021136","Yes","Before arriving in New Zealand"
"GEN24_1021139","Yes","Before arriving in New Zealand"
"GEN24_1021147","Yes","I did not receive any information"
"GEN24_1021151","Yes","I did not receive any information"
"GEN24_1021152","Yes","I did not receive any information"
"GEN24_1021161","No",NA
"GEN24_1021167","No",NA
"GEN24_1021173","Yes","Before arriving in New Zealand"
"GEN24_1021176","Yes","I did not receive any information"
"GEN24_1021180","Yes","I did not receive any information"
"GEN24_1021182","No",NA
"GEN24_1021187","Yes","I did not receive any information"
"GEN24_1021193","Yes","While in New Zealand"
"GEN24_1021194","Yes","I did not receive any information"
"GEN24_1021201","No",NA
"GEN24_1021204","Yes","I did not receive any information"
"GEN24_1021206","Yes","Before arriving in New Zealand"
"GEN24_1021208","Yes","I did not receive any information"
"GEN24_1021214","Yes","I did not receive any information"
"GEN24_1021218","No",NA
"GEN24_1021226","Yes","I did not receive any information"
"GEN24_1021227","Yes","Before arriving in New Zealand"
"GEN24_1021227","Yes","While in New Zealand"
"GEN24_1021229","Yes","I did not receive any information"
"GEN24_1021232","Yes","Before arriving in New Zealand"
"GEN24_1021233","Yes","I did not receive any information"
"GEN24_1021240","Yes","While in New Zealand"
"GEN24_1021248","Yes","I did not receive any information"
"GEN24_1021250","No",NA
"GEN24_1021257","Yes","Before arriving in New Zealand"
"GEN24_1021271","Yes","I did not receive any information"
"GEN24_1021278","No",NA
"GEN24_1021281","Yes","I did not receive any information"
"GEN24_1021287","Yes","I did not receive any information"
"GEN24_1021290","Yes","Before arriving in New Zealand"
"GEN24_1021295","Yes","Before arriving in New Zealand"
"GEN24_1021295","Yes","While in New Zealand"
"GEN24_1021296","Yes","Before arriving in New Zealand"
"GEN24_1021297","Yes","While in New Zealand"
"GEN24_1021300","Yes","Before arriving in New Zealand"
"GEN24_1021308","Yes","I did not receive any information"
"GEN24_1021313","Yes","Before arriving in New Zealand"
"GEN24_1021314","No",NA
"GEN24_1021317","Yes","Before arriving in New Zealand"
"GEN24_1021321","Yes","Before arriving in New Zealand"
"GEN24_1021322","Yes","Before arriving in New Zealand"
"GEN24_1021324","Yes","Before arriving in New Zealand"
"GEN24_1021329","Yes","Before arriving in New Zealand"
"GEN24_1021330","Yes","Before arriving in New Zealand"
"GEN24_1021330","Yes","While in New Zealand"
"GEN24_1021334","No",NA
"GEN24_1021344","No",NA
"GEN24_1021347","Yes","Before arriving in New Zealand"
"GEN24_1021348","No",NA
"GEN24_1021350","Yes","While in New Zealand"
"GEN24_1021352","Yes","While in New Zealand"
"GEN24_1021356","Yes","I did not receive any information"
"GEN24_1021362","Yes","I did not receive any information"
"GEN24_1021363","No",NA
"GEN24_1021365","Yes","While in New Zealand"
"GEN24_1021373","Yes","I did not receive any information"
"GEN24_1021384","Yes","I did not receive any information"
"GEN24_1021396","Yes","Before arriving in New Zealand"
"GEN24_1021401","No",NA
"GEN24_1021403","Yes","I did not receive any information"
"GEN24_1021405","No",NA
"GEN24_1021406","Yes","Before arriving in New Zealand"
"GEN24_1021408","Yes","I did not receive any information"
"GEN24_1021413","Yes","Before arriving in New Zealand"
"GEN24_1021419","No",NA
"GEN24_1021420","No",NA
"GEN24_1021430","Yes","Before arriving in New Zealand"
"GEN24_1021434","Yes","I did not receive any information"
"GEN24_1021446","Yes","I did not receive any information"
"GEN24_1021460","No",NA
"GEN24_1021462","Yes","While in New Zealand"
"GEN24_1021468","Yes","I did not receive any information"
"GEN24_1021482","Yes","Before arriving in New Zealand"
"GEN24_1021485","Yes","I did not receive any information"
"GEN24_1021488","No",NA
"GEN24_1021491","No",NA
"GEN24_1021492","Yes","Before arriving in New Zealand"
"GEN24_1021495","Yes","I did not receive any information"
"GEN24_1021496","Yes","I did not receive any information"
"GEN24_1021498","Yes","I did not receive any information"
"GEN24_1021501","Yes","I did not receive any information"
"GEN24_1021505","No",NA
"GEN24_1021514","Yes","Before arriving in New Zealand"
"GEN24_1021516","Yes","Before arriving in New Zealand"
"GEN24_1021517","Yes","I did not receive any information"
"GEN24_1021518","Yes","Before arriving in New Zealand"
"GEN24_1021520","Yes","I did not receive any information"
"GEN24_1021534","Yes","I did not receive any information"
"GEN24_1021539","Yes","Before arriving in New Zealand"
"GEN24_1021540","No",NA
"GEN24_1021542","Yes","I did not receive any information"
"GEN24_1021545","Yes","While in New Zealand"
"GEN24_1021546","Yes","Before arriving in New Zealand"
"GEN24_1021548","No",NA
"GEN24_1021552","Yes","I did not receive any information"
"GEN24_1021555","Yes","Before arriving in New Zealand"
"GEN24_1021558","Yes","I did not receive any information"
"GEN24_1021561","Yes","I did not receive any information"
"GEN24_1021563","Yes","Before arriving in New Zealand"
"GEN24_1021565","Yes","Before arriving in New Zealand"
"GEN24_1021565","Yes","While in New Zealand"
"GEN24_1021567","Yes","I did not receive any information"
"GEN24_1021569","Yes","I did not receive any information"
"GEN24_1021574","Yes","I did not receive any information"
"GEN24_1021586","Yes","Before arriving in New Zealand"
"GEN24_1021607","Yes","Before arriving in New Zealand"
"GEN24_1021614","No",NA
"GEN24_1021616","No",NA
"GEN24_1021620","No",NA
"GEN24_1021636","No",NA
"GEN24_1021643","Yes","I did not receive any information"
"GEN24_1021644","Yes","I did not receive any information"
"GEN24_1021653","No",NA
"GEN24_1021657","Yes","Before arriving in New Zealand"
"GEN24_1021658","Yes","Before arriving in New Zealand"
"GEN24_1021658","Yes","While in New Zealand"
"GEN24_1021666","Yes","Before arriving in New Zealand"
"GEN24_1021668","Yes","I did not receive any information"
"GEN24_1021672","Yes","I did not receive any information"
"GEN24_1021680","No",NA
"GEN24_1021686","No",NA
"GEN24_1021689","Yes","I did not receive any information"
"GEN24_1021694","No",NA
"GEN24_1021702","Yes","I did not receive any information"
"GEN24_1021705","Yes","While in New Zealand"
"GEN24_1021708","Yes","While in New Zealand"
"GEN24_1021710","Yes","Before arriving in New Zealand"
"GEN24_1021712","Yes","While in New Zealand"
"GEN24_1021715","No",NA
"GEN24_1021716","Yes","While in New Zealand"
"GEN24_1021717","Yes","I did not receive any information"
"GEN24_1021719","Yes","I did not receive any information"
"GEN24_1021725","Yes","Before arriving in New Zealand"
"GEN24_1021729","Yes","Before arriving in New Zealand"
"GEN24_1021732","Yes","I did not receive any information"
"GEN24_1021739","Yes","Before arriving in New Zealand"
"GEN24_1021750","Yes","While in New Zealand"
"GEN24_1021751","No",NA
"GEN24_1021752","Yes","Before arriving in New Zealand"
"GEN24_1021761","No",NA
"GEN24_1021769","Yes","While in New Zealand"
"GEN24_1021795","Yes","Before arriving in New Zealand"
"GEN24_1021800","Yes","I did not receive any information"
"GEN24_1021806","Yes","While in New Zealand"
"GEN24_1021821","Yes","Before arriving in New Zealand"
"GEN24_1021822","Yes","Before arriving in New Zealand"
"GEN24_1021826","Yes","I did not receive any information"
"GEN24_1021841","No",NA
"GEN24_1021846","Yes","I did not receive any information"
"GEN24_1021847","Yes","While in New Zealand"
"GEN24_1021856","Yes","Before arriving in New Zealand"
"GEN24_1021856","Yes","While in New Zealand"
"GEN24_1021858","Yes","Before arriving in New Zealand"
"GEN24_1021862","Yes","I did not receive any information"
"GEN24_1021869","Yes","While in New Zealand"
"GEN24_1021871","Yes","While in New Zealand"
"GEN24_1021874","Yes","Before arriving in New Zealand"
"GEN24_1021879","Yes","I did not receive any information"
"GEN24_1021887","Yes","Before arriving in New Zealand"
"GEN24_1021887","Yes","While in New Zealand"
"GEN24_1021892","Yes","I did not receive any information"
"GEN24_1021897","Yes","I did not receive any information"
"GEN24_1021898","No",NA
"GEN24_1021901","Yes","I did not receive any information"
"GEN24_1021902","No",NA
"GEN24_1021909","No",NA
"GEN24_1021911","Yes","Before arriving in New Zealand"
"GEN24_1021913","No",NA
"GEN24_1021925","Yes","Before arriving in New Zealand"
"GEN24_1021932","Yes","I did not receive any information"
"GEN24_1021942","Yes","While in New Zealand"
"GEN24_1021953","Yes","I did not receive any information"
"GEN24_1021964","Yes","Before arriving in New Zealand"
"GEN24_1021965","Yes","Before arriving in New Zealand"
"GEN24_1021968","Yes","Before arriving in New Zealand"
"GEN24_1021968","Yes","While in New Zealand"
"GEN24_1021973","Yes","While in New Zealand"
"GEN24_1021982","Yes","Before arriving in New Zealand"
"GEN24_1021982","Yes","While in New Zealand"
"GEN24_1021985","Yes","Before arriving in New Zealand"
"GEN24_1021986","Yes","I did not receive any information"
"GEN24_1021989","Yes","Before arriving in New Zealand"
"GEN24_1021990","Yes","I did not receive any information"
"GEN24_1021994","No",NA
"GEN24_1022000","Yes","Before arriving in New Zealand"
"GEN24_1022005","Yes","Before arriving in New Zealand"
"GEN24_1022006","Yes","I did not receive any information"
"GEN24_1022007","Yes","While in New Zealand"
"GEN24_1022010","Yes","I did not receive any information"
"GEN24_1022020","No",NA
"GEN24_1022026","Yes","I did not receive any information"
"GEN24_1022030","Yes","While in New Zealand"
"GEN24_1022033","No",NA
"GEN24_1022051","No",NA
"GEN24_1022056","Yes","While in New Zealand"
"GEN24_1022058","Yes","I did not receive any information"
"GEN24_1022062","Yes","I did not receive any information"
"GEN24_1022063","Yes","I did not receive any information"
"GEN24_1022066","Yes","While in New Zealand"
"GEN24_1022068","No",NA
"GEN24_1022072","No",NA
"GEN24_1022075","Yes","I did not receive any information"
"GEN24_1022077","Yes","I did not receive any information"
"GEN24_1022079","Yes","Before arriving in New Zealand"
"GEN24_1022079","Yes","While in New Zealand"
"GEN24_1022080","No",NA
"GEN24_1022082","No",NA
"GEN24_1022083","No",NA
"GEN24_1022090","Can’t remember",NA
"GEN24_1022094","Yes","Before arriving in New Zealand"
"GEN24_1022095","Yes","Before arriving in New Zealand"
"GEN24_1022095","Yes","While in New Zealand"
"GEN24_1022099","No",NA
"GEN24_1022100","No",NA
"GEN24_1022104","No",NA
"GEN24_1022113","Yes","I did not receive any information"
"GEN24_1022118","Yes","Before arriving in New Zealand"
"GEN24_1022118","Yes","While in New Zealand"
"GEN24_1022120","Yes","I did not receive any information"
"GEN24_1022127","Yes","Before arriving in New Zealand"
"GEN24_1022139","No",NA
"GEN24_1022142","Yes","Before arriving in New Zealand"
"GEN24_1022153","Yes","While in New Zealand"
"GEN24_1022159","No",NA
"GEN24_1022163","Yes","While in New Zealand"
"GEN24_1022165","No",NA
"GEN24_1022175","No",NA
"GEN24_1022180","Yes","Before arriving in New Zealand"
"GEN24_1022180","Yes","While in New Zealand"
"GEN24_1022183","No",NA
"GEN24_1022186","Yes","While in New Zealand"
"GEN24_1022192","Yes","Before arriving in New Zealand"
"GEN24_1022196","Yes","Before arriving in New Zealand"
"GEN24_1022196","Yes","While in New Zealand"
"GEN24_1022197","Yes","I did not receive any information"
"GEN24_1022202","No",NA
"GEN24_1022203","No",NA
"GEN24_1022208","No",NA
"GEN24_1022214","No",NA
"GEN24_1022219","Yes","I did not receive any information"
"GEN24_1022220","No",NA
"GEN24_1022224","Yes","I did not receive any information"
"GEN24_1022235","Yes","I did not receive any information"
"GEN24_1022238","No",NA
"GEN24_1022244","Yes","I did not receive any information"
"GEN24_1022246","No",NA
"GEN24_1022247","No",NA
"GEN24_1022248","No",NA
"GEN24_1022250","Yes","While in New Zealand"
"GEN24_1022254","Yes","I did not receive any information"
"GEN24_1022260","Yes","Before arriving in New Zealand"
"GEN24_1022265","Yes","While in New Zealand"
"GEN24_1022275","Yes","Before arriving in New Zealand"
"GEN24_1022275","Yes","While in New Zealand"
"GEN24_1022280","Yes","While in New Zealand"
"GEN24_1022281","Yes","I did not receive any information"
"GEN24_1022287","No",NA
"GEN24_1022289","No",NA
"GEN24_1022293","No",NA
"GEN24_1022294","Yes","While in New Zealand"
"GEN24_1022298","Yes","Before arriving in New Zealand"
"GEN24_1022298","Yes","While in New Zealand"
"GEN24_1022300","Yes","Before arriving in New Zealand"
"GEN24_1022313","Yes","Before arriving in New Zealand"
"GEN24_1022313","Yes","While in New Zealand"
"GEN24_1022318","Yes","While in New Zealand"
"GEN24_1022320","Yes","Before arriving in New Zealand"
"GEN24_1022320","Yes","While in New Zealand"
"GEN24_1022322","Yes","I did not receive any information"
"GEN24_1022323","Yes","I did not receive any information"
"GEN24_1022324","Yes","Before arriving in New Zealand"
"GEN24_1022327","Yes","Before arriving in New Zealand"
"GEN24_1022330","Yes","Before arriving in New Zealand"
"GEN24_1022331","Yes","Before arriving in New Zealand"
"GEN24_1022333","Yes","Before arriving in New Zealand"
"GEN24_1022333","Yes","While in New Zealand"
"GEN24_1022335","No",NA
"GEN24_1022339","Yes","Before arriving in New Zealand"
"GEN24_1022340","Yes","Before arriving in New Zealand"
"GEN24_1022357","Yes","I did not receive any information"
"GEN24_1022358","Yes","I did not receive any information"
"GEN24_1022365","Yes","While in New Zealand"
"GEN24_1022377","Yes","I did not receive any information"
"GEN24_1022386","Yes","I did not receive any information"
"GEN24_1022388","Yes","Before arriving in New Zealand"
"GEN24_1022398","No",NA
"GEN24_1022402","Yes","Before arriving in New Zealand"
"GEN24_1022402","Yes","While in New Zealand"
"GEN24_1022404","Yes","I did not receive any information"
"GEN24_1022411","Yes","While in New Zealand"
"GEN24_1022415","Yes","Before arriving in New Zealand"
"GEN24_1022415","Yes","While in New Zealand"
"GEN24_1022418","Yes","Before arriving in New Zealand"
"GEN24_1022423","Yes","Before arriving in New Zealand"
"GEN24_1022424","Yes","Before arriving in New Zealand"
"GEN24_1022425","No",NA
"GEN24_1022426","No",NA
"GEN24_1022438","Yes","I did not receive any information"
"GEN24_1022440","Yes","Before arriving in New Zealand"
"GEN24_1022442","Yes","Before arriving in New Zealand"
"GEN24_1022443","Yes","I did not receive any information"
"GEN24_1022463","No",NA
"GEN24_1022466","No",NA
"GEN24_1022468","No",NA
"GEN24_1022476","Yes","I did not receive any information"
"GEN24_1022477","No",NA
"GEN24_1022480","No",NA
"GEN24_1022481","Yes","I did not receive any information"
"GEN24_1022482","No",NA
"GEN24_1022484","Yes","Before arriving in New Zealand"
"GEN24_1022485","Yes","I did not receive any information"
"GEN24_1022491","Yes","I did not receive any information"
"GEN24_1022494","Yes","I did not receive any information"
"GEN24_1022500","Yes","Before arriving in New Zealand"
"GEN24_1022501","Yes","I did not receive any information"
"GEN24_1022503","Yes","I did not receive any information"
"GEN24_1022509","Yes","While in New Zealand"
"GEN24_1022510","Yes","While in New Zealand"
"GEN24_1022511","No",NA
"GEN24_1022513","Yes","I did not receive any information"
"GEN24_1022519","Yes","I did not receive any information"
"GEN24_1022520","Yes","While in New Zealand"
"GEN24_1022523","Yes","Before arriving in New Zealand"
"GEN24_1022528","Yes","I did not receive any information"
"GEN24_1022531","Yes","While in New Zealand"
"GEN24_1022537","Yes","I did not receive any information"
"GEN24_1022543","Yes","While in New Zealand"
"GEN24_1022544","Yes","Before arriving in New Zealand"
"GEN24_1022544","Yes","While in New Zealand"
"GEN24_1022545","No",NA
"GEN24_1022547","Yes","Before arriving in New Zealand"
"GEN24_1022549","Yes","I did not receive any information"
"GEN24_1022555","No",NA
"GEN24_1022556","No",NA
"GEN24_1022557","Yes","Before arriving in New Zealand"
"GEN24_1022562","Yes","I did not receive any information"
"GEN24_1022563","Yes","Before arriving in New Zealand"
"GEN24_1022563","Yes","While in New Zealand"
"GEN24_1022566","No",NA
"GEN24_1022568","Yes","I did not receive any information"
"GEN24_1022571","Yes","I did not receive any information"
"GEN24_1022577","Yes","While in New Zealand"
"GEN24_1022582","Yes","Before arriving in New Zealand"
"GEN24_1022582","Yes","While in New Zealand"
"GEN24_1022590","Yes","I did not receive any information"
"GEN24_1022605","No",NA
"GEN24_1022607","Yes","I did not receive any information"
"GEN24_1022618","Yes","Before arriving in New Zealand"
"GEN24_1022622","No",NA
"GEN24_1022626","Yes","Before arriving in New Zealand"
"GEN24_1022629","Yes","I did not receive any information"
"GEN24_1022630","Yes","Before arriving in New Zealand"
"GEN24_1022630","Yes","While in New Zealand"
"GEN24_1022633","No",NA
"GEN24_1022645","Yes","While in New Zealand"
"GEN24_1022647","No",NA
"GEN24_1022681","Yes","I did not receive any information"
"GEN24_1022684","Yes","I did not receive any information"
"GEN24_1022687","Yes","I did not receive any information"
"GEN24_1022701","Yes","Before arriving in New Zealand"
"GEN24_1022701","Yes","While in New Zealand"
"GEN24_1022704","Yes","While in New Zealand"
"GEN24_1022714","Yes","I did not receive any information"
"GEN24_1022718","Yes","I did not receive any information"
"GEN24_1022723","No",NA
"GEN24_1022726","No",NA
"GEN24_1022729","Yes","While in New Zealand"
"GEN24_1022731","No",NA
"GEN24_1022732","Yes","I did not receive any information"
"GEN24_1022739","Yes","I did not receive any information"
"GEN24_1022740","Yes","While in New Zealand"
"GEN24_1022742","No",NA
"GEN24_1022747","Yes","Before arriving in New Zealand"
"GEN24_1022755","Yes","Before arriving in New Zealand"
"GEN24_1022758","Yes","While in New Zealand"
"GEN24_1022761","Yes","I did not receive any information"
"GEN24_1022770","Yes","I did not receive any information"
"GEN24_1022772","Yes","Before arriving in New Zealand"
"GEN24_1022772","Yes","While in New Zealand"
"GEN24_1022775","Yes","Before arriving in New Zealand"
"GEN24_1022782","Yes","I did not receive any information"
"GEN24_1022783","Yes","I did not receive any information"
"GEN24_1022786","Yes","I did not receive any information"
"GEN24_1022787","Yes","I did not receive any information"
"GEN24_1022789","Yes","While in New Zealand"
"GEN24_1022790","Yes","I did not receive any information"
"GEN24_1022791","Yes","While in New Zealand"
"GEN24_1022792","Yes","While in New Zealand"
"GEN24_1022795","Yes","I did not receive any information"
"GEN24_1022804","No",NA
"GEN24_1022808","Yes","Before arriving in New Zealand"
"GEN24_1022813","Yes","Before arriving in New Zealand"
"GEN24_1022813","Yes","While in New Zealand"
"GEN24_1022819","No",NA
"GEN24_1022821","Yes","Before arriving in New Zealand"
"GEN24_1022833","Yes","Before arriving in New Zealand"
"GEN24_1022837","Yes","Before arriving in New Zealand"
"GEN24_1022839","Yes","I did not receive any information"
"GEN24_1022846","No",NA
"GEN24_1022854","Yes","Before arriving in New Zealand"
"GEN24_1022854","Yes","While in New Zealand"
"GEN24_1022860","No",NA
"GEN24_1022867","Yes","Before arriving in New Zealand"
"GEN24_1022867","Yes","While in New Zealand"
"GEN24_1022868","No",NA
"GEN24_1022869","Yes","I did not receive any information"
"GEN24_1022887","No",NA
"GEN24_1022888","Yes","Before arriving in New Zealand"
"GEN24_1022892","Yes","While in New Zealand"
"GEN24_1022893","Yes","While in New Zealand"
"GEN24_1022896","Yes","Before arriving in New Zealand"
"GEN24_1022896","Yes","While in New Zealand"
"GEN24_1022899","Yes","Before arriving in New Zealand"
"GEN24_1022901","No",NA
"GEN24_1022903","No",NA
"GEN24_1022906","No",NA
"GEN24_1022907","Yes","Before arriving in New Zealand"
"GEN24_1022908","Yes","Before arriving in New Zealand"
"GEN24_1022914","Yes","I did not receive any information"
"GEN24_1022921","No",NA
"GEN24_1022926","No",NA
"GEN24_1022931","Yes","Before arriving in New Zealand"
"GEN24_1022933","Yes","I did not receive any information"
"GEN24_1022938","Yes","I did not receive any information"
"GEN24_1022940","No",NA
"GEN24_1022946","Yes","I did not receive any information"
"GEN24_1022949","Yes","Before arriving in New Zealand"
"GEN24_1022957","No",NA
"GEN24_1022980","Yes","I did not receive any information"
"GEN24_1022982","No",NA
"GEN24_1023004","Yes","Before arriving in New Zealand"
"GEN24_1023015","Yes","Before arriving in New Zealand"
"GEN24_1023015","Yes","While in New Zealand"
"GEN24_1023024","Yes","I did not receive any information"
"GEN24_1023032","Yes","While in New Zealand"
"GEN24_1023033","Yes","Before arriving in New Zealand"
"GEN24_1023039","Yes","I did not receive any information"
"GEN24_1023044","Yes","Before arriving in New Zealand"
"GEN24_1023044","Yes","While in New Zealand"
"GEN24_1023051","No",NA
"GEN24_1023057","No",NA
"GEN24_1023059","Yes","I did not receive any information"
"GEN24_1023062","Yes","Before arriving in New Zealand"
"GEN24_1023063","Yes","Before arriving in New Zealand"
"GEN24_1023063","Yes","While in New Zealand"
"GEN24_1023066","No",NA
"GEN24_1023069","Yes","While in New Zealand"
"GEN24_1023075","Yes","Before arriving in New Zealand"
"GEN24_1023083","Yes","Before arriving in New Zealand"
"GEN24_1023089","Yes","Before arriving in New Zealand"
"GEN24_1023092","Yes","Before arriving in New Zealand"
"GEN24_1023115","Yes","While in New Zealand"
"GEN24_1023120","Yes","Before arriving in New Zealand"
"GEN24_1023120","Yes","While in New Zealand"
"GEN24_1023121","Yes","Before arriving in New Zealand"
"GEN24_1023121","Yes","While in New Zealand"
"GEN24_1023133","No",NA
"GEN24_1023146","No",NA
"GEN24_1023147","Yes","While in New Zealand"
"GEN24_1023149","Yes","I did not receive any information"
"GEN24_1023152","Yes","I did not receive any information"
"GEN24_1023159","Yes","I did not receive any information"
"GEN24_1023167","Yes","I did not receive any information"
"GEN24_1023172","Yes","Before arriving in New Zealand"
"GEN24_1023172","Yes","While in New Zealand"
"GEN24_1023176","Yes","Before arriving in New Zealand"
"GEN24_1023206","No",NA
"GEN24_1023220","Yes","Before arriving in New Zealand"
"GEN24_1023223","No",NA
"GEN24_1023233","Yes","Before arriving in New Zealand"
"GEN24_1023235","Yes","Before arriving in New Zealand"
"GEN24_1023235","Yes","While in New Zealand"
"GEN24_1023239","No",NA
"GEN24_1023241","No",NA
"GEN24_1023244","No",NA
"GEN24_1023248","Yes","Before arriving in New Zealand"
"GEN24_1023255","Yes","Before arriving in New Zealand"
"GEN24_1023259","Yes","Before arriving in New Zealand"
"GEN24_1023263","No",NA
"GEN24_1023268","Yes","Before arriving in New Zealand"
"GEN24_1023283","Yes","I did not receive any information"
"GEN24_1023288","Yes","Before arriving in New Zealand"
"GEN24_1023290","No",NA
"GEN24_1023307","No",NA
"GEN24_1023321","Yes","I did not receive any information"
"GEN24_1023330","Yes","I did not receive any information"
"GEN24_1023339","Yes","Before arriving in New Zealand"
"GEN24_1023349","Yes","Before arriving in New Zealand"
"GEN24_1023350","Yes","I did not receive any information"
"GEN24_1023352","Yes","Before arriving in New Zealand"
"GEN24_1023353","Yes","Before arriving in New Zealand"
"GEN24_1023358","Yes","Before arriving in New Zealand"
"GEN24_1023358","Yes","While in New Zealand"
"GEN24_1023359","Yes","Before arriving in New Zealand"
"GEN24_1023361","No",NA
"GEN24_1023363","Yes","Before arriving in New Zealand"
"GEN24_1023371","Yes","Before arriving in New Zealand"
"GEN24_1023371","Yes","While in New Zealand"
"GEN24_1023397","No",NA
"GEN24_1023400","No",NA
"GEN24_1023405","No",NA
"GEN24_1023409","Yes","Before arriving in New Zealand"
"GEN24_1023417","No",NA
"GEN24_1023420","Yes","While in New Zealand"
"GEN24_1023422","Yes","Before arriving in New Zealand"
"GEN24_1023424","Yes","While in New Zealand"
"GEN24_1023425","Yes","Before arriving in New Zealand"
"GEN24_1023428","Yes","I did not receive any information"
"GEN24_1023429","Yes","Before arriving in New Zealand"
"GEN24_1023441","Yes","Before arriving in New Zealand"
"GEN24_1023441","Yes","While in New Zealand"
"GEN24_1023442","Yes","While in New Zealand"
"GEN24_1023489","Yes","Before arriving in New Zealand"
"GEN24_1023500","Yes","Before arriving in New Zealand"
"GEN24_1023507","Yes","I did not receive any information"
"GEN24_1023509","Yes","I did not receive any information"
"GEN24_1023520","Yes","I did not receive any information"
"GEN24_1023536","Yes","Before arriving in New Zealand"
"GEN24_1023551","No",NA
"GEN24_1023559","Yes","While in New Zealand"
"GEN24_1023564","No",NA
"GEN24_1023566","Yes","I did not receive any information"
"GEN24_1023580","Yes","Before arriving in New Zealand"
"GEN24_1023581","Yes","Before arriving in New Zealand"
"GEN24_1023581","Yes","While in New Zealand"
"GEN24_1023586","Yes","Before arriving in New Zealand"
"GEN24_1023598","Yes","I did not receive any information"
"GEN24_1023601","Yes","I did not receive any information"
"GEN24_1023602","No",NA
"GEN24_1023603","Yes","I did not receive any information"
"GEN24_1023606","Yes","I did not receive any information"
"GEN24_1023607","No",NA
"GEN24_1023615","Yes","While in New Zealand"
"GEN24_1023616","No",NA
"GEN24_1023618","Yes","I did not receive any information"
"GEN24_1023622","Yes","I did not receive any information"
"GEN24_1023623","Yes","While in New Zealand"
"GEN24_1023624","Yes","I did not receive any information"
"GEN24_1023625","Yes","I did not receive any information"
"GEN24_1023628","Yes","Before arriving in New Zealand"
"GEN24_1023628","Yes","While in New Zealand"
"GEN24_1023632","Yes","Before arriving in New Zealand"
"GEN24_1023634","Yes","Before arriving in New Zealand"
"GEN24_1023636","Yes","Before arriving in New Zealand"
"GEN24_1023639","No",NA
"GEN24_1023642","Yes","Before arriving in New Zealand"
"GEN24_1023644","Yes","I did not receive any information"
"GEN24_1023647","Yes","I did not receive any information"
"GEN24_1023649","Yes","While in New Zealand"
"GEN24_1023653","Yes","I did not receive any information"
"GEN24_1023654","Yes","I did not receive any information"
"GEN24_1023657","Yes","I did not receive any information"
"GEN24_1023658","Yes","Before arriving in New Zealand"
"GEN24_1023658","Yes","While in New Zealand"
"GEN24_1023678","No",NA
"GEN24_1023684","Yes","I did not receive any information"
"GEN24_1023689","Yes","I did not receive any information"
"GEN24_1023716","No",NA
"GEN24_1023720","Yes","Before arriving in New Zealand"
"GEN24_1023728","Yes","Before arriving in New Zealand"
"GEN24_1023733","Yes","While in New Zealand"
"GEN24_1023761","No",NA
"GEN24_1023762","Yes","I did not receive any information"
"GEN24_1023775","Yes","Before arriving in New Zealand"
"GEN24_1023776","No",NA
"GEN24_1023777","Yes","While in New Zealand"
"GEN24_1023784","Yes","I did not receive any information"
"GEN24_1023785","Yes","I did not receive any information"
"GEN24_1023796","Yes","Before arriving in New Zealand"
"GEN24_1023799","Yes","I did not receive any information"
"GEN24_1023800","Yes","I did not receive any information"
"GEN24_1023810","Yes","I did not receive any information"
"GEN24_1023812","Yes","Before arriving in New Zealand"
"GEN24_1023812","Yes","While in New Zealand"
"GEN24_1023818","Yes","Before arriving in New Zealand"
"GEN24_1023820","Yes","Before arriving in New Zealand"
"GEN24_1023821","Yes","Before arriving in New Zealand"
"GEN24_1023826","Yes","Before arriving in New Zealand"
"GEN24_1023827","Yes","While in New Zealand"
"GEN24_1023828","Yes","While in New Zealand"
"GEN24_1023830","Yes","I did not receive any information"
"GEN24_1023834","Yes","Before arriving in New Zealand"
"GEN24_1023838","Yes","I did not receive any information"
"GEN24_1023841","No",NA
"GEN24_1023849","Yes","Before arriving in New Zealand"
"GEN24_1023851","Yes","Before arriving in New Zealand"
"GEN24_1023851","Yes","While in New Zealand"
"GEN24_1023855","Yes","Before arriving in New Zealand"
"GEN24_1023860","Yes","While in New Zealand"
"GEN24_1023861","Yes","I did not receive any information"
"GEN24_1023871","Yes","Before arriving in New Zealand"
"GEN24_1023872","No",NA
"GEN24_1023880","Yes","Before arriving in New Zealand"
"GEN24_1023884","Yes","Before arriving in New Zealand"
"GEN24_1023886","Yes","I did not receive any information"
"GEN24_1023892","Yes","I did not receive any information"
"GEN24_1023895","Yes","Before arriving in New Zealand"
"GEN24_1023897","Yes","While in New Zealand"
"GEN24_1023898","Yes","Before arriving in New Zealand"
"GEN24_1023899","No",NA
"GEN24_1023903","Yes","I did not receive any information"
"GEN24_1023905","Yes","Before arriving in New Zealand"
"GEN24_1023908","Yes","I did not receive any information"
"GEN24_1023909","No",NA
"GEN24_1023911","Yes","I did not receive any information"
"GEN24_1023918","No",NA
"GEN24_1023923","Yes","Before arriving in New Zealand"
"GEN24_1023934","No",NA
"GEN24_1023935","Yes","I did not receive any information"
"GEN24_1023936","Yes","I did not receive any information"
"GEN24_1023940","Yes","I did not receive any information"
"GEN24_1023949","Yes","I did not receive any information"
"GEN24_1023954","No",NA
"GEN24_1023955","Yes","While in New Zealand"
"GEN24_1023959","Yes","Before arriving in New Zealand"
"GEN24_1023959","Yes","While in New Zealand"
"GEN24_1023961","Yes","I did not receive any information"
"GEN24_1023962","No",NA
"GEN24_1023963","No",NA
"GEN24_1023970","Yes","Before arriving in New Zealand"
"GEN24_1023972","No",NA
"GEN24_1023980","Yes","While in New Zealand"
"GEN24_1023988","Yes","I did not receive any information"
"GEN24_1023989","Yes","Before arriving in New Zealand"
"GEN24_1023992","Yes","Before arriving in New Zealand"
"GEN24_1023997","Yes","While in New Zealand"
"GEN24_1023999","Yes","I did not receive any information"
"GEN24_1024001","Yes","Before arriving in New Zealand"
"GEN24_1024001","Yes","While in New Zealand"
"GEN24_1024012","Yes","While in New Zealand"
"GEN24_1024013","Yes","While in New Zealand"
"GEN24_1024033","No",NA
"GEN24_1024037","Yes","I did not receive any information"
"GEN24_1024045","Yes","While in New Zealand"
"GEN24_1024050","Yes","Before arriving in New Zealand"
"GEN24_1024056","Yes","Before arriving in New Zealand"
"GEN24_1024064","Yes","I did not receive any information"
"GEN24_1024068","Yes","Before arriving in New Zealand"
"GEN24_1024068","Yes","While in New Zealand"
"GEN24_1024077","Yes","Before arriving in New Zealand"
"GEN24_1024078","No",NA
"GEN24_1024080","Yes","I did not receive any information"
"GEN24_1024081","Yes","I did not receive any information"
"GEN24_1024083","No",NA
"GEN24_1024091","Yes","I did not receive any information"
"GEN24_1024092","Yes","I did not receive any information"
"GEN24_1024095","Yes","While in New Zealand"
"GEN24_1024098","Yes","I did not receive any information"
"GEN24_1024103","Yes","Before arriving in New Zealand"
"GEN24_1024109","No",NA
"GEN24_1024116","Yes","Before arriving in New Zealand"
"GEN24_1024123","Yes","I did not receive any information"
"GEN24_1024129","Yes","While in New Zealand"
"GEN24_1024135","Yes","I did not receive any information"
"GEN24_1024136","Yes","I did not receive any information"
"GEN24_1024145","Yes","Before arriving in New Zealand"
"GEN24_1024147","No",NA
"GEN24_1024151","Yes","Before arriving in New Zealand"
"GEN24_1024152","Yes","Before arriving in New Zealand"
"GEN24_1024153","No",NA
"GEN24_1024156","Yes","While in New Zealand"
"GEN24_1024157","Yes","Before arriving in New Zealand"
"GEN24_1024160","Yes","Before arriving in New Zealand"
"GEN24_1024161","Yes","Before arriving in New Zealand"
"GEN24_1024167","Yes","I did not receive any information"
"GEN24_1024184","Yes","While in New Zealand"
"GEN24_1024192","Yes","While in New Zealand"
"GEN24_1024197","Yes","Before arriving in New Zealand"
"GEN24_1024198","Yes","I did not receive any information"
"GEN24_1024199","Yes","While in New Zealand"
"GEN24_1024207","No",NA
"GEN24_1024208","No",NA
"GEN24_1024210","Yes","Before arriving in New Zealand"
"GEN24_1024211","Yes","Before arriving in New Zealand"
"GEN24_1024219","Yes","I did not receive any information"
"GEN24_1024227","Yes","Before arriving in New Zealand"
"GEN24_1024228","No",NA
"GEN24_1024234","No",NA
"GEN24_1024236","Yes","Before arriving in New Zealand"
"GEN24_1024242","Yes","Before arriving in New Zealand"
"GEN24_1024245","Yes","Before arriving in New Zealand"
"GEN24_1024252","No",NA
"GEN24_1024278","Yes","I did not receive any information"
"GEN24_1024281","No",NA
"GEN24_1024298","Yes","While in New Zealand"
"GEN24_1024300","Yes","Before arriving in New Zealand"
"GEN24_1024307","Yes","While in New Zealand"
"GEN24_1024314","Yes","I did not receive any information"
"GEN24_1024327","No",NA
"GEN24_1024333","Yes","Before arriving in New Zealand"
"GEN24_1024335","Yes","I did not receive any information"
"GEN24_1024336","Yes","Before arriving in New Zealand"
"GEN24_1024342","Yes","While in New Zealand"
"GEN24_1024345","Yes","I did not receive any information"
"GEN24_1024347","Yes","I did not receive any information"
"GEN24_1024352","Yes","I did not receive any information"
"GEN24_1024364","No",NA
"GEN24_1024367","Yes","Before arriving in New Zealand"
"GEN24_1024374","Yes","Before arriving in New Zealand"
"GEN24_1024379","Yes","I did not receive any information"
"GEN24_1024387","Yes","I did not receive any information"
"GEN24_1024390","Yes","Before arriving in New Zealand"
"GEN24_1024390","Yes","While in New Zealand"
"GEN24_1024391","Yes","Before arriving in New Zealand"
"GEN24_1024392","Yes","Before arriving in New Zealand"
"GEN24_1024392","Yes","While in New Zealand"
"GEN24_1024394","Yes","I did not receive any information"
"GEN24_1024397","No",NA
"GEN24_1024399","No",NA
"GEN24_1024400","No",NA
"GEN24_1024406","Yes","While in New Zealand"
"GEN24_1024407","No",NA
"GEN24_1024427","Yes","Before arriving in New Zealand"
"GEN24_1024430","Yes","While in New Zealand"
"GEN24_1024432","Yes","I did not receive any information"
"GEN24_1024436","Yes","I did not receive any information"
"GEN24_1024445","No",NA
"GEN24_1024456","Yes","Before arriving in New Zealand"
"GEN24_1024463","Yes","While in New Zealand"
"GEN24_1024464","Yes","I did not receive any information"
"GEN24_1024468","Yes","While in New Zealand"
"GEN24_1024469","Yes","While in New Zealand"
"GEN24_1024474","Yes","Before arriving in New Zealand"
"GEN24_1024476","Yes","Before arriving in New Zealand"
"GEN24_1024477","Yes","I did not receive any information"
"GEN24_1024482","No",NA
"GEN24_1024495","No",NA
"GEN24_1024497","No",NA
"GEN24_1024502","Yes","I did not receive any information"
"GEN24_1024505","Yes","Before arriving in New Zealand"
"GEN24_1024506","Yes","Before arriving in New Zealand"
"GEN24_1024509","Yes","I did not receive any information"
"GEN24_1024511","No",NA
"GEN24_1024524","Yes","I did not receive any information"
"GEN24_1024529","Yes","Before arriving in New Zealand"
"GEN24_1024532","No",NA
"GEN24_1024536","No",NA
"GEN24_1024545","Yes","Before arriving in New Zealand"
"GEN24_1024554","Yes","I did not receive any information"
"GEN24_1024559","No",NA
"GEN24_1024564","Yes","I did not receive any information"
"GEN24_1024570","Yes","Before arriving in New Zealand"
"GEN24_1024577","Yes","Before arriving in New Zealand"
"GEN24_1024579","Yes","I did not receive any information"
"GEN24_1024581","Yes","I did not receive any information"
"GEN24_1024596","Yes","Before arriving in New Zealand"
"GEN24_1024598","Yes","I did not receive any information"
"GEN24_1024599","Yes","I did not receive any information"
"GEN24_1024604","Yes","I did not receive any information"
"GEN24_1024607","No",NA
"GEN24_1024615","No",NA
"GEN24_1024635","Yes","I did not receive any information"
"GEN24_1024639","No",NA
"GEN24_1024651","Yes","I did not receive any information"
"GEN24_1024654","No",NA
"GEN24_1024663","Yes","I did not receive any information"
"GEN24_1024668","No",NA
"GEN24_1024670","Yes","Before arriving in New Zealand"
"GEN24_1024680","Yes","I did not receive any information"
"GEN24_1024683","No",NA
"GEN24_1024688","Yes","I did not receive any information"
"GEN24_1024691","Yes","I did not receive any information"
"GEN24_1024696","Yes","I did not receive any information"
"GEN24_1024720","Yes","Before arriving in New Zealand"
"GEN24_1024722","Yes","Before arriving in New Zealand"
"GEN24_1024724","Yes","While in New Zealand"
"GEN24_1024726","No",NA
"GEN24_1024729","Yes","I did not receive any information"
"GEN24_1024731","Yes","Before arriving in New Zealand"
"GEN24_1024741","No",NA
"GEN24_1024754","Yes","I did not receive any information"
"GEN24_1024756","Yes","I did not receive any information"
"GEN24_1024759","Yes","Before arriving in New Zealand"
"GEN24_1024769","Yes","I did not receive any information"
"GEN24_1024772","No",NA
"GEN24_1024773","Yes","Before arriving in New Zealand"
"GEN24_1024777","No",NA
"GEN24_1024778","Yes","Before arriving in New Zealand"
"GEN24_1024780","Yes","While in New Zealand"
"GEN24_1024789","Yes","Before arriving in New Zealand"
"GEN24_1024789","Yes","While in New Zealand"
"GEN24_1024792","Yes","I did not receive any information"
"GEN24_1024796","Yes","Before arriving in New Zealand"
"GEN24_1024800","Yes","I did not receive any information"
"GEN24_1024803","Yes","While in New Zealand"
"GEN24_1024805","No",NA
"GEN24_1024806","Yes","I did not receive any information"
"GEN24_1024821","Yes","Before arriving in New Zealand"
"GEN24_1024822","Yes","I did not receive any information"
"GEN24_1024823","No",NA
"GEN24_1024824","Yes","I did not receive any information"
"GEN24_1024825","Yes","Before arriving in New Zealand"
"GEN24_1024825","Yes","While in New Zealand"
"GEN24_1024827","Yes","I did not receive any information"
"GEN24_1024829","Yes","Before arriving in New Zealand"
"GEN24_1024831","Yes","While in New Zealand"
"GEN24_1024832","Yes","Before arriving in New Zealand"
"GEN24_1024835","Yes","I did not receive any information"
"GEN24_1024840","Yes","While in New Zealand"
"GEN24_1024843","Yes","Before arriving in New Zealand"
"GEN24_1024843","Yes","While in New Zealand"
"GEN24_1024845","Yes","I did not receive any information"
"GEN24_1024850","Yes","I did not receive any information"
"GEN24_1024853","Yes","I did not receive any information"
"GEN24_1024856","Yes","While in New Zealand"
"GEN24_1024866","Yes","I did not receive any information"
"GEN24_1024867","Yes","I did not receive any information"
"GEN24_1024868","Yes","Before arriving in New Zealand"
"GEN24_1024877","Yes","I did not receive any information"
"GEN24_1024889","No",NA
"GEN24_1024891","Yes","I did not receive any information"
"GEN24_1024901","No",NA
"GEN24_1024902","No",NA
"GEN24_1024904","Yes","Before arriving in New Zealand"
"GEN24_1024905","No",NA
"GEN24_1024906","Yes","I did not receive any information"
"GEN24_1024909","Yes","Before arriving in New Zealand"
"GEN24_1024910","No",NA
"GEN24_1024920","No",NA
"GEN24_1024921","Yes","I did not receive any information"
"GEN24_1024927","Yes","I did not receive any information"
"GEN24_1024931","Yes","Before arriving in New Zealand"
"GEN24_1024932","Yes","Before arriving in New Zealand"
"GEN24_1024936","Yes","I did not receive any information"
"GEN24_1024937","Yes","Before arriving in New Zealand"
"GEN24_1024939","Yes","I did not receive any information"
"GEN24_1024941","No",NA
"GEN24_1024945","Yes","Before arriving in New Zealand"
"GEN24_1024961","Yes","While in New Zealand"
"GEN24_1024965","Yes","While in New Zealand"
"GEN24_1024973","Yes","I did not receive any information"
"GEN24_1024981","Yes","Before arriving in New Zealand"
"GEN24_1024985","Yes","I did not receive any information"
"GEN24_1024998","Yes","I did not receive any information"
"GEN24_1025001","Yes","I did not receive any information"
"GEN24_1025005","Yes","Before arriving in New Zealand"
"GEN24_1025010","No",NA
"GEN24_1025017","Yes","I did not receive any information"
"GEN24_1025022","Yes","Before arriving in New Zealand"
"GEN24_1025033","No",NA
"GEN24_1025040","Yes","Before arriving in New Zealand"
"GEN24_1025042","Yes","I did not receive any information"
"GEN24_1025048","No",NA
"GEN24_1025050","Yes","Before arriving in New Zealand"
"GEN24_1025052","Yes","Before arriving in New Zealand"
"GEN24_1025054","Yes","Before arriving in New Zealand"
"GEN24_1025070","Yes",NA
"GEN24_1025071","Yes","I did not receive any information"
"GEN24_1025076","Yes","Before arriving in New Zealand"
"GEN24_1025088","No",NA
"GEN24_1025089","Yes","Before arriving in New Zealand"
"GEN24_1025096","Yes","I did not receive any information"
"GEN24_1025100","Yes","I did not receive any information"
"GEN24_1025107","Yes","I did not receive any information"
"GEN24_1025127","Yes","I did not receive any information"
"GEN24_1025130","No",NA
"GEN24_1025134","No",NA
"GEN24_1025137","Yes","I did not receive any information"
"GEN24_1025140","No",NA
"GEN24_1025142","No",NA
"GEN24_1025143","Yes","I did not receive any information"
"GEN24_1025149","Yes","I did not receive any information"
"GEN24_1025156","Yes","I did not receive any information"
"GEN24_1025163","Yes","I did not receive any information"
"GEN24_1025172","Yes","Before arriving in New Zealand"
"GEN24_1025174","No",NA
"GEN24_1025178","No",NA
"GEN24_1025179","Yes","Before arriving in New Zealand"
"GEN24_1025194","Yes","I did not receive any information"
"GEN24_1025207","No",NA
"GEN24_1025211","No",NA
"GEN24_1025213","No",NA
"GEN24_1025227","Yes","While in New Zealand"
"GEN24_1025233","Yes","I did not receive any information"
"GEN24_1025234","Yes","I did not receive any information"
"GEN24_1025235","Yes","I did not receive any information"
"GEN24_1025240","No",NA
"GEN24_1025249","Yes","Before arriving in New Zealand"
"GEN24_1025249","Yes","While in New Zealand"
"GEN24_1025250","Yes","While in New Zealand"
"GEN24_1025252","Yes","I did not receive any information"
"GEN24_1025255","Yes","While in New Zealand"
"GEN24_1025257","Yes","Before arriving in New Zealand"
"GEN24_1025263","No",NA
"GEN24_1025265","Yes","Before arriving in New Zealand"
"GEN24_1025271","Yes","I did not receive any information"
"GEN24_1025278","No",NA
"GEN24_1025284","No",NA
"GEN24_1025286","Yes","Before arriving in New Zealand"
"GEN24_1025292","Yes","Before arriving in New Zealand"
"GEN24_1025292","Yes","While in New Zealand"
"GEN24_1025294","Yes","I did not receive any information"
"GEN24_1025296","Yes","Before arriving in New Zealand"
"GEN24_1025304","No",NA
"GEN24_1025308","Yes","While in New Zealand"
"GEN24_1025328","Yes","I did not receive any information"
"GEN24_1025332","Yes","I did not receive any information"
"GEN24_1025335","Yes","I did not receive any information"
"GEN24_1025360","Yes","While in New Zealand"
"GEN24_1025361","Yes","Before arriving in New Zealand"
"GEN24_1025362","Yes","Before arriving in New Zealand"
"GEN24_1025368","Yes","I did not receive any information"
"GEN24_1025369","Yes","Before arriving in New Zealand"
"GEN24_1025371","No",NA
"GEN24_1025372","Yes","I did not receive any information"
"GEN24_1025378","Yes","Before arriving in New Zealand"
"GEN24_1025379","Yes","I did not receive any information"
"GEN24_1025380","No",NA
"GEN24_1025391","No",NA
"GEN24_1025395","Yes","Before arriving in New Zealand"
"GEN24_1025405","Yes","I did not receive any information"
"GEN24_1025410","Yes","While in New Zealand"
"GEN24_1025411","No",NA
"GEN24_1025412","Yes","I did not receive any information"
"GEN24_1025414","Yes","Before arriving in New Zealand"
"GEN24_1025419","No",NA
"GEN24_1025428","Yes","Before arriving in New Zealand"
"GEN24_1025433","No",NA
"GEN24_1025440","No",NA
"GEN24_1025442","Yes","I did not receive any information"
"GEN24_1025443","Yes","Before arriving in New Zealand"
"GEN24_1025447","No",NA
"GEN24_1025452","Yes","Before arriving in New Zealand"
"GEN24_1025454","Yes","I did not receive any information"
"GEN24_1025456","No",NA
"GEN24_1025464","Yes","I did not receive any information"
"GEN24_1025465","Yes","While in New Zealand"
"GEN24_1025469","Yes","While in New Zealand"
"GEN24_1025473","Yes","Before arriving in New Zealand"
"GEN24_1025492","Yes","I did not receive any information"
"GEN24_1025495","Yes","While in New Zealand"
"GEN24_1025501","Yes","While in New Zealand"
"GEN24_1025505","Yes","I did not receive any information"
"GEN24_1025506","No",NA
"GEN24_1025517","Yes","I did not receive any information"
"GEN24_1025523","No",NA
"GEN24_1025531","Yes","Before arriving in New Zealand"
"GEN24_1025531","Yes","While in New Zealand"
"GEN24_1025536","No",NA
"GEN24_1025537","Yes","Before arriving in New Zealand"
"GEN24_1025537","Yes","While in New Zealand"
"GEN24_1025553","No",NA
"GEN24_1025554","Yes","While in New Zealand"
"GEN24_1025557","Yes","I did not receive any information"
"GEN24_1025558","Yes","I did not receive any information"
"GEN24_1025564","Yes","Before arriving in New Zealand"
"GEN24_1025564","Yes","While in New Zealand"
"GEN24_1025566","Yes","Before arriving in New Zealand"
"GEN24_1025576","Yes","Before arriving in New Zealand"
"GEN24_1025576","Yes","While in New Zealand"
"GEN24_1025583","Yes","I did not receive any information"
"GEN24_1025584","Yes","Before arriving in New Zealand"
"GEN24_1025586","Yes","I did not receive any information"
"GEN24_1025588","Yes","I did not receive any information"
"GEN24_1025590","Yes","Before arriving in New Zealand"
"GEN24_1025591","Yes","I did not receive any information"
"GEN24_1025597","Yes","Before arriving in New Zealand"
"GEN24_1025602","Yes","I did not receive any information"
"GEN24_1025604","Yes","Before arriving in New Zealand"
"GEN24_1025608","Yes","Before arriving in New Zealand"
"GEN24_1025613","No",NA
"GEN24_1025628","Yes","I did not receive any information"
"GEN24_1025632","Yes","Before arriving in New Zealand"
"GEN24_1025633","Yes","I did not receive any information"
"GEN24_1025641","Yes","While in New Zealand"
"GEN24_1025649","Yes","I did not receive any information"
"GEN24_1025650","Yes","I did not receive any information"
"GEN24_1025655","No",NA
"GEN24_1025671","No",NA
"GEN24_1025673","Yes","Before arriving in New Zealand"
"GEN24_1025674","No",NA
"GEN24_1025683","No",NA
"GEN24_1025691","Yes","Before arriving in New Zealand"
"GEN24_1025694","Yes","Before arriving in New Zealand"
"GEN24_1025698","No",NA
"GEN24_1025704","Yes","Before arriving in New Zealand"
"GEN24_1025706","Yes","I did not receive any information"
"GEN24_1025716","Yes","Before arriving in New Zealand"
"GEN24_1025719","Yes","I did not receive any information"
"GEN24_1025727","Yes","I did not receive any information"
"GEN24_1025748","No",NA
"GEN24_1025766","Yes","Before arriving in New Zealand"
"GEN24_1025778","No",NA
"GEN24_1025780","Yes","I did not receive any information"
"GEN24_1025781","Yes","Before arriving in New Zealand"
"GEN24_1025786","Yes","Before arriving in New Zealand"
"GEN24_1025789","No",NA
"GEN24_1025799","No",NA
"GEN24_1025806","No",NA
"GEN24_1025815","Yes","I did not receive any information"
"GEN24_1025824","Yes","I did not receive any information"
"GEN24_1025843","Yes","I did not receive any information"
"GEN24_1025845","Yes","While in New Zealand"
"GEN24_1025847","Yes","Before arriving in New Zealand"
"GEN24_1025847","Yes","While in New Zealand"
"GEN24_1025853","Yes","I did not receive any information"
"GEN24_1025857","Yes","Before arriving in New Zealand"
"GEN24_1025859","Yes","I did not receive any information"
"GEN24_1025861","Yes","While in New Zealand"
"GEN24_1025864","Yes","Before arriving in New Zealand"
"GEN24_1025870","Yes","Before arriving in New Zealand"
"GEN24_1025873","Yes","Before arriving in New Zealand"
"GEN24_1025875","Yes","I did not receive any information"
"GEN24_1025892","Yes","I did not receive any information"
"GEN24_1025894","No",NA
"GEN24_1025904","Yes","While in New Zealand"
"GEN24_1025914","Yes","While in New Zealand"
"GEN24_1025920","Yes","I did not receive any information"
"GEN24_1025922","Yes","While in New Zealand"
"GEN24_1025927","Yes","Before arriving in New Zealand"
"GEN24_1025929","No",NA
"GEN24_1025931","Yes","I did not receive any information"
"GEN24_1025952","Yes","I did not receive any information"
"GEN24_1025953","No",NA
"GEN24_1025958","Yes","I did not receive any information"
"GEN24_1025965","Yes","Before arriving in New Zealand"
"GEN24_1025969","Yes","I did not receive any information"
"GEN24_1025971","Yes","I did not receive any information"
"GEN24_1025975","Yes","I did not receive any information"
"GEN24_1025976","No",NA
"GEN24_1025986","Yes","While in New Zealand"
"GEN24_1025989","Yes","I did not receive any information"
"GEN24_1026013","No",NA
"GEN24_1026014","Yes","Before arriving in New Zealand"
"GEN24_1026016","No",NA
"GEN24_1026019","Yes","I did not receive any information"
"GEN24_1026032","Yes","I did not receive any information"
"GEN24_1026037","Yes","I did not receive any information"
"GEN24_1026051","No",NA
"GEN24_1026055","Yes","Before arriving in New Zealand"
"GEN24_1026065","Yes","I did not receive any information"
"GEN24_1026069","Yes","I did not receive any information"
"GEN24_1026071","No",NA
"GEN24_1026078","Yes","I did not receive any information"
"GEN24_1026080","Yes","I did not receive any information"
"GEN24_1026082","Yes","I did not receive any information"
"GEN24_1026089","No",NA
"GEN24_1026094","Yes","I did not receive any information"
"GEN24_1026098","Yes","I did not receive any information"
"GEN24_1026107","Yes","Before arriving in New Zealand"
"GEN24_1026108","Yes","Before arriving in New Zealand"
"GEN24_1026108","Yes","While in New Zealand"
"GEN24_1026109","Yes","I did not receive any information"
"GEN24_1026113","No",NA
"GEN24_1026116","Yes","Before arriving in New Zealand"
"GEN24_1026116","Yes","While in New Zealand"
"GEN24_1026117","Yes","I did not receive any information"
"GEN24_1026119","Yes","While in New Zealand"
"GEN24_1026132","Yes","I did not receive any information"
"GEN24_1026133","Yes","I did not receive any information"
"GEN24_1026141","Yes","I did not receive any information"
"GEN24_1026164","No",NA
"GEN24_1026177","Yes","Before arriving in New Zealand"
"GEN24_1026180","No",NA
"GEN24_1026192","No",NA
"GEN24_1026197","Yes","I did not receive any information"
"GEN24_1026201","Yes","Before arriving in New Zealand"
"GEN24_1026206","Yes","I did not receive any information"
"GEN24_1026209","No",NA
"GEN24_1026214","No",NA
"GEN24_1026220","No",NA
"GEN24_1026221","Yes","I did not receive any information"
"GEN24_1026223","Yes","Before arriving in New Zealand"
"GEN24_1026225","Yes","I did not receive any information"
"GEN24_1026226","Yes","I did not receive any information"
"GEN24_1026234","Yes","Before arriving in New Zealand"
"GEN24_1026238","No",NA
"GEN24_1026243","Yes","While in New Zealand"
"GEN24_1026249","No",NA
"GEN24_1026257","No",NA
"GEN24_1026258","Yes","Before arriving in New Zealand"
"GEN24_1026261","No",NA
"GEN24_1026262","Yes","I did not receive any information"
"GEN24_1026264","Yes","I did not receive any information"
"GEN24_1026267","Yes","While in New Zealand"
"GEN24_1026271","No",NA
"GEN24_1026282","Yes","While in New Zealand"
"GEN24_1026292","No",NA
"GEN24_1026295","No",NA
"GEN24_1026298","Yes","Before arriving in New Zealand"
"GEN24_1026301","Yes","Before arriving in New Zealand"
"GEN24_1026302","Yes","I did not receive any information"
"GEN24_1026304","No",NA
"GEN24_1026306","No",NA
"GEN24_1026319","Yes","I did not receive any information"
"GEN24_1026327","No",NA
"GEN24_1026328","Yes","I did not receive any information"
"GEN24_1026337","Yes","Before arriving in New Zealand"
"GEN24_1026339","Yes","I did not receive any information"
"GEN24_1026352","Yes","I did not receive any information"
"GEN24_1026354","No",NA
"GEN24_1026357","Yes","I did not receive any information"
"GEN24_1026360","Yes","I did not receive any information"
"GEN24_1026363","Yes","Before arriving in New Zealand"
"GEN24_1026379","Yes","Before arriving in New Zealand"
"GEN24_1026386","No",NA
"GEN24_1026390","No",NA
"GEN24_1026395","No",NA
"GEN24_1026400","No",NA
"GEN24_1026402","Yes","Before arriving in New Zealand"
"GEN24_1026407","No",NA
"GEN24_1026414","Yes","I did not receive any information"
"GEN24_1026426","No",NA
"GEN24_1026430","Yes","I did not receive any information"
"GEN24_1026432","Yes","Before arriving in New Zealand"
"GEN24_1026432","Yes","While in New Zealand"
"GEN24_1026437","Yes","Before arriving in New Zealand"
"GEN24_1026440","Yes","Before arriving in New Zealand"
"GEN24_1026440","Yes","While in New Zealand"
"GEN24_1026443","Yes","I did not receive any information"
"GEN24_1026444","Yes","Before arriving in New Zealand"
"GEN24_1026451","Yes","I did not receive any information"
"GEN24_1026460","Yes","Before arriving in New Zealand"
"GEN24_1026460","Yes","While in New Zealand"
"GEN24_1026464","Yes","I did not receive any information"
"GEN24_1026471","Yes","Before arriving in New Zealand"
"GEN24_1026472","Yes","I did not receive any information"
"GEN24_1026477","Yes","Before arriving in New Zealand"
"GEN24_1026489","No",NA
"GEN24_1026499","Yes","While in New Zealand"
"GEN24_1026500","Yes","Before arriving in New Zealand"
"GEN24_1026504","Yes","I did not receive any information"
"GEN24_1026513","No",NA
"GEN24_1026515","Yes","While in New Zealand"
"GEN24_1026516","Yes","Before arriving in New Zealand"
"GEN24_1026516","Yes","While in New Zealand"
"GEN24_1026523","Yes","I did not receive any information"
"GEN24_1026526","Yes","Before arriving in New Zealand"
"GEN24_1026528","Yes","I did not receive any information"
"GEN24_1026529","Yes","Before arriving in New Zealand"
"GEN24_1026530","Yes","I did not receive any information"
"GEN24_1026542","No",NA
"GEN24_1026548","Yes","I did not receive any information"
"GEN24_1026574","Yes","While in New Zealand"
"GEN24_1026575","Yes","I did not receive any information"
"GEN24_1026577","Yes","I did not receive any information"
"GEN24_1026580","No",NA
"GEN24_1026581","No",NA
"GEN24_1026586","Yes","I did not receive any information"
"GEN24_1026588","Yes","Before arriving in New Zealand"
"GEN24_1026598","Yes","I did not receive any information"
"GEN24_1026600","Yes","While in New Zealand"
"GEN24_1026602","Yes","I did not receive any information"
"GEN24_1026617","Yes","I did not receive any information"
"GEN24_1026623","No",NA
"GEN24_1026625","Yes","I did not receive any information"
"GEN24_1026628","No",NA
"GEN24_1026636","Yes","I did not receive any information"
"GEN24_1026637","No",NA
"GEN24_1026640","Yes","I did not receive any information"
"GEN24_1026641","Yes","Before arriving in New Zealand"
"GEN24_1026641","Yes","While in New Zealand"
"GEN24_1026645","Yes","I did not receive any information"
"GEN24_1026649","Yes","I did not receive any information"
"GEN24_1026653","Yes","I did not receive any information"
"GEN24_1026659","No",NA
"GEN24_1026687","Yes","I did not receive any information"
"GEN24_1026693","Yes","Before arriving in New Zealand"
"GEN24_1026705","No",NA
"GEN24_1026717","Yes","Before arriving in New Zealand"
"GEN24_1026740","Yes","Before arriving in New Zealand"
"GEN24_1026748","Yes","I did not receive any information"
"GEN24_1026767","Yes","I did not receive any information"
"GEN24_1026772","Yes","Before arriving in New Zealand"
"GEN24_1026772","Yes","While in New Zealand"
"GEN24_1026776","Yes","While in New Zealand"
"GEN24_1026779","Yes","Before arriving in New Zealand"
"GEN24_1026793","Yes","I did not receive any information"
"GEN24_1026802","No",NA
"GEN24_1026821","Yes","Before arriving in New Zealand"
"GEN24_1026830","Yes","I did not receive any information"
"GEN24_1026839","No",NA
"GEN24_1026845","Yes","I did not receive any information"
"GEN24_1026858","Yes","I did not receive any information"
"GEN24_1026859","No",NA
"GEN24_1026864","Yes","While in New Zealand"
"GEN24_1026868","Yes","I did not receive any information"
"GEN24_1026875","No",NA
"GEN24_1026881","Yes","Before arriving in New Zealand"
"GEN24_1026885","Yes","I did not receive any information"
"GEN24_1026890","Yes","While in New Zealand"
"GEN24_1026893","Yes","I did not receive any information"
"GEN24_1026918","No",NA
"GEN24_1026927","Yes","Before arriving in New Zealand"
"GEN24_1026927","Yes","While in New Zealand"
"GEN24_1026942","No",NA
"GEN24_1026964","No",NA
"GEN24_1026972","No",NA
"GEN24_1026973","Yes","I did not receive any information"
"GEN24_1026977","No",NA
"GEN24_1026986","Yes","I did not receive any information"
"GEN24_1027000","Yes","I did not receive any information"
"GEN24_1027002","Yes","Before arriving in New Zealand"
"GEN24_1027011","No",NA
"GEN24_1027028","No",NA
"GEN24_1027033","Yes","I did not receive any information"
"GEN24_1027034","Yes","I did not receive any information"
"GEN24_1027042","Yes","I did not receive any information"
"GEN24_1027049","Yes","Before arriving in New Zealand"
"GEN24_1027060","Yes","Before arriving in New Zealand"
"GEN24_1027068","No",NA
"GEN24_1027074","Yes","I did not receive any information"
"GEN24_1027077","Yes","I did not receive any information"
"GEN24_1027082","Yes","I did not receive any information"
"GEN24_1027094","No",NA
"GEN24_1027096","Yes","I did not receive any information"
"GEN24_1027115","Yes","I did not receive any information"
"GEN24_1027120","No",NA
"GEN24_1027130","No",NA
"GEN24_1027132","No",NA
"GEN24_1027137","Yes","While in New Zealand"
"GEN24_1027140","Yes","I did not receive any information"
"GEN24_1027141","Yes","While in New Zealand"
"GEN24_1027144","No",NA
"GEN24_1027162","No",NA
"GEN24_1027164","No",NA
"GEN24_1027168","No",NA
"GEN24_1027181","No",NA
"GEN24_1027187","No",NA
"GEN24_1027193","Yes","I did not receive any information"
"GEN24_1027194","No",NA
"GEN24_1027197","No",NA
"GEN24_1027199","Yes","Before arriving in New Zealand"
"GEN24_1027204","No",NA
"GEN24_1027209","Yes","I did not receive any information"
"GEN24_1027210","Yes","While in New Zealand"
"GEN24_1027222","Yes","I did not receive any information"
"GEN24_1027225","No",NA
"GEN24_1027227","Yes","I did not receive any information"
"GEN24_1027231","No",NA
"GEN24_1027253","Yes","I did not receive any information"
"GEN24_1027269","Yes","While in New Zealand"
"GEN24_1027274","Yes","While in New Zealand"
"GEN24_1027280","Yes","I did not receive any information"
"GEN24_1027281","Yes","I did not receive any information"
"GEN24_1027282","Yes","While in New Zealand"
"GEN24_1027285","No",NA
"GEN24_1027313","No",NA
"GEN24_1027315","No",NA
"GEN24_1027317","Yes","I did not receive any information"
"GEN24_1027325","Yes","Before arriving in New Zealand"
"GEN24_1027328","Yes","I did not receive any information"
"GEN24_1027331","No",NA
"GEN24_1027332","No",NA
"GEN24_1027335","Yes","Before arriving in New Zealand"
"GEN24_1027348","No",NA
"GEN24_1027352","Yes","Before arriving in New Zealand"
"GEN24_1027359","Yes","I did not receive any information"
"GEN24_1027363","Yes","Before arriving in New Zealand"
"GEN24_1027404","Yes","While in New Zealand"
"GEN24_1027410","Yes","I did not receive any information"
"GEN24_1027411","Yes","I did not receive any information"
"GEN24_1027445","Yes","Before arriving in New Zealand"
"GEN24_1027445","Yes","While in New Zealand"
"GEN24_1027451","No",NA
"GEN24_1027460","No",NA
"GEN24_1027466","Yes","I did not receive any information"
"GEN24_1027474","Yes","Before arriving in New Zealand"
"GEN24_1027481","No",NA
"GEN24_1027485","Yes","I did not receive any information"
"GEN24_1027498","Yes","I did not receive any information"
"GEN24_1027499","No",NA
"GEN24_1027500","Yes","I did not receive any information"
"GEN24_1027510","Yes","Before arriving in New Zealand"
"GEN24_1027510","Yes","While in New Zealand"
"GEN24_1027513","Yes","I did not receive any information"
"GEN24_1027523","Yes","I did not receive any information"
"GEN24_1027527","No",NA
"GEN24_1027531","No",NA
"GEN24_1027533","Yes","I did not receive any information"
"GEN24_1027534","Yes","Before arriving in New Zealand"
"GEN24_1027535","No",NA
"GEN24_1027536","Yes","I did not receive any information"
"GEN24_1027579","Yes","I did not receive any information"
"GEN24_1027582","No",NA
"GEN24_1027584","Yes","Before arriving in New Zealand"
"GEN24_1027604","Yes","While in New Zealand"
"GEN24_1027606","No",NA
"GEN24_1027608","Yes","I did not receive any information"
"GEN24_1027610","Yes",NA
"GEN24_1027611","Yes","While in New Zealand"
"GEN24_1027631","No",NA
"GEN24_1027636","Yes","I did not receive any information"
"GEN24_1027639","Yes","I did not receive any information"
"GEN24_1027642","No",NA
"GEN24_1027645","Yes","I did not receive any information"
"GEN24_1027646","No",NA
"GEN24_1027658","Yes","I did not receive any information"
"GEN24_1027659","Yes","Before arriving in New Zealand"
"GEN24_1027671","No",NA
"GEN24_1027684","Yes","Before arriving in New Zealand"
"GEN24_1027694","No",NA
"GEN24_1027700","Yes","Before arriving in New Zealand"
"GEN24_1027705","Yes","I did not receive any information"
"GEN24_1027711","Yes","I did not receive any information"
"GEN24_1027715","No",NA
"GEN24_1027721","Yes","I did not receive any information"
"GEN24_1027726","Yes","Before arriving in New Zealand"
"GEN24_1027726","Yes","While in New Zealand"
"GEN24_1027730","Yes","I did not receive any information"
"GEN24_1027731","No",NA
"GEN24_1027732","Yes","I did not receive any information"
"GEN24_1027737","Yes","While in New Zealand"
"GEN24_1027743","Yes","I did not receive any information"
"GEN24_1027746","No",NA
"GEN24_1027753","Yes","I did not receive any information"
"GEN24_1027756","No",NA
"GEN24_1027759","Yes","I did not receive any information"
"GEN24_1027761","No",NA
"GEN24_1027769","No",NA
"GEN24_1027773","Yes","I did not receive any information"
"GEN24_1027805","No",NA
"GEN24_1027807","No",NA
"GEN24_1027811","No",NA
"GEN24_1027823","Yes","While in New Zealand"
"GEN24_1027827","Yes","Before arriving in New Zealand"
"GEN24_1027834","Yes","I did not receive any information"
"GEN24_1027835","No",NA
"GEN24_1027843","Yes","While in New Zealand"
"GEN24_1027848","Yes","Before arriving in New Zealand"
"GEN24_1027850","Yes","I did not receive any information"
"GEN24_1027853","Yes","While in New Zealand"
"GEN24_1027868","Yes","I did not receive any information"
"GEN24_1027882","Yes","While in New Zealand"
"GEN24_1027896","Yes","I did not receive any information"
"GEN24_1027902","Yes","Before arriving in New Zealand"
"GEN24_1027902","Yes","While in New Zealand"
"GEN24_1027903","Yes","Before arriving in New Zealand"
"GEN24_1027907","Yes","Before arriving in New Zealand"
"GEN24_1027907","Yes","While in New Zealand"
"GEN24_1027908","Yes","While in New Zealand"
"GEN24_1027918","Yes","Before arriving in New Zealand"
"GEN24_1027943","Yes","I did not receive any information"
"GEN24_1027946","Yes","While in New Zealand"
"GEN24_1027955","Yes","While in New Zealand"
"GEN24_1027957","Yes","While in New Zealand"
"GEN24_1027962","No",NA
"GEN24_1027965","Yes","Before arriving in New Zealand"
"GEN24_1027966","Yes","I did not receive any information"
"GEN24_1027971","Yes","I did not receive any information"
"GEN24_1027972","Yes","Before arriving in New Zealand"
"GEN24_1027976","No",NA
"GEN24_1027977","Yes","I did not receive any information"
"GEN24_1027982","Yes","Before arriving in New Zealand"
"GEN24_1027986","Yes","Before arriving in New Zealand"
"GEN24_1027987","No",NA
"GEN24_1027990","Yes","I did not receive any information"
"GEN24_1027992","Yes","I did not receive any information"
"GEN24_1027994","Yes","Before arriving in New Zealand"
"GEN24_1027996","Yes","Before arriving in New Zealand"
"GEN24_1027999","No",NA
"GEN24_1028000","Yes","Before arriving in New Zealand"
"GEN24_1028008","Yes","While in New Zealand"
"GEN24_1028013","No",NA
"GEN24_1028015","Yes","I did not receive any information"
"GEN24_1028017","Yes","Before arriving in New Zealand"
"GEN24_1028020","Yes","I did not receive any information"
"GEN24_1028026","Yes","I did not receive any information"
"GEN24_1028032","Yes","While in New Zealand"
"GEN24_1028041","No",NA
"GEN24_1028043","No",NA
"GEN24_1028045","No",NA
"GEN24_1028053","Yes","I did not receive any information"
"GEN24_1028058","Yes","Before arriving in New Zealand"
"GEN24_1028090","No",NA
"GEN24_1028093","Yes","While in New Zealand"
"GEN24_1028098","No",NA
"GEN24_1028100","Yes","Before arriving in New Zealand"
"GEN24_1028100","Yes","While in New Zealand"
"GEN24_1028101","No",NA
"GEN24_1028107","Yes","I did not receive any information"
"GEN24_1028123","Yes","Before arriving in New Zealand"
"GEN24_1028123","Yes","While in New Zealand"
"GEN24_1028126","Yes","I did not receive any information"
"GEN24_1028131","No",NA
"GEN24_1028155","Yes","Before arriving in New Zealand"
"GEN24_1028162","Yes","I did not receive any information"
"GEN24_1028166","Yes","I did not receive any information"
"GEN24_1028173","Yes","I did not receive any information"
"GEN24_1028177","No",NA
"GEN24_1028178","Yes","I did not receive any information"
"GEN24_1028189","No",NA
"GEN24_1028191","Yes","I did not receive any information"
"GEN24_1028198","No",NA
"GEN24_1028199","Yes","Before arriving in New Zealand"
"GEN24_1028203","Yes","I did not receive any information"
"GEN24_1028217","Yes","Before arriving in New Zealand"
"GEN24_1028224","No",NA
"GEN24_1028242","Yes","Before arriving in New Zealand"
"GEN24_1028256","Yes","Before arriving in New Zealand"
"GEN24_1028265","Yes","I did not receive any information"
"GEN24_1028267","No",NA
"GEN24_1028276","Yes","Before arriving in New Zealand"
"GEN24_1028296","Yes","I did not receive any information"
"GEN24_1028302","Yes","I did not receive any information"
"GEN24_1028306","Yes","I did not receive any information"
"GEN24_1028317","Yes","While in New Zealand"
"GEN24_1028319","Yes","Before arriving in New Zealand"
"GEN24_1028319","Yes","While in New Zealand"
"GEN24_1028326","Yes","Before arriving in New Zealand"
"GEN24_1028330","No",NA
"GEN24_1028338","Yes","I did not receive any information"
"GEN24_1028343","Yes","Before arriving in New Zealand"
"GEN24_1028344","Yes","I did not receive any information"
"GEN24_1028347","Yes","Before arriving in New Zealand"
"GEN24_1028349","Yes","While in New Zealand"
"GEN24_1028354","No",NA
"GEN24_1028361","No",NA
"GEN24_1028379","Yes","I did not receive any information"
"GEN24_1028384","Yes","I did not receive any information"
"GEN24_1028395","Yes","I did not receive any information"
"GEN24_1028407","Yes","I did not receive any information"
"GEN24_1028408","No",NA
"GEN24_1028409","Yes","I did not receive any information"
"GEN24_1028417","Yes","While in New Zealand"
"GEN24_1028434","Yes","I did not receive any information"
"GEN24_1028435","No",NA
"GEN24_1028436","No",NA
"GEN24_1028437","Yes","I did not receive any information"
"GEN24_1028440","Yes","While in New Zealand"
"GEN24_1028441","Yes","Before arriving in New Zealand"
"GEN24_1028446","No",NA
"GEN24_1028451","Yes","I did not receive any information"
"GEN24_1028455","Yes","I did not receive any information"
"GEN24_1028459","Yes","I did not receive any information"
"GEN24_1028472","Yes","I did not receive any information"
"GEN24_1028476","No",NA
"GEN24_1028485","Yes","I did not receive any information"
"GEN24_1028496","Yes","Before arriving in New Zealand"
"GEN24_1028519","Yes","Before arriving in New Zealand"
"GEN24_1028520","No",NA
"GEN24_1028529","Yes","I did not receive any information"
"GEN24_1028532","No",NA
"GEN24_1028537","Yes","I did not receive any information"
"GEN24_1028561","No",NA
"GEN24_1028575","Yes","I did not receive any information"
"GEN24_1028579","Yes","I did not receive any information"
"GEN24_1028588","Yes","I did not receive any information"
"GEN24_1028599","No",NA
"GEN24_1028601","Yes","Before arriving in New Zealand"
"GEN24_1028601","Yes","While in New Zealand"
"GEN24_1028618","Yes","Before arriving in New Zealand"
"GEN24_1028618","Yes","While in New Zealand"
"GEN24_1028629","Yes","While in New Zealand"
"GEN24_1028645","Yes","I did not receive any information"
"GEN24_1028648","Yes","While in New Zealand"
"GEN24_1028679","No",NA
"GEN24_1028684","No",NA
"GEN24_1028688","Yes","While in New Zealand"
"GEN24_1028691","Yes","While in New Zealand"
"GEN24_1028719","Yes","I did not receive any information"
"GEN24_1028720","Yes","Before arriving in New Zealand"
"GEN24_1028722","Yes","I did not receive any information"
"GEN24_1028733","Yes","Before arriving in New Zealand"
"GEN24_1028745","No",NA
"GEN24_1028750","Yes","While in New Zealand"
"GEN24_1028755","Yes","I did not receive any information"
"GEN24_1028760","Yes","While in New Zealand"
"GEN24_1028778","Yes","While in New Zealand"
"GEN24_1028783","No",NA
"GEN24_1028784","Yes","While in New Zealand"
"GEN24_1028791","Yes","I did not receive any information"
"GEN24_1028792","No",NA
"GEN24_1028793","No",NA
"GEN24_1028797","Yes","I did not receive any information"
"GEN24_1028804","Yes","I did not receive any information"
"GEN24_1028810","Yes","I did not receive any information"
"GEN24_1028824","Yes","Before arriving in New Zealand"
"GEN24_1028835","No",NA
"GEN24_1028837","Yes","I did not receive any information"
"GEN24_1028841","Yes","Before arriving in New Zealand"
"GEN24_1028841","Yes","While in New Zealand"
"GEN24_1028842","Yes","Before arriving in New Zealand"
"GEN24_1028887","No",NA
"GEN24_1028898","Yes","I did not receive any information"
"GEN24_1028901","No",NA
"GEN24_1028903","Yes","I did not receive any information"
"GEN24_1028908","No",NA
"GEN24_1028913","Yes","I did not receive any information"
"GEN24_1028919","Yes","I did not receive any information"
"GEN24_1028937","Yes","I did not receive any information"
"GEN24_1028943","Yes","Before arriving in New Zealand"
"GEN24_1028946","Yes","I did not receive any information"
"GEN24_1028947","Yes","Before arriving in New Zealand"
"GEN24_1028947","Yes","While in New Zealand"
"GEN24_1028949","Yes","Before arriving in New Zealand"
"GEN24_1028955","Yes","I did not receive any information"
"GEN24_1028957","Yes","While in New Zealand"
"GEN24_1028958","Yes","Before arriving in New Zealand"
"GEN24_1028970","No",NA
"GEN24_1028972","Yes","While in New Zealand"
"GEN24_1028976","Yes","Before arriving in New Zealand"
"GEN24_1028977","No",NA
"GEN24_1028989","Yes","I did not receive any information"
"GEN24_1028990","No",NA
"GEN24_1028991","No",NA
"GEN24_1029001","Yes","While in New Zealand"
"GEN24_1029010","Yes","I did not receive any information"
"GEN24_1029014","Yes","I did not receive any information"
"GEN24_1029018","No",NA
"GEN24_1029025","No",NA
"GEN24_1029043","No",NA
"GEN24_1029054","Yes","I did not receive any information"
"GEN24_1029057","Yes","While in New Zealand"
"GEN24_1029062","Yes","Before arriving in New Zealand"
"GEN24_1029063","Yes","While in New Zealand"
"GEN24_1029064","Yes","Before arriving in New Zealand"
"GEN24_1029069","No",NA
"GEN24_1029084","No",NA
"GEN24_1029086","Yes","Before arriving in New Zealand"
"GEN24_1029086","Yes","While in New Zealand"
"GEN24_1029092","Yes","While in New Zealand"
"GEN24_1029094","Yes","While in New Zealand"
"GEN24_1029097","Yes","I did not receive any information"
"GEN24_1029102","Yes","I did not receive any information"
"GEN24_1029125","No",NA
"GEN24_1029133","No",NA
"GEN24_1029135","Yes","While in New Zealand"
"GEN24_1029139","No",NA
"GEN24_1029141","Yes","I did not receive any information"
"GEN24_1029144","Yes","I did not receive any information"
"GEN24_1029153","Yes","Before arriving in New Zealand"
"GEN24_1029154","Yes","While in New Zealand"
"GEN24_1029170","No",NA
"GEN24_1029176","No",NA
"GEN24_1029179","No",NA
"GEN24_1029180","Yes","I did not receive any information"
"GEN24_1029186","No",NA
"GEN24_1029199","Yes","I did not receive any information"
"GEN24_1029206","Yes","Before arriving in New Zealand"
"GEN24_1029207","Yes","I did not receive any information"
"GEN24_1029241","Yes","I did not receive any information"
"GEN24_1029243","Yes","I did not receive any information"
"GEN24_1029247","Yes","I did not receive any information"
"GEN24_1029259","No",NA
"GEN24_1029271","No",NA
"GEN24_1029273","Yes","Before arriving in New Zealand"
"GEN24_1029279","Yes","Before arriving in New Zealand"
"GEN24_1029280","Yes","I did not receive any information"
"GEN24_1029312","Yes","While in New Zealand"
"GEN24_1029320","No",NA
"GEN24_1029329","Yes","I did not receive any information"
"GEN24_1029333","Yes","I did not receive any information"
"GEN24_1029334","Yes","Before arriving in New Zealand"
"GEN24_1029338","Yes","I did not receive any information"
"GEN24_1029346","Yes","While in New Zealand"
"GEN24_1029348","Yes","I did not receive any information"
"GEN24_1029349","No",NA
"GEN24_1029352","Yes","I did not receive any information"
"GEN24_1029356","Yes","I did not receive any information"
"GEN24_1029361","Yes","I did not receive any information"
"GEN24_1029364","Yes","I did not receive any information"
"GEN24_1029366","Yes","I did not receive any information"
"GEN24_1029373","Yes","Before arriving in New Zealand"
"GEN24_1029373","Yes","While in New Zealand"
"GEN24_1029375","No",NA
"GEN24_1029376","Yes","While in New Zealand"
"GEN24_1029387","Yes","While in New Zealand"
"GEN24_1029390","Yes","Before arriving in New Zealand"
"GEN24_1029392","No",NA
"GEN24_1029399","No",NA
"GEN24_1029401","Yes","Before arriving in New Zealand"
"GEN24_1029401","Yes","While in New Zealand"
"GEN24_1029428","Yes","Before arriving in New Zealand"
"GEN24_1029430","No",NA
"GEN24_1029439","Yes","While in New Zealand"
"GEN24_1029448","Yes","While in New Zealand"
"GEN24_1029455","Yes","I did not receive any information"
"GEN24_1029456","Yes","Before arriving in New Zealand"
"GEN24_1029465","Yes","I did not receive any information"
"GEN24_1029482","Yes","I did not receive any information"
"GEN24_1029485","No",NA
"GEN24_1029492","Yes","While in New Zealand"
"GEN24_1029501","Yes","I did not receive any information"
"GEN24_1029505","Yes","Before arriving in New Zealand"
"GEN24_1029506","Yes","Before arriving in New Zealand"
"GEN24_1029509","Yes","While in New Zealand"
"GEN24_1029522","Yes","Before arriving in New Zealand"
"GEN24_1029524","Yes","I did not receive any information"
"GEN24_1029526","No",NA
"GEN24_1029527","Yes","I did not receive any information"
"GEN24_1029531","Yes","Before arriving in New Zealand"
"GEN24_1029535","No",NA
"GEN24_1029543","Yes","I did not receive any information"
"GEN24_1029549","Yes","Before arriving in New Zealand"
"GEN24_1029554","No",NA
"GEN24_1029555","No",NA
"GEN24_1029556","Yes","Before arriving in New Zealand"
"GEN24_1029558","Yes","While in New Zealand"
"GEN24_1029566","No",NA
"GEN24_1029569","Yes","I did not receive any information"
"GEN24_1029571","No",NA
"GEN24_1029575","Yes","I did not receive any information"
"GEN24_1029577","No",NA
"GEN24_1029587","Yes","Before arriving in New Zealand"
"GEN24_1029587","Yes","While in New Zealand"
"GEN24_1029590","No",NA
"GEN24_1029598","Yes","I did not receive any information"
"GEN24_1029604","Yes","I did not receive any information"
"GEN24_1029610","No",NA
"GEN24_1029633","No",NA
"GEN24_1029637","Yes","Before arriving in New Zealand"
"GEN24_1029643","Yes",NA
"GEN24_1029656","Yes","I did not receive any information"
"GEN24_1029660","Yes","I did not receive any information"
"GEN24_1029662","Yes","I did not receive any information"
"GEN24_1029667","Yes","I did not receive any information"
"GEN24_1029669","Yes","Before arriving in New Zealand"
"GEN24_1029676","No",NA
"GEN24_1029681","No",NA
"GEN24_1029683","Yes","I did not receive any information"
"GEN24_1029687","Yes","While in New Zealand"
"GEN24_1029691","Yes","I did not receive any information"
"GEN24_1029693","Yes","I did not receive any information"
"GEN24_1029723","No",NA
"GEN24_1029732","No",NA
"GEN24_1029750","Yes","Before arriving in New Zealand"
"GEN24_1029755","Yes","Before arriving in New Zealand"
"GEN24_1029755","Yes","While in New Zealand"
"GEN24_1029767","Yes","I did not receive any information"
"GEN24_1029769","Yes","I did not receive any information"
"GEN24_1029774","Yes","Before arriving in New Zealand"
"GEN24_1029775","Yes","While in New Zealand"
"GEN24_1029779","No",NA
"GEN24_1029782","Yes","Before arriving in New Zealand"
"GEN24_1029783","Yes","While in New Zealand"
"GEN24_1029789","No",NA
"GEN24_1029792","Yes","While in New Zealand"
"GEN24_1029833","Yes","Before arriving in New Zealand"
"GEN24_1029833","Yes","While in New Zealand"
"GEN24_1029836","Yes","I did not receive any information"
"GEN24_1029840","No",NA
"GEN24_1029841","No",NA
"GEN24_1029842","No",NA
"GEN24_1029846","No",NA
"GEN24_1029857","Yes","Before arriving in New Zealand"
"GEN24_1029857","Yes","While in New Zealand"
"GEN24_1029875","Yes","I did not receive any information"
"GEN24_1029885","No",NA
"GEN24_1029887","No",NA
"GEN24_1029893","Yes","Before arriving in New Zealand"
"GEN24_1029905","Yes","I did not receive any information"
"GEN24_1029911","Yes","I did not receive any information"
"GEN24_1029930","Yes","While in New Zealand"
"GEN24_1029950","Yes","Before arriving in New Zealand"
"GEN24_1029950","Yes","While in New Zealand"
"GEN24_1029972","Yes","I did not receive any information"
"GEN24_1029973","Yes","I did not receive any information"
"GEN24_1029980","Yes","I did not receive any information"
"GEN24_1029998","No",NA
"GEN24_1029999","Yes","Before arriving in New Zealand"
"GEN24_1030002","Yes","I did not receive any information"
"GEN24_1030005","Yes","I did not receive any information"
"GEN24_1030010","No",NA
"GEN24_1030018","Yes","Before arriving in New Zealand"
"GEN24_1030029","Yes","I did not receive any information"
"GEN24_1030055","Yes","I did not receive any information"
"GEN24_1030059","Yes","I did not receive any information"
"GEN24_1030063","Yes","While in New Zealand"
"GEN24_1030064","Yes","Before arriving in New Zealand"
"GEN24_1030067","No",NA
"GEN24_1030087","Yes","Before arriving in New Zealand"
"GEN24_1030094","No",NA
"GEN24_1030106","No",NA
"GEN24_1030112","No",NA
"GEN24_1030121","Yes","While in New Zealand"
"GEN24_1030122","Yes","Before arriving in New Zealand"
"GEN24_1030125","Yes","Before arriving in New Zealand"
"GEN24_1030125","Yes","While in New Zealand"
"GEN24_1030128","Yes","I did not receive any information"
"GEN24_1030133","Yes","Before arriving in New Zealand"
"GEN24_1030148","Yes","I did not receive any information"
"GEN24_1030149","No",NA
"GEN24_1030168","Yes","I did not receive any information"
"GEN24_1030177","Yes","I did not receive any information"
"GEN24_1030183","Yes","While in New Zealand"
"GEN24_1030198","Yes","I did not receive any information"
"GEN24_1030199","No",NA
"GEN24_1030202","Yes","I did not receive any information"
"GEN24_1030221","Yes","I did not receive any information"
"GEN24_1030238","Yes","Before arriving in New Zealand"
"GEN24_1030238","Yes","While in New Zealand"
"GEN24_1030241","Yes","Before arriving in New Zealand"
"GEN24_1030241","Yes","While in New Zealand"
"GEN24_1030242","Yes","I did not receive any information"
"GEN24_1030249","Yes","Before arriving in New Zealand"
"GEN24_1030251","Yes","I did not receive any information"
"GEN24_1030253","Yes","Before arriving in New Zealand"
"GEN24_1030255","Yes","I did not receive any information"
"GEN24_1030259","Yes","I did not receive any information"
"GEN24_1030261","Yes","I did not receive any information"
"GEN24_1030264","Yes","While in New Zealand"
"GEN24_1030270","Yes","I did not receive any information"
"GEN24_1030273","Yes","While in New Zealand"
"GEN24_1030291","Yes","I did not receive any information"
"GEN24_1030293","No",NA
"GEN24_1030295","Yes","I did not receive any information"
"GEN24_1030299","Yes","While in New Zealand"
"GEN24_1030310","No",NA
"GEN24_1030312","Yes","Before arriving in New Zealand"
"GEN24_1030325","Yes","While in New Zealand"
"GEN24_1030332","Yes","While in New Zealand"
"GEN24_1030337","No",NA
"GEN24_1030358","Yes","Before arriving in New Zealand"
"GEN24_1030380","Yes","I did not receive any information"
"GEN24_1030388","No",NA
"GEN24_1030389","No",NA
"GEN24_1030396","Yes","I did not receive any information"
"GEN24_1030399","Yes","While in New Zealand"
"GEN24_1030400","Yes","I did not receive any information"
"GEN24_1030407","Yes","Before arriving in New Zealand"
"GEN24_1030411","Yes","Before arriving in New Zealand"
"GEN24_1030411","Yes","While in New Zealand"
"GEN24_1030419","Yes","Before arriving in New Zealand"
"GEN24_1030441","Yes","Before arriving in New Zealand"
"GEN24_1030441","Yes","While in New Zealand"
"GEN24_1030444","No",NA
"GEN24_1030446","Yes","I did not receive any information"
"GEN24_1030453","Yes","I did not receive any information"
"GEN24_1030471","Yes","I did not receive any information"
"GEN24_1030474","Yes","I did not receive any information"
"GEN24_1030477","No",NA
"GEN24_1030480","Yes","While in New Zealand"
"GEN24_1030481","No",NA
"GEN24_1030483","Yes","Before arriving in New Zealand"
"GEN24_1030483","Yes","While in New Zealand"
"GEN24_1030484","Yes","Before arriving in New Zealand"
"GEN24_1030484","Yes","While in New Zealand"
"GEN24_1030486","Yes","Before arriving in New Zealand"
"GEN24_1030486","Yes","While in New Zealand"
"GEN24_1030489","Yes","Before arriving in New Zealand"
"GEN24_1030492","Yes","I did not receive any information"
"GEN24_1030497","Yes","I did not receive any information"
"GEN24_1030502","Yes","Before arriving in New Zealand"
"GEN24_1030525","Yes","While in New Zealand"
"GEN24_1030530","Yes","Before arriving in New Zealand"
"GEN24_1030530","Yes","While in New Zealand"
"GEN24_1030534","No",NA
"GEN24_1030554","Yes","While in New Zealand"
"GEN24_1030563","Yes","I did not receive any information"
"GEN24_1030565","Yes","I did not receive any information"
"GEN24_1030567","No",NA
"GEN24_1030571","Yes","I did not receive any information"
"GEN24_1030580","Yes","Before arriving in New Zealand"
"GEN24_1030586","No",NA
"GEN24_1030588","Yes","Before arriving in New Zealand"
"GEN24_1030592","No",NA
"GEN24_1030602","Yes","I did not receive any information"
"GEN24_1030616","No",NA
"GEN24_1030620","Yes","I did not receive any information"
"GEN24_1030624","Yes","I did not receive any information"
"GEN24_1030630","Yes","I did not receive any information"
"GEN24_1030633","Yes","Before arriving in New Zealand"
"GEN24_1030636","Yes","While in New Zealand"
"GEN24_1030639","Yes","Before arriving in New Zealand"
"GEN24_1030642","Yes","I did not receive any information"
"GEN24_1030645","Yes","I did not receive any information"
"GEN24_1030647","No",NA
"GEN24_1030648","No",NA
"GEN24_1030651","No",NA
"GEN24_1030657","No",NA
"GEN24_1030658","Yes","Before arriving in New Zealand"
"GEN24_1030658","Yes","While in New Zealand"
"GEN24_1030661","No",NA
"GEN24_1030694","Yes","I did not receive any information"
"GEN24_1030697","Yes","I did not receive any information"
"GEN24_1030704","Yes","While in New Zealand"
"GEN24_1030706","Yes","I did not receive any information"
"GEN24_1030721","Yes","I did not receive any information"
"GEN24_1030725","Yes","I did not receive any information"
"GEN24_1030726","Yes","I did not receive any information"
"GEN24_1030732","No",NA
"GEN24_1030738","Yes","Before arriving in New Zealand"
"GEN24_1030755","Yes","While in New Zealand"
"GEN24_1030760","Yes","While in New Zealand"
"GEN24_1030764","Yes","I did not receive any information"
"GEN24_1030765","Yes","While in New Zealand"
"GEN24_1030776","Yes","I did not receive any information"
"GEN24_1030789","Yes","Before arriving in New Zealand"
"GEN24_1030797","No",NA
"GEN24_1030798","Yes","I did not receive any information"
"GEN24_1030809","Yes","I did not receive any information"
"GEN24_1030812","Yes","I did not receive any information"
"GEN24_1030815","Yes","Before arriving in New Zealand"
"GEN24_1030819","Yes","Before arriving in New Zealand"
"GEN24_1030821","No",NA
"GEN24_1030840","Yes","Before arriving in New Zealand"
"GEN24_1030840","Yes","While in New Zealand"
"GEN24_1030856","No",NA
"GEN24_1030874","Yes","I did not receive any information"
"GEN24_1030907","Yes","I did not receive any information"
"GEN24_1030908","Yes","I did not receive any information"
"GEN24_1030909","Yes","I did not receive any information"
"GEN24_1030918","Yes","I did not receive any information"
"GEN24_1030927","Yes","I did not receive any information"
"GEN24_1030935","Yes","Before arriving in New Zealand"
"GEN24_1030935","Yes","While in New Zealand"
"GEN24_1031003","Yes","Before arriving in New Zealand"
"GEN24_1031003","Yes","While in New Zealand"
"GEN24_1031013","Yes","While in New Zealand"
"GEN24_1031014","Yes","I did not receive any information"
"GEN24_1031017","No",NA
"GEN24_1031027","Yes","While in New Zealand"
"GEN24_1031036","Yes","Before arriving in New Zealand"
"GEN24_1031045","Yes","Before arriving in New Zealand"
"GEN24_1031050","Yes","Before arriving in New Zealand"
"GEN24_1031068","Yes","Before arriving in New Zealand"
"GEN24_1031068","Yes","While in New Zealand"
"GEN24_1031070","No",NA
"GEN24_1031071","Yes","While in New Zealand"
"GEN24_1031078","Yes","I did not receive any information"
"GEN24_1031081","No",NA
"GEN24_1031082","Yes","I did not receive any information"
"GEN24_1031097","Yes","I did not receive any information"
"GEN24_1031106","Yes","I did not receive any information"
"GEN24_1031113","Yes","While in New Zealand"
"GEN24_1031114","Yes","Before arriving in New Zealand"
"GEN24_1031114","Yes","While in New Zealand"
"GEN24_1031129","Yes","While in New Zealand"
"GEN24_1031138","Yes","While in New Zealand"
"GEN24_1031151","Yes","I did not receive any information"
"GEN24_1031157","Yes","I did not receive any information"
"GEN24_1031172","No",NA
"GEN24_1031176","Yes","Before arriving in New Zealand"
"GEN24_1031178","Yes","I did not receive any information"
"GEN24_1031182","Yes","I did not receive any information"
"GEN24_1031191","Yes","I did not receive any information"
"GEN24_1031195","Yes","While in New Zealand"
"GEN24_1031199","No",NA
"GEN24_1031215","Yes","Before arriving in New Zealand"
"GEN24_1031218","Yes","I did not receive any information"
"GEN24_1031220","Yes","While in New Zealand"
"GEN24_1031223","Yes","Before arriving in New Zealand"
"GEN24_1031242","No",NA
"GEN24_1031280","Yes","I did not receive any information"
"GEN24_1031285","No",NA
"GEN24_1031291","No",NA
"GEN24_1031305","Yes","I did not receive any information"
"GEN24_1031307","Yes","Before arriving in New Zealand"
"GEN24_1031314","No",NA
"GEN24_1031329","Yes","While in New Zealand"
"GEN24_1031341","No",NA
"GEN24_1031345","No",NA
"GEN24_1031346","Yes","I did not receive any information"
"GEN24_1031363","Yes","Before arriving in New Zealand"
"GEN24_1031393","Yes","Before arriving in New Zealand"
"GEN24_1031405","Yes","While in New Zealand"
"GEN24_1031408","Yes","Before arriving in New Zealand"
"GEN24_1031408","Yes","While in New Zealand"
"GEN24_1031410","Yes","Before arriving in New Zealand"
"GEN24_1031414","Yes","Before arriving in New Zealand"
"GEN24_1031416","Yes","While in New Zealand"
"GEN24_1031445","No",NA
"GEN24_1031448","No",NA
"GEN24_1031449","No",NA
"GEN24_1031453","Yes","I did not receive any information"
"GEN24_1031455","Yes","I did not receive any information"
"GEN24_1031461","Yes","Before arriving in New Zealand"
"GEN24_1031464","No",NA
"GEN24_1031467","Yes","I did not receive any information"
"GEN24_1031479","Yes","Before arriving in New Zealand"
"GEN24_1031479","Yes","While in New Zealand"
"GEN24_1031506","Yes","While in New Zealand"
"GEN24_1031507","No",NA
"GEN24_1031512","Yes","Before arriving in New Zealand"
"GEN24_1031520","No",NA
"GEN24_1031524","Yes","While in New Zealand"
"GEN24_1031528","Yes","I did not receive any information"
"GEN24_1031529","Yes","I did not receive any information"
"GEN24_1031535","No",NA
"GEN24_1031538","No",NA
"GEN24_1031542","Yes","While in New Zealand"
"GEN24_1031545","No",NA
"GEN24_1031548","No",NA
"GEN24_1031553","No",NA
"GEN24_1031562","Yes","While in New Zealand"
"GEN24_1031566","Yes","While in New Zealand"
"GEN24_1031569","No",NA
"GEN24_1031574","Yes","While in New Zealand"
"GEN24_1031619","Yes","Before arriving in New Zealand"
"GEN24_1031630","Yes","I did not receive any information"
"GEN24_1031637","No",NA
"GEN24_1031650","No",NA
"GEN24_1031670","Yes","I did not receive any information"
"GEN24_1031680","Yes","Before arriving in New Zealand"
"GEN24_1031725","No",NA
"GEN24_1031777","Yes","I did not receive any information"
"GEN24_1031780","No",NA
"GEN24_1031784","Yes","I did not receive any information"
"GEN24_1031791","Yes","Before arriving in New Zealand"
"GEN24_1031791","Yes","While in New Zealand"
"GEN24_1031801","No",NA
"GEN24_1031828","Yes","Before arriving in New Zealand"
"GEN24_1031840","Yes","I did not receive any information"
"GEN24_1031843","Yes","Before arriving in New Zealand"
"GEN24_1031843","Yes","While in New Zealand"
"GEN24_1031866","No",NA
"GEN24_1031884","No",NA
"GEN24_1031895","Yes","I did not receive any information"
"GEN24_1031905","Yes","I did not receive any information"
"GEN24_1031911","Yes","While in New Zealand"
"GEN24_1031912","Yes","Before arriving in New Zealand"
"GEN24_1031918","Yes","While in New Zealand"
"GEN24_1031924","Yes","While in New Zealand"
"GEN24_1031931","No",NA
"GEN24_1031932","Yes","Before arriving in New Zealand"
"GEN24_1031982","Yes","Before arriving in New Zealand"
"GEN24_1031982","Yes","While in New Zealand"
"GEN24_1032023","Yes","I did not receive any information"
"GEN24_1032027","Yes","I did not receive any information"
"GEN24_1032030","Yes","Before arriving in New Zealand"
"GEN24_1032054","Yes","While in New Zealand"
"GEN24_1032125","No",NA
"GEN24_1032126","Yes","I did not receive any information"
"GEN24_1032131","Yes","I did not receive any information"
"GEN24_1032135","Yes","Before arriving in New Zealand"
"GEN24_1032137","No",NA
"GEN24_1032141","Yes","Before arriving in New Zealand"
"GEN24_1032141","Yes","While in New Zealand"
"GEN24_1032148","Yes","I did not receive any information"
"GEN24_1032150","Yes","Before arriving in New Zealand"
"GEN24_1032152","No",NA
"GEN24_1032157","Yes","I did not receive any information"
"GEN24_1032165","No",NA
"GEN24_1032181","Can’t remember",NA
"GEN24_1032211","Yes","I did not receive any information"
"GEN24_1032219","No",NA
"GEN24_1032224","Yes","I did not receive any information"
"GEN24_1032246","Yes","Before arriving in New Zealand"
"GEN24_1032251","Yes","I did not receive any information"
"GEN24_1032271","Yes","Before arriving in New Zealand"
"GEN24_1032278","No",NA
"GEN24_1032281","Yes","Before arriving in New Zealand"
"GEN24_1032281","Yes","While in New Zealand"
"GEN24_1032285","Yes","Before arriving in New Zealand"
"GEN24_1032286","Yes","Before arriving in New Zealand"
"GEN24_1032286","Yes","While in New Zealand"
"GEN24_1032303","No",NA
"GEN24_1032320","No",NA
"GEN24_1032322","No",NA
"GEN24_1032341","Yes","I did not receive any information"
"GEN24_1032347","Yes","Before arriving in New Zealand"
"GEN24_1032347","Yes","While in New Zealand"
"GEN24_1032348","Yes","Before arriving in New Zealand"
"GEN24_1032355","No",NA
"GEN24_1032366","Yes","I did not receive any information"
"GEN24_1032372","Yes","Before arriving in New Zealand"
"GEN24_1032382","No",NA
"GEN24_1032409","No",NA
"GEN24_1032421","No",NA
"GEN24_1032431","No",NA
"GEN24_1032433","Yes","I did not receive any information"
"GEN24_1032438","Yes","I did not receive any information"
"GEN24_1032463","Yes","Before arriving in New Zealand"
"GEN24_1032473","No",NA
"GEN24_1032477","No",NA
"GEN24_1032480","Yes","Before arriving in New Zealand"
"GEN24_1032481","No",NA
"GEN24_1032493","Yes","I did not receive any information"
"GEN24_1032506","Yes","Before arriving in New Zealand"
"GEN24_1032515","Yes","Before arriving in New Zealand"
"GEN24_1032518","Yes","I did not receive any information"
"GEN24_1032519","Yes","I did not receive any information"
"GEN24_1032535","Yes","I did not receive any information"
"GEN24_1032541","Yes","I did not receive any information"
"GEN24_1032550","No",NA
"GEN24_1032567","Yes","While in New Zealand"
"GEN24_1032570","Yes","Before arriving in New Zealand"
"GEN24_1032580","Yes","I did not receive any information"
"GEN24_1032581","Yes","I did not receive any information"
"GEN24_1032582","Yes","While in New Zealand"
"GEN24_1032613","No",NA
"GEN24_1032625","Yes","Before arriving in New Zealand"
"GEN24_1032625","Yes","While in New Zealand"
"GEN24_1032628","Yes","I did not receive any information"
"GEN24_1032643","Yes","I did not receive any information"
"GEN24_1032651","Yes","Before arriving in New Zealand"
"GEN24_1032654","No",NA
"GEN24_1032660","Yes","I did not receive any information"
"GEN24_1032666","Yes","I did not receive any information"
"GEN24_1032672","No",NA
"GEN24_1032673","Yes","I did not receive any information"
"GEN24_1032680","Yes","I did not receive any information"
"GEN24_1032681","No",NA
"GEN24_1032682","Yes","I did not receive any information"
"GEN24_1032683","Yes","I did not receive any information"
"GEN24_1032689","No",NA
"GEN24_1032690","No",NA
"GEN24_1032700","Yes","Before arriving in New Zealand"
"GEN24_1032706","No",NA
"GEN24_1032708","Yes","While in New Zealand"
"GEN24_1032710","Yes","Before arriving in New Zealand"
"GEN24_1032713","Yes","While in New Zealand"
"GEN24_1032716","No",NA
"GEN24_1032726","Yes","Before arriving in New Zealand"
"GEN24_1032750","Yes","I did not receive any information"
"GEN24_1032755","No",NA
"GEN24_1032758","No",NA
"GEN24_1032766","Yes","While in New Zealand"
"GEN24_1032771","Yes","I did not receive any information"
"GEN24_1032778","No",NA
"GEN24_1032785","Yes","Before arriving in New Zealand"
"GEN24_1032787","Yes","I did not receive any information"
"GEN24_1032794","No",NA
"GEN24_1032800","Yes","I did not receive any information"
"GEN24_1032802","Yes","While in New Zealand"
"GEN24_1032827","No",NA
"GEN24_1032829","No",NA
"GEN24_1032830","Yes","I did not receive any information"
"GEN24_1032835","No",NA
"GEN24_1032840","Yes","Before arriving in New Zealand"
"GEN24_1032840","Yes","While in New Zealand"
"GEN24_1032847","Yes","I did not receive any information"
"GEN24_1032852","Yes","Before arriving in New Zealand"
"GEN24_1032873","No",NA
"GEN24_1032874","No",NA
"GEN24_1032876","Yes","I did not receive any information"
"GEN24_1032881","Yes","I did not receive any information"
"GEN24_1032887","Yes","Before arriving in New Zealand"
"GEN24_1032893","Yes","Before arriving in New Zealand"
"GEN24_1032907","Yes","I did not receive any information"
"GEN24_1032908","Yes","I did not receive any information"
"GEN24_1032925","No",NA
"GEN24_1032926","No",NA
"GEN24_1032931","Yes","I did not receive any information"
"GEN24_1032934","Yes","Before arriving in New Zealand"
"GEN24_1032939","No",NA
"GEN24_1032946","No",NA
"GEN24_1032950","Yes","While in New Zealand"
"GEN24_1032957","No",NA
"GEN24_1032966","Yes","I did not receive any information"
"GEN24_1032973","Yes","Before arriving in New Zealand"
"GEN24_1032998","Yes","I did not receive any information"
"GEN24_1033000","Yes","I did not receive any information"
"GEN24_1033010","Yes","I did not receive any information"
"GEN24_1033011","No",NA
"GEN24_1033019","Yes","Before arriving in New Zealand"
"GEN24_1033026","Yes","I did not receive any information"
"GEN24_1033074","Yes","Before arriving in New Zealand"
"GEN24_1033077","Yes","Before arriving in New Zealand"
"GEN24_1033077","Yes","While in New Zealand"
"GEN24_1033082","Yes","Before arriving in New Zealand"
"GEN24_1033082","Yes","While in New Zealand"
"GEN24_1033096","Yes","I did not receive any information"
"GEN24_1033100","Yes","Before arriving in New Zealand"
"GEN24_1033117","Yes","While in New Zealand"
"GEN24_1033133","No",NA
"GEN24_1033134","No",NA
"GEN24_1033139","No",NA
"GEN24_1033140","Yes","Before arriving in New Zealand"
"GEN24_1033146","Yes","I did not receive any information"
"GEN24_1033151","No",NA
"GEN24_1033155","No",NA
"GEN24_1033169","Yes","Before arriving in New Zealand"
"GEN24_1033169","Yes","While in New Zealand"
"GEN24_1033173","Yes","Before arriving in New Zealand"
"GEN24_1033178","Yes","I did not receive any information"
"GEN24_1033189","No",NA
"GEN24_1033199","Yes","Before arriving in New Zealand"
"GEN24_1033212","No",NA
"GEN24_1033248","Yes","While in New Zealand"
"GEN24_1033250","Yes","I did not receive any information"
"GEN24_1033257","No",NA
"GEN24_1033263","Yes","While in New Zealand"
"GEN24_1033267","Yes","While in New Zealand"
"GEN24_1033269","Yes","I did not receive any information"
"GEN24_1033274","Yes","While in New Zealand"
"GEN24_1033275","No",NA
"GEN24_1033312","Yes","Before arriving in New Zealand"
"GEN24_1033320","No",NA
"GEN24_1033329","No",NA
"GEN24_1033332","Yes","I did not receive any information"
"GEN24_1033333","Yes","While in New Zealand"
"GEN24_1033335","Yes","I did not receive any information"
"GEN24_1033336","Yes","Before arriving in New Zealand"
"GEN24_1033337","Yes","While in New Zealand"
"GEN24_1033345","No",NA
"GEN24_1033356","Yes","Before arriving in New Zealand"
"GEN24_1033384","No",NA
"GEN24_1033411","No",NA
"GEN24_1033418","No",NA
"GEN24_1033428","No",NA
"GEN24_1033441","No",NA
"GEN24_1033445","Yes",NA
"GEN24_1033448","Yes","I did not receive any information"
"GEN24_1033449","Yes","Before arriving in New Zealand"
"GEN24_1033450","No",NA
"GEN24_1033477","Yes","Before arriving in New Zealand"
"GEN24_1033481","Yes","I did not receive any information"
"GEN24_1033482","Yes","I did not receive any information"
"GEN24_1033486","No",NA
"GEN24_1033493","Yes","I did not receive any information"
"GEN24_1033511","Yes","Before arriving in New Zealand"
"GEN24_1033523","Yes","I did not receive any information"
"GEN24_1033524","Yes","While in New Zealand"
"GEN24_1033525","Yes","I did not receive any information"
"GEN24_1033529","Yes","I did not receive any information"
"GEN24_1033534","No",NA
"GEN24_1033553","Yes","I did not receive any information"
"GEN24_1033578","Yes","While in New Zealand"
"GEN24_1033601","Yes","I did not receive any information"
"GEN24_1033602","Yes","While in New Zealand"
"GEN24_1033605","Yes","Before arriving in New Zealand"
"GEN24_1033607","No",NA
"GEN24_1033620","No",NA
"GEN24_1033629","No",NA
"GEN24_1033637","Yes","I did not receive any information"
"GEN24_1033641","Yes","While in New Zealand"
"GEN24_1033642","No",NA
"GEN24_1033665","Yes","I did not receive any information"
"GEN24_1033667","Yes","I did not receive any information"
"GEN24_1033674","Yes","I did not receive any information"
"GEN24_1033675","Yes","While in New Zealand"
"GEN24_1033679","No",NA
"GEN24_1033680","Yes","Before arriving in New Zealand"
"GEN24_1033687","Yes","Before arriving in New Zealand"
"GEN24_1033693","No",NA
"GEN24_1033716","Yes","I did not receive any information"
"GEN24_1033725","Yes","Before arriving in New Zealand"
"GEN24_1033728","Yes","I did not receive any information"
"GEN24_1033729","Yes","Before arriving in New Zealand"
"GEN24_1033751","No",NA
"GEN24_1033759","Yes","I did not receive any information"
"GEN24_1033762","Yes","While in New Zealand"
"GEN24_1033768","Yes","Before arriving in New Zealand"
"GEN24_1033780","Yes","I did not receive any information"
"GEN24_1033783","Yes","I did not receive any information"
"GEN24_1033788","Yes","While in New Zealand"
"GEN24_1033793","No",NA
"GEN24_1033802","No",NA
"GEN24_1033811","No",NA
"GEN24_1033812","No",NA
"GEN24_1033816","No",NA
"GEN24_1033833","No",NA
"GEN24_1033834","No",NA
"GEN24_1033856","Yes","While in New Zealand"
"GEN24_1033882","Yes","Before arriving in New Zealand"
"GEN24_1033882","Yes","While in New Zealand"
"GEN24_1033884","Yes","I did not receive any information"
"GEN24_1033886","Yes","I did not receive any information"
"GEN24_1033896","Yes","While in New Zealand"
"GEN24_1033902","Yes","I did not receive any information"
"GEN24_1033908","Yes","Before arriving in New Zealand"
"GEN24_1033914","Yes","While in New Zealand"
"GEN24_1033922","No",NA
"GEN24_1033923","Yes","I did not receive any information"
"GEN24_1033924","Yes","Before arriving in New Zealand"
"GEN24_1033924","Yes","While in New Zealand"
"GEN24_1033930","Yes","I did not receive any information"
"GEN24_1033932","Yes","I did not receive any information"
"GEN24_1033966","Yes","While in New Zealand"
"GEN24_1033969","Yes","Before arriving in New Zealand"
"GEN24_1033974","Yes","Before arriving in New Zealand"
"GEN24_1033979","Yes","While in New Zealand"
"GEN24_1033984","No",NA
"GEN24_1033990","Yes","While in New Zealand"
"GEN24_1034005","No",NA
"GEN24_1034008","Yes","I did not receive any information"
"GEN24_1034012","Yes","While in New Zealand"
"GEN24_1034022","Yes","Before arriving in New Zealand"
"GEN24_1034031","Yes","While in New Zealand"
"GEN24_1034037","No",NA
"GEN24_1034040","Yes","While in New Zealand"
"GEN24_1034054","No",NA
"GEN24_1034077","Yes","While in New Zealand"
"GEN24_1034081","No",NA
"GEN24_1034083","Yes","Before arriving in New Zealand"
"GEN24_1034099","Yes","Before arriving in New Zealand"
"GEN24_1034102","No",NA
"GEN24_1034114","Yes","I did not receive any information"
"GEN24_1034115","Yes","I did not receive any information"
"GEN24_1034116","Yes","I did not receive any information"
"GEN24_1034121","Yes","While in New Zealand"
"GEN24_1034131","Yes","Before arriving in New Zealand"
"GEN24_1034132","No",NA
"GEN24_1034141","Yes","While in New Zealand"
"GEN24_1034151","Yes","I did not receive any information"
"GEN24_1034160","Yes","While in New Zealand"
"GEN24_1034163","No",NA
"GEN24_1034167","Yes","I did not receive any information"
"GEN24_1034173","Yes","While in New Zealand"
"GEN24_1034176","Yes","Before arriving in New Zealand"
"GEN24_1034179","Yes","I did not receive any information"
"GEN24_1034182","Yes","Before arriving in New Zealand"
"GEN24_1034187","Yes","I did not receive any information"
"GEN24_1034205","No",NA
"GEN24_1034208","No",NA
"GEN24_1034219","Yes","I did not receive any information"
"GEN24_1034226","Yes","Before arriving in New Zealand"
"GEN24_1034226","Yes","While in New Zealand"
"GEN24_1034235","Yes","Before arriving in New Zealand"
"GEN24_1034235","Yes","While in New Zealand"
"GEN24_1034238","No",NA
"GEN24_1034286","Yes","I did not receive any information"
"GEN24_1034287","Yes","Before arriving in New Zealand"
"GEN24_1034295","No",NA
"GEN24_1034303","No",NA
"GEN24_1034312","No",NA
"GEN24_1034319","No",NA
"GEN24_1034320","Yes","While in New Zealand"
"GEN24_1034321","No",NA
"GEN24_1034335","No",NA
"GEN24_1034336","Yes","I did not receive any information"
"GEN24_1034338","No",NA
"GEN24_1034340","Yes","I did not receive any information"
"GEN24_1034343","Yes","I did not receive any information"
"GEN24_1034361","No",NA
"GEN24_1034382","Yes","I did not receive any information"
"GEN24_1034417","Yes","Before arriving in New Zealand"
"GEN24_1034418","Yes","Before arriving in New Zealand"
"GEN24_1034418","Yes","While in New Zealand"
"GEN24_1034424","No",NA
"GEN24_1034432","Yes","I did not receive any information"
"GEN24_1034438","No",NA
"GEN24_1034442","Yes","While in New Zealand"
"GEN24_1034459","No",NA
"GEN24_1034472","Yes","I did not receive any information"
"GEN24_1034473","Yes","While in New Zealand"
"GEN24_1034477","Yes","I did not receive any information"
"GEN24_1034479","No",NA
"GEN24_1034480","Yes","I did not receive any information"
"GEN24_1034484","Yes","I did not receive any information"
"GEN24_1034485","No",NA
"GEN24_1034493","Yes","Before arriving in New Zealand"
"GEN24_1034493","Yes","While in New Zealand"
"GEN24_1034506","Yes","I did not receive any information"
"GEN24_1034508","Yes","Before arriving in New Zealand"
"GEN24_1034511","Yes","I did not receive any information"
"GEN24_1034515","Yes","Before arriving in New Zealand"
"GEN24_1034522","Yes","Before arriving in New Zealand"
"GEN24_1034537","Yes","Before arriving in New Zealand"
"GEN24_1034542","Yes","While in New Zealand"
"GEN24_1034556","No",NA
"GEN24_1034557","No",NA
"GEN24_1034558","Yes","I did not receive any information"
"GEN24_1034565","Yes","I did not receive any information"
"GEN24_1034572","No",NA
"GEN24_1034574","No",NA
"GEN24_1034585","Yes","Before arriving in New Zealand"
"GEN24_1034587","Yes","I did not receive any information"
"GEN24_1034590","Yes","Before arriving in New Zealand"
"GEN24_1034591","Yes","Before arriving in New Zealand"
"GEN24_1034598","No",NA
"GEN24_1034599","No",NA
"GEN24_1034600","Yes","Before arriving in New Zealand"
"GEN24_1034601","Yes","While in New Zealand"
"GEN24_1034623","No",NA
"GEN24_1034647","Yes","While in New Zealand"
"GEN24_1034661","Yes","While in New Zealand"
"GEN24_1034684","Yes","Before arriving in New Zealand"
"GEN24_1034684","Yes","While in New Zealand"
"GEN24_1034687","Yes","While in New Zealand"
"GEN24_1034692","Yes","Before arriving in New Zealand"
"GEN24_1034702","Yes","While in New Zealand"
"GEN24_1034713","No",NA
"GEN24_1034716","No",NA
"GEN24_1034725","No",NA
"GEN24_1034726","Yes","I did not receive any information"
"GEN24_1034732","Yes","I did not receive any information"
"GEN24_1034747","Yes","I did not receive any information"
"GEN24_1034752","Yes","Before arriving in New Zealand"
"GEN24_1034756","Yes","I did not receive any information"
"GEN24_1034757","Yes","I did not receive any information"
"GEN24_1034760","Yes","I did not receive any information"
"GEN24_1034771","No",NA
"GEN24_1034773","Yes","I did not receive any information"
"GEN24_1034778","No",NA
"GEN24_1034780","Yes","I did not receive any information"
"GEN24_1034794","Yes","I did not receive any information"
"GEN24_1034811","Yes","I did not receive any information"
"GEN24_1034812","Yes","I did not receive any information"
"GEN24_1034827","Yes","I did not receive any information"
"GEN24_1034831","Yes","Before arriving in New Zealand"
"GEN24_1034835","Yes","Before arriving in New Zealand"
"GEN24_1034835","Yes","While in New Zealand"
"GEN24_1034839","Yes","I did not receive any information"
"GEN24_1034847","No",NA
"GEN24_1034850","No",NA
"GEN24_1034861","No",NA
"GEN24_1034862","Yes","I did not receive any information"
"GEN24_1034872","Yes","While in New Zealand"
"GEN24_1034875","Yes","I did not receive any information"
"GEN24_1034876","Yes","Before arriving in New Zealand"
"GEN24_1034896","Yes","While in New Zealand"
"GEN24_1034900","No",NA
"GEN24_1034906","Yes","Before arriving in New Zealand"
"GEN24_1034906","Yes","While in New Zealand"
"GEN24_1034909","No",NA
"GEN24_1034923","Yes","Before arriving in New Zealand"
"GEN24_1034930","Yes","While in New Zealand"
"GEN24_1034935","Yes","Before arriving in New Zealand"
"GEN24_1034935","Yes","While in New Zealand"
"GEN24_1034940","No",NA
"GEN24_1034947","Yes","Before arriving in New Zealand"
"GEN24_1034950","No",NA
"GEN24_1034952","Yes","While in New Zealand"
"GEN24_1034961","Yes","Before arriving in New Zealand"
"GEN24_1034970","Yes","I did not receive any information"
"GEN24_1034996","Yes","I did not receive any information"
"GEN24_1034999","Yes","Before arriving in New Zealand"
"GEN24_1035001","Yes","Before arriving in New Zealand"
"GEN24_1035008","Yes","While in New Zealand"
"GEN24_1035035","Yes","I did not receive any information"
"GEN24_1035041","Yes","I did not receive any information"
"GEN24_1035043","Yes","I did not receive any information"
"GEN24_1035044","Yes","While in New Zealand"
"GEN24_1035046","Yes","While in New Zealand"
"GEN24_1035047","Yes","I did not receive any information"
"GEN24_1035051","No",NA
"GEN24_1035052","No",NA
"GEN24_1035074","No",NA
"GEN24_1035079","No",NA
"GEN24_1035085","No",NA
"GEN24_1035087","No",NA
"GEN24_1035089","Yes","Before arriving in New Zealand"
"GEN24_1035095","Yes","While in New Zealand"
"GEN24_1035102","Yes","While in New Zealand"
"GEN24_1035104","Yes","Before arriving in New Zealand"
"GEN24_1035106","Yes","While in New Zealand"
"GEN24_1035107","Yes","While in New Zealand"
"GEN24_1035114","Yes","Before arriving in New Zealand"
"GEN24_1035116","No",NA
"GEN24_1035120","Yes","I did not receive any information"
"GEN24_1035123","Yes","I did not receive any information"
"GEN24_1035125","No",NA
"GEN24_1035126","No",NA
"GEN24_1035128","Yes","Before arriving in New Zealand"
"GEN24_1035130","Yes","Before arriving in New Zealand"
"GEN24_1035130","Yes","While in New Zealand"
"GEN24_1035134","Yes","Before arriving in New Zealand"
"GEN24_1035136","Yes","While in New Zealand"
"GEN24_1035140","Yes","Before arriving in New Zealand"
"GEN24_1035153","Yes","I did not receive any information"
"GEN24_1035176","No",NA
"GEN24_1035177","No",NA
"GEN24_1035192","No",NA
"GEN24_1035202","Yes","Before arriving in New Zealand"
"GEN24_1035205","Yes","While in New Zealand"
"GEN24_1035206","Yes","Before arriving in New Zealand"
"GEN24_1035209","Yes","While in New Zealand"
"GEN24_1035213","Yes","I did not receive any information"
"GEN24_1035214","No",NA
"GEN24_1035222","Yes","While in New Zealand"
"GEN24_1035228","Yes","I did not receive any information"
"GEN24_1035236","No",NA
"GEN24_1035237","Yes","Before arriving in New Zealand"
"GEN24_1035244","Yes","Before arriving in New Zealand"
"GEN24_1035255","Yes","Before arriving in New Zealand"
"GEN24_1035259","Yes","Before arriving in New Zealand"
"GEN24_1035270","No",NA
"GEN24_1035271","No",NA
"GEN24_1035274","No",NA
"GEN24_1035276","Yes","Before arriving in New Zealand"
"GEN24_1035281","Yes","Before arriving in New Zealand"
"GEN24_1035286","No",NA
"GEN24_1035294","No",NA
"GEN24_1035312","No",NA
"GEN24_1035313","Yes","Before arriving in New Zealand"
"GEN24_1035324","Yes","Before arriving in New Zealand"
"GEN24_1035328","No",NA
"GEN24_1035338","Yes","While in New Zealand"
"GEN24_1035343","Yes","I did not receive any information"
"GEN24_1035344","Yes","I did not receive any information"
"GEN24_1035355","Yes","Before arriving in New Zealand"
"GEN24_1035363","Yes","I did not receive any information"
"GEN24_1035367","Yes","While in New Zealand"
"GEN24_1035369","Yes","I did not receive any information"
"GEN24_1035370","Yes","I did not receive any information"
"GEN24_1035377","Yes","I did not receive any information"
"GEN24_1035381","Yes","Before arriving in New Zealand"
"GEN24_1035391","Yes","I did not receive any information"
"GEN24_1035394","Yes","I did not receive any information"
"GEN24_1035400","Yes","I did not receive any information"
"GEN24_1035403","No",NA
"GEN24_1035412","Yes","I did not receive any information"
"GEN24_1035431","Yes","I did not receive any information"
"GEN24_1035433","Yes","Before arriving in New Zealand"
"GEN24_1035438","No",NA
"GEN24_1035448","Yes","Before arriving in New Zealand"
"GEN24_1035454","Yes","Before arriving in New Zealand"
"GEN24_1035463","Yes","I did not receive any information"
"GEN24_1035468","No",NA
"GEN24_1035473","No",NA
"GEN24_1035485","Yes","I did not receive any information"
"GEN24_1035496","Yes","Before arriving in New Zealand"
"GEN24_1035496","Yes","While in New Zealand"
"GEN24_1035500","Yes","I did not receive any information"
"GEN24_1035509","Yes","I did not receive any information"
"GEN24_1035516","Yes","Before arriving in New Zealand"
"GEN24_1035526","Yes","I did not receive any information"
"GEN24_1035528","Yes","I did not receive any information"
"GEN24_1035532","Yes","Before arriving in New Zealand"
"GEN24_1035539","Yes","I did not receive any information"
"GEN24_1035546","Yes","Before arriving in New Zealand"
"GEN24_1035546","Yes","While in New Zealand"
"GEN24_1035547","No",NA
"GEN24_1035548","Yes","I did not receive any information"
"GEN24_1035553","Yes","While in New Zealand"
"GEN24_1035554","Yes","While in New Zealand"
"GEN24_1035570","No",NA
"GEN24_1035587","Yes","I did not receive any information"
"GEN24_1035601","No",NA
"GEN24_1035602","Yes","I did not receive any information"
"GEN24_1035608","Yes","Before arriving in New Zealand"
"GEN24_1035622","Yes","I did not receive any information"
"GEN24_1035625","Yes","I did not receive any information"
"GEN24_1035626","Yes","Before arriving in New Zealand"
"GEN24_1035626","Yes","While in New Zealand"
"GEN24_1035636","Yes","While in New Zealand"
"GEN24_1035639","Yes","I did not receive any information"
"GEN24_1035641","Yes","Before arriving in New Zealand"
"GEN24_1035645","No",NA
"GEN24_1035653","Yes","Before arriving in New Zealand"
"GEN24_1035654","Yes","I did not receive any information"
"GEN24_1035656","Yes","Before arriving in New Zealand"
"GEN24_1035659","Yes","I did not receive any information"
"GEN24_1035663","Yes","I did not receive any information"
"GEN24_1035694","No",NA
"GEN24_1035695","No",NA
"GEN24_1035712","Yes","While in New Zealand"
"GEN24_1035721","Yes","While in New Zealand"
"GEN24_1035723","Yes","Before arriving in New Zealand"
"GEN24_1035725","No",NA
"GEN24_1035726","Yes","I did not receive any information"
"GEN24_1035733","Yes","Before arriving in New Zealand"
"GEN24_1035733","Yes","While in New Zealand"
"GEN24_1035736","No",NA
"GEN24_1035743","Yes","I did not receive any information"
"GEN24_1035747","Yes","I did not receive any information"
"GEN24_1035749","No",NA
"GEN24_1035750","Yes","I did not receive any information"
"GEN24_1035751","Yes","Before arriving in New Zealand"
"GEN24_1035758","No",NA
"GEN24_1035762","Yes","I did not receive any information"
"GEN24_1035764","Yes","I did not receive any information"
"GEN24_1035779","Yes","I did not receive any information"
"GEN24_1035782","Yes","I did not receive any information"
"GEN24_1035788","Yes","Before arriving in New Zealand"
"GEN24_1035795","Yes","Before arriving in New Zealand"
"GEN24_1035795","Yes","While in New Zealand"
"GEN24_1035798","Yes","I did not receive any information"
"GEN24_1035800","Yes","I did not receive any information"
"GEN24_1035801","Yes","I did not receive any information"
"GEN24_1035815","No",NA
"GEN24_1035820","Yes","I did not receive any information"
"GEN24_1035821","Yes","While in New Zealand"
"GEN24_1035828","Yes","I did not receive any information"
"GEN24_1035830","Yes","I did not receive any information"
"GEN24_1035831","Yes","Before arriving in New Zealand"
"GEN24_1035846","Yes","While in New Zealand"
"GEN24_1035859","Yes","I did not receive any information"
"GEN24_1035868","No",NA
"GEN24_1035870","No",NA
"GEN24_1035876","Yes","While in New Zealand"
"GEN24_1035887","Yes","I did not receive any information"
"GEN24_1035889","No",NA
"GEN24_1035890","Yes","I did not receive any information"
"GEN24_1035896","Yes","I did not receive any information"
"GEN24_1035898","Yes","I did not receive any information"
"GEN24_1035908","Yes","I did not receive any information"
"GEN24_1035913","Yes","I did not receive any information"
"GEN24_1035919","Yes","Before arriving in New Zealand"
"GEN24_1035925","Yes","Before arriving in New Zealand"
"GEN24_1035931","Yes","I did not receive any information"
"GEN24_1035936","Yes","Before arriving in New Zealand"
"GEN24_1035938","No",NA
"GEN24_1035940","Yes","I did not receive any information"
"GEN24_1035944","Yes","I did not receive any information"
"GEN24_1035960","No",NA
"GEN24_1035970","Yes","I did not receive any information"
"GEN24_1035972","Yes","Before arriving in New Zealand"
"GEN24_1035974","No",NA
"GEN24_1035977","Yes","I did not receive any information"
"GEN24_1035985","Yes","Before arriving in New Zealand"
"GEN24_1035993","Yes","I did not receive any information"
"GEN24_1036002","No",NA
"GEN24_1036003","Yes","I did not receive any information"
"GEN24_1036023","Yes","Before arriving in New Zealand"
"GEN24_1036037","Yes","I did not receive any information"
"GEN24_1036040","No",NA
"GEN24_1036044","Yes","I did not receive any information"
"GEN24_1036048","Yes","I did not receive any information"
"GEN24_1036061","Yes","Before arriving in New Zealand"
"GEN24_1036062","No",NA
"GEN24_1036069","Yes","I did not receive any information"
"GEN24_1036072","No",NA
"GEN24_1036076","Yes","While in New Zealand"
"GEN24_1036084","Yes","I did not receive any information"
"GEN24_1036085","Yes","I did not receive any information"
"GEN24_1036096","Yes","While in New Zealand"
"GEN24_1036104","Yes","I did not receive any information"
"GEN24_1036108","Yes","I did not receive any information"
"GEN24_1036118","Yes","I did not receive any information"
"GEN24_1036124","No",NA
"GEN24_1036146","Yes","Before arriving in New Zealand"
"GEN24_1036146","Yes","While in New Zealand"
"GEN24_1036164","Yes","I did not receive any information"
"GEN24_1036173","Yes","I did not receive any information"
"GEN24_1036183","Yes","I did not receive any information"
"GEN24_1036190","No",NA
"GEN24_1036195","Yes","I did not receive any information"
"GEN24_1036203","Yes","Before arriving in New Zealand"
"GEN24_1036206","Yes","I did not receive any information"
"GEN24_1036209","Yes","Before arriving in New Zealand"
"GEN24_1036215","No",NA
"GEN24_1036223","Yes","I did not receive any information"
"GEN24_1036234","No",NA
"GEN24_1036239","Yes","I did not receive any information"
"GEN24_1036270","No",NA
"GEN24_1036275","Yes","I did not receive any information"
"GEN24_1036289","Yes","I did not receive any information"
"GEN24_1036291","Yes","Before arriving in New Zealand"
"GEN24_1036293","Yes","I did not receive any information"
"GEN24_1036294","Yes","I did not receive any information"
"GEN24_1036299","Yes","I did not receive any information"
"GEN24_1036301","No",NA
"GEN24_1036302","Yes","Before arriving in New Zealand"
"GEN24_1036320","Yes","Before arriving in New Zealand"
"GEN24_1036323","No",NA
"GEN24_1036327","Yes","Before arriving in New Zealand"
"GEN24_1036346","Yes","I did not receive any information"
"GEN24_1036350","Yes","Before arriving in New Zealand"
"GEN24_1036354","No",NA
"GEN24_1036381","No",NA
"GEN24_1036382","Yes","While in New Zealand"
"GEN24_1036392","No",NA
"GEN24_1036427","Yes","I did not receive any information"
"GEN24_1036429","No",NA
"GEN24_1036430","Yes","I did not receive any information"
"GEN24_1036438","Yes","Before arriving in New Zealand"
"GEN24_1036464","Yes","I did not receive any information"
"GEN24_1036465","Yes","While in New Zealand"
"GEN24_1036466","No",NA
"GEN24_1036497","Yes","I did not receive any information"
"GEN24_1036505","No",NA
"GEN24_1036524","Yes","I did not receive any information"
"GEN24_1036526","Yes","I did not receive any information"
"GEN24_1036530","Yes","Before arriving in New Zealand"
"GEN24_1036539","No",NA
"GEN24_1036561","Yes","Before arriving in New Zealand"
"GEN24_1036561","Yes","While in New Zealand"
"GEN24_1036566","Yes","While in New Zealand"
"GEN24_1036573","No",NA
"GEN24_1036574","Yes","Before arriving in New Zealand"
"GEN24_1036576","Yes","Before arriving in New Zealand"
"GEN24_1036588","Yes","I did not receive any information"
"GEN24_1036591","Yes","I did not receive any information"
"GEN24_1036595","Yes","Before arriving in New Zealand"
"GEN24_1036597","Yes","I did not receive any information"
"GEN24_1036601","No",NA
"GEN24_1036619","No",NA
"GEN24_1036628","No",NA
"GEN24_1036642","Yes","Before arriving in New Zealand"
"GEN24_1036642","Yes","While in New Zealand"
"GEN24_1036647","No",NA
"GEN24_1036655","No",NA
"GEN24_1036670","Yes","Before arriving in New Zealand"
"GEN24_1036686","Yes","While in New Zealand"
"GEN24_1036729","Yes","I did not receive any information"
"GEN24_1036737","Yes","Before arriving in New Zealand"
"GEN24_1036738","No",NA
"GEN24_1036741","No",NA
"GEN24_1036742","Yes","Before arriving in New Zealand"
"GEN24_1036748","Yes","I did not receive any information"
"GEN24_1036755","No",NA
"GEN24_1036777","No",NA
"GEN24_1036792","Yes","Before arriving in New Zealand"
"GEN24_1036798","No",NA
"GEN24_1036806","No",NA
"GEN24_1036810","Yes","Before arriving in New Zealand"
"GEN24_1036828","Yes","Before arriving in New Zealand"
"GEN24_1036828","Yes","While in New Zealand"
"GEN24_1036830","Yes","Before arriving in New Zealand"
"GEN24_1036830","Yes","While in New Zealand"
"GEN24_1036843","No",NA
"GEN24_1036860","Yes","I did not receive any information"
"GEN24_1036861","No",NA
"GEN24_1036862","Yes","I did not receive any information"
"GEN24_1036874","No",NA
"GEN24_1036881","Yes","Before arriving in New Zealand"
"GEN24_1036889","Yes","Before arriving in New Zealand"
"GEN24_1036893","Yes","Before arriving in New Zealand"
"GEN24_1036893","Yes","While in New Zealand"
"GEN24_1036909","Yes","Before arriving in New Zealand"
"GEN24_1036913","No",NA
"GEN24_1036917","Yes","I did not receive any information"
"GEN24_1036943","No",NA
"GEN24_1036946","Yes","While in New Zealand"
"GEN24_1036949","Yes","Before arriving in New Zealand"
"GEN24_1036949","Yes","While in New Zealand"
"GEN24_1036954","No",NA
"GEN24_1036960","Yes","While in New Zealand"
"GEN24_1036969","Yes","Before arriving in New Zealand"
"GEN24_1036971","Yes","I did not receive any information"
"GEN24_1036973","No",NA
"GEN24_1036974","Yes","I did not receive any information"
"GEN24_1036979","Yes","Before arriving in New Zealand"
"GEN24_1036992","Yes","Before arriving in New Zealand"
"GEN24_1037001","Yes","I did not receive any information"
"GEN24_1037008","No",NA
"GEN24_1037011","Yes","Before arriving in New Zealand"
"GEN24_1037018","Yes","I did not receive any information"
"GEN24_1037028","Yes","I did not receive any information"
"GEN24_1037037","No",NA
"GEN24_1037043","No",NA
"GEN24_1037047","Yes","I did not receive any information"
"GEN24_1037049","Yes","I did not receive any information"
"GEN24_1037055","Yes","Before arriving in New Zealand"
"GEN24_1037064","Yes","While in New Zealand"
"GEN24_1037066","Yes","Before arriving in New Zealand"
"GEN24_1037069","Yes","Before arriving in New Zealand"
"GEN24_1037078","No",NA
"GEN24_1037090","Yes","While in New Zealand"
"GEN24_1037091","Yes","I did not receive any information"
"GEN24_1037095","Yes","I did not receive any information"
"GEN24_1037096","Yes","I did not receive any information"
"GEN24_1037100","No",NA
"GEN24_1037118","Yes","I did not receive any information"
"GEN24_1037122","Yes","While in New Zealand"
"GEN24_1037137","No",NA
"GEN24_1037148","Yes","I did not receive any information"
"GEN24_1037153","Yes","Before arriving in New Zealand"
"GEN24_1037156","No",NA
"GEN24_1037157","Yes","I did not receive any information"
"GEN24_1037161","No",NA
"GEN24_1037166","Yes","Before arriving in New Zealand"
"GEN24_1037167","Yes","While in New Zealand"
"GEN24_1037169","No",NA
"GEN24_1037170","Yes","I did not receive any information"
"GEN24_1037189","Yes","Before arriving in New Zealand"
"GEN24_1037190","Yes","I did not receive any information"
"GEN24_1037206","No",NA
"GEN24_1037216","No",NA
"GEN24_1037223","Yes","I did not receive any information"
"GEN24_1037225","No",NA
"GEN24_1037231","Yes","I did not receive any information"
"GEN24_1037233","No",NA
"GEN24_1037237","Yes","Before arriving in New Zealand"
"GEN24_1037238","Yes","While in New Zealand"
"GEN24_1037239","Yes","I did not receive any information"
"GEN24_1037242","Can’t remember",NA
"GEN24_1037249","Yes","While in New Zealand"
"GEN24_1037250","No",NA
"GEN24_1037259","Yes","I did not receive any information"
"GEN24_1037260","Yes","I did not receive any information"
"GEN24_1037261","Yes","While in New Zealand"
"GEN24_1037263","Yes","I did not receive any information"
"GEN24_1037270","Yes","I did not receive any information"
"GEN24_1037277","Yes","I did not receive any information"
"GEN24_1037280","Yes","While in New Zealand"
"GEN24_1037297","Yes","Before arriving in New Zealand"
"GEN24_1037317","No",NA
"GEN24_1037329","No",NA
"GEN24_1037341","No",NA
"GEN24_1037342","No",NA
"GEN24_1037367","Yes","Before arriving in New Zealand"
"GEN24_1037390","No",NA
"GEN24_1037391","Yes","I did not receive any information"
"GEN24_1037399","No",NA
"GEN24_1037412","Yes","Before arriving in New Zealand"
"GEN24_1037414","Yes","I did not receive any information"
"GEN24_1037417","Yes","While in New Zealand"
"GEN24_1037418","Yes","Before arriving in New Zealand"
"GEN24_1037423","Yes","I did not receive any information"
"GEN24_1037425","Yes","I did not receive any information"
"GEN24_1037431","Yes","Before arriving in New Zealand"
"GEN24_1037445","Yes",NA
"GEN24_1037459","Yes","Before arriving in New Zealand"
"GEN24_1037460","Yes","I did not receive any information"
"GEN24_1037463","Yes","Before arriving in New Zealand"
"GEN24_1037463","Yes","While in New Zealand"
"GEN24_1037483","Yes","Before arriving in New Zealand"
"GEN24_1037493","Yes","Before arriving in New Zealand"
"GEN24_1037494","Yes","I did not receive any information"
"GEN24_1037495","No",NA
"GEN24_1037507","No",NA
"GEN24_1037512","Yes","I did not receive any information"
"GEN24_1037523","Yes","Before arriving in New Zealand"
"GEN24_1037531","Yes","Before arriving in New Zealand"
"GEN24_1037538","No",NA
"GEN24_1037553","Yes","While in New Zealand"
"GEN24_1037578","No",NA
"GEN24_1037583","No",NA
"GEN24_1037590","Yes","I did not receive any information"
"GEN24_1037595","No",NA
"GEN24_1037610","Yes","While in New Zealand"
"GEN24_1037612","Yes","I did not receive any information"
"GEN24_1037621","Yes","Before arriving in New Zealand"
"GEN24_1037629","Yes","I did not receive any information"
"GEN24_1037648","Yes","Before arriving in New Zealand"
"GEN24_1037653","Yes","While in New Zealand"
"GEN24_1037655","No",NA
"GEN24_1037666","Yes","I did not receive any information"
"GEN24_1037685","No",NA
"GEN24_1037696","Yes","I did not receive any information"
"GEN24_1037700","Yes","Before arriving in New Zealand"
"GEN24_1037700","Yes","While in New Zealand"
"GEN24_1037710","Yes","I did not receive any information"
"GEN24_1037718","Yes","I did not receive any information"
"GEN24_1037720","No",NA
"GEN24_1037727","Yes","While in New Zealand"
"GEN24_1037728","Yes","Before arriving in New Zealand"
"GEN24_1037732","Yes","I did not receive any information"
"GEN24_1037739","Yes","While in New Zealand"
"GEN24_1037752","Yes","While in New Zealand"
"GEN24_1037762","Yes","I did not receive any information"
"GEN24_1037763","No",NA
"GEN24_1037772","Yes","While in New Zealand"
"GEN24_1037782","Yes","I did not receive any information"
"GEN24_1037796","Yes","Before arriving in New Zealand"
"GEN24_1037801","No",NA
"GEN24_1037802","No",NA
"GEN24_1037812","Yes","While in New Zealand"
"GEN24_1037819","No",NA
"GEN24_1037823","No",NA
"GEN24_1037824","Yes","I did not receive any information"
"GEN24_1037839","No",NA
"GEN24_1037848","Yes","Before arriving in New Zealand"
"GEN24_1037851","Yes","I did not receive any information"
"GEN24_1037852","No",NA
"GEN24_1037856","Yes","Before arriving in New Zealand"
"GEN24_1037856","Yes","While in New Zealand"
"GEN24_1037862","Yes","I did not receive any information"
"GEN24_1037863","Yes","While in New Zealand"
"GEN24_1037868","Yes","While in New Zealand"
"GEN24_1037879","No",NA
"GEN24_1037888","Yes","While in New Zealand"
"GEN24_1037893","No",NA
"GEN24_1037895","No",NA
"GEN24_1037919","Yes","Before arriving in New Zealand"
"GEN24_1037919","Yes","While in New Zealand"
"GEN24_1037932","No",NA
"GEN24_1037951","Yes","Before arriving in New Zealand"
"GEN24_1037953","Yes","I did not receive any information"
"GEN24_1037959","Yes","I did not receive any information"
"GEN24_1037965","No",NA
"GEN24_1037966","Yes","Before arriving in New Zealand"
"GEN24_1037972","No",NA
"GEN24_1037985","No",NA
"GEN24_1037997","Yes","I did not receive any information"
"GEN24_1038002","No",NA
"GEN24_1038008","Yes","I did not receive any information"
"GEN24_1038019","Yes","While in New Zealand"
"GEN24_1038020","Yes","Before arriving in New Zealand"
"GEN24_1038021","No",NA
"GEN24_1038050","Yes","Before arriving in New Zealand"
"GEN24_1038067","Yes","While in New Zealand"
"GEN24_1038068","No",NA
"GEN24_1038075","Yes","I did not receive any information"
"GEN24_1038078","Yes","I did not receive any information"
"GEN24_1038079","Yes","I did not receive any information"
"GEN24_1038082","Yes","While in New Zealand"
"GEN24_1038083","Yes","I did not receive any information"
"GEN24_1038102","Yes","I did not receive any information"
"GEN24_1038105","No",NA
"GEN24_1038107","No",NA
"GEN24_1038112","Yes","Before arriving in New Zealand"
"GEN24_1038114","Yes","Before arriving in New Zealand"
"GEN24_1038115","Yes","I did not receive any information"
"GEN24_1038123","Yes","Before arriving in New Zealand"
"GEN24_1038123","Yes","While in New Zealand"
"GEN24_1038124","Yes","I did not receive any information"
"GEN24_1038138","Yes","I did not receive any information"
"GEN24_1038147","Can’t remember",NA
"GEN24_1038150","Yes","Before arriving in New Zealand"
"GEN24_1038167","Yes","Before arriving in New Zealand"
"GEN24_1038168","Yes","I did not receive any information"
"GEN24_1038178","Yes","While in New Zealand"
"GEN24_1038191","No",NA
"GEN24_1038193","Yes","Before arriving in New Zealand"
"GEN24_1038193","Yes","While in New Zealand"
"GEN24_1038200","No",NA
"GEN24_1038218","No",NA
"GEN24_1038219","Yes","I did not receive any information"
"GEN24_1038233","Yes","I did not receive any information"
"GEN24_1038238","Yes","I did not receive any information"
"GEN24_1038253","Yes","I did not receive any information"
"GEN24_1038254","Yes","Before arriving in New Zealand"
"GEN24_1038262","Yes","I did not receive any information"
"GEN24_1038264","No",NA
"GEN24_1038280","No",NA
"GEN24_1038283","Yes","I did not receive any information"
"GEN24_1038285","No",NA
"GEN24_1038291","No",NA
"GEN24_1038294","Yes","While in New Zealand"
"GEN24_1038295","Yes","I did not receive any information"
"GEN24_1038297","Yes","I did not receive any information"
"GEN24_1038307","Yes","Before arriving in New Zealand"
"GEN24_1038309","Yes","I did not receive any information"
"GEN24_1038314","Yes","Before arriving in New Zealand"
"GEN24_1038317","No",NA
"GEN24_1038318","Yes","While in New Zealand"
"GEN24_1038328","Yes","I did not receive any information"
"GEN24_1038329","Yes","I did not receive any information"
"GEN24_1038335","Yes","Before arriving in New Zealand"
"GEN24_1038342","No",NA
"GEN24_1038377","Yes","Before arriving in New Zealand"
"GEN24_1038377","Yes","While in New Zealand"
"GEN24_1038378","Yes","Before arriving in New Zealand"
"GEN24_1038383","Yes","I did not receive any information"
"GEN24_1038385","Yes","Before arriving in New Zealand"
"GEN24_1038386","Yes","Before arriving in New Zealand"
"GEN24_1038394","Yes","Before arriving in New Zealand"
"GEN24_1038395","No",NA
"GEN24_1038397","Yes","Before arriving in New Zealand"
"GEN24_1038400","Yes","While in New Zealand"
"GEN24_1038404","Yes","Before arriving in New Zealand"
"GEN24_1038427","No",NA
"GEN24_1038438","No",NA
"GEN24_1038446","Yes","I did not receive any information"
"GEN24_1038463","Yes","I did not receive any information"
"GEN24_1038464","Yes","I did not receive any information"
"GEN24_1038471","Yes","I did not receive any information"
"GEN24_1038477","Yes","I did not receive any information"
"GEN24_1038478","Yes","I did not receive any information"
"GEN24_1038498","No",NA
"GEN24_1038513","No",NA
"GEN24_1038521","Yes","I did not receive any information"
"GEN24_1038526","Yes","Before arriving in New Zealand"
"GEN24_1038540","Yes","I did not receive any information"
"GEN24_1038543","No",NA
"GEN24_1038545","Yes","Before arriving in New Zealand"
"GEN24_1038547","Yes","While in New Zealand"
"GEN24_1038554","Yes","I did not receive any information"
"GEN24_1038558","Yes","I did not receive any information"
"GEN24_1038559","Yes","Before arriving in New Zealand"
"GEN24_1038561","Yes","Before arriving in New Zealand"
"GEN24_1038573","No",NA
"GEN24_1038593","Yes","Before arriving in New Zealand"
"GEN24_1038596","No",NA
"GEN24_1038614","No",NA
"GEN24_1038628","Yes","Before arriving in New Zealand"
"GEN24_1038628","Yes","While in New Zealand"
"GEN24_1038636","No",NA
"GEN24_1038638","No",NA
"GEN24_1038640","Yes","I did not receive any information"
"GEN24_1038643","Yes","I did not receive any information"
"GEN24_1038645","Yes","Before arriving in New Zealand"
"GEN24_1038652","No",NA
"GEN24_1038654","Yes","Before arriving in New Zealand"
"GEN24_1038667","Yes","Before arriving in New Zealand"
"GEN24_1038671","No",NA
"GEN24_1038686","Yes","I did not receive any information"
"GEN24_1038694","Yes","Before arriving in New Zealand"
"GEN24_1038710","Yes","Before arriving in New Zealand"
"GEN24_1038716","Yes","I did not receive any information"
"GEN24_1038733","Yes","While in New Zealand"
"GEN24_1038734","Yes","I did not receive any information"
"GEN24_1038736","Yes","While in New Zealand"
"GEN24_1038742","No",NA
"GEN24_1038747","Yes","I did not receive any information"
"GEN24_1038751","Yes","While in New Zealand"
"GEN24_1038756","Yes","I did not receive any information"
"GEN24_1038757","Yes","I did not receive any information"
"GEN24_1038766","Yes","Before arriving in New Zealand"
"GEN24_1038766","Yes","While in New Zealand"
"GEN24_1038773","No",NA
"GEN24_1038781","No",NA
"GEN24_1038789","No",NA
"GEN24_1038792","Yes","Before arriving in New Zealand"
"GEN24_1038796","Yes","Before arriving in New Zealand"
"GEN24_1038799","Yes","Before arriving in New Zealand"
"GEN24_1038802","Yes","I did not receive any information"
"GEN24_1038803","Yes","Before arriving in New Zealand"
"GEN24_1038805","Yes","Before arriving in New Zealand"
"GEN24_1038815","No",NA
"GEN24_1038819","Yes","I did not receive any information"
"GEN24_1038829","Yes","I did not receive any information"
"GEN24_1038842","Yes","Before arriving in New Zealand"
"GEN24_1038851","Yes","I did not receive any information"
"GEN24_1038881","Yes","I did not receive any information"
"GEN24_1038887","No",NA
"GEN24_1038892","Yes","Before arriving in New Zealand"
"GEN24_1038892","Yes","While in New Zealand"
"GEN24_1038900","Yes","I did not receive any information"
"GEN24_1038902","No",NA
"GEN24_1038906","Yes","Before arriving in New Zealand"
"GEN24_1038913","No",NA
"GEN24_1038916","Yes","I did not receive any information"
"GEN24_1038920","Yes","I did not receive any information"
"GEN24_1038921","No",NA
"GEN24_1038922","Yes","Before arriving in New Zealand"
"GEN24_1038922","Yes","While in New Zealand"
"GEN24_1038925","No",NA
"GEN24_1038928","Yes","Before arriving in New Zealand"
"GEN24_1038936","Yes","While in New Zealand"
"GEN24_1038938","Yes","While in New Zealand"
"GEN24_1038941","Yes","I did not receive any information"
"GEN24_1038945","Yes","Before arriving in New Zealand"
"GEN24_1038957","No",NA
"GEN24_1038974","Yes","I did not receive any information"
"GEN24_1038980","No",NA
"GEN24_1038987","No",NA
"GEN24_1038988","Yes","Before arriving in New Zealand"
"GEN24_1038991","Yes","I did not receive any information"
"GEN24_1038993","Yes","Before arriving in New Zealand"
"GEN24_1038994","No",NA
"GEN24_1039033","Yes","Before arriving in New Zealand"
"GEN24_1039039","Yes","While in New Zealand"
"GEN24_1039043","Yes","Before arriving in New Zealand"
"GEN24_1039044","No",NA
"GEN24_1039047","Yes","Before arriving in New Zealand"
"GEN24_1039048","Yes","Before arriving in New Zealand"
"GEN24_1039048","Yes","While in New Zealand"
"GEN24_1039051","Yes","Before arriving in New Zealand"
"GEN24_1039058","Yes","I did not receive any information"
"GEN24_1039069","Yes","Before arriving in New Zealand"
"GEN24_1039082","No",NA
"GEN24_1039093","Yes","I did not receive any information"
"GEN24_1039098","Yes","I did not receive any information"
"GEN24_1039099","No",NA
"GEN24_1039104","No",NA
"GEN24_1039109","Yes","I did not receive any information"
"GEN24_1039112","Yes","I did not receive any information"
"GEN24_1039116","Yes","While in New Zealand"
"GEN24_1039117","Yes","Before arriving in New Zealand"
"GEN24_1039117","Yes","While in New Zealand"
"GEN24_1039121","Yes","While in New Zealand"
"GEN24_1039123","No",NA
"GEN24_1039127","Yes","Before arriving in New Zealand"
"GEN24_1039127","Yes","While in New Zealand"
"GEN24_1039129","Yes","While in New Zealand"
"GEN24_1039137","Yes","Before arriving in New Zealand"
"GEN24_1039137","Yes","While in New Zealand"
"GEN24_1039139","No",NA
"GEN24_1039140","Yes","Before arriving in New Zealand"
"GEN24_1039141","No",NA
"GEN24_1039142","Yes","I did not receive any information"
"GEN24_1039148","Yes","I did not receive any information"
"GEN24_1039167","Yes","I did not receive any information"
"GEN24_1039207","Yes","While in New Zealand"
"GEN24_1039211","Yes","While in New Zealand"
"GEN24_1039221","Yes","Before arriving in New Zealand"
"GEN24_1039228","No",NA
"GEN24_1039244","No",NA
"GEN24_1039250","Yes","While in New Zealand"
"GEN24_1039251","Yes","Before arriving in New Zealand"
"GEN24_1039251","Yes","While in New Zealand"
"GEN24_1039255","Yes","I did not receive any information"
"GEN24_1039264","No",NA
"GEN24_1039280","Yes","While in New Zealand"
"GEN24_1039281","Yes","Before arriving in New Zealand"
"GEN24_1039283","No",NA
"GEN24_1039309","Yes","Before arriving in New Zealand"
"GEN24_1039312","No",NA
"GEN24_1039322","Yes","I did not receive any information"
"GEN24_1039327","Yes","I did not receive any information"
"GEN24_1039329","Yes","Before arriving in New Zealand"
"GEN24_1039331","Yes","I did not receive any information"
"GEN24_1039343","Yes","Before arriving in New Zealand"
"GEN24_1039346","Yes","Before arriving in New Zealand"
"GEN24_1039351","No",NA
"GEN24_1039361","Yes","Before arriving in New Zealand"
"GEN24_1039378","Yes","I did not receive any information"
"GEN24_1039398","Yes","Before arriving in New Zealand"
"GEN24_1039398","Yes","While in New Zealand"
"GEN24_1039404","Yes","I did not receive any information"
"GEN24_1039416","Yes","I did not receive any information"
"GEN24_1039425","No",NA
"GEN24_1039447","Yes","I did not receive any information"
"GEN24_1039452","Yes","Before arriving in New Zealand"
"GEN24_1039452","Yes","While in New Zealand"
"GEN24_1039456","No",NA
"GEN24_1039463","No",NA
"GEN24_1039464","Yes","Before arriving in New Zealand"
"GEN24_1039467","Yes","Before arriving in New Zealand"
"GEN24_1039471","Yes","While in New Zealand"
"GEN24_1039474","Yes","While in New Zealand"
"GEN24_1039483","No",NA
"GEN24_1039487","Yes","I did not receive any information"
"GEN24_1039505","No",NA
"GEN24_1039508","Yes","Before arriving in New Zealand"
"GEN24_1039516","No",NA
"GEN24_1039517","Yes","Before arriving in New Zealand"
"GEN24_1039518","Yes","Before arriving in New Zealand"
"GEN24_1039520","Yes","I did not receive any information"
"GEN24_1039524","Yes","I did not receive any information"
"GEN24_1039526","Yes","I did not receive any information"
"GEN24_1039540","No",NA
"GEN24_1039550","Yes","I did not receive any information"
"GEN24_1039563","Yes","I did not receive any information"
"GEN24_1039565","Yes","I did not receive any information"
"GEN24_1039566","No",NA
"GEN24_1039573","Yes","Before arriving in New Zealand"
"GEN24_1039573","Yes","While in New Zealand"
"GEN24_1039581","Yes","I did not receive any information"
"GEN24_1039604","Yes","While in New Zealand"
"GEN24_1039622","Yes","Before arriving in New Zealand"
"GEN24_1039633","Yes","I did not receive any information"
"GEN24_1039643","Yes","Before arriving in New Zealand"
"GEN24_1039650","Yes","I did not receive any information"
"GEN24_1039653","Yes","I did not receive any information"
"GEN24_1039661","No",NA
"GEN24_1039666","Yes","Before arriving in New Zealand"
"GEN24_1039669","Yes","Before arriving in New Zealand"
"GEN24_1039670","Yes","Before arriving in New Zealand"
"GEN24_1039671","Yes","I did not receive any information"
"GEN24_1039677","No",NA
"GEN24_1039684","Yes","I did not receive any information"
"GEN24_1039685","No",NA
"GEN24_1039699","No",NA
"GEN24_1039701","Yes","Before arriving in New Zealand"
"GEN24_1039701","Yes","While in New Zealand"
"GEN24_1039702","Yes","Before arriving in New Zealand"
"GEN24_1039719","Yes","I did not receive any information"
"GEN24_1039724","No",NA
"GEN24_1039731","Yes","Before arriving in New Zealand"
"GEN24_1039731","Yes","While in New Zealand"
"GEN24_1039738","Yes","Before arriving in New Zealand"
"GEN24_1039741","No",NA
"GEN24_1039744","Yes","I did not receive any information"
"GEN24_1039746","Yes","Before arriving in New Zealand"
"GEN24_1039757","No",NA
"GEN24_1039792","Yes","While in New Zealand"
"GEN24_1039794","Yes","Before arriving in New Zealand"
"GEN24_1039794","Yes","While in New Zealand"
"GEN24_1039807","No",NA
"GEN24_1039819","Yes","I did not receive any information"
"GEN24_1039820","Yes","Before arriving in New Zealand"
"GEN24_1039827","Yes","Before arriving in New Zealand"
"GEN24_1039836","Yes","Before arriving in New Zealand"
"GEN24_1039837","Yes","I did not receive any information"
"GEN24_1039842","Yes","I did not receive any information"
"GEN24_1039853","Yes","Before arriving in New Zealand"
"GEN24_1039853","Yes","While in New Zealand"
"GEN24_1039855","Yes","Before arriving in New Zealand"
"GEN24_1039855","Yes","While in New Zealand"
"GEN24_1039856","Yes","While in New Zealand"
"GEN24_1039857","No",NA
"GEN24_1039873","No",NA
"GEN24_1039877","No",NA
"GEN24_1039906","Yes","Before arriving in New Zealand"
"GEN24_1039919","Yes","Before arriving in New Zealand"
"GEN24_1039933","Yes","I did not receive any information"
"GEN24_1039939","Yes","Before arriving in New Zealand"
"GEN24_1039940","No",NA
"GEN24_1039950","No",NA
"GEN24_1039956","Yes","Before arriving in New Zealand"
"GEN24_1039963","Yes","Before arriving in New Zealand"
"GEN24_1039968","No",NA
"GEN24_1039983","No",NA
"GEN24_1039988","Yes","Before arriving in New Zealand"
"GEN24_1039990","No",NA
"GEN24_1039992","No",NA
"GEN24_1039994","Yes","While in New Zealand"
"GEN24_1039995","Yes","Before arriving in New Zealand"
"GEN24_1039995","Yes","While in New Zealand"
"GEN24_1040001","Yes","Before arriving in New Zealand"
"GEN24_1040001","Yes","While in New Zealand"
"GEN24_1040014","Yes","Before arriving in New Zealand"
"GEN24_1040017","No",NA
"GEN24_1040019","Yes","Before arriving in New Zealand"
"GEN24_1040021","Yes","Before arriving in New Zealand"
"GEN24_1040022","Yes","I did not receive any information"
"GEN24_1040027","Yes","Before arriving in New Zealand"
"GEN24_1040031","Yes","While in New Zealand"
"GEN24_1040036","Yes","I did not receive any information"
"GEN24_1040037","Yes","I did not receive any information"
"GEN24_1040046","Yes","I did not receive any information"
"GEN24_1040050","No",NA
"GEN24_1040051","No",NA
"GEN24_1040055","Yes","I did not receive any information"
"GEN24_1040065","Yes","I did not receive any information"
"GEN24_1040070","No",NA
"GEN24_1040079","No",NA
"GEN24_1040081","Yes","Before arriving in New Zealand"
"GEN24_1040081","Yes","While in New Zealand"
"GEN24_1040082","Yes","I did not receive any information"
"GEN24_1040087","No",NA
"GEN24_1040089","Yes","Before arriving in New Zealand"
"GEN24_1040089","Yes","While in New Zealand"
"GEN24_1040101","Yes","Before arriving in New Zealand"
"GEN24_1040109","No",NA
"GEN24_1040111","Yes","Before arriving in New Zealand"
"GEN24_1040124","No",NA
"GEN24_1040126","Yes","I did not receive any information"
"GEN24_1040127","No",NA
"GEN24_1040128","Yes","Before arriving in New Zealand"
"GEN24_1040129","Yes","While in New Zealand"
"GEN24_1040166","Yes","While in New Zealand"
"GEN24_1040187","No",NA
"GEN24_1040189","Yes","While in New Zealand"
"GEN24_1040190","Yes","I did not receive any information"
"GEN24_1040205","Yes","Before arriving in New Zealand"
"GEN24_1040208","Yes","I did not receive any information"
"GEN24_1040209","Yes","Before arriving in New Zealand"
"GEN24_1040216","Yes","I did not receive any information"
"GEN24_1040230","No",NA
"GEN24_1040249","No",NA
"GEN24_1040252","Yes","I did not receive any information"
"GEN24_1040272","Yes","Before arriving in New Zealand"
"GEN24_1040277","Yes","While in New Zealand"
"GEN24_1040282","Yes","Before arriving in New Zealand"
"GEN24_1040283","No",NA
"GEN24_1040284","Yes","Before arriving in New Zealand"
"GEN24_1040284","Yes","While in New Zealand"
"GEN24_1040285","Yes","Before arriving in New Zealand"
"GEN24_1040285","Yes","While in New Zealand"
"GEN24_1040296","No",NA
"GEN24_1040299","No",NA
"GEN24_1040308","Yes","While in New Zealand"
"GEN24_1040332","Yes","Before arriving in New Zealand"
"GEN24_1040336","No",NA
"GEN24_1040337","Yes","I did not receive any information"
"GEN24_1040345","Yes","I did not receive any information"
"GEN24_1040347","Yes","I did not receive any information"
"GEN24_1040369","No",NA
"GEN24_1040371","No",NA
"GEN24_1040388","No",NA
"GEN24_1040394","No",NA
"GEN24_1040409","No",NA
"GEN24_1040418","Yes","Before arriving in New Zealand"
"GEN24_1040435","Yes","I did not receive any information"
"GEN24_1040439","Yes","While in New Zealand"
"GEN24_1040467","No",NA
"GEN24_1040474","Yes","Before arriving in New Zealand"
"GEN24_1040501","Yes","I did not receive any information"
"GEN24_1040515","Yes","I did not receive any information"
"GEN24_1040529","No",NA
"GEN24_1040537","No",NA
"GEN24_1040560","Yes","Before arriving in New Zealand"
"GEN24_1040560","Yes","While in New Zealand"
"GEN24_1040583","No",NA
"GEN24_1040589","No",NA
"GEN24_1040599","Yes","Before arriving in New Zealand"
"GEN24_1040606","Yes","I did not receive any information"
"GEN24_1040608","Yes","Before arriving in New Zealand"
"GEN24_1040615","No",NA
"GEN24_1040621","Yes","While in New Zealand"
"GEN24_1040642","Yes","I did not receive any information"
"GEN24_1040644","Yes","While in New Zealand"
"GEN24_1040659","Yes","Before arriving in New Zealand"
"GEN24_1040660","No",NA
"GEN24_1040664","No",NA
"GEN24_1040672","Yes","I did not receive any information"
"GEN24_1040673","Yes","Before arriving in New Zealand"
"GEN24_1040677","Yes","I did not receive any information"
"GEN24_1040680","No",NA
"GEN24_1040682","No",NA
"GEN24_1040688","Yes","I did not receive any information"
"GEN24_1040691","Yes","I did not receive any information"
"GEN24_1040693","Yes","Before arriving in New Zealand"
"GEN24_1040696","No",NA
"GEN24_1040699","Yes","Before arriving in New Zealand"
"GEN24_1040699","Yes","While in New Zealand"
"GEN24_1040707","Yes","While in New Zealand"
"GEN24_1040709","No",NA
"GEN24_1040732","No",NA
"GEN24_1040748","Yes","Before arriving in New Zealand"
"GEN24_1040754","Yes","I did not receive any information"
"GEN24_1040756","Yes","Before arriving in New Zealand"
"GEN24_1040756","Yes","While in New Zealand"
"GEN24_1040759","Yes","While in New Zealand"
"GEN24_1040760","Yes","While in New Zealand"
"GEN24_1040762","No",NA
"GEN24_1040763","Yes","Before arriving in New Zealand"
"GEN24_1040767","Yes","While in New Zealand"
"GEN24_1040768","Yes","Before arriving in New Zealand"
"GEN24_1040776","Yes","I did not receive any information"
"GEN24_1040785","Yes","Before arriving in New Zealand"
"GEN24_1040789","Yes","I did not receive any information"
"GEN24_1040791","Yes","Before arriving in New Zealand"
"GEN24_1040792","Yes","I did not receive any information"
"GEN24_1040795","Yes","Before arriving in New Zealand"
"GEN24_1040803","Yes","While in New Zealand"
"GEN24_1040804","Yes","Before arriving in New Zealand"
"GEN24_1040804","Yes","While in New Zealand"
"GEN24_1040814","No",NA
"GEN24_1040825","Yes","I did not receive any information"
"GEN24_1040829","No",NA
"GEN24_1040836","No",NA
"GEN24_1040837","Yes","Before arriving in New Zealand"
"GEN24_1040843","Yes","While in New Zealand"
"GEN24_1040861","Yes","Before arriving in New Zealand"
"GEN24_1040862","Yes","Before arriving in New Zealand"
"GEN24_1040863","Yes","Before arriving in New Zealand"
"GEN24_1040869","Yes","Before arriving in New Zealand"
"GEN24_1040871","No",NA
"GEN24_1040872","No",NA
"GEN24_1040873","Yes","While in New Zealand"
"GEN24_1040876","Yes","I did not receive any information"
"GEN24_1040878","No",NA
"GEN24_1040886","Yes","I did not receive any information"
"GEN24_1040891","No",NA
"GEN24_1040893","Yes","I did not receive any information"
"GEN24_1040894","No",NA
"GEN24_1040895","Yes","I did not receive any information"
"GEN24_1040896","No",NA
"GEN24_1040900","Yes","I did not receive any information"
"GEN24_1040908","Yes","Before arriving in New Zealand"
"GEN24_1040914","No",NA
"GEN24_1040924","Yes","Before arriving in New Zealand"
"GEN24_1040929","Yes","Before arriving in New Zealand"
"GEN24_1040939","Yes","I did not receive any information"
"GEN24_1040943","Yes","Before arriving in New Zealand"
"GEN24_1040943","Yes","While in New Zealand"
"GEN24_1040946","Yes","I did not receive any information"
"GEN24_1040979","Yes","Before arriving in New Zealand"
"GEN24_1040979","Yes","While in New Zealand"
"GEN24_1040986","No",NA
"GEN24_1040988","No",NA
"GEN24_1040993","Yes","Before arriving in New Zealand"
"GEN24_1040993","Yes","While in New Zealand"
"GEN24_1041008","Yes","I did not receive any information"
"GEN24_1041018","No",NA
"GEN24_1041023","No",NA
"GEN24_1041030","Yes","While in New Zealand"
"GEN24_1041031","Yes","I did not receive any information"
"GEN24_1041043","Yes","Before arriving in New Zealand"
"GEN24_1041080","Yes","While in New Zealand"
"GEN24_1041084","Yes","While in New Zealand"
"GEN24_1041094","Yes","While in New Zealand"
"GEN24_1041096","Yes","I did not receive any information"
"GEN24_1041097","Yes","I did not receive any information"
"GEN24_1041116","No",NA
"GEN24_1041126","Yes","Before arriving in New Zealand"
"GEN24_1041128","No",NA
"GEN24_1041140","No",NA
"GEN24_1041145","No",NA
"GEN24_1041152","Yes","I did not receive any information"
"GEN24_1041156","Yes","Before arriving in New Zealand"
"GEN24_1041159","Yes","I did not receive any information"
"GEN24_1041160","No",NA
"GEN24_1041161","No",NA
"GEN24_1041162","No",NA
"GEN24_1041168","No",NA
"GEN24_1041171","Yes","I did not receive any information"
"GEN24_1041181","Yes","While in New Zealand"
"GEN24_1041182","Yes","Before arriving in New Zealand"
"GEN24_1041199","Yes","Before arriving in New Zealand"
"GEN24_1041199","Yes","While in New Zealand"
"GEN24_1041201","Yes","Before arriving in New Zealand"
"GEN24_1041212","No",NA
"GEN24_1041213","Yes","I did not receive any information"
"GEN24_1041217","Yes","I did not receive any information"
"GEN24_1041225","Yes","I did not receive any information"
"GEN24_1041232","Yes","I did not receive any information"
"GEN24_1041246","Yes","I did not receive any information"
"GEN24_1041248","Yes","I did not receive any information"
"GEN24_1041251","No",NA
"GEN24_1041265","Yes","Before arriving in New Zealand"
"GEN24_1041265","Yes","While in New Zealand"
"GEN24_1041269","Yes","While in New Zealand"
"GEN24_1041276","Yes","I did not receive any information"
"GEN24_1041279","Yes","Before arriving in New Zealand"
"GEN24_1041280","Yes","While in New Zealand"
"GEN24_1041282","Yes","Before arriving in New Zealand"
"GEN24_1041284","Yes","Before arriving in New Zealand"
"GEN24_1041286","No",NA
"GEN24_1041290","Yes","While in New Zealand"
"GEN24_1041291","Yes","I did not receive any information"
"GEN24_1041292","Yes","Before arriving in New Zealand"
"GEN24_1041305","Yes","Before arriving in New Zealand"
"GEN24_1041308","No",NA
"GEN24_1041316","No",NA
"GEN24_1041329","Yes","Before arriving in New Zealand"
"GEN24_1041336","Yes","Before arriving in New Zealand"
"GEN24_1041339","Yes","While in New Zealand"
"GEN24_1041340","Yes","I did not receive any information"
"GEN24_1041346","No",NA
"GEN24_1041365","Yes","Before arriving in New Zealand"
"GEN24_1041365","Yes","While in New Zealand"
"GEN24_1041366","No",NA
"GEN24_1041374","Yes","Before arriving in New Zealand"
"GEN24_1041381","Yes","I did not receive any information"
"GEN24_1041383","Yes","I did not receive any information"
"GEN24_1041384","No",NA
"GEN24_1041391","Yes","I did not receive any information"
"GEN24_1041392","Yes","I did not receive any information"
"GEN24_1041400","Yes","While in New Zealand"
"GEN24_1041402","Yes","I did not receive any information"
"GEN24_1041408","Yes","I did not receive any information"
"GEN24_1041410","Yes","I did not receive any information"
"GEN24_1041421","No",NA
"GEN24_1041430","No",NA
"GEN24_1041432","Yes","Before arriving in New Zealand"
"GEN24_1041437","Yes","I did not receive any information"
"GEN24_1041450","No",NA
"GEN24_1041473","Yes","Before arriving in New Zealand"
"GEN24_1041485","No",NA
"GEN24_1041492","No",NA
"GEN24_1041499","Yes","Before arriving in New Zealand"
"GEN24_1041501","Yes","Before arriving in New Zealand"
"GEN24_1041502","Yes","Before arriving in New Zealand"
"GEN24_1041506","Yes","Before arriving in New Zealand"
"GEN24_1041527","Yes","Before arriving in New Zealand"
"GEN24_1041527","Yes","While in New Zealand"
"GEN24_1041541","Yes","Before arriving in New Zealand"
"GEN24_1041542","Yes","Before arriving in New Zealand"
"GEN24_1041565","Yes","Before arriving in New Zealand"
"GEN24_1041571","No",NA
"GEN24_1041572","No",NA
"GEN24_1041593","Yes","I did not receive any information"
"GEN24_1041603","Yes","Before arriving in New Zealand"
"GEN24_1041616","Yes","While in New Zealand"
"GEN24_1041631","No",NA
"GEN24_1041634","Yes","Before arriving in New Zealand"
"GEN24_1041652","Yes","I did not receive any information"
"GEN24_1041654","Yes","Before arriving in New Zealand"
"GEN24_1041654","Yes","While in New Zealand"
"GEN24_1041678","No",NA
"GEN24_1041684","No",NA
"GEN24_1041689","Yes","Before arriving in New Zealand"
"GEN24_1041689","Yes","While in New Zealand"
"GEN24_1041693","Yes","I did not receive any information"
"GEN24_1041703","Yes","I did not receive any information"
"GEN24_1041706","Yes","I did not receive any information"
"GEN24_1041712","Yes","Before arriving in New Zealand"
"GEN24_1041716","Yes","Before arriving in New Zealand"
"GEN24_1041728","Yes","I did not receive any information"
"GEN24_1041738","Yes","Before arriving in New Zealand"
"GEN24_1041738","Yes","While in New Zealand"
"GEN24_1041741","No",NA
"GEN24_1041745","Yes","I did not receive any information"
"GEN24_1041755","Yes","I did not receive any information"
"GEN24_1041760","Yes","I did not receive any information"
"GEN24_1041761","Yes","While in New Zealand"
"GEN24_1041766","Yes","While in New Zealand"
"GEN24_1041769","No",NA
"GEN24_1041785","Yes","I did not receive any information"
"GEN24_1041807","Yes","Before arriving in New Zealand"
"GEN24_1041812","No",NA
"GEN24_1041821","Yes","Before arriving in New Zealand"
"GEN24_1041821","Yes","While in New Zealand"
"GEN24_1041824","No",NA
"GEN24_1041825","No",NA
"GEN24_1041830","Yes","Before arriving in New Zealand"
"GEN24_1041831","Yes","Before arriving in New Zealand"
"GEN24_1041831","Yes","While in New Zealand"
"GEN24_1041834","Yes","Before arriving in New Zealand"
"GEN24_1041836","Yes","Before arriving in New Zealand"
"GEN24_1041836","Yes","While in New Zealand"
"GEN24_1041844","Yes","I did not receive any information"
"GEN24_1041848","Yes","Before arriving in New Zealand"
"GEN24_1041848","Yes","While in New Zealand"
"GEN24_1041851","Yes","Before arriving in New Zealand"
"GEN24_1041851","Yes","While in New Zealand"
"GEN24_1041868","Yes","Before arriving in New Zealand"
"GEN24_1041870","Yes","Before arriving in New Zealand"
"GEN24_1041871","No",NA
"GEN24_1041881","Yes","Before arriving in New Zealand"
"GEN24_1041886","Yes","While in New Zealand"
"GEN24_1041904","Yes","I did not receive any information"
"GEN24_1041906","Yes","I did not receive any information"
"GEN24_1041907","Yes","I did not receive any information"
"GEN24_1041908","Yes","Before arriving in New Zealand"
"GEN24_1041910","Yes","I did not receive any information"
"GEN24_1041911","Yes","While in New Zealand"
"GEN24_1041913","Yes","While in New Zealand"
"GEN24_1041916","Yes","Before arriving in New Zealand"
"GEN24_1041918","Yes","While in New Zealand"
"GEN24_1041925","No",NA
"GEN24_1041928","Yes","While in New Zealand"
"GEN24_1041942","Yes","I did not receive any information"
"GEN24_1041948","Yes","While in New Zealand"
"GEN24_1041952","Yes","I did not receive any information"
"GEN24_1041959","Yes","Before arriving in New Zealand"
"GEN24_1041962","No",NA
"GEN24_1041964","Yes","I did not receive any information"
"GEN24_1041965","Yes","Before arriving in New Zealand"
"GEN24_1041970","Yes","While in New Zealand"
"GEN24_1041971","Yes","While in New Zealand"
"GEN24_1041987","Yes","Before arriving in New Zealand"
"GEN24_1041989","No",NA
"GEN24_1041990","Yes","Before arriving in New Zealand"
"GEN24_1041990","Yes","While in New Zealand"
"GEN24_1042004","Yes","Before arriving in New Zealand"
"GEN24_1042009","No",NA
"GEN24_1042011","Yes","While in New Zealand"
"GEN24_1042016","No",NA
"GEN24_1042024","No",NA
"GEN24_1042025","Yes","Before arriving in New Zealand"
"GEN24_1042025","Yes","While in New Zealand"
"GEN24_1042026","Yes","Before arriving in New Zealand"
"GEN24_1042050","Yes","While in New Zealand"
"GEN24_1042055","No",NA
"GEN24_1042061","No",NA
"GEN24_1042099","Yes","While in New Zealand"
"GEN24_1042103","Yes","Before arriving in New Zealand"
"GEN24_1042107","Yes","Before arriving in New Zealand"
"GEN24_1042107","Yes","While in New Zealand"
"GEN24_1042109","No",NA
"GEN24_1042111","Yes","Before arriving in New Zealand"
"GEN24_1042116","Yes","While in New Zealand"
"GEN24_1042120","Yes","I did not receive any information"
"GEN24_1042122","Yes","Before arriving in New Zealand"
"GEN24_1042124","Yes","Before arriving in New Zealand"
"GEN24_1042124","Yes","While in New Zealand"
"GEN24_1042129","No",NA
"GEN24_1042130","Yes","I did not receive any information"
"GEN24_1042135","No",NA
"GEN24_1042138","Yes","While in New Zealand"
"GEN24_1042142","No",NA
"GEN24_1042148","No",NA
"GEN24_1042153","Yes","While in New Zealand"
"GEN24_1042157","Yes","I did not receive any information"
"GEN24_1042191","Yes","I did not receive any information"
"GEN24_1042193","Yes","Before arriving in New Zealand"
"GEN24_1042196","Yes","Before arriving in New Zealand"
"GEN24_1042198","Yes","I did not receive any information"
"GEN24_1042200","No",NA
"GEN24_1042201","Yes","Before arriving in New Zealand"
"GEN24_1042201","Yes","While in New Zealand"
"GEN24_1042202","Yes","I did not receive any information"
"GEN24_1042207","No",NA
"GEN24_1042210","No",NA
"GEN24_1042214","Yes","I did not receive any information"
"GEN24_1042234","No",NA
"GEN24_1042246","Yes","I did not receive any information"
"GEN24_1042247","Yes","Before arriving in New Zealand"
"GEN24_1042274","Yes","Before arriving in New Zealand"
"GEN24_1042277","Yes","While in New Zealand"
"GEN24_1042285","Yes","Before arriving in New Zealand"
"GEN24_1042299","Yes","While in New Zealand"
"GEN24_1042301","Yes","While in New Zealand"
"GEN24_1042309","Yes","Before arriving in New Zealand"
"GEN24_1042312","Yes","While in New Zealand"
"GEN24_1042316","No",NA
"GEN24_1042320","No",NA
"GEN24_1042330","Yes","Before arriving in New Zealand"
"GEN24_1042341","Yes","Before arriving in New Zealand"
"GEN24_1042345","Yes","I did not receive any information"
"GEN24_1042350","Yes","While in New Zealand"
"GEN24_1042361","Yes","I did not receive any information"
"GEN24_1042362","Yes","I did not receive any information"
"GEN24_1042368","No",NA
"GEN24_1042391","No",NA
"GEN24_1042410","No",NA
"GEN24_1042414","No",NA
"GEN24_1042415","Yes","I did not receive any information"
"GEN24_1042420","Yes","Before arriving in New Zealand"
"GEN24_1042426","Yes","I did not receive any information"
"GEN24_1042432","Yes","While in New Zealand"
"GEN24_1042439","Yes","I did not receive any information"
"GEN24_1042441","Yes","Before arriving in New Zealand"
"GEN24_1042448","Yes","I did not receive any information"
"GEN24_1042449","Yes","Before arriving in New Zealand"
"GEN24_1042481","Yes","Before arriving in New Zealand"
"GEN24_1042483","Yes","Before arriving in New Zealand"
"GEN24_1042483","Yes","While in New Zealand"
"GEN24_1042492","Yes","I did not receive any information"
"GEN24_1042493","Yes","Before arriving in New Zealand"
"GEN24_1042500","Yes","While in New Zealand"
"GEN24_1042505","Yes","Before arriving in New Zealand"
"GEN24_1042505","Yes","While in New Zealand"
"GEN24_1042531","Yes","I did not receive any information"
"GEN24_1042533","No",NA
"GEN24_1042537","Yes","I did not receive any information"
"GEN24_1042541","Yes","Before arriving in New Zealand"
"GEN24_1042556","Yes","Before arriving in New Zealand"
"GEN24_1042556","Yes","While in New Zealand"
"GEN24_1042557","Yes","Before arriving in New Zealand"
"GEN24_1042562","Yes","I did not receive any information"
"GEN24_1042574","Yes","Before arriving in New Zealand"
"GEN24_1042578","Yes","Before arriving in New Zealand"
"GEN24_1042610","Yes","Before arriving in New Zealand"
"GEN24_1042617","Yes","While in New Zealand"
"GEN24_1042624","Yes","I did not receive any information"
"GEN24_1042628","Yes","I did not receive any information"
"GEN24_1042630","Yes","Before arriving in New Zealand"
"GEN24_1042642","No",NA
"GEN24_1042648","Yes","Before arriving in New Zealand"
"GEN24_1042649","Yes","I did not receive any information"
"GEN24_1042655","No",NA
"GEN24_1042659","Yes","I did not receive any information"
"GEN24_1042665","Yes","Before arriving in New Zealand"
"GEN24_1042672","Yes","Before arriving in New Zealand"
"GEN24_1042672","Yes","While in New Zealand"
"GEN24_1042674","Yes","I did not receive any information"
"GEN24_1042686","Yes","I did not receive any information"
"GEN24_1042688","Yes","Before arriving in New Zealand"
"GEN24_1042708","Yes","I did not receive any information"
"GEN24_1042723","Yes","While in New Zealand"
"GEN24_1042735","No",NA
"GEN24_1042767","Yes","Before arriving in New Zealand"
"GEN24_1042775","Yes","Before arriving in New Zealand"
"GEN24_1042790","No",NA
"GEN24_1042791","Yes","While in New Zealand"
"GEN24_1042792","No",NA
"GEN24_1042800","Yes","While in New Zealand"
"GEN24_1042812","Yes","While in New Zealand"
"GEN24_1042820","Yes","I did not receive any information"
"GEN24_1042824","Yes","I did not receive any information"
"GEN24_1042825","No",NA
"GEN24_1042828","Yes","Before arriving in New Zealand"
"GEN24_1042828","Yes","While in New Zealand"
"GEN24_1042838","Yes","I did not receive any information"
"GEN24_1042842","Yes","Before arriving in New Zealand"
"GEN24_1042844","Yes","I did not receive any information"
"GEN24_1042850","No",NA
"GEN24_1042852","No",NA
"GEN24_1042854","Yes","Before arriving in New Zealand"
"GEN24_1042859","No",NA
"GEN24_1042867","Yes","Before arriving in New Zealand"
"GEN24_1042879","Yes","Before arriving in New Zealand"
"GEN24_1042884","Yes","While in New Zealand"
"GEN24_1042893","Yes","I did not receive any information"
"GEN24_1042897","Yes","Before arriving in New Zealand"
"GEN24_1042908","Yes","Before arriving in New Zealand"
"GEN24_1042911","No",NA
"GEN24_1042921","Yes","While in New Zealand"
"GEN24_1042928","Yes","Before arriving in New Zealand"
"GEN24_1042928","Yes","While in New Zealand"
"GEN24_1042932","No",NA
"GEN24_1042933","Yes","Before arriving in New Zealand"
"GEN24_1042935","Yes","While in New Zealand"
"GEN24_1042936","Yes","Before arriving in New Zealand"
"GEN24_1042936","Yes","While in New Zealand"
"GEN24_1042943","No",NA
"GEN24_1042960","No",NA
"GEN24_1042985","No",NA
"GEN24_1042995","No",NA
"GEN24_1042996","Yes","Before arriving in New Zealand"
"GEN24_1042996","Yes","While in New Zealand"
"GEN24_1043026","Yes","While in New Zealand"
"GEN24_1043039","Yes","Before arriving in New Zealand"
"GEN24_1043044","No",NA
"GEN24_1043045","Yes","Before arriving in New Zealand"
"GEN24_1043045","Yes","While in New Zealand"
"GEN24_1043047","No",NA
"GEN24_1043057","No",NA
"GEN24_1043058","Yes","I did not receive any information"
"GEN24_1043064","Yes","I did not receive any information"
"GEN24_1043065","Yes","I did not receive any information"
"GEN24_1043071","No",NA
"GEN24_1043073","Yes","Before arriving in New Zealand"
"GEN24_1043073","Yes","While in New Zealand"
"GEN24_1043082","Yes","Before arriving in New Zealand"
"GEN24_1043085","Yes","While in New Zealand"
"GEN24_1043090","Yes","I did not receive any information"
"GEN24_1043091","Yes","Before arriving in New Zealand"
"GEN24_1043092","Yes","I did not receive any information"
"GEN24_1043103","No",NA
"GEN24_1043107","No",NA
"GEN24_1043109","Yes","While in New Zealand"
"GEN24_1043130","Yes","Before arriving in New Zealand"
"GEN24_1043130","Yes","While in New Zealand"
"GEN24_1043131","Yes","Before arriving in New Zealand"
"GEN24_1043131","Yes","While in New Zealand"
"GEN24_1043134","No",NA
"GEN24_1043136","Yes","While in New Zealand"
"GEN24_1043137","Yes","Before arriving in New Zealand"
"GEN24_1043146","Yes","Before arriving in New Zealand"
"GEN24_1043149","Yes","While in New Zealand"
"GEN24_1043156","Yes","Before arriving in New Zealand"
"GEN24_1043174","Yes","Before arriving in New Zealand"
"GEN24_1043174","Yes","While in New Zealand"
"GEN24_1043176","No",NA
"GEN24_1043209","Yes","I did not receive any information"
"GEN24_1043213","Yes","While in New Zealand"
"GEN24_1043225","Yes","While in New Zealand"
"GEN24_1043233","Yes","Before arriving in New Zealand"
"GEN24_1043234","Yes","I did not receive any information"
"GEN24_1043236","No",NA
"GEN24_1043237","Yes","I did not receive any information"
"GEN24_1043238","Yes","Before arriving in New Zealand"
"GEN24_1043245","Yes","I did not receive any information"
"GEN24_1043274","Yes","I did not receive any information"
"GEN24_1043280","Yes","Before arriving in New Zealand"
"GEN24_1043286","Yes","I did not receive any information"
"GEN24_1043288","No",NA
"GEN24_1043297","No",NA
"GEN24_1043304","Yes","Before arriving in New Zealand"
"GEN24_1043307","Yes","Before arriving in New Zealand"
"GEN24_1043307","Yes","While in New Zealand"
"GEN24_1043308","Yes","I did not receive any information"
"GEN24_1043315","Yes","Before arriving in New Zealand"
"GEN24_1043317","Yes","I did not receive any information"
"GEN24_1043332","Yes","I did not receive any information"
"GEN24_1043350","Yes","Before arriving in New Zealand"
"GEN24_1043368","Yes","I did not receive any information"
"GEN24_1043377","Yes","I did not receive any information"
"GEN24_1043387","No",NA
"GEN24_1043398","No",NA
"GEN24_1043401","Yes","While in New Zealand"
"GEN24_1043403","Yes","I did not receive any information"
"GEN24_1043405","Yes","Before arriving in New Zealand"
"GEN24_1043405","Yes","While in New Zealand"
"GEN24_1043412","Yes","Before arriving in New Zealand"
"GEN24_1043421","Yes","While in New Zealand"
"GEN24_1043424","Yes","Before arriving in New Zealand"
"GEN24_1043424","Yes","While in New Zealand"
"GEN24_1043432","Yes","Before arriving in New Zealand"
"GEN24_1043432","Yes","While in New Zealand"
"GEN24_1043433","Yes","I did not receive any information"
"GEN24_1043442","No",NA
"GEN24_1043444","No",NA
"GEN24_1043452","Yes","I did not receive any information"
"GEN24_1043454","Yes","Before arriving in New Zealand"
"GEN24_1043470","No",NA
"GEN24_1043472","Yes","While in New Zealand"
"GEN24_1043481","No",NA
"GEN24_1043482","Yes","While in New Zealand"
"GEN24_1043484","Yes","Before arriving in New Zealand"
"GEN24_1043487","Yes","Before arriving in New Zealand"
"GEN24_1043487","Yes","While in New Zealand"
"GEN24_1043494","Yes","Before arriving in New Zealand"
"GEN24_1043505","Yes","I did not receive any information"
"GEN24_1043508","Yes","Before arriving in New Zealand"
"GEN24_1043513","Yes","I did not receive any information"
"GEN24_1043514","Yes","Before arriving in New Zealand"
"GEN24_1043527","No",NA
"GEN24_1043535","Yes","Before arriving in New Zealand"
"GEN24_1043536","Yes","Before arriving in New Zealand"
"GEN24_1043537","Yes","Before arriving in New Zealand"
"GEN24_1043538","Yes","While in New Zealand"
"GEN24_1043548","Yes","Before arriving in New Zealand"
"GEN24_1043551","Yes","I did not receive any information"
"GEN24_1043576","Yes","Before arriving in New Zealand"
"GEN24_1043576","Yes","While in New Zealand"
"GEN24_1043578","Yes","Before arriving in New Zealand"
"GEN24_1043578","Yes","While in New Zealand"
"GEN24_1043580","Yes","Before arriving in New Zealand"
"GEN24_1043592","Yes","I did not receive any information"
"GEN24_1043595","No",NA
"GEN24_1043597","No",NA
"GEN24_1043608","Yes","While in New Zealand"
"GEN24_1043677","Yes","Before arriving in New Zealand"
"GEN24_1043686","Yes","Before arriving in New Zealand"
"GEN24_1043692","Yes","Before arriving in New Zealand"
"GEN24_1043697","Yes","I did not receive any information"
"GEN24_1043706","No",NA
"GEN24_1043707","Yes","Before arriving in New Zealand"
"GEN24_1043708","Yes","Before arriving in New Zealand"
"GEN24_1043731","No",NA
"GEN24_1043738","Yes","I did not receive any information"
"GEN24_1043757","Yes","I did not receive any information"
"GEN24_1043763","Yes","I did not receive any information"
"GEN24_1043770","Yes","While in New Zealand"
"GEN24_1043771","No",NA
"GEN24_1043772","Yes","Before arriving in New Zealand"
"GEN24_1043773","Yes","Before arriving in New Zealand"
"GEN24_1043773","Yes","While in New Zealand"
"GEN24_1043782","Yes","Before arriving in New Zealand"
"GEN24_1043782","Yes","While in New Zealand"
"GEN24_1043788","Yes","Before arriving in New Zealand"
"GEN24_1043788","Yes","While in New Zealand"
"GEN24_1043793","Yes","Before arriving in New Zealand"
"GEN24_1043793","Yes","While in New Zealand"
"GEN24_1043803","Yes","I did not receive any information"
"GEN24_1043827","Yes","I did not receive any information"
"GEN24_1043831","Yes","While in New Zealand"
"GEN24_1043838","Yes","Before arriving in New Zealand"
"GEN24_1043838","Yes","While in New Zealand"
"GEN24_1043841","Yes","I did not receive any information"
"GEN24_1043886","No",NA
"GEN24_1043887","Can’t remember",NA
"GEN24_1043900","Yes","Before arriving in New Zealand"
"GEN24_1043924","No",NA
"GEN24_1043941","Yes","Before arriving in New Zealand"
"GEN24_1043971","No",NA
"GEN24_1043982","No",NA
"GEN24_1043991","No",NA
"GEN24_1043997","Yes","I did not receive any information"
"GEN24_1043998","Yes","I did not receive any information"
"GEN24_1044002","Yes","Before arriving in New Zealand"
"GEN24_1044004","Yes","I did not receive any information"
"GEN24_1044005","Yes","While in New Zealand"
"GEN24_1044006","No",NA
"GEN24_1044016","Yes","I did not receive any information"
"GEN24_1044018","No",NA
"GEN24_1044019","No",NA
"GEN24_1044020","No",NA
"GEN24_1044024","Yes","Before arriving in New Zealand"
"GEN24_1044024","Yes","While in New Zealand"
"GEN24_1044029","Yes","Before arriving in New Zealand"
"GEN24_1044029","Yes","While in New Zealand"
"GEN24_1044032","Yes","Before arriving in New Zealand"
"GEN24_1044033","Yes","Before arriving in New Zealand"
"GEN24_1044036","Yes","Before arriving in New Zealand"
"GEN24_1044036","Yes","While in New Zealand"
"GEN24_1044043","Yes","While in New Zealand"
"GEN24_1044047","Yes","Before arriving in New Zealand"
"GEN24_1044048","Yes","Before arriving in New Zealand"
"GEN24_1044048","Yes","While in New Zealand"
"GEN24_1044050","No",NA
"GEN24_1044051","Yes","I did not receive any information"
"GEN24_1044062","Yes","I did not receive any information"
"GEN24_1044073","Yes","Before arriving in New Zealand"
"GEN24_1044079","Yes","Before arriving in New Zealand"
"GEN24_1044080","Yes","Before arriving in New Zealand"
"GEN24_1044080","Yes","While in New Zealand"
"GEN24_1044098","Yes","I did not receive any information"
"GEN24_1044100","Yes","I did not receive any information"
"GEN24_1044107","Yes","I did not receive any information"
"GEN24_1044111","Yes","I did not receive any information"
"GEN24_1044120","Yes","While in New Zealand"
"GEN24_1044128","Yes","Before arriving in New Zealand"
"GEN24_1044131","Yes","Before arriving in New Zealand"
"GEN24_1044131","Yes","While in New Zealand"
"GEN24_1044132","No",NA
"GEN24_1044137","No",NA
"GEN24_1044143","Yes","Before arriving in New Zealand"
"GEN24_1044149","No",NA
"GEN24_1044152","Yes","While in New Zealand"
"GEN24_1044167","Yes","I did not receive any information"
"GEN24_1044168","No",NA
"GEN24_1044171","Yes","I did not receive any information"
"GEN24_1044174","Yes","Before arriving in New Zealand"
"GEN24_1044186","Yes","Before arriving in New Zealand"
"GEN24_1044186","Yes","While in New Zealand"
"GEN24_1044198","Yes","I did not receive any information"
"GEN24_1044203","No",NA
"GEN24_1044205","Yes","I did not receive any information"
"GEN24_1044216","Yes","Before arriving in New Zealand"
"GEN24_1044226","Yes","Before arriving in New Zealand"
"GEN24_1044232","Yes","While in New Zealand"
"GEN24_1044242","Yes","Before arriving in New Zealand"
"GEN24_1044248","Yes","Before arriving in New Zealand"
"GEN24_1044248","Yes","While in New Zealand"
"GEN24_1044252","Yes","Before arriving in New Zealand"
"GEN24_1044254","No",NA
"GEN24_1044266","Yes","Before arriving in New Zealand"
"GEN24_1044270","Yes","I did not receive any information"
"GEN24_1044278","Yes","Before arriving in New Zealand"
"GEN24_1044281","Yes","While in New Zealand"
"GEN24_1044287","Yes","Before arriving in New Zealand"
"GEN24_1044293","Yes","Before arriving in New Zealand"
"GEN24_1044302","Yes","I did not receive any information"
"GEN24_1044303","Yes","I did not receive any information"
"GEN24_1044322","No",NA
"GEN24_1044325","Yes","Before arriving in New Zealand"
"GEN24_1044327","Yes","Before arriving in New Zealand"
"GEN24_1044329","Yes","I did not receive any information"
"GEN24_1044332","Yes","I did not receive any information"
"GEN24_1044368","Yes","Before arriving in New Zealand"
"GEN24_1044368","Yes","While in New Zealand"
"GEN24_1044370","Yes","I did not receive any information"
"GEN24_1044373","Yes","Before arriving in New Zealand"
"GEN24_1044386","Yes","Before arriving in New Zealand"
"GEN24_1044388","Yes","Before arriving in New Zealand"
"GEN24_1044388","Yes","While in New Zealand"
"GEN24_1044397","Yes","Before arriving in New Zealand"
"GEN24_1044397","Yes","While in New Zealand"
"GEN24_1044398","Yes","Before arriving in New Zealand"
"GEN24_1044450","Yes","While in New Zealand"
"GEN24_1044454","Yes","Before arriving in New Zealand"
"GEN24_1044459","Yes","While in New Zealand"
"GEN24_1044460","Yes","Before arriving in New Zealand"
"GEN24_1044462","Yes","Before arriving in New Zealand"
"GEN24_1044479","Yes","While in New Zealand"
"GEN24_1044481","Yes","Before arriving in New Zealand"
"GEN24_1044483","Yes","While in New Zealand"
"GEN24_1044484","Yes","While in New Zealand"
"GEN24_1044490","Yes","While in New Zealand"
"GEN24_1044491","Yes","I did not receive any information"
"GEN24_1044498","Yes","Before arriving in New Zealand"
"GEN24_1044515","Yes","Before arriving in New Zealand"
"GEN24_1044518","No",NA
"GEN24_1044529","Yes","Before arriving in New Zealand"
"GEN24_1044533","Yes","While in New Zealand"
"GEN24_1044538","Yes","Before arriving in New Zealand"
"GEN24_1044548","Yes","I did not receive any information"
"GEN24_1044551","Yes","Before arriving in New Zealand"
"GEN24_1044551","Yes","While in New Zealand"
"GEN24_1044555","Yes","I did not receive any information"
"GEN24_1044561","Yes","Before arriving in New Zealand"
"GEN24_1044561","Yes","While in New Zealand"
"GEN24_1044566","Yes","Before arriving in New Zealand"
"GEN24_1044566","Yes","While in New Zealand"
"GEN24_1044571","Yes","Before arriving in New Zealand"
"GEN24_1044571","Yes","While in New Zealand"
"GEN24_1044576","Yes","Before arriving in New Zealand"
"GEN24_1044581","Yes","While in New Zealand"
"GEN24_1044589","Yes","I did not receive any information"
"GEN24_1044590","Yes","Before arriving in New Zealand"
"GEN24_1044590","Yes","While in New Zealand"
"GEN24_1044651","No",NA
"GEN24_1044652","Yes","I did not receive any information"
"GEN24_1044653","No",NA
"GEN24_1044666","No",NA
"GEN24_1044676","No",NA
"GEN24_1044693","No",NA
"GEN24_1044708","No",NA
"GEN24_1044709","Yes","While in New Zealand"
"GEN24_1044723","Yes","I did not receive any information"
"GEN24_1044751","Yes","Before arriving in New Zealand"
"GEN24_1044766","Yes","While in New Zealand"
"GEN24_1044775","Yes","Before arriving in New Zealand"
"GEN24_1044777","Yes","Before arriving in New Zealand"
"GEN24_1044786","Yes","I did not receive any information"
"GEN24_1044797","Yes","I did not receive any information"
"GEN24_1044811","Yes","While in New Zealand"
"GEN24_1044843","Yes","I did not receive any information"
"GEN24_1044850","No",NA
"GEN24_1044851","Yes","While in New Zealand"
"GEN24_1044856","Yes","Before arriving in New Zealand"
"GEN24_1044859","No",NA
"GEN24_1044869","No",NA
"GEN24_1044910","Yes","Before arriving in New Zealand"
"GEN24_1044910","Yes","While in New Zealand"
"GEN24_1044913","Yes","I did not receive any information"
"GEN24_1044915","No",NA
"GEN24_1044925","Yes","Before arriving in New Zealand"
"GEN24_1044925","Yes","While in New Zealand"
"GEN24_1044930","Yes","I did not receive any information"
"GEN24_1044934","Yes","Before arriving in New Zealand"
"GEN24_1044934","Yes","While in New Zealand"
"GEN24_1044943","Yes","Before arriving in New Zealand"
"GEN24_1044970","No",NA
"GEN24_1044972","Yes","Before arriving in New Zealand"
"GEN24_1044978","Yes","Before arriving in New Zealand"
"GEN24_1044987","Yes","I did not receive any information"
"GEN24_1045001","No",NA
"GEN24_1045016","Yes","While in New Zealand"
"GEN24_1045027","Yes","Before arriving in New Zealand"
"GEN24_1045027","Yes","While in New Zealand"
"GEN24_1045029","Yes","While in New Zealand"
"GEN24_1045042","Yes","Before arriving in New Zealand"
"GEN24_1045044","Yes","Before arriving in New Zealand"
"GEN24_1045045","No",NA
"GEN24_1045049","Yes","Before arriving in New Zealand"
"GEN24_1045049","Yes","While in New Zealand"
"GEN24_1045058","No",NA
"GEN24_1045068","No",NA
"GEN24_1045073","Yes","Before arriving in New Zealand"
"GEN24_1045073","Yes","While in New Zealand"
"GEN24_1045074","Yes","Before arriving in New Zealand"
"GEN24_1045080","Yes","While in New Zealand"
"GEN24_1045087","Yes","I did not receive any information"
"GEN24_1045089","Yes","Before arriving in New Zealand"
"GEN24_1045090","Yes","Before arriving in New Zealand"
"GEN24_1045090","Yes","While in New Zealand"
"GEN24_1045092","Yes","I did not receive any information"
"GEN24_1045099","Yes","Before arriving in New Zealand"
"GEN24_1045100","Yes","Before arriving in New Zealand"
"GEN24_1045116","Yes","I did not receive any information"
"GEN24_1045122","No",NA
"GEN24_1045125","Yes","Before arriving in New Zealand"
"GEN24_1045135","Yes","Before arriving in New Zealand"
"GEN24_1045145","Yes","Before arriving in New Zealand"
"GEN24_1045145","Yes","While in New Zealand"
"GEN24_1045147","Yes","Before arriving in New Zealand"
"GEN24_1045154","Yes","Before arriving in New Zealand"
"GEN24_1045154","Yes","While in New Zealand"
"GEN24_1045156","Yes","I did not receive any information"
"GEN24_1045162","Yes","While in New Zealand"
"GEN24_1045163","Yes","I did not receive any information"
"GEN24_1045172","No",NA
"GEN24_1045173","No",NA
"GEN24_1045176","Yes","Before arriving in New Zealand"
"GEN24_1045182","No",NA
"GEN24_1045189","Yes","I did not receive any information"
"GEN24_1045201","Yes","Before arriving in New Zealand"
"GEN24_1045201","Yes","While in New Zealand"
"GEN24_1045203","No",NA
"GEN24_1045213","Yes","I did not receive any information"
"GEN24_1045231","Yes","While in New Zealand"
"GEN24_1045233","Yes","While in New Zealand"
"GEN24_1045252","Yes","While in New Zealand"
"GEN24_1045262","Yes","Before arriving in New Zealand"
"GEN24_1045268","No",NA
"GEN24_1045279","Yes","I did not receive any information"
"GEN24_1045280","Yes","I did not receive any information"
"GEN24_1045281","Yes","I did not receive any information"
"GEN24_1045285","Yes","I did not receive any information"
"GEN24_1045324","Yes","I did not receive any information"
"GEN24_1045328","No",NA
"GEN24_1045331","Yes","Before arriving in New Zealand"
"GEN24_1045340","Yes","Before arriving in New Zealand"
"GEN24_1045347","Yes","I did not receive any information"
"GEN24_1045355","Yes","Before arriving in New Zealand"
"GEN24_1045363","No",NA
"GEN24_1045365","No",NA
"GEN24_1045366","Yes","I did not receive any information"
"GEN24_1045374","Yes","I did not receive any information"
"GEN24_1045381","Yes","I did not receive any information"
"GEN24_1045389","Yes","Before arriving in New Zealand"
"GEN24_1045432","Yes","I did not receive any information"
"GEN24_1045467","Yes","While in New Zealand"
"GEN24_1045475","Yes","Before arriving in New Zealand"
"GEN24_1045476","No",NA
"GEN24_1045481","Yes","Before arriving in New Zealand"
"GEN24_1045481","Yes","While in New Zealand"
"GEN24_1045487","Yes","Before arriving in New Zealand"
"GEN24_1045491","Yes","I did not receive any information"
"GEN24_1045496","Yes","I did not receive any information"
"GEN24_1045518","No",NA
"GEN24_1045522","Yes","Before arriving in New Zealand"
"GEN24_1045536","Yes","I did not receive any information"
"GEN24_1045537","No",NA
"GEN24_1045544","No",NA
"GEN24_1045548","No",NA
"GEN24_1045564","No",NA
"GEN24_1045593","Yes","Before arriving in New Zealand"
"GEN24_1045599","Yes","Before arriving in New Zealand"
"GEN24_1045602","No",NA
"GEN24_1045626","Yes","Before arriving in New Zealand"
"GEN24_1045626","Yes","While in New Zealand"
"GEN24_1045629","Yes","Before arriving in New Zealand"
"GEN24_1045640","Yes","I did not receive any information"
"GEN24_1045641","Yes","Before arriving in New Zealand"
"GEN24_1045649","No",NA
"GEN24_1045668","No",NA
"GEN24_1045683","Yes","Before arriving in New Zealand"
"GEN24_1045694","Yes","While in New Zealand"
"GEN24_1045695","Yes","While in New Zealand"
"GEN24_1045696","Yes","While in New Zealand"
"GEN24_1045700","Yes","Before arriving in New Zealand"
"GEN24_1045710","No",NA
"GEN24_1045712","Yes","While in New Zealand"
"GEN24_1045718","No",NA
"GEN24_1045722","No",NA
"GEN24_1045723","Yes","Before arriving in New Zealand"
"GEN24_1045723","Yes","While in New Zealand"
"GEN24_1045726","Yes","Before arriving in New Zealand"
"GEN24_1045729","Yes","Before arriving in New Zealand"
"GEN24_1045757","Yes","Before arriving in New Zealand"
"GEN24_1045766","No",NA
"GEN24_1045771","No",NA
"GEN24_1045780","No",NA
"GEN24_1045782","Yes","I did not receive any information"
"GEN24_1045791","Yes","While in New Zealand"
"GEN24_1045792","Yes","While in New Zealand"
"GEN24_1045793","Yes","Before arriving in New Zealand"
"GEN24_1045796","Yes","While in New Zealand"
"GEN24_1045798","Yes","Before arriving in New Zealand"
"GEN24_1045798","Yes","While in New Zealand"
"GEN24_1045814","No",NA
"GEN24_1045828","Yes","While in New Zealand"
"GEN24_1045863","Yes","Before arriving in New Zealand"
"GEN24_1045868","Yes","I did not receive any information"
"GEN24_1045870","Yes","I did not receive any information"
"GEN24_1045873","Yes","Before arriving in New Zealand"
"GEN24_1045880","No",NA
"GEN24_1045881","No",NA
"GEN24_1045886","No",NA
"GEN24_1045892","Yes","I did not receive any information"
"GEN24_1045895","No",NA
"GEN24_1045896","No",NA
"GEN24_1045900","Yes","While in New Zealand"
"GEN24_1045906","Yes","I did not receive any information"
"GEN24_1045907","No",NA
"GEN24_1045909","Yes","Before arriving in New Zealand"
"GEN24_1045925","No",NA
"GEN24_1045943","No",NA
"GEN24_1045945","Yes","I did not receive any information"
"GEN24_1045946","No",NA
"GEN24_1045951","No",NA
"GEN24_1045962","Yes","While in New Zealand"
"GEN24_1045965","Yes","Before arriving in New Zealand"
"GEN24_1045970","Yes","Before arriving in New Zealand"
"GEN24_1045972","Yes","Before arriving in New Zealand"
"GEN24_1045973","Yes","Before arriving in New Zealand"
"GEN24_1045974","Yes","Before arriving in New Zealand"
"GEN24_1045974","Yes","While in New Zealand"
"GEN24_1045992","No",NA
"GEN24_1046002","No",NA
"GEN24_1046010","Yes","I did not receive any information"
"GEN24_1046011","Yes","Before arriving in New Zealand"
"GEN24_1046011","Yes","While in New Zealand"
"GEN24_1046015","Yes","While in New Zealand"
"GEN24_1046018","Yes","While in New Zealand"
"GEN24_1046022","Yes","While in New Zealand"
"GEN24_1046026","Yes","I did not receive any information"
"GEN24_1046028","Yes","I did not receive any information"
"GEN24_1046030","Yes","Before arriving in New Zealand"
"GEN24_1046030","Yes","While in New Zealand"
"GEN24_1046040","Yes","I did not receive any information"
"GEN24_1046057","Yes","Before arriving in New Zealand"
"GEN24_1046073","Yes","Before arriving in New Zealand"
"GEN24_1046090","No",NA
"GEN24_1046102","No",NA
"GEN24_1046110","Yes","While in New Zealand"
"GEN24_1046111","No",NA
"GEN24_1046114","No",NA
"GEN24_1046123","Yes","While in New Zealand"
"GEN24_1046124","No",NA
"GEN24_1046144","No",NA
"GEN24_1046152","Yes","Before arriving in New Zealand"
"GEN24_1046160","Yes","Before arriving in New Zealand"
"GEN24_1046161","Yes","I did not receive any information"
"GEN24_1046166","Yes","I did not receive any information"
"GEN24_1046169","Yes","Before arriving in New Zealand"
"GEN24_1046169","Yes","While in New Zealand"
"GEN24_1046171","Yes","I did not receive any information"
"GEN24_1046172","Yes","Before arriving in New Zealand"
"GEN24_1046173","Yes","While in New Zealand"
"GEN24_1046178","Yes","I did not receive any information"
"GEN24_1046184","Yes","I did not receive any information"
"GEN24_1046197","No",NA
"GEN24_1046209","Yes","Before arriving in New Zealand"
"GEN24_1046217","Yes","Before arriving in New Zealand"
"GEN24_1046219","Yes","While in New Zealand"
"GEN24_1046221","Yes","Before arriving in New Zealand"
"GEN24_1046228","Yes","Before arriving in New Zealand"
"GEN24_1046233","Yes","Before arriving in New Zealand"
"GEN24_1046242","Yes","I did not receive any information"
"GEN24_1046258","Yes","While in New Zealand"
"GEN24_1046259","No",NA
"GEN24_1046261","Yes","Before arriving in New Zealand"
"GEN24_1046265","Yes","I did not receive any information"
"GEN24_1046274","Yes","While in New Zealand"
"GEN24_1046285","No",NA
"GEN24_1046287","Yes","I did not receive any information"
"GEN24_1046290","No",NA
"GEN24_1046295","Yes","Before arriving in New Zealand"
"GEN24_1046304","Yes","I did not receive any information"
"GEN24_1046305","No",NA
"GEN24_1046307","Yes","I did not receive any information"
"GEN24_1046312","Yes","I did not receive any information"
"GEN24_1046316","No",NA
"GEN24_1046332","Yes","While in New Zealand"
"GEN24_1046345","No",NA
"GEN24_1046353","Yes","I did not receive any information"
"GEN24_1046356","Yes","Before arriving in New Zealand"
"GEN24_1046360","Yes","Before arriving in New Zealand"
"GEN24_1046363","No",NA
"GEN24_1046367","Yes","Before arriving in New Zealand"
"GEN24_1046381","Yes","I did not receive any information"
"GEN24_1046382","Yes","Before arriving in New Zealand"
"GEN24_1046385","Yes","I did not receive any information"
"GEN24_1046389","Yes","Before arriving in New Zealand"
"GEN24_1046389","Yes","While in New Zealand"
"GEN24_1046391","No",NA
"GEN24_1046400","No",NA
"GEN24_1046425","Yes","I did not receive any information"
"GEN24_1046432","Yes","Before arriving in New Zealand"
"GEN24_1046432","Yes","While in New Zealand"
"GEN24_1046434","Yes","Before arriving in New Zealand"
"GEN24_1046437","Yes","While in New Zealand"
"GEN24_1046458","Yes","Before arriving in New Zealand"
"GEN24_1046472","No",NA
"GEN24_1046477","No",NA
"GEN24_1046484","No",NA
"GEN24_1046525","Yes","While in New Zealand"
"GEN24_1046527","Yes","Before arriving in New Zealand"
"GEN24_1046530","No",NA
"GEN24_1046540","Yes","I did not receive any information"
"GEN24_1046543","No",NA
"GEN24_1046547","Yes","I did not receive any information"
"GEN24_1046550","Yes","Before arriving in New Zealand"
"GEN24_1046562","Yes","Before arriving in New Zealand"
"GEN24_1046562","Yes","While in New Zealand"
"GEN24_1046563","Yes","I did not receive any information"
"GEN24_1046564","Yes","I did not receive any information"
"GEN24_1046565","Yes","I did not receive any information"
"GEN24_1046576","No",NA
"GEN24_1046581","Yes","I did not receive any information"
"GEN24_1046588","Yes","I did not receive any information"
"GEN24_1046589","Yes","I did not receive any information"
"GEN24_1046591","Yes","Before arriving in New Zealand"
"GEN24_1046593","Yes","I did not receive any information"
"GEN24_1046603","Yes","Before arriving in New Zealand"
"GEN24_1046614","Yes","I did not receive any information"
"GEN24_1046621","Yes","Before arriving in New Zealand"
"GEN24_1046628","No",NA
"GEN24_1046630","No",NA
"GEN24_1046643","No",NA
"GEN24_1046644","No",NA
"GEN24_1046678","No",NA
"GEN24_1046687","No",NA
"GEN24_1046691","Yes","Before arriving in New Zealand"
"GEN24_1046692","Yes","I did not receive any information"
"GEN24_1046704","Yes","I did not receive any information"
"GEN24_1046708","Yes","Before arriving in New Zealand"
"GEN24_1046713","Yes","I did not receive any information"
"GEN24_1046715","Yes","I did not receive any information"
"GEN24_1046725","Yes","I did not receive any information"
"GEN24_1046740","Yes","While in New Zealand"
"GEN24_1046743","Yes","I did not receive any information"
"GEN24_1046749","No",NA
"GEN24_1046752","No",NA
"GEN24_1046753","Yes","While in New Zealand"
"GEN24_1046754","Yes","Before arriving in New Zealand"
"GEN24_1046757","Yes","I did not receive any information"
"GEN24_1046761","Yes","I did not receive any information"
"GEN24_1046762","No",NA
"GEN24_1046767","Yes","I did not receive any information"
"GEN24_1046769","No",NA
"GEN24_1046775","Yes","I did not receive any information"
"GEN24_1046791","Yes","Before arriving in New Zealand"
"GEN24_1046793","Yes","Before arriving in New Zealand"
"GEN24_1046796","Yes","I did not receive any information"
"GEN24_1046797","No",NA
"GEN24_1046798","No",NA
"GEN24_1046800","Yes","I did not receive any information"
"GEN24_1046802","Yes","While in New Zealand"
"GEN24_1046804","No",NA
"GEN24_1046818","Yes","Before arriving in New Zealand"
"GEN24_1046841","Yes","Before arriving in New Zealand"
"GEN24_1046842","Yes","While in New Zealand"
"GEN24_1046843","No",NA
"GEN24_1046844","Yes","I did not receive any information"
"GEN24_1046850","Yes","Before arriving in New Zealand"
"GEN24_1046872","No",NA
"GEN24_1046889","Yes","While in New Zealand"
"GEN24_1046900","Yes","I did not receive any information"
"GEN24_1046902","No",NA
"GEN24_1046913","No",NA
"GEN24_1046923","Yes","I did not receive any information"
"GEN24_1046926","No",NA
"GEN24_1046928","Yes","I did not receive any information"
"GEN24_1046930","No",NA
"GEN24_1046938","No",NA
"GEN24_1046942","No",NA
"GEN24_1046957","No",NA
"GEN24_1046960","Yes","Before arriving in New Zealand"
"GEN24_1046961","No",NA
"GEN24_1046974","Yes","Before arriving in New Zealand"
"GEN24_1046976","No",NA
"GEN24_1046978","Yes","Before arriving in New Zealand"
"GEN24_1046980","No",NA
"GEN24_1046981","Yes","Before arriving in New Zealand"
"GEN24_1046981","Yes","While in New Zealand"
"GEN24_1046992","Yes","Before arriving in New Zealand"
"GEN24_1046994","No",NA
"GEN24_1047000","Yes","Before arriving in New Zealand"
"GEN24_1047009","Yes","While in New Zealand"
"GEN24_1047014","Yes","I did not receive any information"
"GEN24_1047019","Yes","While in New Zealand"
"GEN24_1047023","Yes","While in New Zealand"
"GEN24_1047026","No",NA
"GEN24_1047037","No",NA
"GEN24_1047039","Yes","I did not receive any information"
"GEN24_1047047","Yes","While in New Zealand"
"GEN24_1047048","No",NA
"GEN24_1047049","Yes","Before arriving in New Zealand"
"GEN24_1047050","Yes","Before arriving in New Zealand"
"GEN24_1047060","Yes","While in New Zealand"
"GEN24_1047061","Yes","I did not receive any information"
"GEN24_1047063","No",NA
"GEN24_1047072","Yes","While in New Zealand"
"GEN24_1047074","Yes","I did not receive any information"
"GEN24_1047076","Yes","I did not receive any information"
"GEN24_1047078","Yes","I did not receive any information"
"GEN24_1047080","Yes","Before arriving in New Zealand"
"GEN24_1047080","Yes","While in New Zealand"
"GEN24_1047083","Yes","While in New Zealand"
"GEN24_1047092","No",NA
"GEN24_1047094","Yes","I did not receive any information"
"GEN24_1047101","Yes","I did not receive any information"
"GEN24_1047108","Yes","Before arriving in New Zealand"
"GEN24_1047118","No",NA
"GEN24_1047131","No",NA
"GEN24_1047136","Yes","Before arriving in New Zealand"
"GEN24_1047136","Yes","While in New Zealand"
"GEN24_1047141","Yes","Before arriving in New Zealand"
"GEN24_1047144","Yes","Before arriving in New Zealand"
"GEN24_1047147","No",NA
"GEN24_1047152","Yes","I did not receive any information"
"GEN24_1047156","Yes","I did not receive any information"
"GEN24_1047158","No",NA
"GEN24_1047163","Yes","I did not receive any information"
"GEN24_1047164","Yes","I did not receive any information"
"GEN24_1047170","Yes","While in New Zealand"
"GEN24_1047173","No",NA
"GEN24_1047176","Yes","While in New Zealand"
"GEN24_1047181","Yes","While in New Zealand"
"GEN24_1047186","Yes","I did not receive any information"
"GEN24_1047187","Yes","Before arriving in New Zealand"
"GEN24_1047188","Yes","I did not receive any information"
"GEN24_1047189","Yes","Before arriving in New Zealand"
"GEN24_1047191","No",NA
"GEN24_1047193","Yes","Before arriving in New Zealand"
"GEN24_1047195","Yes","I did not receive any information"
"GEN24_1047197","No",NA
"GEN24_1047208","Yes","I did not receive any information"
"GEN24_1047209","No",NA
"GEN24_1047211","No",NA
"GEN24_1047213","Yes","I did not receive any information"
"GEN24_1047218","Yes","I did not receive any information"
"GEN24_1047220","Yes","I did not receive any information"
"GEN24_1047221","No",NA
"GEN24_1047222","Yes","I did not receive any information"
"GEN24_1047225","No",NA
"GEN24_1047232","No",NA
"GEN24_1047233","No",NA
"GEN24_1047238","No",NA
"GEN24_1047253","Yes","I did not receive any information"
"GEN24_1047261","Yes","While in New Zealand"
"GEN24_1047262","Yes","While in New Zealand"
"GEN24_1047266","Yes","I did not receive any information"
"GEN24_1047271","Yes","While in New Zealand"
"GEN24_1047282","Yes","I did not receive any information"
"GEN24_1047284","No",NA
"GEN24_1047285","Yes","Before arriving in New Zealand"
"GEN24_1047295","Yes","While in New Zealand"
"GEN24_1047298","Yes","I did not receive any information"
"GEN24_1047300","Yes","I did not receive any information"
"GEN24_1047305","No",NA
"GEN24_1047308","Yes","While in New Zealand"
"GEN24_1047325","No",NA
"GEN24_1047359","Yes","While in New Zealand"
"GEN24_1047361","Yes","Before arriving in New Zealand"
"GEN24_1047373","Yes","I did not receive any information"
"GEN24_1047375","Yes","Before arriving in New Zealand"
"GEN24_1047375","Yes","While in New Zealand"
"GEN24_1047386","Yes","I did not receive any information"
"GEN24_1047388","Yes","I did not receive any information"
"GEN24_1047394","Yes","I did not receive any information"
"GEN24_1047396","Yes","While in New Zealand"
"GEN24_1047404","Yes","Before arriving in New Zealand"
"GEN24_1047417","Yes","Before arriving in New Zealand"
"GEN24_1047418","Yes","I did not receive any information"
"GEN24_1047427","No",NA
"GEN24_1047428","Yes","While in New Zealand"
"GEN24_1047430","Yes","Before arriving in New Zealand"
"GEN24_1047430","Yes","While in New Zealand"
"GEN24_1047432","Yes","Before arriving in New Zealand"
"GEN24_1047432","Yes","While in New Zealand"
"GEN24_1047438","Yes","Before arriving in New Zealand"
"GEN24_1047440","Yes","Before arriving in New Zealand"
"GEN24_1047445","No",NA
"GEN24_1047453","Yes","Before arriving in New Zealand"
"GEN24_1047454","No",NA
"GEN24_1047456","Yes","I did not receive any information"
"GEN24_1047459","No",NA
"GEN24_1047460","Yes","While in New Zealand"
"GEN24_1047462","Yes","Before arriving in New Zealand"
"GEN24_1047466","Yes","I did not receive any information"
"GEN24_1047467","Yes","While in New Zealand"
"GEN24_1047470","Yes","While in New Zealand"
"GEN24_1047481","Yes","While in New Zealand"
"GEN24_1047486","Yes","While in New Zealand"
"GEN24_1047490","Yes","I did not receive any information"
"GEN24_1047493","No",NA
"GEN24_1047497","No",NA
"GEN24_1047500","No",NA
"GEN24_1047517","Yes","I did not receive any information"
"GEN24_1047518","Yes","While in New Zealand"
"GEN24_1047528","Yes","I did not receive any information"
"GEN24_1047530","No",NA
"GEN24_1047536","Yes","I did not receive any information"
"GEN24_1047558","Yes","While in New Zealand"
"GEN24_1047581","No",NA
"GEN24_1047588","No",NA
"GEN24_1047602","No",NA
"GEN24_1047607","No",NA
"GEN24_1047633","Yes","I did not receive any information"
"GEN24_1047646","Yes","While in New Zealand"
"GEN24_1047662","No",NA
"GEN24_1047665","Yes","I did not receive any information"
"GEN24_1047669","No",NA
"GEN24_1047687","No",NA
"GEN24_1047708","No",NA
"GEN24_1047709","Yes","Before arriving in New Zealand"
"GEN24_1047720","Yes","While in New Zealand"
"GEN24_1047721","Yes","Before arriving in New Zealand"
"GEN24_1047725","Yes","While in New Zealand"
"GEN24_1047727","Yes","While in New Zealand"
"GEN24_1047729","Yes","I did not receive any information"
"GEN24_1047730","Yes","Before arriving in New Zealand"
"GEN24_1047732","Yes","I did not receive any information"
"GEN24_1047739","No",NA
"GEN24_1047740","Yes","I did not receive any information"
"GEN24_1047752","Yes","Before arriving in New Zealand"
"GEN24_1047766","Yes","While in New Zealand"
"GEN24_1047767","No",NA
"GEN24_1047774","Yes","I did not receive any information"
"GEN24_1047776","No",NA
"GEN24_1047784","Yes","Before arriving in New Zealand"
"GEN24_1047784","Yes","While in New Zealand"
"GEN24_1047785","No",NA
"GEN24_1047786","Yes","I did not receive any information"
"GEN24_1047789","Yes","I did not receive any information"
"GEN24_1047795","Yes","I did not receive any information"
"GEN24_1047820","No",NA
"GEN24_1047830","Yes","Before arriving in New Zealand"
"GEN24_1047831","No",NA
"GEN24_1047844","Yes","I did not receive any information"
"GEN24_1047854","Yes","I did not receive any information"
"GEN24_1047855","Yes","I did not receive any information"
"GEN24_1047867","Yes","I did not receive any information"
"GEN24_1047869","Yes","While in New Zealand"
"GEN24_1047876","Yes","I did not receive any information"
"GEN24_1047877","Yes","I did not receive any information"
"GEN24_1047888","Yes","Before arriving in New Zealand"
"GEN24_1047895","Yes","Before arriving in New Zealand"
"GEN24_1047895","Yes","While in New Zealand"
"GEN24_1047927","Yes","I did not receive any information"
"GEN24_1047929","Yes","Before arriving in New Zealand"
"GEN24_1047934","Yes","Before arriving in New Zealand"
"GEN24_1047934","Yes","While in New Zealand"
"GEN24_1047937","Yes","I did not receive any information"
"GEN24_1047946","Yes","I did not receive any information"
"GEN24_1047947","Yes","I did not receive any information"
"GEN24_1047948","Yes","While in New Zealand"
"GEN24_1047955","Yes","While in New Zealand"
"GEN24_1047966","No",NA
"GEN24_1047972","No",NA
"GEN24_1047986","No",NA
"GEN24_1047994","No",NA
"GEN24_1048013","Yes","Before arriving in New Zealand"
"GEN24_1048016","Yes","While in New Zealand"
"GEN24_1048020","Yes","Before arriving in New Zealand"
"GEN24_1048024","No",NA
"GEN24_1048025","Yes","I did not receive any information"
"GEN24_1048026","No",NA
"GEN24_1048027","Yes","I did not receive any information"
"GEN24_1048034","Yes","Before arriving in New Zealand"
"GEN24_1048035","Yes","I did not receive any information"
"GEN24_1048047","No",NA
"GEN24_1048052","Yes","While in New Zealand"
"GEN24_1048061","Yes","I did not receive any information"
"GEN24_1048064","Yes","While in New Zealand"
"GEN24_1048068","Yes","I did not receive any information"
"GEN24_1048071","Yes","Before arriving in New Zealand"
"GEN24_1048072","No",NA
"GEN24_1048078","No",NA
"GEN24_1048080","Yes","I did not receive any information"
"GEN24_1048083","Yes","Before arriving in New Zealand"
"GEN24_1048085","Yes","I did not receive any information"
"GEN24_1048087","Yes","Before arriving in New Zealand"
"GEN24_1048089","Yes","I did not receive any information"
"GEN24_1048090","Yes","Before arriving in New Zealand"
"GEN24_1048103","Yes","While in New Zealand"
"GEN24_1048104","Yes","Before arriving in New Zealand"
"GEN24_1048104","Yes","While in New Zealand"
"GEN24_1048105","Yes","While in New Zealand"
"GEN24_1048128","Yes","I did not receive any information"
"GEN24_1048135","No",NA
"GEN24_1048151","Yes","Before arriving in New Zealand"
"GEN24_1048154","No",NA
"GEN24_1048162","Yes","Before arriving in New Zealand"
"GEN24_1048162","Yes","While in New Zealand"
"GEN24_1048163","Yes","While in New Zealand"
"GEN24_1048164","No",NA
"GEN24_1048167","Yes","Before arriving in New Zealand"
"GEN24_1048168","Yes","Before arriving in New Zealand"
"GEN24_1048169","Yes","I did not receive any information"
"GEN24_1048215","Yes","Before arriving in New Zealand"
"GEN24_1048215","Yes","While in New Zealand"
"GEN24_1048221","Yes","Before arriving in New Zealand"
"GEN24_1048221","Yes","While in New Zealand"
"GEN24_1048226","Yes","I did not receive any information"
"GEN24_1048227","No",NA
"GEN24_1048248","Yes","Before arriving in New Zealand"
"GEN24_1048265","Yes","I did not receive any information"
"GEN24_1048267","No",NA
"GEN24_1048269","No",NA
"GEN24_1048275","No",NA
"GEN24_1048276","Yes","I did not receive any information"
"GEN24_1048282","Yes","I did not receive any information"
"GEN24_1048284","No",NA
"GEN24_1048295","Yes","I did not receive any information"
"GEN24_1048296","Yes","Before arriving in New Zealand"
"GEN24_1048304","Yes","I did not receive any information"
"GEN24_1048305","Yes","I did not receive any information"
"GEN24_1048307","No",NA
"GEN24_1048308","Yes","I did not receive any information"
"GEN24_1048311","Yes","I did not receive any information"
"GEN24_1048314","Yes","I did not receive any information"
"GEN24_1048326","Yes","While in New Zealand"
"GEN24_1048327","Yes","Before arriving in New Zealand"
"GEN24_1048327","Yes","While in New Zealand"
"GEN24_1048335","No",NA
"GEN24_1048340","No",NA
"GEN24_1048356","No",NA
"GEN24_1048362","Yes","Before arriving in New Zealand"
"GEN24_1048370","Yes","I did not receive any information"
"GEN24_1048374","Yes","Before arriving in New Zealand"
"GEN24_1048379","Yes","Before arriving in New Zealand"
"GEN24_1048383","Yes","Before arriving in New Zealand"
"GEN24_1048385","Yes","Before arriving in New Zealand"
"GEN24_1048392","Yes","Before arriving in New Zealand"
"GEN24_1048397","No",NA
"GEN24_1048400","Yes","I did not receive any information"
"GEN24_1048404","No",NA
"GEN24_1048412","Yes","Before arriving in New Zealand"
"GEN24_1048426","Yes","Before arriving in New Zealand"
"GEN24_1048430","Yes","While in New Zealand"
"GEN24_1048433","Yes","I did not receive any information"
"GEN24_1048435","No",NA
"GEN24_1048444","Yes","Before arriving in New Zealand"
"GEN24_1048445","Yes","I did not receive any information"
"GEN24_1048459","Yes","Before arriving in New Zealand"
"GEN24_1048465","No",NA
"GEN24_1048468","No",NA
"GEN24_1048470","Yes","Before arriving in New Zealand"
"GEN24_1048479","No",NA
"GEN24_1048486","Yes","While in New Zealand"
"GEN24_1048487","Yes","Before arriving in New Zealand"
"GEN24_1048487","Yes","While in New Zealand"
"GEN24_1048488","Yes","I did not receive any information"
"GEN24_1048495","Yes","Before arriving in New Zealand"
"GEN24_1048497","Yes","Before arriving in New Zealand"
"GEN24_1048498","No",NA
"GEN24_1048499","Yes","Before arriving in New Zealand"
"GEN24_1048500","Yes","I did not receive any information"
"GEN24_1048502","Yes","Before arriving in New Zealand"
"GEN24_1048505","Yes","While in New Zealand"
"GEN24_1048506","Yes","While in New Zealand"
"GEN24_1048507","Yes","While in New Zealand"
"GEN24_1048523","Yes","I did not receive any information"
"GEN24_1048532","Yes","Before arriving in New Zealand"
"GEN24_1048535","Yes","Before arriving in New Zealand"
"GEN24_1048539","No",NA
"GEN24_1048542","Yes","Before arriving in New Zealand"
"GEN24_1048542","Yes","While in New Zealand"
"GEN24_1048552","Yes","I did not receive any information"
"GEN24_1048553","Yes","I did not receive any information"
"GEN24_1048554","Yes","I did not receive any information"
"GEN24_1048557","Yes","I did not receive any information"
"GEN24_1048577","No",NA
"GEN24_1048587","Yes","I did not receive any information"
"GEN24_1048591","No",NA
"GEN24_1048600","Yes","I did not receive any information"
"GEN24_1048605","Yes","Before arriving in New Zealand"
"GEN24_1048605","Yes","While in New Zealand"
"GEN24_1048617","Yes","I did not receive any information"
"GEN24_1048624","Yes","While in New Zealand"
"GEN24_1048627","Yes","I did not receive any information"
"GEN24_1048628","Yes","Before arriving in New Zealand"
"GEN24_1048634","Yes","I did not receive any information"
"GEN24_1048641","Yes","I did not receive any information"
"GEN24_1048668","No",NA
"GEN24_1048670","Yes","While in New Zealand"
"GEN24_1048674","Yes","Before arriving in New Zealand"
"GEN24_1048693","No",NA
"GEN24_1048695","No",NA
"GEN24_1048703","Yes","Before arriving in New Zealand"
"GEN24_1048709","No",NA
"GEN24_1048713","Yes","I did not receive any information"
"GEN24_1048715","Yes","I did not receive any information"
"GEN24_1048736","Yes","Before arriving in New Zealand"
"GEN24_1048749","Yes","While in New Zealand"
"GEN24_1048754","Yes","While in New Zealand"
"GEN24_1048755","Yes","While in New Zealand"
"GEN24_1048762","No",NA
"GEN24_1048770","No",NA
"GEN24_1048780","Yes","Before arriving in New Zealand"
"GEN24_1048784","No",NA
"GEN24_1048787","Yes","I did not receive any information"
"GEN24_1048818","Yes","While in New Zealand"
"GEN24_1048820","No",NA
"GEN24_1048827","Can’t remember",NA
"GEN24_1048840","Yes","While in New Zealand"
"GEN24_1048847","Yes","I did not receive any information"
"GEN24_1048848","Yes","Before arriving in New Zealand"
"GEN24_1048852","Yes","I did not receive any information"
"GEN24_1048853","Yes","I did not receive any information"
"GEN24_1048854","Yes","Before arriving in New Zealand"
"GEN24_1048854","Yes","While in New Zealand"
"GEN24_1048868","No",NA
"GEN24_1048883","No",NA
"GEN24_1048885","No",NA
"GEN24_1048886","No",NA
"GEN24_1048889","Yes","Before arriving in New Zealand"
"GEN24_1048897","Yes","I did not receive any information"
"GEN24_1048898","No",NA
"GEN24_1048899","Yes","I did not receive any information"
"GEN24_1048902","Yes","While in New Zealand"
"GEN24_1048904","No",NA
"GEN24_1048906","Yes","I did not receive any information"
"GEN24_1048913","Yes","I did not receive any information"
"GEN24_1048917","Yes","While in New Zealand"
"GEN24_1048920","Yes","I did not receive any information"
"GEN24_1048923","Yes","I did not receive any information"
"GEN24_1048933","Yes","While in New Zealand"
"GEN24_1048940","Yes","I did not receive any information"
"GEN24_1048943","Yes","I did not receive any information"
"GEN24_1048945","Yes","I did not receive any information"
"GEN24_1048949","Yes","While in New Zealand"
"GEN24_1048955","No",NA
"GEN24_1048965","Yes","I did not receive any information"
"GEN24_1048966","Yes","Before arriving in New Zealand"
"GEN24_1048966","Yes","While in New Zealand"
"GEN24_1048973","Yes","Before arriving in New Zealand"
"GEN24_1048977","Yes","Before arriving in New Zealand"
"GEN24_1048980","Yes","Before arriving in New Zealand"
"GEN24_1048985","Yes","While in New Zealand"
"GEN24_1048998","No",NA
"GEN24_1049002","No",NA
"GEN24_1049004","No",NA
"GEN24_1049020","Yes","Before arriving in New Zealand"
"GEN24_1049025","Yes","Before arriving in New Zealand"
"GEN24_1049025","Yes","While in New Zealand"
"GEN24_1049032","Yes","Before arriving in New Zealand"
"GEN24_1049034","Yes","While in New Zealand"
"GEN24_1049039","Yes","I did not receive any information"
"GEN24_1049040","Yes","Before arriving in New Zealand"
"GEN24_1049041","No",NA
"GEN24_1049043","Yes","Before arriving in New Zealand"
"GEN24_1049050","Yes","I did not receive any information"
"GEN24_1049057","Yes","I did not receive any information"
"GEN24_1049062","Yes","I did not receive any information"
"GEN24_1049079","Yes","I did not receive any information"
"GEN24_1049080","Yes","While in New Zealand"
"GEN24_1049116","No",NA
"GEN24_1049138","Yes","Before arriving in New Zealand"
"GEN24_1049138","Yes","While in New Zealand"
"GEN24_1049146","No",NA
"GEN24_1049159","Yes","I did not receive any information"
"GEN24_1049161","No",NA
"GEN24_1049178","Yes","While in New Zealand"
"GEN24_1049182","Yes","I did not receive any information"
"GEN24_1049195","No",NA
"GEN24_1049196","Yes","I did not receive any information"
"GEN24_1049209","Yes","I did not receive any information"
"GEN24_1049213","Yes","I did not receive any information"
"GEN24_1049214","Yes","I did not receive any information"
"GEN24_1049215","Yes","Before arriving in New Zealand"
"GEN24_1049216","No",NA
"GEN24_1049217","Yes","I did not receive any information"
"GEN24_1049220","No",NA
"GEN24_1049227","Yes","I did not receive any information"
"GEN24_1049233","No",NA
"GEN24_1049236","Yes","I did not receive any information"
"GEN24_1049242","Yes","I did not receive any information"
"GEN24_1049244","Yes","Before arriving in New Zealand"
"GEN24_1049251","No",NA
"GEN24_1049260","Yes","I did not receive any information"
"GEN24_1049262","No",NA
"GEN24_1049263","Yes","Before arriving in New Zealand"
"GEN24_1049263","Yes","While in New Zealand"
"GEN24_1049264","Yes","Before arriving in New Zealand"
"GEN24_1049264","Yes","While in New Zealand"
"GEN24_1049265","Yes","Before arriving in New Zealand"
"GEN24_1049265","Yes","While in New Zealand"
"GEN24_1049266","Yes","Before arriving in New Zealand"
"GEN24_1049305","Yes","I did not receive any information"
"GEN24_1049322","No",NA
"GEN24_1049328","Yes","Before arriving in New Zealand"
"GEN24_1049330","Yes","While in New Zealand"
"GEN24_1049334","Yes","While in New Zealand"
"GEN24_1049335","Yes","While in New Zealand"
"GEN24_1049339","Yes","Before arriving in New Zealand"
"GEN24_1049347","Yes","Before arriving in New Zealand"
"GEN24_1049349","Yes","Before arriving in New Zealand"
"GEN24_1049355","Yes","I did not receive any information"
"GEN24_1049356","No",NA
"GEN24_1049357","Yes","I did not receive any information"
"GEN24_1049361","Yes","While in New Zealand"
"GEN24_1049362","Yes","I did not receive any information"
"GEN24_1049364","Yes","I did not receive any information"
"GEN24_1049365","Yes","I did not receive any information"
"GEN24_1049387","No",NA
"GEN24_1049414","Yes","I did not receive any information"
"GEN24_1049419","Yes","While in New Zealand"
"GEN24_1049423","Yes","I did not receive any information"
"GEN24_1049429","No",NA
"GEN24_1049430","No",NA
"GEN24_1049441","Yes","I did not receive any information"
"GEN24_1049443","Yes","I did not receive any information"
"GEN24_1049447","No",NA
"GEN24_1049448","Yes","Before arriving in New Zealand"
"GEN24_1049455","No",NA
"GEN24_1049461","No",NA
"GEN24_1049467","Yes","Before arriving in New Zealand"
"GEN24_1049489","Yes","Before arriving in New Zealand"
"GEN24_1049496","Yes","Before arriving in New Zealand"
"GEN24_1049496","Yes","While in New Zealand"
"GEN24_1049498","No",NA
"GEN24_1049500","Yes","Before arriving in New Zealand"
"GEN24_1049501","No",NA
"GEN24_1049504","Yes","Before arriving in New Zealand"
"GEN24_1049527","No",NA
"GEN24_1049528","Yes","I did not receive any information"
"GEN24_1049551","Yes","Before arriving in New Zealand"
"GEN24_1049554","Yes","I did not receive any information"
"GEN24_1049571","Yes","While in New Zealand"
"GEN24_1049588","No",NA
"GEN24_1049589","Yes","Before arriving in New Zealand"
"GEN24_1049594","Yes","Before arriving in New Zealand"
"GEN24_1049595","Yes","I did not receive any information"
"GEN24_1049631","Yes","Before arriving in New Zealand"
"GEN24_1049657","Yes","Before arriving in New Zealand"
"GEN24_1049661","Yes","Before arriving in New Zealand"
"GEN24_1049663","No",NA
"GEN24_1049665","No",NA
"GEN24_1049666","Yes","I did not receive any information"
"GEN24_1049667","No",NA
"GEN24_1049668","Yes","I did not receive any information"
"GEN24_1049679","Yes","I did not receive any information"
"GEN24_1049681","No",NA
"GEN24_1049686","Yes","I did not receive any information"
"GEN24_1049688","Yes","Before arriving in New Zealand"
"GEN24_1049690","No",NA
"GEN24_1049695","Yes","I did not receive any information"
"GEN24_1049696","Yes","I did not receive any information"
"GEN24_1049703","Yes","Before arriving in New Zealand"
"GEN24_1049703","Yes","While in New Zealand"
"GEN24_1049705","No",NA
"GEN24_1049718","Yes","I did not receive any information"
"GEN24_1049720","No",NA
"GEN24_1049726","Yes","While in New Zealand"
"GEN24_1049736","Yes","I did not receive any information"
"GEN24_1049746","Yes","I did not receive any information"
"GEN24_1049747","No",NA
"GEN24_1049800","No",NA
"GEN24_1049808","Yes","I did not receive any information"
"GEN24_1049810","Yes","I did not receive any information"
"GEN24_1049823","No",NA
"GEN24_1049829","No",NA
"GEN24_1049832","No",NA
"GEN24_1049835","Yes","While in New Zealand"
"GEN24_1049844","Yes","While in New Zealand"
"GEN24_1049845","Yes","I did not receive any information"
"GEN24_1049846","Yes","I did not receive any information"
"GEN24_1049847","No",NA
"GEN24_1049858","Yes","Before arriving in New Zealand"
"GEN24_1049863","Yes","Before arriving in New Zealand"
"GEN24_1049872","Yes","I did not receive any information"
"GEN24_1049898","Yes","Before arriving in New Zealand"
"GEN24_1049900","Yes","I did not receive any information"
"GEN24_1049902","Yes","I did not receive any information"
"GEN24_1049903","No",NA
"GEN24_1049911","Yes","Before arriving in New Zealand"
"GEN24_1049912","Yes","Before arriving in New Zealand"
"GEN24_1049913","Yes","I did not receive any information"
"GEN24_1049918","Yes","I did not receive any information"
"GEN24_1049919","Yes","I did not receive any information"
"GEN24_1049922","Yes","Before arriving in New Zealand"
"GEN24_1049923","Yes","While in New Zealand"
"GEN24_1049928","Yes","Before arriving in New Zealand"
"GEN24_1049936","Yes","I did not receive any information"
"GEN24_1049940","No",NA
"GEN24_1049957","Yes","I did not receive any information"
"GEN24_1049967","No",NA
"GEN24_1049972","Yes","I did not receive any information"
"GEN24_1049973","Yes","Before arriving in New Zealand"
"GEN24_1049981","Yes","I did not receive any information"
"GEN24_1049985","No",NA
"GEN24_1049986","No",NA
"GEN24_1049987","Yes","Before arriving in New Zealand"
"GEN24_1049988","Yes","Before arriving in New Zealand"
"GEN24_1049994","Yes","While in New Zealand"
"GEN24_1049996","Yes","I did not receive any information"
"GEN24_1050008","Yes","While in New Zealand"
"GEN24_1050014","No",NA
"GEN24_1050017","Yes","I did not receive any information"
"GEN24_1050026","No",NA
"GEN24_1050030","No",NA
"GEN24_1050051","Yes","Before arriving in New Zealand"
"GEN24_1050054","No",NA
"GEN24_1050060","Yes","I did not receive any information"
"GEN24_1050070","Yes","I did not receive any information"
"GEN24_1050076","No",NA
"GEN24_1050082","Yes","Before arriving in New Zealand"
"GEN24_1050083","Yes","I did not receive any information"
"GEN24_1050086","Yes","I did not receive any information"
"GEN24_1050087","Yes","While in New Zealand"
"GEN24_1050088","No",NA
"GEN24_1050089","Yes","While in New Zealand"
"GEN24_1050094","Yes","While in New Zealand"
"GEN24_1050098","Yes","Before arriving in New Zealand"
"GEN24_1050105","Yes","I did not receive any information"
"GEN24_1050107","Yes","I did not receive any information"
"GEN24_1050128","Yes","I did not receive any information"
"GEN24_1050135","Yes","I did not receive any information"
"GEN24_1050139","Yes","Before arriving in New Zealand"
"GEN24_1050142","Yes","Before arriving in New Zealand"
"GEN24_1050164","No",NA
"GEN24_1050183","Yes","Before arriving in New Zealand"
"GEN24_1050188","Yes","Before arriving in New Zealand"
"GEN24_1050192","No",NA
"GEN24_1050195","Yes","Before arriving in New Zealand"
"GEN24_1050200","Yes","I did not receive any information"
"GEN24_1050201","Yes","I did not receive any information"
"GEN24_1050210","No",NA
"GEN24_1050230","No",NA
"GEN24_1050245","Yes","Before arriving in New Zealand"
"GEN24_1050250","Yes","Before arriving in New Zealand"
"GEN24_1050251","Yes","I did not receive any information"
"GEN24_1050252","Yes","Before arriving in New Zealand"
"GEN24_1050252","Yes","While in New Zealand"
"GEN24_1050254","Yes","Before arriving in New Zealand"
"GEN24_1050254","Yes","While in New Zealand"
"GEN24_1050262","No",NA
"GEN24_1050270","Yes","While in New Zealand"
"GEN24_1050272","Yes","Before arriving in New Zealand"
"GEN24_1050272","Yes","While in New Zealand"
"GEN24_1050278","No",NA
"GEN24_1050285","No",NA
"GEN24_1050291","Yes","Before arriving in New Zealand"
"GEN24_1050294","No",NA
"GEN24_1050307","Yes","Before arriving in New Zealand"
"GEN24_1050310","No",NA
"GEN24_1050348","Yes","Before arriving in New Zealand"
"GEN24_1050355","No",NA
"GEN24_1050361","Yes","While in New Zealand"
"GEN24_1050383","Yes","Before arriving in New Zealand"
"GEN24_1050409","Yes","Before arriving in New Zealand"
"GEN24_1050409","Yes","While in New Zealand"
"GEN24_1050413","Yes","While in New Zealand"
"GEN24_1050415","Yes","Before arriving in New Zealand"
"GEN24_1050422","Yes","Before arriving in New Zealand"
"GEN24_1050425","No",NA
"GEN24_1050432","Yes","I did not receive any information"
"GEN24_1050447","Yes","Before arriving in New Zealand"
"GEN24_1050450","Yes","Before arriving in New Zealand"
"GEN24_1050450","Yes","While in New Zealand"
"GEN24_1050455","No",NA
"GEN24_1050468","Can’t remember",NA
"GEN24_1050473","Yes","Before arriving in New Zealand"
"GEN24_1050473","Yes","While in New Zealand"
"GEN24_1050475","Yes","I did not receive any information"
"GEN24_1050477","Yes","I did not receive any information"
"GEN24_1050507","Yes","Before arriving in New Zealand"
"GEN24_1050507","Yes","While in New Zealand"
"GEN24_1050509","No",NA
"GEN24_1050516","Yes","I did not receive any information"
"GEN24_1050525","Yes","I did not receive any information"
"GEN24_1050533","No",NA
"GEN24_1050548","Yes","I did not receive any information"
"GEN24_1050549","Yes","I did not receive any information"
"GEN24_1050551","Yes","While in New Zealand"
"GEN24_1050552","No",NA
"GEN24_1050554","Yes","Before arriving in New Zealand"
"GEN24_1050555","Yes","I did not receive any information"
"GEN24_1050557","No",NA
"GEN24_1050561","Yes","I did not receive any information"
"GEN24_1050566","No",NA
"GEN24_1050568","Yes","I did not receive any information"
"GEN24_1050571","Yes","I did not receive any information"
"GEN24_1050574","No",NA
"GEN24_1050580","Yes","While in New Zealand"
"GEN24_1050584","Yes","Before arriving in New Zealand"
"GEN24_1050584","Yes","While in New Zealand"
"GEN24_1050588","Yes","I did not receive any information"
"GEN24_1050589","Yes","Before arriving in New Zealand"
"GEN24_1050594","Yes","I did not receive any information"
"GEN24_1050606","Yes","While in New Zealand"
"GEN24_1050613","Yes","Before arriving in New Zealand"
"GEN24_1050648","No",NA
"GEN24_1050650","Yes","Before arriving in New Zealand"
"GEN24_1050662","No",NA
"GEN24_1050677","Yes","Before arriving in New Zealand"
"GEN24_1050682","No",NA
"GEN24_1050685","Yes","I did not receive any information"
"GEN24_1050686","Yes","While in New Zealand"
"GEN24_1050694","Yes","While in New Zealand"
"GEN24_1050695","No",NA
"GEN24_1050696","Yes","While in New Zealand"
"GEN24_1050698","Yes","I did not receive any information"
"GEN24_1050701","Yes","While in New Zealand"
"GEN24_1050705","Yes","I did not receive any information"
"GEN24_1050706","No",NA
"GEN24_1050711","Yes","Before arriving in New Zealand"
"GEN24_1050716","No",NA
"GEN24_1050718","No",NA
"GEN24_1050720","Yes","Before arriving in New Zealand"
"GEN24_1050720","Yes","While in New Zealand"
"GEN24_1050725","Yes","While in New Zealand"
"GEN24_1050731","Yes","Before arriving in New Zealand"
"GEN24_1050731","Yes","While in New Zealand"
"GEN24_1050732","Yes","While in New Zealand"
"GEN24_1050733","Yes","I did not receive any information"
"GEN24_1050734","No",NA
"GEN24_1050735","No",NA
"GEN24_1050736","No",NA
"GEN24_1050740","Yes","Before arriving in New Zealand"
"GEN24_1050742","Yes","Before arriving in New Zealand"
"GEN24_1050742","Yes","While in New Zealand"
"GEN24_1050761","No",NA
"GEN24_1050762","Yes","Before arriving in New Zealand"
"GEN24_1050765","Yes","I did not receive any information"
"GEN24_1050777","Yes","Before arriving in New Zealand"
"GEN24_1050777","Yes","While in New Zealand"
"GEN24_1050786","No",NA
"GEN24_1050802","Yes","Before arriving in New Zealand"
"GEN24_1050805","No",NA
"GEN24_1050808","Yes","Before arriving in New Zealand"
"GEN24_1050813","Yes","Before arriving in New Zealand"
"GEN24_1050814","Yes","I did not receive any information"
"GEN24_1050816","No",NA
"GEN24_1050817","Yes","I did not receive any information"
"GEN24_1050821","Yes","I did not receive any information"
"GEN24_1050827","Yes","Before arriving in New Zealand"
"GEN24_1050828","Yes","While in New Zealand"
"GEN24_1050839","Yes","I did not receive any information"
"GEN24_1050862","Yes","While in New Zealand"
"GEN24_1050868","Yes","Before arriving in New Zealand"
"GEN24_1050872","Yes","I did not receive any information"
"GEN24_1050875","Yes","Before arriving in New Zealand"
"GEN24_1050877","Yes","While in New Zealand"
"GEN24_1050882","Yes","Before arriving in New Zealand"
"GEN24_1050888","Yes","Before arriving in New Zealand"
"GEN24_1050889","Yes","While in New Zealand"
"GEN24_1050894","Yes","I did not receive any information"
"GEN24_1050904","Yes","I did not receive any information"
"GEN24_1050917","Yes","Before arriving in New Zealand"
"GEN24_1050918","No",NA
"GEN24_1050941","No",NA
"GEN24_1050942","No",NA
"GEN24_1050943","Yes","Before arriving in New Zealand"
"GEN24_1050955","Yes","Before arriving in New Zealand"
"GEN24_1050955","Yes","While in New Zealand"
"GEN24_1050956","Yes","Before arriving in New Zealand"
"GEN24_1050960","Yes","I did not receive any information"
"GEN24_1050970","Yes","Before arriving in New Zealand"
"GEN24_1050972","Yes","Before arriving in New Zealand"
"GEN24_1050978","No",NA
"GEN24_1050989","No",NA
"GEN24_1050992","Yes","Before arriving in New Zealand"
"GEN24_1050995","Yes","While in New Zealand"
"GEN24_1050998","No",NA
"GEN24_1051000","Yes","Before arriving in New Zealand"
"GEN24_1051004","Yes","Before arriving in New Zealand"
"GEN24_1051009","Yes","I did not receive any information"
"GEN24_1051019","Yes","I did not receive any information"
"GEN24_1051025","No",NA
"GEN24_1051030","Yes","Before arriving in New Zealand"
"GEN24_1051030","Yes","While in New Zealand"
"GEN24_1051031","Yes","I did not receive any information"
"GEN24_1051039","Yes","Before arriving in New Zealand"
"GEN24_1051039","Yes","While in New Zealand"
"GEN24_1051048","No",NA
"GEN24_1051090","Yes","Before arriving in New Zealand"
"GEN24_1051093","Yes","I did not receive any information"
"GEN24_1051095","No",NA
"GEN24_1051102","Yes","Before arriving in New Zealand"
"GEN24_1051102","Yes","While in New Zealand"
"GEN24_1051103","Yes","While in New Zealand"
"GEN24_1051105","No",NA
"GEN24_1051127","Yes","Before arriving in New Zealand"
"GEN24_1051135","Yes","While in New Zealand"
"GEN24_1051136","Yes","Before arriving in New Zealand"
"GEN24_1051140","Yes","I did not receive any information"
"GEN24_1051142","Yes","I did not receive any information"
"GEN24_1051145","Yes","While in New Zealand"
"GEN24_1051146","No",NA
"GEN24_1051149","No",NA
"GEN24_1051169","No",NA
"GEN24_1051171","Yes","Before arriving in New Zealand"
"GEN24_1051178","Yes","While in New Zealand"
"GEN24_1051180","No",NA
"GEN24_1051182","Yes","I did not receive any information"
"GEN24_1051187","No",NA
"GEN24_1051192","Yes","I did not receive any information"
"GEN24_1051193","No",NA
"GEN24_1051196","No",NA
"GEN24_1051198","Yes","While in New Zealand"
"GEN24_1051200","Yes","While in New Zealand"
"GEN24_1051203","No",NA
"GEN24_1051207","Yes","Before arriving in New Zealand"
"GEN24_1051207","Yes","While in New Zealand"
"GEN24_1051209","Yes","I did not receive any information"
"GEN24_1051222","No",NA
"GEN24_1051227","No",NA
"GEN24_1051230","Yes","Before arriving in New Zealand"
"GEN24_1051230","Yes","While in New Zealand"
"GEN24_1051236","No",NA
"GEN24_1051239","No",NA
"GEN24_1051248","No",NA
"GEN24_1051251","Yes","I did not receive any information"
"GEN24_1051260","Yes","Before arriving in New Zealand"
"GEN24_1051271","No",NA
"GEN24_1051278","Yes","Before arriving in New Zealand"
"GEN24_1051279","Yes","While in New Zealand"
"GEN24_1051280","Yes","While in New Zealand"
"GEN24_1051283","Yes","While in New Zealand"
"GEN24_1051286","No",NA
"GEN24_1051294","Yes","While in New Zealand"
"GEN24_1051304","Yes","Before arriving in New Zealand"
"GEN24_1051305","Yes","I did not receive any information"
"GEN24_1051306","Yes","I did not receive any information"
"GEN24_1051309","Yes","Before arriving in New Zealand"
"GEN24_1051309","Yes","While in New Zealand"
"GEN24_1051313","Yes","While in New Zealand"
"GEN24_1051318","Yes","Before arriving in New Zealand"
"GEN24_1051318","Yes","While in New Zealand"
"GEN24_1051319","No",NA
"GEN24_1051320","Yes","I did not receive any information"
"GEN24_1051324","Yes","Before arriving in New Zealand"
"GEN24_1051335","Yes","Before arriving in New Zealand"
"GEN24_1051348","Yes","Before arriving in New Zealand"
"GEN24_1051350","Yes","Before arriving in New Zealand"
"GEN24_1051350","Yes","While in New Zealand"
"GEN24_1051351","Yes","Before arriving in New Zealand"
"GEN24_1051352","Yes","While in New Zealand"
"GEN24_1051356","Yes","Before arriving in New Zealand"
"GEN24_1051358","Yes","I did not receive any information"
"GEN24_1051365","Yes","I did not receive any information"
"GEN24_1051378","No",NA
"GEN24_1051380","Yes","I did not receive any information"
"GEN24_1051382","Yes","Before arriving in New Zealand"
"GEN24_1051383","Yes","Before arriving in New Zealand"
"GEN24_1051393","Yes","Before arriving in New Zealand"
"GEN24_1051394","Yes","I did not receive any information"
"GEN24_1051407","No",NA
"GEN24_1051409","No",NA
"GEN24_1051429","Yes","Before arriving in New Zealand"
"GEN24_1051431","Yes","I did not receive any information"
"GEN24_1051433","Yes","Before arriving in New Zealand"
"GEN24_1051436","Yes","While in New Zealand"
"GEN24_1051471","Yes","I did not receive any information"
"GEN24_1051472","Yes","While in New Zealand"
"GEN24_1051475","Yes","Before arriving in New Zealand"
"GEN24_1051475","Yes","While in New Zealand"
"GEN24_1051479","Yes","While in New Zealand"
"GEN24_1051490","No",NA
"GEN24_1051497","Yes","I did not receive any information"
"GEN24_1051511","Yes","Before arriving in New Zealand"
"GEN24_1051514","Yes","Before arriving in New Zealand"
"GEN24_1051553","Yes",NA
"GEN24_1051558","Yes","Before arriving in New Zealand"
"GEN24_1051558","Yes","While in New Zealand"
"GEN24_1051559","Yes","While in New Zealand"
"GEN24_1051567","Yes","Before arriving in New Zealand"
"GEN24_1051568","No",NA
"GEN24_1051569","No",NA
"GEN24_1051577","Yes","Before arriving in New Zealand"
"GEN24_1051578","Yes","Before arriving in New Zealand"
"GEN24_1051578","Yes","While in New Zealand"
"GEN24_1051583","No",NA
"GEN24_1051584","Yes","While in New Zealand"
"GEN24_1051590","Yes","While in New Zealand"
"GEN24_1051591","No",NA
"GEN24_1051598","Yes","I did not receive any information"
"GEN24_1051599","Yes","Before arriving in New Zealand"
"GEN24_1051604","Yes","Before arriving in New Zealand"
"GEN24_1051614","No",NA
"GEN24_1051618","Yes","I did not receive any information"
"GEN24_1051632","Yes","Before arriving in New Zealand"
"GEN24_1051634","Yes","I did not receive any information"
"GEN24_1051650","Yes","Before arriving in New Zealand"
"GEN24_1051651","Yes","Before arriving in New Zealand"
"GEN24_1051662","Yes","While in New Zealand"
"GEN24_1051668","Yes","I did not receive any information"
"GEN24_1051669","No",NA
"GEN24_1051674","Yes","I did not receive any information"
"GEN24_1051686","No",NA
"GEN24_1051687","No",NA
"GEN24_1051688","Yes","I did not receive any information"
"GEN24_1051710","Yes","Before arriving in New Zealand"
"GEN24_1051718","Yes","I did not receive any information"
"GEN24_1051719","No",NA
"GEN24_1051734","Yes","I did not receive any information"
"GEN24_1051752","Yes","Before arriving in New Zealand"
"GEN24_1051761","Yes","Before arriving in New Zealand"
"GEN24_1051765","Yes","Before arriving in New Zealand"
"GEN24_1051771","Yes","I did not receive any information"
"GEN24_1051772","Yes","Before arriving in New Zealand"
"GEN24_1051774","Yes","Before arriving in New Zealand"
"GEN24_1051778","Yes","While in New Zealand"
"GEN24_1051779","Yes","Before arriving in New Zealand"
"GEN24_1051779","Yes","While in New Zealand"
"GEN24_1051783","Yes","While in New Zealand"
"GEN24_1051784","Yes","While in New Zealand"
"GEN24_1051804","No",NA
"GEN24_1051805","No",NA
"GEN24_1051807","No",NA
"GEN24_1051813","Yes","I did not receive any information"
"GEN24_1051816","No",NA
"GEN24_1051817","Yes","I did not receive any information"
"GEN24_1051819","Yes","Before arriving in New Zealand"
"GEN24_1051826","No",NA
"GEN24_1051827","Yes","I did not receive any information"
"GEN24_1051830","No",NA
"GEN24_1051832","Yes","I did not receive any information"
"GEN24_1051833","Yes","I did not receive any information"
"GEN24_1051834","Yes","While in New Zealand"
"GEN24_1051836","Yes","I did not receive any information"
"GEN24_1051838","No",NA
"GEN24_1051839","Yes","Before arriving in New Zealand"
"GEN24_1051841","Yes","I did not receive any information"
"GEN24_1051844","Yes","I did not receive any information"
"GEN24_1051845","No",NA
"GEN24_1051851","Yes","While in New Zealand"
"GEN24_1051855","Yes","Before arriving in New Zealand"
"GEN24_1051857","No",NA
"GEN24_1051859","Yes","Before arriving in New Zealand"
"GEN24_1051859","Yes","While in New Zealand"
"GEN24_1051863","Yes","Before arriving in New Zealand"
"GEN24_1051863","Yes","While in New Zealand"
"GEN24_1051864","Yes","Before arriving in New Zealand"
"GEN24_1051867","Yes","Before arriving in New Zealand"
"GEN24_1051868","No",NA
"GEN24_1051879","Yes","I did not receive any information"
"GEN24_1051880","No",NA
"GEN24_1051881","Yes","I did not receive any information"
"GEN24_1051887","Yes","I did not receive any information"
"GEN24_1051889","No",NA
"GEN24_1051900","Yes","I did not receive any information"
"GEN24_1051901","Yes","I did not receive any information"
"GEN24_1051952","Yes","I did not receive any information"
"GEN24_1051955","No",NA
"GEN24_1051956","Yes","Before arriving in New Zealand"
"GEN24_1051961","No",NA
"GEN24_1051963","Yes","Before arriving in New Zealand"
"GEN24_1051966","Yes","Before arriving in New Zealand"
"GEN24_1051966","Yes","While in New Zealand"
"GEN24_1051968","Yes","I did not receive any information"
"GEN24_1051969","Yes","Before arriving in New Zealand"
"GEN24_1051978","Yes","Before arriving in New Zealand"
"GEN24_1051979","Yes","Before arriving in New Zealand"
"GEN24_1051979","Yes","While in New Zealand"
"GEN24_1051983","Yes","Before arriving in New Zealand"
"GEN24_1051987","Yes","Before arriving in New Zealand"
"GEN24_1051998","No",NA
"GEN24_1052006","Yes","While in New Zealand"
"GEN24_1052007","No",NA
"GEN24_1052010","Yes","Before arriving in New Zealand"
"GEN24_1052011","No",NA
"GEN24_1052014","Yes","I did not receive any information"
"GEN24_1052015","No",NA
"GEN24_1052035","Yes","Before arriving in New Zealand"
"GEN24_1052047","Yes","Before arriving in New Zealand"
"GEN24_1052047","Yes","While in New Zealand"
"GEN24_1052070","Yes","I did not receive any information"
"GEN24_1052071","Yes","Before arriving in New Zealand"
"GEN24_1052076","No",NA
"GEN24_1052078","Yes","Before arriving in New Zealand"
"GEN24_1052080","Yes","While in New Zealand"
"GEN24_1052088","Yes","I did not receive any information"
"GEN24_1052091","Yes","Before arriving in New Zealand"
"GEN24_1052100","No",NA
"GEN24_1052101","Yes","I did not receive any information"
"GEN24_1052104","Yes","Before arriving in New Zealand"
"GEN24_1052107","No",NA
"GEN24_1052111","Yes","Before arriving in New Zealand"
"GEN24_1052115","No",NA
"GEN24_1052120","Yes","While in New Zealand"
"GEN24_1052138","No",NA
"GEN24_1052145","No",NA
"GEN24_1052146","Yes","I did not receive any information"
"GEN24_1052148","No",NA
"GEN24_1052155","Yes","Before arriving in New Zealand"
"GEN24_1052159","Yes","I did not receive any information"
"GEN24_1052166","Yes","Before arriving in New Zealand"
"GEN24_1052166","Yes","While in New Zealand"
"GEN24_1052170","Yes","Before arriving in New Zealand"
"GEN24_1052173","Yes","Before arriving in New Zealand"
"GEN24_1052188","No",NA
"GEN24_1052193","No",NA
"GEN24_1052194","Yes","I did not receive any information"
"GEN24_1052211","Yes","While in New Zealand"
"GEN24_1052214","No",NA
"GEN24_1052217","Yes","Before arriving in New Zealand"
"GEN24_1052220","Yes","I did not receive any information"
"GEN24_1052231","No",NA
"GEN24_1052241","Yes","While in New Zealand"
"GEN24_1052251","No",NA
"GEN24_1052259","Yes","While in New Zealand"
"GEN24_1052271","Yes","Before arriving in New Zealand"
"GEN24_1052271","Yes","While in New Zealand"
"GEN24_1052272","Yes","While in New Zealand"
"GEN24_1052275","Yes","Before arriving in New Zealand"
"GEN24_1052277","Yes","While in New Zealand"
"GEN24_1052286","No",NA
"GEN24_1052292","Yes","I did not receive any information"
"GEN24_1052293","Yes","I did not receive any information"
"GEN24_1052295","Yes","Before arriving in New Zealand"
"GEN24_1052299","Yes","I did not receive any information"
"GEN24_1052302","Yes","I did not receive any information"
"GEN24_1052305","Yes","I did not receive any information"
"GEN24_1052307","Yes","I did not receive any information"
"GEN24_1052322","Yes","While in New Zealand"
"GEN24_1052323","Yes","Before arriving in New Zealand"
"GEN24_1052326","No",NA
"GEN24_1052341","Yes","Before arriving in New Zealand"
"GEN24_1052341","Yes","While in New Zealand"
"GEN24_1052342","Yes","Before arriving in New Zealand"
"GEN24_1052351","No",NA
"GEN24_1052361","Yes","I did not receive any information"
"GEN24_1052366","Yes","While in New Zealand"
"GEN24_1052381","Yes","Before arriving in New Zealand"
"GEN24_1052382","No",NA
"GEN24_1052385","No",NA
"GEN24_1052386","Yes","Before arriving in New Zealand"
"GEN24_1052386","Yes","While in New Zealand"
"GEN24_1052393","Yes","Before arriving in New Zealand"
"GEN24_1052393","Yes","While in New Zealand"
"GEN24_1052394","Yes","I did not receive any information"
"GEN24_1052401","Yes","Before arriving in New Zealand"
"GEN24_1052408","No",NA
"GEN24_1052415","Yes","I did not receive any information"
"GEN24_1052417","Yes","I did not receive any information"
"GEN24_1052420","No",NA
"GEN24_1052421","No",NA
"GEN24_1052424","Yes","Before arriving in New Zealand"
"GEN24_1052424","Yes","While in New Zealand"
"GEN24_1052447","Yes","While in New Zealand"
"GEN24_1052449","Yes","Before arriving in New Zealand"
"GEN24_1052460","Yes","While in New Zealand"
"GEN24_1052462","No",NA
"GEN24_1052466","Yes","I did not receive any information"
"GEN24_1052467","No",NA
"GEN24_1052468","Yes","While in New Zealand"
"GEN24_1052471","Yes","I did not receive any information"
"GEN24_1052474","No",NA
"GEN24_1052477","Yes","Before arriving in New Zealand"
"GEN24_1052477","Yes","While in New Zealand"
"GEN24_1052489","Yes","Before arriving in New Zealand"
"GEN24_1052489","Yes","While in New Zealand"
"GEN24_1052497","Yes","I did not receive any information"
"GEN24_1052499","Yes","Before arriving in New Zealand"
"GEN24_1052501","Yes","I did not receive any information"
"GEN24_1052512","Yes","I did not receive any information"
"GEN24_1052515","Yes","While in New Zealand"
"GEN24_1052517","Yes","Before arriving in New Zealand"
"GEN24_1052517","Yes","While in New Zealand"
"GEN24_1052520","Yes","I did not receive any information"
"GEN24_1052525","Yes","Before arriving in New Zealand"
"GEN24_1052539","Yes","I did not receive any information"
"GEN24_1052553","No",NA
"GEN24_1052558","Yes","Before arriving in New Zealand"
"GEN24_1052563","Yes","While in New Zealand"
"GEN24_1052568","Yes","I did not receive any information"
"GEN24_1052571","Yes","I did not receive any information"
"GEN24_1052572","Yes","I did not receive any information"
"GEN24_1052573","Yes","Before arriving in New Zealand"
"GEN24_1052576","Yes","I did not receive any information"
"GEN24_1052578","No",NA
"GEN24_1052579","Yes","Before arriving in New Zealand"
"GEN24_1052579","Yes","While in New Zealand"
"GEN24_1052586","Yes","Before arriving in New Zealand"
"GEN24_1052589","Yes","I did not receive any information"
"GEN24_1052595","Yes","Before arriving in New Zealand"
"GEN24_1052595","Yes","While in New Zealand"
"GEN24_1052596","Yes","I did not receive any information"
"GEN24_1052602","Yes","While in New Zealand"
"GEN24_1052632","Yes","Before arriving in New Zealand"
"GEN24_1052637","Yes","While in New Zealand"
"GEN24_1052643","Yes","Before arriving in New Zealand"
"GEN24_1052643","Yes","While in New Zealand"
"GEN24_1052652","No",NA
"GEN24_1052659","Yes","Before arriving in New Zealand"
"GEN24_1052668","Yes","I did not receive any information"
"GEN24_1052673","Yes","While in New Zealand"
"GEN24_1052678","Yes","Before arriving in New Zealand"
"GEN24_1052684","Yes","Before arriving in New Zealand"
"GEN24_1052688","Yes","Before arriving in New Zealand"
"GEN24_1052688","Yes","While in New Zealand"
"GEN24_1052713","Yes","I did not receive any information"
"GEN24_1052715","Yes","Before arriving in New Zealand"
"GEN24_1052715","Yes","While in New Zealand"
"GEN24_1052718","Yes","While in New Zealand"
"GEN24_1052719","Yes","While in New Zealand"
"GEN24_1052726","No",NA
"GEN24_1052729","No",NA
"GEN24_1052730","No",NA
"GEN24_1052731","Yes","I did not receive any information"
"GEN24_1052732","Yes","I did not receive any information"
"GEN24_1052733","Yes","I did not receive any information"
"GEN24_1052735","No",NA
"GEN24_1052750","Yes","Before arriving in New Zealand"
"GEN24_1052750","Yes","While in New Zealand"
"GEN24_1052753","Yes","Before arriving in New Zealand"
"GEN24_1052757","Yes","Before arriving in New Zealand"
"GEN24_1052763","Yes","While in New Zealand"
"GEN24_1052766","Yes","Before arriving in New Zealand"
"GEN24_1052768","Yes","I did not receive any information"
"GEN24_1052777","No",NA
"GEN24_1052781","Yes","While in New Zealand"
"GEN24_1052785","Yes","While in New Zealand"
"GEN24_1052793","Yes","I did not receive any information"
"GEN24_1052794","No",NA
"GEN24_1052796","Yes","I did not receive any information"
"GEN24_1052802","Yes","I did not receive any information"
"GEN24_1052808","No",NA
"GEN24_1052809","Yes","While in New Zealand"
"GEN24_1052817","Yes","I did not receive any information"
"GEN24_1052819","Yes","Before arriving in New Zealand"
"GEN24_1052823","No",NA
"GEN24_1052830","Yes","Before arriving in New Zealand"
"GEN24_1052830","Yes","While in New Zealand"
"GEN24_1052831","No",NA
"GEN24_1052837","Yes","While in New Zealand"
"GEN24_1052845","Yes","Before arriving in New Zealand"
"GEN24_1052845","Yes","While in New Zealand"
"GEN24_1052852","Yes","I did not receive any information"
"GEN24_1052855","Yes","I did not receive any information"
"GEN24_1052857","Yes","Before arriving in New Zealand"
"GEN24_1052863","Yes","While in New Zealand"
"GEN24_1052869","Yes","While in New Zealand"
"GEN24_1052871","No",NA
"GEN24_1052872","Yes","I did not receive any information"
"GEN24_1052878","No",NA
"GEN24_1052884","Yes","While in New Zealand"
"GEN24_1052887","No",NA
"GEN24_1052890","Yes","While in New Zealand"
"GEN24_1052899","Yes","While in New Zealand"
"GEN24_1052904","No",NA
"GEN24_1052917","Yes","I did not receive any information"
"GEN24_1052922","No",NA
"GEN24_1052925","Yes","I did not receive any information"
"GEN24_1052926","Yes","Before arriving in New Zealand"
"GEN24_1052926","Yes","While in New Zealand"
"GEN24_1052929","Yes","Before arriving in New Zealand"
"GEN24_1052930","Yes","While in New Zealand"
"GEN24_1052933","Yes","While in New Zealand"
"GEN24_1052941","Yes","Before arriving in New Zealand"
"GEN24_1052949","Yes","I did not receive any information"
"GEN24_1052952","Yes","Before arriving in New Zealand"
"GEN24_1052954","No",NA
"GEN24_1052955","No",NA
"GEN24_1052958","Yes","I did not receive any information"
"GEN24_1052968","Yes","I did not receive any information"
"GEN24_1052979","No",NA
"GEN24_1052980","Yes","I did not receive any information"
"GEN24_1052983","Yes","While in New Zealand"
"GEN24_1052984","Yes","Before arriving in New Zealand"
"GEN24_1052992","Yes","Before arriving in New Zealand"
"GEN24_1053019","No",NA
"GEN24_1053023","No",NA
"GEN24_1053024","No",NA
"GEN24_1053033","Yes","While in New Zealand"
"GEN24_1053045","No",NA
"GEN24_1053046","Yes","While in New Zealand"
"GEN24_1053050","No",NA
"GEN24_1053068","Yes","Before arriving in New Zealand"
"GEN24_1053070","No",NA
"GEN24_1053074","Yes","While in New Zealand"
"GEN24_1053081","Yes","Before arriving in New Zealand"
"GEN24_1053082","Yes","Before arriving in New Zealand"
"GEN24_1053083","Yes","I did not receive any information"
"GEN24_1053085","Yes","I did not receive any information"
"GEN24_1053086","Yes","While in New Zealand"
"GEN24_1053091","Yes","While in New Zealand"
"GEN24_1053094","Yes","While in New Zealand"
"GEN24_1053097","Yes","Before arriving in New Zealand"
"GEN24_1053101","Yes","While in New Zealand"
"GEN24_1053110","No",NA
"GEN24_1053114","No",NA
"GEN24_1053115","Yes","Before arriving in New Zealand"
"GEN24_1053125","Yes","Before arriving in New Zealand"
"GEN24_1053126","Yes","Before arriving in New Zealand"
"GEN24_1053126","Yes","While in New Zealand"
"GEN24_1053131","Yes","Before arriving in New Zealand"
"GEN24_1053139","Yes","Before arriving in New Zealand"
"GEN24_1053142","Yes","While in New Zealand"
"GEN24_1053147","Yes","Before arriving in New Zealand"
"GEN24_1053149","Yes","Before arriving in New Zealand"
"GEN24_1053150","Yes","Before arriving in New Zealand"
"GEN24_1053152","Yes","I did not receive any information"
"GEN24_1053162","Yes","While in New Zealand"
"GEN24_1053165","No",NA
"GEN24_1053166","Yes","Before arriving in New Zealand"
"GEN24_1053166","Yes","While in New Zealand"
"GEN24_1053168","Yes","While in New Zealand"
"GEN24_1053171","Yes","I did not receive any information"
"GEN24_1053172","Yes","I did not receive any information"
"GEN24_1053186","No",NA
"GEN24_1053187","Yes","I did not receive any information"
"GEN24_1053192","Yes","I did not receive any information"
"GEN24_1053195","Yes","Before arriving in New Zealand"
"GEN24_1053203","Yes","While in New Zealand"
"GEN24_1053207","Yes","Before arriving in New Zealand"
"GEN24_1053220","No",NA
"GEN24_1053221","Yes","Before arriving in New Zealand"
"GEN24_1053222","Yes","Before arriving in New Zealand"
"GEN24_1053228","No",NA
"GEN24_1053245","No",NA
"GEN24_1053246","No",NA
"GEN24_1053250","Yes","While in New Zealand"
"GEN24_1053255","Yes","I did not receive any information"
"GEN24_1053260","Yes","Before arriving in New Zealand"
"GEN24_1053264","Yes","I did not receive any information"
"GEN24_1053268","Yes","I did not receive any information"
"GEN24_1053271","Yes","While in New Zealand"
"GEN24_1053272","Yes","I did not receive any information"
"GEN24_1053288","No",NA
"GEN24_1053290","Yes","While in New Zealand"
"GEN24_1053292","No",NA
"GEN24_1053301","No",NA
"GEN24_1053304","Yes","I did not receive any information"
"GEN24_1053305","Yes","I did not receive any information"
"GEN24_1053308","Yes","I did not receive any information"
"GEN24_1053315","Yes","While in New Zealand"
"GEN24_1053321","No",NA
"GEN24_1053340","No",NA
"GEN24_1053345","Yes","I did not receive any information"
"GEN24_1053354","Yes","Before arriving in New Zealand"
"GEN24_1053355","Yes","Before arriving in New Zealand"
"GEN24_1053364","Yes","While in New Zealand"
"GEN24_1053366","Yes","Before arriving in New Zealand"
"GEN24_1053366","Yes","While in New Zealand"
"GEN24_1053367","No",NA
"GEN24_1053372","Yes","I did not receive any information"
"GEN24_1053373","Yes","I did not receive any information"
"GEN24_1053383","Yes","Before arriving in New Zealand"
"GEN24_1053383","Yes","While in New Zealand"
"GEN24_1053384","No",NA
"GEN24_1053390","No",NA
"GEN24_1053399","Yes","Before arriving in New Zealand"
"GEN24_1053400","Yes","I did not receive any information"
"GEN24_1053403","Yes","While in New Zealand"
"GEN24_1053405","Yes","I did not receive any information"
"GEN24_1053410","No",NA
"GEN24_1053411","Yes","I did not receive any information"
"GEN24_1053412","Yes","Before arriving in New Zealand"
"GEN24_1053412","Yes","While in New Zealand"
"GEN24_1053413","Yes","While in New Zealand"
"GEN24_1053419","Yes","Before arriving in New Zealand"
"GEN24_1053437","No",NA
"GEN24_1053438","Yes","While in New Zealand"
"GEN24_1053444","Yes","Before arriving in New Zealand"
"GEN24_1053451","Yes","I did not receive any information"
"GEN24_1053453","Yes","While in New Zealand"
"GEN24_1053459","No",NA
"GEN24_1053477","Yes","Before arriving in New Zealand"
"GEN24_1053477","Yes","While in New Zealand"
"GEN24_1053482","No",NA
"GEN24_1053495","Yes","While in New Zealand"
"GEN24_1053502","Yes","Before arriving in New Zealand"
"GEN24_1053507","No",NA
"GEN24_1053508","Yes","I did not receive any information"
"GEN24_1053539","No",NA
"GEN24_1053540","Yes","I did not receive any information"
"GEN24_1053542","Yes","I did not receive any information"
"GEN24_1053546","Yes","Before arriving in New Zealand"
"GEN24_1053555","No",NA
"GEN24_1053567","Yes","While in New Zealand"
"GEN24_1053588","Yes","I did not receive any information"
"GEN24_1053591","Yes","While in New Zealand"
"GEN24_1053598","No",NA
"GEN24_1053599","Yes","Before arriving in New Zealand"
"GEN24_1053601","Yes","Before arriving in New Zealand"
"GEN24_1053603","Yes","I did not receive any information"
"GEN24_1053607","Yes","Before arriving in New Zealand"
"GEN24_1053609","No",NA
"GEN24_1053612","No",NA
"GEN24_1053615","Yes","Before arriving in New Zealand"
"GEN24_1053615","Yes","While in New Zealand"
"GEN24_1053620","Yes","Before arriving in New Zealand"
"GEN24_1053621","Yes","Before arriving in New Zealand"
"GEN24_1053621","Yes","While in New Zealand"
"GEN24_1053624","No",NA
"GEN24_1053626","Yes","I did not receive any information"
"GEN24_1053627","Yes","I did not receive any information"
"GEN24_1053629","Yes","Before arriving in New Zealand"
"GEN24_1053629","Yes","While in New Zealand"
"GEN24_1053641","No",NA
"GEN24_1053644","Yes","I did not receive any information"
"GEN24_1053647","No",NA
"GEN24_1053648","No",NA
"GEN24_1053653","Yes","I did not receive any information"
"GEN24_1053660","Yes","Before arriving in New Zealand"
"GEN24_1053660","Yes","While in New Zealand"
"GEN24_1053662","Yes","I did not receive any information"
"GEN24_1053664","Yes","While in New Zealand"
"GEN24_1053666","Yes","I did not receive any information"
"GEN24_1053668","No",NA
"GEN24_1053690","Yes","I did not receive any information"
"GEN24_1053697","Yes","I did not receive any information"
"GEN24_1053705","Yes","While in New Zealand"
"GEN24_1053715","Yes","Before arriving in New Zealand"
"GEN24_1053718","Yes","Before arriving in New Zealand"
"GEN24_1053723","Yes","I did not receive any information"
"GEN24_1053730","No",NA
"GEN24_1053734","No",NA
"GEN24_1053735","Yes","I did not receive any information"
"GEN24_1053744","Yes","I did not receive any information"
"GEN24_1053746","Yes","I did not receive any information"
"GEN24_1053765","Yes","Before arriving in New Zealand"
"GEN24_1053765","Yes","While in New Zealand"
"GEN24_1053777","Yes","Before arriving in New Zealand"
"GEN24_1053777","Yes","While in New Zealand"
"GEN24_1053778","Yes","While in New Zealand"
"GEN24_1053798","No",NA
"GEN24_1053803","Yes","I did not receive any information"
"GEN24_1053808","Yes","Before arriving in New Zealand"
"GEN24_1053808","Yes","While in New Zealand"
"GEN24_1053810","Yes","Before arriving in New Zealand"
"GEN24_1053816","Yes","Before arriving in New Zealand"
"GEN24_1053816","Yes","While in New Zealand"
"GEN24_1053819","Yes","I did not receive any information"
"GEN24_1053821","No",NA
"GEN24_1053822","Yes","I did not receive any information"
"GEN24_1053823","No",NA
"GEN24_1053825","Yes","I did not receive any information"
"GEN24_1053836","Yes","I did not receive any information"
"GEN24_1053843","Yes","I did not receive any information"
"GEN24_1053846","Yes","Before arriving in New Zealand"
"GEN24_1053846","Yes","While in New Zealand"
"GEN24_1053851","Yes","While in New Zealand"
"GEN24_1053853","Yes","Before arriving in New Zealand"
"GEN24_1053853","Yes","While in New Zealand"
"GEN24_1053871","Yes","Before arriving in New Zealand"
"GEN24_1053871","Yes","While in New Zealand"
"GEN24_1053873","Yes","I did not receive any information"
"GEN24_1053874","Yes","Before arriving in New Zealand"
"GEN24_1053878","Yes","While in New Zealand"
"GEN24_1053886","Yes","Before arriving in New Zealand"
"GEN24_1053896","Yes","Before arriving in New Zealand"
"GEN24_1053905","Yes","Before arriving in New Zealand"
"GEN24_1053906","No",NA
"GEN24_1053914","Yes","Before arriving in New Zealand"
"GEN24_1053917","Yes","I did not receive any information"
"GEN24_1053927","Yes","I did not receive any information"
"GEN24_1053930","Yes","Before arriving in New Zealand"
"GEN24_1053932","Yes","Before arriving in New Zealand"
"GEN24_1053932","Yes","While in New Zealand"
"GEN24_1053939","No",NA
"GEN24_1053940","No",NA
"GEN24_1053945","Yes","While in New Zealand"
"GEN24_1053949","Yes","While in New Zealand"
"GEN24_1053962","No",NA
"GEN24_1053965","Yes","Before arriving in New Zealand"
"GEN24_1053976","No",NA
"GEN24_1053977","Yes","I did not receive any information"
"GEN24_1053980","Yes","Before arriving in New Zealand"
"GEN24_1053980","Yes","While in New Zealand"
"GEN24_1053981","Yes","Before arriving in New Zealand"
"GEN24_1053986","Yes","I did not receive any information"
"GEN24_1054010","No",NA
"GEN24_1054039","Yes","Before arriving in New Zealand"
"GEN24_1054041","No",NA
"GEN24_1054043","Yes","While in New Zealand"
"GEN24_1054045","No",NA
"GEN24_1054052","Yes","I did not receive any information"
"GEN24_1054057","No",NA
"GEN24_1054060","Yes","I did not receive any information"
"GEN24_1054062","No",NA
"GEN24_1054064","Yes","While in New Zealand"
"GEN24_1054065","Yes","I did not receive any information"
"GEN24_1054066","Yes","Before arriving in New Zealand"
"GEN24_1054067","Yes","Before arriving in New Zealand"
"GEN24_1054067","Yes","While in New Zealand"
"GEN24_1054076","Yes","Before arriving in New Zealand"
"GEN24_1054077","Yes","While in New Zealand"
"GEN24_1054086","Yes","Before arriving in New Zealand"
"GEN24_1054090","Yes","While in New Zealand"
"GEN24_1054094","Yes","I did not receive any information"
"GEN24_1054100","Yes","Before arriving in New Zealand"
"GEN24_1054111","Yes","I did not receive any information"
"GEN24_1054113","No",NA
"GEN24_1054116","Yes","I did not receive any information"
"GEN24_1054117","Yes","I did not receive any information"
"GEN24_1054121","Yes","While in New Zealand"
"GEN24_1054126","No",NA
"GEN24_1054131","Yes","I did not receive any information"
"GEN24_1054135","Yes","Before arriving in New Zealand"
"GEN24_1054136","No",NA
"GEN24_1054146","Yes","Before arriving in New Zealand"
"GEN24_1054149","Yes","I did not receive any information"
"GEN24_1054153","Yes","Before arriving in New Zealand"
"GEN24_1054168","No",NA
"GEN24_1054174","Yes","Before arriving in New Zealand"
"GEN24_1054174","Yes","While in New Zealand"
"GEN24_1054180","Yes","I did not receive any information"
"GEN24_1054183","No",NA
"GEN24_1054188","Yes","I did not receive any information"
"GEN24_1054197","No",NA
"GEN24_1054201","No",NA
"GEN24_1054213","Yes","While in New Zealand"
"GEN24_1054215","Yes","I did not receive any information"
"GEN24_1054236","Yes","I did not receive any information"
"GEN24_1054239","Yes","Before arriving in New Zealand"
"GEN24_1054244","Yes","Before arriving in New Zealand"
"GEN24_1054246","Yes","While in New Zealand"
"GEN24_1054247","Yes","Before arriving in New Zealand"
"GEN24_1054251","Yes","I did not receive any information"
"GEN24_1054261","No",NA
"GEN24_1054269","Yes","I did not receive any information"
"GEN24_1054275","Yes","Before arriving in New Zealand"
"GEN24_1054276","Yes","Before arriving in New Zealand"
"GEN24_1054281","No",NA
"GEN24_1054289","Yes","I did not receive any information"
"GEN24_1054293","Yes","I did not receive any information"
"GEN24_1054294","Yes","Before arriving in New Zealand"
"GEN24_1054296","Yes","While in New Zealand"
"GEN24_1054312","No",NA
"GEN24_1054319","Yes","Before arriving in New Zealand"
"GEN24_1054322","No",NA
"GEN24_1054327","Yes","Before arriving in New Zealand"
"GEN24_1054327","Yes","While in New Zealand"
"GEN24_1054328","Yes","Before arriving in New Zealand"
"GEN24_1054333","Yes","I did not receive any information"
"GEN24_1054353","No",NA
"GEN24_1054354","Yes","I did not receive any information"
"GEN24_1054357","Yes","While in New Zealand"
"GEN24_1054362","Yes","While in New Zealand"
"GEN24_1054364","Yes","While in New Zealand"
"GEN24_1054373","No",NA
"GEN24_1054376","Yes","Before arriving in New Zealand"
"GEN24_1054377","No",NA
"GEN24_1054380","Yes","While in New Zealand"
"GEN24_1054391","No",NA
"GEN24_1054400","No",NA
"GEN24_1054403","No",NA
"GEN24_1054404","Yes","I did not receive any information"
"GEN24_1054422","Yes","I did not receive any information"
"GEN24_1054429","Yes","Before arriving in New Zealand"
"GEN24_1054434","Yes","While in New Zealand"
"GEN24_1054438","Yes","I did not receive any information"
"GEN24_1054440","No",NA
"GEN24_1054443","Yes","I did not receive any information"
"GEN24_1054446","Yes","While in New Zealand"
"GEN24_1054449","Yes","I did not receive any information"
"GEN24_1054456","Yes","Before arriving in New Zealand"
"GEN24_1054465","Yes","I did not receive any information"
"GEN24_1054472","Yes","Before arriving in New Zealand"
"GEN24_1054472","Yes","While in New Zealand"
"GEN24_1054474","Yes","Before arriving in New Zealand"
"GEN24_1054474","Yes","While in New Zealand"
"GEN24_1054475","No",NA
"GEN24_1054479","No",NA
"GEN24_1054483","Yes","I did not receive any information"
"GEN24_1054485","Yes","Before arriving in New Zealand"
"GEN24_1054488","Yes","Before arriving in New Zealand"
"GEN24_1054504","Yes","While in New Zealand"
"GEN24_1054509","Yes","I did not receive any information"
"GEN24_1054512","No",NA
"GEN24_1054518","Yes","I did not receive any information"
"GEN24_1054520","No",NA
"GEN24_1054531","Yes","Before arriving in New Zealand"
"GEN24_1054536","Yes","I did not receive any information"
"GEN24_1054545","Yes","Before arriving in New Zealand"
"GEN24_1054555","No",NA
"GEN24_1054557","Yes","While in New Zealand"
"GEN24_1054568","No",NA
"GEN24_1054574","Yes","I did not receive any information"
"GEN24_1054579","No",NA
"GEN24_1054581","Yes","I did not receive any information"
"GEN24_1054602","Yes","I did not receive any information"
"GEN24_1054603","Yes","While in New Zealand"
"GEN24_1054604","Yes","Before arriving in New Zealand"
"GEN24_1054604","Yes","While in New Zealand"
"GEN24_1054610","No",NA
"GEN24_1054616","Yes","While in New Zealand"
"GEN24_1054626","Yes","I did not receive any information"
"GEN24_1054629","No",NA
"GEN24_1054641","Yes","I did not receive any information"
"GEN24_1054643","Yes","Before arriving in New Zealand"
"GEN24_1054645","Yes","Before arriving in New Zealand"
"GEN24_1054650","Yes","Before arriving in New Zealand"
"GEN24_1054651","Yes","Before arriving in New Zealand"
"GEN24_1054655","Yes","Before arriving in New Zealand"
"GEN24_1054656","Yes","Before arriving in New Zealand"
"GEN24_1054669","Yes","Before arriving in New Zealand"
"GEN24_1054669","Yes","While in New Zealand"
"GEN24_1054670","No",NA
"GEN24_1054674","Yes","Before arriving in New Zealand"
"GEN24_1054675","Yes","While in New Zealand"
"GEN24_1054676","Yes","I did not receive any information"
"GEN24_1054682","Yes","Before arriving in New Zealand"
"GEN24_1054694","No",NA
"GEN24_1054695","Yes","Before arriving in New Zealand"
"GEN24_1054698","Yes","Before arriving in New Zealand"
"GEN24_1054700","Yes","Before arriving in New Zealand"
"GEN24_1054701","No",NA
"GEN24_1054703","Yes","Before arriving in New Zealand"
"GEN24_1054703","Yes","While in New Zealand"
"GEN24_1054705","Yes","Before arriving in New Zealand"
"GEN24_1054705","Yes","While in New Zealand"
"GEN24_1054707","Yes","Before arriving in New Zealand"
"GEN24_1054709","Yes","Before arriving in New Zealand"
"GEN24_1054713","Yes","Before arriving in New Zealand"
"GEN24_1054713","Yes","While in New Zealand"
"GEN24_1054716","Yes","Before arriving in New Zealand"
"GEN24_1054717","Yes","Before arriving in New Zealand"
"GEN24_1054717","Yes","While in New Zealand"
"GEN24_1054723","Yes","Before arriving in New Zealand"
"GEN24_1054738","Yes","I did not receive any information"
"GEN24_1054755","Yes","I did not receive any information"
"GEN24_1054759","Yes","Before arriving in New Zealand"
"GEN24_1054762","Yes","Before arriving in New Zealand"
"GEN24_1054762","Yes","While in New Zealand"
"GEN24_1054765","Yes","While in New Zealand"
"GEN24_1054766","No",NA
"GEN24_1054768","Yes","I did not receive any information"
"GEN24_1054769","Yes","Before arriving in New Zealand"
"GEN24_1054769","Yes","While in New Zealand"
"GEN24_1054786","No",NA
"GEN24_1054787","No",NA
"GEN24_1054788","No",NA
"GEN24_1054792","Yes","I did not receive any information"
"GEN24_1054793","Yes","Before arriving in New Zealand"
"GEN24_1054798","No",NA
"GEN24_1054807","Yes","I did not receive any information"
"GEN24_1054812","No",NA
"GEN24_1054815","Yes","Before arriving in New Zealand"
"GEN24_1054816","Yes","I did not receive any information"
"GEN24_1054821","Yes","I did not receive any information"
"GEN24_1054822","Yes","I did not receive any information"
"GEN24_1054833","No",NA
"GEN24_1054835","No",NA
"GEN24_1054842","Yes","Before arriving in New Zealand"
"GEN24_1054847","Yes","While in New Zealand"
"GEN24_1054865","Yes","I did not receive any information"
"GEN24_1054868","Yes","I did not receive any information"
"GEN24_1054871","Yes","While in New Zealand"
"GEN24_1054881","Yes","Before arriving in New Zealand"
"GEN24_1054881","Yes","While in New Zealand"
"GEN24_1054895","Yes","I did not receive any information"
"GEN24_1054898","Yes","Before arriving in New Zealand"
"GEN24_1054898","Yes","While in New Zealand"
"GEN24_1054920","Yes","I did not receive any information"
"GEN24_1054928","No",NA
"GEN24_1054929","Yes","Before arriving in New Zealand"
"GEN24_1054934","Yes","I did not receive any information"
"GEN24_1054940","Yes","Before arriving in New Zealand"
"GEN24_1054943","Yes","I did not receive any information"
"GEN24_1054958","Yes","Before arriving in New Zealand"
"GEN24_1054960","No",NA
"GEN24_1054969","Yes","I did not receive any information"
"GEN24_1054970","Yes","Before arriving in New Zealand"
"GEN24_1054970","Yes","While in New Zealand"
"GEN24_1054974","No",NA
"GEN24_1054980","Yes","While in New Zealand"
"GEN24_1054983","Yes","While in New Zealand"
"GEN24_1055003","Yes","I did not receive any information"
"GEN24_1055009","Yes","I did not receive any information"
"GEN24_1055014","Yes","I did not receive any information"
"GEN24_1055023","No",NA
"GEN24_1055029","Yes","Before arriving in New Zealand"
"GEN24_1055029","Yes","While in New Zealand"
"GEN24_1055033","Yes","Before arriving in New Zealand"
"GEN24_1055033","Yes","While in New Zealand"
"GEN24_1055036","Yes","While in New Zealand"
"GEN24_1055040","Yes","While in New Zealand"
"GEN24_1055041","Yes","Before arriving in New Zealand"
"GEN24_1055042","Yes","While in New Zealand"
"GEN24_1055048","Yes","Before arriving in New Zealand"
"GEN24_1055058","Yes","I did not receive any information"
"GEN24_1055061","Yes","I did not receive any information"
"GEN24_1055069","Yes","I did not receive any information"
"GEN24_1055072","Yes","Before arriving in New Zealand"
"GEN24_1055078","Yes","Before arriving in New Zealand"
"GEN24_1055094","No",NA
"GEN24_1055096","No",NA
"GEN24_1055101","No",NA
"GEN24_1055105","Yes","While in New Zealand"
"GEN24_1055117","Yes","Before arriving in New Zealand"
"GEN24_1055118","Yes","I did not receive any information"
"GEN24_1055121","No",NA
"GEN24_1055122","Yes","I did not receive any information"
"GEN24_1055127","Yes","I did not receive any information"
"GEN24_1055134","Yes","Before arriving in New Zealand"
"GEN24_1055138","Yes","I did not receive any information"
"GEN24_1055150","Yes","Before arriving in New Zealand"
"GEN24_1055150","Yes","While in New Zealand"
"GEN24_1055159","Yes","I did not receive any information"
"GEN24_1055161","Can’t remember",NA
"GEN24_1055190","Yes","I did not receive any information"
"GEN24_1055200","No",NA
"GEN24_1055205","No",NA
"GEN24_1055206","Yes","I did not receive any information"
"GEN24_1055211","Yes","While in New Zealand"
"GEN24_1055221","Yes","I did not receive any information"
"GEN24_1055231","Yes","I did not receive any information"
"GEN24_1055238","Yes","I did not receive any information"
"GEN24_1055249","Yes","Before arriving in New Zealand"
"GEN24_1055250","Yes","I did not receive any information"
"GEN24_1055254","Yes","Before arriving in New Zealand"
"GEN24_1055256","Yes","Before arriving in New Zealand"
"GEN24_1055260","Yes","Before arriving in New Zealand"
"GEN24_1055270","No",NA
"GEN24_1055274","Yes","I did not receive any information"
"GEN24_1055277","Yes","Before arriving in New Zealand"
"GEN24_1055279","Yes","I did not receive any information"
"GEN24_1055286","Yes","Before arriving in New Zealand"
"GEN24_1055293","Yes","Before arriving in New Zealand"
"GEN24_1055296","Yes","While in New Zealand"
"GEN24_1055298","Yes","I did not receive any information"
"GEN24_1055303","No",NA
"GEN24_1055308","Yes","Before arriving in New Zealand"
"GEN24_1055308","Yes","While in New Zealand"
"GEN24_1055330","Yes","I did not receive any information"
"GEN24_1055335","No",NA
"GEN24_1055344","Yes","Before arriving in New Zealand"
"GEN24_1055345","Yes","While in New Zealand"
"GEN24_1055347","Yes","Before arriving in New Zealand"
"GEN24_1055352","No",NA
"GEN24_1055354","No",NA
"GEN24_1055363","Yes","Before arriving in New Zealand"
"GEN24_1055363","Yes","While in New Zealand"
"GEN24_1055365","Yes","Before arriving in New Zealand"
"GEN24_1055365","Yes","While in New Zealand"
"GEN24_1055368","Yes","I did not receive any information"
"GEN24_1055370","Yes","Before arriving in New Zealand"
"GEN24_1055376","No",NA
"GEN24_1055379","Yes","I did not receive any information"
"GEN24_1055383","No",NA
"GEN24_1055384","Yes","I did not receive any information"
"GEN24_1055393","Yes","I did not receive any information"
"GEN24_1055415","Yes","Before arriving in New Zealand"
"GEN24_1055431","Yes","Before arriving in New Zealand"
"GEN24_1055432","Yes","Before arriving in New Zealand"
"GEN24_1055447","Yes","While in New Zealand"
"GEN24_1055450","No",NA
"GEN24_1055454","Yes","While in New Zealand"
"GEN24_1055459","Yes","While in New Zealand"
"GEN24_1055464","Yes","Before arriving in New Zealand"
"GEN24_1055464","Yes","While in New Zealand"
"GEN24_1055465","Yes","Before arriving in New Zealand"
"GEN24_1055465","Yes","While in New Zealand"
"GEN24_1055468","Yes","Before arriving in New Zealand"
"GEN24_1055468","Yes","While in New Zealand"
"GEN24_1055469","No",NA
"GEN24_1055477","Yes","I did not receive any information"
"GEN24_1055480","Yes","Before arriving in New Zealand"
"GEN24_1055482","Yes","Before arriving in New Zealand"
"GEN24_1055485","Yes","I did not receive any information"
"GEN24_1055486","Yes","Before arriving in New Zealand"
"GEN24_1055495","No",NA
"GEN24_1055499","Yes","I did not receive any information"
"GEN24_1055502","Yes","I did not receive any information"
"GEN24_1055507","Yes","Before arriving in New Zealand"
"GEN24_1055508","No",NA
"GEN24_1055512","Yes","I did not receive any information"
"GEN24_1055514","Yes","While in New Zealand"
"GEN24_1055522","No",NA
"GEN24_1055524","Yes","I did not receive any information"
"GEN24_1055527","Yes","Before arriving in New Zealand"
"GEN24_1055529","No",NA
"GEN24_1055531","No",NA
"GEN24_1055532","Yes","I did not receive any information"
"GEN24_1055550","Yes","I did not receive any information"
"GEN24_1055565","Yes","While in New Zealand"
"GEN24_1055569","Yes","While in New Zealand"
"GEN24_1055582","No",NA
"GEN24_1055585","Yes","Before arriving in New Zealand"
"GEN24_1055590","No",NA
"GEN24_1055593","Yes","I did not receive any information"
"GEN24_1055595","Yes","Before arriving in New Zealand"
"GEN24_1055596","No",NA
"GEN24_1055600","Yes","Before arriving in New Zealand"
"GEN24_1055603","Yes","While in New Zealand"
"GEN24_1055608","No",NA
"GEN24_1055613","No",NA
"GEN24_1055624","Yes","Before arriving in New Zealand"
"GEN24_1055627","Yes","Before arriving in New Zealand"
"GEN24_1055628","Yes","I did not receive any information"
"GEN24_1055629","Yes","I did not receive any information"
"GEN24_1055631","Yes","Before arriving in New Zealand"
"GEN24_1055636","Yes","Before arriving in New Zealand"
"GEN24_1055643","Yes","Before arriving in New Zealand"
"GEN24_1055646","Yes","I did not receive any information"
"GEN24_1055657","Yes","Before arriving in New Zealand"
"GEN24_1055659","No",NA
"GEN24_1055666","Yes","Before arriving in New Zealand"
"GEN24_1055670","Yes","I did not receive any information"
"GEN24_1055674","Yes","I did not receive any information"
"GEN24_1055686","No",NA
"GEN24_1055691","No",NA
"GEN24_1055696","No",NA
"GEN24_1055712","Yes","I did not receive any information"
"GEN24_1055716","Yes","While in New Zealand"
"GEN24_1055717","Yes","Before arriving in New Zealand"
"GEN24_1055724","Yes","Before arriving in New Zealand"
"GEN24_1055731","No",NA
"GEN24_1055734","Yes","I did not receive any information"
"GEN24_1055735","Yes","I did not receive any information"
"GEN24_1055743","Yes","While in New Zealand"
"GEN24_1055744","Yes","I did not receive any information"
"GEN24_1055747","Yes","I did not receive any information"
"GEN24_1055757","Yes","Before arriving in New Zealand"
"GEN24_1055759","Yes","I did not receive any information"
"GEN24_1055766","No",NA
"GEN24_1055768","Yes","While in New Zealand"
"GEN24_1055773","Yes","Before arriving in New Zealand"
"GEN24_1055776","Yes","I did not receive any information"
"GEN24_1055777","Yes","I did not receive any information"
"GEN24_1055785","Yes","I did not receive any information"
"GEN24_1055786","No",NA
"GEN24_1055788","Yes","While in New Zealand"
"GEN24_1055789","Yes","While in New Zealand"
"GEN24_1055790","Yes","Before arriving in New Zealand"
"GEN24_1055794","Yes","Before arriving in New Zealand"
"GEN24_1055810","Yes","I did not receive any information"
"GEN24_1055813","Yes","I did not receive any information"
"GEN24_1055829","Yes","Before arriving in New Zealand"
"GEN24_1055829","Yes","While in New Zealand"
"GEN24_1055841","Yes","Before arriving in New Zealand"
"GEN24_1055849","No",NA
"GEN24_1055852","Yes","While in New Zealand"
"GEN24_1055856","Yes","Before arriving in New Zealand"
"GEN24_1055863","Yes","Before arriving in New Zealand"
"GEN24_1055864","Yes","Before arriving in New Zealand"
"GEN24_1055865","Yes","I did not receive any information"
"GEN24_1055866","Yes","I did not receive any information"
"GEN24_1055869","No",NA
"GEN24_1055870","Yes","Before arriving in New Zealand"
"GEN24_1055875","Yes","Before arriving in New Zealand"
"GEN24_1055875","Yes","While in New Zealand"
"GEN24_1055880","Yes","Before arriving in New Zealand"
"GEN24_1055885","Yes","Before arriving in New Zealand"
"GEN24_1055889","Yes","While in New Zealand"
"GEN24_1055890","Yes","I did not receive any information"
"GEN24_1055897","Yes","I did not receive any information"
"GEN24_1055899","Yes","I did not receive any information"
"GEN24_1055905","Yes","I did not receive any information"
"GEN24_1055906","Yes","Before arriving in New Zealand"
"GEN24_1055908","Yes","Before arriving in New Zealand"
"GEN24_1055914","No",NA
"GEN24_1055915","Yes","I did not receive any information"
"GEN24_1055916","No",NA
"GEN24_1055933","No",NA
"GEN24_1055940","Yes","While in New Zealand"
"GEN24_1055958","No",NA
"GEN24_1055959","No",NA
"GEN24_1055961","Yes","Before arriving in New Zealand"
"GEN24_1055985","No",NA
"GEN24_1055987","No",NA
"GEN24_1055990","Yes","Before arriving in New Zealand"
"GEN24_1055990","Yes","While in New Zealand"
"GEN24_1055992","No",NA
"GEN24_1055999","Yes","Before arriving in New Zealand"
"GEN24_1056005","Yes","Before arriving in New Zealand"
"GEN24_1056005","Yes","While in New Zealand"
"GEN24_1056006","Yes","I did not receive any information"
"GEN24_1056015","Yes","Before arriving in New Zealand"
"GEN24_1056016","Yes","Before arriving in New Zealand"
"GEN24_1056018","Yes","Before arriving in New Zealand"
"GEN24_1056023","Yes","While in New Zealand"
"GEN24_1056038","No",NA
"GEN24_1056048","Yes","I did not receive any information"
"GEN24_1056052","Yes","Before arriving in New Zealand"
"GEN24_1056052","Yes","While in New Zealand"
"GEN24_1056057","Yes","While in New Zealand"
"GEN24_1056058","Yes","While in New Zealand"
"GEN24_1056060","Yes","Before arriving in New Zealand"
"GEN24_1056060","Yes","While in New Zealand"
"GEN24_1056062","Yes","Before arriving in New Zealand"
"GEN24_1056062","Yes","While in New Zealand"
"GEN24_1056063","Yes","I did not receive any information"
"GEN24_1056068","No",NA
"GEN24_1056069","No",NA
"GEN24_1056071","Yes","I did not receive any information"
"GEN24_1056077","No",NA
"GEN24_1056079","No",NA
"GEN24_1056082","Yes","I did not receive any information"
"GEN24_1056086","Yes","I did not receive any information"
"GEN24_1056095","Yes","I did not receive any information"
"GEN24_1056099","Yes","I did not receive any information"
"GEN24_1056102","Yes","While in New Zealand"
"GEN24_1056109","Yes","Before arriving in New Zealand"
"GEN24_1056109","Yes","While in New Zealand"
"GEN24_1056110","Yes","Before arriving in New Zealand"
"GEN24_1056110","Yes","While in New Zealand"
"GEN24_1056112","Yes","I did not receive any information"
"GEN24_1056113","Yes","Before arriving in New Zealand"
"GEN24_1056114","Yes","I did not receive any information"
"GEN24_1056119","No",NA
"GEN24_1056125","Yes","Before arriving in New Zealand"
"GEN24_1056126","Yes","Before arriving in New Zealand"
"GEN24_1056160","Yes","I did not receive any information"
"GEN24_1056171","Yes","Before arriving in New Zealand"
"GEN24_1056179","Yes","While in New Zealand"
"GEN24_1056189","Yes","I did not receive any information"
"GEN24_1056204","Yes","I did not receive any information"
"GEN24_1056211","Yes","Before arriving in New Zealand"
"GEN24_1056211","Yes","While in New Zealand"
"GEN24_1056212","Yes","Before arriving in New Zealand"
"GEN24_1056212","Yes","While in New Zealand"
"GEN24_1056217","Yes","Before arriving in New Zealand"
"GEN24_1056219","Can’t remember",NA
"GEN24_1056227","Yes","While in New Zealand"
"GEN24_1056236","Yes","While in New Zealand"
"GEN24_1056241","No",NA
"GEN24_1056244","No",NA
"GEN24_1056249","No",NA
"GEN24_1056250","Yes","Before arriving in New Zealand"
"GEN24_1056260","No",NA
"GEN24_1056261","Yes","While in New Zealand"
"GEN24_1056266","Yes","I did not receive any information"
"GEN24_1056267","Yes","Before arriving in New Zealand"
"GEN24_1056267","Yes","While in New Zealand"
"GEN24_1056272","No",NA
"GEN24_1056273","Yes","While in New Zealand"
"GEN24_1056286","Yes","Before arriving in New Zealand"
"GEN24_1056286","Yes","While in New Zealand"
"GEN24_1056291","Yes","Before arriving in New Zealand"
"GEN24_1056291","Yes","While in New Zealand"
"GEN24_1056297","Yes","While in New Zealand"
"GEN24_1056308","Yes","I did not receive any information"
"GEN24_1056321","Yes","I did not receive any information"
"GEN24_1056340","No",NA
"GEN24_1056344","Yes","I did not receive any information"
"GEN24_1056346","Yes","I did not receive any information"
"GEN24_1056354","Yes","Before arriving in New Zealand"
"GEN24_1056356","Yes","Before arriving in New Zealand"
"GEN24_1056356","Yes","While in New Zealand"
"GEN24_1056357","No",NA
"GEN24_1056364","Yes","Before arriving in New Zealand"
"GEN24_1056376","No",NA
"GEN24_1056380","Yes","Before arriving in New Zealand"
"GEN24_1056381","No",NA
"GEN24_1056393","Yes","Before arriving in New Zealand"
"GEN24_1056393","Yes","While in New Zealand"
"GEN24_1056399","No",NA
"GEN24_1056419","Yes","While in New Zealand"
"GEN24_1056430","Yes","Before arriving in New Zealand"
"GEN24_1056441","Yes","I did not receive any information"
"GEN24_1056443","Yes","I did not receive any information"
"GEN24_1056453","Yes","I did not receive any information"
"GEN24_1056454","No",NA
"GEN24_1056459","No",NA
"GEN24_1056461","Yes","I did not receive any information"
"GEN24_1056462","Yes","Before arriving in New Zealand"
"GEN24_1056464","Yes","While in New Zealand"
"GEN24_1056467","Yes","I did not receive any information"
"GEN24_1056473","Yes","Before arriving in New Zealand"
"GEN24_1056479","Yes","I did not receive any information"
"GEN24_1056483","Yes","I did not receive any information"
"GEN24_1056488","Yes","Before arriving in New Zealand"
"GEN24_1056488","Yes","While in New Zealand"
"GEN24_1056491","Yes","I did not receive any information"
"GEN24_1056493","Yes","While in New Zealand"
"GEN24_1056495","No",NA
"GEN24_1056498","Yes","Before arriving in New Zealand"
"GEN24_1056499","No",NA
"GEN24_1056501","Yes","I did not receive any information"
"GEN24_1056502","No",NA
"GEN24_1056511","Yes","I did not receive any information"
"GEN24_1056513","Yes","Before arriving in New Zealand"
"GEN24_1056520","Yes","While in New Zealand"
"GEN24_1056523","No",NA
"GEN24_1056529","Yes","Before arriving in New Zealand"
"GEN24_1056533","Yes","I did not receive any information"
"GEN24_1056536","Yes","I did not receive any information"
"GEN24_1056538","Yes","I did not receive any information"
"GEN24_1056546","Yes","Before arriving in New Zealand"
"GEN24_1056547","Yes","While in New Zealand"
"GEN24_1056550","Yes","I did not receive any information"
"GEN24_1056557","No",NA
"GEN24_1056565","Yes","I did not receive any information"
"GEN24_1056568","Yes","Before arriving in New Zealand"
"GEN24_1056570","No",NA
"GEN24_1056582","No",NA
"GEN24_1056594","Yes","While in New Zealand"
"GEN24_1056596","Yes","While in New Zealand"
"GEN24_1056598","Yes","While in New Zealand"
"GEN24_1056616","Yes","Before arriving in New Zealand"
"GEN24_1056620","Yes","I did not receive any information"
"GEN24_1056624","No",NA
"GEN24_1056626","Yes","While in New Zealand"
"GEN24_1056636","Yes","Before arriving in New Zealand"
"GEN24_1056644","Yes","I did not receive any information"
"GEN24_1056649","Yes","Before arriving in New Zealand"
"GEN24_1056651","No",NA
"GEN24_1056652","Yes","I did not receive any information"
"GEN24_1056655","Yes","I did not receive any information"
"GEN24_1056656","No",NA
"GEN24_1056658","Yes","Before arriving in New Zealand"
"GEN24_1056658","Yes","While in New Zealand"
"GEN24_1056662","Yes","I did not receive any information"
"GEN24_1056666","No",NA
"GEN24_1056678","No",NA
"GEN24_1056682","Yes","I did not receive any information"
"GEN24_1056684","Yes","Before arriving in New Zealand"
"GEN24_1056691","Yes","I did not receive any information"
"GEN24_1056698","Yes","While in New Zealand"
"GEN24_1056700","Yes","I did not receive any information"
"GEN24_1056701","Yes","I did not receive any information"
"GEN24_1056720","Yes","I did not receive any information"
"GEN24_1056721","No",NA
"GEN24_1056723","Yes","While in New Zealand"
"GEN24_1056734","No",NA
"GEN24_1056735","Yes","Before arriving in New Zealand"
"GEN24_1056739","Yes","Before arriving in New Zealand"
"GEN24_1056746","No",NA
"GEN24_1056760","Yes","While in New Zealand"
"GEN24_1056763","Yes","Before arriving in New Zealand"
"GEN24_1056763","Yes","While in New Zealand"
"GEN24_1056769","Yes","Before arriving in New Zealand"
"GEN24_1056773","Yes","I did not receive any information"
"GEN24_1056775","Yes","I did not receive any information"
"GEN24_1056776","Yes","I did not receive any information"
"GEN24_1056778","Yes","I did not receive any information"
"GEN24_1056780","No",NA
"GEN24_1056782","Yes","I did not receive any information"
"GEN24_1056784","Yes","While in New Zealand"
"GEN24_1056787","Yes","I did not receive any information"
"GEN24_1056800","Yes","Before arriving in New Zealand"
"GEN24_1056806","Yes","I did not receive any information"
"GEN24_1056807","No",NA
"GEN24_1056809","Yes","While in New Zealand"
"GEN24_1056811","No",NA
"GEN24_1056812","No",NA
"GEN24_1056814","Yes","Before arriving in New Zealand"
"GEN24_1056818","Yes","Before arriving in New Zealand"
"GEN24_1056821","Yes","I did not receive any information"
"GEN24_1056822","Yes","I did not receive any information"
"GEN24_1056823","Yes","Before arriving in New Zealand"
"GEN24_1056823","Yes","While in New Zealand"
"GEN24_1056825","Yes","I did not receive any information"
"GEN24_1056831","Yes","Before arriving in New Zealand"
"GEN24_1056835","Yes","While in New Zealand"
"GEN24_1056839","Yes","Before arriving in New Zealand"
"GEN24_1056843","No",NA
"GEN24_1056850","Yes","I did not receive any information"
"GEN24_1056859","Yes","Before arriving in New Zealand"
"GEN24_1056859","Yes","While in New Zealand"
"GEN24_1056865","Yes","Before arriving in New Zealand"
"GEN24_1056870","Yes","While in New Zealand"
"GEN24_1056889","Yes","I did not receive any information"
"GEN24_1056896","Yes","I did not receive any information"
"GEN24_1056903","No",NA
"GEN24_1056907","Yes","I did not receive any information"
"GEN24_1056916","Yes","I did not receive any information"
"GEN24_1056922","Yes","I did not receive any information"
"GEN24_1056935","Yes","Before arriving in New Zealand"
"GEN24_1056944","Yes","I did not receive any information"
"GEN24_1056946","Yes","Before arriving in New Zealand"
"GEN24_1056947","Yes","While in New Zealand"
"GEN24_1056957","Yes","While in New Zealand"
"GEN24_1056960","Yes","I did not receive any information"
"GEN24_1056962","Yes","I did not receive any information"
"GEN24_1056963","Yes","Before arriving in New Zealand"
"GEN24_1056990","Yes","I did not receive any information"
"GEN24_1056999","No",NA
"GEN24_1057001","No",NA
"GEN24_1057033","No",NA
"GEN24_1057037","Yes","Before arriving in New Zealand"
"GEN24_1057039","Yes","While in New Zealand"
"GEN24_1057041","Yes","Before arriving in New Zealand"
"GEN24_1057043","Yes","Before arriving in New Zealand"
"GEN24_1057045","Yes","I did not receive any information"
"GEN24_1057050","Yes","Before arriving in New Zealand"
"GEN24_1057053","Yes","Before arriving in New Zealand"
"GEN24_1057055","Yes","Before arriving in New Zealand"
"GEN24_1057059","Yes","I did not receive any information"
"GEN24_1057065","Yes","Before arriving in New Zealand"
"GEN24_1057081","Yes","I did not receive any information"
"GEN24_1057085","No",NA
"GEN24_1057086","Yes","I did not receive any information"
"GEN24_1057088","Yes","Before arriving in New Zealand"
"GEN24_1057094","Yes","While in New Zealand"
"GEN24_1057096","Yes","Before arriving in New Zealand"
"GEN24_1057097","Yes","While in New Zealand"
"GEN24_1057099","No",NA
"GEN24_1057101","Yes","I did not receive any information"
"GEN24_1057113","Yes","I did not receive any information"
"GEN24_1057130","Yes","Before arriving in New Zealand"
"GEN24_1057134","Yes","I did not receive any information"
"GEN24_1057140","No",NA
"GEN24_1057141","Yes","I did not receive any information"
"GEN24_1057142","Yes","I did not receive any information"
"GEN24_1057155","No",NA
"GEN24_1057156","Yes","Before arriving in New Zealand"
"GEN24_1057163","Yes","While in New Zealand"
"GEN24_1057169","Yes","Before arriving in New Zealand"
"GEN24_1057178","Yes","I did not receive any information"
"GEN24_1057185","No",NA
"GEN24_1057187","Yes","Before arriving in New Zealand"
"GEN24_1057187","Yes","While in New Zealand"
"GEN24_1057197","Yes","Before arriving in New Zealand"
"GEN24_1057199","Yes","Before arriving in New Zealand"
"GEN24_1057202","Yes","I did not receive any information"
"GEN24_1057208","Yes","I did not receive any information"
"GEN24_1057216","Yes","Before arriving in New Zealand"
"GEN24_1057219","Yes","I did not receive any information"
"GEN24_1057230","Yes","Before arriving in New Zealand"
"GEN24_1057232","Yes","Before arriving in New Zealand"
"GEN24_1057235","No",NA
"GEN24_1057239","Yes","I did not receive any information"
"GEN24_1057245","Yes","Before arriving in New Zealand"
"GEN24_1057245","Yes","While in New Zealand"
"GEN24_1057251","Yes","While in New Zealand"
"GEN24_1057255","Yes","I did not receive any information"
"GEN24_1057256","No",NA
"GEN24_1057287","Yes","Before arriving in New Zealand"
"GEN24_1057289","Yes","Before arriving in New Zealand"
"GEN24_1057289","Yes","While in New Zealand"
"GEN24_1057295","Yes","Before arriving in New Zealand"
"GEN24_1057299","No",NA
"GEN24_1057309","Yes","I did not receive any information"
"GEN24_1057317","Yes","Before arriving in New Zealand"
"GEN24_1057320","Yes","I did not receive any information"
"GEN24_1057329","Yes","I did not receive any information"
"GEN24_1057331","Yes","I did not receive any information"
"GEN24_1057341","No",NA
"GEN24_1057346","No",NA
"GEN24_1057348","Yes",NA
"GEN24_1057361","Yes","Before arriving in New Zealand"
"GEN24_1057364","No",NA
"GEN24_1057399","Yes","I did not receive any information"
"GEN24_1057401","Yes","Before arriving in New Zealand"
"GEN24_1057406","Yes","While in New Zealand"
"GEN24_1057417","Yes","While in New Zealand"
"GEN24_1057418","Yes","I did not receive any information"
"GEN24_1057421","No",NA
"GEN24_1057426","No",NA
"GEN24_1057430","Yes","I did not receive any information"
"GEN24_1057433","No",NA
"GEN24_1057434","Yes","Before arriving in New Zealand"
"GEN24_1057439","Yes","I did not receive any information"
"GEN24_1057442","Yes","Before arriving in New Zealand"
"GEN24_1057443","Yes","Before arriving in New Zealand"
"GEN24_1057450","Yes","I did not receive any information"
"GEN24_1057451","Yes","While in New Zealand"
"GEN24_1057457","No",NA
"GEN24_1057460","Yes","While in New Zealand"
"GEN24_1057463","Yes","Before arriving in New Zealand"
"GEN24_1057467","Yes","Before arriving in New Zealand"
"GEN24_1057474","Yes","I did not receive any information"
"GEN24_1057478","No",NA
"GEN24_1057479","No",NA
"GEN24_1057480","Yes","I did not receive any information"
"GEN24_1057490","Yes","While in New Zealand"
"GEN24_1057494","No",NA
"GEN24_1057495","No",NA
"GEN24_1057496","Yes","Before arriving in New Zealand"
"GEN24_1057513","Yes","I did not receive any information"
"GEN24_1057515","Yes","I did not receive any information"
"GEN24_1057519","Yes","I did not receive any information"
"GEN24_1057531","Yes","Before arriving in New Zealand"
"GEN24_1057537","Yes","Before arriving in New Zealand"
"GEN24_1057537","Yes","While in New Zealand"
"GEN24_1057544","No",NA
"GEN24_1057547","Can’t remember",NA
"GEN24_1057552","Yes","I did not receive any information"
"GEN24_1057563","Yes","Before arriving in New Zealand"
"GEN24_1057580","Yes","Before arriving in New Zealand"
"GEN24_1057581","Yes","I did not receive any information"
"GEN24_1057582","Yes","Before arriving in New Zealand"
"GEN24_1057586","Yes","Before arriving in New Zealand"
"GEN24_1057587","Yes","Before arriving in New Zealand"
"GEN24_1057593","Yes","Before arriving in New Zealand"
"GEN24_1057598","Yes","I did not receive any information"
"GEN24_1057599","Yes","Before arriving in New Zealand"
"GEN24_1057599","Yes","While in New Zealand"
"GEN24_1057605","Yes","I did not receive any information"
"GEN24_1057611","Yes","Before arriving in New Zealand"
"GEN24_1057613","No",NA
"GEN24_1057614","No",NA
"GEN24_1057635","Yes","While in New Zealand"
"GEN24_1057648","No",NA
"GEN24_1057659","Yes","Before arriving in New Zealand"
"GEN24_1057678","Yes","I did not receive any information"
"GEN24_1057687","No",NA
"GEN24_1057690","Yes","I did not receive any information"
"GEN24_1057702","Yes","Before arriving in New Zealand"
"GEN24_1057707","Yes","While in New Zealand"
"GEN24_1057709","Yes","I did not receive any information"
"GEN24_1057715","Yes","Before arriving in New Zealand"
"GEN24_1057720","No",NA
"GEN24_1057740","Yes","Before arriving in New Zealand"
"GEN24_1057749","Yes","I did not receive any information"
"GEN24_1057752","Yes","Before arriving in New Zealand"
"GEN24_1057752","Yes","While in New Zealand"
"GEN24_1057755","Yes","Before arriving in New Zealand"
"GEN24_1057782","Yes","Before arriving in New Zealand"
"GEN24_1057785","Yes","Before arriving in New Zealand"
"GEN24_1057785","Yes","While in New Zealand"
"GEN24_1057800","Yes","Before arriving in New Zealand"
"GEN24_1057803","Yes","I did not receive any information"
"GEN24_1057814","Yes","Before arriving in New Zealand"
"GEN24_1057823","No",NA
"GEN24_1057830","Yes","Before arriving in New Zealand"
"GEN24_1057834","No",NA
"GEN24_1057843","Yes","I did not receive any information"
"GEN24_1057848","Yes","Before arriving in New Zealand"
"GEN24_1057849","Yes","I did not receive any information"
"GEN24_1057866","Yes","I did not receive any information"
"GEN24_1057868","Yes","While in New Zealand"
"GEN24_1057870","Yes","Before arriving in New Zealand"
"GEN24_1057884","Yes","Before arriving in New Zealand"
"GEN24_1057890","Yes","Before arriving in New Zealand"
"GEN24_1057891","No",NA
"GEN24_1057903","No",NA
"GEN24_1057916","No",NA
"GEN24_1057918","Yes","I did not receive any information"
"GEN24_1057921","Yes","I did not receive any information"
"GEN24_1057927","Yes","While in New Zealand"
"GEN24_1057928","Yes","I did not receive any information"
"GEN24_1057934","No",NA
"GEN24_1057935","Yes","I did not receive any information"
"GEN24_1057939","Yes","Before arriving in New Zealand"
"GEN24_1057944","Yes","I did not receive any information"
"GEN24_1057945","Yes","I did not receive any information"
"GEN24_1057950","No",NA
"GEN24_1057952","No",NA
"GEN24_1057953","Yes","I did not receive any information"
"GEN24_1057954","Yes","While in New Zealand"
"GEN24_1057956","No",NA
"GEN24_1057961","No",NA
"GEN24_1057963","Yes","While in New Zealand"
"GEN24_1057968","Yes","Before arriving in New Zealand"
"GEN24_1057970","Yes","Before arriving in New Zealand"
"GEN24_1057981","Yes","Before arriving in New Zealand"
"GEN24_1057983","Yes","While in New Zealand"
"GEN24_1057989","Yes","I did not receive any information"
"GEN24_1058005","No",NA
"GEN24_1058008","No",NA
"GEN24_1058009","Yes","I did not receive any information"
"GEN24_1058011","Yes","I did not receive any information"
"GEN24_1058016","No",NA
"GEN24_1058020","No",NA
"GEN24_1058030","No",NA
"GEN24_1058057","Yes","Before arriving in New Zealand"
"GEN24_1058059","Yes","I did not receive any information"
"GEN24_1058061","No",NA
"GEN24_1058068","Yes","Before arriving in New Zealand"
"GEN24_1058068","Yes","While in New Zealand"
"GEN24_1058071","Yes","While in New Zealand"
"GEN24_1058078","No",NA
"GEN24_1058088","Yes","Before arriving in New Zealand"
"GEN24_1058094","Yes","While in New Zealand"
"GEN24_1058106","No",NA
"GEN24_1058111","No",NA
"GEN24_1058118","No",NA
"GEN24_1058123","Yes","I did not receive any information"
"GEN24_1058128","Yes","Before arriving in New Zealand"
"GEN24_1058135","Yes","I did not receive any information"
"GEN24_1058139","Yes","I did not receive any information"
"GEN24_1058146","Yes","I did not receive any information"
"GEN24_1058148","Yes","I did not receive any information"
"GEN24_1058153","Yes","I did not receive any information"
"GEN24_1058156","Yes","Before arriving in New Zealand"
"GEN24_1058160","Yes","I did not receive any information"
"GEN24_1058167","Yes","While in New Zealand"
"GEN24_1058190","Yes","Before arriving in New Zealand"
"GEN24_1058190","Yes","While in New Zealand"
"GEN24_1058202","Yes","I did not receive any information"
"GEN24_1058228","Yes","Before arriving in New Zealand"
"GEN24_1058228","Yes","While in New Zealand"
"GEN24_1058233","Yes","I did not receive any information"
"GEN24_1058243","No",NA
"GEN24_1058247","Yes","Before arriving in New Zealand"
"GEN24_1058264","Yes","While in New Zealand"
"GEN24_1058272","Yes","I did not receive any information"
"GEN24_1058276","Yes","While in New Zealand"
"GEN24_1058277","Yes","Before arriving in New Zealand"
"GEN24_1058281","Yes","Before arriving in New Zealand"
"GEN24_1058282","Yes","I did not receive any information"
"GEN24_1058285","No",NA
"GEN24_1058291","Yes","I did not receive any information"
"GEN24_1058292","Yes","While in New Zealand"
"GEN24_1058297","Yes","While in New Zealand"
"GEN24_1058298","Yes","I did not receive any information"
"GEN24_1058299","No",NA
"GEN24_1058300","No",NA
"GEN24_1058312","Yes","Before arriving in New Zealand"
"GEN24_1058316","Yes","Before arriving in New Zealand"
"GEN24_1058331","No",NA
"GEN24_1058334","Yes","Before arriving in New Zealand"
"GEN24_1058334","Yes","While in New Zealand"
"GEN24_1058337","Yes","While in New Zealand"
"GEN24_1058341","Yes","Before arriving in New Zealand"
"GEN24_1058342","Yes","Before arriving in New Zealand"
"GEN24_1058346","No",NA
"GEN24_1058350","Yes","While in New Zealand"
"GEN24_1058354","Yes","I did not receive any information"
"GEN24_1058362","No",NA
"GEN24_1058370","No",NA
"GEN24_1058371","No",NA
"GEN24_1058372","Yes","Before arriving in New Zealand"
"GEN24_1058376","Yes","Before arriving in New Zealand"
"GEN24_1058381","Yes","Before arriving in New Zealand"
"GEN24_1058406","Yes","Before arriving in New Zealand"
"GEN24_1058420","No",NA
"GEN24_1058421","No",NA
"GEN24_1058423","No",NA
"GEN24_1058425","Yes","Before arriving in New Zealand"
"GEN24_1058428","Yes","While in New Zealand"
"GEN24_1058441","Yes","I did not receive any information"
"GEN24_1058449","Yes","Before arriving in New Zealand"
"GEN24_1058455","Yes","I did not receive any information"
"GEN24_1058456","Yes","I did not receive any information"
"GEN24_1058458","No",NA
"GEN24_1058459","Yes","I did not receive any information"
"GEN24_1058469","Yes","I did not receive any information"
"GEN24_1058471","No",NA
"GEN24_1058472","No",NA
"GEN24_1058477","Yes","Before arriving in New Zealand"
"GEN24_1058485","Yes","I did not receive any information"
"GEN24_1058486","Yes","I did not receive any information"
"GEN24_1058489","Yes","While in New Zealand"
"GEN24_1058491","No",NA
"GEN24_1058503","No",NA
"GEN24_1058513","Yes","While in New Zealand"
"GEN24_1058525","Yes","Before arriving in New Zealand"
"GEN24_1058533","No",NA
"GEN24_1058536","Yes","I did not receive any information"
"GEN24_1058541","No",NA
"GEN24_1058543","No",NA
"GEN24_1058571","Yes","While in New Zealand"
"GEN24_1058575","Yes","I did not receive any information"
"GEN24_1058577","Yes","While in New Zealand"
"GEN24_1058581","No",NA
"GEN24_1058582","No",NA
"GEN24_1058588","No",NA
"GEN24_1058592","No",NA
"GEN24_1058593","Yes","I did not receive any information"
"GEN24_1058597","No",NA
"GEN24_1058609","Yes","Before arriving in New Zealand"
"GEN24_1058649","Yes","Before arriving in New Zealand"
"GEN24_1058651","Yes","Before arriving in New Zealand"
"GEN24_1058666","Yes","While in New Zealand"
"GEN24_1058675","Yes","Before arriving in New Zealand"
"GEN24_1058681","No",NA
"GEN24_1058682","Yes","I did not receive any information"
"GEN24_1058691","No",NA
"GEN24_1058702","No",NA
"GEN24_1058708","Yes","I did not receive any information"
"GEN24_1058719","Yes","I did not receive any information"
"GEN24_1058720","No",NA
"GEN24_1058747","Yes","While in New Zealand"
"GEN24_1058759","Yes",NA
"GEN24_1058766","Yes","Before arriving in New Zealand"
"GEN24_1058768","No",NA
"GEN24_1058769","Yes","While in New Zealand"
"GEN24_1058770","Yes","I did not receive any information"
"GEN24_1058780","No",NA
"GEN24_1058795","Yes","I did not receive any information"
"GEN24_1058801","Yes","While in New Zealand"
"GEN24_1058809","Yes","I did not receive any information"
"GEN24_1058850","Yes","I did not receive any information"
"GEN24_1058852","Yes","Before arriving in New Zealand"
"GEN24_1058858","Yes","I did not receive any information"
"GEN24_1058861","Yes","While in New Zealand"
"GEN24_1058862","Yes","While in New Zealand"
"GEN24_1058864","Yes","I did not receive any information"
"GEN24_1058866","Yes","While in New Zealand"
"GEN24_1058868","Yes","While in New Zealand"
"GEN24_1058870","Yes","Before arriving in New Zealand"
"GEN24_1058891","No",NA
"GEN24_1058893","Yes","Before arriving in New Zealand"
"GEN24_1058905","Yes","While in New Zealand"
"GEN24_1058912","No",NA
"GEN24_1058934","Yes","I did not receive any information"
"GEN24_1058935","Yes","Before arriving in New Zealand"
"GEN24_1058938","No",NA
"GEN24_1058940","No",NA
"GEN24_1058961","Yes","Before arriving in New Zealand"
"GEN24_1058961","Yes","While in New Zealand"
"GEN24_1058972","Yes","Before arriving in New Zealand"
"GEN24_1058979","Yes","Before arriving in New Zealand"
"GEN24_1058995","No",NA
"GEN24_1058997","Yes","Before arriving in New Zealand"
"GEN24_1059005","No",NA
"GEN24_1059007","Yes","Before arriving in New Zealand"
"GEN24_1059021","Yes","While in New Zealand"
"GEN24_1059022","Yes","Before arriving in New Zealand"
"GEN24_1059023","No",NA
"GEN24_1059032","Yes","Before arriving in New Zealand"
"GEN24_1059047","Yes","Before arriving in New Zealand"
"GEN24_1059047","Yes","While in New Zealand"
"GEN24_1059048","Yes","Before arriving in New Zealand"
"GEN24_1059048","Yes","While in New Zealand"
"GEN24_1059059","No",NA
"GEN24_1059072","Yes","I did not receive any information"
"GEN24_1059073","No",NA
"GEN24_1059075","No",NA
"GEN24_1059079","Yes","Before arriving in New Zealand"
"GEN24_1059079","Yes","While in New Zealand"
"GEN24_1059085","No",NA
"GEN24_1059086","No",NA
"GEN24_1059089","Yes","Before arriving in New Zealand"
"GEN24_1059090","Yes","Before arriving in New Zealand"
"GEN24_1059094","No",NA
"GEN24_1059098","Yes","I did not receive any information"
"GEN24_1059106","Yes","I did not receive any information"
"GEN24_1059107","Yes","I did not receive any information"
"GEN24_1059111","No",NA
"GEN24_1059122","Yes","I did not receive any information"
"GEN24_1059131","No",NA
"GEN24_1059162","Yes","I did not receive any information"
"GEN24_1059171","No",NA
"GEN24_1059174","Yes","I did not receive any information"
"GEN24_1059178","Yes","I did not receive any information"
"GEN24_1059180","No",NA
"GEN24_1059192","No",NA
"GEN24_1059193","No",NA
"GEN24_1059195","Yes","I did not receive any information"
"GEN24_1059214","No",NA
"GEN24_1059218","No",NA
"GEN24_1059233","No",NA
"GEN24_1059235","Yes","Before arriving in New Zealand"
"GEN24_1059235","Yes","While in New Zealand"
"GEN24_1059238","Yes","Before arriving in New Zealand"
"GEN24_1059243","Yes","Before arriving in New Zealand"
"GEN24_1059255","Yes","Before arriving in New Zealand"
"GEN24_1059265","Yes","I did not receive any information"
"GEN24_1059278","No",NA
"GEN24_1059280","No",NA
"GEN24_1059291","No",NA
"GEN24_1059292","No",NA
"GEN24_1059293","No",NA
"GEN24_1059296","No",NA
"GEN24_1059321","Yes","I did not receive any information"
"GEN24_1059342","Yes","Before arriving in New Zealand"
"GEN24_1059354","Yes","While in New Zealand"
"GEN24_1059359","Yes","I did not receive any information"
"GEN24_1059360","Yes","Before arriving in New Zealand"
"GEN24_1059360","Yes","While in New Zealand"
"GEN24_1059374","Yes","I did not receive any information"
"GEN24_1059375","Yes","While in New Zealand"
"GEN24_1059391","Yes","I did not receive any information"
"GEN24_1059393","No",NA
"GEN24_1059397","Yes","Before arriving in New Zealand"
"GEN24_1059410","Yes","I did not receive any information"
"GEN24_1059421","Yes","While in New Zealand"
"GEN24_1059422","No",NA
"GEN24_1059423","No",NA
"GEN24_1059430","Yes","Before arriving in New Zealand"
"GEN24_1059434","No",NA
"GEN24_1059435","Yes","Before arriving in New Zealand"
"GEN24_1059436","Yes","I did not receive any information"
"GEN24_1059470","Yes","While in New Zealand"
"GEN24_1059496","Yes","Before arriving in New Zealand"
"GEN24_1059496","Yes","While in New Zealand"
"GEN24_1059513","No",NA
"GEN24_1059529","No",NA
"GEN24_1059558","Yes","Before arriving in New Zealand"
"GEN24_1059558","Yes","While in New Zealand"
"GEN24_1059593","No",NA
"GEN24_1059604","No",NA
"GEN24_1059611","Yes","While in New Zealand"
"GEN24_1059616","Yes","While in New Zealand"
"GEN24_1059621","Yes","While in New Zealand"
"GEN24_1059627","Yes","While in New Zealand"
"GEN24_1059644","No",NA
"GEN24_1059650","Yes","I did not receive any information"
"GEN24_1059672","No",NA
"GEN24_1059678","Yes","I did not receive any information"
"GEN24_1059689","Yes","Before arriving in New Zealand"
"GEN24_1059701","No",NA
"GEN24_1059702","No",NA
"GEN24_1059707","No",NA
"GEN24_1059708","Yes","While in New Zealand"
"GEN24_1059709","Yes","I did not receive any information"
"GEN24_1059725","Yes","I did not receive any information"
"GEN24_1059729","No",NA
"GEN24_1059740","Yes","I did not receive any information"
"GEN24_1059744","Yes","I did not receive any information"
"GEN24_1059752","No",NA
"GEN24_1059755","Yes","I did not receive any information"
"GEN24_1059756","Yes","I did not receive any information"
"GEN24_1059767","Yes","I did not receive any information"
"GEN24_1059769","Yes","I did not receive any information"
"GEN24_1059785","Yes","I did not receive any information"
"GEN24_1059789","No",NA
"GEN24_1059829","Yes","I did not receive any information"
"GEN24_1059831","Yes","While in New Zealand"
"GEN24_1059838","Yes","Before arriving in New Zealand"
"GEN24_1059853","No",NA
"GEN24_1059856","Yes","I did not receive any information"
"GEN24_1059863","No",NA
"GEN24_1059864","Yes","Before arriving in New Zealand"
"GEN24_1059866","Yes","Before arriving in New Zealand"
"GEN24_1059870","Yes","I did not receive any information"
"GEN24_1059879","Yes","I did not receive any information"
"GEN24_1059882","Yes","While in New Zealand"
"GEN24_1059883","No",NA
"GEN24_1059889","Yes","I did not receive any information"
"GEN24_1059890","Yes","I did not receive any information"
"GEN24_1059901","Yes","Before arriving in New Zealand"
"GEN24_1059909","Yes","Before arriving in New Zealand"
"GEN24_1059930","Yes","While in New Zealand"
"GEN24_1059939","No",NA
"GEN24_1059944","No",NA
"GEN24_1059946","Yes","I did not receive any information"
"GEN24_1059959","No",NA
"GEN24_1059984","No",NA
"GEN24_1059992","No",NA
"GEN24_1060009","Yes","Before arriving in New Zealand"
"GEN24_1060010","Yes","While in New Zealand"
"GEN24_1060020","Yes","Before arriving in New Zealand"
"GEN24_1060023","Yes","Before arriving in New Zealand"
"GEN24_1060027","No",NA
"GEN24_1060031","Yes","I did not receive any information"
"GEN24_1060037","No",NA
"GEN24_1060039","Yes","I did not receive any information"
"GEN24_1060050","Yes","Before arriving in New Zealand"
"GEN24_1060055","Yes","Before arriving in New Zealand"
"GEN24_1060061","Yes","Before arriving in New Zealand"
"GEN24_1060063","Yes","Before arriving in New Zealand"
"GEN24_1060067","Yes","Before arriving in New Zealand"
"GEN24_1060068","Yes","Before arriving in New Zealand"
"GEN24_1060068","Yes","While in New Zealand"
"GEN24_1060073","No",NA
"GEN24_1060087","Yes","Before arriving in New Zealand"
"GEN24_1060100","Yes","I did not receive any information"
"GEN24_1060105","Yes","While in New Zealand"
"GEN24_1060117","Yes","Before arriving in New Zealand"
"GEN24_1060118","Yes","I did not receive any information"
"GEN24_1060142","No",NA
"GEN24_1060156","No",NA
"GEN24_1060161","Yes","Before arriving in New Zealand"
"GEN24_1060165","Yes","I did not receive any information"
"GEN24_1060170","Yes","I did not receive any information"
"GEN24_1060180","Yes","Before arriving in New Zealand"
"GEN24_1060189","Yes","Before arriving in New Zealand"
"GEN24_1060189","Yes","While in New Zealand"
"GEN24_1060191","No",NA
"GEN24_1060195","Yes","I did not receive any information"
"GEN24_1060198","No",NA
"GEN24_1060201","Yes","I did not receive any information"
"GEN24_1060203","Yes","I did not receive any information"
"GEN24_1060204","Yes","While in New Zealand"
"GEN24_1060218","No",NA
"GEN24_1060220","No",NA
"GEN24_1060223","Yes","Before arriving in New Zealand"
"GEN24_1060223","Yes","While in New Zealand"
"GEN24_1060230","No",NA
"GEN24_1060231","Yes","I did not receive any information"
"GEN24_1060242","Yes","I did not receive any information"
"GEN24_1060296","Yes","I did not receive any information"
"GEN24_1060309","Yes","Before arriving in New Zealand"
"GEN24_1060318","Yes","Before arriving in New Zealand"
"GEN24_1060318","Yes","While in New Zealand"
"GEN24_1060328","Yes","I did not receive any information"
"GEN24_1060329","Yes","I did not receive any information"
"GEN24_1060348","Yes","Before arriving in New Zealand"
"GEN24_1060356","Yes","Before arriving in New Zealand"
"GEN24_1060367","Yes","Before arriving in New Zealand"
"GEN24_1060370","No",NA
"GEN24_1060374","Yes","Before arriving in New Zealand"
"GEN24_1060374","Yes","While in New Zealand"
"GEN24_1060383","Yes","Before arriving in New Zealand"
"GEN24_1060391","No",NA
"GEN24_1060399","Yes","I did not receive any information"
"GEN24_1060404","Yes","I did not receive any information"
"GEN24_1060405","Yes","While in New Zealand"
"GEN24_1060410","No",NA
"GEN24_1060412","Yes","While in New Zealand"
"GEN24_1060414","No",NA
"GEN24_1060416","Yes","I did not receive any information"
"GEN24_1060420","Yes","While in New Zealand"
"GEN24_1060425","Yes","Before arriving in New Zealand"
"GEN24_1060429","Yes","I did not receive any information"
"GEN24_1060439","Yes","While in New Zealand"
"GEN24_1060441","Yes","I did not receive any information"
"GEN24_1060451","No",NA
"GEN24_1060459","No",NA
"GEN24_1060463","Yes","I did not receive any information"
"GEN24_1060468","Yes","Before arriving in New Zealand"
"GEN24_1060486","No",NA
"GEN24_1060498","Yes","Before arriving in New Zealand"
"GEN24_1060507","Yes","Before arriving in New Zealand"
"GEN24_1060510","Yes","Before arriving in New Zealand"
"GEN24_1060510","Yes","While in New Zealand"
"GEN24_1060519","Yes","I did not receive any information"
"GEN24_1060522","Yes","Before arriving in New Zealand"
"GEN24_1060527","Yes","While in New Zealand"
"GEN24_1060529","Yes","While in New Zealand"
"GEN24_1060548","Yes","I did not receive any information"
"GEN24_1060552","No",NA
"GEN24_1060571","No",NA
"GEN24_1060574","Yes","I did not receive any information"
"GEN24_1060587","Yes","I did not receive any information"
"GEN24_1060589","Yes","Before arriving in New Zealand"
"GEN24_1060609","No",NA
"GEN24_1060619","No",NA
"GEN24_1060626","Yes","Before arriving in New Zealand"
"GEN24_1060636","No",NA
"GEN24_1060641","Yes","While in New Zealand"
"GEN24_1060655","Yes","I did not receive any information"
"GEN24_1060658","Yes","Before arriving in New Zealand"
"GEN24_1060667","Yes","I did not receive any information"
"GEN24_1060670","Yes","Before arriving in New Zealand"
"GEN24_1060677","Yes","I did not receive any information"
"GEN24_1060679","No",NA
"GEN24_1060686","Yes","Before arriving in New Zealand"
"GEN24_1060688","No",NA
"GEN24_1060698","Yes","I did not receive any information"
"GEN24_1060700","No",NA
"GEN24_1060701","Yes","I did not receive any information"
"GEN24_1060703","No",NA
"GEN24_1060704","Yes","Before arriving in New Zealand"
"GEN24_1060710","Yes","I did not receive any information"
"GEN24_1060713","Yes","Before arriving in New Zealand"
"GEN24_1060723","Yes","While in New Zealand"
"GEN24_1060742","Yes","Before arriving in New Zealand"
"GEN24_1060745","Yes","I did not receive any information"
"GEN24_1060766","Yes","I did not receive any information"
"GEN24_1060771","Yes","I did not receive any information"
"GEN24_1060777","No",NA
"GEN24_1060780","Yes","Before arriving in New Zealand"
"GEN24_1060783","Yes","Before arriving in New Zealand"
"GEN24_1060784","Yes","I did not receive any information"
"GEN24_1060788","Yes","I did not receive any information"
"GEN24_1060790","Yes",NA
"GEN24_1060802","Yes","I did not receive any information"
"GEN24_1060809","No",NA
"GEN24_1060830","No",NA
"GEN24_1060843","Yes","I did not receive any information"
"GEN24_1060861","Yes","While in New Zealand"
"GEN24_1060871","Yes","I did not receive any information"
"GEN24_1060872","Yes","Before arriving in New Zealand"
"GEN24_1060880","Yes","I did not receive any information"
"GEN24_1060908","Yes","I did not receive any information"
"GEN24_1060910","Yes","Before arriving in New Zealand"
"GEN24_1060911","Yes","I did not receive any information"
"GEN24_1060913","Yes","I did not receive any information"
"GEN24_1060914","No",NA
"GEN24_1060915","Yes","I did not receive any information"
"GEN24_1060918","Yes","I did not receive any information"
"GEN24_1060924","Yes","Before arriving in New Zealand"
"GEN24_1060937","Yes","Before arriving in New Zealand"
"GEN24_1060940","Yes","I did not receive any information"
"GEN24_1060941","No",NA
"GEN24_1060948","Yes","Before arriving in New Zealand"
"GEN24_1060950","Yes","I did not receive any information"
"GEN24_1060951","Yes","I did not receive any information"
"GEN24_1060960","Yes","I did not receive any information"
"GEN24_1060962","No",NA
"GEN24_1060963","Yes","Before arriving in New Zealand"
"GEN24_1060968","Yes","Before arriving in New Zealand"
"GEN24_1060968","Yes","While in New Zealand"
"GEN24_1060972","No",NA
"GEN24_1061001","Yes","I did not receive any information"
"GEN24_1061004","Yes","Before arriving in New Zealand"
"GEN24_1061004","Yes","While in New Zealand"
"GEN24_1061023","No",NA
"GEN24_1061031","Yes","I did not receive any information"
"GEN24_1061048","Yes","I did not receive any information"
"GEN24_1061065","No",NA
"GEN24_1061067","No",NA
"GEN24_1061084","No",NA
"GEN24_1061088","Yes","Before arriving in New Zealand"
"GEN24_1061105","Yes","I did not receive any information"
"GEN24_1061106","No",NA
"GEN24_1061117","Yes","Before arriving in New Zealand"
"GEN24_1061117","Yes","While in New Zealand"
"GEN24_1061122","Yes","Before arriving in New Zealand"
"GEN24_1061138","Yes","Before arriving in New Zealand"
"GEN24_1061138","Yes","While in New Zealand"
"GEN24_1061203","Yes","Before arriving in New Zealand"
"GEN24_1061207","No",NA
"GEN24_1061234","Yes","I did not receive any information"
"GEN24_1061236","Yes","Before arriving in New Zealand"
"GEN24_1061248","No",NA
"GEN24_1061252","No",NA
"GEN24_1061255","No",NA
"GEN24_1061263","No",NA
"GEN24_1061290","No",NA
"GEN24_1061294","Yes","I did not receive any information"
"GEN24_1061300","Yes","I did not receive any information"
"GEN24_1061301","Yes","I did not receive any information"
"GEN24_1061306","Yes","I did not receive any information"
"GEN24_1061313","No",NA
"GEN24_1061334","Yes","I did not receive any information"
"GEN24_1061335","Yes","Before arriving in New Zealand"
"GEN24_1061337","Yes","I did not receive any information"
"GEN24_1061348","Yes","Before arriving in New Zealand"
"GEN24_1061359","Yes","Before arriving in New Zealand"
"GEN24_1061363","Yes","Before arriving in New Zealand"
"GEN24_1061368","Yes","While in New Zealand"
"GEN24_1061372","Yes","Before arriving in New Zealand"
"GEN24_1061380","No",NA
"GEN24_1061382","Yes","I did not receive any information"
"GEN24_1061392","Yes","Before arriving in New Zealand"
"GEN24_1061392","Yes","While in New Zealand"
"GEN24_1061395","Yes","While in New Zealand"
"GEN24_1061398","No",NA
"GEN24_1061410","No",NA
"GEN24_1061417","Yes","I did not receive any information"
"GEN24_1061418","No",NA
"GEN24_1061436","Yes","Before arriving in New Zealand"
"GEN24_1061437","Yes","I did not receive any information"
"GEN24_1061441","Yes","I did not receive any information"
"GEN24_1061461","Yes","I did not receive any information"
"GEN24_1061471","No",NA
"GEN24_1061478","No",NA
"GEN24_1061479","Yes","While in New Zealand"
"GEN24_1061498","Yes","While in New Zealand"
"GEN24_1061513","Yes","I did not receive any information"
"GEN24_1061514","No",NA
"GEN24_1061516","Yes","Before arriving in New Zealand"
"GEN24_1061518","Yes","Before arriving in New Zealand"
"GEN24_1061518","Yes","While in New Zealand"
"GEN24_1061535","Yes","I did not receive any information"
"GEN24_1061564","Yes","I did not receive any information"
"GEN24_1061592","Yes","I did not receive any information"
"GEN24_1061595","Yes","While in New Zealand"
"GEN24_1061659","Yes","While in New Zealand"
"GEN24_1061672","Yes","Before arriving in New Zealand"
"GEN24_1061672","Yes","While in New Zealand"
"GEN24_1061673","No",NA
"GEN24_1061676","No",NA
"GEN24_1061703","Yes","I did not receive any information"
"GEN24_1061729","Yes","Before arriving in New Zealand"
"GEN24_1061731","Yes","While in New Zealand"
"GEN24_1061748","No",NA
"GEN24_1061750","Yes","Before arriving in New Zealand"
"GEN24_1061750","Yes","While in New Zealand"
"GEN24_1061755","No",NA
"GEN24_1061756","Yes","I did not receive any information"
"GEN24_1061757","Yes","Before arriving in New Zealand"
"GEN24_1061758","Yes","While in New Zealand"
"GEN24_1061760","Yes","While in New Zealand"
"GEN24_1061768","No",NA
"GEN24_1061775","Yes","While in New Zealand"
"GEN24_1061783","Yes","I did not receive any information"
"GEN24_1061786","Yes","I did not receive any information"
"GEN24_1061791","Yes","Before arriving in New Zealand"
"GEN24_1061793","No",NA
"GEN24_1061794","Yes","Before arriving in New Zealand"
"GEN24_1061827","Yes","Before arriving in New Zealand"
"GEN24_1061829","No",NA
"GEN24_1061833","Yes","I did not receive any information"
"GEN24_1061835","No",NA
"GEN24_1061840","Yes","While in New Zealand"
"GEN24_1061843","Yes","Before arriving in New Zealand"
"GEN24_1061847","Yes","I did not receive any information"
"GEN24_1061862","Yes","I did not receive any information"
"GEN24_1061865","Yes","I did not receive any information"
"GEN24_1061874","Yes","I did not receive any information"
"GEN24_1061876","No",NA
"GEN24_1061893","Yes","I did not receive any information"
"GEN24_1061902","Yes","Before arriving in New Zealand"
"GEN24_1061956","Yes","I did not receive any information"
"GEN24_1061970","Yes","Before arriving in New Zealand"
"GEN24_1061972","Yes","While in New Zealand"
"GEN24_1061977","Yes","Before arriving in New Zealand"
"GEN24_1061977","Yes","While in New Zealand"
"GEN24_1061982","Yes","Before arriving in New Zealand"
"GEN24_1061993","Yes","I did not receive any information"
"GEN24_1062000","No",NA
"GEN24_1062006","Yes","Before arriving in New Zealand"
"GEN24_1062008","Yes","I did not receive any information"
"GEN24_1062037","Yes","While in New Zealand"
"GEN24_1062061","Yes","Before arriving in New Zealand"
"GEN24_1062076","Yes","While in New Zealand"
"GEN24_1062085","No",NA
"GEN24_1062088","Yes","I did not receive any information"
"GEN24_1062089","No",NA
"GEN24_1062091","Yes","I did not receive any information"
"GEN24_1062106","Yes","I did not receive any information"
"GEN24_1062108","Yes","I did not receive any information"
"GEN24_1062123","No",NA
"GEN24_1062154","No",NA
"GEN24_1062156","Yes","Before arriving in New Zealand"
"GEN24_1062161","Yes","Before arriving in New Zealand"
"GEN24_1062187","Yes","Before arriving in New Zealand"
"GEN24_1062190","Yes","I did not receive any information"
"GEN24_1062202","Yes","I did not receive any information"
"GEN24_1062204","Yes","While in New Zealand"
"GEN24_1062208","Yes","Before arriving in New Zealand"
"GEN24_1062210","Yes","I did not receive any information"
"GEN24_1062213","Yes","I did not receive any information"
"GEN24_1062215","No",NA
"GEN24_1062218","Yes","While in New Zealand"
"GEN24_1062220","Yes","Before arriving in New Zealand"
"GEN24_1062235","Yes","I did not receive any information"
"GEN24_1062244","Yes","While in New Zealand"
"GEN24_1062250","No",NA
"GEN24_1062260","No",NA
"GEN24_1062263","No",NA
"GEN24_1062287","No",NA
"GEN24_1062290","Yes","I did not receive any information"
"GEN24_1062293","Yes","Before arriving in New Zealand"
"GEN24_1062293","Yes","While in New Zealand"
"GEN24_1062294","Yes","I did not receive any information"
"GEN24_1062306","Yes","While in New Zealand"
"GEN24_1062311","Yes","While in New Zealand"
"GEN24_1062338","Yes","I did not receive any information"
"GEN24_1062341","Yes","I did not receive any information"
"GEN24_1062346","No",NA
"GEN24_1062358","Yes","Before arriving in New Zealand"
"GEN24_1062362","Yes","Before arriving in New Zealand"
"GEN24_1062366","Yes","Before arriving in New Zealand"
"GEN24_1062369","Yes","Before arriving in New Zealand"
"GEN24_1062370","Yes","I did not receive any information"
"GEN24_1062373","Yes","While in New Zealand"
"GEN24_1062413","Yes","While in New Zealand"
"GEN24_1062415","No",NA
"GEN24_1062423","No",NA
"GEN24_1062427","Yes","Before arriving in New Zealand"
"GEN24_1062435","No",NA
"GEN24_1062446","Yes","I did not receive any information"
"GEN24_1062449","Yes","I did not receive any information"
"GEN24_1062454","Yes","I did not receive any information"
"GEN24_1062460","Yes","I did not receive any information"
"GEN24_1062463","No",NA
"GEN24_1062482","Yes","Before arriving in New Zealand"
"GEN24_1062484","No",NA
"GEN24_1062486","No",NA
"GEN24_1062494","Yes","I did not receive any information"
"GEN24_1062516","Yes","While in New Zealand"
"GEN24_1062523","No",NA
"GEN24_1062524","Yes","I did not receive any information"
"GEN24_1062537","Yes","Before arriving in New Zealand"
"GEN24_1062537","Yes","While in New Zealand"
"GEN24_1062541","Yes","I did not receive any information"
"GEN24_1062546","Yes","I did not receive any information"
"GEN24_1062547","Yes","I did not receive any information"
"GEN24_1062565","No",NA
"GEN24_1062570","No",NA
"GEN24_1062584","No",NA
"GEN24_1062596","Yes","While in New Zealand"
"GEN24_1062600","No",NA
"GEN24_1062617","No",NA
"GEN24_1062635","No",NA
"GEN24_1062636","No",NA
"GEN24_1062674","Yes","I did not receive any information"
"GEN24_1062688","No",NA
"GEN24_1062709","Yes","I did not receive any information"
"GEN24_1062715","Yes","Before arriving in New Zealand"
"GEN24_1062720","Yes","Before arriving in New Zealand"
"GEN24_1062725","No",NA
"GEN24_1062730","No",NA
"GEN24_1062731","Yes","I did not receive any information"
"GEN24_1062733","No",NA
"GEN24_1062734","Yes","Before arriving in New Zealand"
"GEN24_1062736","Yes","I did not receive any information"
"GEN24_1062759","Yes","I did not receive any information"
"GEN24_1062768","Yes","Before arriving in New Zealand"
"GEN24_1062768","Yes","While in New Zealand"
"GEN24_1062776","Yes","Before arriving in New Zealand"
"GEN24_1062776","Yes","While in New Zealand"
"GEN24_1062782","Yes","Before arriving in New Zealand"
"GEN24_1062796","No",NA
"GEN24_1062805","Yes","I did not receive any information"
"GEN24_1062823","No",NA
"GEN24_1062825","Yes","I did not receive any information"
"GEN24_1062842","Yes","Before arriving in New Zealand"
"GEN24_1062849","Yes","I did not receive any information"
"GEN24_1062850","Yes","I did not receive any information"
"GEN24_1062852","No",NA
"GEN24_1062855","Yes","I did not receive any information"
"GEN24_1062864","Yes","I did not receive any information"
"GEN24_1062869","No",NA
"GEN24_1062871","No",NA
"GEN24_1062878","Yes","I did not receive any information"
"GEN24_1062887","Yes","I did not receive any information"
"GEN24_1062888","Yes","Before arriving in New Zealand"
"GEN24_1062888","Yes","While in New Zealand"
"GEN24_1062895","No",NA
"GEN24_1062899","No",NA
"GEN24_1062907","Yes","I did not receive any information"
"GEN24_1062926","No",NA
"GEN24_1062938","No",NA
"GEN24_1062944","Yes","While in New Zealand"
"GEN24_1062945","Yes","Before arriving in New Zealand"
"GEN24_1062955","No",NA
"GEN24_1062956","No",NA
"GEN24_1062972","No",NA
"GEN24_1062992","Yes","I did not receive any information"
"GEN24_1063002","Yes","Before arriving in New Zealand"
"GEN24_1063002","Yes","While in New Zealand"
"GEN24_1063006","No",NA
"GEN24_1063018","Yes","I did not receive any information"
"GEN24_1063019","Yes","I did not receive any information"
"GEN24_1063038","Yes","I did not receive any information"
"GEN24_1063051","No",NA
"GEN24_1063087","No",NA
"GEN24_1063091","Yes","Before arriving in New Zealand"
"GEN24_1063107","Yes","Before arriving in New Zealand"
"GEN24_1063115","No",NA
"GEN24_1063117","No",NA
"GEN24_1063130","No",NA
"GEN24_1063131","Yes","Before arriving in New Zealand"
"GEN24_1063131","Yes","While in New Zealand"
"GEN24_1063145","Yes","While in New Zealand"
"GEN24_1063153","No",NA
"GEN24_1063155","Yes","Before arriving in New Zealand"
"GEN24_1063159","Yes","While in New Zealand"
"GEN24_1063177","No",NA
"GEN24_1063183","No",NA
"GEN24_1063191","Yes","I did not receive any information"
"GEN24_1063200","Yes","I did not receive any information"
"GEN24_1063205","No",NA
"GEN24_1063207","Yes","Before arriving in New Zealand"
"GEN24_1063208","No",NA
"GEN24_1063225","Yes","I did not receive any information"
"GEN24_1063227","Yes","Before arriving in New Zealand"
"GEN24_1063227","Yes","While in New Zealand"
"GEN24_1063231","Yes","While in New Zealand"
"GEN24_1063232","Yes","I did not receive any information"
"GEN24_1063238","Yes","I did not receive any information"
"GEN24_1063245","No",NA
"GEN24_1063304","Yes","I did not receive any information"
"GEN24_1063308","Yes","I did not receive any information"
"GEN24_1063330","Yes","I did not receive any information"
"GEN24_1063337","No",NA
"GEN24_1063341","No",NA
"GEN24_1063344","No",NA
"GEN24_1063384","Yes","Before arriving in New Zealand"
"GEN24_1063384","Yes","While in New Zealand"
"GEN24_1063404","Yes","Before arriving in New Zealand"
"GEN24_1063404","Yes","While in New Zealand"
"GEN24_1063407","Yes","Before arriving in New Zealand"
"GEN24_1063409","No",NA
"GEN24_1063410","Yes","Before arriving in New Zealand"
"GEN24_1063411","Yes","Before arriving in New Zealand"
"GEN24_1063411","Yes","While in New Zealand"
"GEN24_1063428","No",NA
"GEN24_1063435","No",NA
"GEN24_1063451","Yes","While in New Zealand"
"GEN24_1063460","No",NA
"GEN24_1063461","Yes","I did not receive any information"
"GEN24_1063471","Yes","I did not receive any information"
"GEN24_1063480","Yes","I did not receive any information"
"GEN24_1063496","Yes","I did not receive any information"
"GEN24_1063498","Yes","Before arriving in New Zealand"
"GEN24_1063498","Yes","While in New Zealand"
"GEN24_1063517","Yes","I did not receive any information"
"GEN24_1063547","Yes","Before arriving in New Zealand"
"GEN24_1063547","Yes","While in New Zealand"
"GEN24_1063554","Yes","Before arriving in New Zealand"
"GEN24_1063564","Yes","Before arriving in New Zealand"
"GEN24_1063571","Yes","I did not receive any information"
"GEN24_1063572","No",NA
"GEN24_1063577","Yes","I did not receive any information"
"GEN24_1063583","No",NA
"GEN24_1063585","No",NA
"GEN24_1063597","Yes","While in New Zealand"
"GEN24_1063606","Yes","Before arriving in New Zealand"
"GEN24_1063609","Yes","I did not receive any information"
"GEN24_1063642","Yes","While in New Zealand"
"GEN24_1063661","No",NA
"GEN24_1063662","Can’t remember",NA
"GEN24_1063670","Yes","While in New Zealand"
"GEN24_1063673","Yes","While in New Zealand"
"GEN24_1063684","Yes","I did not receive any information"
"GEN24_1063691","Yes","Before arriving in New Zealand"
"GEN24_1063693","Yes","I did not receive any information"
"GEN24_1063695","No",NA
"GEN24_1063706","No",NA
"GEN24_1063730","No",NA
"GEN24_1063735","Yes","I did not receive any information"
"GEN24_1063753","Yes","Before arriving in New Zealand"
"GEN24_1063769","Yes","While in New Zealand"
"GEN24_1063770","Yes","Before arriving in New Zealand"
"GEN24_1063773","No",NA
"GEN24_1063778","No",NA
"GEN24_1063780","Yes","I did not receive any information"
"GEN24_1063785","Yes","Before arriving in New Zealand"
"GEN24_1063786","No",NA
"GEN24_1063795","Yes","I did not receive any information"
"GEN24_1063824","Yes","I did not receive any information"
"GEN24_1063829","No",NA
"GEN24_1063832","Yes","Before arriving in New Zealand"
"GEN24_1063833","Yes","I did not receive any information"
"GEN24_1063853","Yes","I did not receive any information"
"GEN24_1063862","Yes","I did not receive any information"
"GEN24_1063864","Yes","I did not receive any information"
"GEN24_1063867","No",NA
"GEN24_1063875","Yes","I did not receive any information"
"GEN24_1063876","No",NA
"GEN24_1063880","Yes","Before arriving in New Zealand"
"GEN24_1063891","Yes","I did not receive any information"
"GEN24_1063892","Yes","I did not receive any information"
"GEN24_1063908","No",NA
"GEN24_1063910","No",NA
"GEN24_1063936","No",NA
"GEN24_1063937","No",NA
"GEN24_1063967","Yes","Before arriving in New Zealand"
"GEN24_1063967","Yes","While in New Zealand"
"GEN24_1063968","Yes","Before arriving in New Zealand"
"GEN24_1063971","Yes","Before arriving in New Zealand"
"GEN24_1063974","No",NA
"GEN24_1063976","Yes","Before arriving in New Zealand"
"GEN24_1063977","No",NA
"GEN24_1063979","Yes","While in New Zealand"
"GEN24_1064006","No",NA
"GEN24_1064012","Yes","While in New Zealand"
"GEN24_1064015","Yes","While in New Zealand"
"GEN24_1064023","Yes","I did not receive any information"
"GEN24_1064033","Yes","Before arriving in New Zealand"
"GEN24_1064048","Yes","Before arriving in New Zealand"
"GEN24_1064069","No",NA
"GEN24_1064077","Yes","I did not receive any information"
"GEN24_1064087","No",NA
"GEN24_1064105","No",NA
"GEN24_1064127","Yes","I did not receive any information"
"GEN24_1064135","No",NA
"GEN24_1064182","Yes","Before arriving in New Zealand"
"GEN24_1064196","No",NA
"GEN24_1064210","Yes","Before arriving in New Zealand"
"GEN24_1064255","Yes","I did not receive any information"
"GEN24_1064259","Yes","While in New Zealand"
"GEN24_1064265","No",NA
"GEN24_1064266","No",NA
"GEN24_1064274","Yes","Before arriving in New Zealand"
"GEN24_1064275","No",NA
"GEN24_1064285","Yes","I did not receive any information"
"GEN24_1064304","Yes","While in New Zealand"
"GEN24_1064306","Yes","I did not receive any information"
"GEN24_1064312","No",NA
"GEN24_1064326","Yes","While in New Zealand"
"GEN24_1064327","Yes","While in New Zealand"
"GEN24_1064336","Yes","While in New Zealand"
"GEN24_1064355","No",NA
"GEN24_1064399","Yes","I did not receive any information"
"GEN24_1064414","No",NA
"GEN24_1064418","Yes","I did not receive any information"
"GEN24_1064428","Yes","I did not receive any information"
"GEN24_1064430","Yes","Before arriving in New Zealand"
"GEN24_1064433","Yes","While in New Zealand"
"GEN24_1064507","Yes","I did not receive any information"
"GEN24_1064520","Yes","While in New Zealand"
"GEN24_1064522","No",NA
"GEN24_1064531","Yes","Before arriving in New Zealand"
"GEN24_1064532","Yes","Before arriving in New Zealand"
"GEN24_1064534","No",NA
"GEN24_1064535","No",NA
"GEN24_1064536","Yes","I did not receive any information"
"GEN24_1064540","Yes","I did not receive any information"
"GEN24_1064544","Yes","Before arriving in New Zealand"
"GEN24_1064559","Yes","Before arriving in New Zealand"
"GEN24_1064573","Yes","I did not receive any information"
"GEN24_1064585","Yes","I did not receive any information"
"GEN24_1064611","Yes","While in New Zealand"
"GEN24_1064666","Yes","Before arriving in New Zealand"
"GEN24_1064669","Yes","Before arriving in New Zealand"
"GEN24_1064671","Yes","Before arriving in New Zealand"
"GEN24_1064672","Yes","While in New Zealand"
"GEN24_1064727","No",NA
"GEN24_1064732","Yes","I did not receive any information"
"GEN24_1064742","Yes","I did not receive any information"
"GEN24_1064748","Yes","While in New Zealand"
"GEN24_1064754","Yes","Before arriving in New Zealand"
"GEN24_1064763","No",NA
"GEN24_1064788","No",NA
"GEN24_1064796","Yes","I did not receive any information"
"GEN24_1064797","Yes","I did not receive any information"
"GEN24_1064809","No",NA
"GEN24_1064831","Yes","Before arriving in New Zealand"
"GEN24_1064837","Yes","I did not receive any information"
"GEN24_1064844","No",NA
"GEN24_1064854","Yes","While in New Zealand"
"GEN24_1064855","Yes","I did not receive any information"
"GEN24_1064894","No",NA
"GEN24_1064902","No",NA
"GEN24_1064903","Yes","Before arriving in New Zealand"
"GEN24_1064908","Yes","Before arriving in New Zealand"
"GEN24_1064913","Yes","Before arriving in New Zealand"
"GEN24_1064913","Yes","While in New Zealand"
"GEN24_1064951","Yes","I did not receive any information"
"GEN24_1064963","Yes","Before arriving in New Zealand"
"GEN24_1064963","Yes","While in New Zealand"
"GEN24_1064988","Yes","Before arriving in New Zealand"
"GEN24_1064991","No",NA
"GEN24_1065007","Yes","Before arriving in New Zealand"
"GEN24_1065016","Yes","While in New Zealand"
"GEN24_1065024","No",NA
"GEN24_1065038","Yes","I did not receive any information"
"GEN24_1065071","Yes","While in New Zealand"
"GEN24_1065072","Yes","Before arriving in New Zealand"
"GEN24_1065072","Yes","While in New Zealand"
"GEN24_1065083","Yes","I did not receive any information"
"GEN24_1065112","Yes","Before arriving in New Zealand"
"GEN24_1065149","Yes","I did not receive any information"
"GEN24_1065152","No",NA
"GEN24_1065157","Yes","Before arriving in New Zealand"
"GEN24_1065214","Yes","Before arriving in New Zealand"
"GEN24_1065216","Yes","Before arriving in New Zealand"
"GEN24_1065216","Yes","While in New Zealand"
"GEN24_1065220","Yes","I did not receive any information"
"GEN24_1065226","Yes","While in New Zealand"
"GEN24_1065279","Yes","Before arriving in New Zealand"
"GEN24_1065287","No",NA
"GEN24_1065300","Yes","Before arriving in New Zealand"
"GEN24_1065307","Yes","Before arriving in New Zealand"
"GEN24_1065324","Yes","Before arriving in New Zealand"
"GEN24_1065330","Yes","I did not receive any information"
"GEN24_1065331","Yes","Before arriving in New Zealand"
"GEN24_1065345","Yes","I did not receive any information"
"GEN24_1065361","No",NA
"GEN24_1065389","Yes","While in New Zealand"
"GEN24_1065393","Yes","Before arriving in New Zealand"
"GEN24_1065465","No",NA
"GEN24_1065517","No",NA
"GEN24_1065525","No",NA
"GEN24_1065526","No",NA
"GEN24_1065527","Yes","Before arriving in New Zealand"
"GEN24_1065539","Yes","Before arriving in New Zealand"
"GEN24_1065539","Yes","While in New Zealand"
"GEN24_1065543","No",NA
"GEN24_1065550","Yes","Before arriving in New Zealand"
"GEN24_1065579","Yes","Before arriving in New Zealand"
"GEN24_1065583","Yes","I did not receive any information"
"GEN24_1065592","No",NA
"GEN24_1065610","No",NA
"GEN24_1065621","Yes","I did not receive any information"
"GEN24_1065627","Yes","Before arriving in New Zealand"
"GEN24_1065627","Yes","While in New Zealand"
"GEN24_1065643","Yes","While in New Zealand"
"GEN24_1065648","Yes","Before arriving in New Zealand"
"GEN24_1065679","No",NA
"GEN24_1065680","Yes","I did not receive any information"
"GEN24_1065689","Yes","I did not receive any information"
"GEN24_1065733","Yes","I did not receive any information"
"GEN24_1065749","No",NA
"GEN24_1065753","No",NA
"GEN24_1065754","No",NA
"GEN24_1065769","No",NA
"GEN24_1065786","No",NA
"GEN24_1065808","No",NA
"GEN24_1065813","Yes","Before arriving in New Zealand"
"GEN24_1065876","No",NA
"GEN24_1065904","Yes","Before arriving in New Zealand"
"GEN24_1065904","Yes","While in New Zealand"
"GEN24_1065910","No",NA
"GEN24_1065936","Yes","While in New Zealand"
"GEN24_1065940","Yes","I did not receive any information"
"GEN24_1065963","Yes","I did not receive any information"
"GEN24_1065966","Yes","Before arriving in New Zealand"
"GEN24_1065978","No",NA
"GEN24_1065980","No",NA
"GEN24_1065982","Yes","Before arriving in New Zealand"
"GEN24_1065984","Yes","I did not receive any information"
"GEN24_1065987","Yes","I did not receive any information"
"GEN24_1065989","Yes","Before arriving in New Zealand"
"GEN24_1065996","Yes","While in New Zealand"
"GEN24_1065999","Yes","I did not receive any information"
"GEN24_1066025","No",NA
"GEN24_1066027","Yes","Before arriving in New Zealand"
"GEN24_1066027","Yes","While in New Zealand"
"GEN24_1066028","Yes","I did not receive any information"
"GEN24_1066067","Yes","Before arriving in New Zealand"
"GEN24_1066067","Yes","While in New Zealand"
"GEN24_1066079","Yes","Before arriving in New Zealand"
"GEN24_1066085","Yes","Before arriving in New Zealand"
"GEN24_1066087","No",NA
"GEN24_1066095","No",NA
"GEN24_1066115","No",NA
"GEN24_1066122","Yes","Before arriving in New Zealand"
"GEN24_1066122","Yes","While in New Zealand"
"GEN24_1066127","Yes","I did not receive any information"
"GEN24_1066167","Yes","I did not receive any information"
"GEN24_1066168","Yes","I did not receive any information"
"GEN24_1066173","Yes","I did not receive any information"
"GEN24_1066183","Yes","Before arriving in New Zealand"
"GEN24_1066184","Yes","I did not receive any information"
"GEN24_1066186","Yes","I did not receive any information"
"GEN24_1066188","Yes","I did not receive any information"
"GEN24_1066190","Yes","Before arriving in New Zealand"
"GEN24_1066190","Yes","While in New Zealand"
"GEN24_1066210","Yes","Before arriving in New Zealand"
"GEN24_1066210","Yes","While in New Zealand"
"GEN24_1066211","No",NA
"GEN24_1066214","Yes","Before arriving in New Zealand"
"GEN24_1066215","Yes","I did not receive any information"
"GEN24_1066237","Yes","Before arriving in New Zealand"
"GEN24_1066261","Yes","I did not receive any information"
"GEN24_1066267","No",NA
"GEN24_1066286","Yes","I did not receive any information"
"GEN24_1066292","Yes","Before arriving in New Zealand"
"GEN24_1066293","No",NA
"GEN24_1066308","Yes","While in New Zealand"
"GEN24_1066309","Yes","I did not receive any information"
"GEN24_1066319","Yes","I did not receive any information"
"GEN24_1066327","No",NA
"GEN24_1066368","Yes","I did not receive any information"
"GEN24_1066388","Yes","I did not receive any information"
"GEN24_1066391","Yes","I did not receive any information"
"GEN24_1066405","Yes","While in New Zealand"
"GEN24_1066407","No",NA
"GEN24_1066413","No",NA
"GEN24_1066443","Yes","I did not receive any information"
"GEN24_1066461","Yes","I did not receive any information"
"GEN24_1066465","No",NA
"GEN24_1066466","No",NA
"GEN24_1066486","Yes","I did not receive any information"
"GEN24_1066491","No",NA
"GEN24_1066498","Yes","I did not receive any information"
"GEN24_1066509","Yes","I did not receive any information"
"GEN24_1066519","Yes","While in New Zealand"
"GEN24_1066535","No",NA
"GEN24_1066556","No",NA
"GEN24_1066598","Yes","Before arriving in New Zealand"
"GEN24_1066608","Yes","Before arriving in New Zealand"
"GEN24_1066617","Yes","Before arriving in New Zealand"
"GEN24_1066621","No",NA
"GEN24_1066663","Yes","Before arriving in New Zealand"
"GEN24_1066665","No",NA
"GEN24_1066698","Yes","I did not receive any information"
"GEN24_1066699","Yes","I did not receive any information"
"GEN24_1066702","Yes","I did not receive any information"
"GEN24_1066704","Yes","Before arriving in New Zealand"
"GEN24_1066725","Yes","I did not receive any information"
"GEN24_1066728","No",NA
"GEN24_1066742","Yes","I did not receive any information"
"GEN24_1066747","Yes","I did not receive any information"
"GEN24_1066749","No",NA
"GEN24_1066753","Yes","While in New Zealand"
"GEN24_1066756","No",NA
"GEN24_1066797","No",NA
"GEN24_1066817","Yes","I did not receive any information"
"GEN24_1066824","Yes","While in New Zealand"
"GEN24_1066861","No",NA
"GEN24_1066863","No",NA
"GEN24_1066869","Yes","Before arriving in New Zealand"
"GEN24_1066873","Yes","While in New Zealand"
"GEN24_1066887","No",NA
"GEN24_1066894","Yes","Before arriving in New Zealand"
"GEN24_1066894","Yes","While in New Zealand"
"GEN24_1066933","Yes","While in New Zealand"
"GEN24_1066946","Yes","Before arriving in New Zealand"
"GEN24_1066946","Yes","While in New Zealand"
"GEN24_1066958","Yes","I did not receive any information"
"GEN24_1066961","Yes","While in New Zealand"
"GEN24_1066967","Yes","Before arriving in New Zealand"
"GEN24_1066980","Yes","I did not receive any information"
"GEN24_1066981","Yes","I did not receive any information"
"GEN24_1066987","Yes","Before arriving in New Zealand"
"GEN24_1067012","Yes","While in New Zealand"
"GEN24_1067015","No",NA
"GEN24_1067018","No",NA
"GEN24_1067023","Yes","While in New Zealand"
"GEN24_1067025","Yes","I did not receive any information"
"GEN24_1067034","Yes","I did not receive any information"
"GEN24_1067050","Yes","I did not receive any information"
"GEN24_1067063","Yes","Before arriving in New Zealand"
"GEN24_1067066","No",NA
"GEN24_1067074","Yes","I did not receive any information"
"GEN24_1067081","Yes","While in New Zealand"
"GEN24_1067088","No",NA
"GEN24_1067091","No",NA
"GEN24_1067094","No",NA
"GEN24_1067111","Yes","Before arriving in New Zealand"
"GEN24_1067115","Yes","I did not receive any information"
"GEN24_1067133","Yes","I did not receive any information"
"GEN24_1067134","Yes","I did not receive any information"
"GEN24_1067137","No",NA
"GEN24_1067171","No",NA
"GEN24_1067177","No",NA
"GEN24_1067181","Yes","While in New Zealand"
"GEN24_1067198","Yes","Before arriving in New Zealand"
"GEN24_1067209","Yes","I did not receive any information"
"GEN24_1067215","Yes","I did not receive any information"
"GEN24_1067230","Yes","I did not receive any information"
"GEN24_1067233","Yes","I did not receive any information"
"GEN24_1067263","Yes","I did not receive any information"
"GEN24_1067272","Yes","I did not receive any information"
"GEN24_1067284","Yes","Before arriving in New Zealand"
"GEN24_1067286","No",NA
"GEN24_1067290","Yes","I did not receive any information"
"GEN24_1067295","Yes","While in New Zealand"
"GEN24_1067297","Yes","While in New Zealand"
"GEN24_1067298","No",NA
"GEN24_1067299","No",NA
"GEN24_1067302","No",NA
"GEN24_1067304","Yes","I did not receive any information"
"GEN24_1067312","Yes","I did not receive any information"
"GEN24_1067313","No",NA
"GEN24_1067317","Yes","Before arriving in New Zealand"
"GEN24_1067323","Yes","I did not receive any information"
"GEN24_1067335","Yes","I did not receive any information"
"GEN24_1067392","Yes","Before arriving in New Zealand"
"GEN24_1067412","No",NA
"GEN24_1067415","Yes","I did not receive any information"
"GEN24_1067419","Yes","Before arriving in New Zealand"
"GEN24_1067424","No",NA
"GEN24_1067426","Yes","Before arriving in New Zealand"
"GEN24_1067438","No",NA
"GEN24_1067457","Yes","Before arriving in New Zealand"
"GEN24_1067460","Yes","I did not receive any information"
"GEN24_1067485","Yes","I did not receive any information"
"GEN24_1067495","No",NA
"GEN24_1067498","No",NA
"GEN24_1067512","No",NA
"GEN24_1067535","No",NA
"GEN24_1067540","Yes","I did not receive any information"
"GEN24_1067546","Yes","Before arriving in New Zealand"
"GEN24_1067561","No",NA
"GEN24_1067568","No",NA
"GEN24_1067595","No",NA
"GEN24_1067596","No",NA
"GEN24_1067605","Yes","Before arriving in New Zealand"
"GEN24_1067629","Yes","I did not receive any information"
"GEN24_1067655","Yes","I did not receive any information"
"GEN24_1067689","Yes","I did not receive any information"
"GEN24_1067716","Yes","I did not receive any information"
"GEN24_1067719","Yes","I did not receive any information"
"GEN24_1067728","Yes","I did not receive any information"
"GEN24_1067736","Yes","I did not receive any information"
"GEN24_1067738","Yes","I did not receive any information"
"GEN24_1067742","Yes","While in New Zealand"
"GEN24_1067744","Yes","I did not receive any information"
"GEN24_1067772","Yes","I did not receive any information"
"GEN24_1067803","No",NA
"GEN24_1067804","No",NA
"GEN24_1067818","Yes","I did not receive any information"
"GEN24_1067821","Yes","Before arriving in New Zealand"
"GEN24_1067821","Yes","While in New Zealand"
"GEN24_1067822","Yes","I did not receive any information"
"GEN24_1067824","Yes","While in New Zealand"
"GEN24_1067825","Yes","While in New Zealand"
"GEN24_1067826","Yes","While in New Zealand"
"GEN24_1067828","Yes","I did not receive any information"
"GEN24_1067830","Yes","I did not receive any information"
"GEN24_1067834","No",NA
"GEN24_1067835","Yes","While in New Zealand"
"GEN24_1067836","Yes","Before arriving in New Zealand"
"GEN24_1067841","Yes","I did not receive any information"
"GEN24_1067844","No",NA
"GEN24_1067845","Yes","Before arriving in New Zealand"
"GEN24_1067853","Yes","Before arriving in New Zealand"
"GEN24_1067853","Yes","While in New Zealand"
"GEN24_1067859","No",NA
"GEN24_1067860","No",NA
"GEN24_1067869","No",NA
"GEN24_1067890","Yes","Before arriving in New Zealand"
"GEN24_1067904","Yes","While in New Zealand"
"GEN24_1067907","No",NA
"GEN24_1067910","Yes","I did not receive any information"
"GEN24_1067925","Yes","I did not receive any information"
"GEN24_1067926","No",NA
"GEN24_1067929","Yes","I did not receive any information"
"GEN24_1067948","Yes","Before arriving in New Zealand"
"GEN24_1067968","Yes","While in New Zealand"
"GEN24_1067969","Yes","While in New Zealand"
"GEN24_1067972","Yes","I did not receive any information"
"GEN24_1067982","No",NA
"GEN24_1067993","No",NA
"GEN24_1068025","No",NA
"GEN24_1068032","No",NA
"GEN24_1068056","No",NA
"GEN24_1068057","Yes","I did not receive any information"
"GEN24_1068072","No",NA
"GEN24_1068079","Yes","Before arriving in New Zealand"
"GEN24_1068079","Yes","While in New Zealand"
"GEN24_1068080","No",NA
"GEN24_1068099","No",NA
"GEN24_1068104","No",NA
"GEN24_1068130","Yes","I did not receive any information"
"GEN24_1068136","Yes","Before arriving in New Zealand"
"GEN24_1068142","No",NA
"GEN24_1068163","No",NA
"GEN24_1068164","Yes","I did not receive any information"
"GEN24_1068170","Yes","Before arriving in New Zealand"
"GEN24_1068173","Yes","I did not receive any information"
"GEN24_1068192","No",NA
"GEN24_1068193","No",NA
"GEN24_1068216","Yes","Before arriving in New Zealand"
"GEN24_1068216","Yes","While in New Zealand"
"GEN24_1068222","Yes","Before arriving in New Zealand"
"GEN24_1068224","Yes","Before arriving in New Zealand"
"GEN24_1068225","Yes","While in New Zealand"
"GEN24_1068261","Yes","I did not receive any information"
"GEN24_1068285","Yes","I did not receive any information"
"GEN24_1068286","No",NA
"GEN24_1068299","Yes","I did not receive any information"
"GEN24_1068301","Yes","Before arriving in New Zealand"
"GEN24_1068308","No",NA
"GEN24_1068310","No",NA
"GEN24_1068318","No",NA
"GEN24_1068321","No",NA
"GEN24_1068323","Yes","I did not receive any information"
"GEN24_1068324","Yes","Before arriving in New Zealand"
"GEN24_1068340","No",NA
"GEN24_1068350","No",NA
"GEN24_1068362","Yes","While in New Zealand"
"GEN24_1068383","Yes","I did not receive any information"
"GEN24_1068384","Yes","I did not receive any information"
"GEN24_1068400","Yes","I did not receive any information"
"GEN24_1068434","Yes","Before arriving in New Zealand"
"GEN24_1068443","Yes","While in New Zealand"
"GEN24_1068483","Yes","Before arriving in New Zealand"
"GEN24_1068483","Yes","While in New Zealand"
"GEN24_1068485","No",NA
"GEN24_1068496","Yes","Before arriving in New Zealand"
"GEN24_1068496","Yes","While in New Zealand"
"GEN24_1068498","Yes","Before arriving in New Zealand"
"GEN24_1068498","Yes","While in New Zealand"
"GEN24_1068499","Yes","I did not receive any information"
"GEN24_1068501","Yes","Before arriving in New Zealand"
"GEN24_1068508","Yes","I did not receive any information"
"GEN24_1068521","Yes","I did not receive any information"
"GEN24_1068525","Yes","I did not receive any information"
"GEN24_1068554","No",NA
"GEN24_1068571","Yes","Before arriving in New Zealand"
"GEN24_1068579","Yes","Before arriving in New Zealand"
"GEN24_1068595","Yes","I did not receive any information"
"GEN24_1068599","Yes","I did not receive any information"
"GEN24_1068604","Yes","Before arriving in New Zealand"
"GEN24_1068629","Yes","I did not receive any information"
"GEN24_1068631","Yes","I did not receive any information"
"GEN24_1068656","Yes","I did not receive any information"
"GEN24_1068658","No",NA
"GEN24_1068661","No",NA
"GEN24_1068663","Yes","Before arriving in New Zealand"
"GEN24_1068663","Yes","While in New Zealand"
"GEN24_1068664","Yes","Before arriving in New Zealand"
"GEN24_1068665","Yes","Before arriving in New Zealand"
"GEN24_1068681","Yes","While in New Zealand"
"GEN24_1068703","Yes","I did not receive any information"
"GEN24_1068706","Yes","While in New Zealand"
"GEN24_1068725","Yes","I did not receive any information"
"GEN24_1068743","No",NA
"GEN24_1068776","Yes","I did not receive any information"
"GEN24_1068777","Yes","I did not receive any information"
"GEN24_1068780","Yes","Before arriving in New Zealand"
"GEN24_1068784","Yes","While in New Zealand"
"GEN24_1068791","Yes","I did not receive any information"
"GEN24_1068792","Yes","Before arriving in New Zealand"
"GEN24_1068809","Yes","While in New Zealand"
"GEN24_1068829","Yes","I did not receive any information"
"GEN24_1068835","Yes","While in New Zealand"
"GEN24_1068852","Yes","Before arriving in New Zealand"
"GEN24_1068865","Yes","I did not receive any information"
"GEN24_1068876","Yes","I did not receive any information"
"GEN24_1068878","Yes","While in New Zealand"
"GEN24_1068890","Yes","Before arriving in New Zealand"
"GEN24_1068905","Yes","I did not receive any information"
"GEN24_1068912","Yes","I did not receive any information"
"GEN24_1068917","No",NA
"GEN24_1068928","Yes","Before arriving in New Zealand"
"GEN24_1068928","Yes","While in New Zealand"
"GEN24_1068933","No",NA
"GEN24_1068967","Yes","Before arriving in New Zealand"
"GEN24_1068969","No",NA
"GEN24_1068976","Yes","While in New Zealand"
"GEN24_1068979","No",NA
"GEN24_1068982","No",NA
"GEN24_1068989","Yes","I did not receive any information"
"GEN24_1068991","No",NA
"GEN24_1069004","Yes","I did not receive any information"
"GEN24_1069008","Yes","Before arriving in New Zealand"
"GEN24_1069010","Yes","I did not receive any information"
"GEN24_1069020","Yes","I did not receive any information"
"GEN24_1069022","No",NA
"GEN24_1069071","Yes","I did not receive any information"
"GEN24_1069073","No",NA
"GEN24_1069089","Yes","Before arriving in New Zealand"
"GEN24_1069095","Yes","I did not receive any information"
"GEN24_1069105","Yes","Before arriving in New Zealand"
"GEN24_1069106","Yes","I did not receive any information"
"GEN24_1069113","Yes","While in New Zealand"
"GEN24_1069115","Yes","While in New Zealand"
"GEN24_1069133","Yes","I did not receive any information"
"GEN24_1069136","No",NA
"GEN24_1069141","Yes","While in New Zealand"
"GEN24_1069154","Yes","I did not receive any information"
"GEN24_1069163","No",NA
"GEN24_1069184","Yes","Before arriving in New Zealand"
"GEN24_1069185","Yes","Before arriving in New Zealand"
"GEN24_1069185","Yes","While in New Zealand"
"GEN24_1069191","Yes","While in New Zealand"
"GEN24_1069194","Yes","I did not receive any information"
"GEN24_1069195","Can’t remember",NA
"GEN24_1069207","Yes","Before arriving in New Zealand"
"GEN24_1069217","No",NA
"GEN24_1069259","Yes","While in New Zealand"
"GEN24_1069265","No",NA
"GEN24_1069277","Yes","While in New Zealand"
"GEN24_1069278","Yes","I did not receive any information"
"GEN24_1069307","No",NA
"GEN24_1069325","No",NA
"GEN24_1069339","Yes","I did not receive any information"
"GEN24_1069350","No",NA
"GEN24_1069356","Yes","I did not receive any information"
"GEN24_1069370","Yes","Before arriving in New Zealand"
"GEN24_1069376","No",NA
"GEN24_1069389","Yes","I did not receive any information"
"GEN24_1069394","Yes","Before arriving in New Zealand"
"GEN24_1069420","Yes","I did not receive any information"
"GEN24_1069428","No",NA
"GEN24_1069432","No",NA
"GEN24_1069435","No",NA
"GEN24_1069445","No",NA
"GEN24_1069472","Yes","I did not receive any information"
"GEN24_1069485","Yes","I did not receive any information"
"GEN24_1069534","No",NA
"GEN24_1069535","Yes","I did not receive any information"
"GEN24_1069540","Yes","I did not receive any information"
"GEN24_1069556","No",NA
"GEN24_1069557","Yes","I did not receive any information"
"GEN24_1069565","Yes","Before arriving in New Zealand"
"GEN24_1069597","Yes","I did not receive any information"
"GEN24_1069601","No",NA
"GEN24_1069615","Yes","While in New Zealand"
"GEN24_1069624","Yes","I did not receive any information"
"GEN24_1069631","Yes","I did not receive any information"
"GEN24_1069646","No",NA
"GEN24_1069658","No",NA
"GEN24_1069663","Yes","While in New Zealand"
"GEN24_1069666","Yes","Before arriving in New Zealand"
"GEN24_1069687","Yes","Before arriving in New Zealand"
"GEN24_1069699","Yes","While in New Zealand"
"GEN24_1069702","Yes","While in New Zealand"
"GEN24_1069703","Yes","Before arriving in New Zealand"
"GEN24_1069705","Yes","Before arriving in New Zealand"
"GEN24_1069716","Yes","I did not receive any information"
"GEN24_1069717","No",NA
"GEN24_1069725","No",NA
"GEN24_1069726","Yes","Before arriving in New Zealand"
"GEN24_1069727","No",NA
"GEN24_1069738","Yes","I did not receive any information"
"GEN24_1069739","Yes","I did not receive any information"
"GEN24_1069744","Yes","I did not receive any information"
"GEN24_1069757","Yes","Before arriving in New Zealand"
"GEN24_1069770","No",NA
"GEN24_1069777","Yes","While in New Zealand"
"GEN24_1069779","Yes","I did not receive any information"
"GEN24_1069781","Yes","I did not receive any information"
"GEN24_1069785","Yes","I did not receive any information"
"GEN24_1069791","No",NA
"GEN24_1069799","Yes","I did not receive any information"
"GEN24_1069820","Yes","Before arriving in New Zealand"
"GEN24_1069820","Yes","While in New Zealand"
"GEN24_1069837","Yes","Before arriving in New Zealand"
"GEN24_1069846","Yes","I did not receive any information"
"GEN24_1069854","Yes","I did not receive any information"
"GEN24_1069855","Yes","Before arriving in New Zealand"
"GEN24_1069855","Yes","While in New Zealand"
"GEN24_1069866","Yes","I did not receive any information"
"GEN24_1069869","No",NA
"GEN24_1069874","Yes","Before arriving in New Zealand"
"GEN24_1069890","Yes","Before arriving in New Zealand"
"GEN24_1069896","Yes","Before arriving in New Zealand"
"GEN24_1069902","No",NA
"GEN24_1069907","Yes","Before arriving in New Zealand"
"GEN24_1069907","Yes","While in New Zealand"
"GEN24_1069911","No",NA
"GEN24_1069936","Yes","Before arriving in New Zealand"
"GEN24_1069977","Yes","While in New Zealand"
"GEN24_1069979","Yes","While in New Zealand"
"GEN24_1069983","Yes","I did not receive any information"
"GEN24_1069985","Yes","I did not receive any information"
"GEN24_1069990","Yes","While in New Zealand"
"GEN24_1069991","Yes","Before arriving in New Zealand"
"GEN24_1069991","Yes","While in New Zealand"
"GEN24_1069996","Yes","Before arriving in New Zealand"
"GEN24_1070013","Yes","I did not receive any information"
"GEN24_1070034","No",NA
"GEN24_1070036","No",NA
"GEN24_1070041","No",NA
"GEN24_1070045","Yes","I did not receive any information"
"GEN24_1070046","Yes","I did not receive any information"
"GEN24_1070048","No",NA
"GEN24_1070049","Yes","I did not receive any information"
"GEN24_1070051","Yes","I did not receive any information"
"GEN24_1070056","Yes","I did not receive any information"
"GEN24_1070059","Yes","I did not receive any information"
"GEN24_1070061","Yes","I did not receive any information"
"GEN24_1070076","Yes","While in New Zealand"
"GEN24_1070077","Yes","I did not receive any information"
"GEN24_1070079","Yes","Before arriving in New Zealand"
"GEN24_1070088","Yes","Before arriving in New Zealand"
"GEN24_1070092","Yes","I did not receive any information"
"GEN24_1070096","No",NA
"GEN24_1070100","Yes","Before arriving in New Zealand"
"GEN24_1070108","No",NA
"GEN24_1070124","Yes","Before arriving in New Zealand"
"GEN24_1070125","Yes","Before arriving in New Zealand"
"GEN24_1070125","Yes","While in New Zealand"
"GEN24_1070128","Yes","Before arriving in New Zealand"
"GEN24_1070128","Yes","While in New Zealand"
"GEN24_1070129","No",NA
"GEN24_1070136","Yes","I did not receive any information"
"GEN24_1070138","Yes","While in New Zealand"
"GEN24_1070139","Yes","Before arriving in New Zealand"
"GEN24_1070148","No",NA
"GEN24_1070149","Yes","Before arriving in New Zealand"
"GEN24_1070151","No",NA
"GEN24_1070161","No",NA
"GEN24_1070177","Yes","I did not receive any information"
"GEN24_1070178","No",NA
"GEN24_1070187","No",NA
"GEN24_1070191","No",NA
"GEN24_1070205","Yes","I did not receive any information"
"GEN24_1070208","Yes","I did not receive any information"
"GEN24_1070209","Yes","Before arriving in New Zealand"
"GEN24_1070220","Yes","Before arriving in New Zealand"
"GEN24_1070230","Yes","Before arriving in New Zealand"
"GEN24_1070249","Yes","I did not receive any information"
"GEN24_1070250","Yes","Before arriving in New Zealand"
"GEN24_1070269","Yes","I did not receive any information"
"GEN24_1070274","Yes","Before arriving in New Zealand"
"GEN24_1070282","Yes","While in New Zealand"
"GEN24_1070291","No",NA
"GEN24_1070292","Yes","While in New Zealand"
"GEN24_1070295","Yes","Before arriving in New Zealand"
"GEN24_1070295","Yes","While in New Zealand"
"GEN24_1070298","No",NA
"GEN24_1070299","No",NA
"GEN24_1070310","Yes","I did not receive any information"
"GEN24_1070311","Yes","Before arriving in New Zealand"
"GEN24_1070311","Yes","While in New Zealand"
"GEN24_1070312","Yes","I did not receive any information"
"GEN24_1070313","No",NA
"GEN24_1070322","Yes","Before arriving in New Zealand"
"GEN24_1070354","Yes","Before arriving in New Zealand"
"GEN24_1070360","Yes","While in New Zealand"
"GEN24_1070366","Yes","I did not receive any information"
"GEN24_1070368","Yes","I did not receive any information"
"GEN24_1070375","No",NA
"GEN24_1070385","Yes","I did not receive any information"
"GEN24_1070406","No",NA
"GEN24_1070430","No",NA
"GEN24_1070436","No",NA
"GEN24_1070449","Yes","I did not receive any information"
"GEN24_1070456","Yes","I did not receive any information"
"GEN24_1070480","No",NA
"GEN24_1070487","Yes","I did not receive any information"
"GEN24_1070489","Yes","Before arriving in New Zealand"
"GEN24_1070493","Yes","Before arriving in New Zealand"
"GEN24_1070509","Yes","I did not receive any information"
"GEN24_1070517","No",NA
"GEN24_1070529","Yes","While in New Zealand"
"GEN24_1070547","Yes","Before arriving in New Zealand"
"GEN24_1070549","Yes","Before arriving in New Zealand"
"GEN24_1070549","Yes","While in New Zealand"
"GEN24_1070553","Yes","I did not receive any information"
"GEN24_1070557","Yes","Before arriving in New Zealand"
"GEN24_1070565","Yes","Before arriving in New Zealand"
"GEN24_1070569","Yes","Before arriving in New Zealand"
"GEN24_1070574","Yes","I did not receive any information"
"GEN24_1070591","No",NA
"GEN24_1070594","Yes","Before arriving in New Zealand"
"GEN24_1070597","Yes","I did not receive any information"
"GEN24_1070601","Yes","I did not receive any information"
"GEN24_1070615","No",NA
"GEN24_1070617","Yes","I did not receive any information"
"GEN24_1070619","Yes","While in New Zealand"
"GEN24_1070631","Yes","While in New Zealand"
"GEN24_1070632","No",NA
"GEN24_1070639","Yes","I did not receive any information"
"GEN24_1070645","No",NA
"GEN24_1070662","No",NA
"GEN24_1070668","Yes","Before arriving in New Zealand"
"GEN24_1070673","No",NA
"GEN24_1070677","Yes","Before arriving in New Zealand"
"GEN24_1070689","Yes","Before arriving in New Zealand"
"GEN24_1070689","Yes","While in New Zealand"
"GEN24_1070690","Yes","While in New Zealand"
"GEN24_1070715","Yes","While in New Zealand"
"GEN24_1070724","Yes","Before arriving in New Zealand"
"GEN24_1070727","Yes","Before arriving in New Zealand"
"GEN24_1070731","Yes","I did not receive any information"
"GEN24_1070737","Yes","Before arriving in New Zealand"
"GEN24_1070747","No",NA
"GEN24_1070759","Yes","Before arriving in New Zealand"
"GEN24_1070762","Yes","Before arriving in New Zealand"
"GEN24_1070765","Yes","Before arriving in New Zealand"
"GEN24_1070769","No",NA
"GEN24_1070785","Yes","While in New Zealand"
"GEN24_1070792","Yes","I did not receive any information"
"GEN24_1070794","Yes","I did not receive any information"
"GEN24_1070795","No",NA
"GEN24_1070796","Yes","I did not receive any information"
"GEN24_1070799","Yes","Before arriving in New Zealand"
"GEN24_1070799","Yes","While in New Zealand"
"GEN24_1070800","Yes","I did not receive any information"
"GEN24_1070801","Yes","Before arriving in New Zealand"
"GEN24_1070820","No",NA
"GEN24_1070828","Yes","Before arriving in New Zealand"
"GEN24_1070842","Yes","I did not receive any information"
"GEN24_1070843","Yes","Before arriving in New Zealand"
"GEN24_1070843","Yes","While in New Zealand"
"GEN24_1070851","Yes","I did not receive any information"
"GEN24_1070861","Yes","While in New Zealand"
"GEN24_1070911","Yes","Before arriving in New Zealand"
"GEN24_1070920","No",NA
"GEN24_1070940","No",NA
"GEN24_1070943","Yes","Before arriving in New Zealand"
"GEN24_1070943","Yes","While in New Zealand"
"GEN24_1070946","No",NA
"GEN24_1070957","Yes","Before arriving in New Zealand"
"GEN24_1070957","Yes","While in New Zealand"
"GEN24_1070960","Yes","While in New Zealand"
"GEN24_1070965","Yes","Before arriving in New Zealand"
"GEN24_1070970","Yes","Before arriving in New Zealand"
"GEN24_1070983","Yes","I did not receive any information"
"GEN24_1070992","Yes","I did not receive any information"
"GEN24_1070999","Yes","Before arriving in New Zealand"
"GEN24_1071002","Yes","Before arriving in New Zealand"
"GEN24_1071002","Yes","While in New Zealand"
"GEN24_1071006","No",NA
"GEN24_1071018","Yes","Before arriving in New Zealand"
"GEN24_1071018","Yes","While in New Zealand"
"GEN24_1071024","Yes","I did not receive any information"
"GEN24_1071031","Yes","Before arriving in New Zealand"
"GEN24_1071031","Yes","While in New Zealand"
"GEN24_1071037","Yes","Before arriving in New Zealand"
"GEN24_1071045","No",NA
"GEN24_1071053","Yes","I did not receive any information"
"GEN24_1071055","Yes","I did not receive any information"
"GEN24_1071105","No",NA
"GEN24_1071108","No",NA
"GEN24_1071110","Yes","Before arriving in New Zealand"
"GEN24_1071126","Yes","I did not receive any information"
"GEN24_1071132","Yes","Before arriving in New Zealand"
"GEN24_1071134","Yes","Before arriving in New Zealand"
"GEN24_1071141","Yes","Before arriving in New Zealand"
"GEN24_1071152","Yes","Before arriving in New Zealand"
"GEN24_1071152","Yes","While in New Zealand"
"GEN24_1071157","Yes","While in New Zealand"
"GEN24_1071161","Yes","I did not receive any information"
"GEN24_1071164","Yes","Before arriving in New Zealand"
"GEN24_1071164","Yes","While in New Zealand"
"GEN24_1071174","No",NA
"GEN24_1071191","No",NA
"GEN24_1071203","Yes","I did not receive any information"
"GEN24_1071207","Yes","I did not receive any information"
"GEN24_1071210","No",NA
"GEN24_1071213","Yes","While in New Zealand"
"GEN24_1071225","Yes","Before arriving in New Zealand"
"GEN24_1071233","No",NA
"GEN24_1071234","No",NA
"GEN24_1071236","Yes","I did not receive any information"
"GEN24_1071238","Yes","Before arriving in New Zealand"
"GEN24_1071248","Yes","Before arriving in New Zealand"
"GEN24_1071256","Yes","Before arriving in New Zealand"
"GEN24_1071256","Yes","While in New Zealand"
"GEN24_1071259","Yes","Before arriving in New Zealand"
"GEN24_1071280","No",NA
"GEN24_1071287","No",NA
"GEN24_1071288","Yes","While in New Zealand"
"GEN24_1071289","Yes","Before arriving in New Zealand"
"GEN24_1071325","Yes","Before arriving in New Zealand"
"GEN24_1071342","Yes","Before arriving in New Zealand"
"GEN24_1071353","Yes","Before arriving in New Zealand"
"GEN24_1071363","Yes","Before arriving in New Zealand"
"GEN24_1071379","Yes","Before arriving in New Zealand"
"GEN24_1071394","Yes","Before arriving in New Zealand"
"GEN24_1071397","No",NA
"GEN24_1071398","Yes","I did not receive any information"
"GEN24_1071401","No",NA
"GEN24_1071403","Yes","Before arriving in New Zealand"
"GEN24_1071409","Yes","While in New Zealand"
"GEN24_1071410","No",NA
"GEN24_1071422","Yes","While in New Zealand"
"GEN24_1071428","Yes","I did not receive any information"
"GEN24_1071435","Yes","Before arriving in New Zealand"
"GEN24_1071440","Yes","I did not receive any information"
"GEN24_1071443","No",NA
"GEN24_1071444","Yes","Before arriving in New Zealand"
"GEN24_1071447","Yes","Before arriving in New Zealand"
"GEN24_1071451","Yes","I did not receive any information"
"GEN24_1071457","Yes","Before arriving in New Zealand"
"GEN24_1071458","Yes","Before arriving in New Zealand"
"GEN24_1071466","Yes","While in New Zealand"
"GEN24_1071474","Yes","I did not receive any information"
"GEN24_1071476","Yes","While in New Zealand"
"GEN24_1071479","No",NA
"GEN24_1071488","Yes","I did not receive any information"
"GEN24_1071509","No",NA
"GEN24_1071514","Yes","I did not receive any information"
"GEN24_1071521","Yes","I did not receive any information"
"GEN24_1071522","No",NA
"GEN24_1071527","Yes","I did not receive any information"
"GEN24_1071532","No",NA
"GEN24_1071536","Yes","Before arriving in New Zealand"
"GEN24_1071538","Yes","While in New Zealand"
"GEN24_1071547","Yes","While in New Zealand"
"GEN24_1071554","Yes","While in New Zealand"
"GEN24_1071558","No",NA
"GEN24_1071565","No",NA
"GEN24_1071572","No",NA
"GEN24_1071575","No",NA
"GEN24_1071591","Yes","Before arriving in New Zealand"
"GEN24_1071594","Yes","I did not receive any information"
"GEN24_1071600","No",NA
"GEN24_1071604","Yes","Before arriving in New Zealand"
"GEN24_1071626","Yes","Before arriving in New Zealand"
"GEN24_1071626","Yes","While in New Zealand"
"GEN24_1071628","Yes","While in New Zealand"
"GEN24_1071629","Yes","Before arriving in New Zealand"
"GEN24_1071637","Yes","I did not receive any information"
"GEN24_1071645","Yes","Before arriving in New Zealand"
"GEN24_1071659","Yes","While in New Zealand"
"GEN24_1071667","No",NA
"GEN24_1071676","Yes","I did not receive any information"
"GEN24_1071693","Yes","Before arriving in New Zealand"
"GEN24_1071693","Yes","While in New Zealand"
"GEN24_1071694","No",NA
"GEN24_1071696","Yes","I did not receive any information"
"GEN24_1071698","Yes","Before arriving in New Zealand"
"GEN24_1071706","Yes","I did not receive any information"
"GEN24_1071709","Yes","Before arriving in New Zealand"
"GEN24_1071710","Yes","Before arriving in New Zealand"
"GEN24_1071717","No",NA
"GEN24_1071728","Yes","I did not receive any information"
"GEN24_1071744","Yes","I did not receive any information"
"GEN24_1071745","Yes",NA
"GEN24_1071748","No",NA
"GEN24_1071763","Yes","Before arriving in New Zealand"
"GEN24_1071763","Yes","While in New Zealand"
"GEN24_1071768","No",NA
"GEN24_1071789","Yes","I did not receive any information"
"GEN24_1071795","Yes","Before arriving in New Zealand"
"GEN24_1071795","Yes","While in New Zealand"
"GEN24_1071799","Yes","I did not receive any information"
"GEN24_1071800","Yes","Before arriving in New Zealand"
"GEN24_1071802","No",NA
"GEN24_1071806","No",NA
"GEN24_1071811","No",NA
"GEN24_1071812","Yes","I did not receive any information"
"GEN24_1071830","No",NA
"GEN24_1071839","No",NA
"GEN24_1071842","Yes","Before arriving in New Zealand"
"GEN24_1071849","Yes","I did not receive any information"
"GEN24_1071884","Yes","Before arriving in New Zealand"
"GEN24_1071899","Yes","Before arriving in New Zealand"
"GEN24_1071910","Yes","Before arriving in New Zealand"
"GEN24_1071913","Yes","Before arriving in New Zealand"
"GEN24_1071914","Yes","I did not receive any information"
"GEN24_1071921","Yes","Before arriving in New Zealand"
"GEN24_1071934","Yes","Before arriving in New Zealand"
"GEN24_1071940","Yes","While in New Zealand"
"GEN24_1071942","No",NA
"GEN24_1071943","No",NA
"GEN24_1071957","Yes","Before arriving in New Zealand"
"GEN24_1071958","Yes","I did not receive any information"
"GEN24_1071962","Yes","Before arriving in New Zealand"
"GEN24_1071966","No",NA
"GEN24_1071977","Yes","Before arriving in New Zealand"
"GEN24_1071979","Yes","Before arriving in New Zealand"
"GEN24_1071982","No",NA
"GEN24_1071984","Yes","Before arriving in New Zealand"
"GEN24_1071991","Yes","Before arriving in New Zealand"
"GEN24_1071999","No",NA
"GEN24_1072004","Yes","I did not receive any information"
"GEN24_1072035","Yes","Before arriving in New Zealand"
"GEN24_1072039","Yes","Before arriving in New Zealand"
"GEN24_1072043","No",NA
"GEN24_1072049","No",NA
"GEN24_1072050","Yes","Before arriving in New Zealand"
"GEN24_1072050","Yes","While in New Zealand"
"GEN24_1072052","Yes","I did not receive any information"
"GEN24_1072055","No",NA
"GEN24_1072073","No",NA
"GEN24_1072096","Yes","I did not receive any information"
"GEN24_1072099","Yes","While in New Zealand"
"GEN24_1072112","Yes","Before arriving in New Zealand"
"GEN24_1072141","Yes","While in New Zealand"
"GEN24_1072143","No",NA
"GEN24_1072147","No",NA
"GEN24_1072163","Yes","I did not receive any information"
"GEN24_1072172","Yes","Before arriving in New Zealand"
"GEN24_1072172","Yes","While in New Zealand"
"GEN24_1072180","Yes","While in New Zealand"
"GEN24_1072189","Yes","I did not receive any information"
"GEN24_1072193","Yes","While in New Zealand"
"GEN24_1072217","No",NA
"GEN24_1072237","Yes","Before arriving in New Zealand"
"GEN24_1072270","No",NA
"GEN24_1072273","Yes","I did not receive any information"
"GEN24_1072287","No",NA
"GEN24_1072288","No",NA
"GEN24_1072290","No",NA
"GEN24_1072292","Yes","Before arriving in New Zealand"
"GEN24_1072293","Yes","Before arriving in New Zealand"
"GEN24_1072298","Yes","Before arriving in New Zealand"
"GEN24_1072298","Yes","While in New Zealand"
"GEN24_1072301","Yes","Before arriving in New Zealand"
"GEN24_1072309","Yes","While in New Zealand"
"GEN24_1072312","Yes","While in New Zealand"
"GEN24_1072317","Yes","I did not receive any information"
"GEN24_1072323","No",NA
"GEN24_1072324","Yes","I did not receive any information"
"GEN24_1072345","Yes","Before arriving in New Zealand"
"GEN24_1072356","No",NA
"GEN24_1072368","Yes","While in New Zealand"
"GEN24_1072376","Yes","Before arriving in New Zealand"
"GEN24_1072380","No",NA
"GEN24_1072390","No",NA
"GEN24_1072408","No",NA
"GEN24_1072424","Yes","Before arriving in New Zealand"
"GEN24_1072433","Yes","I did not receive any information"
"GEN24_1072440","No",NA
"GEN24_1072441","Yes","While in New Zealand"
"GEN24_1072453","No",NA
"GEN24_1072456","Yes","Before arriving in New Zealand"
"GEN24_1072456","Yes","While in New Zealand"
"GEN24_1072462","Yes","I did not receive any information"
"GEN24_1072465","Yes","Before arriving in New Zealand"
"GEN24_1072514","Yes","I did not receive any information"
"GEN24_1072517","No",NA
"GEN24_1072532","Yes","While in New Zealand"
"GEN24_1072541","Yes","While in New Zealand"
"GEN24_1072543","No",NA
"GEN24_1072556","Yes","Before arriving in New Zealand"
"GEN24_1072571","Yes","Before arriving in New Zealand"
"GEN24_1072575","Yes","I did not receive any information"
"GEN24_1072583","No",NA
"GEN24_1072590","No",NA
"GEN24_1072594","Yes","I did not receive any information"
"GEN24_1072601","Yes","I did not receive any information"
"GEN24_1072602","No",NA
"GEN24_1072604","Yes","Before arriving in New Zealand"
"GEN24_1072607","No",NA
"GEN24_1072620","No",NA
"GEN24_1072622","No",NA
"GEN24_1072635","Yes","While in New Zealand"
"GEN24_1072644","Yes","I did not receive any information"
"GEN24_1072670","Yes","Before arriving in New Zealand"
"GEN24_1072675","Yes","I did not receive any information"
"GEN24_1072713","Yes","Before arriving in New Zealand"
"GEN24_1072719","Yes","I did not receive any information"
"GEN24_1072725","Yes","I did not receive any information"
"GEN24_1072730","No",NA
"GEN24_1072750","Yes","Before arriving in New Zealand"
"GEN24_1072765","Yes","I did not receive any information"
"GEN24_1072777","No",NA
"GEN24_1072787","Yes","I did not receive any information"
"GEN24_1072788","No",NA
"GEN24_1072800","Yes","I did not receive any information"
"GEN24_1072804","Yes","Before arriving in New Zealand"
"GEN24_1072804","Yes","While in New Zealand"
"GEN24_1072809","Yes","Before arriving in New Zealand"
"GEN24_1072814","Yes","Before arriving in New Zealand"
"GEN24_1072820","No",NA
"GEN24_1072830","Yes","Before arriving in New Zealand"
"GEN24_1072831","Yes","Before arriving in New Zealand"
"GEN24_1072832","Yes","I did not receive any information"
"GEN24_1072835","Yes","Before arriving in New Zealand"
"GEN24_1072835","Yes","While in New Zealand"
"GEN24_1072837","Yes","Before arriving in New Zealand"
"GEN24_1072839","Yes","Before arriving in New Zealand"
"GEN24_1072896","No",NA
"GEN24_1072907","Yes","While in New Zealand"
"GEN24_1072908","Yes","I did not receive any information"
"GEN24_1072909","Yes","I did not receive any information"
"GEN24_1072921","No",NA
"GEN24_1072922","Yes","Before arriving in New Zealand"
"GEN24_1072926","Yes","While in New Zealand"
"GEN24_1072932","Yes","While in New Zealand"
"GEN24_1072937","Yes","Before arriving in New Zealand"
"GEN24_1072938","Yes","Before arriving in New Zealand"
"GEN24_1072938","Yes","While in New Zealand"
"GEN24_1072944","Yes","While in New Zealand"
"GEN24_1072948","Yes","Before arriving in New Zealand"
"GEN24_1072953","No",NA
"GEN24_1072954","Yes","While in New Zealand"
"GEN24_1072968","No",NA
"GEN24_1072969","Yes","I did not receive any information"
"GEN24_1072971","Yes","Before arriving in New Zealand"
"GEN24_1072973","Yes","Before arriving in New Zealand"
"GEN24_1072973","Yes","While in New Zealand"
"GEN24_1072992","No",NA
"GEN24_1072995","No",NA
"GEN24_1073002","Yes","Before arriving in New Zealand"
"GEN24_1073011","Yes","Before arriving in New Zealand"
"GEN24_1073011","Yes","While in New Zealand"
"GEN24_1073037","Yes","I did not receive any information"
"GEN24_1073038","Yes","I did not receive any information"
"GEN24_1073039","Yes","Before arriving in New Zealand"
"GEN24_1073046","Yes","Before arriving in New Zealand"
"GEN24_1073046","Yes","While in New Zealand"
"GEN24_1073058","Yes","While in New Zealand"
"GEN24_1073066","Yes","I did not receive any information"
"GEN24_1073068","Yes","I did not receive any information"
"GEN24_1073070","Yes","I did not receive any information"
"GEN24_1073091","Yes","While in New Zealand"
"GEN24_1073093","No",NA
"GEN24_1073102","Yes","I did not receive any information"
"GEN24_1073107","Yes","I did not receive any information"
"GEN24_1073130","Yes","Before arriving in New Zealand"
"GEN24_1073133","Yes","I did not receive any information"
"GEN24_1073135","Yes","I did not receive any information"
"GEN24_1073137","Yes","Before arriving in New Zealand"
"GEN24_1073140","Yes","I did not receive any information"
"GEN24_1073144","No",NA
"GEN24_1073150","No",NA
"GEN24_1073153","Yes","Before arriving in New Zealand"
"GEN24_1073154","Yes","Before arriving in New Zealand"
"GEN24_1073158","Yes","I did not receive any information"
"GEN24_1073161","Yes","I did not receive any information"
"GEN24_1073170","No",NA
"GEN24_1073171","Yes","Before arriving in New Zealand"
"GEN24_1073181","Yes","Before arriving in New Zealand"
"GEN24_1073184","Yes","While in New Zealand"
"GEN24_1073187","Yes","I did not receive any information"
"GEN24_1073190","Yes","I did not receive any information"
"GEN24_1073191","Yes","Before arriving in New Zealand"
"GEN24_1073200","Yes","I did not receive any information"
"GEN24_1073205","Yes","I did not receive any information"
"GEN24_1073230","No",NA
"GEN24_1073259","Yes","I did not receive any information"
"GEN24_1073260","No",NA
"GEN24_1073262","No",NA
"GEN24_1073276","No",NA
"GEN24_1073281","Yes","I did not receive any information"
"GEN24_1073287","Yes","I did not receive any information"
"GEN24_1073289","Yes","I did not receive any information"
"GEN24_1073304","Yes","I did not receive any information"
"GEN24_1073309","Yes","I did not receive any information"
"GEN24_1073314","Yes","I did not receive any information"
"GEN24_1073322","No",NA
"GEN24_1073363","No",NA
"GEN24_1073367","No",NA
"GEN24_1073374","Yes","I did not receive any information"
"GEN24_1073376","No",NA
"GEN24_1073380","Yes","Before arriving in New Zealand"
"GEN24_1073382","Yes","Before arriving in New Zealand"
"GEN24_1073383","Yes","I did not receive any information"
"GEN24_1073385","No",NA
"GEN24_1073389","No",NA
"GEN24_1073392","Yes","Before arriving in New Zealand"
"GEN24_1073392","Yes","While in New Zealand"
"GEN24_1073402","Yes","Before arriving in New Zealand"
"GEN24_1073406","No",NA
"GEN24_1073416","Yes","While in New Zealand"
"GEN24_1073418","Yes","Before arriving in New Zealand"
"GEN24_1073421","Yes","I did not receive any information"
"GEN24_1073433","Yes","I did not receive any information"
"GEN24_1073442","Yes","I did not receive any information"
"GEN24_1073443","Yes","I did not receive any information"
"GEN24_1073450","No",NA
"GEN24_1073466","Yes","I did not receive any information"
"GEN24_1073478","Yes","Before arriving in New Zealand"
"GEN24_1073492","Yes","Before arriving in New Zealand"
"GEN24_1073494","Yes","Before arriving in New Zealand"
"GEN24_1073517","Yes","I did not receive any information"
"GEN24_1073526","No",NA
"GEN24_1073529","Yes","I did not receive any information"
"GEN24_1073539","Yes","Before arriving in New Zealand"
"GEN24_1073560","Yes","I did not receive any information"
"GEN24_1073569","Yes","While in New Zealand"
"GEN24_1073588","Yes","Before arriving in New Zealand"
"GEN24_1073589","Yes","Before arriving in New Zealand"
"GEN24_1073599","Yes","Before arriving in New Zealand"
"GEN24_1073617","Yes","I did not receive any information"
"GEN24_1073625","Yes","Before arriving in New Zealand"
"GEN24_1073628","Yes","I did not receive any information"
"GEN24_1073629","Yes","I did not receive any information"
"GEN24_1073631","No",NA
"GEN24_1073636","Yes","I did not receive any information"
"GEN24_1073639","No",NA
"GEN24_1073670","No",NA
"GEN24_1073671","Yes","Before arriving in New Zealand"
"GEN24_1073695","No",NA
"GEN24_1073712","No",NA
"GEN24_1073713","Yes","Before arriving in New Zealand"
"GEN24_1073722","Yes","I did not receive any information"
"GEN24_1073828","Yes","Before arriving in New Zealand"
"GEN24_1073828","Yes","While in New Zealand"
"GEN24_1073843","Yes","Before arriving in New Zealand"
"GEN24_1073849","No",NA
"GEN24_1073875","No",NA
"GEN24_1073894","Yes","I did not receive any information"
"GEN24_1073906","Yes","Before arriving in New Zealand"
"GEN24_1073906","Yes","While in New Zealand"
"GEN24_1073929","No",NA
"GEN24_1073962","No",NA
"GEN24_1073969","Yes","Before arriving in New Zealand"
"GEN24_1073972","Yes","I did not receive any information"
"GEN24_1073974","No",NA
"GEN24_1073976","Yes","I did not receive any information"
"GEN24_1073980","No",NA
"GEN24_1073990","Yes","I did not receive any information"
"GEN24_1074005","No",NA
"GEN24_1074008","Yes","Before arriving in New Zealand"
"GEN24_1074019","Yes","Before arriving in New Zealand"
"GEN24_1074024","Yes","I did not receive any information"
"GEN24_1074025","No",NA
"GEN24_1074049","Yes","Before arriving in New Zealand"
"GEN24_1074065","No",NA
"GEN24_1074076","Yes","I did not receive any information"
"GEN24_1074081","Yes","I did not receive any information"
"GEN24_1074082","Yes","I did not receive any information"
"GEN24_1074105","No",NA
"GEN24_1074139","No",NA
"GEN24_1074165","No",NA
"GEN24_1074204","Yes","I did not receive any information"
"GEN24_1074222","No",NA
"GEN24_1074224","Yes","Before arriving in New Zealand"
"GEN24_1074230","Yes","Before arriving in New Zealand"
"GEN24_1074231","No",NA
"GEN24_1074236","Yes","Before arriving in New Zealand"
"GEN24_1074237","No",NA
"GEN24_1074239","Yes","Before arriving in New Zealand"
"GEN24_1074240","Yes","Before arriving in New Zealand"
"GEN24_1074241","Yes","Before arriving in New Zealand"
"GEN24_1074242","No",NA
"GEN24_1074245","Yes","Before arriving in New Zealand"
"GEN24_1074246","Yes","Before arriving in New Zealand"
"GEN24_1074246","Yes","While in New Zealand"
"GEN24_1074247","Yes","Before arriving in New Zealand"
"GEN24_1074247","Yes","While in New Zealand"
"GEN24_1074265","Yes","Before arriving in New Zealand"
"GEN24_1074265","Yes","While in New Zealand"
"GEN24_1074268","No",NA
"GEN24_1074296","No",NA
"GEN24_1074304","Yes","Before arriving in New Zealand"
"GEN24_1074318","No",NA
"GEN24_1074321","Yes","I did not receive any information"
"GEN24_1074324","Yes","Before arriving in New Zealand"
"GEN24_1074324","Yes","While in New Zealand"
"GEN24_1074333","Yes","I did not receive any information"
"GEN24_1074337","Yes","I did not receive any information"
"GEN24_1074355","Yes","Before arriving in New Zealand"
"GEN24_1074366","No",NA
"GEN24_1074370","No",NA
"GEN24_1074373","Yes","Before arriving in New Zealand"
"GEN24_1074374","Yes","Before arriving in New Zealand"
"GEN24_1074388","Yes","Before arriving in New Zealand"
"GEN24_1074388","Yes","While in New Zealand"
"GEN24_1074398","No",NA
"GEN24_1074401","Yes","Before arriving in New Zealand"
"GEN24_1074401","Yes","While in New Zealand"
"GEN24_1074448","Yes","I did not receive any information"
"GEN24_1074456","Yes","I did not receive any information"
"GEN24_1074465","No",NA
"GEN24_1074493","Yes","While in New Zealand"
"GEN24_1074494","Yes","I did not receive any information"
"GEN24_1074495","Yes","Before arriving in New Zealand"
"GEN24_1074504","Yes","I did not receive any information"
"GEN24_1074514","Yes","While in New Zealand"
"GEN24_1074525","Yes","Before arriving in New Zealand"
"GEN24_1074532","Yes","I did not receive any information"
"GEN24_1074533","Yes","I did not receive any information"
"GEN24_1074569","Yes","Before arriving in New Zealand"
"GEN24_1074574","Yes","Before arriving in New Zealand"
"GEN24_1074587","Yes","Before arriving in New Zealand"
"GEN24_1074591","Yes","I did not receive any information"
"GEN24_1074597","Yes","Before arriving in New Zealand"
"GEN24_1074598","Yes","Before arriving in New Zealand"
"GEN24_1074600","Yes","I did not receive any information"
"GEN24_1074603","Yes","Before arriving in New Zealand"
"GEN24_1074612","No",NA
"GEN24_1074629","Yes","Before arriving in New Zealand"
"GEN24_1074630","No",NA
"GEN24_1074651","No",NA
"GEN24_1074653","Yes","I did not receive any information"
"GEN24_1074654","Yes","I did not receive any information"
"GEN24_1074657","Yes","I did not receive any information"
"GEN24_1074663","Yes","I did not receive any information"
"GEN24_1074701","Yes","I did not receive any information"
"GEN24_1074709","Yes","Before arriving in New Zealand"
"GEN24_1074713","Yes","I did not receive any information"
"GEN24_1074714","Yes","I did not receive any information"
"GEN24_1074717","Yes","I did not receive any information"
"GEN24_1074726","Yes","Before arriving in New Zealand"
"GEN24_1074726","Yes","While in New Zealand"
"GEN24_1074727","Yes","Before arriving in New Zealand"
"GEN24_1074727","Yes","While in New Zealand"
"GEN24_1074736","No",NA
"GEN24_1074750","No",NA
"GEN24_1074765","Yes","I did not receive any information"
"GEN24_1074767","Yes","Before arriving in New Zealand"
"GEN24_1074774","Yes","Before arriving in New Zealand"
"GEN24_1074774","Yes","While in New Zealand"
"GEN24_1074805","Yes","Before arriving in New Zealand"
"GEN24_1074814","Yes","I did not receive any information"
"GEN24_1074819","Yes","I did not receive any information"
"GEN24_1074820","Yes","I did not receive any information"
"GEN24_1074821","Yes","Before arriving in New Zealand"
"GEN24_1074886","No",NA
"GEN24_1074892","Yes","I did not receive any information"
"GEN24_1074906","Yes","While in New Zealand"
"GEN24_1074914","Yes","While in New Zealand"
"GEN24_1074917","Yes","Before arriving in New Zealand"
"GEN24_1074934","No",NA
"GEN24_1074939","Yes","Before arriving in New Zealand"
"GEN24_1074950","Yes","Before arriving in New Zealand"
"GEN24_1074950","Yes","While in New Zealand"
"GEN24_1074957","Yes","I did not receive any information"
"GEN24_1074966","Yes","Before arriving in New Zealand"
"GEN24_1074966","Yes","While in New Zealand"
"GEN24_1075018","No",NA
"GEN24_1075023","Yes","I did not receive any information"
"GEN24_1075024","No",NA
"GEN24_1075028","Yes","I did not receive any information"
"GEN24_1075030","Yes","While in New Zealand"
"GEN24_1075053","Yes","While in New Zealand"
"GEN24_1075065","No",NA
"GEN24_1075066","Yes","I did not receive any information"
"GEN24_1075074","No",NA
"GEN24_1075091","Yes","While in New Zealand"
"GEN24_1075128","Yes","I did not receive any information"
"GEN24_1075130","Yes","While in New Zealand"
"GEN24_1075134","Yes","I did not receive any information"
"GEN24_1075135","Yes","Before arriving in New Zealand"
"GEN24_1075135","Yes","While in New Zealand"
"GEN24_1075147","Yes","I did not receive any information"
"GEN24_1075150","Yes","I did not receive any information"
"GEN24_1075164","Yes","Before arriving in New Zealand"
"GEN24_1075211","Yes","Before arriving in New Zealand"
"GEN24_1075211","Yes","While in New Zealand"
"GEN24_1075216","Yes","I did not receive any information"
"GEN24_1075221","Yes","Before arriving in New Zealand"
"GEN24_1075224","Yes","Before arriving in New Zealand"
"GEN24_1075224","Yes","While in New Zealand"
"GEN24_1075228","Yes","I did not receive any information"
"GEN24_1075246","Yes","Before arriving in New Zealand"
"GEN24_1075246","Yes","While in New Zealand"
"GEN24_1075250","Yes","I did not receive any information"
"GEN24_1075254","Yes","I did not receive any information"
"GEN24_1075266","Yes","While in New Zealand"
"GEN24_1075267","Yes","I did not receive any information"
"GEN24_1075269","No",NA
"GEN24_1075272","Yes","I did not receive any information"
"GEN24_1075296","No",NA
"GEN24_1075299","Yes","I did not receive any information"
"GEN24_1075301","Yes","I did not receive any information"
"GEN24_1075303","No",NA
"GEN24_1075305","Yes","Before arriving in New Zealand"
"GEN24_1075307","No",NA
"GEN24_1075329","No",NA
"GEN24_1075334","Yes","I did not receive any information"
"GEN24_1075340","Yes","While in New Zealand"
"GEN24_1075344","Yes","I did not receive any information"
"GEN24_1075349","No",NA
"GEN24_1075350","Yes","I did not receive any information"
"GEN24_1075353","Yes","Before arriving in New Zealand"
"GEN24_1075384","Yes","Before arriving in New Zealand"
"GEN24_1075384","Yes","While in New Zealand"
"GEN24_1075403","No",NA
"GEN24_1075425","No",NA
"GEN24_1075431","Yes","While in New Zealand"
"GEN24_1075437","Yes","Before arriving in New Zealand"
"GEN24_1075438","No",NA
"GEN24_1075445","Yes","I did not receive any information"
"GEN24_1075451","Yes","While in New Zealand"
"GEN24_1075460","Yes","I did not receive any information"
"GEN24_1075464","Yes","I did not receive any information"
"GEN24_1075479","Yes","While in New Zealand"
"GEN24_1075506","Yes","I did not receive any information"
"GEN24_1075521","Yes","Before arriving in New Zealand"
"GEN24_1075555","No",NA
"GEN24_1075564","Yes","I did not receive any information"
"GEN24_1075575","Yes","I did not receive any information"
"GEN24_1075578","Yes","Before arriving in New Zealand"
"GEN24_1075591","No",NA
"GEN24_1075594","Yes","Before arriving in New Zealand"
"GEN24_1075618","Yes","I did not receive any information"
"GEN24_1075622","Yes","Before arriving in New Zealand"
"GEN24_1075623","No",NA
"GEN24_1075643","Yes","I did not receive any information"
"GEN24_1075646","Yes","While in New Zealand"
"GEN24_1075647","Yes","While in New Zealand"
"GEN24_1075663","Yes","I did not receive any information"
"GEN24_1075689","Yes","While in New Zealand"
"GEN24_1075701","No",NA
"GEN24_1075720","Yes","While in New Zealand"
"GEN24_1075725","Yes","Before arriving in New Zealand"
"GEN24_1075738","Yes","Before arriving in New Zealand"
"GEN24_1075738","Yes","While in New Zealand"
"GEN24_1075741","Yes","Before arriving in New Zealand"
"GEN24_1075751","Yes","Before arriving in New Zealand"
"GEN24_1075792","Yes","I did not receive any information"
"GEN24_1075797","Yes","While in New Zealand"
"GEN24_1075839","No",NA
"GEN24_1075841","Yes","I did not receive any information"
"GEN24_1075844","No",NA
"GEN24_1075849","Yes","I did not receive any information"
"GEN24_1075853","Yes","I did not receive any information"
"GEN24_1075855","Yes","Before arriving in New Zealand"
"GEN24_1075861","Yes","Before arriving in New Zealand"
"GEN24_1075865","No",NA
"GEN24_1075872","Yes","Before arriving in New Zealand"
"GEN24_1075882","Yes","Before arriving in New Zealand"
"GEN24_1075882","Yes","While in New Zealand"
"GEN24_1075888","Yes","Before arriving in New Zealand"
"GEN24_1075891","Yes","Before arriving in New Zealand"
"GEN24_1075914","Yes","Before arriving in New Zealand"
"GEN24_1075914","Yes","While in New Zealand"
"GEN24_1075930","No",NA
"GEN24_1075941","Yes","Before arriving in New Zealand"
"GEN24_1075951","No",NA
"GEN24_1075953","Yes","Before arriving in New Zealand"
"GEN24_1075955","No",NA
"GEN24_1075956","Yes","I did not receive any information"
"GEN24_1075957","Yes","I did not receive any information"
"GEN24_1075965","Yes","I did not receive any information"
"GEN24_1075970","No",NA
"GEN24_1075985","No",NA
"GEN24_1075986","Yes","I did not receive any information"
"GEN24_1076008","No",NA
"GEN24_1076016","No",NA
"GEN24_1076044","Yes","Before arriving in New Zealand"
"GEN24_1076058","Yes","Before arriving in New Zealand"
"GEN24_1076076","Yes","Before arriving in New Zealand"
"GEN24_1076094","Yes","Before arriving in New Zealand"
"GEN24_1076118","No",NA
"GEN24_1076126","Yes","I did not receive any information"
"GEN24_1076139","Yes","Before arriving in New Zealand"
"GEN24_1076139","Yes","While in New Zealand"
"GEN24_1076144","No",NA
"GEN24_1076160","Yes","I did not receive any information"
"GEN24_1076190","Yes","While in New Zealand"
"GEN24_1076215","Yes","While in New Zealand"
"GEN24_1076219","No",NA
"GEN24_1076222","Yes","Before arriving in New Zealand"
"GEN24_1076229","Yes","I did not receive any information"
"GEN24_1076255","No",NA
"GEN24_1076287","No",NA
"GEN24_1076298","Yes","Before arriving in New Zealand"
"GEN24_1076298","Yes","While in New Zealand"
"GEN24_1076300","No",NA
"GEN24_1076308","No",NA
"GEN24_1076310","Yes","Before arriving in New Zealand"
"GEN24_1076313","Yes","I did not receive any information"
"GEN24_1076321","No",NA
"GEN24_1076323","Yes","Before arriving in New Zealand"
"GEN24_1076323","Yes","While in New Zealand"
"GEN24_1076327","Yes","Before arriving in New Zealand"
"GEN24_1076339","Yes","I did not receive any information"
"GEN24_1076346","Yes","Before arriving in New Zealand"
"GEN24_1076348","No",NA
"GEN24_1076361","Yes","I did not receive any information"
"GEN24_1076375","Yes","I did not receive any information"
"GEN24_1076392","Yes","I did not receive any information"
"GEN24_1076397","No",NA
"GEN24_1076407","Yes","Before arriving in New Zealand"
"GEN24_1076420","Yes","I did not receive any information"
"GEN24_1076442","Yes","Before arriving in New Zealand"
"GEN24_1076455","Yes","Before arriving in New Zealand"
"GEN24_1076462","No",NA
"GEN24_1076465","No",NA
"GEN24_1076468","No",NA
"GEN24_1076481","Yes","Before arriving in New Zealand"
"GEN24_1076481","Yes","While in New Zealand"
"GEN24_1076490","Yes","Before arriving in New Zealand"
"GEN24_1076499","Yes","I did not receive any information"
"GEN24_1076505","Yes","While in New Zealand"
"GEN24_1076514","Yes","While in New Zealand"
"GEN24_1076516","Yes","I did not receive any information"
"GEN24_1076558","Yes","Before arriving in New Zealand"
"GEN24_1076574","Yes","Before arriving in New Zealand"
"GEN24_1076583","Yes","Before arriving in New Zealand"
"GEN24_1076609","No",NA
"GEN24_1076628","No",NA
"GEN24_1076630","No",NA
"GEN24_1076649","Yes","While in New Zealand"
"GEN24_1076665","Yes","Before arriving in New Zealand"
"GEN24_1076666","No",NA
"GEN24_1076673","Yes","While in New Zealand"
"GEN24_1076675","Yes","I did not receive any information"
"GEN24_1076677","No",NA
"GEN24_1076681","No",NA
"GEN24_1076688","Yes","Before arriving in New Zealand"
"GEN24_1076690","Yes","Before arriving in New Zealand"
"GEN24_1076691","No",NA
"GEN24_1076698","Yes","While in New Zealand"
"GEN24_1076701","Yes","Before arriving in New Zealand"
"GEN24_1076703","Yes","While in New Zealand"
"GEN24_1076705","Yes","Before arriving in New Zealand"
"GEN24_1076723","No",NA
"GEN24_1076726","Yes","I did not receive any information"
"GEN24_1076736","Yes","Before arriving in New Zealand"
"GEN24_1076736","Yes","While in New Zealand"
"GEN24_1076743","No",NA
"GEN24_1076745","No",NA
"GEN24_1076751","Yes","Before arriving in New Zealand"
"GEN24_1076752","Yes","I did not receive any information"
"GEN24_1076753","Yes","I did not receive any information"
"GEN24_1076754","Yes","I did not receive any information"
"GEN24_1076756","No",NA
"GEN24_1076765","No",NA
"GEN24_1076767","Yes","Before arriving in New Zealand"
"GEN24_1076773","Yes","Before arriving in New Zealand"
"GEN24_1076786","No",NA
"GEN24_1076799","No",NA
"GEN24_1076803","No",NA
"GEN24_1076843","Yes","Before arriving in New Zealand"
"GEN24_1076853","Yes","Before arriving in New Zealand"
"GEN24_1076859","Yes","Before arriving in New Zealand"
"GEN24_1076863","Yes","Before arriving in New Zealand"
"GEN24_1076899","Yes","Before arriving in New Zealand"
"GEN24_1076900","Yes","While in New Zealand"
"GEN24_1076902","Yes","Before arriving in New Zealand"
"GEN24_1076913","No",NA
"GEN24_1076945","Yes","Before arriving in New Zealand"
"GEN24_1076957","No",NA
"GEN24_1076965","Yes","Before arriving in New Zealand"
"GEN24_1076968","No",NA
"GEN24_1076970","Yes","Before arriving in New Zealand"
"GEN24_1076973","Yes","Before arriving in New Zealand"
"GEN24_1076973","Yes","While in New Zealand"
"GEN24_1076988","Yes","Before arriving in New Zealand"
"GEN24_1076997","No",NA
"GEN24_1077000","No",NA
"GEN24_1077001","Yes","I did not receive any information"
"GEN24_1077008","Yes","I did not receive any information"
"GEN24_1077025","No",NA
"GEN24_1077032","No",NA
"GEN24_1077042","Yes","Before arriving in New Zealand"
"GEN24_1077086","Yes","Before arriving in New Zealand"
"GEN24_1077097","Yes","I did not receive any information"
"GEN24_1077099","Yes","Before arriving in New Zealand"
"GEN24_1077105","No",NA
"GEN24_1077112","Yes","I did not receive any information"
"GEN24_1077123","No",NA
"GEN24_1077134","Yes","While in New Zealand"
"GEN24_1077158","Yes","I did not receive any information"
"GEN24_1077162","No",NA
"GEN24_1077180","Yes","While in New Zealand"
"GEN24_1077181","Yes","Before arriving in New Zealand"
"GEN24_1077183","No",NA
"GEN24_1077187","No",NA
"GEN24_1077188","Yes","I did not receive any information"
"GEN24_1077190","Yes","I did not receive any information"
"GEN24_1077197","Yes","Before arriving in New Zealand"
"GEN24_1077204","Yes","Before arriving in New Zealand"
"GEN24_1077209","Yes","I did not receive any information"
"GEN24_1077210","Yes","I did not receive any information"
"GEN24_1077213","Yes","Before arriving in New Zealand"
"GEN24_1077213","Yes","While in New Zealand"
"GEN24_1077214","Yes","Before arriving in New Zealand"
"GEN24_1077214","Yes","While in New Zealand"
"GEN24_1077217","Yes","I did not receive any information"
"GEN24_1077218","Yes","Before arriving in New Zealand"
"GEN24_1077243","No",NA
"GEN24_1077246","Yes","Before arriving in New Zealand"
"GEN24_1077248","Yes","I did not receive any information"
"GEN24_1077258","Yes","Before arriving in New Zealand"
"GEN24_1077264","Yes","Before arriving in New Zealand"
"GEN24_1077264","Yes","While in New Zealand"
"GEN24_1077292","Yes","Before arriving in New Zealand"
"GEN24_1077295","No",NA
"GEN24_1077305","No",NA
"GEN24_1077333","Yes","While in New Zealand"
"GEN24_1077341","Yes","While in New Zealand"
"GEN24_1077350","No",NA
"GEN24_1077369","Yes","Before arriving in New Zealand"
"GEN24_1077380","Yes","I did not receive any information"
"GEN24_1077400","Yes","Before arriving in New Zealand"
"GEN24_1077400","Yes","While in New Zealand"
"GEN24_1077417","Yes","Before arriving in New Zealand"
"GEN24_1077417","Yes","While in New Zealand"
"GEN24_1077429","Yes","I did not receive any information"
"GEN24_1077432","Yes","Before arriving in New Zealand"
"GEN24_1077444","No",NA
"GEN24_1077446","Yes","Before arriving in New Zealand"
"GEN24_1077447","Yes","While in New Zealand"
"GEN24_1077453","Yes","Before arriving in New Zealand"
"GEN24_1077456","Yes","I did not receive any information"
"GEN24_1077462","Yes","I did not receive any information"
"GEN24_1077481","Yes","Before arriving in New Zealand"
"GEN24_1077530","No",NA
"GEN24_1077540","Yes","While in New Zealand"
"GEN24_1077544","Yes","Before arriving in New Zealand"
"GEN24_1077544","Yes","While in New Zealand"
"GEN24_1077560","Yes","Before arriving in New Zealand"
"GEN24_1077568","No",NA
"GEN24_1077595","No",NA
"GEN24_1077600","Yes","Before arriving in New Zealand"
"GEN24_1077600","Yes","While in New Zealand"
"GEN24_1077609","Yes","Before arriving in New Zealand"
"GEN24_1077613","Yes","Before arriving in New Zealand"
"GEN24_1077627","No",NA
"GEN24_1077636","No",NA
"GEN24_1077639","No",NA
"GEN24_1077645","No",NA
"GEN24_1077648","Yes","While in New Zealand"
"GEN24_1077649","Yes","Before arriving in New Zealand"
"GEN24_1077650","No",NA
"GEN24_1077656","Yes","I did not receive any information"
"GEN24_1077671","No",NA
"GEN24_1077683","No",NA
"GEN24_1077726","No",NA
"GEN24_1077768","Yes","Before arriving in New Zealand"
"GEN24_1077771","No",NA
"GEN24_1077778","No",NA
"GEN24_1077805","Yes","While in New Zealand"
"GEN24_1077810","Yes","Before arriving in New Zealand"
"GEN24_1077827","Yes","I did not receive any information"
"GEN24_1077838","Yes","I did not receive any information"
"GEN24_1077839","Yes","I did not receive any information"
"GEN24_1077840","No",NA
"GEN24_1077843","Yes","While in New Zealand"
"GEN24_1077853","Yes","I did not receive any information"
"GEN24_1077864","Yes","Before arriving in New Zealand"
"GEN24_1077865","Yes","Before arriving in New Zealand"
"GEN24_1077866","No",NA
"GEN24_1077867","No",NA
"GEN24_1077870","Yes","Before arriving in New Zealand"
"GEN24_1077880","Yes","Before arriving in New Zealand"
"GEN24_1077884","No",NA
"GEN24_1077889","Yes","I did not receive any information"
"GEN24_1077890","No",NA
"GEN24_1077896","Yes","While in New Zealand"
"GEN24_1077900","Yes","I did not receive any information"
"GEN24_1077936","No",NA
"GEN24_1077937","Yes","While in New Zealand"
"GEN24_1077941","No",NA
"GEN24_1077969","Yes","Before arriving in New Zealand"
"GEN24_1077969","Yes","While in New Zealand"
"GEN24_1077972","Yes","Before arriving in New Zealand"
"GEN24_1078002","Yes","I did not receive any information"
"GEN24_1078006","No",NA
"GEN24_1078020","Yes","I did not receive any information"
"GEN24_1078030","Yes","Before arriving in New Zealand"
"GEN24_1078033","No",NA
"GEN24_1078034","Yes","Before arriving in New Zealand"
"GEN24_1078065","Yes","I did not receive any information"
"GEN24_1078070","Yes","Before arriving in New Zealand"
"GEN24_1078101","Yes","While in New Zealand"
"GEN24_1078110","Yes","While in New Zealand"
"GEN24_1078119","Yes","I did not receive any information"
"GEN24_1078124","Yes","While in New Zealand"
"GEN24_1078135","Yes","While in New Zealand"
"GEN24_1078136","Yes","I did not receive any information"
"GEN24_1078139","Yes","I did not receive any information"
"GEN24_1078168","Yes","While in New Zealand"
"GEN24_1078169","No",NA
"GEN24_1078182","No",NA
"GEN24_1078185","Yes","Before arriving in New Zealand"
"GEN24_1078187","Yes","While in New Zealand"
"GEN24_1078192","Yes","Before arriving in New Zealand"
"GEN24_1078192","Yes","While in New Zealand"
"GEN24_1078194","No",NA
"GEN24_1078196","No",NA
"GEN24_1078223","Yes","I did not receive any information"
"GEN24_1078225","Yes","I did not receive any information"
"GEN24_1078259","Yes","Before arriving in New Zealand"
"GEN24_1078264","Yes","Before arriving in New Zealand"
"GEN24_1078267","No",NA
"GEN24_1078271","No",NA
"GEN24_1078286","Yes","Before arriving in New Zealand"
"GEN24_1078289","Yes","While in New Zealand"
"GEN24_1078307","Yes","While in New Zealand"
"GEN24_1078316","Yes","I did not receive any information"
"GEN24_1078318","No",NA
"GEN24_1078322","Yes","While in New Zealand"
"GEN24_1078323","Yes","While in New Zealand"
"GEN24_1078324","Yes","Before arriving in New Zealand"
"GEN24_1078327","No",NA
"GEN24_1078330","No",NA
"GEN24_1078336","Yes","I did not receive any information"
"GEN24_1078353","No",NA
"GEN24_1078370","No",NA
"GEN24_1078387","Yes","I did not receive any information"
"GEN24_1078395","No",NA
"GEN24_1078396","Yes","I did not receive any information"
"GEN24_1078408","Yes","Before arriving in New Zealand"
"GEN24_1078411","Yes","Before arriving in New Zealand"
"GEN24_1078423","Yes","While in New Zealand"
"GEN24_1078428","No",NA
"GEN24_1078448","Yes","While in New Zealand"
"GEN24_1078475","No",NA
"GEN24_1078485","No",NA
"GEN24_1078487","Yes","I did not receive any information"
"GEN24_1078491","Yes","Before arriving in New Zealand"
"GEN24_1078498","Yes","While in New Zealand"
"GEN24_1078501","Yes","Before arriving in New Zealand"
"GEN24_1078511","Yes","I did not receive any information"
"GEN24_1078519","Yes","While in New Zealand"
"GEN24_1078520","Yes","Before arriving in New Zealand"
"GEN24_1078522","No",NA
"GEN24_1078525","Yes","I did not receive any information"
"GEN24_1078545","No",NA
"GEN24_1078546","No",NA
"GEN24_1078612","Yes","I did not receive any information"
"GEN24_1078619","Yes","Before arriving in New Zealand"
"GEN24_1078620","Yes","I did not receive any information"
"GEN24_1078633","Yes","Before arriving in New Zealand"
"GEN24_1078648","Yes","While in New Zealand"
"GEN24_1078651","No",NA
"GEN24_1078669","Yes","I did not receive any information"
"GEN24_1078682","Yes","While in New Zealand"
"GEN24_1078686","No",NA
"GEN24_1078691","No",NA
"GEN24_1078698","No",NA
"GEN24_1078716","Yes","I did not receive any information"
"GEN24_1078722","Yes","Before arriving in New Zealand"
"GEN24_1078723","No",NA
"GEN24_1078743","No",NA
"GEN24_1078768","Yes","Before arriving in New Zealand"
"GEN24_1078769","Yes","Before arriving in New Zealand"
"GEN24_1078769","Yes","While in New Zealand"
"GEN24_1078771","Yes","I did not receive any information"
"GEN24_1078775","Yes","While in New Zealand"
"GEN24_1078779","Yes","I did not receive any information"
"GEN24_1078788","No",NA
"GEN24_1078794","Yes","I did not receive any information"
"GEN24_1078799","No",NA
"GEN24_1078802","No",NA
"GEN24_1078804","Yes","Before arriving in New Zealand"
"GEN24_1078805","No",NA
"GEN24_1078813","No",NA
"GEN24_1078822","Yes","Before arriving in New Zealand"
"GEN24_1078822","Yes","While in New Zealand"
"GEN24_1078823","No",NA
"GEN24_1078824","Yes","Before arriving in New Zealand"
"GEN24_1078829","No",NA
"GEN24_1078845","Yes","Before arriving in New Zealand"
"GEN24_1078861","Yes","Before arriving in New Zealand"
"GEN24_1078864","No",NA
"GEN24_1078890","Yes","Before arriving in New Zealand"
"GEN24_1078895","No",NA
"GEN24_1078923","Yes","I did not receive any information"
"GEN24_1078940","Yes","While in New Zealand"
"GEN24_1078962","No",NA
"GEN24_1079007","Yes","I did not receive any information"
"GEN24_1079012","Yes","Before arriving in New Zealand"
"GEN24_1079012","Yes","While in New Zealand"
"GEN24_1079020","Yes","I did not receive any information"
"GEN24_1079031","Yes","I did not receive any information"
"GEN24_1079043","Yes","Before arriving in New Zealand"
"GEN24_1079050","Yes","Before arriving in New Zealand"
"GEN24_1079052","Yes","I did not receive any information"
"GEN24_1079053","No",NA
"GEN24_1079057","Yes","I did not receive any information"
"GEN24_1079058","Yes","I did not receive any information"
"GEN24_1079069","Yes","Before arriving in New Zealand"
"GEN24_1079072","No",NA
"GEN24_1079080","Yes","I did not receive any information"
"GEN24_1079081","Yes","Before arriving in New Zealand"
"GEN24_1079088","Yes","Before arriving in New Zealand"
"GEN24_1079090","Yes","Before arriving in New Zealand"
"GEN24_1079090","Yes","While in New Zealand"
"GEN24_1079091","Yes","Before arriving in New Zealand"
"GEN24_1079094","Yes","I did not receive any information"
"GEN24_1079101","Yes","Before arriving in New Zealand"
"GEN24_1079115","Yes","I did not receive any information"
"GEN24_1079118","Yes","I did not receive any information"
"GEN24_1079120","No",NA
"GEN24_1079157","Yes","I did not receive any information"
"GEN24_1079164","Yes","Before arriving in New Zealand"
"GEN24_1079181","Yes","Before arriving in New Zealand"
"GEN24_1079190","Yes","Before arriving in New Zealand"
"GEN24_1079204","Yes","Before arriving in New Zealand"
"GEN24_1079207","No",NA
"GEN24_1079222","No",NA
"GEN24_1079243","Yes","Before arriving in New Zealand"
"GEN24_1079245","No",NA
"GEN24_1079249","Yes","I did not receive any information"
"GEN24_1079251","Yes","I did not receive any information"
"GEN24_1079254","No",NA
"GEN24_1079276","Yes","While in New Zealand"
"GEN24_1079328","Yes","While in New Zealand"
"GEN24_1079348","No",NA
"GEN24_1079357","Yes","I did not receive any information"
"GEN24_1079359","No",NA
"GEN24_1079360","No",NA
"GEN24_1079362","Yes","Before arriving in New Zealand"
"GEN24_1079366","Yes","I did not receive any information"
"GEN24_1079381","Yes","While in New Zealand"
"GEN24_1079382","Yes","I did not receive any information"
"GEN24_1079389","Yes","I did not receive any information"
"GEN24_1079398","Yes","Before arriving in New Zealand"
"GEN24_1079410","No",NA
"GEN24_1079426","No",NA
"GEN24_1079434","No",NA
"GEN24_1079435","Yes","I did not receive any information"
"GEN24_1079437","No",NA
"GEN24_1079444","Yes","I did not receive any information"
"GEN24_1079445","No",NA
"GEN24_1079468","Yes","Before arriving in New Zealand"
"GEN24_1079469","Yes","I did not receive any information"
"GEN24_1079470","Yes","While in New Zealand"
"GEN24_1079471","Yes","Before arriving in New Zealand"
"GEN24_1079471","Yes","While in New Zealand"
"GEN24_1079473","Yes","I did not receive any information"
"GEN24_1079482","No",NA
"GEN24_1079484","Yes","Before arriving in New Zealand"
"GEN24_1079488","No",NA
"GEN24_1079489","Yes","While in New Zealand"
"GEN24_1079494","Yes","Before arriving in New Zealand"
"GEN24_1079497","Yes","Before arriving in New Zealand"
"GEN24_1079520","No",NA
"GEN24_1079523","Yes","I did not receive any information"
"GEN24_1079527","No",NA
"GEN24_1079529","Yes","Before arriving in New Zealand"
"GEN24_1079534","Yes","I did not receive any information"
"GEN24_1079537","No",NA
"GEN24_1079554","No",NA
"GEN24_1079563","Yes","Before arriving in New Zealand"
"GEN24_1079565","Yes","Before arriving in New Zealand"
"GEN24_1079565","Yes","While in New Zealand"
"GEN24_1079577","No",NA
"GEN24_1079578","Yes","I did not receive any information"
"GEN24_1079585","Yes","I did not receive any information"
"GEN24_1079600","Yes","Before arriving in New Zealand"
"GEN24_1079600","Yes","While in New Zealand"
"GEN24_1079609","No",NA
"GEN24_1079633","Yes","I did not receive any information"
"GEN24_1079637","Yes","I did not receive any information"
"GEN24_1079642","No",NA
"GEN24_1079650","Yes","Before arriving in New Zealand"
"GEN24_1079650","Yes","While in New Zealand"
"GEN24_1079652","Yes","I did not receive any information"
"GEN24_1079663","Yes","While in New Zealand"
"GEN24_1079664","No",NA
"GEN24_1079674","No",NA
"GEN24_1079681","Yes","Before arriving in New Zealand"
"GEN24_1079681","Yes","While in New Zealand"
"GEN24_1079706","No",NA
"GEN24_1079727","Yes","I did not receive any information"
"GEN24_1079748","Yes","Before arriving in New Zealand"
"GEN24_1079748","Yes","While in New Zealand"
"GEN24_1079755","Yes","I did not receive any information"
"GEN24_1079756","Yes","I did not receive any information"
"GEN24_1079773","No",NA
"GEN24_1079779","Yes","Before arriving in New Zealand"
"GEN24_1079782","Yes","Before arriving in New Zealand"
"GEN24_1079783","Yes","I did not receive any information"
"GEN24_1079787","Yes","I did not receive any information"
"GEN24_1079794","Yes","I did not receive any information"
"GEN24_1079795","Yes","Before arriving in New Zealand"
"GEN24_1079795","Yes","While in New Zealand"
"GEN24_1079803","No",NA
"GEN24_1079809","No",NA
"GEN24_1079812","Yes","I did not receive any information"
"GEN24_1079820","Yes","While in New Zealand"
"GEN24_1079822","Yes","Before arriving in New Zealand"
"GEN24_1079830","No",NA
"GEN24_1079831","Yes","Before arriving in New Zealand"
"GEN24_1079831","Yes","While in New Zealand"
"GEN24_1079835","Yes","While in New Zealand"
"GEN24_1079837","Yes","While in New Zealand"
"GEN24_1079841","No",NA
"GEN24_1079843","Yes","Before arriving in New Zealand"
"GEN24_1079844","Yes","I did not receive any information"
"GEN24_1079847","Yes","Before arriving in New Zealand"
"GEN24_1079855","No",NA
"GEN24_1079866","Yes","While in New Zealand"
"GEN24_1079869","Yes","I did not receive any information"
"GEN24_1079877","Yes","I did not receive any information"
"GEN24_1079882","No",NA
"GEN24_1079921","No",NA
"GEN24_1079924","Yes","I did not receive any information"
"GEN24_1079951","Yes","Before arriving in New Zealand"
"GEN24_1079959","Yes","Before arriving in New Zealand"
"GEN24_1079969","Yes","Before arriving in New Zealand"
"GEN24_1079969","Yes","While in New Zealand"
"GEN24_1079971","No",NA
"GEN24_1079972","Yes","I did not receive any information"
"GEN24_1079973","Yes","While in New Zealand"
"GEN24_1079989","Yes","Before arriving in New Zealand"
"GEN24_1080011","No",NA
"GEN24_1080012","Yes","While in New Zealand"
"GEN24_1080024","Yes","I did not receive any information"
"GEN24_1080036","No",NA
"GEN24_1080039","No",NA
"GEN24_1080041","Yes","Before arriving in New Zealand"
"GEN24_1080045","No",NA
"GEN24_1080048","Yes","Before arriving in New Zealand"
"GEN24_1080048","Yes","While in New Zealand"
"GEN24_1080051","Yes","Before arriving in New Zealand"
"GEN24_1080071","Yes","Before arriving in New Zealand"
"GEN24_1080072","Yes","Before arriving in New Zealand"
"GEN24_1080072","Yes","While in New Zealand"
"GEN24_1080074","Yes","While in New Zealand"
"GEN24_1080076","No",NA
"GEN24_1080080","Yes","Before arriving in New Zealand"
"GEN24_1080083","Yes","Before arriving in New Zealand"
"GEN24_1080083","Yes","While in New Zealand"
"GEN24_1080088","Yes","Before arriving in New Zealand"
"GEN24_1080089","Yes","I did not receive any information"
"GEN24_1080116","Yes","I did not receive any information"
"GEN24_1080143","Yes","While in New Zealand"
"GEN24_1080173","Yes","I did not receive any information"
"GEN24_1080183","Yes","While in New Zealand"
"GEN24_1080184","Yes","Before arriving in New Zealand"
"GEN24_1080186","Yes","Before arriving in New Zealand"
"GEN24_1080187","Yes","Before arriving in New Zealand"
"GEN24_1080188","Yes","I did not receive any information"
"GEN24_1080190","Yes","While in New Zealand"
"GEN24_1080197","Yes","Before arriving in New Zealand"
"GEN24_1080197","Yes","While in New Zealand"
"GEN24_1080202","Yes","Before arriving in New Zealand"
"GEN24_1080209","Yes","Before arriving in New Zealand"
"GEN24_1080209","Yes","While in New Zealand"
"GEN24_1080217","Yes","While in New Zealand"
"GEN24_1080222","Yes","Before arriving in New Zealand"
"GEN24_1080229","Yes","Before arriving in New Zealand"
"GEN24_1080232","Yes","I did not receive any information"
"GEN24_1080233","No",NA
"GEN24_1080234","No",NA
"GEN24_1080237","No",NA
"GEN24_1080257","Yes","Before arriving in New Zealand"
"GEN24_1080264","No",NA
"GEN24_1080279","Yes","I did not receive any information"
"GEN24_1080285","Yes","I did not receive any information"
"GEN24_1080292","Yes","Before arriving in New Zealand"
"GEN24_1080292","Yes","While in New Zealand"
"GEN24_1080315","Yes","I did not receive any information"
"GEN24_1080322","Yes","I did not receive any information"
"GEN24_1080331","Yes","Before arriving in New Zealand"
"GEN24_1080332","Yes","I did not receive any information"
"GEN24_1080346","Yes","Before arriving in New Zealand"
"GEN24_1080346","Yes","While in New Zealand"
"GEN24_1080348","No",NA
"GEN24_1080358","No",NA
"GEN24_1080364","No",NA
"GEN24_1080371","Yes","Before arriving in New Zealand"
"GEN24_1080377","No",NA
"GEN24_1080378","Yes","I did not receive any information"
"GEN24_1080379","No",NA
"GEN24_1080381","Yes","I did not receive any information"
"GEN24_1080389","Yes","I did not receive any information"
"GEN24_1080396","Yes","Before arriving in New Zealand"
"GEN24_1080410","Yes","I did not receive any information"
"GEN24_1080422","Yes","I did not receive any information"
"GEN24_1080449","Yes","Before arriving in New Zealand"
"GEN24_1080458","Yes","While in New Zealand"
"GEN24_1080478","No",NA
"GEN24_1080482","No",NA
"GEN24_1080484","No",NA
"GEN24_1080498","Yes","Before arriving in New Zealand"
"GEN24_1080500","No",NA
"GEN24_1080505","No",NA
"GEN24_1080508","Yes","I did not receive any information"
"GEN24_1080510","Yes","Before arriving in New Zealand"
"GEN24_1080523","Yes","Before arriving in New Zealand"
"GEN24_1080523","Yes","While in New Zealand"
"GEN24_1080537","Yes","I did not receive any information"
"GEN24_1080541","Yes","Before arriving in New Zealand"
"GEN24_1080555","Yes","Before arriving in New Zealand"
"GEN24_1080557","Yes","I did not receive any information"
"GEN24_1080570","Yes","Before arriving in New Zealand"
"GEN24_1080571","Yes","While in New Zealand"
"GEN24_1080575","Yes","While in New Zealand"
"GEN24_1080579","Yes","I did not receive any information"
"GEN24_1080583","Yes","Before arriving in New Zealand"
"GEN24_1080607","No",NA
"GEN24_1080609","No",NA
"GEN24_1080610","Yes","I did not receive any information"
"GEN24_1080623","No",NA
"GEN24_1080627","Yes","I did not receive any information"
"GEN24_1080630","No",NA
"GEN24_1080635","Yes","I did not receive any information"
"GEN24_1080640","Yes","Before arriving in New Zealand"
"GEN24_1080640","Yes","While in New Zealand"
"GEN24_1080657","Yes","Before arriving in New Zealand"
"GEN24_1080657","Yes","While in New Zealand"
"GEN24_1080664","Yes","Before arriving in New Zealand"
"GEN24_1080677","Yes","Before arriving in New Zealand"
"GEN24_1080677","Yes","While in New Zealand"
"GEN24_1080678","Yes","While in New Zealand"
"GEN24_1080687","No",NA
"GEN24_1080690","Yes","I did not receive any information"
"GEN24_1080692","Yes","I did not receive any information"
"GEN24_1080693","No",NA
"GEN24_1080694","No",NA
"GEN24_1080700","Yes","I did not receive any information"
"GEN24_1080708","Yes","While in New Zealand"
"GEN24_1080733","Yes","Before arriving in New Zealand"
"GEN24_1080766","Yes","Before arriving in New Zealand"
"GEN24_1080766","Yes","While in New Zealand"
"GEN24_1080774","No",NA
"GEN24_1080782","Yes","Before arriving in New Zealand"
"GEN24_1080782","Yes","While in New Zealand"
"GEN24_1080793","No",NA
"GEN24_1080797","Yes","Before arriving in New Zealand"
"GEN24_1080825","Yes","I did not receive any information"
"GEN24_1080828","Yes","While in New Zealand"
"GEN24_1080829","No",NA
"GEN24_1080861","Yes","I did not receive any information"
"GEN24_1080863","Yes","I did not receive any information"
"GEN24_1080871","Yes","Before arriving in New Zealand"
"GEN24_1080871","Yes","While in New Zealand"
"GEN24_1080877","Yes","I did not receive any information"
"GEN24_1080880","No",NA
"GEN24_1080882","Yes","While in New Zealand"
"GEN24_1080884","Yes","I did not receive any information"
"GEN24_1080909","Yes","I did not receive any information"
"GEN24_1080915","Yes","I did not receive any information"
"GEN24_1080917","Yes","I did not receive any information"
"GEN24_1080936","Yes","While in New Zealand"
"GEN24_1080943","Yes","I did not receive any information"
"GEN24_1080952","Yes","Before arriving in New Zealand"
"GEN24_1080952","Yes","While in New Zealand"
"GEN24_1080954","Yes","While in New Zealand"
"GEN24_1080957","Yes","I did not receive any information"
"GEN24_1080963","Yes","I did not receive any information"
"GEN24_1080970","Yes","I did not receive any information"
"GEN24_1080973","Yes","I did not receive any information"
"GEN24_1080977","Yes","I did not receive any information"
"GEN24_1080981","Yes","Before arriving in New Zealand"
"GEN24_1080981","Yes","While in New Zealand"
"GEN24_1080996","Yes","Before arriving in New Zealand"
"GEN24_1081000","Yes","I did not receive any information"
"GEN24_1081003","Yes","I did not receive any information"
"GEN24_1081004","No",NA
"GEN24_1081006","No",NA
"GEN24_1081009","No",NA
"GEN24_1081038","Yes","Before arriving in New Zealand"
"GEN24_1081045","Yes","Before arriving in New Zealand"
"GEN24_1081049","Yes","While in New Zealand"
"GEN24_1081054","No",NA
"GEN24_1081056","Yes","While in New Zealand"
"GEN24_1081057","Yes","While in New Zealand"
"GEN24_1081060","Yes","I did not receive any information"
"GEN24_1081065","No",NA
"GEN24_1081081","Yes","Before arriving in New Zealand"
"GEN24_1081096","Yes","Before arriving in New Zealand"
"GEN24_1081096","Yes","While in New Zealand"
"GEN24_1081098","No",NA
"GEN24_1081099","Yes","I did not receive any information"
"GEN24_1081110","Yes","Before arriving in New Zealand"
"GEN24_1081110","Yes","While in New Zealand"
"GEN24_1081133","Yes","Before arriving in New Zealand"
"GEN24_1081134","Yes","I did not receive any information"
"GEN24_1081137","Yes","Before arriving in New Zealand"
"GEN24_1081139","Yes","I did not receive any information"
"GEN24_1081140","Yes","I did not receive any information"
"GEN24_1081143","Yes","I did not receive any information"
"GEN24_1081147","Yes","Before arriving in New Zealand"
"GEN24_1081156","No",NA
"GEN24_1081158","Yes","I did not receive any information"
"GEN24_1081167","No",NA
"GEN24_1081170","No",NA
"GEN24_1081179","Yes","While in New Zealand"
"GEN24_1081180","No",NA
"GEN24_1081183","Yes","Before arriving in New Zealand"
"GEN24_1081187","No",NA
"GEN24_1081193","Yes","I did not receive any information"
"GEN24_1081197","No",NA
"GEN24_1081199","No",NA
"GEN24_1081203","Yes","While in New Zealand"
"GEN24_1081219","Yes","I did not receive any information"
"GEN24_1081236","No",NA
"GEN24_1081238","No",NA
"GEN24_1081241","Yes","While in New Zealand"
"GEN24_1081243","Yes","I did not receive any information"
"GEN24_1081253","No",NA
"GEN24_1081262","Yes","I did not receive any information"
"GEN24_1081278","Yes","Before arriving in New Zealand"
"GEN24_1081278","Yes","While in New Zealand"
"GEN24_1081286","Yes","I did not receive any information"
"GEN24_1081302","No",NA
"GEN24_1081303","Yes","I did not receive any information"
"GEN24_1081315","Yes","Before arriving in New Zealand"
"GEN24_1081323","Yes","While in New Zealand"
"GEN24_1081325","No",NA
"GEN24_1081342","Yes","Before arriving in New Zealand"
"GEN24_1081342","Yes","While in New Zealand"
"GEN24_1081351","Yes","I did not receive any information"
"GEN24_1081357","Yes","While in New Zealand"
"GEN24_1081362","Yes","Before arriving in New Zealand"
"GEN24_1081365","No",NA
"GEN24_1081379","No",NA
"GEN24_1081403","Yes","While in New Zealand"
"GEN24_1081406","No",NA
"GEN24_1081435","Yes","I did not receive any information"
"GEN24_1081442","Yes","I did not receive any information"
"GEN24_1081443","No",NA
"GEN24_1081445","No",NA
"GEN24_1081454","Yes","I did not receive any information"
"GEN24_1081456","Yes","Before arriving in New Zealand"
"GEN24_1081456","Yes","While in New Zealand"
"GEN24_1081458","Yes","Before arriving in New Zealand"
"GEN24_1081459","Yes","I did not receive any information"
"GEN24_1081461","Yes","Before arriving in New Zealand"
"GEN24_1081463","No",NA
"GEN24_1081486","No",NA
"GEN24_1081491","No",NA
"GEN24_1081502","Yes","Before arriving in New Zealand"
"GEN24_1081510","Yes","While in New Zealand"
"GEN24_1081516","Yes","I did not receive any information"
"GEN24_1081519","No",NA
"GEN24_1081525","Yes","Before arriving in New Zealand"
"GEN24_1081528","No",NA
"GEN24_1081531","Yes","Before arriving in New Zealand"
"GEN24_1081533","No",NA
"GEN24_1081536","Yes","Before arriving in New Zealand"
"GEN24_1081548","No",NA
"GEN24_1081559","Yes","Before arriving in New Zealand"
"GEN24_1081565","Yes","I did not receive any information"
"GEN24_1081591","No",NA
"GEN24_1081597","No",NA
"GEN24_1081601","No",NA
"GEN24_1081610","No",NA
"GEN24_1081615","Yes","I did not receive any information"
"GEN24_1081616","Yes","I did not receive any information"
"GEN24_1081624","No",NA
"GEN24_1081625","No",NA
"GEN24_1081636","No",NA
"GEN24_1081648","No",NA
"GEN24_1081649","No",NA
"GEN24_1081650","No",NA
"GEN24_1081653","Yes","Before arriving in New Zealand"
"GEN24_1081654","No",NA
"GEN24_1081658","Yes","Before arriving in New Zealand"
"GEN24_1081668","No",NA
"GEN24_1081690","Yes","While in New Zealand"
"GEN24_1081701","Yes","I did not receive any information"
"GEN24_1081729","No",NA
"GEN24_1081731","No",NA
"GEN24_1081742","No",NA
"GEN24_1081757","Yes","I did not receive any information"
"GEN24_1081780","Yes","While in New Zealand"
"GEN24_1081784","Yes","Before arriving in New Zealand"
"GEN24_1081821","Yes","I did not receive any information"
"GEN24_1081826","No",NA
"GEN24_1081827","Yes","I did not receive any information"
"GEN24_1081829","No",NA
"GEN24_1081831","No",NA
"GEN24_1081833","No",NA
"GEN24_1081851","No",NA
"GEN24_1081869","Yes","Before arriving in New Zealand"
"GEN24_1081869","Yes","While in New Zealand"
"GEN24_1081870","Yes","I did not receive any information"
"GEN24_1081872","No",NA
"GEN24_1081881","Yes","While in New Zealand"
"GEN24_1081891","Yes","Before arriving in New Zealand"
"GEN24_1081899","Yes","I did not receive any information"
"GEN24_1081911","Yes","I did not receive any information"
"GEN24_1081913","Yes","I did not receive any information"
"GEN24_1081937","Yes","While in New Zealand"
"GEN24_1081939","Yes","Before arriving in New Zealand"
"GEN24_1081942","Yes","Before arriving in New Zealand"
"GEN24_1081946","Yes","Before arriving in New Zealand"
"GEN24_1081951","Yes","While in New Zealand"
"GEN24_1081952","No",NA
"GEN24_1081960","Yes","I did not receive any information"
"GEN24_1081977","Yes","While in New Zealand"
"GEN24_1081990","Yes","Before arriving in New Zealand"
"GEN24_1081990","Yes","While in New Zealand"
"GEN24_1081994","Yes","Before arriving in New Zealand"
"GEN24_1081994","Yes","While in New Zealand"
"GEN24_1082026","Yes","I did not receive any information"
"GEN24_1082027","Yes","I did not receive any information"
"GEN24_1082028","Yes","I did not receive any information"
"GEN24_1082029","Yes","I did not receive any information"
"GEN24_1082056","Yes","While in New Zealand"
"GEN24_1082063","Yes","I did not receive any information"
"GEN24_1082066","Yes","Before arriving in New Zealand"
"GEN24_1082115","Yes","While in New Zealand"
"GEN24_1082118","Yes","Before arriving in New Zealand"
"GEN24_1082118","Yes","While in New Zealand"
"GEN24_1082127","Yes","Before arriving in New Zealand"
"GEN24_1082127","Yes","While in New Zealand"
"GEN24_1082144","No",NA
"GEN24_1082155","Yes","Before arriving in New Zealand"
"GEN24_1082156","Yes","I did not receive any information"
"GEN24_1082177","Yes","Before arriving in New Zealand"
"GEN24_1082216","No",NA
"GEN24_1082217","Yes","Before arriving in New Zealand"
"GEN24_1082217","Yes","While in New Zealand"
"GEN24_1082222","Yes","I did not receive any information"
"GEN24_1082224","Yes","Before arriving in New Zealand"
"GEN24_1082254","Yes","I did not receive any information"
"GEN24_1082265","Yes","Before arriving in New Zealand"
"GEN24_1082265","Yes","While in New Zealand"
"GEN24_1082266","Yes","I did not receive any information"
"GEN24_1082268","No",NA
"GEN24_1082269","Yes","Before arriving in New Zealand"
"GEN24_1082286","Yes","While in New Zealand"
"GEN24_1082296","Yes","I did not receive any information"
"GEN24_1082302","No",NA
"GEN24_1082309","Yes","I did not receive any information"
"GEN24_1082327","Yes","Before arriving in New Zealand"
"GEN24_1082335","Yes","Before arriving in New Zealand"
"GEN24_1082373","Yes","Before arriving in New Zealand"
"GEN24_1082376","Yes","Before arriving in New Zealand"
"GEN24_1082379","No",NA
"GEN24_1082387","No",NA
"GEN24_1082389","Yes","Before arriving in New Zealand"
"GEN24_1082426","Yes","I did not receive any information"
"GEN24_1082448","Yes","I did not receive any information"
"GEN24_1082457","Yes","I did not receive any information"
"GEN24_1082462","Yes","Before arriving in New Zealand"
"GEN24_1082462","Yes","While in New Zealand"
"GEN24_1082480","Yes","I did not receive any information"
"GEN24_1082519","Yes","Before arriving in New Zealand"
"GEN24_1082526","Yes","Before arriving in New Zealand"
"GEN24_1082539","Yes","Before arriving in New Zealand"
"GEN24_1082539","Yes","While in New Zealand"
"GEN24_1082541","Yes","While in New Zealand"
"GEN24_1082550","Yes","While in New Zealand"
"GEN24_1082579","Yes","While in New Zealand"
"GEN24_1082602","Yes","Before arriving in New Zealand"
"GEN24_1082607","Yes","While in New Zealand"
"GEN24_1082621","Yes","While in New Zealand"
"GEN24_1082628","Yes","Before arriving in New Zealand"
"GEN24_1082628","Yes","While in New Zealand"
"GEN24_1082632","No",NA
"GEN24_1082645","Yes","I did not receive any information"
"GEN24_1082647","Yes","While in New Zealand"
"GEN24_1082650","Yes","Before arriving in New Zealand"
"GEN24_1082650","Yes","While in New Zealand"
"GEN24_1082652","Yes","Before arriving in New Zealand"
"GEN24_1082654","No",NA
"GEN24_1082662","Yes","I did not receive any information"
"GEN24_1082700","Yes","I did not receive any information"
"GEN24_1082702","No",NA
"GEN24_1082709","No",NA
"GEN24_1082715","No",NA
"GEN24_1082729","Yes","While in New Zealand"
"GEN24_1082731","Yes","I did not receive any information"
"GEN24_1082733","Yes","Before arriving in New Zealand"
"GEN24_1082758","No",NA
"GEN24_1082768","Yes","I did not receive any information"
"GEN24_1082777","Yes","While in New Zealand"
"GEN24_1082780","No",NA
"GEN24_1082782","No",NA
"GEN24_1082790","Yes","I did not receive any information"
"GEN24_1082801","Yes","Before arriving in New Zealand"
"GEN24_1082809","Yes","While in New Zealand"
"GEN24_1082813","Yes","I did not receive any information"
"GEN24_1082820","Yes","Before arriving in New Zealand"
"GEN24_1082823","Yes","Before arriving in New Zealand"
"GEN24_1082824","Can’t remember",NA
"GEN24_1082879","Yes","I did not receive any information"
"GEN24_1082902","No",NA
"GEN24_1082921","Yes","While in New Zealand"
"GEN24_1082924","Yes","I did not receive any information"
"GEN24_1082939","Yes","Before arriving in New Zealand"
"GEN24_1082950","Yes","I did not receive any information"
"GEN24_1082955","No",NA
"GEN24_1082958","Yes","Before arriving in New Zealand"
"GEN24_1082960","Yes","Before arriving in New Zealand"
"GEN24_1082964","Yes","Before arriving in New Zealand"
"GEN24_1082977","Yes","While in New Zealand"
"GEN24_1082986","No",NA
"GEN24_1082988","Yes","Before arriving in New Zealand"
"GEN24_1082992","Yes","While in New Zealand"
"GEN24_1083005","Yes","Before arriving in New Zealand"
"GEN24_1083012","Yes","Before arriving in New Zealand"
"GEN24_1083012","Yes","While in New Zealand"
"GEN24_1083026","Yes","I did not receive any information"
"GEN24_1083038","No",NA
"GEN24_1083089","Yes","Before arriving in New Zealand"
"GEN24_1083089","Yes","While in New Zealand"
"GEN24_1083094","Yes","Before arriving in New Zealand"
"GEN24_1083102","Yes","I did not receive any information"
"GEN24_1083103","Yes","Before arriving in New Zealand"
"GEN24_1083103","Yes","While in New Zealand"
"GEN24_1083108","Yes","Before arriving in New Zealand"
"GEN24_1083115","Yes","I did not receive any information"
"GEN24_1083123","No",NA
"GEN24_1083131","Yes","Before arriving in New Zealand"
"GEN24_1083131","Yes","While in New Zealand"
"GEN24_1083135","Yes","Before arriving in New Zealand"
"GEN24_1083160","Yes","While in New Zealand"
"GEN24_1083182","Yes","Before arriving in New Zealand"
"GEN24_1083182","Yes","While in New Zealand"
"GEN24_1083189","No",NA
"GEN24_1083193","Yes","Before arriving in New Zealand"
"GEN24_1083194","Yes","Before arriving in New Zealand"
"GEN24_1083203","No",NA
"GEN24_1083216","Yes","Before arriving in New Zealand"
"GEN24_1083218","Yes","While in New Zealand"
"GEN24_1083223","Yes","I did not receive any information"
"GEN24_1083231","Yes","Before arriving in New Zealand"
"GEN24_1083233","Yes","While in New Zealand"
"GEN24_1083245","Yes","While in New Zealand"
"GEN24_1083250","No",NA
"GEN24_1083252","Yes","Before arriving in New Zealand"
"GEN24_1083255","Yes","Before arriving in New Zealand"
"GEN24_1083255","Yes","While in New Zealand"
"GEN24_1083260","Yes","While in New Zealand"
"GEN24_1083265","Yes","Before arriving in New Zealand"
"GEN24_1083271","Yes","Before arriving in New Zealand"
"GEN24_1083286","Yes","While in New Zealand"
"GEN24_1083287","Yes","I did not receive any information"
"GEN24_1083334","No",NA
"GEN24_1083335","Yes","Before arriving in New Zealand"
"GEN24_1083358","No",NA
"GEN24_1083388","Yes","While in New Zealand"
"GEN24_1083397","Yes","I did not receive any information"
"GEN24_1083404","Yes","While in New Zealand"
"GEN24_1083413","Yes","I did not receive any information"
"GEN24_1083418","Yes","Before arriving in New Zealand"
"GEN24_1083423","Yes","While in New Zealand"
"GEN24_1083429","Yes","Before arriving in New Zealand"
"GEN24_1083436","Yes","Before arriving in New Zealand"
"GEN24_1083437","No",NA
"GEN24_1083473","No",NA
"GEN24_1083475","Yes","Before arriving in New Zealand"
"GEN24_1083488","Yes","I did not receive any information"
"GEN24_1083495","Yes","I did not receive any information"
"GEN24_1083500","Yes","While in New Zealand"
"GEN24_1083505","Yes","I did not receive any information"
"GEN24_1083508","Yes","I did not receive any information"
"GEN24_1083510","No",NA
"GEN24_1083520","Yes","Before arriving in New Zealand"
"GEN24_1083521","Yes","While in New Zealand"
"GEN24_1083530","Yes","While in New Zealand"
"GEN24_1083532","Yes","While in New Zealand"
"GEN24_1083550","No",NA
"GEN24_1083553","Yes","Before arriving in New Zealand"
"GEN24_1083564","No",NA
"GEN24_1083571","Yes","I did not receive any information"
"GEN24_1083575","No",NA
"GEN24_1083581","Yes","I did not receive any information"
"GEN24_1083590","Yes","I did not receive any information"
"GEN24_1083591","Yes","Before arriving in New Zealand"
"GEN24_1083610","No",NA
"GEN24_1083634","Yes","I did not receive any information"
"GEN24_1083658","Yes","I did not receive any information"
"GEN24_1083665","Yes","Before arriving in New Zealand"
"GEN24_1083676","Yes","Before arriving in New Zealand"
"GEN24_1083677","No",NA
"GEN24_1083685","Yes","Before arriving in New Zealand"
"GEN24_1083686","Yes","I did not receive any information"
"GEN24_1083688","Yes","I did not receive any information"
"GEN24_1083689","Yes","I did not receive any information"
"GEN24_1083692","Yes","While in New Zealand"
"GEN24_1083693","No",NA
"GEN24_1083703","Yes","Before arriving in New Zealand"
"GEN24_1083710","No",NA
"GEN24_1083729","Yes","Before arriving in New Zealand"
"GEN24_1083731","Yes","While in New Zealand"
"GEN24_1083732","Yes","I did not receive any information"
"GEN24_1083735","Yes","I did not receive any information"
"GEN24_1083736","No",NA
"GEN24_1083737","Yes","While in New Zealand"
"GEN24_1083738","Yes","Before arriving in New Zealand"
"GEN24_1083758","Yes","Before arriving in New Zealand"
"GEN24_1083764","Yes","While in New Zealand"
"GEN24_1083790","No",NA
"GEN24_1083818","Yes","I did not receive any information"
"GEN24_1083825","Yes","I did not receive any information"
"GEN24_1083826","Yes","I did not receive any information"
"GEN24_1083835","Yes","Before arriving in New Zealand"
"GEN24_1083858","Yes","Before arriving in New Zealand"
"GEN24_1083858","Yes","While in New Zealand"
"GEN24_1083865","Yes","Before arriving in New Zealand"
"GEN24_1083865","Yes","While in New Zealand"
"GEN24_1083868","No",NA
"GEN24_1083872","Yes","Before arriving in New Zealand"
"GEN24_1083879","Yes","Before arriving in New Zealand"
"GEN24_1083898","Yes","Before arriving in New Zealand"
"GEN24_1083899","No",NA
"GEN24_1083911","Yes","While in New Zealand"
"GEN24_1083921","Yes","Before arriving in New Zealand"
"GEN24_1083931","Yes","While in New Zealand"
"GEN24_1083934","Yes","I did not receive any information"
"GEN24_1083942","No",NA
"GEN24_1083966","No",NA
"GEN24_1083979","Yes","I did not receive any information"
"GEN24_1083981","Yes","I did not receive any information"
"GEN24_1084005","Yes","I did not receive any information"
"GEN24_1084011","No",NA
"GEN24_1084016","Yes","Before arriving in New Zealand"
"GEN24_1084016","Yes","While in New Zealand"
"GEN24_1084037","No",NA
"GEN24_1084050","Yes","Before arriving in New Zealand"
"GEN24_1084056","Yes","While in New Zealand"
"GEN24_1084063","Yes","Before arriving in New Zealand"
"GEN24_1084063","Yes","While in New Zealand"
"GEN24_1084066","Yes","I did not receive any information"
"GEN24_1084072","Yes","While in New Zealand"
"GEN24_1084075","No",NA
"GEN24_1084084","Yes","I did not receive any information"
"GEN24_1084095","Yes","I did not receive any information"
"GEN24_1084104","Yes","While in New Zealand"
"GEN24_1084111","Yes","Before arriving in New Zealand"
"GEN24_1084111","Yes","While in New Zealand"
"GEN24_1084117","No",NA
"GEN24_1084119","Yes","Before arriving in New Zealand"
"GEN24_1084121","No",NA
"GEN24_1084122","Yes","Before arriving in New Zealand"
"GEN24_1084122","Yes","While in New Zealand"
"GEN24_1084126","No",NA
"GEN24_1084132","No",NA
"GEN24_1084138","Yes","I did not receive any information"
"GEN24_1084140","No",NA
"GEN24_1084148","No",NA
"GEN24_1084155","Yes","I did not receive any information"
"GEN24_1084165","Yes","I did not receive any information"
"GEN24_1084186","Yes","Before arriving in New Zealand"
"GEN24_1084187","Yes","I did not receive any information"
"GEN24_1084192","Yes","While in New Zealand"
"GEN24_1084193","No",NA
"GEN24_1084237","No",NA
"GEN24_1084247","Yes","I did not receive any information"
"GEN24_1084248","Yes","Before arriving in New Zealand"
"GEN24_1084259","Yes","Before arriving in New Zealand"
"GEN24_1084259","Yes","While in New Zealand"
"GEN24_1084263","Yes","Before arriving in New Zealand"
"GEN24_1084284","No",NA
"GEN24_1084285","Yes","I did not receive any information"
"GEN24_1084288","Yes","I did not receive any information"
"GEN24_1084291","Yes","I did not receive any information"
"GEN24_1084294","Yes","Before arriving in New Zealand"
"GEN24_1084295","Yes","Before arriving in New Zealand"
"GEN24_1084297","Yes","I did not receive any information"
"GEN24_1084304","Yes","I did not receive any information"
"GEN24_1084325","No",NA
"GEN24_1084326","Yes","Before arriving in New Zealand"
"GEN24_1084333","No",NA
"GEN24_1084335","Yes","I did not receive any information"
"GEN24_1084365","Yes","Before arriving in New Zealand"
"GEN24_1084367","No",NA
"GEN24_1084382","No",NA
"GEN24_1084386","Yes","I did not receive any information"
"GEN24_1084390","Yes","I did not receive any information"
"GEN24_1084398","Yes","While in New Zealand"
"GEN24_1084403","Yes","I did not receive any information"
"GEN24_1084418","No",NA
"GEN24_1084421","Yes","I did not receive any information"
"GEN24_1084439","No",NA
"GEN24_1084442","Yes","I did not receive any information"
"GEN24_1084464","No",NA
"GEN24_1084471","Yes","While in New Zealand"
"GEN24_1084485","No",NA
"GEN24_1084486","Yes","Before arriving in New Zealand"
"GEN24_1084486","Yes","While in New Zealand"
"GEN24_1084494","Yes","I did not receive any information"
"GEN24_1084496","Yes","While in New Zealand"
"GEN24_1084500","Yes","I did not receive any information"
"GEN24_1084516","Yes","Before arriving in New Zealand"
"GEN24_1084524","Yes","While in New Zealand"
"GEN24_1084533","Yes","I did not receive any information"
"GEN24_1084542","Yes","Before arriving in New Zealand"
"GEN24_1084558","No",NA
"GEN24_1084563","Yes","I did not receive any information"
"GEN24_1084578","Yes","I did not receive any information"
"GEN24_1084583","Yes","Before arriving in New Zealand"
"GEN24_1084590","Yes","I did not receive any information"
"GEN24_1084600","Yes","While in New Zealand"
"GEN24_1084601","Yes","I did not receive any information"
"GEN24_1084616","No",NA
"GEN24_1084623","No",NA
"GEN24_1084631","Yes","Before arriving in New Zealand"
"GEN24_1084653","Yes","I did not receive any information"
"GEN24_1084670","Yes","I did not receive any information"
"GEN24_1084673","Yes","Before arriving in New Zealand"
"GEN24_1084675","Yes","I did not receive any information"
"GEN24_1084688","Yes","I did not receive any information"
"GEN24_1084690","Yes","While in New Zealand"
"GEN24_1084698","Yes","While in New Zealand"
"GEN24_1084700","Yes","Before arriving in New Zealand"
"GEN24_1084703","Yes","Before arriving in New Zealand"
"GEN24_1084706","Yes","I did not receive any information"
"GEN24_1084715","Yes","While in New Zealand"
"GEN24_1084716","Yes","While in New Zealand"
"GEN24_1084719","Yes","Before arriving in New Zealand"
"GEN24_1084727","Yes","Before arriving in New Zealand"
"GEN24_1084735","No",NA
"GEN24_1084738","Yes","I did not receive any information"
"GEN24_1084745","Yes","I did not receive any information"
"GEN24_1084747","No",NA
"GEN24_1084756","Yes","I did not receive any information"
"GEN24_1084760","Yes","I did not receive any information"
"GEN24_1084785","Yes","I did not receive any information"
"GEN24_1084792","Yes","I did not receive any information"
"GEN24_1084804","No",NA
"GEN24_1084808","Yes","While in New Zealand"
"GEN24_1084811","No",NA
"GEN24_1084820","Yes","I did not receive any information"
"GEN24_1084822","Yes","While in New Zealand"
"GEN24_1084830","Yes","Before arriving in New Zealand"
"GEN24_1084830","Yes","While in New Zealand"
"GEN24_1084836","Yes","I did not receive any information"
"GEN24_1084841","No",NA
"GEN24_1084845","Yes","While in New Zealand"
"GEN24_1084854","Yes","While in New Zealand"
"GEN24_1084857","No",NA
"GEN24_1084858","Yes","Before arriving in New Zealand"
"GEN24_1084884","No",NA
"GEN24_1084904","Yes","Before arriving in New Zealand"
"GEN24_1084922","No",NA
"GEN24_1084970","Yes","Before arriving in New Zealand"
"GEN24_1084970","Yes","While in New Zealand"
"GEN24_1084971","Yes","I did not receive any information"
"GEN24_1084977","Yes","I did not receive any information"
"GEN24_1084996","Yes","I did not receive any information"
"GEN24_1084997","Yes","While in New Zealand"
"GEN24_1085009","Yes","Before arriving in New Zealand"
"GEN24_1085013","Yes","While in New Zealand"
"GEN24_1085016","Yes","Before arriving in New Zealand"
"GEN24_1085042","Yes","Before arriving in New Zealand"
"GEN24_1085069","Yes","I did not receive any information"
"GEN24_1085074","No",NA
"GEN24_1085077","Yes","I did not receive any information"
"GEN24_1085078","Yes","Before arriving in New Zealand"
"GEN24_1085096","Yes","Before arriving in New Zealand"
"GEN24_1085102","Yes","While in New Zealand"
"GEN24_1085103","Yes","Before arriving in New Zealand"
"GEN24_1085104","Yes","I did not receive any information"
"GEN24_1085107","Yes","I did not receive any information"
"GEN24_1085118","No",NA
"GEN24_1085123","Yes","While in New Zealand"
"GEN24_1085125","Yes","While in New Zealand"
"GEN24_1085130","Yes","I did not receive any information"
"GEN24_1085137","Yes","I did not receive any information"
"GEN24_1085147","Yes","Before arriving in New Zealand"
"GEN24_1085151","Yes","I did not receive any information"
"GEN24_1085152","Yes","I did not receive any information"
"GEN24_1085153","Yes","I did not receive any information"
"GEN24_1085158","No",NA
"GEN24_1085165","No",NA
"GEN24_1085176","Yes","Before arriving in New Zealand"
"GEN24_1085177","Yes","Before arriving in New Zealand"
"GEN24_1085182","No",NA
"GEN24_1085228","No",NA
"GEN24_1085241","Yes","I did not receive any information"
"GEN24_1085259","Yes","Before arriving in New Zealand"
"GEN24_1085267","No",NA
"GEN24_1085279","Yes","Before arriving in New Zealand"
"GEN24_1085279","Yes","While in New Zealand"
"GEN24_1085280","Yes","Before arriving in New Zealand"
"GEN24_1085284","Yes","Before arriving in New Zealand"
"GEN24_1085286","Yes","I did not receive any information"
"GEN24_1085293","No",NA
"GEN24_1085296","Yes","Before arriving in New Zealand"
"GEN24_1085301","Yes","Before arriving in New Zealand"
"GEN24_1085302","Yes","Before arriving in New Zealand"
"GEN24_1085302","Yes","While in New Zealand"
"GEN24_1085304","Yes","While in New Zealand"
"GEN24_1085307","Yes","I did not receive any information"
"GEN24_1085329","Yes","I did not receive any information"
"GEN24_1085341","Yes","Before arriving in New Zealand"
"GEN24_1085341","Yes","While in New Zealand"
"GEN24_1085348","No",NA
"GEN24_1085349","Yes","I did not receive any information"
"GEN24_1085367","No",NA
"GEN24_1085376","Yes","Before arriving in New Zealand"
"GEN24_1085386","No",NA
"GEN24_1085393","Yes","I did not receive any information"
"GEN24_1085394","Yes","Before arriving in New Zealand"
"GEN24_1085394","Yes","While in New Zealand"
"GEN24_1085396","Yes","Before arriving in New Zealand"
"GEN24_1085398","No",NA
"GEN24_1085400","Yes","I did not receive any information"
"GEN24_1085403","Yes","While in New Zealand"
"GEN24_1085404","Yes","I did not receive any information"
"GEN24_1085412","Yes","Before arriving in New Zealand"
"GEN24_1085425","Yes","Before arriving in New Zealand"
"GEN24_1085425","Yes","While in New Zealand"
"GEN24_1085437","Yes","While in New Zealand"
"GEN24_1085446","No",NA
"GEN24_1085447","Yes","I did not receive any information"
"GEN24_1085448","No",NA
"GEN24_1085450","No",NA
"GEN24_1085454","No",NA
"GEN24_1085467","Yes","Before arriving in New Zealand"
"GEN24_1085470","Yes","Before arriving in New Zealand"
"GEN24_1085470","Yes","While in New Zealand"
"GEN24_1085472","Yes","Before arriving in New Zealand"
"GEN24_1085480","Yes","While in New Zealand"
"GEN24_1085491","Yes","I did not receive any information"
"GEN24_1085496","Yes","I did not receive any information"
"GEN24_1085525","Yes","I did not receive any information"
"GEN24_1085527","Yes","I did not receive any information"
"GEN24_1085533","Yes","I did not receive any information"
"GEN24_1085534","Yes","Before arriving in New Zealand"
"GEN24_1085543","Yes","Before arriving in New Zealand"
"GEN24_1085548","No",NA
"GEN24_1085549","Yes","While in New Zealand"
"GEN24_1085550","Yes","Before arriving in New Zealand"
"GEN24_1085550","Yes","While in New Zealand"
"GEN24_1085553","No",NA
"GEN24_1085564","No",NA
"GEN24_1085570","No",NA
"GEN24_1085571","Yes","While in New Zealand"
"GEN24_1085574","Yes","I did not receive any information"
"GEN24_1085575","No",NA
"GEN24_1085579","No",NA
"GEN24_1085595","No",NA
"GEN24_1085596","No",NA
"GEN24_1085597","Yes","Before arriving in New Zealand"
"GEN24_1085597","Yes","While in New Zealand"
"GEN24_1085601","No",NA
"GEN24_1085604","No",NA
"GEN24_1085606","Yes","I did not receive any information"
"GEN24_1085610","Yes","Before arriving in New Zealand"
"GEN24_1085623","Yes","I did not receive any information"
"GEN24_1085633","No",NA
"GEN24_1085638","No",NA
"GEN24_1085642","No",NA
"GEN24_1085645","No",NA
"GEN24_1085650","Yes","I did not receive any information"
"GEN24_1085658","Yes","Before arriving in New Zealand"
"GEN24_1085658","Yes","While in New Zealand"
"GEN24_1085663","Yes","Before arriving in New Zealand"
"GEN24_1085666","Yes","Before arriving in New Zealand"
"GEN24_1085676","Yes","While in New Zealand"
"GEN24_1085696","Yes","Before arriving in New Zealand"
"GEN24_1085704","Yes","Before arriving in New Zealand"
"GEN24_1085705","Yes","Before arriving in New Zealand"
"GEN24_1085720","Yes","I did not receive any information"
"GEN24_1085721","No",NA
"GEN24_1085722","Yes","Before arriving in New Zealand"
"GEN24_1085722","Yes","While in New Zealand"
"GEN24_1085729","Yes","I did not receive any information"
"GEN24_1085730","No",NA
"GEN24_1085732","Yes","Before arriving in New Zealand"
"GEN24_1085732","Yes","While in New Zealand"
"GEN24_1085733","Yes","Before arriving in New Zealand"
"GEN24_1085734","Yes","Before arriving in New Zealand"
"GEN24_1085734","Yes","While in New Zealand"
"GEN24_1085736","No",NA
"GEN24_1085739","Yes","While in New Zealand"
"GEN24_1085743","Yes","Before arriving in New Zealand"
"GEN24_1085745","Yes","Before arriving in New Zealand"
"GEN24_1085746","Yes","I did not receive any information"
"GEN24_1085756","Yes","Before arriving in New Zealand"
"GEN24_1085756","Yes","While in New Zealand"
"GEN24_1085757","No",NA
"GEN24_1085759","No",NA
"GEN24_1085766","Yes","Before arriving in New Zealand"
"GEN24_1085773","Yes","I did not receive any information"
"GEN24_1085777","Yes","Before arriving in New Zealand"
"GEN24_1085786","Yes","While in New Zealand"
"GEN24_1085787","Yes","Before arriving in New Zealand"
"GEN24_1085789","No",NA
"GEN24_1085793","Yes","Before arriving in New Zealand"
"GEN24_1085793","Yes","While in New Zealand"
"GEN24_1085798","Yes","I did not receive any information"
"GEN24_1085806","Yes","While in New Zealand"
"GEN24_1085807","No",NA
"GEN24_1085828","Yes","While in New Zealand"
"GEN24_1085836","Yes","Before arriving in New Zealand"
"GEN24_1085846","No",NA
"GEN24_1085860","Yes","I did not receive any information"
"GEN24_1085884","Yes","Before arriving in New Zealand"
"GEN24_1085893","Yes","Before arriving in New Zealand"
"GEN24_1085902","No",NA
"GEN24_1085903","No",NA
"GEN24_1085906","Yes","While in New Zealand"
"GEN24_1085921","Yes","Before arriving in New Zealand"
"GEN24_1085921","Yes","While in New Zealand"
"GEN24_1085938","Yes","While in New Zealand"
"GEN24_1085942","Yes","Before arriving in New Zealand"
"GEN24_1085942","Yes","While in New Zealand"
"GEN24_1085958","No",NA
"GEN24_1085961","Yes","I did not receive any information"
"GEN24_1085964","Yes","While in New Zealand"
"GEN24_1085971","No",NA
"GEN24_1085977","Yes","Before arriving in New Zealand"
"GEN24_1085977","Yes","While in New Zealand"
"GEN24_1085978","Yes","I did not receive any information"
"GEN24_1085994","Yes","I did not receive any information"
"GEN24_1085999","Yes","I did not receive any information"
"GEN24_1086053","Yes","While in New Zealand"
"GEN24_1086055","No",NA
"GEN24_1086088","No",NA
"GEN24_1086092","Yes","Before arriving in New Zealand"
"GEN24_1086117","Yes","While in New Zealand"
"GEN24_1086119","No",NA
"GEN24_1086123","Yes","I did not receive any information"
"GEN24_1086130","No",NA
"GEN24_1086131","No",NA
"GEN24_1086140","No",NA
"GEN24_1086208","Yes","I did not receive any information"
"GEN24_1086214","Yes","Before arriving in New Zealand"
"GEN24_1086214","Yes","While in New Zealand"
"GEN24_1086219","No",NA
"GEN24_1086241","Yes","I did not receive any information"
"GEN24_1086242","Yes","Before arriving in New Zealand"
"GEN24_1086244","Yes","Before arriving in New Zealand"
"GEN24_1086249","Yes","I did not receive any information"
"GEN24_1086252","No",NA
"GEN24_1086255","Yes","I did not receive any information"
"GEN24_1086264","No",NA
"GEN24_1086268","No",NA
"GEN24_1086273","Yes","While in New Zealand"
"GEN24_1086276","No",NA
"GEN24_1086286","Yes","I did not receive any information"
"GEN24_1086289","Yes","I did not receive any information"
"GEN24_1086293","No",NA
"GEN24_1086296","Yes","Before arriving in New Zealand"
"GEN24_1086307","No",NA
"GEN24_1086313","No",NA
"GEN24_1086321","Yes","Before arriving in New Zealand"
"GEN24_1086322","Yes","Before arriving in New Zealand"
"GEN24_1086330","Yes","I did not receive any information"
"GEN24_1086346","Yes","Before arriving in New Zealand"
"GEN24_1086360","Yes","I did not receive any information"
"GEN24_1086363","Yes","Before arriving in New Zealand"
"GEN24_1086363","Yes","While in New Zealand"
"GEN24_1086406","Yes","I did not receive any information"
"GEN24_1086441","Yes","I did not receive any information"
"GEN24_1086451","Yes","While in New Zealand"
"GEN24_1086452","Yes","While in New Zealand"
"GEN24_1086453","Yes","I did not receive any information"
"GEN24_1086454","Yes","Before arriving in New Zealand"
"GEN24_1086467","No",NA
"GEN24_1086482","Yes","Before arriving in New Zealand"
"GEN24_1086482","Yes","While in New Zealand"
"GEN24_1086488","Yes","I did not receive any information"
"GEN24_1086499","Yes","While in New Zealand"
"GEN24_1086502","Yes","I did not receive any information"
"GEN24_1086504","Yes","Before arriving in New Zealand"
"GEN24_1086523","No",NA
"GEN24_1086536","Yes","I did not receive any information"
"GEN24_1086544","No",NA
"GEN24_1086547","Yes","While in New Zealand"
"GEN24_1086561","Yes","Before arriving in New Zealand"
"GEN24_1086562","Yes","Before arriving in New Zealand"
"GEN24_1086572","No",NA
"GEN24_1086599","No",NA
"GEN24_1086605","Yes","I did not receive any information"
"GEN24_1086611","No",NA
"GEN24_1086619","Yes","I did not receive any information"
"GEN24_1086632","Yes","Before arriving in New Zealand"
"GEN24_1086643","Yes","I did not receive any information"
"GEN24_1086650","Yes","I did not receive any information"
"GEN24_1086652","Yes","I did not receive any information"
"GEN24_1086654","Yes","Before arriving in New Zealand"
"GEN24_1086654","Yes","While in New Zealand"
"GEN24_1086656","No",NA
"GEN24_1086659","No",NA
"GEN24_1086673","Yes","While in New Zealand"
"GEN24_1086676","Yes","I did not receive any information"
"GEN24_1086682","Yes","I did not receive any information"
"GEN24_1086688","No",NA
"GEN24_1086694","No",NA
"GEN24_1086695","Yes","I did not receive any information"
"GEN24_1086696","Yes","Before arriving in New Zealand"
"GEN24_1086696","Yes","While in New Zealand"
"GEN24_1086700","Yes","Before arriving in New Zealand"
"GEN24_1086700","Yes","While in New Zealand"
"GEN24_1086707","Yes","I did not receive any information"
"GEN24_1086715","No",NA
"GEN24_1086722","Yes","Before arriving in New Zealand"
"GEN24_1086722","Yes","While in New Zealand"
"GEN24_1086725","Yes","I did not receive any information"
"GEN24_1086731","No",NA
"GEN24_1086739","No",NA
"GEN24_1086740","No",NA
"GEN24_1086758","Yes","Before arriving in New Zealand"
"GEN24_1086760","Yes","I did not receive any information"
"GEN24_1086778","No",NA
"GEN24_1086798","No",NA
"GEN24_1086813","No",NA
"GEN24_1086823","No",NA
"GEN24_1086833","Yes","Before arriving in New Zealand"
"GEN24_1086839","No",NA
"GEN24_1086843","Yes","I did not receive any information"
"GEN24_1086847","Yes","I did not receive any information"
"GEN24_1086851","No",NA
"GEN24_1086855","No",NA
"GEN24_1086858","No",NA
"GEN24_1086871","Yes","Before arriving in New Zealand"
"GEN24_1086872","No",NA
"GEN24_1086873","No",NA
"GEN24_1086875","Yes","Before arriving in New Zealand"
"GEN24_1086875","Yes","While in New Zealand"
"GEN24_1086876","No",NA
"GEN24_1086878","Yes","While in New Zealand"
"GEN24_1086894","Yes","While in New Zealand"
"GEN24_1086908","Yes","While in New Zealand"
"GEN24_1086932","Yes","While in New Zealand"
"GEN24_1086948","Yes","I did not receive any information"
"GEN24_1086950","Yes","While in New Zealand"
"GEN24_1086952","Yes","I did not receive any information"
"GEN24_1086960","No",NA
"GEN24_1086965","Yes","Before arriving in New Zealand"
"GEN24_1086965","Yes","While in New Zealand"
"GEN24_1086968","Yes","While in New Zealand"
"GEN24_1086973","No",NA
"GEN24_1086975","Yes","Before arriving in New Zealand"
"GEN24_1086998","Yes","I did not receive any information"
"GEN24_1087002","Yes","Before arriving in New Zealand"
"GEN24_1087004","Yes","I did not receive any information"
"GEN24_1087022","Yes","Before arriving in New Zealand"
"GEN24_1087027","Yes","I did not receive any information"
"GEN24_1087034","Yes","Before arriving in New Zealand"
"GEN24_1087044","Yes","I did not receive any information"
"GEN24_1087049","Yes","Before arriving in New Zealand"
"GEN24_1087050","Yes","Before arriving in New Zealand"
"GEN24_1087051","No",NA
"GEN24_1087052","No",NA
"GEN24_1087055","Yes","I did not receive any information"
"GEN24_1087057","Yes","Before arriving in New Zealand"
"GEN24_1087061","Yes","I did not receive any information"
"GEN24_1087064","Yes","I did not receive any information"
"GEN24_1087065","Yes","I did not receive any information"
"GEN24_1087070","No",NA
"GEN24_1087087","Yes","I did not receive any information"
"GEN24_1087102","Yes","Before arriving in New Zealand"
"GEN24_1087132","Yes","While in New Zealand"
"GEN24_1087140","Yes","While in New Zealand"
"GEN24_1087141","No",NA
"GEN24_1087142","Yes","Before arriving in New Zealand"
"GEN24_1087144","No",NA
"GEN24_1087169","Yes","I did not receive any information"
"GEN24_1087181","No",NA
"GEN24_1087183","Yes","I did not receive any information"
"GEN24_1087184","Yes","While in New Zealand"
"GEN24_1087197","No",NA
"GEN24_1087215","Yes","Before arriving in New Zealand"
"GEN24_1087230","No",NA
"GEN24_1087247","Yes","I did not receive any information"
"GEN24_1087253","Yes","I did not receive any information"
"GEN24_1087263","No",NA
"GEN24_1087269","No",NA
"GEN24_1087291","Yes","I did not receive any information"
"GEN24_1087307","Yes","Before arriving in New Zealand"
"GEN24_1087307","Yes","While in New Zealand"
"GEN24_1087312","Yes","While in New Zealand"
"GEN24_1087324","Yes","While in New Zealand"
"GEN24_1087363","Yes","Before arriving in New Zealand"
"GEN24_1087369","Yes","Before arriving in New Zealand"
"GEN24_1087372","Yes","Before arriving in New Zealand"
"GEN24_1087374","No",NA
"GEN24_1087391","Yes","Before arriving in New Zealand"
"GEN24_1087401","No",NA
"GEN24_1087430","Yes","Before arriving in New Zealand"
"GEN24_1087431","No",NA
"GEN24_1087443","Yes","While in New Zealand"
"GEN24_1087488","Yes","Before arriving in New Zealand"
"GEN24_1087504","No",NA
"GEN24_1087515","Yes","I did not receive any information"
"GEN24_1087531","Yes","I did not receive any information"
"GEN24_1087532","No",NA
"GEN24_1087542","Yes","I did not receive any information"
"GEN24_1087558","Yes","Before arriving in New Zealand"
"GEN24_1087558","Yes","While in New Zealand"
"GEN24_1087568","Yes","While in New Zealand"
"GEN24_1087602","Yes","I did not receive any information"
"GEN24_1087605","Yes","I did not receive any information"
"GEN24_1087619","Yes","Before arriving in New Zealand"
"GEN24_1087625","No",NA
"GEN24_1087630","Yes","I did not receive any information"
"GEN24_1087631","Yes","While in New Zealand"
"GEN24_1087634","Yes","I did not receive any information"
"GEN24_1087635","Yes","Before arriving in New Zealand"
"GEN24_1087638","No",NA
"GEN24_1087661","No",NA
"GEN24_1087681","No",NA
"GEN24_1087685","No",NA
"GEN24_1087696","Yes","Before arriving in New Zealand"
"GEN24_1087698","No",NA
"GEN24_1087701","Yes","Before arriving in New Zealand"
"GEN24_1087723","Yes","While in New Zealand"
"GEN24_1087725","No",NA
"GEN24_1087729","Yes","I did not receive any information"
"GEN24_1087733","Yes","Before arriving in New Zealand"
"GEN24_1087735","Yes","While in New Zealand"
"GEN24_1087740","No",NA
"GEN24_1087741","Yes","I did not receive any information"
"GEN24_1087746","No",NA
"GEN24_1087747","Yes","While in New Zealand"
"GEN24_1087748","Yes","I did not receive any information"
"GEN24_1087763","No",NA
"GEN24_1087764","No",NA
"GEN24_1087772","Yes","While in New Zealand"
"GEN24_1087778","Yes","I did not receive any information"
"GEN24_1087781","Yes","Before arriving in New Zealand"
"GEN24_1087781","Yes","While in New Zealand"
"GEN24_1087783","Yes","I did not receive any information"
"GEN24_1087793","No",NA
"GEN24_1087824","Yes","Before arriving in New Zealand"
"GEN24_1087827","No",NA
"GEN24_1087854","Yes","I did not receive any information"
"GEN24_1087868","Yes","While in New Zealand"
"GEN24_1087869","No",NA
"GEN24_1087872","No",NA
"GEN24_1087874","Yes","Before arriving in New Zealand"
"GEN24_1087875","No",NA
"GEN24_1087890","Yes","Before arriving in New Zealand"
"GEN24_1087893","Yes","Before arriving in New Zealand"
"GEN24_1087893","Yes","While in New Zealand"
"GEN24_1087899","Yes","While in New Zealand"
"GEN24_1087905","Yes","I did not receive any information"
"GEN24_1087912","Yes","While in New Zealand"
"GEN24_1087914","Yes","I did not receive any information"
"GEN24_1087916","Yes","Before arriving in New Zealand"
"GEN24_1087931","No",NA
"GEN24_1087938","Yes","While in New Zealand"
"GEN24_1087940","Yes","Before arriving in New Zealand"
"GEN24_1087940","Yes","While in New Zealand"
"GEN24_1087983","No",NA
"GEN24_1087989","Yes","While in New Zealand"
"GEN24_1088025","Yes","I did not receive any information"
"GEN24_1088039","Yes","Before arriving in New Zealand"
"GEN24_1088039","Yes","While in New Zealand"
"GEN24_1088041","Yes","I did not receive any information"
"GEN24_1088051","Yes","Before arriving in New Zealand"
"GEN24_1088051","Yes","While in New Zealand"
"GEN24_1088062","Yes","While in New Zealand"
"GEN24_1088067","No",NA
"GEN24_1088070","Yes","I did not receive any information"
"GEN24_1088076","No",NA
"GEN24_1088078","Yes","Before arriving in New Zealand"
"GEN24_1088080","Yes","While in New Zealand"
"GEN24_1088085","Yes","Before arriving in New Zealand"
"GEN24_1088092","Yes","I did not receive any information"
"GEN24_1088103","No",NA
"GEN24_1088113","No",NA
"GEN24_1088135","Yes","Before arriving in New Zealand"
"GEN24_1088146","Yes","I did not receive any information"
"GEN24_1088149","No",NA
"GEN24_1088220","No",NA
"GEN24_1088222","Yes","Before arriving in New Zealand"
"GEN24_1088223","Yes","I did not receive any information"
"GEN24_1088232","Yes","I did not receive any information"
"GEN24_1088256","Yes","Before arriving in New Zealand"
"GEN24_1088265","No",NA
"GEN24_1088267","No",NA
"GEN24_1088272","No",NA
"GEN24_1088287","Yes","I did not receive any information"
"GEN24_1088288","Yes","Before arriving in New Zealand"
"GEN24_1088288","Yes","While in New Zealand"
"GEN24_1088296","Yes","Before arriving in New Zealand"
"GEN24_1088297","Yes","I did not receive any information"
"GEN24_1088299","No",NA
"GEN24_1088334","No",NA
"GEN24_1088339","Yes","Before arriving in New Zealand"
"GEN24_1088342","Yes","While in New Zealand"
"GEN24_1088361","Yes","I did not receive any information"
"GEN24_1088373","No",NA
"GEN24_1088382","No",NA
"GEN24_1088418","Yes","I did not receive any information"
"GEN24_1088422","Yes","I did not receive any information"
"GEN24_1088435","No",NA
"GEN24_1088443","No",NA
"GEN24_1088452","Yes","While in New Zealand"
"GEN24_1088454","Yes","I did not receive any information"
"GEN24_1088461","Yes","Before arriving in New Zealand"
"GEN24_1088461","Yes","While in New Zealand"
"GEN24_1088466","Yes","Before arriving in New Zealand"
"GEN24_1088467","No",NA
"GEN24_1088468","Yes","Before arriving in New Zealand"
"GEN24_1088468","Yes","While in New Zealand"
"GEN24_1088478","Yes","While in New Zealand"
"GEN24_1088484","Yes","I did not receive any information"
"GEN24_1088485","No",NA
"GEN24_1088490","Yes","I did not receive any information"
"GEN24_1088504","Yes","Before arriving in New Zealand"
"GEN24_1088517","Yes","Before arriving in New Zealand"
"GEN24_1088521","No",NA
"GEN24_1088534","Yes","Before arriving in New Zealand"
"GEN24_1088535","Yes","Before arriving in New Zealand"
"GEN24_1088538","Yes","Before arriving in New Zealand"
"GEN24_1088540","Yes","I did not receive any information"
"GEN24_1088548","No",NA
"GEN24_1088563","Yes","I did not receive any information"
"GEN24_1088569","No",NA
"GEN24_1088573","Yes","Before arriving in New Zealand"
"GEN24_1088573","Yes","While in New Zealand"
"GEN24_1088592","No",NA
"GEN24_1088628","Yes","I did not receive any information"
"GEN24_1088638","Yes","Before arriving in New Zealand"
"GEN24_1088644","No",NA
"GEN24_1088645","Yes","Before arriving in New Zealand"
"GEN24_1088648","No",NA
"GEN24_1088652","Yes","Before arriving in New Zealand"
"GEN24_1088655","Yes","I did not receive any information"
"GEN24_1088663","No",NA
"GEN24_1088674","No",NA
"GEN24_1088677","Yes","Before arriving in New Zealand"
"GEN24_1088680","Yes","While in New Zealand"
"GEN24_1088684","No",NA
"GEN24_1088695","Yes","While in New Zealand"
"GEN24_1088696","Yes","Before arriving in New Zealand"
"GEN24_1088700","Yes","I did not receive any information"
"GEN24_1088702","Yes","Before arriving in New Zealand"
"GEN24_1088704","Yes","Before arriving in New Zealand"
"GEN24_1088704","Yes","While in New Zealand"
"GEN24_1088705","Yes","I did not receive any information"
"GEN24_1088732","Yes","I did not receive any information"
"GEN24_1088756","Yes","I did not receive any information"
"GEN24_1088758","No",NA
"GEN24_1088765","Yes","Before arriving in New Zealand"
"GEN24_1088769","Yes","I did not receive any information"
"GEN24_1088779","Yes","I did not receive any information"
"GEN24_1088780","No",NA
"GEN24_1088781","Yes","Before arriving in New Zealand"
"GEN24_1088782","No",NA
"GEN24_1088790","No",NA
"GEN24_1088791","Yes","Before arriving in New Zealand"
"GEN24_1088828","Yes","Before arriving in New Zealand"
"GEN24_1088840","Yes","Before arriving in New Zealand"
"GEN24_1088841","Yes","Before arriving in New Zealand"
"GEN24_1088846","No",NA
"GEN24_1088849","Yes","Before arriving in New Zealand"
"GEN24_1088860","Yes","While in New Zealand"
"GEN24_1088881","Yes","Before arriving in New Zealand"
"GEN24_1088888","Yes","Before arriving in New Zealand"
"GEN24_1088888","Yes","While in New Zealand"
"GEN24_1088904","No",NA
"GEN24_1088914","Yes","I did not receive any information"
"GEN24_1088918","Yes","Before arriving in New Zealand"
"GEN24_1088918","Yes","While in New Zealand"
"GEN24_1088920","Yes","Before arriving in New Zealand"
"GEN24_1088928","Yes","Before arriving in New Zealand"
"GEN24_1088933","Yes","I did not receive any information"
"GEN24_1088934","No",NA
"GEN24_1088937","Yes","Before arriving in New Zealand"
"GEN24_1088953","Yes","Before arriving in New Zealand"
"GEN24_1088958","No",NA
"GEN24_1088961","Yes","While in New Zealand"
"GEN24_1088964","Yes","I did not receive any information"
"GEN24_1088994","Yes","Before arriving in New Zealand"
"GEN24_1088999","Yes","Before arriving in New Zealand"
"GEN24_1088999","Yes","While in New Zealand"
"GEN24_1089000","No",NA
"GEN24_1089017","No",NA
"GEN24_1089043","No",NA
"GEN24_1089051","Yes","Before arriving in New Zealand"
"GEN24_1089059","Yes","I did not receive any information"
"GEN24_1089062","No",NA
"GEN24_1089067","No",NA
"GEN24_1089071","Yes","While in New Zealand"
"GEN24_1089073","Yes","While in New Zealand"
"GEN24_1089075","Yes","I did not receive any information"
"GEN24_1089084","Yes","I did not receive any information"
"GEN24_1089092","Yes","Before arriving in New Zealand"
"GEN24_1089093","No",NA
"GEN24_1089097","No",NA
"GEN24_1089109","Yes","I did not receive any information"
"GEN24_1089128","Yes","I did not receive any information"
"GEN24_1089129","Yes","I did not receive any information"
"GEN24_1089148","Yes","I did not receive any information"
"GEN24_1089157","No",NA
"GEN24_1089166","Yes","While in New Zealand"
"GEN24_1089180","Yes","Before arriving in New Zealand"
"GEN24_1089183","Yes","I did not receive any information"
"GEN24_1089189","Yes","Before arriving in New Zealand"
"GEN24_1089189","Yes","While in New Zealand"
"GEN24_1089195","Yes","Before arriving in New Zealand"
"GEN24_1089229","Yes","Before arriving in New Zealand"
"GEN24_1089229","Yes","While in New Zealand"
"GEN24_1089258","No",NA
"GEN24_1089267","Yes","Before arriving in New Zealand"
"GEN24_1089267","Yes","While in New Zealand"
"GEN24_1089270","No",NA
"GEN24_1089278","No",NA
"GEN24_1089279","Yes","While in New Zealand"
"GEN24_1089280","No",NA
"GEN24_1089283","Yes","While in New Zealand"
"GEN24_1089284","Yes","I did not receive any information"
"GEN24_1089296","No",NA
"GEN24_1089304","No",NA
"GEN24_1089307","No",NA
"GEN24_1089319","No",NA
"GEN24_1089327","Yes","While in New Zealand"
"GEN24_1089330","Yes","I did not receive any information"
"GEN24_1089344","Yes","Before arriving in New Zealand"
"GEN24_1089351","No",NA
"GEN24_1089359","No",NA
"GEN24_1089389","No",NA
"GEN24_1089396","Yes","While in New Zealand"
"GEN24_1089409","Yes","While in New Zealand"
"GEN24_1089410","Yes","Before arriving in New Zealand"
"GEN24_1089418","No",NA
"GEN24_1089424","Yes","I did not receive any information"
"GEN24_1089425","Yes","I did not receive any information"
"GEN24_1089429","Yes","I did not receive any information"
"GEN24_1089431","Yes","I did not receive any information"
"GEN24_1089438","No",NA
"GEN24_1089443","Yes","I did not receive any information"
"GEN24_1089446","No",NA
"GEN24_1089447","Yes","I did not receive any information"
"GEN24_1089452","No",NA
"GEN24_1089453","No",NA
"GEN24_1089467","Yes","I did not receive any information"
"GEN24_1089470","Yes","While in New Zealand"
"GEN24_1089471","Yes","Before arriving in New Zealand"
"GEN24_1089471","Yes","While in New Zealand"
"GEN24_1089473","Yes","I did not receive any information"
"GEN24_1089475","No",NA
"GEN24_1089477","Yes","I did not receive any information"
"GEN24_1089478","Yes","Before arriving in New Zealand"
"GEN24_1089478","Yes","While in New Zealand"
"GEN24_1089483","Yes","Before arriving in New Zealand"
"GEN24_1089483","Yes","While in New Zealand"
"GEN24_1089497","No",NA
"GEN24_1089505","Yes","While in New Zealand"
"GEN24_1089512","No",NA
"GEN24_1089515","Yes","I did not receive any information"
"GEN24_1089522","Yes","I did not receive any information"
"GEN24_1089523","Yes","Before arriving in New Zealand"
"GEN24_1089529","Yes","I did not receive any information"
"GEN24_1089533","No",NA
"GEN24_1089534","Yes","Before arriving in New Zealand"
"GEN24_1089534","Yes","While in New Zealand"
"GEN24_1089552","Yes","Before arriving in New Zealand"
"GEN24_1089560","Yes","I did not receive any information"
"GEN24_1089561","Yes","I did not receive any information"
"GEN24_1089572","Yes","I did not receive any information"
"GEN24_1089601","Yes","Before arriving in New Zealand"
"GEN24_1089602","No",NA
"GEN24_1089603","Yes","While in New Zealand"
"GEN24_1089604","Yes","Before arriving in New Zealand"
"GEN24_1089623","Yes","I did not receive any information"
"GEN24_1089630","Yes","I did not receive any information"
"GEN24_1089639","Yes","Before arriving in New Zealand"
"GEN24_1089644","Yes","While in New Zealand"
"GEN24_1089658","Yes","I did not receive any information"
"GEN24_1089660","Yes","Before arriving in New Zealand"
"GEN24_1089660","Yes","While in New Zealand"
"GEN24_1089666","No",NA
"GEN24_1089671","Yes","I did not receive any information"
"GEN24_1089677","Yes","Before arriving in New Zealand"
"GEN24_1089690","Yes","Before arriving in New Zealand"
"GEN24_1089695","Yes","I did not receive any information"
"GEN24_1089697","Yes","I did not receive any information"
"GEN24_1089702","Yes","Before arriving in New Zealand"
"GEN24_1089716","No",NA
"GEN24_1089723","No",NA
"GEN24_1089748","No",NA
"GEN24_1089749","No",NA
"GEN24_1089776","Yes","While in New Zealand"
"GEN24_1089779","Yes","I did not receive any information"
"GEN24_1089793","Yes","While in New Zealand"
"GEN24_1089806","No",NA
"GEN24_1089807","Yes","Before arriving in New Zealand"
"GEN24_1089818","No",NA
"GEN24_1089822","Yes","Before arriving in New Zealand"
"GEN24_1089836","No",NA
"GEN24_1089853","Yes","While in New Zealand"
"GEN24_1089857","Yes","I did not receive any information"
"GEN24_1089858","Yes","Before arriving in New Zealand"
"GEN24_1089861","No",NA
"GEN24_1089892","Yes","Before arriving in New Zealand"
"GEN24_1089894","No",NA
"GEN24_1089895","Yes","Before arriving in New Zealand"
"GEN24_1089903","Yes","I did not receive any information"
"GEN24_1089907","Yes","While in New Zealand"
"GEN24_1089908","Yes","I did not receive any information"
"GEN24_1089916","Yes","Before arriving in New Zealand"
"GEN24_1089916","Yes","While in New Zealand"
"GEN24_1089918","No",NA
"GEN24_1089931","Yes","I did not receive any information"
"GEN24_1089932","Yes","I did not receive any information"
"GEN24_1089934","Yes","I did not receive any information"
"GEN24_1089960","Yes","Before arriving in New Zealand"
"GEN24_1090011","Yes","Before arriving in New Zealand"
"GEN24_1090014","No",NA
"GEN24_1090021","Yes","Before arriving in New Zealand"
"GEN24_1090026","Yes","While in New Zealand"
"GEN24_1090036","Yes","I did not receive any information"
"GEN24_1090052","Yes","While in New Zealand"
"GEN24_1090058","Yes","I did not receive any information"
"GEN24_1090059","No",NA
"GEN24_1090063","Yes","Before arriving in New Zealand"
"GEN24_1090063","Yes","While in New Zealand"
"GEN24_1090065","Yes","Before arriving in New Zealand"
"GEN24_1090065","Yes","While in New Zealand"
"GEN24_1090072","Yes","While in New Zealand"
"GEN24_1090082","Yes","While in New Zealand"
"GEN24_1090086","Yes","I did not receive any information"
"GEN24_1090091","Yes","Before arriving in New Zealand"
"GEN24_1090092","Yes","I did not receive any information"
"GEN24_1090104","No",NA
"GEN24_1090111","Yes","Before arriving in New Zealand"
"GEN24_1090115","No",NA
"GEN24_1090149","No",NA
"GEN24_1090174","Yes","Before arriving in New Zealand"
"GEN24_1090177","Yes","I did not receive any information"
"GEN24_1090182","No",NA
"GEN24_1090185","Yes","Before arriving in New Zealand"
"GEN24_1090192","Yes","Before arriving in New Zealand"
"GEN24_1090206","Yes","While in New Zealand"
"GEN24_1090208","No",NA
"GEN24_1090217","Yes","While in New Zealand"
"GEN24_1090232","Yes","I did not receive any information"
"GEN24_1090237","No",NA
"GEN24_1090252","Yes","Before arriving in New Zealand"
"GEN24_1090255","Yes","I did not receive any information"
"GEN24_1090262","Yes","Before arriving in New Zealand"
"GEN24_1090274","Yes","I did not receive any information"
"GEN24_1090283","Yes","Before arriving in New Zealand"
"GEN24_1090287","Yes","While in New Zealand"
"GEN24_1090290","Yes","While in New Zealand"
"GEN24_1090292","No",NA
"GEN24_1090294","Yes","I did not receive any information"
"GEN24_1090297","Yes","Before arriving in New Zealand"
"GEN24_1090297","Yes","While in New Zealand"
"GEN24_1090299","No",NA
"GEN24_1090302","Yes","I did not receive any information"
"GEN24_1090303","Yes","I did not receive any information"
"GEN24_1090313","Yes","I did not receive any information"
"GEN24_1090321","Yes","Before arriving in New Zealand"
"GEN24_1090321","Yes","While in New Zealand"
"GEN24_1090335","No",NA
"GEN24_1090348","No",NA
"GEN24_1090354","No",NA
"GEN24_1090361","Yes","While in New Zealand"
"GEN24_1090362","Yes","I did not receive any information"
"GEN24_1090374","No",NA
"GEN24_1090376","Yes","I did not receive any information"
"GEN24_1090381","No",NA
"GEN24_1090385","Yes","I did not receive any information"
"GEN24_1090386","No",NA
"GEN24_1090394","Yes","Before arriving in New Zealand"
"GEN24_1090400","Yes","Before arriving in New Zealand"
"GEN24_1090402","Yes","Before arriving in New Zealand"
"GEN24_1090403","Yes","While in New Zealand"
"GEN24_1090406","Yes","Before arriving in New Zealand"
"GEN24_1090406","Yes","While in New Zealand"
"GEN24_1090417","Yes","Before arriving in New Zealand"
"GEN24_1090424","No",NA
"GEN24_1090425","Yes","Before arriving in New Zealand"
"GEN24_1090428","Yes","Before arriving in New Zealand"
"GEN24_1090432","Yes","While in New Zealand"
"GEN24_1090433","Yes","I did not receive any information"
"GEN24_1090436","Yes","While in New Zealand"
"GEN24_1090440","Yes","I did not receive any information"
"GEN24_1090442","Yes","I did not receive any information"
"GEN24_1090447","Yes","While in New Zealand"
"GEN24_1090452","Yes","I did not receive any information"
"GEN24_1090453","Yes","While in New Zealand"
"GEN24_1090455","Yes","While in New Zealand"
"GEN24_1090457","Yes","Before arriving in New Zealand"
"GEN24_1090461","No",NA
"GEN24_1090464","Yes","I did not receive any information"
"GEN24_1090471","No",NA
"GEN24_1090473","Yes","While in New Zealand"
"GEN24_1090477","Yes","I did not receive any information"
"GEN24_1090512","Yes","I did not receive any information"
"GEN24_1090528","Yes","While in New Zealand"
"GEN24_1090529","No",NA
"GEN24_1090534","Yes","I did not receive any information"
"GEN24_1090535","No",NA
"GEN24_1090538","Yes","Before arriving in New Zealand"
"GEN24_1090538","Yes","While in New Zealand"
"GEN24_1090539","No",NA
"GEN24_1090545","Yes","Before arriving in New Zealand"
"GEN24_1090558","Yes","Before arriving in New Zealand"
"GEN24_1090578","Yes","Before arriving in New Zealand"
"GEN24_1090578","Yes","While in New Zealand"
"GEN24_1090592","Yes","Before arriving in New Zealand"
"GEN24_1090598","No",NA
"GEN24_1090608","No",NA
"GEN24_1090619","Yes","Before arriving in New Zealand"
"GEN24_1090619","Yes","While in New Zealand"
"GEN24_1090623","Yes","I did not receive any information"
"GEN24_1090632","Yes","I did not receive any information"
"GEN24_1090646","Yes","Before arriving in New Zealand"
"GEN24_1090651","Yes","Before arriving in New Zealand"
"GEN24_1090667","Yes","I did not receive any information"
"GEN24_1090670","Yes","Before arriving in New Zealand"
"GEN24_1090676","Yes","I did not receive any information"
"GEN24_1090677","Yes","Before arriving in New Zealand"
"GEN24_1090684","Yes","Before arriving in New Zealand"
"GEN24_1090685","No",NA
"GEN24_1090688","Yes","I did not receive any information"
"GEN24_1090693","Yes","Before arriving in New Zealand"
"GEN24_1090693","Yes","While in New Zealand"
"GEN24_1090695","No",NA
"GEN24_1090696","No",NA
"GEN24_1090698","Yes","While in New Zealand"
"GEN24_1090701","No",NA
"GEN24_1090703","Yes","I did not receive any information"
"GEN24_1090714","Yes","Before arriving in New Zealand"
"GEN24_1090720","Yes","While in New Zealand"
"GEN24_1090722","No",NA
"GEN24_1090742","Yes","I did not receive any information"
"GEN24_1090749","No",NA
"GEN24_1090755","Yes","I did not receive any information"
"GEN24_1090760","Yes","I did not receive any information"
"GEN24_1090763","Yes","I did not receive any information"
"GEN24_1090765","No",NA
"GEN24_1090773","No",NA
"GEN24_1090779","Yes","Before arriving in New Zealand"
"GEN24_1090791","No",NA
"GEN24_1090795","No",NA
"GEN24_1090801","Yes","Before arriving in New Zealand"
"GEN24_1090809","Yes","While in New Zealand"
"GEN24_1090812","No",NA
"GEN24_1090818","Yes","While in New Zealand"
"GEN24_1090833","Yes","I did not receive any information"
"GEN24_1090866","Yes","Before arriving in New Zealand"
"GEN24_1090866","Yes","While in New Zealand"
"GEN24_1090893","Yes","I did not receive any information"
"GEN24_1090896","No",NA
"GEN24_1090897","Yes","I did not receive any information"
"GEN24_1090902","No",NA
"GEN24_1090930","No",NA
"GEN24_1090936","Yes","Before arriving in New Zealand"
"GEN24_1090939","Yes","I did not receive any information"
"GEN24_1090940","No",NA
"GEN24_1090941","Yes","While in New Zealand"
"GEN24_1090948","Yes","Before arriving in New Zealand"
"GEN24_1090950","Yes","While in New Zealand"
"GEN24_1090953","Yes","While in New Zealand"
"GEN24_1090955","No",NA
"GEN24_1090957","No",NA
"GEN24_1090958","No",NA
"GEN24_1090970","Yes","While in New Zealand"
"GEN24_1090977","No",NA
"GEN24_1090979","No",NA
"GEN24_1090987","Yes","I did not receive any information"
"GEN24_1091006","No",NA
"GEN24_1091008","Yes","I did not receive any information"
"GEN24_1091009","No",NA
"GEN24_1091022","Yes","I did not receive any information"
"GEN24_1091026","Yes","I did not receive any information"
"GEN24_1091028","No",NA
"GEN24_1091029","No",NA
"GEN24_1091043","Yes","Before arriving in New Zealand"
"GEN24_1091046","Yes","Before arriving in New Zealand"
"GEN24_1091046","Yes","While in New Zealand"
"GEN24_1091048","No",NA
"GEN24_1091050","Yes","I did not receive any information"
"GEN24_1091082","Yes","I did not receive any information"
"GEN24_1091085","No",NA
"GEN24_1091089","Yes","Before arriving in New Zealand"
"GEN24_1091126","Yes","I did not receive any information"
"GEN24_1091130","Yes","While in New Zealand"
"GEN24_1091132","Yes","While in New Zealand"
"GEN24_1091133","Yes","Before arriving in New Zealand"
"GEN24_1091136","Yes","Before arriving in New Zealand"
"GEN24_1091136","Yes","While in New Zealand"
"GEN24_1091138","Yes","Before arriving in New Zealand"
"GEN24_1091140","Yes","Before arriving in New Zealand"
"GEN24_1091151","Yes","I did not receive any information"
"GEN24_1091160","Yes","Before arriving in New Zealand"
"GEN24_1091163","No",NA
"GEN24_1091164","No",NA
"GEN24_1091175","Yes","I did not receive any information"
"GEN24_1091176","Yes","I did not receive any information"
"GEN24_1091183","No",NA
"GEN24_1091190","Yes","I did not receive any information"
"GEN24_1091198","No",NA
"GEN24_1091201","Yes","Before arriving in New Zealand"
"GEN24_1091201","Yes","While in New Zealand"
"GEN24_1091208","Yes","Before arriving in New Zealand"
"GEN24_1091212","Yes","Before arriving in New Zealand"
"GEN24_1091214","Yes","Before arriving in New Zealand"
"GEN24_1091217","No",NA
"GEN24_1091224","Yes","Before arriving in New Zealand"
"GEN24_1091227","No",NA
"GEN24_1091228","Yes","While in New Zealand"
"GEN24_1091235","Yes","Before arriving in New Zealand"
"GEN24_1091242","Yes","I did not receive any information"
"GEN24_1091255","No",NA
"GEN24_1091259","Yes","While in New Zealand"
"GEN24_1091294","No",NA
"GEN24_1091301","Yes","I did not receive any information"
"GEN24_1091304","No",NA
"GEN24_1091324","No",NA
"GEN24_1091337","Yes","Before arriving in New Zealand"
"GEN24_1091343","No",NA
"GEN24_1091346","Yes","I did not receive any information"
"GEN24_1091355","Yes","Before arriving in New Zealand"
"GEN24_1091363","No",NA
"GEN24_1091365","Yes","Before arriving in New Zealand"
"GEN24_1091372","No",NA
"GEN24_1091374","Yes","Before arriving in New Zealand"
"GEN24_1091381","No",NA
"GEN24_1091388","No",NA
"GEN24_1091396","Yes","While in New Zealand"
"GEN24_1091398","Yes","Before arriving in New Zealand"
"GEN24_1091398","Yes","While in New Zealand"
"GEN24_1091402","Yes","I did not receive any information"
"GEN24_1091424","No",NA
"GEN24_1091425","Yes","While in New Zealand"
"GEN24_1091442","Yes","Before arriving in New Zealand"
"GEN24_1091443","Yes","I did not receive any information"
"GEN24_1091444","Yes","Before arriving in New Zealand"
"GEN24_1091444","Yes","While in New Zealand"
"GEN24_1091458","Yes","Before arriving in New Zealand"
"GEN24_1091463","Yes","Before arriving in New Zealand"
"GEN24_1091466","No",NA
"GEN24_1091476","Yes","I did not receive any information"
"GEN24_1091478","No",NA
"GEN24_1091480","Yes","I did not receive any information"
"GEN24_1091547","No",NA
"GEN24_1091555","No",NA
"GEN24_1091568","No",NA
"GEN24_1091569","No",NA
"GEN24_1091574","No",NA
"GEN24_1091575","Yes","I did not receive any information"
"GEN24_1091577","Yes","While in New Zealand"
"GEN24_1091582","Yes","I did not receive any information"
"GEN24_1091606","Yes","I did not receive any information"
"GEN24_1091609","No",NA
"GEN24_1091624","No",NA
"GEN24_1091625","Yes","I did not receive any information"
"GEN24_1091627","No",NA
"GEN24_1091643","Yes","I did not receive any information"
"GEN24_1091650","No",NA
"GEN24_1091656","No",NA
"GEN24_1091664","Yes","Before arriving in New Zealand"
"GEN24_1091664","Yes","While in New Zealand"
"GEN24_1091665","Yes","While in New Zealand"
"GEN24_1091670","No",NA
"GEN24_1091686","Yes","Before arriving in New Zealand"
"GEN24_1091690","Yes","Before arriving in New Zealand"
"GEN24_1091690","Yes","While in New Zealand"
"GEN24_1091719","Yes","Before arriving in New Zealand"
"GEN24_1091731","Yes","I did not receive any information"
"GEN24_1091732","No",NA
"GEN24_1091733","No",NA
"GEN24_1091738","Yes","While in New Zealand"
"GEN24_1091751","Yes","Before arriving in New Zealand"
"GEN24_1091756","Yes","I did not receive any information"
"GEN24_1091768","Yes","While in New Zealand"
"GEN24_1091782","Yes","While in New Zealand"
"GEN24_1091783","Yes","Before arriving in New Zealand"
"GEN24_1091796","Yes","Before arriving in New Zealand"
"GEN24_1091797","Yes","While in New Zealand"
"GEN24_1091798","No",NA
"GEN24_1091816","Yes","I did not receive any information"
"GEN24_1091819","No",NA
"GEN24_1091821","No",NA
"GEN24_1091831","Yes","Before arriving in New Zealand"
"GEN24_1091844","Yes","Before arriving in New Zealand"
"GEN24_1091844","Yes","While in New Zealand"
"GEN24_1091845","Yes","Before arriving in New Zealand"
"GEN24_1091845","Yes","While in New Zealand"
"GEN24_1091849","Yes","Before arriving in New Zealand"
"GEN24_1091855","Yes","Before arriving in New Zealand"
"GEN24_1091882","No",NA
"GEN24_1091898","Yes","Before arriving in New Zealand"
"GEN24_1091901","Yes","Before arriving in New Zealand"
"GEN24_1091905","Yes","I did not receive any information"
"GEN24_1091917","No",NA
"GEN24_1091923","Yes","Before arriving in New Zealand"
"GEN24_1091928","Yes","Before arriving in New Zealand"
"GEN24_1091933","Yes","While in New Zealand"
"GEN24_1091944","No",NA
"GEN24_1091954","Yes","Before arriving in New Zealand"
"GEN24_1091978","No",NA
"GEN24_1091979","Yes","Before arriving in New Zealand"
"GEN24_1091982","No",NA
"GEN24_1091989","Yes","Before arriving in New Zealand"
"GEN24_1091991","Yes","While in New Zealand"
"GEN24_1092010","Yes","I did not receive any information"
"GEN24_1092013","Yes","I did not receive any information"
"GEN24_1092015","Yes","I did not receive any information"
"GEN24_1092022","Yes","I did not receive any information"
"GEN24_1092023","Yes","I did not receive any information"
"GEN24_1092033","Yes","I did not receive any information"
"GEN24_1092056","Yes","While in New Zealand"
"GEN24_1092104","No",NA
"GEN24_1092108","No",NA
"GEN24_1092113","Yes","I did not receive any information"
"GEN24_1092118","Yes","Before arriving in New Zealand"
"GEN24_1092124","Yes","I did not receive any information"
"GEN24_1092134","Yes","I did not receive any information"
"GEN24_1092137","Yes","Before arriving in New Zealand"
"GEN24_1092140","Yes","Before arriving in New Zealand"
"GEN24_1092140","Yes","While in New Zealand"
"GEN24_1092148","Yes","Before arriving in New Zealand"
"GEN24_1092148","Yes","While in New Zealand"
"GEN24_1092157","No",NA
"GEN24_1092158","Yes","Before arriving in New Zealand"
"GEN24_1092161","Yes","I did not receive any information"
"GEN24_1092169","Yes","I did not receive any information"
"GEN24_1092177","Yes","Before arriving in New Zealand"
"GEN24_1092184","No",NA
"GEN24_1092192","No",NA
"GEN24_1092195","Yes","While in New Zealand"
"GEN24_1092210","No",NA
"GEN24_1092213","Yes","While in New Zealand"
"GEN24_1092224","Yes","Before arriving in New Zealand"
"GEN24_1092228","No",NA
"GEN24_1092245","Yes","I did not receive any information"
"GEN24_1092259","Yes","While in New Zealand"
"GEN24_1092261","Yes","I did not receive any information"
"GEN24_1092264","Yes","Before arriving in New Zealand"
"GEN24_1092274","Yes","While in New Zealand"
"GEN24_1092275","Yes","Before arriving in New Zealand"
"GEN24_1092286","No",NA
"GEN24_1092299","Yes","I did not receive any information"
"GEN24_1092300","No",NA
"GEN24_1092307","Yes","While in New Zealand"
"GEN24_1092330","Yes","I did not receive any information"
"GEN24_1092331","Yes","I did not receive any information"
"GEN24_1092333","Yes","Before arriving in New Zealand"
"GEN24_1092333","Yes","While in New Zealand"
"GEN24_1092337","No",NA
"GEN24_1092352","No",NA
"GEN24_1092353","No",NA
"GEN24_1092354","Yes","I did not receive any information"
"GEN24_1092357","Yes","While in New Zealand"
"GEN24_1092367","Yes","While in New Zealand"
"GEN24_1092370","Yes","I did not receive any information"
"GEN24_1092377","Yes","While in New Zealand"
"GEN24_1092436","Yes","I did not receive any information"
"GEN24_1092441","No",NA
"GEN24_1092454","Yes","I did not receive any information"
"GEN24_1092456","No",NA
"GEN24_1092472","Yes","I did not receive any information"
"GEN24_1092473","Yes","While in New Zealand"
"GEN24_1092476","No",NA
"GEN24_1092496","No",NA
"GEN24_1092498","Yes","I did not receive any information"
"GEN24_1092504","No",NA
"GEN24_1092511","No",NA
"GEN24_1092512","Yes","Before arriving in New Zealand"
"GEN24_1092516","No",NA
"GEN24_1092527","Yes","Before arriving in New Zealand"
"GEN24_1092528","Yes","While in New Zealand"
"GEN24_1092535","Yes","Before arriving in New Zealand"
"GEN24_1092543","Yes","Before arriving in New Zealand"
"GEN24_1092556","Yes","I did not receive any information"
"GEN24_1092560","Yes","Before arriving in New Zealand"
"GEN24_1092565","Yes","Before arriving in New Zealand"
"GEN24_1092572","Yes","Before arriving in New Zealand"
"GEN24_1092576","Yes","Before arriving in New Zealand"
"GEN24_1092576","Yes","While in New Zealand"
"GEN24_1092577","Yes","I did not receive any information"
"GEN24_1092590","No",NA
"GEN24_1092596","Yes","Before arriving in New Zealand"
"GEN24_1092609","No",NA
"GEN24_1092638","Yes","Before arriving in New Zealand"
"GEN24_1092639","Yes","While in New Zealand"
"GEN24_1092640","Yes","I did not receive any information"
"GEN24_1092653","Yes","I did not receive any information"
"GEN24_1092665","Yes","While in New Zealand"
"GEN24_1092672","Yes","While in New Zealand"
"GEN24_1092678","Yes","I did not receive any information"
"GEN24_1092688","Yes","I did not receive any information"
"GEN24_1092690","Yes","I did not receive any information"
"GEN24_1092697","Yes","I did not receive any information"
"GEN24_1092703","No",NA
"GEN24_1092709","No",NA
"GEN24_1092712","Yes","I did not receive any information"
"GEN24_1092723","Yes","Before arriving in New Zealand"
"GEN24_1092727","No",NA
"GEN24_1092728","Yes","While in New Zealand"
"GEN24_1092732","No",NA
"GEN24_1092735","Yes","I did not receive any information"
"GEN24_1092739","No",NA
"GEN24_1092742","Yes","Before arriving in New Zealand"
"GEN24_1092745","Yes","Before arriving in New Zealand"
"GEN24_1092745","Yes","While in New Zealand"
"GEN24_1092746","Yes","While in New Zealand"
"GEN24_1092751","Yes","Before arriving in New Zealand"
"GEN24_1092751","Yes","While in New Zealand"
"GEN24_1092761","No",NA
"GEN24_1092765","Yes","Before arriving in New Zealand"
"GEN24_1092787","Yes","Before arriving in New Zealand"
"GEN24_1092797","Yes","Before arriving in New Zealand"
"GEN24_1092798","Yes","Before arriving in New Zealand"
"GEN24_1092798","Yes","While in New Zealand"
"GEN24_1092806","Yes","While in New Zealand"
"GEN24_1092811","Yes","Before arriving in New Zealand"
"GEN24_1092812","Yes","While in New Zealand"
"GEN24_1092815","Yes","Before arriving in New Zealand"
"GEN24_1092816","Yes","I did not receive any information"
"GEN24_1092829","Yes","While in New Zealand"
"GEN24_1092832","Yes","I did not receive any information"
"GEN24_1092840","No",NA
"GEN24_1092848","Yes","Before arriving in New Zealand"
"GEN24_1092851","No",NA
"GEN24_1092875","No",NA
"GEN24_1092885","No",NA
"GEN24_1092891","No",NA
"GEN24_1092893","Yes","Before arriving in New Zealand"
"GEN24_1092896","No",NA
"GEN24_1092902","No",NA
"GEN24_1092912","Yes","While in New Zealand"
"GEN24_1092945","No",NA
"GEN24_1092951","Yes","While in New Zealand"
"GEN24_1092952","No",NA
"GEN24_1092953","No",NA
"GEN24_1092957","No",NA
"GEN24_1092959","Yes","Before arriving in New Zealand"
"GEN24_1092984","Yes","I did not receive any information"
"GEN24_1092991","No",NA
"GEN24_1092994","Yes","While in New Zealand"
"GEN24_1093020","Yes","While in New Zealand"
"GEN24_1093023","Yes","I did not receive any information"
"GEN24_1093028","Yes","I did not receive any information"
"GEN24_1093031","Yes","I did not receive any information"
"GEN24_1093049","Yes","I did not receive any information"
"GEN24_1093055","No",NA
"GEN24_1093067","Yes","Before arriving in New Zealand"
"GEN24_1093067","Yes","While in New Zealand"
"GEN24_1093068","Yes","Before arriving in New Zealand"
"GEN24_1093070","No",NA
"GEN24_1093089","No",NA
"GEN24_1093116","Yes","While in New Zealand"
"GEN24_1093117","Yes","Before arriving in New Zealand"
"GEN24_1093135","Yes","While in New Zealand"
"GEN24_1093140","Yes","Before arriving in New Zealand"
"GEN24_1093171","No",NA
"GEN24_1093188","Yes","Before arriving in New Zealand"
"GEN24_1093191","No",NA
"GEN24_1093199","Yes","I did not receive any information"
"GEN24_1093201","No",NA
"GEN24_1093205","Yes","Before arriving in New Zealand"
"GEN24_1093210","Yes","Before arriving in New Zealand"
"GEN24_1093219","Yes","Before arriving in New Zealand"
"GEN24_1093219","Yes","While in New Zealand"
"GEN24_1093232","Yes","I did not receive any information"
"GEN24_1093238","Yes","I did not receive any information"
"GEN24_1093244","Yes","I did not receive any information"
"GEN24_1093245","Yes","I did not receive any information"
"GEN24_1093247","Yes","Before arriving in New Zealand"
"GEN24_1093260","Yes","Before arriving in New Zealand"
"GEN24_1093262","Yes","While in New Zealand"
"GEN24_1093263","Yes","While in New Zealand"
"GEN24_1093264","Yes","I did not receive any information"
"GEN24_1093274","Yes","I did not receive any information"
"GEN24_1093279","Yes","I did not receive any information"
"GEN24_1093285","Yes","Before arriving in New Zealand"
"GEN24_1093287","No",NA
"GEN24_1093288","Yes","Before arriving in New Zealand"
"GEN24_1093299","No",NA
"GEN24_1093303","No",NA
"GEN24_1093306","Yes","While in New Zealand"
"GEN24_1093320","Yes","While in New Zealand"
"GEN24_1093331","Yes","I did not receive any information"
"GEN24_1093336","No",NA
"GEN24_1093338","Yes","Before arriving in New Zealand"
"GEN24_1093343","Yes","While in New Zealand"
"GEN24_1093359","No",NA
"GEN24_1093377","No",NA
"GEN24_1093384","Yes","Before arriving in New Zealand"
"GEN24_1093386","Yes","While in New Zealand"
"GEN24_1093387","Yes","I did not receive any information"
"GEN24_1093390","Yes","I did not receive any information"
"GEN24_1093392","Yes","I did not receive any information"
"GEN24_1093395","Yes","I did not receive any information"
"GEN24_1093398","Yes","I did not receive any information"
"GEN24_1093399","Yes","I did not receive any information"
"GEN24_1093413","Yes","Before arriving in New Zealand"
"GEN24_1093425","Yes","While in New Zealand"
"GEN24_1093430","Yes","Before arriving in New Zealand"
"GEN24_1093433","Yes","Before arriving in New Zealand"
"GEN24_1093435","Can’t remember",NA
"GEN24_1093437","Yes","While in New Zealand"
"GEN24_1093444","Yes","While in New Zealand"
"GEN24_1093447","No",NA
"GEN24_1093449","Yes","I did not receive any information"
"GEN24_1093457","Yes","Before arriving in New Zealand"
"GEN24_1093462","Yes","I did not receive any information"
"GEN24_1093463","Yes","While in New Zealand"
"GEN24_1093465","No",NA
"GEN24_1093468","Yes","Before arriving in New Zealand"
"GEN24_1093468","Yes","While in New Zealand"
"GEN24_1093470","No",NA
"GEN24_1093488","No",NA
"GEN24_1093490","Yes","I did not receive any information"
"GEN24_1093500","Yes","Before arriving in New Zealand"
"GEN24_1093500","Yes","While in New Zealand"
"GEN24_1093503","No",NA
"GEN24_1093510","Yes","I did not receive any information"
"GEN24_1093517","Yes","I did not receive any information"
"GEN24_1093527","Yes","Before arriving in New Zealand"
"GEN24_1093528","Yes","I did not receive any information"
"GEN24_1093531","Yes","I did not receive any information"
"GEN24_1093541","Yes","I did not receive any information"
"GEN24_1093543","Yes","I did not receive any information"
"GEN24_1093553","No",NA
"GEN24_1093555","Yes","Before arriving in New Zealand"
"GEN24_1093555","Yes","While in New Zealand"
"GEN24_1093557","Yes","I did not receive any information"
"GEN24_1093577","Yes","Before arriving in New Zealand"
"GEN24_1093586","Yes","I did not receive any information"
"GEN24_1093590","Yes","I did not receive any information"
"GEN24_1093603","No",NA
"GEN24_1093606","Yes","Before arriving in New Zealand"
"GEN24_1093606","Yes","While in New Zealand"
"GEN24_1093612","No",NA
"GEN24_1093614","Yes","I did not receive any information"
"GEN24_1093640","No",NA
"GEN24_1093648","Yes","I did not receive any information"
"GEN24_1093653","Yes","Before arriving in New Zealand"
"GEN24_1093655","Yes","I did not receive any information"
"GEN24_1093666","Yes","Before arriving in New Zealand"
"GEN24_1093667","Yes","Before arriving in New Zealand"
"GEN24_1093678","Yes","Before arriving in New Zealand"
"GEN24_1093709","Yes","Before arriving in New Zealand"
"GEN24_1093714","Yes","Before arriving in New Zealand"
"GEN24_1093718","No",NA
"GEN24_1093719","Can’t remember",NA
"GEN24_1093724","No",NA
"GEN24_1093727","No",NA
"GEN24_1093730","Yes","Before arriving in New Zealand"
"GEN24_1093733","No",NA
"GEN24_1093748","No",NA
"GEN24_1093749","Yes","Before arriving in New Zealand"
"GEN24_1093749","Yes","While in New Zealand"
"GEN24_1093758","No",NA
"GEN24_1093762","Yes","Before arriving in New Zealand"
"GEN24_1093773","Yes","I did not receive any information"
"GEN24_1093778","No",NA
"GEN24_1093788","Yes","I did not receive any information"
"GEN24_1093796","Yes","Before arriving in New Zealand"
"GEN24_1093802","Yes","I did not receive any information"
"GEN24_1093814","No",NA
"GEN24_1093829","Yes","While in New Zealand"
"GEN24_1093845","No",NA
"GEN24_1093849","No",NA
"GEN24_1093852","Yes","Before arriving in New Zealand"
"GEN24_1093855","Yes","Before arriving in New Zealand"
"GEN24_1093856","Yes","Before arriving in New Zealand"
"GEN24_1093857","No",NA
"GEN24_1093867","Yes","Before arriving in New Zealand"
"GEN24_1093876","Yes","Before arriving in New Zealand"
"GEN24_1093897","Yes","While in New Zealand"
"GEN24_1093902","Yes","While in New Zealand"
"GEN24_1093906","Yes","Before arriving in New Zealand"
"GEN24_1093909","No",NA
"GEN24_1093911","Yes","Before arriving in New Zealand"
"GEN24_1093914","Yes","I did not receive any information"
"GEN24_1093929","No",NA
"GEN24_1093934","Yes","Before arriving in New Zealand"
"GEN24_1093936","Yes","Before arriving in New Zealand"
"GEN24_1093936","Yes","While in New Zealand"
"GEN24_1093944","No",NA
"GEN24_1093945","Yes","Before arriving in New Zealand"
"GEN24_1093962","No",NA
"GEN24_1093985","Yes","I did not receive any information"
"GEN24_1093992","Yes","I did not receive any information"
"GEN24_1093996","Yes","I did not receive any information"
"GEN24_1094022","No",NA
"GEN24_1094024","Yes","I did not receive any information"
"GEN24_1094025","Yes","While in New Zealand"
"GEN24_1094027","Yes","I did not receive any information"
"GEN24_1094031","Yes","I did not receive any information"
"GEN24_1094036","No",NA
"GEN24_1094042","Yes","I did not receive any information"
"GEN24_1094051","No",NA
"GEN24_1094056","Yes","Before arriving in New Zealand"
"GEN24_1094056","Yes","While in New Zealand"
"GEN24_1094058","Yes","I did not receive any information"
"GEN24_1094060","Yes","Before arriving in New Zealand"
"GEN24_1094064","Yes","Before arriving in New Zealand"
"GEN24_1094064","Yes","While in New Zealand"
"GEN24_1094073","Yes","Before arriving in New Zealand"
"GEN24_1094080","Yes","I did not receive any information"
"GEN24_1094081","Yes","I did not receive any information"
"GEN24_1094089","No",NA
"GEN24_1094096","Yes","I did not receive any information"
"GEN24_1094119","No",NA
"GEN24_1094127","No",NA
"GEN24_1094132","Yes","Before arriving in New Zealand"
"GEN24_1094142","Yes","Before arriving in New Zealand"
"GEN24_1094149","Yes","I did not receive any information"
"GEN24_1094159","Yes","While in New Zealand"
"GEN24_1094163","Yes","While in New Zealand"
"GEN24_1094164","No",NA
"GEN24_1094177","No",NA
"GEN24_1094178","Yes","I did not receive any information"
"GEN24_1094179","Yes","I did not receive any information"
"GEN24_1094189","No",NA
"GEN24_1094193","Yes","I did not receive any information"
"GEN24_1094206","Yes","I did not receive any information"
"GEN24_1094210","Yes","Before arriving in New Zealand"
"GEN24_1094220","Yes","Before arriving in New Zealand"
"GEN24_1094226","Yes","I did not receive any information"
"GEN24_1094232","Yes","I did not receive any information"
"GEN24_1094239","Yes","I did not receive any information"
"GEN24_1094245","Yes","I did not receive any information"
"GEN24_1094252","No",NA
"GEN24_1094271","Yes","Before arriving in New Zealand"
"GEN24_1094273","Yes","Before arriving in New Zealand"
"GEN24_1094274","Yes","Before arriving in New Zealand"
"GEN24_1094276","Yes","While in New Zealand"
"GEN24_1094278","Yes","Before arriving in New Zealand"
"GEN24_1094282","Yes","Before arriving in New Zealand"
"GEN24_1094288","Yes","I did not receive any information"
"GEN24_1094293","Yes","I did not receive any information"
"GEN24_1094294","Yes","Before arriving in New Zealand"
"GEN24_1094294","Yes","While in New Zealand"
"GEN24_1094295","Yes","I did not receive any information"
"GEN24_1094298","Yes","I did not receive any information"
"GEN24_1094317","Yes","While in New Zealand"
"GEN24_1094336","Yes","I did not receive any information"
"GEN24_1094338","Yes","I did not receive any information"
"GEN24_1094347","Yes","While in New Zealand"
"GEN24_1094356","Yes","Before arriving in New Zealand"
"GEN24_1094357","Yes","Before arriving in New Zealand"
"GEN24_1094357","Yes","While in New Zealand"
"GEN24_1094367","Yes","Before arriving in New Zealand"
"GEN24_1094367","Yes","While in New Zealand"
"GEN24_1094368","Yes","Before arriving in New Zealand"
"GEN24_1094376","Yes","Before arriving in New Zealand"
"GEN24_1094406","Yes","Before arriving in New Zealand"
"GEN24_1094415","No",NA
"GEN24_1094423","Yes","I did not receive any information"
"GEN24_1094428","No",NA
"GEN24_1094436","No",NA
"GEN24_1094437","Yes","Before arriving in New Zealand"
"GEN24_1094439","Yes","I did not receive any information"
"GEN24_1094451","No",NA
"GEN24_1094454","Yes","Before arriving in New Zealand"
"GEN24_1094454","Yes","While in New Zealand"
"GEN24_1094462","No",NA
"GEN24_1094471","No",NA
"GEN24_1094479","Yes","I did not receive any information"
"GEN24_1094480","Yes","I did not receive any information"
"GEN24_1094489","Yes","I did not receive any information"
"GEN24_1094501","Yes","While in New Zealand"
"GEN24_1094515","Yes","I did not receive any information"
"GEN24_1094521","Yes","Before arriving in New Zealand"
"GEN24_1094527","Yes","Before arriving in New Zealand"
"GEN24_1094528","No",NA
"GEN24_1094540","Yes","I did not receive any information"
"GEN24_1094562","Can’t remember",NA
"GEN24_1094568","No",NA
"GEN24_1094582","Yes","Before arriving in New Zealand"
"GEN24_1094582","Yes","While in New Zealand"
"GEN24_1094586","No",NA
"GEN24_1094587","Yes","Before arriving in New Zealand"
"GEN24_1094598","Yes","Before arriving in New Zealand"
"GEN24_1094623","Yes","I did not receive any information"
"GEN24_1094625","Yes","Before arriving in New Zealand"
"GEN24_1094625","Yes","While in New Zealand"
"GEN24_1094630","No",NA
"GEN24_1094638","Yes","I did not receive any information"
"GEN24_1094640","Yes","I did not receive any information"
"GEN24_1094648","Yes","Before arriving in New Zealand"
"GEN24_1094649","Yes","I did not receive any information"
"GEN24_1094651","No",NA
"GEN24_1094652","No",NA
"GEN24_1094654","Yes","While in New Zealand"
"GEN24_1094667","No",NA
"GEN24_1094668","Yes","While in New Zealand"
"GEN24_1094693","Yes","I did not receive any information"
"GEN24_1094713","Yes","I did not receive any information"
"GEN24_1094716","Yes","I did not receive any information"
"GEN24_1094719","No",NA
"GEN24_1094723","Yes","I did not receive any information"
"GEN24_1094728","Yes","I did not receive any information"
"GEN24_1094731","No",NA
"GEN24_1094735","No",NA
"GEN24_1094740","Yes","While in New Zealand"
"GEN24_1094745","Yes","I did not receive any information"
"GEN24_1094747","Yes","I did not receive any information"
"GEN24_1094749","No",NA
"GEN24_1094752","Yes","Before arriving in New Zealand"
"GEN24_1094752","Yes","While in New Zealand"
"GEN24_1094754","Yes","Before arriving in New Zealand"
"GEN24_1094754","Yes","While in New Zealand"
"GEN24_1094758","Yes","I did not receive any information"
"GEN24_1094768","Yes","While in New Zealand"
"GEN24_1094777","Yes","Before arriving in New Zealand"
"GEN24_1094778","Yes","I did not receive any information"
"GEN24_1094781","No",NA
"GEN24_1094789","No",NA
"GEN24_1094794","Yes","Before arriving in New Zealand"
"GEN24_1094798","Yes","Before arriving in New Zealand"
"GEN24_1094806","Yes","Before arriving in New Zealand"
"GEN24_1094816","Yes","Before arriving in New Zealand"
"GEN24_1094838","Yes","Before arriving in New Zealand"
"GEN24_1094838","Yes","While in New Zealand"
"GEN24_1094839","Yes","Before arriving in New Zealand"
"GEN24_1094844","Yes","While in New Zealand"
"GEN24_1094857","Yes","I did not receive any information"
"GEN24_1094879","No",NA
"GEN24_1094886","Yes","I did not receive any information"
"GEN24_1094901","No",NA
"GEN24_1094905","Yes","Before arriving in New Zealand"
"GEN24_1094905","Yes","While in New Zealand"
"GEN24_1094910","Yes","While in New Zealand"
"GEN24_1094917","No",NA
"GEN24_1094926","Yes","Before arriving in New Zealand"
"GEN24_1094926","Yes","While in New Zealand"
"GEN24_1094930","Yes","While in New Zealand"
"GEN24_1094932","Yes","Before arriving in New Zealand"
"GEN24_1094937","Yes","I did not receive any information"
"GEN24_1094938","Yes","Before arriving in New Zealand"
"GEN24_1094938","Yes","While in New Zealand"
"GEN24_1094944","Yes","I did not receive any information"
"GEN24_1094955","Yes","Before arriving in New Zealand"
"GEN24_1094955","Yes","While in New Zealand"
"GEN24_1094974","Yes","I did not receive any information"
"GEN24_1094990","Yes","While in New Zealand"
"GEN24_1094992","Yes","I did not receive any information"
"GEN24_1095006","Yes","I did not receive any information"
"GEN24_1095028","Yes","Before arriving in New Zealand"
"GEN24_1095030","Yes","I did not receive any information"
"GEN24_1095036","Yes","Before arriving in New Zealand"
"GEN24_1095036","Yes","While in New Zealand"
"GEN24_1095045","No",NA
"GEN24_1095048","No",NA
"GEN24_1095055","No",NA
"GEN24_1095059","Yes","I did not receive any information"
"GEN24_1095061","Yes","Before arriving in New Zealand"
"GEN24_1095061","Yes","While in New Zealand"
"GEN24_1095063","No",NA
"GEN24_1095071","Yes","I did not receive any information"
"GEN24_1095086","Yes","Before arriving in New Zealand"
"GEN24_1095088","Yes","While in New Zealand"
"GEN24_1095128","Yes","I did not receive any information"
"GEN24_1095129","Yes","I did not receive any information"
"GEN24_1095135","No",NA
"GEN24_1095138","No",NA
"GEN24_1095144","No",NA
"GEN24_1095165","Yes","I did not receive any information"
"GEN24_1095177","Yes","I did not receive any information"
"GEN24_1095180","Yes","Before arriving in New Zealand"
"GEN24_1095182","Yes","I did not receive any information"
"GEN24_1095184","No",NA
"GEN24_1095198","No",NA
"GEN24_1095200","No",NA
"GEN24_1095208","Yes","I did not receive any information"
"GEN24_1095211","No",NA
"GEN24_1095215","Yes","While in New Zealand"
"GEN24_1095232","No",NA
"GEN24_1095239","Yes","Before arriving in New Zealand"
"GEN24_1095240","No",NA
"GEN24_1095244","Yes","I did not receive any information"
"GEN24_1095251","No",NA
"GEN24_1095259","Yes","Before arriving in New Zealand"
"GEN24_1095267","No",NA
"GEN24_1095283","Yes","Before arriving in New Zealand"
"GEN24_1095303","Yes","I did not receive any information"
"GEN24_1095304","Yes","While in New Zealand"
"GEN24_1095305","Yes","Before arriving in New Zealand"
"GEN24_1095305","Yes","While in New Zealand"
"GEN24_1095313","Yes","I did not receive any information"
"GEN24_1095316","Yes","Before arriving in New Zealand"
"GEN24_1095316","Yes","While in New Zealand"
"GEN24_1095320","Yes","While in New Zealand"
"GEN24_1095322","Yes","Before arriving in New Zealand"
"GEN24_1095322","Yes","While in New Zealand"
"GEN24_1095326","Yes","Before arriving in New Zealand"
"GEN24_1095331","No",NA
"GEN24_1095332","Yes","Before arriving in New Zealand"
"GEN24_1095332","Yes","While in New Zealand"
"GEN24_1095338","Yes","I did not receive any information"
"GEN24_1095341","Yes","I did not receive any information"
"GEN24_1095345","Yes","I did not receive any information"
"GEN24_1095378","No",NA
"GEN24_1095385","Yes","Before arriving in New Zealand"
"GEN24_1095385","Yes","While in New Zealand"
"GEN24_1095390","Yes",NA
"GEN24_1095394","Yes","While in New Zealand"
"GEN24_1095397","Yes","I did not receive any information"
"GEN24_1095413","Yes","Before arriving in New Zealand"
"GEN24_1095420","Yes","I did not receive any information"
"GEN24_1095431","Yes","I did not receive any information"
"GEN24_1095438","No",NA
"GEN24_1095456","Yes","While in New Zealand"
"GEN24_1095469","Yes","While in New Zealand"
"GEN24_1095480","Yes","Before arriving in New Zealand"
"GEN24_1095480","Yes","While in New Zealand"
"GEN24_1095483","Yes","Before arriving in New Zealand"
"GEN24_1095488","Yes","I did not receive any information"
"GEN24_1095492","Yes","Before arriving in New Zealand"
"GEN24_1095492","Yes","While in New Zealand"
"GEN24_1095504","Yes","I did not receive any information"
"GEN24_1095508","No",NA
"GEN24_1095514","Yes","I did not receive any information"
"GEN24_1095515","Yes","I did not receive any information"
"GEN24_1095517","Yes","While in New Zealand"
"GEN24_1095519","Yes","I did not receive any information"
"GEN24_1095520","No",NA
"GEN24_1095525","Yes","I did not receive any information"
"GEN24_1095537","Yes","I did not receive any information"
"GEN24_1095540","Yes","While in New Zealand"
"GEN24_1095549","No",NA
"GEN24_1095552","Yes","I did not receive any information"
"GEN24_1095553","Yes","Before arriving in New Zealand"
"GEN24_1095554","No",NA
"GEN24_1095555","Yes","While in New Zealand"
"GEN24_1095568","Yes","I did not receive any information"
"GEN24_1095571","Yes","I did not receive any information"
"GEN24_1095573","No",NA
"GEN24_1095578","Yes","Before arriving in New Zealand"
"GEN24_1095580","No",NA
"GEN24_1095593","Yes","I did not receive any information"
"GEN24_1095617","Yes","Before arriving in New Zealand"
"GEN24_1095627","Yes","While in New Zealand"
"GEN24_1095630","Yes","While in New Zealand"
"GEN24_1095635","Yes","I did not receive any information"
"GEN24_1095644","Yes","I did not receive any information"
"GEN24_1095649","Yes","Before arriving in New Zealand"
"GEN24_1095650","Yes","Before arriving in New Zealand"
"GEN24_1095678","Yes","Before arriving in New Zealand"
"GEN24_1095678","Yes","While in New Zealand"
"GEN24_1095680","Yes","Before arriving in New Zealand"
"GEN24_1095682","No",NA
"GEN24_1095687","Yes","Before arriving in New Zealand"
"GEN24_1095693","Yes","Before arriving in New Zealand"
"GEN24_1095700","Yes","Before arriving in New Zealand"
"GEN24_1095701","Yes","I did not receive any information"
"GEN24_1095702","No",NA
"GEN24_1095718","No",NA
"GEN24_1095725","Yes","While in New Zealand"
"GEN24_1095726","Yes","I did not receive any information"
"GEN24_1095729","Yes","Before arriving in New Zealand"
"GEN24_1095732","Yes","I did not receive any information"
"GEN24_1095737","No",NA
"GEN24_1095743","Yes","Before arriving in New Zealand"
"GEN24_1095743","Yes","While in New Zealand"
"GEN24_1095751","No",NA
"GEN24_1095756","Yes","I did not receive any information"
"GEN24_1095759","Yes","While in New Zealand"
"GEN24_1095760","Yes","I did not receive any information"
"GEN24_1095761","Yes","While in New Zealand"
"GEN24_1095767","No",NA
"GEN24_1095795","Yes","While in New Zealand"
"GEN24_1095801","Yes","I did not receive any information"
"GEN24_1095803","Yes","Before arriving in New Zealand"
"GEN24_1095803","Yes","While in New Zealand"
"GEN24_1095812","No",NA
"GEN24_1095814","Yes","I did not receive any information"
"GEN24_1095838","No",NA
"GEN24_1095840","No",NA
"GEN24_1095850","No",NA
"GEN24_1095851","Yes","Before arriving in New Zealand"
"GEN24_1095855","No",NA
"GEN24_1095863","No",NA
"GEN24_1095871","Yes","Before arriving in New Zealand"
"GEN24_1095871","Yes","While in New Zealand"
"GEN24_1095873","Yes","Before arriving in New Zealand"
"GEN24_1095874","Yes","I did not receive any information"
"GEN24_1095876","Yes","I did not receive any information"
"GEN24_1095882","Yes","While in New Zealand"
"GEN24_1095886","Yes","Before arriving in New Zealand"
"GEN24_1095886","Yes","While in New Zealand"
"GEN24_1095888","Yes","While in New Zealand"
"GEN24_1095895","Yes","Before arriving in New Zealand"
"GEN24_1095900","Yes","While in New Zealand"
"GEN24_1095901","Yes","Before arriving in New Zealand"
"GEN24_1095901","Yes","While in New Zealand"
"GEN24_1095913","Yes","Before arriving in New Zealand"
"GEN24_1095913","Yes","While in New Zealand"
"GEN24_1095915","No",NA
"GEN24_1095929","Yes","I did not receive any information"
"GEN24_1095937","Yes","I did not receive any information"
"GEN24_1095942","No",NA
"GEN24_1095943","Yes","Before arriving in New Zealand"
"GEN24_1095964","Yes","Before arriving in New Zealand"
"GEN24_1095992","Yes","I did not receive any information"
"GEN24_1095998","No",NA
"GEN24_1096000","Yes","Before arriving in New Zealand"
"GEN24_1096001","Yes","While in New Zealand"
"GEN24_1096003","Yes","I did not receive any information"
"GEN24_1096009","Yes","While in New Zealand"
"GEN24_1096012","No",NA
"GEN24_1096021","No",NA
"GEN24_1096026","No",NA
"GEN24_1096027","Yes","I did not receive any information"
"GEN24_1096035","No",NA
"GEN24_1096038","Yes","I did not receive any information"
"GEN24_1096040","No",NA
"GEN24_1096044","No",NA
"GEN24_1096052","Yes","Before arriving in New Zealand"
"GEN24_1096053","Yes","Before arriving in New Zealand"
"GEN24_1096056","No",NA
"GEN24_1096057","No",NA
"GEN24_1096059","Yes","Before arriving in New Zealand"
"GEN24_1096059","Yes","While in New Zealand"
"GEN24_1096066","No",NA
"GEN24_1096074","Yes","Before arriving in New Zealand"
"GEN24_1096076","No",NA
"GEN24_1096077","No",NA
"GEN24_1096086","No",NA
"GEN24_1096090","No",NA
"GEN24_1096096","No",NA
"GEN24_1096097","Yes","Before arriving in New Zealand"
"GEN24_1096106","Yes","Before arriving in New Zealand"
"GEN24_1096112","Yes","Before arriving in New Zealand"
"GEN24_1096123","Yes","I did not receive any information"
"GEN24_1096144","Yes","I did not receive any information"
"GEN24_1096146","Yes","I did not receive any information"
"GEN24_1096154","Yes","Before arriving in New Zealand"
"GEN24_1096156","Yes","Before arriving in New Zealand"
"GEN24_1096157","Yes","I did not receive any information"
"GEN24_1096175","Yes","Before arriving in New Zealand"
"GEN24_1096175","Yes","While in New Zealand"
"GEN24_1096193","No",NA
"GEN24_1096195","Yes","Before arriving in New Zealand"
"GEN24_1096198","Yes","I did not receive any information"
"GEN24_1096229","No",NA
"GEN24_1096232","No",NA
"GEN24_1096237","No",NA
"GEN24_1096264","No",NA
"GEN24_1096265","Yes","Before arriving in New Zealand"
"GEN24_1096267","Yes","I did not receive any information"
"GEN24_1096275","Yes","Before arriving in New Zealand"
"GEN24_1096275","Yes","While in New Zealand"
"GEN24_1096278","Yes","Before arriving in New Zealand"
"GEN24_1096284","No",NA
"GEN24_1096291","Yes","While in New Zealand"
"GEN24_1096295","Yes","I did not receive any information"
"GEN24_1096296","Yes","I did not receive any information"
"GEN24_1096300","Yes","I did not receive any information"
"GEN24_1096309","Yes","I did not receive any information"
"GEN24_1096327","Yes","While in New Zealand"
"GEN24_1096337","Yes","I did not receive any information"
"GEN24_1096350","No",NA
"GEN24_1096365","No",NA
"GEN24_1096369","Yes","I did not receive any information"
"GEN24_1096379","Yes","I did not receive any information"
"GEN24_1096387","Yes","Before arriving in New Zealand"
"GEN24_1096389","No",NA
"GEN24_1096391","Yes","Before arriving in New Zealand"
"GEN24_1096391","Yes","While in New Zealand"
"GEN24_1096393","Yes","Before arriving in New Zealand"
"GEN24_1096393","Yes","While in New Zealand"
"GEN24_1096395","Yes","While in New Zealand"
"GEN24_1096400","Yes","I did not receive any information"
"GEN24_1096412","Yes","Before arriving in New Zealand"
"GEN24_1096412","Yes","While in New Zealand"
"GEN24_1096420","Yes","Before arriving in New Zealand"
"GEN24_1096422","Yes","While in New Zealand"
"GEN24_1096456","Yes","While in New Zealand"
"GEN24_1096469","Yes","I did not receive any information"
"GEN24_1096471","Yes","Before arriving in New Zealand"
"GEN24_1096474","Yes","I did not receive any information"
"GEN24_1096479","Yes","Before arriving in New Zealand"
"GEN24_1096481","No",NA
"GEN24_1096488","Yes","While in New Zealand"
"GEN24_1096491","No",NA
"GEN24_1096494","Yes","Before arriving in New Zealand"
"GEN24_1096506","Yes","I did not receive any information"
"GEN24_1096509","Yes","I did not receive any information"
"GEN24_1096538","Yes","Before arriving in New Zealand"
"GEN24_1096539","No",NA
"GEN24_1096545","Yes","While in New Zealand"
"GEN24_1096550","Yes","While in New Zealand"
"GEN24_1096551","No",NA
"GEN24_1096552","Yes","Before arriving in New Zealand"
"GEN24_1096555","Yes","Before arriving in New Zealand"
"GEN24_1096555","Yes","While in New Zealand"
"GEN24_1096560","Yes","I did not receive any information"
"GEN24_1096586","Yes","Before arriving in New Zealand"
"GEN24_1096600","Yes","Before arriving in New Zealand"
"GEN24_1096603","Yes","Before arriving in New Zealand"
"GEN24_1096603","Yes","While in New Zealand"
"GEN24_1096606","Yes","I did not receive any information"
"GEN24_1096611","Yes","I did not receive any information"
"GEN24_1096613","No",NA
"GEN24_1096625","No",NA
"GEN24_1096627","Yes","Before arriving in New Zealand"
"GEN24_1096627","Yes","While in New Zealand"
"GEN24_1096628","Yes","I did not receive any information"
"GEN24_1096637","Yes","Before arriving in New Zealand"
"GEN24_1096638","Yes","I did not receive any information"
"GEN24_1096645","Yes","I did not receive any information"
"GEN24_1096647","Yes","I did not receive any information"
"GEN24_1096655","Yes","While in New Zealand"
"GEN24_1096661","No",NA
"GEN24_1096679","Yes","I did not receive any information"
"GEN24_1096694","Yes","I did not receive any information"
"GEN24_1096700","Yes","Before arriving in New Zealand"
"GEN24_1096708","Yes","I did not receive any information"
"GEN24_1096713","Yes","I did not receive any information"
"GEN24_1096714","Yes","Before arriving in New Zealand"
"GEN24_1096732","Yes","While in New Zealand"
"GEN24_1096736","No",NA
"GEN24_1096737","Yes","While in New Zealand"
"GEN24_1096738","No",NA
"GEN24_1096751","Yes","While in New Zealand"
"GEN24_1096766","No",NA
"GEN24_1096777","Yes","Before arriving in New Zealand"
"GEN24_1096778","Yes","Before arriving in New Zealand"
"GEN24_1096791","Yes","Before arriving in New Zealand"
"GEN24_1096795","Yes","Before arriving in New Zealand"
"GEN24_1096800","Yes","While in New Zealand"
"GEN24_1096807","Yes","Before arriving in New Zealand"
"GEN24_1096813","Yes","I did not receive any information"
"GEN24_1096823","Yes","I did not receive any information"
"GEN24_1096828","Yes","I did not receive any information"
"GEN24_1096834","Yes","While in New Zealand"
"GEN24_1096836","No",NA
"GEN24_1096840","Yes","I did not receive any information"
"GEN24_1096846","Yes","While in New Zealand"
"GEN24_1096847","No",NA
"GEN24_1096851","No",NA
"GEN24_1096853","No",NA
"GEN24_1096859","Yes","Before arriving in New Zealand"
"GEN24_1096859","Yes","While in New Zealand"
"GEN24_1096868","No",NA
"GEN24_1096869","Yes","I did not receive any information"
"GEN24_1096877","Yes","Before arriving in New Zealand"
"GEN24_1096879","Yes","Before arriving in New Zealand"
"GEN24_1096883","Yes","While in New Zealand"
"GEN24_1096886","Yes","Before arriving in New Zealand"
"GEN24_1096891","Yes","Before arriving in New Zealand"
"GEN24_1096892","Yes","I did not receive any information"
"GEN24_1096897","Yes","I did not receive any information"
"GEN24_1096903","Yes","Before arriving in New Zealand"
"GEN24_1096907","Yes","Before arriving in New Zealand"
"GEN24_1096914","Yes","I did not receive any information"
"GEN24_1096922","Yes","Before arriving in New Zealand"
"GEN24_1096934","Yes","Before arriving in New Zealand"
"GEN24_1096937","Yes","I did not receive any information"
"GEN24_1096943","Yes","Before arriving in New Zealand"
"GEN24_1096954","Yes","I did not receive any information"
"GEN24_1096957","Yes","While in New Zealand"
"GEN24_1096970","No",NA
"GEN24_1096975","Yes","Before arriving in New Zealand"
"GEN24_1096981","Yes","I did not receive any information"
"GEN24_1096988","Yes","While in New Zealand"
"GEN24_1096991","Yes","I did not receive any information"
"GEN24_1096992","Yes","I did not receive any information"
"GEN24_1096999","Yes","I did not receive any information"
"GEN24_1097008","Yes","Before arriving in New Zealand"
"GEN24_1097008","Yes","While in New Zealand"
"GEN24_1097010","Yes","I did not receive any information"
"GEN24_1097012","Yes","Before arriving in New Zealand"
"GEN24_1097021","Yes","Before arriving in New Zealand"
"GEN24_1097040","Yes","I did not receive any information"
"GEN24_1097042","No",NA
"GEN24_1097049","Yes","Before arriving in New Zealand"
"GEN24_1097060","Yes","Before arriving in New Zealand"
"GEN24_1097069","Yes","While in New Zealand"
"GEN24_1097077","No",NA
"GEN24_1097081","Yes","While in New Zealand"
"GEN24_1097082","Yes","I did not receive any information"
"GEN24_1097096","No",NA
"GEN24_1097107","Yes","While in New Zealand"
"GEN24_1097108","Yes","I did not receive any information"
"GEN24_1097113","Yes","While in New Zealand"
"GEN24_1097114","Yes","Before arriving in New Zealand"
"GEN24_1097117","Yes","Before arriving in New Zealand"
"GEN24_1097118","No",NA
"GEN24_1097124","Yes","I did not receive any information"
"GEN24_1097132","Yes","I did not receive any information"
"GEN24_1097139","Yes","While in New Zealand"
"GEN24_1097144","Yes","I did not receive any information"
"GEN24_1097149","Yes","Before arriving in New Zealand"
"GEN24_1097154","Yes","While in New Zealand"
"GEN24_1097163","Yes","Before arriving in New Zealand"
"GEN24_1097163","Yes","While in New Zealand"
"GEN24_1097165","Yes","While in New Zealand"
"GEN24_1097166","Yes","Before arriving in New Zealand"
"GEN24_1097172","No",NA
"GEN24_1097173","Yes","I did not receive any information"
"GEN24_1097176","Yes","Before arriving in New Zealand"
"GEN24_1097176","Yes","While in New Zealand"
"GEN24_1097177","Yes","I did not receive any information"
"GEN24_1097178","Yes","I did not receive any information"
"GEN24_1097181","Yes","Before arriving in New Zealand"
"GEN24_1097183","Yes","While in New Zealand"
"GEN24_1097186","Yes","While in New Zealand"
"GEN24_1097187","Yes","Before arriving in New Zealand"
"GEN24_1097187","Yes","While in New Zealand"
"GEN24_1097189","Yes","Before arriving in New Zealand"
"GEN24_1097195","Yes","Before arriving in New Zealand"
"GEN24_1097203","Yes","While in New Zealand"
"GEN24_1097205","Yes","I did not receive any information"
"GEN24_1097216","Yes","Before arriving in New Zealand"
"GEN24_1097218","No",NA
"GEN24_1097226","No",NA
"GEN24_1097245","Yes","I did not receive any information"
"GEN24_1097251","Yes","I did not receive any information"
"GEN24_1097255","Yes","While in New Zealand"
"GEN24_1097264","Yes","I did not receive any information"
"GEN24_1097265","Yes","I did not receive any information"
"GEN24_1097273","Yes","Before arriving in New Zealand"
"GEN24_1097285","No",NA
"GEN24_1097287","Yes","Before arriving in New Zealand"
"GEN24_1097291","No",NA
"GEN24_1097297","Yes","I did not receive any information"
"GEN24_1097300","Yes","Before arriving in New Zealand"
"GEN24_1097309","Yes","While in New Zealand"
"GEN24_1097314","Yes","I did not receive any information"
"GEN24_1097315","Yes","I did not receive any information"
"GEN24_1097317","Yes","Before arriving in New Zealand"
"GEN24_1097317","Yes","While in New Zealand"
"GEN24_1097329","No",NA
"GEN24_1097336","No",NA
"GEN24_1097349","Yes","Before arriving in New Zealand"
"GEN24_1097357","Yes","I did not receive any information"
"GEN24_1097363","Yes","While in New Zealand"
"GEN24_1097366","No",NA
"GEN24_1097372","Yes","I did not receive any information"
"GEN24_1097379","Yes","Before arriving in New Zealand"
"GEN24_1097388","Yes","Before arriving in New Zealand"
"GEN24_1097390","Yes","I did not receive any information"
"GEN24_1097406","Yes","Before arriving in New Zealand"
"GEN24_1097423","Yes","I did not receive any information"
"GEN24_1097425","No",NA
"GEN24_1097427","Yes","Before arriving in New Zealand"
"GEN24_1097429","Yes","I did not receive any information"
"GEN24_1097437","No",NA
"GEN24_1097440","Yes","Before arriving in New Zealand"
"GEN24_1097440","Yes","While in New Zealand"
"GEN24_1097442","Yes","Before arriving in New Zealand"
"GEN24_1097447","Yes","Before arriving in New Zealand"
"GEN24_1097451","Yes","Before arriving in New Zealand"
"GEN24_1097461","Yes","I did not receive any information"
"GEN24_1097466","Yes","I did not receive any information"
"GEN24_1097471","Yes","While in New Zealand"
"GEN24_1097477","No",NA
"GEN24_1097482","No",NA
"GEN24_1097486","Yes","I did not receive any information"
"GEN24_1097491","Yes","While in New Zealand"
"GEN24_1097502","No",NA
"GEN24_1097508","Yes","Before arriving in New Zealand"
"GEN24_1097508","Yes","While in New Zealand"
"GEN24_1097518","Yes","I did not receive any information"
"GEN24_1097520","No",NA
"GEN24_1097535","Yes","Before arriving in New Zealand"
"GEN24_1097537","Yes","Before arriving in New Zealand"
"GEN24_1097542","Yes","While in New Zealand"
"GEN24_1097545","Yes","Before arriving in New Zealand"
"GEN24_1097554","Yes","Before arriving in New Zealand"
"GEN24_1097554","Yes","While in New Zealand"
"GEN24_1097559","No",NA
"GEN24_1097561","Yes","Before arriving in New Zealand"
"GEN24_1097569","No",NA
"GEN24_1097571","Yes","I did not receive any information"
"GEN24_1097575","Yes","Before arriving in New Zealand"
"GEN24_1097575","Yes","While in New Zealand"
"GEN24_1097581","Yes","Before arriving in New Zealand"
"GEN24_1097588","No",NA
"GEN24_1097591","No",NA
"GEN24_1097594","No",NA
"GEN24_1097603","No",NA
"GEN24_1097610","Yes","Before arriving in New Zealand"
"GEN24_1097614","No",NA
"GEN24_1097616","Yes","Before arriving in New Zealand"
"GEN24_1097617","Yes","I did not receive any information"
"GEN24_1097618","No",NA
"GEN24_1097637","Yes","Before arriving in New Zealand"
"GEN24_1097637","Yes","While in New Zealand"
"GEN24_1097638","Yes","I did not receive any information"
"GEN24_1097640","Yes","Before arriving in New Zealand"
"GEN24_1097642","No",NA
"GEN24_1097660","No",NA
"GEN24_1097661","Yes","I did not receive any information"
"GEN24_1097666","No",NA
"GEN24_1097670","No",NA
"GEN24_1097671","Yes","I did not receive any information"
"GEN24_1097682","No",NA
"GEN24_1097687","Yes","I did not receive any information"
"GEN24_1097707","Yes","While in New Zealand"
"GEN24_1097711","Yes","Before arriving in New Zealand"
"GEN24_1097716","Yes","Before arriving in New Zealand"
"GEN24_1097719","Yes","Before arriving in New Zealand"
"GEN24_1097719","Yes","While in New Zealand"
"GEN24_1097721","Yes","Before arriving in New Zealand"
"GEN24_1097735","Yes","While in New Zealand"
"GEN24_1097737","No",NA
"GEN24_1097750","Yes","Before arriving in New Zealand"
"GEN24_1097751","Yes","Before arriving in New Zealand"
"GEN24_1097751","Yes","While in New Zealand"
"GEN24_1097764","No",NA
"GEN24_1097768","Yes","While in New Zealand"
"GEN24_1097819","No",NA
"GEN24_1097826","Yes","Before arriving in New Zealand"
"GEN24_1097831","No",NA
"GEN24_1097838","Yes","Before arriving in New Zealand"
"GEN24_1097878","Yes","Before arriving in New Zealand"
"GEN24_1097878","Yes","While in New Zealand"
"GEN24_1097882","Yes","I did not receive any information"
"GEN24_1097887","Yes","While in New Zealand"
"GEN24_1097922","No",NA
"GEN24_1097925","No",NA
"GEN24_1097961","Yes","While in New Zealand"
"GEN24_1097980","Yes","I did not receive any information"
"GEN24_1097997","Yes","Before arriving in New Zealand"
"GEN24_1097999","Yes","Before arriving in New Zealand"
"GEN24_1098005","Yes","I did not receive any information"
"GEN24_1098012","Yes","I did not receive any information"
"GEN24_1098013","No",NA
"GEN24_1098020","Yes","I did not receive any information"
"GEN24_1098028","Yes","Before arriving in New Zealand"
"GEN24_1098037","No",NA
"GEN24_1098038","No",NA
"GEN24_1098040","Yes","I did not receive any information"
"GEN24_1098050","Yes","I did not receive any information"
"GEN24_1098067","No",NA
"GEN24_1098070","Yes","Before arriving in New Zealand"
"GEN24_1098070","Yes","While in New Zealand"
"GEN24_1098091","Yes","While in New Zealand"
"GEN24_1098097","Yes","Before arriving in New Zealand"
"GEN24_1098161","Yes","I did not receive any information"
"GEN24_1098162","Yes","I did not receive any information"
"GEN24_1098164","Yes","While in New Zealand"
"GEN24_1098168","Yes","Before arriving in New Zealand"
"GEN24_1098168","Yes","While in New Zealand"
"GEN24_1098189","No",NA
"GEN24_1098194","Yes","Before arriving in New Zealand"
"GEN24_1098213","No",NA
"GEN24_1098215","Yes","Before arriving in New Zealand"
"GEN24_1098219","Yes","Before arriving in New Zealand"
"GEN24_1098222","Yes","Before arriving in New Zealand"
"GEN24_1098225","Yes","I did not receive any information"
"GEN24_1098228","Yes","I did not receive any information"
"GEN24_1098247","No",NA
"GEN24_1098252","No",NA
"GEN24_1098260","Yes","I did not receive any information"
"GEN24_1098261","No",NA
"GEN24_1098262","Yes","While in New Zealand"
"GEN24_1098272","Yes","Before arriving in New Zealand"
"GEN24_1098272","Yes","While in New Zealand"
"GEN24_1098289","No",NA
"GEN24_1098322","No",NA
"GEN24_1098332","Yes","I did not receive any information"
"GEN24_1098335","Yes","I did not receive any information"
"GEN24_1098340","No",NA
"GEN24_1098341","Yes","While in New Zealand"
"GEN24_1098345","No",NA
"GEN24_1098356","Yes","While in New Zealand"
"GEN24_1098357","Yes","I did not receive any information"
"GEN24_1098358","Yes","I did not receive any information"
"GEN24_1098359","Yes","I did not receive any information"
"GEN24_1098360","No",NA
"GEN24_1098361","Yes","Before arriving in New Zealand"
"GEN24_1098363","Yes","Before arriving in New Zealand"
"GEN24_1098367","Yes","I did not receive any information"
"GEN24_1098371","No",NA
"GEN24_1098372","Yes","While in New Zealand"
"GEN24_1098375","Yes","I did not receive any information"
"GEN24_1098435","No",NA
"GEN24_1098442","Yes","I did not receive any information"
"GEN24_1098443","No",NA
"GEN24_1098445","No",NA
"GEN24_1098450","Yes","Before arriving in New Zealand"
"GEN24_1098453","Yes","While in New Zealand"
"GEN24_1098456","Yes","While in New Zealand"
"GEN24_1098465","Yes","Before arriving in New Zealand"
"GEN24_1098468","Yes","While in New Zealand"
"GEN24_1098481","Yes","Before arriving in New Zealand"
"GEN24_1098495","Yes","I did not receive any information"
"GEN24_1098509","Yes","Before arriving in New Zealand"
"GEN24_1098513","Yes","Before arriving in New Zealand"
"GEN24_1098518","Yes","I did not receive any information"
"GEN24_1098533","No",NA
"GEN24_1098534","Yes","I did not receive any information"
"GEN24_1098543","Yes","While in New Zealand"
"GEN24_1098546","No",NA
"GEN24_1098554","Yes","I did not receive any information"
"GEN24_1098560","Yes","While in New Zealand"
"GEN24_1098580","Yes","Before arriving in New Zealand"
"GEN24_1098581","Yes","I did not receive any information"
"GEN24_1098591","Yes","Before arriving in New Zealand"
"GEN24_1098591","Yes","While in New Zealand"
"GEN24_1098593","Yes","While in New Zealand"
"GEN24_1098597","No",NA
"GEN24_1098603","No",NA
"GEN24_1098640","Yes","I did not receive any information"
"GEN24_1098645","Yes","I did not receive any information"
"GEN24_1098648","Yes","I did not receive any information"
"GEN24_1098669","Yes","I did not receive any information"
"GEN24_1098671","No",NA
"GEN24_1098680","Yes","While in New Zealand"
"GEN24_1098685","No",NA
"GEN24_1098687","Yes","Before arriving in New Zealand"
"GEN24_1098687","Yes","While in New Zealand"
"GEN24_1098690","Yes","I did not receive any information"
"GEN24_1098692","Yes","While in New Zealand"
"GEN24_1098713","Yes","Before arriving in New Zealand"
"GEN24_1098723","Yes","I did not receive any information"
"GEN24_1098726","Yes","I did not receive any information"
"GEN24_1098736","Yes","I did not receive any information"
"GEN24_1098737","Yes","I did not receive any information"
"GEN24_1098740","No",NA
"GEN24_1098741","No",NA
"GEN24_1098750","Yes","Before arriving in New Zealand"
"GEN24_1098751","Yes","I did not receive any information"
"GEN24_1098753","Yes","I did not receive any information"
"GEN24_1098760","Yes","Before arriving in New Zealand"
"GEN24_1098771","Yes","Before arriving in New Zealand"
"GEN24_1098775","Yes","Before arriving in New Zealand"
"GEN24_1098777","No",NA
"GEN24_1098788","Yes","While in New Zealand"
"GEN24_1098790","Yes","While in New Zealand"
"GEN24_1098792","No",NA
"GEN24_1098801","No",NA
"GEN24_1098805","No",NA
"GEN24_1098808","No",NA
"GEN24_1098809","No",NA
"GEN24_1098816","Yes","Before arriving in New Zealand"
"GEN24_1098824","No",NA
"GEN24_1098825","Yes","While in New Zealand"
"GEN24_1098849","Yes","I did not receive any information"
"GEN24_1098853","Yes","I did not receive any information"
"GEN24_1098858","No",NA
"GEN24_1098867","Yes","Before arriving in New Zealand"
"GEN24_1098867","Yes","While in New Zealand"
"GEN24_1098868","Yes","I did not receive any information"
"GEN24_1098872","No",NA
"GEN24_1098892","Yes","Before arriving in New Zealand"
"GEN24_1098893","Yes","Before arriving in New Zealand"
"GEN24_1098899","No",NA
"GEN24_1098904","Yes","Before arriving in New Zealand"
"GEN24_1098908","Yes","I did not receive any information"
"GEN24_1098909","Yes","I did not receive any information"
"GEN24_1098911","Yes","While in New Zealand"
"GEN24_1098919","Yes","I did not receive any information"
"GEN24_1098927","Yes","Before arriving in New Zealand"
"GEN24_1098935","Can’t remember",NA
"GEN24_1098937","Yes","Before arriving in New Zealand"
"GEN24_1098942","Yes","Before arriving in New Zealand"
"GEN24_1098953","Yes","I did not receive any information"
"GEN24_1098957","Yes","Before arriving in New Zealand"
"GEN24_1098961","Yes","Before arriving in New Zealand"
"GEN24_1098961","Yes","While in New Zealand"
"GEN24_1098976","No",NA
"GEN24_1098980","Yes","Before arriving in New Zealand"
"GEN24_1098980","Yes","While in New Zealand"
"GEN24_1098985","Yes","Before arriving in New Zealand"
"GEN24_1098985","Yes","While in New Zealand"
"GEN24_1098987","No",NA
"GEN24_1098991","Yes","Before arriving in New Zealand"
"GEN24_1098991","Yes","While in New Zealand"
"GEN24_1099006","Yes","Before arriving in New Zealand"
"GEN24_1099006","Yes","While in New Zealand"
"GEN24_1099008","No",NA
"GEN24_1099016","Yes","I did not receive any information"
"GEN24_1099019","Yes","Before arriving in New Zealand"
"GEN24_1099026","Yes","Before arriving in New Zealand"
"GEN24_1099037","No",NA
"GEN24_1099042","Yes","Before arriving in New Zealand"
"GEN24_1099049","Yes","Before arriving in New Zealand"
"GEN24_1099063","Yes","Before arriving in New Zealand"
"GEN24_1099068","Yes","Before arriving in New Zealand"
"GEN24_1099082","Yes","I did not receive any information"
"GEN24_1099084","Yes","Before arriving in New Zealand"
"GEN24_1099088","Yes","Before arriving in New Zealand"
"GEN24_1099088","Yes","While in New Zealand"
"GEN24_1099097","Yes","I did not receive any information"
"GEN24_1099105","No",NA
"GEN24_1099117","Yes","While in New Zealand"
"GEN24_1099120","No",NA
"GEN24_1099138","Yes","Before arriving in New Zealand"
"GEN24_1099140","Yes","I did not receive any information"
"GEN24_1099143","Yes","I did not receive any information"
"GEN24_1099144","Yes","I did not receive any information"
"GEN24_1099145","No",NA
"GEN24_1099158","Yes","While in New Zealand"
"GEN24_1099165","Yes","While in New Zealand"
"GEN24_1099172","No",NA
"GEN24_1099180","Yes","Before arriving in New Zealand"
"GEN24_1099190","No",NA
"GEN24_1099197","No",NA
"GEN24_1099235","Yes","Before arriving in New Zealand"
"GEN24_1099236","Yes","Before arriving in New Zealand"
"GEN24_1099236","Yes","While in New Zealand"
"GEN24_1099237","Can’t remember",NA
"GEN24_1099238","No",NA
"GEN24_1099248","Yes","I did not receive any information"
"GEN24_1099254","No",NA
"GEN24_1099266","Yes","Before arriving in New Zealand"
"GEN24_1099274","Yes","Before arriving in New Zealand"
"GEN24_1099278","Yes","I did not receive any information"
"GEN24_1099284","Yes","I did not receive any information"
"GEN24_1099290","Yes","While in New Zealand"
"GEN24_1099291","Yes","I did not receive any information"
"GEN24_1099293","No",NA
"GEN24_1099301","Yes","Before arriving in New Zealand"
"GEN24_1099302","No",NA
"GEN24_1099325","Yes","I did not receive any information"
"GEN24_1099326","Yes","Before arriving in New Zealand"
"GEN24_1099335","Yes","I did not receive any information"
"GEN24_1099340","Yes","Before arriving in New Zealand"
"GEN24_1099344","No",NA
"GEN24_1099356","Yes","While in New Zealand"
"GEN24_1099381","No",NA
"GEN24_1099389","No",NA
"GEN24_1099397","Yes","Before arriving in New Zealand"
"GEN24_1099397","Yes","While in New Zealand"
"GEN24_1099411","Yes","I did not receive any information"
"GEN24_1099414","Yes","Before arriving in New Zealand"
"GEN24_1099416","Yes","Before arriving in New Zealand"
"GEN24_1099418","Yes","While in New Zealand"
"GEN24_1099427","Yes","While in New Zealand"
"GEN24_1099429","No",NA
"GEN24_1099445","No",NA
"GEN24_1099459","Yes","Before arriving in New Zealand"
"GEN24_1099461","Yes","Before arriving in New Zealand"
"GEN24_1099468","Yes","Before arriving in New Zealand"
"GEN24_1099472","Yes","While in New Zealand"
"GEN24_1099474","No",NA
"GEN24_1099481","Yes","I did not receive any information"
"GEN24_1099483","Yes","I did not receive any information"
"GEN24_1099503","Yes","Before arriving in New Zealand"
"GEN24_1099531","No",NA
"GEN24_1099541","Yes","I did not receive any information"
"GEN24_1099549","Yes","While in New Zealand"
"GEN24_1099574","Yes","While in New Zealand"
"GEN24_1099586","No",NA
"GEN24_1099590","Yes","I did not receive any information"
"GEN24_1099592","Yes","Before arriving in New Zealand"
"GEN24_1099595","Yes","I did not receive any information"
"GEN24_1099596","Yes","While in New Zealand"
"GEN24_1099600","Yes","While in New Zealand"
"GEN24_1099607","Yes","While in New Zealand"
"GEN24_1099619","No",NA
"GEN24_1099621","Yes","Before arriving in New Zealand"
"GEN24_1099621","Yes","While in New Zealand"
"GEN24_1099624","Yes","I did not receive any information"
"GEN24_1099629","Yes","I did not receive any information"
"GEN24_1099635","Yes","Before arriving in New Zealand"
"GEN24_1099644","Can’t remember",NA
"GEN24_1099647","Yes","Before arriving in New Zealand"
"GEN24_1099647","Yes","While in New Zealand"
"GEN24_1099656","Yes","I did not receive any information"
"GEN24_1099658","Yes","Before arriving in New Zealand"
"GEN24_1099658","Yes","While in New Zealand"
"GEN24_1099661","Yes","Before arriving in New Zealand"
"GEN24_1099662","Yes","Before arriving in New Zealand"
"GEN24_1099667","Yes","Before arriving in New Zealand"
"GEN24_1099676","Yes","While in New Zealand"
"GEN24_1099703","Yes","Before arriving in New Zealand"
"GEN24_1099713","Yes","Before arriving in New Zealand"
"GEN24_1099718","No",NA
"GEN24_1099741","Yes","I did not receive any information"
"GEN24_1099745","No",NA
"GEN24_1099747","Yes","Before arriving in New Zealand"
"GEN24_1099750","Yes","Before arriving in New Zealand"
"GEN24_1099758","No",NA
"GEN24_1099772","No",NA
"GEN24_1099773","No",NA
"GEN24_1099793","Yes","Before arriving in New Zealand"
"GEN24_1099799","No",NA
"GEN24_1099801","Yes","Before arriving in New Zealand"
"GEN24_1099801","Yes","While in New Zealand"
"GEN24_1099805","No",NA
"GEN24_1099806","Yes","Before arriving in New Zealand"
"GEN24_1099809","Yes","I did not receive any information"
"GEN24_1099812","Yes","I did not receive any information"
"GEN24_1099816","Yes","I did not receive any information"
"GEN24_1099817","Yes","Before arriving in New Zealand"
"GEN24_1099819","Yes","I did not receive any information"
"GEN24_1099845","No",NA
"GEN24_1099846","No",NA
"GEN24_1099854","Yes","Before arriving in New Zealand"
"GEN24_1099854","Yes","While in New Zealand"
"GEN24_1099855","No",NA
"GEN24_1099859","No",NA
"GEN24_1099866","Yes","Before arriving in New Zealand"
"GEN24_1099866","Yes","While in New Zealand"
"GEN24_1099867","Yes","Before arriving in New Zealand"
"GEN24_1099884","Yes","Before arriving in New Zealand"
"GEN24_1099884","Yes","While in New Zealand"
"GEN24_1099889","Yes","I did not receive any information"
"GEN24_1099890","Yes","I did not receive any information"
"GEN24_1099896","Yes","I did not receive any information"
"GEN24_1099906","No",NA
"GEN24_1099919","No",NA
"GEN24_1099924","Yes","Before arriving in New Zealand"
"GEN24_1099938","No",NA
"GEN24_1099956","No",NA
"GEN24_1099958","Yes","Before arriving in New Zealand"
"GEN24_1099965","No",NA
"GEN24_1099966","Yes","I did not receive any information"
"GEN24_1099974","Yes","Before arriving in New Zealand"
"GEN24_1099975","Yes","I did not receive any information"
"GEN24_1099988","Yes","Before arriving in New Zealand"
"GEN24_1099993","Yes","Before arriving in New Zealand"
"GEN24_1099998","Yes","Before arriving in New Zealand"
"GEN24_1100010","Yes","I did not receive any information"
"GEN24_1100016","Yes","Before arriving in New Zealand"
"GEN24_1100016","Yes","While in New Zealand"
"GEN24_1100031","Yes","Before arriving in New Zealand"
"GEN24_1100031","Yes","While in New Zealand"
"GEN24_1100034","No",NA
"GEN24_1100040","Yes","While in New Zealand"
"GEN24_1100043","Yes","Before arriving in New Zealand"
"GEN24_1100060","Yes","I did not receive any information"
"GEN24_1100074","Yes","While in New Zealand"
"GEN24_1100079","Yes","I did not receive any information"
"GEN24_1100080","Yes","Before arriving in New Zealand"
"GEN24_1100082","Yes","Before arriving in New Zealand"
"GEN24_1100082","Yes","While in New Zealand"
"GEN24_1100083","Yes","I did not receive any information"
"GEN24_1100094","Yes","I did not receive any information"
"GEN24_1100106","Yes","I did not receive any information"
"GEN24_1100107","Yes","Before arriving in New Zealand"
"GEN24_1100111","Yes","Before arriving in New Zealand"
"GEN24_1100128","Yes","While in New Zealand"
"GEN24_1100139","Yes","I did not receive any information"
"GEN24_1100149","Yes","I did not receive any information"
"GEN24_1100151","No",NA
"GEN24_1100164","Yes","I did not receive any information"
"GEN24_1100176","Yes","Before arriving in New Zealand"
"GEN24_1100180","No",NA
"GEN24_1100196","Yes","Before arriving in New Zealand"
"GEN24_1100201","No",NA
"GEN24_1100206","Yes","While in New Zealand"
"GEN24_1100227","No",NA
"GEN24_1100230","No",NA
"GEN24_1100243","Yes","Before arriving in New Zealand"
"GEN24_1100256","Yes","While in New Zealand"
"GEN24_1100258","Yes","While in New Zealand"
"GEN24_1100259","Yes","Before arriving in New Zealand"
"GEN24_1100290","Yes","While in New Zealand"
"GEN24_1100311","Yes","I did not receive any information"
"GEN24_1100321","Yes","Before arriving in New Zealand"
"GEN24_1100325","Yes","I did not receive any information"
"GEN24_1100329","No",NA
"GEN24_1100331","Yes","Before arriving in New Zealand"
"GEN24_1100337","Yes","Before arriving in New Zealand"
"GEN24_1100343","No",NA
"GEN24_1100347","Yes","Before arriving in New Zealand"
"GEN24_1100350","Yes","I did not receive any information"
"GEN24_1100372","Yes","While in New Zealand"
"GEN24_1100376","Yes","I did not receive any information"
"GEN24_1100386","Yes","Before arriving in New Zealand"
"GEN24_1100396","Yes","Before arriving in New Zealand"
"GEN24_1100400","Yes","I did not receive any information"
"GEN24_1100401","Yes","I did not receive any information"
"GEN24_1100409","Yes","I did not receive any information"
"GEN24_1100412","Yes","Before arriving in New Zealand"
"GEN24_1100415","Yes","I did not receive any information"
"GEN24_1100424","No",NA
"GEN24_1100432","Yes","I did not receive any information"
"GEN24_1100455","Yes","Before arriving in New Zealand"
"GEN24_1100455","Yes","While in New Zealand"
"GEN24_1100463","Yes","I did not receive any information"
"GEN24_1100465","No",NA
"GEN24_1100468","No",NA
"GEN24_1100472","Yes","I did not receive any information"
"GEN24_1100480","Yes","I did not receive any information"
"GEN24_1100484","Yes","While in New Zealand"
"GEN24_1100495","No",NA
"GEN24_1100500","Yes","Before arriving in New Zealand"
"GEN24_1100500","Yes","While in New Zealand"
"GEN24_1100505","No",NA
"GEN24_1100512","Yes","Before arriving in New Zealand"
"GEN24_1100520","Yes","I did not receive any information"
"GEN24_1100521","No",NA
"GEN24_1100525","No",NA
"GEN24_1100548","Yes","Before arriving in New Zealand"
"GEN24_1100554","Yes","I did not receive any information"
"GEN24_1100579","Yes","Before arriving in New Zealand"
"GEN24_1100582","Yes","I did not receive any information"
"GEN24_1100587","Yes","While in New Zealand"
"GEN24_1100615","Yes","While in New Zealand"
"GEN24_1100622","Yes","While in New Zealand"
"GEN24_1100624","Yes","I did not receive any information"
"GEN24_1100626","Yes","I did not receive any information"
"GEN24_1100630","Yes","Before arriving in New Zealand"
"GEN24_1100632","Yes","While in New Zealand"
"GEN24_1100634","No",NA
"GEN24_1100635","No",NA
"GEN24_1100643","Yes","While in New Zealand"
"GEN24_1100648","No",NA
"GEN24_1100658","No",NA
"GEN24_1100659","Yes","I did not receive any information"
"GEN24_1100660","Yes","I did not receive any information"
"GEN24_1100666","Yes","I did not receive any information"
"GEN24_1100675","Yes","Before arriving in New Zealand"
"GEN24_1100679","Yes","I did not receive any information"
"GEN24_1100684","Yes","Before arriving in New Zealand"
"GEN24_1100686","Yes","I did not receive any information"
"GEN24_1100691","No",NA
"GEN24_1100692","Yes","Before arriving in New Zealand"
"GEN24_1100695","Yes","Before arriving in New Zealand"
"GEN24_1100698","Yes","I did not receive any information"
"GEN24_1100713","Yes","While in New Zealand"
"GEN24_1100715","Yes","I did not receive any information"
"GEN24_1100717","Yes","Before arriving in New Zealand"
"GEN24_1100717","Yes","While in New Zealand"
"GEN24_1100731","Yes","I did not receive any information"
"GEN24_1100732","Yes","Before arriving in New Zealand"
"GEN24_1100733","No",NA
"GEN24_1100755","Yes","I did not receive any information"
"GEN24_1100770","Yes","I did not receive any information"
"GEN24_1100772","No",NA
"GEN24_1100774","No",NA
"GEN24_1100795","Yes","Before arriving in New Zealand"
"GEN24_1100804","No",NA
"GEN24_1100811","Yes","While in New Zealand"
"GEN24_1100813","Yes","While in New Zealand"
"GEN24_1100821","No",NA
"GEN24_1100827","Yes","I did not receive any information"
"GEN24_1100842","No",NA
"GEN24_1100862","Yes","While in New Zealand"
"GEN24_1100864","No",NA
"GEN24_1100880","No",NA
"GEN24_1100884","Can’t remember",NA
"GEN24_1100900","Yes","I did not receive any information"
"GEN24_1100903","No",NA
"GEN24_1100905","Yes","Before arriving in New Zealand"
"GEN24_1100906","Yes","Before arriving in New Zealand"
"GEN24_1100908","No",NA
"GEN24_1100924","No",NA
"GEN24_1100927","Yes","I did not receive any information"
"GEN24_1100929","Yes","Before arriving in New Zealand"
"GEN24_1100929","Yes","While in New Zealand"
"GEN24_1100933","Yes","Before arriving in New Zealand"
"GEN24_1100933","Yes","While in New Zealand"
"GEN24_1100935","Yes","Before arriving in New Zealand"
"GEN24_1100942","No",NA
"GEN24_1100946","No",NA
"GEN24_1100948","No",NA
"GEN24_1100949","Yes","I did not receive any information"
"GEN24_1100951","No",NA
"GEN24_1100956","No",NA
"GEN24_1100961","Yes",NA
"GEN24_1100991","Yes","Before arriving in New Zealand"
"GEN24_1101002","Yes","Before arriving in New Zealand"
"GEN24_1101023","No",NA
"GEN24_1101028","Yes","Before arriving in New Zealand"
"GEN24_1101031","Yes","I did not receive any information"
"GEN24_1101040","Yes","Before arriving in New Zealand"
"GEN24_1101042","Yes","Before arriving in New Zealand"
"GEN24_1101043","No",NA
"GEN24_1101069","Yes","Before arriving in New Zealand"
"GEN24_1101069","Yes","While in New Zealand"
"GEN24_1101077","No",NA
"GEN24_1101080","Yes","While in New Zealand"
"GEN24_1101085","Yes","I did not receive any information"
"GEN24_1101087","No",NA
"GEN24_1101091","Yes","Before arriving in New Zealand"
"GEN24_1101091","Yes","While in New Zealand"
"GEN24_1101092","Yes","I did not receive any information"
"GEN24_1101102","Yes","I did not receive any information"
"GEN24_1101106","Yes","Before arriving in New Zealand"
"GEN24_1101114","Yes","Before arriving in New Zealand"
"GEN24_1101125","No",NA
"GEN24_1101126","No",NA
"GEN24_1101137","Yes","While in New Zealand"
"GEN24_1101138","Yes","I did not receive any information"
"GEN24_1101139","Yes","I did not receive any information"
"GEN24_1101141","Yes","I did not receive any information"
"GEN24_1101142","Yes","Before arriving in New Zealand"
"GEN24_1101149","No",NA
"GEN24_1101151","Yes","While in New Zealand"
"GEN24_1101162","Yes","I did not receive any information"
"GEN24_1101167","No",NA
"GEN24_1101173","Yes","I did not receive any information"
"GEN24_1101197","Yes","While in New Zealand"
"GEN24_1101203","Yes","Before arriving in New Zealand"
"GEN24_1101218","No",NA
"GEN24_1101219","No",NA
"GEN24_1101227","Yes","While in New Zealand"
"GEN24_1101228","No",NA
"GEN24_1101231","Yes","I did not receive any information"
"GEN24_1101232","Yes","I did not receive any information"
"GEN24_1101234","Yes","I did not receive any information"
"GEN24_1101249","Yes","While in New Zealand"
"GEN24_1101251","Yes","I did not receive any information"
"GEN24_1101257","No",NA
"GEN24_1101261","Yes","Before arriving in New Zealand"
"GEN24_1101265","Yes","I did not receive any information"
"GEN24_1101269","No",NA
"GEN24_1101274","Yes","I did not receive any information"
"GEN24_1101278","Yes","Before arriving in New Zealand"
"GEN24_1101282","No",NA
"GEN24_1101286","Yes","While in New Zealand"
"GEN24_1101289","No",NA
"GEN24_1101291","Yes","While in New Zealand"
"GEN24_1101297","Yes","Before arriving in New Zealand"
"GEN24_1101301","Yes","While in New Zealand"
"GEN24_1101302","Yes","While in New Zealand"
"GEN24_1101307","No",NA
"GEN24_1101311","Yes","While in New Zealand"
"GEN24_1101318","Yes","Before arriving in New Zealand"
"GEN24_1101318","Yes","While in New Zealand"
"GEN24_1101320","Yes","I did not receive any information"
"GEN24_1101326","Yes","I did not receive any information"
"GEN24_1101329","Yes","Before arriving in New Zealand"
"GEN24_1101343","Yes","Before arriving in New Zealand"
"GEN24_1101354","Yes","While in New Zealand"
"GEN24_1101356","Yes","Before arriving in New Zealand"
"GEN24_1101356","Yes","While in New Zealand"
"GEN24_1101358","No",NA
"GEN24_1101360","Yes","While in New Zealand"
"GEN24_1101362","Yes","Before arriving in New Zealand"
"GEN24_1101366","No",NA
"GEN24_1101374","No",NA
"GEN24_1101393","Yes","I did not receive any information"
"GEN24_1101403","Yes","I did not receive any information"
"GEN24_1101405","Yes","Before arriving in New Zealand"
"GEN24_1101410","No",NA
"GEN24_1101412","No",NA
"GEN24_1101416","Yes","While in New Zealand"
"GEN24_1101419","No",NA
"GEN24_1101425","Yes","I did not receive any information"
"GEN24_1101430","Yes","Before arriving in New Zealand"
"GEN24_1101430","Yes","While in New Zealand"
"GEN24_1101443","Yes","Before arriving in New Zealand"
"GEN24_1101455","No",NA
"GEN24_1101459","Yes","Before arriving in New Zealand"
"GEN24_1101464","Yes","Before arriving in New Zealand"
"GEN24_1101465","No",NA
"GEN24_1101470","Yes","While in New Zealand"
"GEN24_1101471","No",NA
"GEN24_1101479","No",NA
"GEN24_1101488","Yes","Before arriving in New Zealand"
"GEN24_1101499","No",NA
"GEN24_1101512","Yes","Before arriving in New Zealand"
"GEN24_1101514","Yes","I did not receive any information"
"GEN24_1101517","No",NA
"GEN24_1101526","No",NA
"GEN24_1101529","Yes","Before arriving in New Zealand"
"GEN24_1101532","Yes","I did not receive any information"
"GEN24_1101534","Yes","I did not receive any information"
"GEN24_1101537","No",NA
"GEN24_1101538","Yes","Before arriving in New Zealand"
"GEN24_1101539","No",NA
"GEN24_1101552","No",NA
"GEN24_1101555","Yes","While in New Zealand"
"GEN24_1101558","No",NA
"GEN24_1101561","Yes","I did not receive any information"
"GEN24_1101564","No",NA
"GEN24_1101568","No",NA
"GEN24_1101569","Yes","Before arriving in New Zealand"
"GEN24_1101569","Yes","While in New Zealand"
"GEN24_1101571","Yes","I did not receive any information"
"GEN24_1101579","Yes","I did not receive any information"
"GEN24_1101580","Yes","Before arriving in New Zealand"
"GEN24_1101583","Yes","Before arriving in New Zealand"
"GEN24_1101583","Yes","While in New Zealand"
"GEN24_1101584","Yes","While in New Zealand"
"GEN24_1101591","Yes","I did not receive any information"
"GEN24_1101598","Yes","While in New Zealand"
"GEN24_1101602","No",NA
"GEN24_1101612","Yes","Before arriving in New Zealand"
"GEN24_1101615","Yes","Before arriving in New Zealand"
"GEN24_1101615","Yes","While in New Zealand"
"GEN24_1101624","Yes","Before arriving in New Zealand"
"GEN24_1101627","No",NA
"GEN24_1101628","Yes","Before arriving in New Zealand"
"GEN24_1101634","Yes","Before arriving in New Zealand"
"GEN24_1101640","Yes","Before arriving in New Zealand"
"GEN24_1101648","No",NA
"GEN24_1101650","Yes","While in New Zealand"
"GEN24_1101651","Yes","While in New Zealand"
"GEN24_1101660","Yes","While in New Zealand"
"GEN24_1101690","Yes","I did not receive any information"
"GEN24_1101711","No",NA
"GEN24_1101712","Yes","While in New Zealand"
"GEN24_1101718","Yes","I did not receive any information"
"GEN24_1101730","Yes","Before arriving in New Zealand"
"GEN24_1101734","No",NA
"GEN24_1101737","Yes","Before arriving in New Zealand"
"GEN24_1101757","No",NA
"GEN24_1101772","Yes","Before arriving in New Zealand"
"GEN24_1101773","Yes","Before arriving in New Zealand"
"GEN24_1101776","Yes","While in New Zealand"
"GEN24_1101792","No",NA
"GEN24_1101794","Yes","I did not receive any information"
"GEN24_1101811","No",NA
"GEN24_1101816","No",NA
"GEN24_1101817","No",NA
"GEN24_1101831","Yes","Before arriving in New Zealand"
"GEN24_1101844","No",NA
"GEN24_1101851","Yes","Before arriving in New Zealand"
"GEN24_1101851","Yes","While in New Zealand"
"GEN24_1101854","Yes","Before arriving in New Zealand"
"GEN24_1101864","Yes","Before arriving in New Zealand"
"GEN24_1101874","Yes","I did not receive any information"
"GEN24_1101881","Yes","I did not receive any information"
"GEN24_1101887","No",NA
"GEN24_1101891","Yes","While in New Zealand"
"GEN24_1101892","Yes","I did not receive any information"
"GEN24_1101895","Yes","While in New Zealand"
"GEN24_1101901","Yes","Before arriving in New Zealand"
"GEN24_1101907","Yes","Before arriving in New Zealand"
"GEN24_1101910","Yes","I did not receive any information"
"GEN24_1101918","Yes","I did not receive any information"
"GEN24_1101919","No",NA
"GEN24_1101928","Yes","Before arriving in New Zealand"
"GEN24_1101929","Yes","Before arriving in New Zealand"
"GEN24_1101957","Yes","Before arriving in New Zealand"
"GEN24_1101959","No",NA
"GEN24_1101966","No",NA
"GEN24_1101970","Yes","Before arriving in New Zealand"
"GEN24_1101970","Yes","While in New Zealand"
"GEN24_1101981","Yes","Before arriving in New Zealand"
"GEN24_1101998","Yes","I did not receive any information"
"GEN24_1102012","Yes","Before arriving in New Zealand"
"GEN24_1102016","No",NA
"GEN24_1102024","Yes","Before arriving in New Zealand"
"GEN24_1102025","Yes","While in New Zealand"
"GEN24_1102027","Yes","I did not receive any information"
"GEN24_1102031","No",NA
"GEN24_1102034","Yes","Before arriving in New Zealand"
"GEN24_1102036","Yes","I did not receive any information"
"GEN24_1102039","Yes","Before arriving in New Zealand"
"GEN24_1102039","Yes","While in New Zealand"
"GEN24_1102040","No",NA
"GEN24_1102052","No",NA
"GEN24_1102054","No",NA
"GEN24_1102056","Yes","Before arriving in New Zealand"
"GEN24_1102059","No",NA
"GEN24_1102064","Yes","While in New Zealand"
"GEN24_1102082","Yes","I did not receive any information"
"GEN24_1102087","No",NA
"GEN24_1102098","Yes","Before arriving in New Zealand"
"GEN24_1102109","Yes","I did not receive any information"
"GEN24_1102111","No",NA
"GEN24_1102114","No",NA
"GEN24_1102116","Yes","Before arriving in New Zealand"
"GEN24_1102117","Yes","Before arriving in New Zealand"
"GEN24_1102118","Yes","While in New Zealand"
"GEN24_1102119","No",NA
"GEN24_1102141","Yes","While in New Zealand"
"GEN24_1102144","No",NA
"GEN24_1102150","No",NA
"GEN24_1102152","Yes","Before arriving in New Zealand"
"GEN24_1102161","Yes","Before arriving in New Zealand"
"GEN24_1102164","Yes","I did not receive any information"
"GEN24_1102166","Yes","Before arriving in New Zealand"
"GEN24_1102182","Yes","Before arriving in New Zealand"
"GEN24_1102201","Yes","I did not receive any information"
"GEN24_1102202","No",NA
"GEN24_1102203","Yes","I did not receive any information"
"GEN24_1102212","No",NA
"GEN24_1102227","Yes","Before arriving in New Zealand"
"GEN24_1102227","Yes","While in New Zealand"
"GEN24_1102237","Yes","While in New Zealand"
"GEN24_1102240","Yes","While in New Zealand"
"GEN24_1102254","Yes","Before arriving in New Zealand"
"GEN24_1102259","No",NA
"GEN24_1102261","No",NA
"GEN24_1102268","Yes","Before arriving in New Zealand"
"GEN24_1102269","Yes","Before arriving in New Zealand"
"GEN24_1102287","Yes","Before arriving in New Zealand"
"GEN24_1102292","Yes","I did not receive any information"
"GEN24_1102297","No",NA
"GEN24_1102298","Yes","I did not receive any information"
"GEN24_1102300","Yes","Before arriving in New Zealand"
"GEN24_1102309","Yes","I did not receive any information"
"GEN24_1102325","Yes","Before arriving in New Zealand"
"GEN24_1102325","Yes","While in New Zealand"
"GEN24_1102339","No",NA
"GEN24_1102342","No",NA
"GEN24_1102345","Yes","While in New Zealand"
"GEN24_1102351","No",NA
"GEN24_1102354","Yes","Before arriving in New Zealand"
"GEN24_1102354","Yes","While in New Zealand"
"GEN24_1102357","Yes","I did not receive any information"
"GEN24_1102363","Yes","I did not receive any information"
"GEN24_1102368","Yes","I did not receive any information"
"GEN24_1102369","Yes","I did not receive any information"
"GEN24_1102372","Yes","I did not receive any information"
"GEN24_1102374","Yes","Before arriving in New Zealand"
"GEN24_1102374","Yes","While in New Zealand"
"GEN24_1102377","Yes","Before arriving in New Zealand"
"GEN24_1102407","No",NA
"GEN24_1102416","Yes","Before arriving in New Zealand"
"GEN24_1102424","Yes","While in New Zealand"
"GEN24_1102431","Yes","Before arriving in New Zealand"
"GEN24_1102437","No",NA
"GEN24_1102450","Yes","Before arriving in New Zealand"
"GEN24_1102467","Yes","I did not receive any information"
"GEN24_1102474","No",NA
"GEN24_1102479","Yes","Before arriving in New Zealand"
"GEN24_1102497","No",NA
"GEN24_1102501","Yes","Before arriving in New Zealand"
"GEN24_1102501","Yes","While in New Zealand"
"GEN24_1102502","Yes","Before arriving in New Zealand"
"GEN24_1102502","Yes","While in New Zealand"
"GEN24_1102503","Yes","Before arriving in New Zealand"
"GEN24_1102504","Yes","Before arriving in New Zealand"
"GEN24_1102507","Yes","I did not receive any information"
"GEN24_1102512","No",NA
"GEN24_1102522","Yes","Before arriving in New Zealand"
"GEN24_1102523","No",NA
"GEN24_1102526","Yes","Before arriving in New Zealand"
"GEN24_1102528","Yes","Before arriving in New Zealand"
"GEN24_1102532","Yes","I did not receive any information"
"GEN24_1102535","Yes","I did not receive any information"
"GEN24_1102537","Yes","I did not receive any information"
"GEN24_1102547","Yes","Before arriving in New Zealand"
"GEN24_1102552","Yes","Before arriving in New Zealand"
"GEN24_1102559","No",NA
"GEN24_1102565","Yes","While in New Zealand"
"GEN24_1102570","No",NA
"GEN24_1102576","Yes","Before arriving in New Zealand"
"GEN24_1102581","Yes","I did not receive any information"
"GEN24_1102594","No",NA
"GEN24_1102595","Yes","I did not receive any information"
"GEN24_1102600","No",NA
"GEN24_1102604","Yes","Before arriving in New Zealand"
"GEN24_1102650","Yes","Before arriving in New Zealand"
"GEN24_1102650","Yes","While in New Zealand"
"GEN24_1102652","No",NA
"GEN24_1102656","Yes","I did not receive any information"
"GEN24_1102667","Yes","I did not receive any information"
"GEN24_1102670","Yes","Before arriving in New Zealand"
"GEN24_1102682","Yes","While in New Zealand"
"GEN24_1102695","No",NA
"GEN24_1102708","Yes","Before arriving in New Zealand"
"GEN24_1102718","Yes","While in New Zealand"
"GEN24_1102751","No",NA
"GEN24_1102759","Yes","Before arriving in New Zealand"
"GEN24_1102759","Yes","While in New Zealand"
"GEN24_1102761","No",NA
"GEN24_1102766","Yes","I did not receive any information"
"GEN24_1102774","No",NA
"GEN24_1102776","Yes","I did not receive any information"
"GEN24_1102780","Yes","Before arriving in New Zealand"
"GEN24_1102788","Yes","Before arriving in New Zealand"
"GEN24_1102790","Yes","I did not receive any information"
"GEN24_1102792","Yes","I did not receive any information"
"GEN24_1102793","No",NA
"GEN24_1102795","No",NA
"GEN24_1102805","No",NA
"GEN24_1102810","Yes","I did not receive any information"
"GEN24_1102830","Yes","While in New Zealand"
"GEN24_1102834","Yes","Before arriving in New Zealand"
"GEN24_1102841","Yes","I did not receive any information"
"GEN24_1102844","No",NA
"GEN24_1102848","Yes","Before arriving in New Zealand"
"GEN24_1102852","No",NA
"GEN24_1102854","No",NA
"GEN24_1102856","No",NA
"GEN24_1102858","Yes","Before arriving in New Zealand"
"GEN24_1102858","Yes","While in New Zealand"
"GEN24_1102875","Yes","While in New Zealand"
"GEN24_1102881","No",NA
"GEN24_1102888","Yes","Before arriving in New Zealand"
"GEN24_1102889","Yes","Before arriving in New Zealand"
"GEN24_1102889","Yes","While in New Zealand"
"GEN24_1102899","No",NA
"GEN24_1102911","Yes","I did not receive any information"
"GEN24_1102929","No",NA
"GEN24_1102932","Yes","Before arriving in New Zealand"
"GEN24_1102944","Yes","Before arriving in New Zealand"
"GEN24_1102958","Yes","While in New Zealand"
"GEN24_1102975","Yes","I did not receive any information"
"GEN24_1102977","Yes","While in New Zealand"
"GEN24_1102979","Yes","I did not receive any information"
"GEN24_1102987","Yes","While in New Zealand"
"GEN24_1102995","No",NA
"GEN24_1102999","No",NA
"GEN24_1103004","No",NA
"GEN24_1103012","Yes","Before arriving in New Zealand"
"GEN24_1103012","Yes","While in New Zealand"
"GEN24_1103014","Yes","Before arriving in New Zealand"
"GEN24_1103025","No",NA
"GEN24_1103035","Yes","I did not receive any information"
"GEN24_1103036","Yes","Before arriving in New Zealand"
"GEN24_1103055","No",NA
"GEN24_1103056","No",NA
"GEN24_1103062","No",NA
"GEN24_1103080","Yes","I did not receive any information"
"GEN24_1103092","No",NA
"GEN24_1103093","Yes","Before arriving in New Zealand"
"GEN24_1103094","Yes","I did not receive any information"
"GEN24_1103115","Yes","Before arriving in New Zealand"
"GEN24_1103115","Yes","While in New Zealand"
"GEN24_1103134","Yes","I did not receive any information"
"GEN24_1103143","Yes","While in New Zealand"
"GEN24_1103145","Yes","I did not receive any information"
"GEN24_1103147","No",NA
"GEN24_1103161","Yes","Before arriving in New Zealand"
"GEN24_1103172","Yes","While in New Zealand"
"GEN24_1103207","Yes","Before arriving in New Zealand"
"GEN24_1103210","Yes","I did not receive any information"
"GEN24_1103222","Yes","While in New Zealand"
"GEN24_1103224","No",NA
"GEN24_1103239","No",NA
"GEN24_1103244","Yes","Before arriving in New Zealand"
"GEN24_1103251","Yes","I did not receive any information"
"GEN24_1103258","Yes","While in New Zealand"
"GEN24_1103259","Yes","While in New Zealand"
"GEN24_1103261","No",NA
"GEN24_1103271","Yes","Before arriving in New Zealand"
"GEN24_1103273","Yes","Before arriving in New Zealand"
"GEN24_1103273","Yes","While in New Zealand"
"GEN24_1103298","Yes","While in New Zealand"
"GEN24_1103304","Yes","Before arriving in New Zealand"
"GEN24_1103306","No",NA
"GEN24_1103307","No",NA
"GEN24_1103313","No",NA
"GEN24_1103334","No",NA
"GEN24_1103338","Yes","While in New Zealand"
"GEN24_1103340","Yes","I did not receive any information"
"GEN24_1103342","Yes","Before arriving in New Zealand"
"GEN24_1103356","No",NA
"GEN24_1103362","No",NA
"GEN24_1103369","Yes","Before arriving in New Zealand"
"GEN24_1103376","Yes","I did not receive any information"
"GEN24_1103401","No",NA
"GEN24_1103419","Yes","Before arriving in New Zealand"
"GEN24_1103427","Yes","I did not receive any information"
"GEN24_1103428","No",NA
"GEN24_1103430","Yes","Before arriving in New Zealand"
"GEN24_1103430","Yes","While in New Zealand"
"GEN24_1103433","No",NA
"GEN24_1103435","Yes","Before arriving in New Zealand"
"GEN24_1103455","No",NA
"GEN24_1103456","Yes","Before arriving in New Zealand"
"GEN24_1103465","Yes","Before arriving in New Zealand"
"GEN24_1103465","Yes","While in New Zealand"
"GEN24_1103467","No",NA
"GEN24_1103468","Yes","I did not receive any information"
"GEN24_1103477","Yes","I did not receive any information"
"GEN24_1103485","Yes","Before arriving in New Zealand"
"GEN24_1103490","Yes","While in New Zealand"
"GEN24_1103492","Yes","I did not receive any information"
"GEN24_1103500","Can’t remember",NA
"GEN24_1103515","No",NA
"GEN24_1103519","Can’t remember",NA
"GEN24_1103521","Yes","Before arriving in New Zealand"
"GEN24_1103541","Yes","I did not receive any information"
"GEN24_1103546","Yes","Before arriving in New Zealand"
"GEN24_1103548","Yes","Before arriving in New Zealand"
"GEN24_1103550","Yes","Before arriving in New Zealand"
"GEN24_1103560","Yes","Before arriving in New Zealand"
"GEN24_1103564","No",NA
"GEN24_1103575","Yes","I did not receive any information"
"GEN24_1103589","No",NA
"GEN24_1103598","Yes","I did not receive any information"
"GEN24_1103599","Yes","I did not receive any information"
"GEN24_1103604","Yes","I did not receive any information"
"GEN24_1103613","Yes","Before arriving in New Zealand"
"GEN24_1103613","Yes","While in New Zealand"
"GEN24_1103625","Yes","Before arriving in New Zealand"
"GEN24_1103630","Yes","Before arriving in New Zealand"
"GEN24_1103630","Yes","While in New Zealand"
"GEN24_1103637","Yes","Before arriving in New Zealand"
"GEN24_1103645","No",NA
"GEN24_1103653","Yes","Before arriving in New Zealand"
"GEN24_1103674","Yes","While in New Zealand"
"GEN24_1103683","Yes","Before arriving in New Zealand"
"GEN24_1103688","Yes","Before arriving in New Zealand"
"GEN24_1103690","Yes","I did not receive any information"
"GEN24_1103693","Yes","I did not receive any information"
"GEN24_1103696","Yes","While in New Zealand"
"GEN24_1103700","No",NA
"GEN24_1103702","Yes","I did not receive any information"
"GEN24_1103707","Yes","I did not receive any information"
"GEN24_1103716","Yes","I did not receive any information"
"GEN24_1103717","Yes","I did not receive any information"
"GEN24_1103723","Yes","Before arriving in New Zealand"
"GEN24_1103723","Yes","While in New Zealand"
"GEN24_1103724","Yes","While in New Zealand"
"GEN24_1103753","No",NA
"GEN24_1103759","No",NA
"GEN24_1103761","No",NA
"GEN24_1103780","No",NA
"GEN24_1103800","No",NA
"GEN24_1103802","Yes","Before arriving in New Zealand"
"GEN24_1103807","No",NA
"GEN24_1103809","No",NA
"GEN24_1103814","Yes","I did not receive any information"
"GEN24_1103815","Yes","Before arriving in New Zealand"
"GEN24_1103815","Yes","While in New Zealand"
"GEN24_1103820","Yes","I did not receive any information"
"GEN24_1103821","Yes","While in New Zealand"
"GEN24_1103831","Yes","I did not receive any information"
"GEN24_1103833","No",NA
"GEN24_1103837","Yes","Before arriving in New Zealand"
"GEN24_1103837","Yes","While in New Zealand"
"GEN24_1103851","Yes","Before arriving in New Zealand"
"GEN24_1103851","Yes","While in New Zealand"
"GEN24_1103861","Yes","Before arriving in New Zealand"
"GEN24_1103862","Yes","Before arriving in New Zealand"
"GEN24_1103862","Yes","While in New Zealand"
"GEN24_1103868","Yes","Before arriving in New Zealand"
"GEN24_1103882","No",NA
"GEN24_1103884","No",NA
"GEN24_1103897","Yes","I did not receive any information"
"GEN24_1103910","Yes","Before arriving in New Zealand"
"GEN24_1103913","No",NA
"GEN24_1103916","Yes","While in New Zealand"
"GEN24_1103925","No",NA
"GEN24_1103930","Yes","Before arriving in New Zealand"
"GEN24_1103934","Yes","I did not receive any information"
"GEN24_1103938","No",NA
"GEN24_1103947","Yes","I did not receive any information"
"GEN24_1103969","No",NA
"GEN24_1103973","No",NA
"GEN24_1103974","Yes","While in New Zealand"
"GEN24_1103976","Yes","Before arriving in New Zealand"
"GEN24_1103988","No",NA
"GEN24_1104037","Yes","While in New Zealand"
"GEN24_1104039","Yes","Before arriving in New Zealand"
"GEN24_1104044","Yes","I did not receive any information"
"GEN24_1104047","Yes","I did not receive any information"
"GEN24_1104049","Yes","While in New Zealand"
"GEN24_1104055","No",NA
"GEN24_1104068","No",NA
"GEN24_1104078","Yes","Before arriving in New Zealand"
"GEN24_1104081","Yes","Before arriving in New Zealand"
"GEN24_1104082","Yes","Before arriving in New Zealand"
"GEN24_1104107","Yes","I did not receive any information"
"GEN24_1104108","Yes","I did not receive any information"
"GEN24_1104109","No",NA
"GEN24_1104110","Yes","Before arriving in New Zealand"
"GEN24_1104120","No",NA
"GEN24_1104124","No",NA
"GEN24_1104133","Yes","I did not receive any information"
"GEN24_1104143","No",NA
"GEN24_1104154","Yes","I did not receive any information"
"GEN24_1104156","Yes","Before arriving in New Zealand"
"GEN24_1104159","Yes","I did not receive any information"
"GEN24_1104163","Yes","While in New Zealand"
"GEN24_1104165","Yes","While in New Zealand"
"GEN24_1104175","No",NA
"GEN24_1104179","Yes","Before arriving in New Zealand"
"GEN24_1104207","Yes","I did not receive any information"
"GEN24_1104220","Yes","I did not receive any information"
"GEN24_1104222","Yes","I did not receive any information"
"GEN24_1104223","Yes","While in New Zealand"
"GEN24_1104225","Yes","Before arriving in New Zealand"
"GEN24_1104226","No",NA
"GEN24_1104244","Yes","I did not receive any information"
"GEN24_1104246","Yes","Before arriving in New Zealand"
"GEN24_1104248","Yes","Before arriving in New Zealand"
"GEN24_1104251","Yes","I did not receive any information"
"GEN24_1104256","Yes","I did not receive any information"
"GEN24_1104257","Yes","While in New Zealand"
"GEN24_1104261","Yes","Before arriving in New Zealand"
"GEN24_1104264","Yes","I did not receive any information"
"GEN24_1104269","Yes","I did not receive any information"
"GEN24_1104270","No",NA
"GEN24_1104304","Yes","Before arriving in New Zealand"
"GEN24_1104305","Yes","Before arriving in New Zealand"
"GEN24_1104305","Yes","While in New Zealand"
"GEN24_1104354","No",NA
"GEN24_1104358","No",NA
"GEN24_1104359","No",NA
"GEN24_1104361","Yes","I did not receive any information"
"GEN24_1104364","Yes","I did not receive any information"
"GEN24_1104381","Yes","I did not receive any information"
"GEN24_1104389","Yes","Before arriving in New Zealand"
"GEN24_1104389","Yes","While in New Zealand"
"GEN24_1104406","Yes","Before arriving in New Zealand"
"GEN24_1104408","No",NA
"GEN24_1104439","Yes","Before arriving in New Zealand"
"GEN24_1104452","No",NA
"GEN24_1104455","Yes","Before arriving in New Zealand"
"GEN24_1104457","Yes","Before arriving in New Zealand"
"GEN24_1104468","Yes","Before arriving in New Zealand"
"GEN24_1104468","Yes","While in New Zealand"
"GEN24_1104470","No",NA
"GEN24_1104489","Yes","Before arriving in New Zealand"
"GEN24_1104491","Yes","Before arriving in New Zealand"
"GEN24_1104491","Yes","While in New Zealand"
"GEN24_1104494","Yes","Before arriving in New Zealand"
"GEN24_1104498","No",NA
"GEN24_1104508","Yes","I did not receive any information"
"GEN24_1104518","Yes","I did not receive any information"
"GEN24_1104519","No",NA
"GEN24_1104524","Yes","While in New Zealand"
"GEN24_1104541","Yes","Before arriving in New Zealand"
"GEN24_1104541","Yes","While in New Zealand"
"GEN24_1104545","No",NA
"GEN24_1104555","Yes","Before arriving in New Zealand"
"GEN24_1104560","Yes","Before arriving in New Zealand"
"GEN24_1104575","Yes","I did not receive any information"
"GEN24_1104583","Yes","I did not receive any information"
"GEN24_1104596","Yes","While in New Zealand"
"GEN24_1104600","Yes","I did not receive any information"
"GEN24_1104613","Yes","Before arriving in New Zealand"
"GEN24_1104616","Yes","Before arriving in New Zealand"
"GEN24_1104623","No",NA
"GEN24_1104633","Yes","While in New Zealand"
"GEN24_1104640","No",NA
"GEN24_1104646","No",NA
"GEN24_1104664","Yes","Before arriving in New Zealand"
"GEN24_1104665","Yes","While in New Zealand"
"GEN24_1104671","Yes","Before arriving in New Zealand"
"GEN24_1104682","Yes","I did not receive any information"
"GEN24_1104695","Yes","While in New Zealand"
"GEN24_1104704","Yes","I did not receive any information"
"GEN24_1104708","Yes","Before arriving in New Zealand"
"GEN24_1104737","No",NA
"GEN24_1104763","Yes","I did not receive any information"
"GEN24_1104799","No",NA
"GEN24_1104805","Yes","I did not receive any information"
"GEN24_1104806","Yes","Before arriving in New Zealand"
"GEN24_1104806","Yes","While in New Zealand"
"GEN24_1104853","Yes","Before arriving in New Zealand"
"GEN24_1104853","Yes","While in New Zealand"
"GEN24_1104856","No",NA
"GEN24_1104857","Yes","I did not receive any information"
"GEN24_1104863","No",NA
"GEN24_1104866","No",NA
"GEN24_1104874","Yes","Before arriving in New Zealand"
"GEN24_1104874","Yes","While in New Zealand"
"GEN24_1104888","Yes","While in New Zealand"
"GEN24_1104890","Yes","Before arriving in New Zealand"
"GEN24_1104890","Yes","While in New Zealand"
"GEN24_1104900","Yes","I did not receive any information"
"GEN24_1104903","No",NA
"GEN24_1104905","Yes","I did not receive any information"
"GEN24_1104926","No",NA
"GEN24_1104927","No",NA
"GEN24_1104945","Yes","Before arriving in New Zealand"
"GEN24_1104958","No",NA
"GEN24_1104962","Yes","I did not receive any information"
"GEN24_1104967","No",NA
"GEN24_1104969","Yes","Before arriving in New Zealand"
"GEN24_1104982","Yes","I did not receive any information"
"GEN24_1105025","Yes","I did not receive any information"
"GEN24_1105032","No",NA
"GEN24_1105033","Yes","I did not receive any information"
"GEN24_1105045","Yes","Before arriving in New Zealand"
"GEN24_1105048","Yes","I did not receive any information"
"GEN24_1105049","Yes","Before arriving in New Zealand"
"GEN24_1105050","Yes","I did not receive any information"
"GEN24_1105075","No",NA
"GEN24_1105077","No",NA
"GEN24_1105083","Yes","While in New Zealand"
"GEN24_1105092","No",NA
"GEN24_1105095","No",NA
"GEN24_1105110","Yes","While in New Zealand"
"GEN24_1105111","No",NA
"GEN24_1105117","Yes","I did not receive any information"
"GEN24_1105129","No",NA
"GEN24_1105154","Yes","I did not receive any information"
"GEN24_1105156","Yes","I did not receive any information"
"GEN24_1105171","No",NA
"GEN24_1105189","No",NA
"GEN24_1105193","Yes","While in New Zealand"
"GEN24_1105196","No",NA
"GEN24_1105201","No",NA
"GEN24_1105247","No",NA
"GEN24_1105257","No",NA
"GEN24_1105264","Yes","I did not receive any information"
"GEN24_1105279","Yes","I did not receive any information"
"GEN24_1105280","Yes","I did not receive any information"
"GEN24_1105290","Yes","While in New Zealand"
"GEN24_1105296","No",NA
"GEN24_1105299","Yes",NA
"GEN24_1105311","Yes","I did not receive any information"
"GEN24_1105312","Yes","While in New Zealand"
"GEN24_1105322","Yes","While in New Zealand"
"GEN24_1105326","No",NA
"GEN24_1105332","Yes","Before arriving in New Zealand"
"GEN24_1105332","Yes","While in New Zealand"
"GEN24_1105344","No",NA
"GEN24_1105346","Yes","I did not receive any information"
"GEN24_1105352","No",NA
"GEN24_1105370","Yes","Before arriving in New Zealand"
"GEN24_1105383","No",NA
"GEN24_1105413","No",NA
"GEN24_1105415","No",NA
"GEN24_1105426","Yes","I did not receive any information"
"GEN24_1105442","No",NA
"GEN24_1105453","Yes","Before arriving in New Zealand"
"GEN24_1105459","Yes","Before arriving in New Zealand"
"GEN24_1105465","Yes","Before arriving in New Zealand"
"GEN24_1105470","Yes","While in New Zealand"
"GEN24_1105471","Yes","I did not receive any information"
"GEN24_1105477","No",NA
"GEN24_1105480","No",NA
"GEN24_1105492","Yes","I did not receive any information"
"GEN24_1105498","No",NA
"GEN24_1105510","Yes","Before arriving in New Zealand"
"GEN24_1105512","Yes","I did not receive any information"
"GEN24_1105515","Yes","Before arriving in New Zealand"
"GEN24_1105521","Yes","Before arriving in New Zealand"
"GEN24_1105521","Yes","While in New Zealand"
"GEN24_1105546","Yes","I did not receive any information"
"GEN24_1105550","Yes","I did not receive any information"
"GEN24_1105553","No",NA
"GEN24_1105564","Yes","Before arriving in New Zealand"
"GEN24_1105572","Yes","Before arriving in New Zealand"
"GEN24_1105587","No",NA
"GEN24_1105588","No",NA
"GEN24_1105606","No",NA
"GEN24_1105624","Yes","Before arriving in New Zealand"
"GEN24_1105633","Yes","Before arriving in New Zealand"
"GEN24_1105656","Yes","Before arriving in New Zealand"
"GEN24_1105659","Yes","Before arriving in New Zealand"
"GEN24_1105683","Yes","I did not receive any information"
"GEN24_1105685","Yes","Before arriving in New Zealand"
"GEN24_1105696","Yes","I did not receive any information"
"GEN24_1105701","Yes","Before arriving in New Zealand"
"GEN24_1105707","Yes","I did not receive any information"
"GEN24_1105716","Yes","I did not receive any information"
"GEN24_1105720","Yes","I did not receive any information"
"GEN24_1105731","Yes","I did not receive any information"
"GEN24_1105732","No",NA
"GEN24_1105734","Yes","I did not receive any information"
"GEN24_1105764","Yes","Before arriving in New Zealand"
"GEN24_1105795","Yes","Before arriving in New Zealand"
"GEN24_1105800","Yes","I did not receive any information"
"GEN24_1105805","Yes","While in New Zealand"
"GEN24_1105810","Yes","While in New Zealand"
"GEN24_1105811","No",NA
"GEN24_1105822","No",NA
"GEN24_1105824","Yes","I did not receive any information"
"GEN24_1105828","Yes","I did not receive any information"
"GEN24_1105834","Yes","While in New Zealand"
"GEN24_1105851","No",NA
"GEN24_1105854","Yes","I did not receive any information"
"GEN24_1105859","Yes","Before arriving in New Zealand"
"GEN24_1105863","Yes","Before arriving in New Zealand"
"GEN24_1105863","Yes","While in New Zealand"
"GEN24_1105875","Yes","I did not receive any information"
"GEN24_1105922","No",NA
"GEN24_1105930","No",NA
"GEN24_1105933","No",NA
"GEN24_1105959","No",NA
"GEN24_1105978","No",NA
"GEN24_1105980","Yes","While in New Zealand"
"GEN24_1105994","Yes","I did not receive any information"
"GEN24_1106007","Yes","I did not receive any information"
"GEN24_1106024","Yes","Before arriving in New Zealand"
"GEN24_1106051","Yes","Before arriving in New Zealand"
"GEN24_1106056","Yes","Before arriving in New Zealand"
"GEN24_1106061","Yes","I did not receive any information"
"GEN24_1106074","No",NA
"GEN24_1106096","Yes","While in New Zealand"
"GEN24_1106107","No",NA
"GEN24_1106131","No",NA
"GEN24_1106134","No",NA
"GEN24_1106165","No",NA
"GEN24_1106174","Yes","I did not receive any information"
"GEN24_1106182","Yes","I did not receive any information"
"GEN24_1106184","No",NA
"GEN24_1106213","No",NA
"GEN24_1106226","Yes","While in New Zealand"
"GEN24_1106230","Yes","I did not receive any information"
"GEN24_1106246","No",NA
"GEN24_1106260","No",NA
"GEN24_1106271","Yes","I did not receive any information"
"GEN24_1106275","No",NA
"GEN24_1106281","No",NA
"GEN24_1106292","Yes","Before arriving in New Zealand"
"GEN24_1106292","Yes","While in New Zealand"
"GEN24_1106293","Yes","While in New Zealand"
"GEN24_1106294","Yes","I did not receive any information"
"GEN24_1106297","Yes","While in New Zealand"
"GEN24_1106339","Yes","I did not receive any information"
"GEN24_1106354","Yes","Before arriving in New Zealand"
"GEN24_1106358","Yes","Before arriving in New Zealand"
"GEN24_1106358","Yes","While in New Zealand"
"GEN24_1106386","No",NA
"GEN24_1106415","No",NA
"GEN24_1106418","Yes","Before arriving in New Zealand"
"GEN24_1106446","No",NA
"GEN24_1106448","Yes","I did not receive any information"
"GEN24_1106460","Yes","I did not receive any information"
"GEN24_1106464","No",NA
"GEN24_1106465","No",NA
"GEN24_1106467","Yes","While in New Zealand"
"GEN24_1106473","Yes","I did not receive any information"
"GEN24_1106485","No",NA
"GEN24_1106489","No",NA
"GEN24_1106490","Yes","I did not receive any information"
"GEN24_1106492","Yes","Before arriving in New Zealand"
"GEN24_1106497","No",NA
"GEN24_1106498","Yes","I did not receive any information"
"GEN24_1106506","Yes","I did not receive any information"
"GEN24_1106526","No",NA
"GEN24_1106533","Yes","I did not receive any information"
"GEN24_1106535","Yes","While in New Zealand"
"GEN24_1106538","Yes","While in New Zealand"
"GEN24_1106543","Yes","I did not receive any information"
"GEN24_1106545","Yes","Before arriving in New Zealand"
"GEN24_1106548","Yes","Before arriving in New Zealand"
"GEN24_1106550","Yes","I did not receive any information"
"GEN24_1106579","Yes","I did not receive any information"
"GEN24_1106584","Yes","Before arriving in New Zealand"
"GEN24_1106588","Yes","Before arriving in New Zealand"
"GEN24_1106589","Yes","I did not receive any information"
"GEN24_1106593","Yes","I did not receive any information"
"GEN24_1106596","No",NA
"GEN24_1106598","Yes","I did not receive any information"
"GEN24_1106604","No",NA
"GEN24_1106610","Yes","Before arriving in New Zealand"
"GEN24_1106610","Yes","While in New Zealand"
"GEN24_1106621","No",NA
"GEN24_1106623","Yes","Before arriving in New Zealand"
"GEN24_1106629","Yes","Before arriving in New Zealand"
"GEN24_1106654","No",NA
"GEN24_1106663","No",NA
"GEN24_1106669","Yes","Before arriving in New Zealand"
"GEN24_1106671","Yes","While in New Zealand"
"GEN24_1106680","Yes","Before arriving in New Zealand"
"GEN24_1106681","No",NA
"GEN24_1106685","No",NA
"GEN24_1106701","No",NA
"GEN24_1106704","No",NA
"GEN24_1106708","Yes","Before arriving in New Zealand"
"GEN24_1106708","Yes","While in New Zealand"
"GEN24_1106724","Yes","While in New Zealand"
"GEN24_1106728","Yes","I did not receive any information"
"GEN24_1106736","No",NA
"GEN24_1106743","No",NA
"GEN24_1106757","Yes","Before arriving in New Zealand"
"GEN24_1106758","Yes","I did not receive any information"
"GEN24_1106759","Yes","Before arriving in New Zealand"
"GEN24_1106759","Yes","While in New Zealand"
"GEN24_1106780","Yes","Before arriving in New Zealand"
"GEN24_1106782","Yes","I did not receive any information"
"GEN24_1106788","Yes","Before arriving in New Zealand"
"GEN24_1106788","Yes","While in New Zealand"
"GEN24_1106795","Yes","While in New Zealand"
"GEN24_1106812","No",NA
"GEN24_1106824","No",NA
"GEN24_1106841","Yes","While in New Zealand"
"GEN24_1106843","No",NA
"GEN24_1106850","Yes","I did not receive any information"
"GEN24_1106882","No",NA
"GEN24_1106890","No",NA
"GEN24_1106905","Yes","While in New Zealand"
"GEN24_1106924","Yes","Before arriving in New Zealand"
"GEN24_1106926","Yes","I did not receive any information"
"GEN24_1106944","Yes","I did not receive any information"
"GEN24_1106946","Yes","I did not receive any information"
"GEN24_1106951","Yes","I did not receive any information"
"GEN24_1106957","Yes","Before arriving in New Zealand"
"GEN24_1106965","No",NA
"GEN24_1106990","Yes","Before arriving in New Zealand"
"GEN24_1106997","No",NA
"GEN24_1107006","Yes","Before arriving in New Zealand"
"GEN24_1107011","Yes","Before arriving in New Zealand"
"GEN24_1107018","No",NA
"GEN24_1107023","Yes","While in New Zealand"
"GEN24_1107028","No",NA
"GEN24_1107031","Yes","While in New Zealand"
"GEN24_1107033","No",NA
"GEN24_1107034","Yes","Before arriving in New Zealand"
"GEN24_1107035","Yes","Before arriving in New Zealand"
"GEN24_1107036","Yes","While in New Zealand"
"GEN24_1107037","Yes","While in New Zealand"
"GEN24_1107062","Yes",NA
"GEN24_1107065","Yes","I did not receive any information"
"GEN24_1107066","No",NA
"GEN24_1107079","No",NA
"GEN24_1107081","Yes","I did not receive any information"
"GEN24_1107090","Yes","I did not receive any information"
"GEN24_1107099","No",NA
"GEN24_1107100","Yes","Before arriving in New Zealand"
"GEN24_1107108","Yes","I did not receive any information"
"GEN24_1107117","No",NA
"GEN24_1107121","Yes","While in New Zealand"
"GEN24_1107122","Yes","While in New Zealand"
"GEN24_1107123","Yes","I did not receive any information"
"GEN24_1107128","Yes","I did not receive any information"
"GEN24_1107131","No",NA
"GEN24_1107133","Yes","I did not receive any information"
"GEN24_1107137","No",NA
"GEN24_1107138","Yes","Before arriving in New Zealand"
"GEN24_1107160","No",NA
"GEN24_1107172","Yes","While in New Zealand"
"GEN24_1107189","No",NA
"GEN24_1107206","No",NA
"GEN24_1107208","Yes","Before arriving in New Zealand"
"GEN24_1107213","No",NA
"GEN24_1107228","Yes","Before arriving in New Zealand"
"GEN24_1107228","Yes","While in New Zealand"
"GEN24_1107230","No",NA
"GEN24_1107234","No",NA
"GEN24_1107236","No",NA
"GEN24_1107242","No",NA
"GEN24_1107244","Yes","I did not receive any information"
"GEN24_1107248","No",NA
"GEN24_1107252","Yes","I did not receive any information"
"GEN24_1107262","Yes","Before arriving in New Zealand"
"GEN24_1107268","No",NA
"GEN24_1107270","Yes","While in New Zealand"
"GEN24_1107272","Yes","While in New Zealand"
"GEN24_1107305","No",NA
"GEN24_1107346","Yes","Before arriving in New Zealand"
"GEN24_1107360","Yes","I did not receive any information"
"GEN24_1107361","Yes","Before arriving in New Zealand"
"GEN24_1107376","Yes","While in New Zealand"
"GEN24_1107394","Yes","Before arriving in New Zealand"
"GEN24_1107405","Yes","I did not receive any information"
"GEN24_1107406","Yes","While in New Zealand"
"GEN24_1107413","Yes","Before arriving in New Zealand"
"GEN24_1107432","Yes","I did not receive any information"
"GEN24_1107456","Yes","Before arriving in New Zealand"
"GEN24_1107461","Yes","I did not receive any information"
"GEN24_1107480","No",NA
"GEN24_1107482","Yes","I did not receive any information"
"GEN24_1107495","No",NA
"GEN24_1107529","Yes","I did not receive any information"
"GEN24_1107531","No",NA
"GEN24_1107532","Yes","I did not receive any information"
"GEN24_1107533","No",NA
"GEN24_1107563","No",NA
"GEN24_1107612","Yes","Before arriving in New Zealand"
"GEN24_1107619","Yes","Before arriving in New Zealand"
"GEN24_1107624","Yes","Before arriving in New Zealand"
"GEN24_1107628","Yes","While in New Zealand"
"GEN24_1107632","Yes","Before arriving in New Zealand"
"GEN24_1107633","No",NA
"GEN24_1107634","Yes","I did not receive any information"
"GEN24_1107644","Yes","Before arriving in New Zealand"
"GEN24_1107658","Yes","I did not receive any information"
"GEN24_1107660","Yes","Before arriving in New Zealand"
"GEN24_1107666","No",NA
"GEN24_1107681","Yes","Before arriving in New Zealand"
"GEN24_1107683","Yes","While in New Zealand"
"GEN24_1107691","Yes","Before arriving in New Zealand"
"GEN24_1107695","No",NA
"GEN24_1107712","No",NA
"GEN24_1107722","Yes","Before arriving in New Zealand"
"GEN24_1107731","Yes","I did not receive any information"
"GEN24_1107756","No",NA
"GEN24_1107760","Yes","I did not receive any information"
"GEN24_1107764","Yes","I did not receive any information"
"GEN24_1107765","Yes","I did not receive any information"
"GEN24_1107768","No",NA
"GEN24_1107775","Yes","I did not receive any information"
"GEN24_1107778","No",NA
"GEN24_1107791","Yes","I did not receive any information"
"GEN24_1107792","Yes","I did not receive any information"
"GEN24_1107799","Yes","Before arriving in New Zealand"
"GEN24_1107845","Yes","Before arriving in New Zealand"
"GEN24_1107845","Yes","While in New Zealand"
"GEN24_1107865","Yes","I did not receive any information"
"GEN24_1107866","Yes","I did not receive any information"
"GEN24_1107885","No",NA
"GEN24_1107886","No",NA
"GEN24_1107904","Yes","While in New Zealand"
"GEN24_1107912","Yes","I did not receive any information"
"GEN24_1107934","Yes","I did not receive any information"
"GEN24_1107952","Yes","While in New Zealand"
"GEN24_1107953","Yes","Before arriving in New Zealand"
"GEN24_1107974","No",NA
"GEN24_1107978","Can’t remember",NA
"GEN24_1107985","Yes","I did not receive any information"
"GEN24_1107988","Yes","Before arriving in New Zealand"
"GEN24_1107990","Yes","Before arriving in New Zealand"
"GEN24_1107999","Yes","Before arriving in New Zealand"
"GEN24_1108003","No",NA
"GEN24_1108009","No",NA
"GEN24_1108017","No",NA
"GEN24_1108020","Yes","Before arriving in New Zealand"
"GEN24_1108026","Yes","While in New Zealand"
"GEN24_1108040","Yes","While in New Zealand"
"GEN24_1108042","No",NA
"GEN24_1108050","Yes","Before arriving in New Zealand"
"GEN24_1108054","Yes","I did not receive any information"
"GEN24_1108064","Yes","I did not receive any information"
"GEN24_1108086","No",NA
"GEN24_1108091","Yes","I did not receive any information"
"GEN24_1108094","No",NA
"GEN24_1108096","Yes","While in New Zealand"
"GEN24_1108099","No",NA
"GEN24_1108154","No",NA
"GEN24_1108158","Yes","Before arriving in New Zealand"
"GEN24_1108164","No",NA
"GEN24_1108171","No",NA
"GEN24_1108175","Yes","I did not receive any information"
"GEN24_1108176","Yes","Before arriving in New Zealand"
"GEN24_1108176","Yes","While in New Zealand"
"GEN24_1108178","No",NA
"GEN24_1108188","Yes","Before arriving in New Zealand"
"GEN24_1108189","Yes","I did not receive any information"
"GEN24_1108200","No",NA
"GEN24_1108204","Yes","I did not receive any information"
"GEN24_1108215","Yes","I did not receive any information"
"GEN24_1108221","Yes","Before arriving in New Zealand"
"GEN24_1108224","No",NA
"GEN24_1108266","Yes","Before arriving in New Zealand"
"GEN24_1108266","Yes","While in New Zealand"
"GEN24_1108269","No",NA
"GEN24_1108276","No",NA
"GEN24_1108277","No",NA
"GEN24_1108298","Yes","While in New Zealand"
"GEN24_1108301","Yes","I did not receive any information"
"GEN24_1108326","Yes","Before arriving in New Zealand"
"GEN24_1108335","Yes","Before arriving in New Zealand"
"GEN24_1108342","Yes","I did not receive any information"
"GEN24_1108347","Yes","Before arriving in New Zealand"
"GEN24_1108354","No",NA
"GEN24_1108367","Yes","Before arriving in New Zealand"
"GEN24_1108374","No",NA
"GEN24_1108403","Yes","I did not receive any information"
"GEN24_1108417","Yes","I did not receive any information"
"GEN24_1108437","No",NA
"GEN24_1108440","Yes","While in New Zealand"
"GEN24_1108450","Yes","Before arriving in New Zealand"
"GEN24_1108458","Yes","I did not receive any information"
"GEN24_1108466","Yes","I did not receive any information"
"GEN24_1108496","Yes","I did not receive any information"
"GEN24_1108497","No",NA
"GEN24_1108505","No",NA
"GEN24_1108510","Yes","I did not receive any information"
"GEN24_1108520","Yes","I did not receive any information"
"GEN24_1108524","No",NA
"GEN24_1108556","Yes","Before arriving in New Zealand"
"GEN24_1108556","Yes","While in New Zealand"
"GEN24_1108565","Yes","While in New Zealand"
"GEN24_1108566","Yes","I did not receive any information"
"GEN24_1108569","Yes","Before arriving in New Zealand"
"GEN24_1108571","Yes","I did not receive any information"
"GEN24_1108580","Yes","I did not receive any information"
"GEN24_1108606","No",NA
"GEN24_1108616","No",NA
"GEN24_1108634","Yes","I did not receive any information"
"GEN24_1108674","No",NA
"GEN24_1108680","Yes","I did not receive any information"
"GEN24_1108684","Yes","I did not receive any information"
"GEN24_1108686","Yes","Before arriving in New Zealand"
"GEN24_1108687","Yes","While in New Zealand"
"GEN24_1108688","Yes","Before arriving in New Zealand"
"GEN24_1108698","No",NA
"GEN24_1108704","Yes","While in New Zealand"
"GEN24_1108718","No",NA
"GEN24_1108719","No",NA
"GEN24_1108729","No",NA
"GEN24_1108737","Yes","Before arriving in New Zealand"
"GEN24_1108753","Yes","I did not receive any information"
"GEN24_1108757","Yes","Before arriving in New Zealand"
"GEN24_1108764","Can’t remember",NA
"GEN24_1108791","No",NA
"GEN24_1108807","Yes","Before arriving in New Zealand"
"GEN24_1108810","Yes","Before arriving in New Zealand"
"GEN24_1108810","Yes","While in New Zealand"
"GEN24_1108830","Yes","Before arriving in New Zealand"
"GEN24_1108831","Yes","I did not receive any information"
"GEN24_1108836","Yes","While in New Zealand"
"GEN24_1108848","No",NA
"GEN24_1108868","No",NA
"GEN24_1108896","Yes","Before arriving in New Zealand"
"GEN24_1108896","Yes","While in New Zealand"
"GEN24_1108898","Yes","I did not receive any information"
"GEN24_1108927","Yes","Before arriving in New Zealand"
"GEN24_1108953","No",NA
"GEN24_1108960","Yes","I did not receive any information"
"GEN24_1108968","Yes","I did not receive any information"
"GEN24_1108978","Yes","I did not receive any information"
"GEN24_1108982","No",NA
"GEN24_1108983","Yes","Before arriving in New Zealand"
"GEN24_1108991","Yes","I did not receive any information"
"GEN24_1109002","Yes","While in New Zealand"
"GEN24_1109024","No",NA
"GEN24_1109026","No",NA
"GEN24_1109039","Yes","I did not receive any information"
"GEN24_1109043","Yes","I did not receive any information"
"GEN24_1109054","Yes","Before arriving in New Zealand"
"GEN24_1109064","No",NA
"GEN24_1109068","Yes","I did not receive any information"
"GEN24_1109074","Yes","Before arriving in New Zealand"
"GEN24_1109074","Yes","While in New Zealand"
"GEN24_1109095","No",NA
"GEN24_1109129","Yes","Before arriving in New Zealand"
"GEN24_1109136","Yes","Before arriving in New Zealand"
"GEN24_1109136","Yes","While in New Zealand"
"GEN24_1109138","Yes","While in New Zealand"
"GEN24_1109158","No",NA
"GEN24_1109169","Yes","While in New Zealand"
"GEN24_1109173","Yes","I did not receive any information"
"GEN24_1109178","No",NA
"GEN24_1109188","Yes","Before arriving in New Zealand"
"GEN24_1109208","Yes","I did not receive any information"
"GEN24_1109237","No",NA
"GEN24_1109254","Yes","I did not receive any information"
"GEN24_1109255","No",NA
"GEN24_1109259","Yes","Before arriving in New Zealand"
"GEN24_1109265","Yes","Before arriving in New Zealand"
"GEN24_1109265","Yes","While in New Zealand"
"GEN24_1109267","Yes","Before arriving in New Zealand"
"GEN24_1109273","Yes","I did not receive any information"
"GEN24_1109276","Yes","Before arriving in New Zealand"
"GEN24_1109290","Yes","Before arriving in New Zealand"
"GEN24_1109290","Yes","While in New Zealand"
"GEN24_1109301","No",NA
"GEN24_1109312","Yes","While in New Zealand"
"GEN24_1109321","Yes","Before arriving in New Zealand"
"GEN24_1109331","No",NA
"GEN24_1109332","Yes","While in New Zealand"
"GEN24_1109350","No",NA
"GEN24_1109355","No",NA
"GEN24_1109361","Yes","Before arriving in New Zealand"
"GEN24_1109368","Yes","Before arriving in New Zealand"
"GEN24_1109406","No",NA
"GEN24_1109408","Yes","I did not receive any information"
"GEN24_1109437","Yes","While in New Zealand"
"GEN24_1109445","No",NA
"GEN24_1109447","Yes","Before arriving in New Zealand"
"GEN24_1109463","Yes","I did not receive any information"
"GEN24_1109483","No",NA
"GEN24_1109489","No",NA
"GEN24_1109493","Yes","I did not receive any information"
"GEN24_1109502","Yes","I did not receive any information"
"GEN24_1109503","No",NA
"GEN24_1109505","Yes","I did not receive any information"
"GEN24_1109506","No",NA
"GEN24_1109508","Yes","I did not receive any information"
"GEN24_1109511","No",NA
"GEN24_1109517","No",NA
"GEN24_1109560","Yes","I did not receive any information"
"GEN24_1109569","No",NA
"GEN24_1109576","Yes","While in New Zealand"
"GEN24_1109585","Yes","Before arriving in New Zealand"
"GEN24_1109593","Yes","I did not receive any information"
"GEN24_1109595","No",NA
"GEN24_1109597","No",NA
"GEN24_1109606","Yes","While in New Zealand"
"GEN24_1109612","No",NA
"GEN24_1109622","No",NA
"GEN24_1109630","No",NA
"GEN24_1109640","Yes","Before arriving in New Zealand"
"GEN24_1109640","Yes","While in New Zealand"
"GEN24_1109646","No",NA
"GEN24_1109659","Yes","Before arriving in New Zealand"
"GEN24_1109662","No",NA
"GEN24_1109667","No",NA
"GEN24_1109676","Yes","Before arriving in New Zealand"
"GEN24_1109677","Yes","Before arriving in New Zealand"
"GEN24_1109690","No",NA
"GEN24_1109695","Yes","Before arriving in New Zealand"
"GEN24_1109695","Yes","While in New Zealand"
"GEN24_1109700","Yes","Before arriving in New Zealand"
"GEN24_1109702","No",NA
"GEN24_1109715","Yes","Before arriving in New Zealand"
"GEN24_1109719","No",NA
"GEN24_1109723","Yes","I did not receive any information"
"GEN24_1109737","Yes","Before arriving in New Zealand"
"GEN24_1109753","Yes","Before arriving in New Zealand"
"GEN24_1109769","Yes","Before arriving in New Zealand"
"GEN24_1109779","No",NA
"GEN24_1109785","Yes","Before arriving in New Zealand"
"GEN24_1109788","Yes","Before arriving in New Zealand"
"GEN24_1109794","Yes","I did not receive any information"
"GEN24_1109805","Yes","While in New Zealand"
"GEN24_1109821","No",NA
"GEN24_1109828","Yes","Before arriving in New Zealand"
"GEN24_1109843","Yes","Before arriving in New Zealand"
"GEN24_1109854","Yes","Before arriving in New Zealand"
"GEN24_1109859","No",NA
"GEN24_1109860","No",NA
"GEN24_1109868","No",NA
"GEN24_1109877","Yes","While in New Zealand"
"GEN24_1109879","Yes","Before arriving in New Zealand"
"GEN24_1109899","Yes","Before arriving in New Zealand"
"GEN24_1109899","Yes","While in New Zealand"
"GEN24_1109914","No",NA
"GEN24_1109919","Yes","I did not receive any information"
"GEN24_1109928","Yes","Before arriving in New Zealand"
"GEN24_1109935","Yes","I did not receive any information"
"GEN24_1109939","Yes","Before arriving in New Zealand"
"GEN24_1109940","Yes","Before arriving in New Zealand"
"GEN24_1109949","No",NA
"GEN24_1109960","Yes","Before arriving in New Zealand"
"GEN24_1110006","Yes","I did not receive any information"
"GEN24_1110008","Yes","I did not receive any information"
"GEN24_1110009","Yes","I did not receive any information"
"GEN24_1110015","No",NA
"GEN24_1110016","Yes","I did not receive any information"
"GEN24_1110018","Yes","I did not receive any information"
"GEN24_1110040","Yes","Before arriving in New Zealand"
"GEN24_1110040","Yes","While in New Zealand"
"GEN24_1110055","Yes","Before arriving in New Zealand"
"GEN24_1110055","Yes","While in New Zealand"
"GEN24_1110061","No",NA
"GEN24_1110069","No",NA
"GEN24_1110079","Yes","Before arriving in New Zealand"
"GEN24_1110098","No",NA
"GEN24_1110101","Yes","Before arriving in New Zealand"
"GEN24_1110128","No",NA
"GEN24_1110134","No",NA
"GEN24_1110135","Yes","Before arriving in New Zealand"
"GEN24_1110138","Yes","Before arriving in New Zealand"
"GEN24_1110185","No",NA
"GEN24_1110190","No",NA
"GEN24_1110197","Yes","I did not receive any information"
"GEN24_1110199","No",NA
"GEN24_1110202","Yes","Before arriving in New Zealand"
"GEN24_1110216","Yes","Before arriving in New Zealand"
"GEN24_1110217","Yes","I did not receive any information"
"GEN24_1110259","Yes","Before arriving in New Zealand"
"GEN24_1110269","No",NA
"GEN24_1110289","Yes","I did not receive any information"
"GEN24_1110297","Yes","Before arriving in New Zealand"
"GEN24_1110304","No",NA
"GEN24_1110311","Yes","Before arriving in New Zealand"
"GEN24_1110320","Yes","While in New Zealand"
"GEN24_1110328","Yes","Before arriving in New Zealand"
"GEN24_1110328","Yes","While in New Zealand"
"GEN24_1110363","Yes","I did not receive any information"
"GEN24_1110365","Yes","While in New Zealand"
"GEN24_1110374","No",NA
"GEN24_1110380","No",NA
"GEN24_1110383","Yes","I did not receive any information"
"GEN24_1110403","Yes","I did not receive any information"
"GEN24_1110421","No",NA
"GEN24_1110426","Yes","Before arriving in New Zealand"
"GEN24_1110437","Yes","I did not receive any information"
"GEN24_1110439","Yes","Before arriving in New Zealand"
"GEN24_1110441","Yes","While in New Zealand"
"GEN24_1110453","No",NA
"GEN24_1110458","No",NA
"GEN24_1110459","Yes","I did not receive any information"
"GEN24_1110464","No",NA
"GEN24_1110468","Yes","I did not receive any information"
"GEN24_1110497","Yes","I did not receive any information"
"GEN24_1110519","Yes","I did not receive any information"
"GEN24_1110520","No",NA
"GEN24_1110522","No",NA
"GEN24_1110524","Yes","I did not receive any information"
"GEN24_1110530","No",NA
"GEN24_1110543","Yes","I did not receive any information"
"GEN24_1110546","Yes","I did not receive any information"
"GEN24_1110568","No",NA
"GEN24_1110572","Yes","Before arriving in New Zealand"
"GEN24_1110581","No",NA
"GEN24_1110591","Yes","Before arriving in New Zealand"
"GEN24_1110592","Yes","While in New Zealand"
"GEN24_1110605","Yes","Before arriving in New Zealand"
"GEN24_1110609","No",NA
"GEN24_1110622","Yes","Before arriving in New Zealand"
"GEN24_1110635","No",NA
"GEN24_1110665","Yes","I did not receive any information"
"GEN24_1110674","Yes","I did not receive any information"
"GEN24_1110716","Yes","Before arriving in New Zealand"
"GEN24_1110718","Yes","I did not receive any information"
"GEN24_1110719","Yes","While in New Zealand"
"GEN24_1110742","Yes","Before arriving in New Zealand"
"GEN24_1110758","No",NA
"GEN24_1110759","No",NA
"GEN24_1110761","No",NA
"GEN24_1110763","No",NA
"GEN24_1110771","Yes","I did not receive any information"
"GEN24_1110772","Yes","I did not receive any information"
"GEN24_1110773","Yes","I did not receive any information"
"GEN24_1110775","Yes","Before arriving in New Zealand"
"GEN24_1110785","No",NA
"GEN24_1110815","Yes","I did not receive any information"
"GEN24_1110832","Yes","Before arriving in New Zealand"
"GEN24_1110841","Yes","Before arriving in New Zealand"
"GEN24_1110856","Yes","I did not receive any information"
"GEN24_1110864","Yes","I did not receive any information"
"GEN24_1110871","Yes","While in New Zealand"
"GEN24_1110873","Yes","I did not receive any information"
"GEN24_1110875","Yes","Before arriving in New Zealand"
"GEN24_1110875","Yes","While in New Zealand"
"GEN24_1110885","Yes","I did not receive any information"
"GEN24_1110906","Yes","I did not receive any information"
"GEN24_1110914","Yes","Before arriving in New Zealand"
"GEN24_1110922","Yes","Before arriving in New Zealand"
"GEN24_1110927","Yes","I did not receive any information"
"GEN24_1110940","No",NA
"GEN24_1110942","No",NA
"GEN24_1110949","Yes","I did not receive any information"
"GEN24_1110963","No",NA
"GEN24_1110992","Yes","Before arriving in New Zealand"
"GEN24_1110998","No",NA
"GEN24_1111053","No",NA
"GEN24_1111060","No",NA
"GEN24_1111075","Yes","Before arriving in New Zealand"
"GEN24_1111081","Yes","I did not receive any information"
"GEN24_1111087","No",NA
"GEN24_1111088","Yes","I did not receive any information"
"GEN24_1111091","Yes","While in New Zealand"
"GEN24_1111097","Yes","I did not receive any information"
"GEN24_1111106","Yes","Before arriving in New Zealand"
"GEN24_1111107","Yes","While in New Zealand"
"GEN24_1111121","No",NA
"GEN24_1111123","Yes","Before arriving in New Zealand"
"GEN24_1111123","Yes","While in New Zealand"
"GEN24_1111124","No",NA
"GEN24_1111128","Yes","Before arriving in New Zealand"
"GEN24_1111128","Yes","While in New Zealand"
"GEN24_1111150","Yes","Before arriving in New Zealand"
"GEN24_1111152","No",NA
"GEN24_1111155","Yes","I did not receive any information"
"GEN24_1111156","Yes","I did not receive any information"
"GEN24_1111157","No",NA
"GEN24_1111179","No",NA
"GEN24_1111182","Yes","Before arriving in New Zealand"
"GEN24_1111202","No",NA
"GEN24_1111218","No",NA
"GEN24_1111232","Yes","Before arriving in New Zealand"
"GEN24_1111240","Yes","I did not receive any information"
"GEN24_1111252","Yes","While in New Zealand"
"GEN24_1111260","Yes","I did not receive any information"
"GEN24_1111261","Yes","I did not receive any information"
"GEN24_1111281","Yes","Before arriving in New Zealand"
"GEN24_1111303","No",NA
"GEN24_1111331","Yes","I did not receive any information"
"GEN24_1111332","Yes","I did not receive any information"
"GEN24_1111338","Yes","I did not receive any information"
"GEN24_1111341","Yes","I did not receive any information"
"GEN24_1111356","Yes","I did not receive any information"
"GEN24_1111368","Yes","Before arriving in New Zealand"
"GEN24_1111368","Yes","While in New Zealand"
"GEN24_1111369","Yes","Before arriving in New Zealand"
"GEN24_1111377","Yes","I did not receive any information"
"GEN24_1111392","Yes","I did not receive any information"
"GEN24_1111397","No",NA
"GEN24_1111399","No",NA
"GEN24_1111400","No",NA
"GEN24_1111415","Yes","I did not receive any information"
"GEN24_1111456","Yes","Before arriving in New Zealand"
"GEN24_1111466","No",NA
"GEN24_1111467","Yes","Before arriving in New Zealand"
"GEN24_1111467","Yes","While in New Zealand"
"GEN24_1111507","Yes","I did not receive any information"
"GEN24_1111520","No",NA
"GEN24_1111527","Yes","I did not receive any information"
"GEN24_1111528","No",NA
"GEN24_1111532","Yes","Before arriving in New Zealand"
"GEN24_1111536","Yes","I did not receive any information"
"GEN24_1111544","Yes","I did not receive any information"
"GEN24_1111556","Yes","I did not receive any information"
"GEN24_1111560","Yes","I did not receive any information"
"GEN24_1111575","No",NA
"GEN24_1111578","No",NA
"GEN24_1111608","Yes","Before arriving in New Zealand"
"GEN24_1111634","No",NA
"GEN24_1111640","No",NA
"GEN24_1111653","Yes","While in New Zealand"
"GEN24_1111662","Yes","While in New Zealand"
"GEN24_1111689","No",NA
"GEN24_1111695","Yes","Before arriving in New Zealand"
"GEN24_1111695","Yes","While in New Zealand"
"GEN24_1111699","No",NA
"GEN24_1111712","Yes","Before arriving in New Zealand"
"GEN24_1111712","Yes","While in New Zealand"
"GEN24_1111734","No",NA
"GEN24_1111736","No",NA
"GEN24_1111745","No",NA
"GEN24_1111751","No",NA
"GEN24_1111771","Yes","Before arriving in New Zealand"
"GEN24_1111771","Yes","While in New Zealand"
"GEN24_1111787","No",NA
"GEN24_1111801","No",NA
"GEN24_1111813","Yes","While in New Zealand"
"GEN24_1111818","No",NA
"GEN24_1111837","Yes","While in New Zealand"
"GEN24_1111883","Yes","Before arriving in New Zealand"
"GEN24_1111883","Yes","While in New Zealand"
"GEN24_1111886","Yes","While in New Zealand"
"GEN24_1111890","Yes","I did not receive any information"
"GEN24_1111917","No",NA
"GEN24_1111975","Yes","While in New Zealand"
"GEN24_1111995","Yes","While in New Zealand"
"GEN24_1111996","No",NA
"GEN24_1111999","Yes","I did not receive any information"
"GEN24_1112003","Yes","I did not receive any information"
"GEN24_1112012","Yes","Before arriving in New Zealand"
"GEN24_1112014","Yes","Before arriving in New Zealand"
"GEN24_1112015","No",NA
"GEN24_1112026","Yes","I did not receive any information"
"GEN24_1112027","Yes","I did not receive any information"
"GEN24_1112032","No",NA
"GEN24_1112048","Yes","Before arriving in New Zealand"
"GEN24_1112051","No",NA
"GEN24_1112091","No",NA
"GEN24_1112100","Yes","I did not receive any information"
"GEN24_1112102","Yes","While in New Zealand"
"GEN24_1112108","Yes","Before arriving in New Zealand"
"GEN24_1112133","No",NA
"GEN24_1112141","Yes","I did not receive any information"
"GEN24_1112142","Yes","Before arriving in New Zealand"
"GEN24_1112163","No",NA
"GEN24_1112174","No",NA
"GEN24_1112194","No",NA
"GEN24_1112205","Yes","Before arriving in New Zealand"
"GEN24_1112215","No",NA
"GEN24_1112220","No",NA
"GEN24_1112231","Yes","While in New Zealand"
"GEN24_1112235","Yes","While in New Zealand"
"GEN24_1112242","Yes","While in New Zealand"
"GEN24_1112243","Yes","Before arriving in New Zealand"
"GEN24_1112255","No",NA
"GEN24_1112265","No",NA
"GEN24_1112275","Yes","I did not receive any information"
"GEN24_1112276","Yes","Before arriving in New Zealand"
"GEN24_1112279","Yes","I did not receive any information"
"GEN24_1112282","Yes","Before arriving in New Zealand"
"GEN24_1112282","Yes","While in New Zealand"
"GEN24_1112297","Yes","Before arriving in New Zealand"
"GEN24_1112303","Yes","I did not receive any information"
"GEN24_1112331","Yes","I did not receive any information"
"GEN24_1112366","Yes","I did not receive any information"
"GEN24_1112370","No",NA
"GEN24_1112376","Yes","While in New Zealand"
"GEN24_1112389","Yes","Before arriving in New Zealand"
"GEN24_1112427","No",NA
"GEN24_1112436","Yes","Before arriving in New Zealand"
"GEN24_1112456","Yes","Before arriving in New Zealand"
"GEN24_1112456","Yes","While in New Zealand"
"GEN24_1112464","Yes","Before arriving in New Zealand"
"GEN24_1112478","Yes","Before arriving in New Zealand"
"GEN24_1112486","Yes","While in New Zealand"
"GEN24_1112489","Yes","While in New Zealand"
"GEN24_1112497","Yes","Before arriving in New Zealand"
"GEN24_1112508","Yes","While in New Zealand"
"GEN24_1112527","Yes","I did not receive any information"
"GEN24_1112550","Yes","I did not receive any information"
"GEN24_1112552","Yes","While in New Zealand"
"GEN24_1112586","Yes","I did not receive any information"
"GEN24_1112601","No",NA
"GEN24_1112609","No",NA
"GEN24_1112610","Yes","I did not receive any information"
"GEN24_1112617","Yes","While in New Zealand"
"GEN24_1112621","No",NA
"GEN24_1112622","Yes","I did not receive any information"
"GEN24_1112628","Yes","Before arriving in New Zealand"
"GEN24_1112628","Yes","While in New Zealand"
"GEN24_1112663","Yes","I did not receive any information"
"GEN24_1112670","Yes","I did not receive any information"
"GEN24_1112683","Yes","I did not receive any information"
"GEN24_1112684","No",NA
"GEN24_1112690","No",NA
"GEN24_1112709","Yes","I did not receive any information"
"GEN24_1112714","Yes","Before arriving in New Zealand"
"GEN24_1112716","Yes","Before arriving in New Zealand"
"GEN24_1112716","Yes","While in New Zealand"
"GEN24_1112734","No",NA
"GEN24_1112745","No",NA
"GEN24_1112750","No",NA
"GEN24_1112755","No",NA
"GEN24_1112774","Yes","While in New Zealand"
"GEN24_1112783","Yes","Before arriving in New Zealand"
"GEN24_1112805","Yes","Before arriving in New Zealand"
"GEN24_1112807","Yes","Before arriving in New Zealand"
"GEN24_1112811","No",NA
"GEN24_1112817","Yes","Before arriving in New Zealand"
"GEN24_1112846","No",NA
"GEN24_1112850","No",NA
"GEN24_1112855","Yes","Before arriving in New Zealand"
"GEN24_1112867","No",NA
"GEN24_1112878","Yes","Before arriving in New Zealand"
"GEN24_1112879","No",NA
"GEN24_1112882","Yes","Before arriving in New Zealand"
"GEN24_1112887","No",NA
"GEN24_1112890","No",NA
"GEN24_1112895","No",NA
"GEN24_1112899","Yes","Before arriving in New Zealand"
"GEN24_1112901","No",NA
"GEN24_1112904","Yes","Before arriving in New Zealand"
"GEN24_1112904","Yes","While in New Zealand"
"GEN24_1112913","No",NA
"GEN24_1112914","No",NA
"GEN24_1112915","Yes","Before arriving in New Zealand"
"GEN24_1112935","Yes","I did not receive any information"
"GEN24_1112940","No",NA
"GEN24_1112944","Yes","Before arriving in New Zealand"
"GEN24_1112945","Yes","Before arriving in New Zealand"
"GEN24_1112950","No",NA
"GEN24_1112970","Yes","Before arriving in New Zealand"
"GEN24_1113011","Yes","While in New Zealand"
"GEN24_1113013","Yes","I did not receive any information"
"GEN24_1113019","Yes","Before arriving in New Zealand"
"GEN24_1113022","No",NA
"GEN24_1113033","No",NA
"GEN24_1113035","Yes","I did not receive any information"
"GEN24_1113037","Yes","Before arriving in New Zealand"
"GEN24_1113037","Yes","While in New Zealand"
"GEN24_1113049","Yes","Before arriving in New Zealand"
"GEN24_1113054","Yes","Before arriving in New Zealand"
"GEN24_1113067","No",NA
"GEN24_1113071","No",NA
"GEN24_1113083","Yes","Before arriving in New Zealand"
"GEN24_1113089","Yes","I did not receive any information"
"GEN24_1113116","No",NA
"GEN24_1113143","Yes","Before arriving in New Zealand"
"GEN24_1113143","Yes","While in New Zealand"
"GEN24_1113146","Yes","Before arriving in New Zealand"
"GEN24_1113146","Yes","While in New Zealand"
"GEN24_1113148","Yes","Before arriving in New Zealand"
"GEN24_1113172","Yes","Before arriving in New Zealand"
"GEN24_1113175","No",NA
"GEN24_1113187","Yes","I did not receive any information"
"GEN24_1113195","Yes","While in New Zealand"
"GEN24_1113202","No",NA
"GEN24_1113213","Yes","I did not receive any information"
"GEN24_1113242","Yes","While in New Zealand"
"GEN24_1113245","Yes","Before arriving in New Zealand"
"GEN24_1113246","No",NA
"GEN24_1113256","Yes","While in New Zealand"
"GEN24_1113258","Yes","I did not receive any information"
"GEN24_1113261","No",NA
"GEN24_1113297","No",NA
"GEN24_1113328","Yes","Before arriving in New Zealand"
"GEN24_1113334","Yes","I did not receive any information"
"GEN24_1113360","No",NA
"GEN24_1113362","No",NA
"GEN24_1113369","Yes","I did not receive any information"
"GEN24_1113375","Yes","I did not receive any information"
"GEN24_1113377","No",NA
"GEN24_1113387","No",NA
"GEN24_1113389","Yes","While in New Zealand"
"GEN24_1113396","Yes","I did not receive any information"
"GEN24_1113410","Yes","I did not receive any information"
"GEN24_1113412","Yes","Before arriving in New Zealand"
"GEN24_1113417","No",NA
"GEN24_1113425","No",NA
"GEN24_1113432","No",NA
"GEN24_1113433","Yes","While in New Zealand"
"GEN24_1113446","No",NA
"GEN24_1113462","Yes","I did not receive any information"
"GEN24_1113474","Yes","Before arriving in New Zealand"
"GEN24_1113477","No",NA
"GEN24_1113480","Yes","Before arriving in New Zealand"
"GEN24_1113483","Yes","I did not receive any information"
"GEN24_1113487","No",NA
"GEN24_1113491","No",NA
"GEN24_1113512","Yes","While in New Zealand"
"GEN24_1113515","No",NA
"GEN24_1113516","Yes","I did not receive any information"
"GEN24_1113520","Yes","I did not receive any information"
"GEN24_1113528","Yes","Before arriving in New Zealand"
"GEN24_1113528","Yes","While in New Zealand"
"GEN24_1113543","Yes","I did not receive any information"
"GEN24_1113547","Yes","Before arriving in New Zealand"
"GEN24_1113558","No",NA
"GEN24_1113573","No",NA
"GEN24_1113576","Yes","While in New Zealand"
"GEN24_1113577","No",NA
"GEN24_1113591","Yes","Before arriving in New Zealand"
"GEN24_1113594","Yes","Before arriving in New Zealand"
"GEN24_1113603","Yes","Before arriving in New Zealand"
"GEN24_1113606","Yes","I did not receive any information"
"GEN24_1113614","Yes","I did not receive any information"
"GEN24_1113616","No",NA
"GEN24_1113621","Yes","Before arriving in New Zealand"
"GEN24_1113629","Yes","Before arriving in New Zealand"
"GEN24_1113635","Yes","I did not receive any information"
"GEN24_1113649","Yes","Before arriving in New Zealand"
"GEN24_1113650","Yes","I did not receive any information"
"GEN24_1113671","No",NA
"GEN24_1113693","Yes","I did not receive any information"
"GEN24_1113695","No",NA
"GEN24_1113696","Yes","While in New Zealand"
"GEN24_1113713","Yes","Before arriving in New Zealand"
"GEN24_1113726","Yes","While in New Zealand"
"GEN24_1113727","No",NA
"GEN24_1113731","Yes","Before arriving in New Zealand"
"GEN24_1113734","Yes","Before arriving in New Zealand"
"GEN24_1113737","Yes","Before arriving in New Zealand"
"GEN24_1113737","Yes","While in New Zealand"
"GEN24_1113771","Yes","While in New Zealand"
"GEN24_1113774","Yes","While in New Zealand"
"GEN24_1113781","Yes","I did not receive any information"
"GEN24_1113792","No",NA
"GEN24_1113794","No",NA
"GEN24_1113855","Yes","Before arriving in New Zealand"
"GEN24_1113866","Yes","Before arriving in New Zealand"
"GEN24_1113878","Yes","I did not receive any information"
"GEN24_1113898","Yes","Before arriving in New Zealand"
"GEN24_1113898","Yes","While in New Zealand"
"GEN24_1113938","Yes","I did not receive any information"
"GEN24_1113942","Yes","Before arriving in New Zealand"
"GEN24_1113942","Yes","While in New Zealand"
"GEN24_1113944","Yes","I did not receive any information"
"GEN24_1113957","Yes","I did not receive any information"
"GEN24_1113969","Yes","While in New Zealand"
"GEN24_1113981","No",NA
"GEN24_1113983","No",NA
"GEN24_1114000","No",NA
"GEN24_1114003","Yes","I did not receive any information"
"GEN24_1114013","Yes","Before arriving in New Zealand"
"GEN24_1114013","Yes","While in New Zealand"
"GEN24_1114015","Yes","While in New Zealand"
"GEN24_1114019","No",NA
"GEN24_1114028","No",NA
"GEN24_1114039","Yes","I did not receive any information"
"GEN24_1114043","Yes","While in New Zealand"
"GEN24_1114053","No",NA
"GEN24_1114057","No",NA
"GEN24_1114063","Yes","Before arriving in New Zealand"
"GEN24_1114063","Yes","While in New Zealand"
"GEN24_1114066","Yes","Before arriving in New Zealand"
"GEN24_1114068","Yes","I did not receive any information"
"GEN24_1114075","Yes","Before arriving in New Zealand"
"GEN24_1114081","Yes","While in New Zealand"
"GEN24_1114113","No",NA
"GEN24_1114120","Yes","I did not receive any information"
"GEN24_1114138","No",NA
"GEN24_1114141","Yes","While in New Zealand"
"GEN24_1114165","Yes","I did not receive any information"
"GEN24_1114166","No",NA
"GEN24_1114167","No",NA
"GEN24_1114190","Yes","Before arriving in New Zealand"
"GEN24_1114206","Yes","While in New Zealand"
"GEN24_1114225","No",NA
"GEN24_1114270","Yes","I did not receive any information"
"GEN24_1114271","Yes","Before arriving in New Zealand"
"GEN24_1114273","Yes","Before arriving in New Zealand"
"GEN24_1114283","Yes","Before arriving in New Zealand"
"GEN24_1114283","Yes","While in New Zealand"
"GEN24_1114297","Yes","I did not receive any information"
"GEN24_1114302","Yes","Before arriving in New Zealand"
"GEN24_20002","Yes","While in New Zealand"
"GEN24_20011","Yes","I did not receive any information"
"GEN24_20024","No",NA
"GEN24_20031","No",NA
"GEN24_20053","Yes","I did not receive any information"
"GEN24_20058","Yes","I did not receive any information"
"GEN24_20060","No",NA
"GEN24_20061","No",NA
"GEN24_20078","No",NA
"GEN24_20081","Yes","I did not receive any information"
"GEN24_20097","Yes","Before arriving in New Zealand"
"GEN24_20097","Yes","While in New Zealand"
"GEN24_20100","No",NA
"GEN24_20101","Yes","I did not receive any information"
"GEN24_20120","Yes","I did not receive any information"
"GEN24_20125","No",NA
"GEN24_20132","No",NA
"GEN24_20139","Yes","Before arriving in New Zealand"
"GEN24_20150","No",NA
"GEN24_20160","No",NA
"GEN24_20170","No",NA
"GEN24_20179","Yes","Before arriving in New Zealand"
"GEN24_20198","Yes","While in New Zealand"
"GEN24_20205","Yes","I did not receive any information"
"GEN24_20209","Yes","While in New Zealand"
"GEN24_20214","No",NA
"GEN24_20219","Yes","I did not receive any information"
"GEN24_20223","Yes","I did not receive any information"
"GEN24_20225","Yes","I did not receive any information"
"GEN24_20228","Yes","I did not receive any information"
"GEN24_20239","Yes","I did not receive any information"
"GEN24_20240","No",NA
"GEN24_20248","Yes","I did not receive any information"
"GEN24_20259","Yes","I did not receive any information"
"GEN24_20272","No",NA
"GEN24_20273","No",NA
"GEN24_20285","No",NA
"GEN24_20302","Yes","Before arriving in New Zealand"
"GEN24_20307","No",NA
"GEN24_20316","Yes","I did not receive any information"
"GEN24_20324","Yes","I did not receive any information"
"GEN24_20327","No",NA
"GEN24_20328","Yes","Before arriving in New Zealand"
"GEN24_20333","Yes","While in New Zealand"
"GEN24_20340","Yes","I did not receive any information"
"GEN24_20341","No",NA
"GEN24_20343","Yes","I did not receive any information"
"GEN24_20347","No",NA
"GEN24_20354","No",NA
"GEN24_20356","Yes","Before arriving in New Zealand"
"GEN24_20364","Yes","I did not receive any information"
"GEN24_20379","Yes","I did not receive any information"
"GEN24_20387","No",NA
"GEN24_20390","No",NA
"GEN24_20397","Yes","I did not receive any information"
"GEN24_20399","No",NA
"GEN24_20414","Yes","I did not receive any information"
"GEN24_20415","Yes","I did not receive any information"
"GEN24_20423","Yes","I did not receive any information"
"GEN24_20428","Yes","I did not receive any information"
"GEN24_20435","No",NA
"GEN24_20443","Yes","I did not receive any information"
"GEN24_20457","Yes","Before arriving in New Zealand"
"GEN24_20460","Yes","I did not receive any information"
"GEN24_20465","Yes","I did not receive any information"
"GEN24_20468","Yes","I did not receive any information"
"GEN24_20470","Yes","Before arriving in New Zealand"
"GEN24_20470","Yes","While in New Zealand"
"GEN24_20477","Yes","Before arriving in New Zealand"
"GEN24_20480","Yes","Before arriving in New Zealand"
"GEN24_20485","No",NA
"GEN24_20486","Yes","I did not receive any information"
"GEN24_20487","Yes","I did not receive any information"
"GEN24_20488","Yes","I did not receive any information"
"GEN24_20493","Yes","Before arriving in New Zealand"
"GEN24_20509","No",NA
"GEN24_20510","No",NA
"GEN24_20519","Yes","I did not receive any information"
"GEN24_20533","Yes","I did not receive any information"
"GEN24_20539","Yes","I did not receive any information"
"GEN24_20545","Yes","I did not receive any information"
"GEN24_20546","Yes","Before arriving in New Zealand"
"GEN24_20558","No",NA
"GEN24_20571","Yes","I did not receive any information"
"GEN24_20574","Yes","Before arriving in New Zealand"
"GEN24_20585","Yes","I did not receive any information"
"GEN24_20586","Yes","Before arriving in New Zealand"
"GEN24_20586","Yes","While in New Zealand"
"GEN24_20592","Yes","I did not receive any information"
"GEN24_20600","Yes","I did not receive any information"
"GEN24_20616","No",NA
"GEN24_20617","Yes","Before arriving in New Zealand"
"GEN24_20618","No",NA
"GEN24_20632","Yes","I did not receive any information"
"GEN24_20659","Yes","Before arriving in New Zealand"
"GEN24_20660","Yes","Before arriving in New Zealand"
"GEN24_20693","Yes","I did not receive any information"
"GEN24_20698","Yes","Before arriving in New Zealand"
"GEN24_20707","Yes","While in New Zealand"
"GEN24_20713","No",NA
"GEN24_20715","No",NA
"GEN24_20718","No",NA
"GEN24_20721","No",NA
"GEN24_20722","Yes","While in New Zealand"
"GEN24_20724","Yes","While in New Zealand"
"GEN24_20727","Yes","I did not receive any information"
"GEN24_20729","Yes","I did not receive any information"
"GEN24_20731","Yes","I did not receive any information"
"GEN24_20733","Yes","I did not receive any information"
"GEN24_20740","Yes","I did not receive any information"
"GEN24_20742","Yes","I did not receive any information"
"GEN24_20769","Yes","I did not receive any information"
"GEN24_20771","Yes","While in New Zealand"
"GEN24_20779","No",NA
"GEN24_20782","Yes","Before arriving in New Zealand"
"GEN24_20799","No",NA
"GEN24_20817","No",NA
"GEN24_20824","Yes","I did not receive any information"
"GEN24_20827","Yes","While in New Zealand"
"GEN24_20833","No",NA
"GEN24_20852","Yes","Before arriving in New Zealand"
"GEN24_20876","No",NA
"GEN24_20877","Yes","While in New Zealand"
"GEN24_20883","No",NA
"GEN24_20884","Yes","I did not receive any information"
"GEN24_20904","No",NA
"GEN24_20973","Yes","I did not receive any information"
"GEN24_20974","Yes","Before arriving in New Zealand"
"GEN24_20985","Yes","I did not receive any information"
"GEN24_20992","Yes","I did not receive any information"
"GEN24_20994","No",NA
"GEN24_21142","Yes","Before arriving in New Zealand"
"GEN24_21418","Yes","While in New Zealand"
"GEN24_21636","Yes","While in New Zealand"
"GEN24_21665","No",NA
"GEN24_21694","Yes","Before arriving in New Zealand"
"GEN24_21765","No",NA
"GEN24_21880","Yes","While in New Zealand"
"GEN24_22070","Yes","Before arriving in New Zealand"
"GEN24_22076","No",NA
"GEN24_22084","Yes","I did not receive any information"
"GEN24_22094","No",NA
"GEN24_22101","No",NA
"GEN24_22113","Yes","I did not receive any information"
"GEN24_22114","Yes","I did not receive any information"
"GEN24_22120","Yes","I did not receive any information"
"GEN24_22131","Yes","Before arriving in New Zealand"
"GEN24_22131","Yes","While in New Zealand"
"GEN24_22134","No",NA
"GEN24_22166","Yes","Before arriving in New Zealand"
"GEN24_22166","Yes","While in New Zealand"
"GEN24_22173","Yes","Before arriving in New Zealand"
"GEN24_22182","Yes","I did not receive any information"
"GEN24_22183","Yes","I did not receive any information"
"GEN24_22193","Yes","Before arriving in New Zealand"
"GEN24_22202","Yes","While in New Zealand"
"GEN24_22203","Yes","I did not receive any information"
"GEN24_22210","Yes","Before arriving in New Zealand"
"GEN24_22213","No",NA
"GEN24_22223","Yes","I did not receive any information"
"GEN24_22225","No",NA
"GEN24_22262","Yes","While in New Zealand"
"GEN24_22282","Yes","I did not receive any information"
"GEN24_22298","No",NA
"GEN24_22326","No",NA
"GEN24_22333","No",NA
"GEN24_22335","Yes","I did not receive any information"
"GEN24_22346","Yes","I did not receive any information"
"GEN24_22348","Yes","Before arriving in New Zealand"
"GEN24_22364","No",NA
"GEN24_22366","Yes","Before arriving in New Zealand"
"GEN24_22376","No",NA
"GEN24_22406","Yes","While in New Zealand"
"GEN24_22430","No",NA
"GEN24_22444","Yes","I did not receive any information"
"GEN24_22474","No",NA
"GEN24_22496","Yes","I did not receive any information"
"GEN24_22503","Yes","I did not receive any information"
"GEN24_22507","Yes","Before arriving in New Zealand"
"GEN24_22516","Yes","Before arriving in New Zealand"
"GEN24_22523","Yes","I did not receive any information"
"GEN24_22526","Yes","While in New Zealand"
"GEN24_22538","Yes","While in New Zealand"
"GEN24_22547","Yes","While in New Zealand"
"GEN24_22550","Yes","Before arriving in New Zealand"
"GEN24_22556","Yes","While in New Zealand"
"GEN24_22563","Yes","While in New Zealand"
"GEN24_22574","No",NA
"GEN24_22590","Yes","I did not receive any information"
"GEN24_22595","Yes","I did not receive any information"
"GEN24_22607","Yes","I did not receive any information"
"GEN24_22615","Yes","I did not receive any information"
"GEN24_22625","Yes","Before arriving in New Zealand"
"GEN24_22630","Yes","Before arriving in New Zealand"
"GEN24_22630","Yes","While in New Zealand"
"GEN24_22663","Yes","While in New Zealand"
"GEN24_22665","Yes","While in New Zealand"
"GEN24_22680","No",NA
"GEN24_22698","Yes","I did not receive any information"
"GEN24_22711","Yes","Before arriving in New Zealand"
"GEN24_22711","Yes","While in New Zealand"
"GEN24_22734","Yes","I did not receive any information"
"GEN24_22741","Yes","Before arriving in New Zealand"
"GEN24_22749","Yes","I did not receive any information"
"GEN24_22757","Yes","I did not receive any information"
"GEN24_22767","Yes","I did not receive any information"
"GEN24_22770","Yes","While in New Zealand"
"GEN24_22776","No",NA
"GEN24_22813","Yes","I did not receive any information"
"GEN24_22823","Yes","While in New Zealand"
"GEN24_22873","Yes","I did not receive any information"
"GEN24_22895","Yes","I did not receive any information"
"GEN24_22914","Can’t remember",NA
"GEN24_22926","Yes","Before arriving in New Zealand"
"GEN24_22931","No",NA
"GEN24_22954","Yes","I did not receive any information"
"GEN24_22963","Yes","I did not receive any information"
"GEN24_22970","No",NA
"GEN24_22981","Yes","Before arriving in New Zealand"
"GEN24_22987","Yes","While in New Zealand"
"GEN24_23005","Yes","I did not receive any information"
"GEN24_23023","No",NA
"GEN24_23029","Yes","I did not receive any information"
"GEN24_23033","Yes","I did not receive any information"
"GEN24_23035","No",NA
"GEN24_23045","Yes","I did not receive any information"
"GEN24_23061","Yes","I did not receive any information"
"GEN24_23069","Yes","I did not receive any information"
"GEN24_23084","Yes","Before arriving in New Zealand"
"GEN24_23084","Yes","While in New Zealand"
"GEN24_23102","Yes","Before arriving in New Zealand"
"GEN24_23102","Yes","While in New Zealand"
"GEN24_23107","Yes","Before arriving in New Zealand"
"GEN24_23109","Yes","I did not receive any information"
"GEN24_23135","No",NA
"GEN24_23152","Yes","I did not receive any information"
"GEN24_23170","No",NA
"GEN24_23192","Yes","Before arriving in New Zealand"
"GEN24_23213","Yes","Before arriving in New Zealand"
"GEN24_23213","Yes","While in New Zealand"
"GEN24_23227","Yes","I did not receive any information"
"GEN24_23231","No",NA
"GEN24_23240","Yes","While in New Zealand"
"GEN24_23246","Yes","While in New Zealand"
"GEN24_23249","Yes","Before arriving in New Zealand"
"GEN24_23250","Yes","I did not receive any information"
"GEN24_23251","Yes","I did not receive any information"
"GEN24_23253","No",NA
"GEN24_23254","No",NA
"GEN24_23257","Yes","I did not receive any information"
"GEN24_23260","Yes","Before arriving in New Zealand"
"GEN24_23272","Yes","I did not receive any information"
"GEN24_23273","Yes","Before arriving in New Zealand"
"GEN24_23274","Yes","Before arriving in New Zealand"
"GEN24_23275","Yes","While in New Zealand"
"GEN24_23277","Yes","Before arriving in New Zealand"
"GEN24_23278","Yes","I did not receive any information"
"GEN24_23283","Yes","Before arriving in New Zealand"
"GEN24_23284","No",NA
"GEN24_23286","Yes","I did not receive any information"
"GEN24_23291","No",NA
"GEN24_23298","Yes","Before arriving in New Zealand"
"GEN24_23298","Yes","While in New Zealand"
"GEN24_23309","No",NA
"GEN24_23311","Yes","Before arriving in New Zealand"
"GEN24_23311","Yes","While in New Zealand"
"GEN24_23326","No",NA
"GEN24_23327","Yes","Before arriving in New Zealand"
"GEN24_23336","No",NA
"GEN24_23337","Yes","While in New Zealand"
"GEN24_23365","No",NA
"GEN24_23374","Yes","I did not receive any information"
"GEN24_23385","No",NA
"GEN24_23397","No",NA
"GEN24_23402","Yes","Before arriving in New Zealand"
"GEN24_23404","No",NA
"GEN24_23417","Yes","I did not receive any information"
"GEN24_23420","Yes","While in New Zealand"
"GEN24_23470","Yes","I did not receive any information"
"GEN24_23473","No",NA
"GEN24_23488","No",NA
"GEN24_23491","No",NA
"GEN24_23509","Yes","I did not receive any information"
"GEN24_23531","No",NA
"GEN24_23532","No",NA
"GEN24_23536","No",NA
"GEN24_23541","Yes","I did not receive any information"
"GEN24_23543","No",NA
"GEN24_23544","Yes","I did not receive any information"
"GEN24_23545","No",NA
"GEN24_23550","Yes","I did not receive any information"
"GEN24_23551","No",NA
"GEN24_23561","No",NA
"GEN24_23566","Yes","I did not receive any information"
"GEN24_23568","Yes","Before arriving in New Zealand"
"GEN24_23571","Yes","I did not receive any information"
"GEN24_23574","Yes","I did not receive any information"
"GEN24_23575","No",NA
"GEN24_23581","No",NA
"GEN24_23582","Yes","Before arriving in New Zealand"
"GEN24_23582","Yes","While in New Zealand"
"GEN24_23586","Yes","I did not receive any information"
"GEN24_23587","Yes","I did not receive any information"
"GEN24_23591","Yes","While in New Zealand"
"GEN24_23593","Yes","I did not receive any information"
"GEN24_23596","Yes","I did not receive any information"
"GEN24_23600","Yes","I did not receive any information"
"GEN24_23601","Yes","While in New Zealand"
"GEN24_23602","Yes","I did not receive any information"
"GEN24_23603","Yes","I did not receive any information"
"GEN24_23606","Yes","Before arriving in New Zealand"
"GEN24_23607","No",NA
"GEN24_23611","No",NA
"GEN24_23616","Yes","I did not receive any information"
"GEN24_23618","Yes","Before arriving in New Zealand"
"GEN24_23619","Yes","Before arriving in New Zealand"
"GEN24_23622","No",NA
"GEN24_23623","Yes","Before arriving in New Zealand"
"GEN24_23624","Yes","Before arriving in New Zealand"
"GEN24_23626","Yes","I did not receive any information"
"GEN24_23632","Yes","Before arriving in New Zealand"
"GEN24_23660","Yes","Before arriving in New Zealand"
"GEN24_23661","Yes","While in New Zealand"
"GEN24_23665","Yes","I did not receive any information"
"GEN24_23676","Yes","I did not receive any information"
"GEN24_23679","Yes","While in New Zealand"
"GEN24_23689","No",NA
"GEN24_23695","Yes","I did not receive any information"
"GEN24_23700","Yes","I did not receive any information"
"GEN24_23704","Yes","I did not receive any information"
"GEN24_23708","Yes","I did not receive any information"
"GEN24_23712","Yes","I did not receive any information"
"GEN24_23716","Yes","I did not receive any information"
"GEN24_23720","Yes","I did not receive any information"
"GEN24_23721","No",NA
"GEN24_23728","No",NA
"GEN24_23729","No",NA
"GEN24_23731","Yes","I did not receive any information"
"GEN24_23782","No",NA
"GEN24_23787","No",NA
"GEN24_23792","Yes","While in New Zealand"
"GEN24_23795","Yes","Before arriving in New Zealand"
"GEN24_23798","No",NA
"GEN24_23815","No",NA
"GEN24_23816","No",NA
"GEN24_23818","No",NA
"GEN24_23827","No",NA
"GEN24_23832","No",NA
"GEN24_23863","No",NA
"GEN24_23886","Yes","Before arriving in New Zealand"
"GEN24_23886","Yes","While in New Zealand"
"GEN24_23892","Yes","I did not receive any information"
"GEN24_23902","Yes","While in New Zealand"
"GEN24_23908","No",NA
"GEN24_23987","Yes","I did not receive any information"
"GEN24_23991","Yes","I did not receive any information"
"GEN24_23997","Yes","Before arriving in New Zealand"
"GEN24_23997","Yes","While in New Zealand"
"GEN24_24001","Yes","I did not receive any information"
"GEN24_24002","Yes","While in New Zealand"
"GEN24_24005","Yes","While in New Zealand"
"GEN24_24007","Yes","Before arriving in New Zealand"
"GEN24_24007","Yes","While in New Zealand"
"GEN24_24008","Yes","Before arriving in New Zealand"
"GEN24_24009","No",NA
"GEN24_24013","Yes","I did not receive any information"
"GEN24_24015","Yes","Before arriving in New Zealand"
"GEN24_24018","Yes","I did not receive any information"
"GEN24_24019","No",NA
"GEN24_24029","No",NA
"GEN24_24032","Yes","I did not receive any information"
"GEN24_24040","No",NA
"GEN24_24042","Yes","I did not receive any information"
"GEN24_24044","Yes","I did not receive any information"
"GEN24_24050","Yes","I did not receive any information"
"GEN24_24051","Yes","While in New Zealand"
"GEN24_24053","No",NA
"GEN24_24054","Yes","While in New Zealand"
"GEN24_24056","Yes","I did not receive any information"
"GEN24_24058","Yes","Before arriving in New Zealand"
"GEN24_24058","Yes","While in New Zealand"
"GEN24_24059","No",NA
"GEN24_24061","No",NA
"GEN24_24063","No",NA
"GEN24_24064","No",NA
"GEN24_24067","No",NA
"GEN24_24070","Yes","I did not receive any information"
"GEN24_24073","Yes","Before arriving in New Zealand"
"GEN24_24074","Yes","I did not receive any information"
"GEN24_24086","Yes","While in New Zealand"
"GEN24_24088","No",NA
"GEN24_24094","Yes","Before arriving in New Zealand"
"GEN24_24094","Yes","While in New Zealand"
"GEN24_24095","Yes","I did not receive any information"
"GEN24_24100","No",NA
"GEN24_24101","Yes","Before arriving in New Zealand"
"GEN24_24115","No",NA
"GEN24_24126","Yes","Before arriving in New Zealand"
"GEN24_24131","Yes","While in New Zealand"
"GEN24_24139","Yes","I did not receive any information"
"GEN24_24150","Yes","I did not receive any information"
"GEN24_24151","Yes","Before arriving in New Zealand"
"GEN24_24176","No",NA
"GEN24_24189","Yes","Before arriving in New Zealand"
"GEN24_24197","No",NA
"GEN24_24208","Yes","I did not receive any information"
"GEN24_24212","Yes","I did not receive any information"
"GEN24_24213","Yes","Before arriving in New Zealand"
"GEN24_24214","Yes","I did not receive any information"
"GEN24_24234","Yes","I did not receive any information"
"GEN24_24237","Yes","Before arriving in New Zealand"
"GEN24_24244","Yes","I did not receive any information"
"GEN24_24245","Yes","Before arriving in New Zealand"
"GEN24_24245","Yes","While in New Zealand"
"GEN24_24251","Yes","While in New Zealand"
"GEN24_24255","Yes","I did not receive any information"
"GEN24_24275","Yes","I did not receive any information"
"GEN24_24284","No",NA
"GEN24_24288","Yes","I did not receive any information"
"GEN24_24290","Yes","While in New Zealand"
"GEN24_24295","Yes","I did not receive any information"
"GEN24_24297","Yes","While in New Zealand"
"GEN24_24301","Yes","I did not receive any information"
"GEN24_24302","Yes","Before arriving in New Zealand"
"GEN24_24302","Yes","While in New Zealand"
"GEN24_24310","Yes","Before arriving in New Zealand"
"GEN24_24310","Yes","While in New Zealand"
"GEN24_24315","Yes","I did not receive any information"
"GEN24_24318","Yes","I did not receive any information"
"GEN24_24330","Yes","Before arriving in New Zealand"
"GEN24_24330","Yes","While in New Zealand"
"GEN24_24335","Yes","I did not receive any information"
"GEN24_24363","Yes","I did not receive any information"
"GEN24_24376","Yes","While in New Zealand"
"GEN24_24378","Yes","Before arriving in New Zealand"
"GEN24_24381","Yes","While in New Zealand"
"GEN24_24409","Yes","Before arriving in New Zealand"
"GEN24_24409","Yes","While in New Zealand"
"GEN24_24413","No",NA
"GEN24_24419","Yes","Before arriving in New Zealand"
"GEN24_24421","Yes","Before arriving in New Zealand"
"GEN24_24421","Yes","While in New Zealand"
"GEN24_24422","Yes","Before arriving in New Zealand"
"GEN24_24422","Yes","While in New Zealand"
"GEN24_24424","Yes","I did not receive any information"
"GEN24_24430","No",NA
"GEN24_24432","Yes","I did not receive any information"
"GEN24_24436","Yes","Before arriving in New Zealand"
"GEN24_24438","No",NA
"GEN24_24444","Yes","Before arriving in New Zealand"
"GEN24_24445","Yes","Before arriving in New Zealand"
"GEN24_24452","No",NA
"GEN24_24453","Yes","While in New Zealand"
"GEN24_24454","Yes","I did not receive any information"
"GEN24_24458","Yes","Before arriving in New Zealand"
"GEN24_24466","Yes","Before arriving in New Zealand"
"GEN24_24466","Yes","While in New Zealand"
"GEN24_24468","Yes","Before arriving in New Zealand"
"GEN24_24472","Yes","While in New Zealand"
"GEN24_24476","Yes","Before arriving in New Zealand"
"GEN24_24480","No",NA
"GEN24_24481","Yes","Before arriving in New Zealand"
"GEN24_24481","Yes","While in New Zealand"
"GEN24_24482","No",NA
"GEN24_24484","Yes","While in New Zealand"
"GEN24_24485","Yes","While in New Zealand"
"GEN24_24489","Yes","Before arriving in New Zealand"
"GEN24_24504","Yes","Before arriving in New Zealand"
"GEN24_24509","Yes","I did not receive any information"
"GEN24_24512","No",NA
"GEN24_24527","No",NA
"GEN24_24542","Yes","I did not receive any information"
"GEN24_24606","Yes","I did not receive any information"
"GEN24_24629","Yes","Before arriving in New Zealand"
"GEN24_24630","Yes","I did not receive any information"
"GEN24_24631","No",NA
"GEN24_24633","Yes","I did not receive any information"
"GEN24_24639","Yes","I did not receive any information"
"GEN24_24640","Yes","Before arriving in New Zealand"
"GEN24_24641","Yes","I did not receive any information"
"GEN24_24643","No",NA
"GEN24_24647","No",NA
"GEN24_24649","Yes","I did not receive any information"
"GEN24_24653","Yes","I did not receive any information"
"GEN24_24656","No",NA
"GEN24_24661","Yes","I did not receive any information"
"GEN24_24748","Yes","Before arriving in New Zealand"
"GEN24_24762","Yes","Before arriving in New Zealand"
"GEN24_24762","Yes","While in New Zealand"
"GEN24_24767","Yes","Before arriving in New Zealand"
"GEN24_24794","Yes","Before arriving in New Zealand"
"GEN24_24797","Yes","I did not receive any information"
"GEN24_24801","Yes","While in New Zealand"
"GEN24_24803","Yes","I did not receive any information"
"GEN24_24804","No",NA
"GEN24_24811","No",NA
"GEN24_24813","Yes","I did not receive any information"
"GEN24_24814","No",NA
"GEN24_24822","Yes","Before arriving in New Zealand"
"GEN24_24824","Yes","I did not receive any information"
"GEN24_24825","No",NA
"GEN24_24827","Yes","While in New Zealand"
"GEN24_24828","Yes","While in New Zealand"
"GEN24_24850","Yes","Before arriving in New Zealand"
"GEN24_24853","No",NA
"GEN24_24859","Yes","Before arriving in New Zealand"
"GEN24_24860","Yes","While in New Zealand"
"GEN24_24864","Yes","While in New Zealand"
"GEN24_24866","No",NA
"GEN24_24867","Yes","Before arriving in New Zealand"
"GEN24_24867","Yes","While in New Zealand"
"GEN24_24870","Yes","Before arriving in New Zealand"
"GEN24_24873","Yes","Before arriving in New Zealand"
"GEN24_24873","Yes","While in New Zealand"
"GEN24_24878","No",NA
"GEN24_24883","No",NA
"GEN24_24887","Yes","I did not receive any information"
"GEN24_24891","Yes","I did not receive any information"
"GEN24_24896","No",NA
"GEN24_24897","Yes","I did not receive any information"
"GEN24_24898","Yes","While in New Zealand"
"GEN24_24900","Yes","I did not receive any information"
"GEN24_24901","Yes","Before arriving in New Zealand"
"GEN24_24903","No",NA
"GEN24_24908","Yes","I did not receive any information"
"GEN24_24913","No",NA
"GEN24_24938","No",NA
"GEN24_24941","Yes","While in New Zealand"
"GEN24_24945","Yes","I did not receive any information"
"GEN24_24947","Yes","Before arriving in New Zealand"
"GEN24_24951","Yes","I did not receive any information"
"GEN24_24964","Yes","Before arriving in New Zealand"
"GEN24_24976","Yes","Before arriving in New Zealand"
"GEN24_25002","No",NA
"GEN24_25030","No",NA
"GEN24_25040","Yes","While in New Zealand"
"GEN24_25046","Yes","I did not receive any information"
"GEN24_25067","No",NA
"GEN24_25076","Yes","Before arriving in New Zealand"
"GEN24_25092","Yes","I did not receive any information"
"GEN24_25095","Yes","While in New Zealand"
"GEN24_25097","Yes","Before arriving in New Zealand"
"GEN24_25110","Yes","I did not receive any information"
"GEN24_25112","Yes","I did not receive any information"
"GEN24_25113","Yes","Before arriving in New Zealand"
"GEN24_25113","Yes","While in New Zealand"
"GEN24_25121","Yes","I did not receive any information"
"GEN24_25123","Yes","I did not receive any information"
"GEN24_25131","Yes","Before arriving in New Zealand"
"GEN24_25140","Yes","Before arriving in New Zealand"
"GEN24_25144","Yes","I did not receive any information"
"GEN24_25169","Yes","I did not receive any information"
"GEN24_25181","No",NA
"GEN24_25185","Yes","I did not receive any information"
"GEN24_25199","Yes","Before arriving in New Zealand"
"GEN24_25205","Yes","I did not receive any information"
"GEN24_25207","No",NA
"GEN24_25210","Yes","I did not receive any information"
"GEN24_25220","Yes","While in New Zealand"
"GEN24_25235","Yes","I did not receive any information"
"GEN24_25241","Yes","I did not receive any information"
"GEN24_25247","Yes","I did not receive any information"
"GEN24_25259","Yes","Before arriving in New Zealand"
"GEN24_25262","Yes","Before arriving in New Zealand"
"GEN24_25269","Yes","Before arriving in New Zealand"
"GEN24_25276","No",NA
"GEN24_25289","Yes","Before arriving in New Zealand"
"GEN24_25297","Yes","Before arriving in New Zealand"
"GEN24_25297","Yes","While in New Zealand"
"GEN24_25304","Yes","I did not receive any information"
"GEN24_25305","Yes","Before arriving in New Zealand"
"GEN24_25318","Yes","I did not receive any information"
"GEN24_25325","Yes","Before arriving in New Zealand"
"GEN24_25325","Yes","While in New Zealand"
"GEN24_25333","No",NA
"GEN24_25357","Yes","I did not receive any information"
"GEN24_25358","Yes","Before arriving in New Zealand"
"GEN24_25367","Yes","Before arriving in New Zealand"
"GEN24_25372","Yes","Before arriving in New Zealand"
"GEN24_25374","Yes","I did not receive any information"
"GEN24_25383","Yes","Before arriving in New Zealand"
"GEN24_25390","Yes","I did not receive any information"
"GEN24_25394","Yes","Before arriving in New Zealand"
"GEN24_25395","Yes","While in New Zealand"
"GEN24_25405","Yes","Before arriving in New Zealand"
"GEN24_25408","Yes","Before arriving in New Zealand"
"GEN24_25412","Yes","I did not receive any information"
"GEN24_25420","No",NA
"GEN24_25436","No",NA
"GEN24_25439","Yes","Before arriving in New Zealand"
"GEN24_25441","Yes","I did not receive any information"
"GEN24_25451","Yes","I did not receive any information"
"GEN24_25469","Yes","I did not receive any information"
"GEN24_25484","Yes","Before arriving in New Zealand"
"GEN24_25523","Yes","Before arriving in New Zealand"
"GEN24_25538","No",NA
"GEN24_25542","Yes","Before arriving in New Zealand"
"GEN24_25558","No",NA
"GEN24_25567","Yes","Before arriving in New Zealand"
"GEN24_25610","Yes","Before arriving in New Zealand"
"GEN24_25614","No",NA
"GEN24_25631","Yes","I did not receive any information"
"GEN24_25637","Yes","I did not receive any information"
"GEN24_25654","Yes","While in New Zealand"
"GEN24_25659","Yes","I did not receive any information"
"GEN24_25666","Yes","I did not receive any information"
"GEN24_25686","Yes","Before arriving in New Zealand"
"GEN24_25696","Yes","I did not receive any information"
"GEN24_25710","Yes","Before arriving in New Zealand"
"GEN24_25742","Yes","I did not receive any information"
"GEN24_25764","Yes","While in New Zealand"
"GEN24_25770","Yes","I did not receive any information"
"GEN24_25779","Yes","I did not receive any information"
"GEN24_25780","No",NA
"GEN24_25782","Yes","I did not receive any information"
"GEN24_25784","Yes","I did not receive any information"
"GEN24_25795","Can’t remember",NA
"GEN24_25802","Yes","While in New Zealand"
"GEN24_25803","Yes","Before arriving in New Zealand"
"GEN24_25809","Can’t remember",NA
"GEN24_25811","Yes","Before arriving in New Zealand"
"GEN24_25827","No",NA
"GEN24_25834","Yes","While in New Zealand"
"GEN24_25835","Yes","Before arriving in New Zealand"
"GEN24_25836","No",NA
"GEN24_25840","Yes","Before arriving in New Zealand"
"GEN24_25854","Yes","Before arriving in New Zealand"
"GEN24_25863","Yes","I did not receive any information"
"GEN24_25865","No",NA
"GEN24_25868","Yes","Before arriving in New Zealand"
"GEN24_25882","Yes","I did not receive any information"
"GEN24_25891","Yes","I did not receive any information"
"GEN24_25896","No",NA
"GEN24_25925","Yes","While in New Zealand"
"GEN24_25940","Yes","Before arriving in New Zealand"
"GEN24_25942","Yes","While in New Zealand"
"GEN24_25949","Yes","I did not receive any information"
"GEN24_25956","Yes","While in New Zealand"
"GEN24_25961","Yes","I did not receive any information"
"GEN24_25986","Yes","Before arriving in New Zealand"
"GEN24_25997","No",NA
"GEN24_26036","Yes","Before arriving in New Zealand"
"GEN24_26037","No",NA
"GEN24_26038","Yes","While in New Zealand"
"GEN24_26040","Yes","Before arriving in New Zealand"
"GEN24_26043","Yes","While in New Zealand"
"GEN24_26049","Yes","I did not receive any information"
"GEN24_26060","No",NA
"GEN24_26061","Yes","While in New Zealand"
"GEN24_26070","Yes","Before arriving in New Zealand"
"GEN24_26080","Yes","I did not receive any information"
"GEN24_26092","No",NA
"GEN24_26094","Yes","I did not receive any information"
"GEN24_26097","Yes","Before arriving in New Zealand"
"GEN24_26097","Yes","While in New Zealand"
"GEN24_26104","Yes","I did not receive any information"
"GEN24_26113","Yes","Before arriving in New Zealand"
"GEN24_26113","Yes","While in New Zealand"
"GEN24_26118","Yes","I did not receive any information"
"GEN24_26119","Yes","Before arriving in New Zealand"
"GEN24_26136","No",NA
"GEN24_26163","Yes","I did not receive any information"
"GEN24_26193","No",NA
"GEN24_26196","Yes","Before arriving in New Zealand"
"GEN24_26204","Yes","I did not receive any information"
"GEN24_26219","Yes","While in New Zealand"
"GEN24_26220","Yes","While in New Zealand"
"GEN24_26225","Yes","While in New Zealand"
"GEN24_26228","Yes","Before arriving in New Zealand"
"GEN24_26243","Yes","I did not receive any information"
"GEN24_26255","Yes","Before arriving in New Zealand"
"GEN24_26256","Yes","Before arriving in New Zealand"
"GEN24_26272","Yes","Before arriving in New Zealand"
"GEN24_26285","Yes","Before arriving in New Zealand"
"GEN24_26311","Yes","While in New Zealand"
"GEN24_26327","Yes","While in New Zealand"
"GEN24_26336","Yes","Before arriving in New Zealand"
"GEN24_26347","Yes","Before arriving in New Zealand"
"GEN24_26388","Yes","Before arriving in New Zealand"
"GEN24_26390","No",NA
"GEN24_26401","Yes","I did not receive any information"
"GEN24_26406","Yes","Before arriving in New Zealand"
"GEN24_26406","Yes","While in New Zealand"
"GEN24_26418","Yes","Before arriving in New Zealand"
"GEN24_26436","Yes","I did not receive any information"
"GEN24_26446","No",NA
"GEN24_26450","Yes","While in New Zealand"
"GEN24_26453","Yes","While in New Zealand"
"GEN24_26456","Yes","While in New Zealand"
"GEN24_26457","Yes","I did not receive any information"
"GEN24_26477","Yes","Before arriving in New Zealand"
"GEN24_26484","No",NA
"GEN24_26492","No",NA
"GEN24_26502","No",NA
"GEN24_26503","Yes","I did not receive any information"
"GEN24_26504","Yes","Before arriving in New Zealand"
"GEN24_26506","Yes","I did not receive any information"
"GEN24_26507","Yes","Before arriving in New Zealand"
"GEN24_26508","Yes","While in New Zealand"
"GEN24_26519","No",NA
"GEN24_26531","Yes","While in New Zealand"
"GEN24_26551","No",NA
"GEN24_26552","No",NA
"GEN24_26559","No",NA
"GEN24_26569","Yes","Before arriving in New Zealand"
"GEN24_26580","Yes","I did not receive any information"
"GEN24_26581","Yes","I did not receive any information"
"GEN24_26588","No",NA
"GEN24_26590","Yes","Before arriving in New Zealand"
"GEN24_26604","No",NA
"GEN24_26609","No",NA
"GEN24_26627","Yes","Before arriving in New Zealand"
"GEN24_26634","Yes","I did not receive any information"
"GEN24_26639","Yes","Before arriving in New Zealand"
"GEN24_26650","No",NA
"GEN24_26658","Yes","Before arriving in New Zealand"
"GEN24_26660","Yes","I did not receive any information"
"GEN24_26663","No",NA
"GEN24_26703","No",NA
"GEN24_26711","Yes","I did not receive any information"
"GEN24_26719","Yes","While in New Zealand"
"GEN24_26728","Yes","I did not receive any information"
"GEN24_26733","Yes","Before arriving in New Zealand"
"GEN24_26733","Yes","While in New Zealand"
"GEN24_26743","No",NA
"GEN24_26757","Yes","I did not receive any information"
"GEN24_26771","Yes","Before arriving in New Zealand"
"GEN24_26782","Yes","I did not receive any information"
"GEN24_26806","Yes","I did not receive any information"
"GEN24_26810","Yes","I did not receive any information"
"GEN24_26813","No",NA
"GEN24_26817","No",NA
"GEN24_26826","Yes","I did not receive any information"
"GEN24_26829","No",NA
"GEN24_26831","Yes","While in New Zealand"
"GEN24_26836","Yes","While in New Zealand"
"GEN24_26841","Yes","I did not receive any information"
"GEN24_26842","Yes","I did not receive any information"
"GEN24_26852","Yes","I did not receive any information"
"GEN24_26854","Yes","I did not receive any information"
"GEN24_26858","No",NA
"GEN24_26867","Yes","I did not receive any information"
"GEN24_26885","Yes","I did not receive any information"
"GEN24_26887","Yes","While in New Zealand"
"GEN24_26891","Yes","I did not receive any information"
"GEN24_26902","Yes","Before arriving in New Zealand"
"GEN24_26902","Yes","While in New Zealand"
"GEN24_26906","Yes","Before arriving in New Zealand"
"GEN24_26924","No",NA
"GEN24_26931","No",NA
"GEN24_26946","No",NA
"GEN24_26961","Yes","While in New Zealand"
"GEN24_26970","Yes","I did not receive any information"
"GEN24_26973","Yes","I did not receive any information"
"GEN24_26975","Yes","While in New Zealand"
"GEN24_26979","Yes","Before arriving in New Zealand"
"GEN24_26979","Yes","While in New Zealand"
"GEN24_26983","Yes","Before arriving in New Zealand"
"GEN24_26984","Yes","Before arriving in New Zealand"
"GEN24_26984","Yes","While in New Zealand"
"GEN24_27000","Yes","Before arriving in New Zealand"
"GEN24_27007","Yes","While in New Zealand"
"GEN24_27013","No",NA
"GEN24_27015","No",NA
"GEN24_27024","No",NA
"GEN24_27025","Yes","Before arriving in New Zealand"
"GEN24_27027","Yes","I did not receive any information"
"GEN24_27034","Yes","Before arriving in New Zealand"
"GEN24_27034","Yes","While in New Zealand"
"GEN24_27035","Yes","While in New Zealand"
"GEN24_27039","No",NA
"GEN24_27042","Yes","I did not receive any information"
"GEN24_27043","Yes","I did not receive any information"
"GEN24_27053","Yes","While in New Zealand"
"GEN24_27056","Yes","Before arriving in New Zealand"
"GEN24_27060","Yes","Before arriving in New Zealand"
"GEN24_27081","Yes","I did not receive any information"
"GEN24_27087","No",NA
"GEN24_27110","Yes","Before arriving in New Zealand"
"GEN24_27111","No",NA
"GEN24_27131","Yes","I did not receive any information"
"GEN24_27136","No",NA
"GEN24_27140","Yes","Before arriving in New Zealand"
"GEN24_27147","Yes","I did not receive any information"
"GEN24_27158","No",NA
"GEN24_27159","No",NA
"GEN24_27162","Yes","While in New Zealand"
"GEN24_27168","Yes","Before arriving in New Zealand"
"GEN24_27169","Yes","While in New Zealand"
"GEN24_27173","No",NA
"GEN24_27175","Yes","While in New Zealand"
"GEN24_27186","No",NA
"GEN24_27191","No",NA
"GEN24_27192","Yes","I did not receive any information"
"GEN24_27194","Yes","I did not receive any information"
"GEN24_27195","Yes","Before arriving in New Zealand"
"GEN24_27206","Yes","While in New Zealand"
"GEN24_27207","Yes","Before arriving in New Zealand"
"GEN24_27218","Yes","Before arriving in New Zealand"
"GEN24_27236","Yes","Before arriving in New Zealand"
"GEN24_27240","Yes","While in New Zealand"
"GEN24_27243","No",NA
"GEN24_27260","Yes","Before arriving in New Zealand"
"GEN24_27260","Yes","While in New Zealand"
"GEN24_27279","Yes","I did not receive any information"
"GEN24_27280","No",NA
"GEN24_27282","Yes","I did not receive any information"
"GEN24_27284","Yes","I did not receive any information"
"GEN24_27292","No",NA
"GEN24_27295","No",NA
"GEN24_27297","Yes","I did not receive any information"
"GEN24_27314","Yes","Before arriving in New Zealand"
"GEN24_27315","Yes","Before arriving in New Zealand"
"GEN24_27319","Yes","Before arriving in New Zealand"
"GEN24_27327","No",NA
"GEN24_27328","Yes","I did not receive any information"
"GEN24_27334","Yes","Before arriving in New Zealand"
"GEN24_27334","Yes","While in New Zealand"
"GEN24_27339","Yes","Before arriving in New Zealand"
"GEN24_27339","Yes","While in New Zealand"
"GEN24_27341","Yes","Before arriving in New Zealand"
"GEN24_27341","Yes","While in New Zealand"
"GEN24_27345","No",NA
"GEN24_27352","No",NA
"GEN24_27360","No",NA
"GEN24_27364","Yes","I did not receive any information"
"GEN24_27374","Yes","Before arriving in New Zealand"
"GEN24_27380","Yes","I did not receive any information"
"GEN24_27383","Yes","Before arriving in New Zealand"
"GEN24_27399","Yes","I did not receive any information"
"GEN24_27404","No",NA
"GEN24_27414","Yes","Before arriving in New Zealand"
"GEN24_27416","Yes","Before arriving in New Zealand"
"GEN24_27434","No",NA
"GEN24_27443","No",NA
"GEN24_27458","Yes","Before arriving in New Zealand"
"GEN24_27470","No",NA
"GEN24_27473","Yes","Before arriving in New Zealand"
"GEN24_27475","Yes","While in New Zealand"
"GEN24_27478","Yes","While in New Zealand"
"GEN24_27480","Yes","While in New Zealand"
"GEN24_27481","Yes","Before arriving in New Zealand"
"GEN24_27481","Yes","While in New Zealand"
"GEN24_27507","Yes","Before arriving in New Zealand"
"GEN24_27511","Yes","I did not receive any information"
"GEN24_27518","Yes","I did not receive any information"
"GEN24_27525","No",NA
"GEN24_27544","Yes","Before arriving in New Zealand"
"GEN24_27544","Yes","While in New Zealand"
"GEN24_27546","Yes","While in New Zealand"
"GEN24_27556","Yes","Before arriving in New Zealand"
"GEN24_27556","Yes","While in New Zealand"
"GEN24_27570","Yes","I did not receive any information"
"GEN24_27571","Yes","While in New Zealand"
"GEN24_27573","Yes","I did not receive any information"
"GEN24_27588","Yes","I did not receive any information"
"GEN24_27589","Yes","I did not receive any information"
"GEN24_27609","Yes","Before arriving in New Zealand"
"GEN24_27610","Yes","I did not receive any information"
"GEN24_27611","Yes","While in New Zealand"
"GEN24_27613","No",NA
"GEN24_27621","No",NA
"GEN24_27629","Yes","Before arriving in New Zealand"
"GEN24_27632","Yes","I did not receive any information"
"GEN24_27639","Yes","Before arriving in New Zealand"
"GEN24_27639","Yes","While in New Zealand"
"GEN24_27665","Yes","Before arriving in New Zealand"
"GEN24_27666","Yes","I did not receive any information"
"GEN24_27670","Yes","Before arriving in New Zealand"
"GEN24_27676","Yes","Before arriving in New Zealand"
"GEN24_27678","Yes","I did not receive any information"
"GEN24_27679","No",NA
"GEN24_27687","Yes","Before arriving in New Zealand"
"GEN24_27716","Yes","I did not receive any information"
"GEN24_27732","No",NA
"GEN24_27742","Yes","Before arriving in New Zealand"
"GEN24_27749","Yes",NA
"GEN24_27753","Yes","While in New Zealand"
"GEN24_27758","Yes","I did not receive any information"
"GEN24_27762","Yes","While in New Zealand"
"GEN24_27765","No",NA
"GEN24_27770","Yes","Before arriving in New Zealand"
"GEN24_27779","Yes","While in New Zealand"
"GEN24_27790","Yes","Before arriving in New Zealand"
"GEN24_27791","Yes","I did not receive any information"
"GEN24_27799","Yes","I did not receive any information"
"GEN24_27800","Yes","Before arriving in New Zealand"
"GEN24_27806","No",NA
"GEN24_27809","Yes","Before arriving in New Zealand"
"GEN24_27820","Yes","Before arriving in New Zealand"
"GEN24_27827","Yes","I did not receive any information"
"GEN24_27837","No",NA
"GEN24_27841","No",NA
"GEN24_27842","Yes","Before arriving in New Zealand"
"GEN24_27842","Yes","While in New Zealand"
"GEN24_27844","Yes","Before arriving in New Zealand"
"GEN24_27850","No",NA
"GEN24_27859","Yes","Before arriving in New Zealand"
"GEN24_27870","Yes","I did not receive any information"
"GEN24_27871","Yes","While in New Zealand"
"GEN24_27876","Yes","I did not receive any information"
"GEN24_27898","No",NA
"GEN24_27900","No",NA
"GEN24_27912","Yes","I did not receive any information"
"GEN24_27913","Yes","Before arriving in New Zealand"
"GEN24_27925","Yes","Before arriving in New Zealand"
"GEN24_27950","Yes","While in New Zealand"
"GEN24_27969","Yes","I did not receive any information"
"GEN24_27974","Yes","I did not receive any information"
"GEN24_27976","Yes","Before arriving in New Zealand"
"GEN24_27976","Yes","While in New Zealand"
"GEN24_27982","Yes","While in New Zealand"
"GEN24_28009","Yes","While in New Zealand"
"GEN24_28024","Yes","I did not receive any information"
"GEN24_28028","Yes","I did not receive any information"
"GEN24_28033","Yes","I did not receive any information"
"GEN24_28036","Yes","Before arriving in New Zealand"
"GEN24_28036","Yes","While in New Zealand"
"GEN24_28039","Yes","While in New Zealand"
"GEN24_28041","Yes","While in New Zealand"
"GEN24_28053","Yes","I did not receive any information"
"GEN24_28065","Yes","I did not receive any information"
"GEN24_28066","No",NA
"GEN24_28072","No",NA
"GEN24_28082","Yes","I did not receive any information"
"GEN24_28085","No",NA
"GEN24_28109","No",NA
"GEN24_28116","No",NA
"GEN24_28127","Yes","While in New Zealand"
"GEN24_28128","Yes","Before arriving in New Zealand"
"GEN24_28128","Yes","While in New Zealand"
"GEN24_28133","Yes","Before arriving in New Zealand"
"GEN24_28145","Yes","I did not receive any information"
"GEN24_28147","Yes","While in New Zealand"
"GEN24_28154","Yes","Before arriving in New Zealand"
"GEN24_28157","Yes","While in New Zealand"
"GEN24_28164","Yes","I did not receive any information"
"GEN24_28171","No",NA
"GEN24_28222","No",NA
"GEN24_28226","Yes","Before arriving in New Zealand"
"GEN24_28228","Yes","Before arriving in New Zealand"
"GEN24_28231","No",NA
"GEN24_28232","No",NA
"GEN24_28233","No",NA
"GEN24_28245","Yes","While in New Zealand"
"GEN24_28247","Yes","Before arriving in New Zealand"
"GEN24_28250","Yes","While in New Zealand"
"GEN24_28261","Yes","Before arriving in New Zealand"
"GEN24_28268","No",NA
"GEN24_28305","Yes","I did not receive any information"
"GEN24_28327","Yes","I did not receive any information"
"GEN24_28330","Yes","Before arriving in New Zealand"
"GEN24_28330","Yes","While in New Zealand"
"GEN24_28400","Yes","I did not receive any information"
"GEN24_28409","No",NA
"GEN24_28413","Yes","Before arriving in New Zealand"
"GEN24_28418","Yes","While in New Zealand"
"GEN24_28419","No",NA
"GEN24_28421","No",NA
"GEN24_28423","Yes","Before arriving in New Zealand"
"GEN24_28423","Yes","While in New Zealand"
"GEN24_28425","Yes","While in New Zealand"
"GEN24_28427","Yes","Before arriving in New Zealand"
"GEN24_28429","Yes","I did not receive any information"
"GEN24_28439","Yes","Before arriving in New Zealand"
"GEN24_28477","Yes","While in New Zealand"
"GEN24_28484","Yes","While in New Zealand"
"GEN24_28493","Yes","I did not receive any information"
"GEN24_28495","Yes","Before arriving in New Zealand"
"GEN24_28495","Yes","While in New Zealand"
"GEN24_28496","Yes","I did not receive any information"
"GEN24_28502","Yes","I did not receive any information"
"GEN24_28505","Yes","While in New Zealand"
"GEN24_28514","Yes","I did not receive any information"
"GEN24_28521","Yes","While in New Zealand"
"GEN24_28523","Yes","While in New Zealand"
"GEN24_28526","Yes","While in New Zealand"
"GEN24_28528","Yes","Before arriving in New Zealand"
"GEN24_28532","Yes","I did not receive any information"
"GEN24_28558","Yes","I did not receive any information"
"GEN24_28560","Yes","Before arriving in New Zealand"
"GEN24_28560","Yes","While in New Zealand"
"GEN24_28561","Yes","I did not receive any information"
"GEN24_28563","Yes","While in New Zealand"
"GEN24_28565","Yes","Before arriving in New Zealand"
"GEN24_28566","Yes","Before arriving in New Zealand"
"GEN24_28574","Yes","Before arriving in New Zealand"
"GEN24_28580","No",NA
"GEN24_28614","No",NA
"GEN24_28670","No",NA
"GEN24_28702","Yes","I did not receive any information"
"GEN24_28707","No",NA
"GEN24_28709","No",NA
"GEN24_28713","Yes","I did not receive any information"
"GEN24_28727","Yes","I did not receive any information"
"GEN24_28728","Yes","I did not receive any information"
"GEN24_28735","Yes","Before arriving in New Zealand"
"GEN24_28736","Yes","Before arriving in New Zealand"
"GEN24_28743","Yes","I did not receive any information"
"GEN24_28744","Yes","Before arriving in New Zealand"
"GEN24_28744","Yes","While in New Zealand"
"GEN24_28747","No",NA
"GEN24_28750","Yes","I did not receive any information"
"GEN24_28752","Yes","Before arriving in New Zealand"
"GEN24_28753","Yes","Before arriving in New Zealand"
"GEN24_28754","Yes","I did not receive any information"
"GEN24_28755","Yes","I did not receive any information"
"GEN24_28761","Yes","Before arriving in New Zealand"
"GEN24_28761","Yes","While in New Zealand"
"GEN24_28763","Yes","I did not receive any information"
"GEN24_28764","No",NA
"GEN24_28769","Yes","I did not receive any information"
"GEN24_28774","Yes","Before arriving in New Zealand"
"GEN24_28793","No",NA
"GEN24_28821","Yes","Before arriving in New Zealand"
"GEN24_28827","Yes","I did not receive any information"
"GEN24_28850","No",NA
"GEN24_28853","Yes","While in New Zealand"
"GEN24_28855","Yes","Before arriving in New Zealand"
"GEN24_28860","Yes","Before arriving in New Zealand"
"GEN24_28862","Yes","Before arriving in New Zealand"
"GEN24_28866","Yes","While in New Zealand"
"GEN24_28867","No",NA
"GEN24_28896","Yes","While in New Zealand"
"GEN24_28900","Yes","Before arriving in New Zealand"
"GEN24_28903","No",NA
"GEN24_28904","No",NA
"GEN24_28907","No",NA
"GEN24_28937","Yes","Before arriving in New Zealand"
"GEN24_28937","Yes","While in New Zealand"
"GEN24_28940","Yes","Before arriving in New Zealand"
"GEN24_28942","No",NA
"GEN24_28945","Yes","Before arriving in New Zealand"
"GEN24_28945","Yes","While in New Zealand"
"GEN24_28956","Yes","I did not receive any information"
"GEN24_28960","No",NA
"GEN24_28965","Yes","Before arriving in New Zealand"
"GEN24_28976","Yes","Before arriving in New Zealand"
"GEN24_28978","Yes","Before arriving in New Zealand"
"GEN24_28990","Yes","While in New Zealand"
"GEN24_29009","Yes","I did not receive any information"
"GEN24_29015","Yes","Before arriving in New Zealand"
"GEN24_29018","No",NA
"GEN24_29021","Yes","I did not receive any information"
"GEN24_29026","Yes","Before arriving in New Zealand"
"GEN24_29032","Yes","Before arriving in New Zealand"
"GEN24_29035","No",NA
"GEN24_29037","Yes","I did not receive any information"
"GEN24_29038","Yes","While in New Zealand"
"GEN24_29040","Yes","I did not receive any information"
"GEN24_29041","Yes","I did not receive any information"
"GEN24_29042","Yes","I did not receive any information"
"GEN24_29047","Yes","While in New Zealand"
"GEN24_29049","Yes","Before arriving in New Zealand"
"GEN24_29055","Yes","While in New Zealand"
"GEN24_29058","Yes","Before arriving in New Zealand"
"GEN24_29063","Yes","I did not receive any information"
"GEN24_29072","No",NA
"GEN24_29079","Can’t remember",NA
"GEN24_29086","Yes","I did not receive any information"
"GEN24_29094","Yes","Before arriving in New Zealand"
"GEN24_29097","No",NA
"GEN24_29102","Yes","I did not receive any information"
"GEN24_29103","Yes","I did not receive any information"
"GEN24_29111","Yes","Before arriving in New Zealand"
"GEN24_29119","No",NA
"GEN24_29148","Yes","I did not receive any information"
"GEN24_29149","Yes","While in New Zealand"
"GEN24_29157","No",NA
"GEN24_29163","Yes","I did not receive any information"
"GEN24_29170","Yes","I did not receive any information"
"GEN24_29176","No",NA
"GEN24_29190","Yes","Before arriving in New Zealand"
"GEN24_29191","Yes","I did not receive any information"
"GEN24_29196","Yes","I did not receive any information"
"GEN24_29202","Yes","Before arriving in New Zealand"
"GEN24_29217","Yes","I did not receive any information"
"GEN24_29219","No",NA
"GEN24_29225","Yes","Before arriving in New Zealand"
"GEN24_29225","Yes","While in New Zealand"
"GEN24_29230","Yes","While in New Zealand"
"GEN24_29235","Yes","Before arriving in New Zealand"
"GEN24_29235","Yes","While in New Zealand"
"GEN24_29238","Yes","While in New Zealand"
"GEN24_29260","Yes","I did not receive any information"
"GEN24_29262","Yes","I did not receive any information"
"GEN24_29265","No",NA
"GEN24_29269","No",NA
"GEN24_29275","No",NA
"GEN24_29279","No",NA
"GEN24_29286","Yes","Before arriving in New Zealand"
"GEN24_29295","Yes","While in New Zealand"
"GEN24_29318","No",NA
"GEN24_29350","Yes","Before arriving in New Zealand"
"GEN24_29358","Yes","While in New Zealand"
"GEN24_29360","Yes","I did not receive any information"
"GEN24_29371","No",NA
"GEN24_29374","Yes","I did not receive any information"
"GEN24_29375","Yes","I did not receive any information"
"GEN24_29381","Yes","While in New Zealand"
"GEN24_29389","Yes","Before arriving in New Zealand"
"GEN24_29394","No",NA
"GEN24_29395","No",NA
"GEN24_29404","Yes","While in New Zealand"
"GEN24_29406","Yes","While in New Zealand"
"GEN24_29414","Yes","While in New Zealand"
"GEN24_29415","Yes","Before arriving in New Zealand"
"GEN24_29447","Yes","Before arriving in New Zealand"
"GEN24_29460","Yes","While in New Zealand"
"GEN24_29466","Yes","Before arriving in New Zealand"
"GEN24_29478","No",NA
"GEN24_29483","No",NA
"GEN24_29485","Yes","Before arriving in New Zealand"
"GEN24_29493","Yes","Before arriving in New Zealand"
"GEN24_29497","No",NA
"GEN24_29499","Yes","Before arriving in New Zealand"
"GEN24_29499","Yes","While in New Zealand"
"GEN24_29507","Yes","Before arriving in New Zealand"
"GEN24_29507","Yes","While in New Zealand"
"GEN24_29555","Yes","Before arriving in New Zealand"
"GEN24_29560","No",NA
"GEN24_29563","Yes","I did not receive any information"
"GEN24_29565","No",NA
"GEN24_29566","Yes","Before arriving in New Zealand"
"GEN24_29577","Yes","I did not receive any information"
"GEN24_29581","No",NA
"GEN24_29588","Yes","Before arriving in New Zealand"
"GEN24_29595","Yes","I did not receive any information"
"GEN24_29605","Yes","While in New Zealand"
"GEN24_29607","No",NA
"GEN24_29622","No",NA
"GEN24_29625","Yes","Before arriving in New Zealand"
"GEN24_29641","No",NA
"GEN24_29642","Yes","While in New Zealand"
"GEN24_29658","Yes","Before arriving in New Zealand"
"GEN24_29658","Yes","While in New Zealand"
"GEN24_29660","Yes","Before arriving in New Zealand"
"GEN24_29677","Yes","Before arriving in New Zealand"
"GEN24_29686","No",NA
"GEN24_29687","No",NA
"GEN24_29697","No",NA
"GEN24_29700","Yes","Before arriving in New Zealand"
"GEN24_29701","Yes","I did not receive any information"
"GEN24_29703","No",NA
"GEN24_29718","Yes","I did not receive any information"
"GEN24_29722","Yes","While in New Zealand"
"GEN24_29726","Yes","I did not receive any information"
"GEN24_29749","Yes","Before arriving in New Zealand"
"GEN24_29751","Yes","I did not receive any information"
"GEN24_29756","Yes","Before arriving in New Zealand"
"GEN24_29764","Yes","Before arriving in New Zealand"
"GEN24_29772","Yes","Before arriving in New Zealand"
"GEN24_29774","Yes","While in New Zealand"
"GEN24_29776","Yes","I did not receive any information"
"GEN24_29795","No",NA
"GEN24_29819","Yes","Before arriving in New Zealand"
"GEN24_29819","Yes","While in New Zealand"
"GEN24_29823","Yes","Before arriving in New Zealand"
"GEN24_29823","Yes","While in New Zealand"
"GEN24_29827","No",NA
"GEN24_29830","No",NA
"GEN24_29840","Yes","I did not receive any information"
"GEN24_29845","No",NA
"GEN24_29859","Yes","Before arriving in New Zealand"
"GEN24_29869","Yes","Before arriving in New Zealand"
"GEN24_29886","No",NA
"GEN24_29892","Yes","I did not receive any information"
"GEN24_29907","Yes","Before arriving in New Zealand"
"GEN24_29918","No",NA
"GEN24_29928","Yes","While in New Zealand"
"GEN24_29935","Yes","While in New Zealand"
"GEN24_29977","No",NA
"GEN24_29982","Yes","Before arriving in New Zealand"
"GEN24_29983","Yes","Before arriving in New Zealand"
"GEN24_30003","Yes","I did not receive any information"
"GEN24_30005","Yes","I did not receive any information"
"GEN24_30011","Yes","I did not receive any information"
"GEN24_30038","No",NA
"GEN24_30040","No",NA
"GEN24_30049","No",NA
"GEN24_30051","No",NA
"GEN24_30059","No",NA
"GEN24_30060","Yes","While in New Zealand"
"GEN24_30065","No",NA
"GEN24_30069","Yes","Before arriving in New Zealand"
"GEN24_30069","Yes","While in New Zealand"
"GEN24_30070","Yes","Before arriving in New Zealand"
"GEN24_30083","Yes","Before arriving in New Zealand"
"GEN24_30091","Yes","Before arriving in New Zealand"
"GEN24_30091","Yes","While in New Zealand"
"GEN24_30096","Yes","I did not receive any information"
"GEN24_30099","Yes","Before arriving in New Zealand"
"GEN24_30107","Yes","I did not receive any information"
"GEN24_30130","Yes","While in New Zealand"
"GEN24_30144","Yes","I did not receive any information"
"GEN24_30150","No",NA
"GEN24_30152","Yes","While in New Zealand"
"GEN24_30156","Yes","I did not receive any information"
"GEN24_30184","Yes","While in New Zealand"
"GEN24_30193","No",NA
"GEN24_30219","Yes","While in New Zealand"
"GEN24_30228","Yes","While in New Zealand"
"GEN24_30246","Yes","Before arriving in New Zealand"
"GEN24_30246","Yes","While in New Zealand"
"GEN24_30248","No",NA
"GEN24_30257","Yes","I did not receive any information"
"GEN24_30266","Can’t remember",NA
"GEN24_30269","Yes","I did not receive any information"
"GEN24_30274","Yes","Before arriving in New Zealand"
"GEN24_30284","No",NA
"GEN24_30295","Yes","Before arriving in New Zealand"
"GEN24_30296","No",NA
"GEN24_30307","Yes","Before arriving in New Zealand"
"GEN24_30308","Yes","Before arriving in New Zealand"
"GEN24_30314","Yes","I did not receive any information"
"GEN24_30319","Yes","I did not receive any information"
"GEN24_30330","Yes","Before arriving in New Zealand"
"GEN24_30331","No",NA
"GEN24_30334","No",NA
"GEN24_30338","Yes","Before arriving in New Zealand"
"GEN24_30338","Yes","While in New Zealand"
"GEN24_30346","Yes","While in New Zealand"
"GEN24_30348","Yes","Before arriving in New Zealand"
"GEN24_30354","Yes","Before arriving in New Zealand"
"GEN24_30371","Yes","Before arriving in New Zealand"
"GEN24_30375","Yes","Before arriving in New Zealand"
"GEN24_30375","Yes","While in New Zealand"
"GEN24_30376","Yes","Before arriving in New Zealand"
"GEN24_30381","Yes","Before arriving in New Zealand"
"GEN24_30382","Yes","Before arriving in New Zealand"
"GEN24_30385","Yes","While in New Zealand"
"GEN24_30405","No",NA
"GEN24_30425","No",NA
"GEN24_30429","Yes","I did not receive any information"
"GEN24_30432","Yes","While in New Zealand"
"GEN24_30433","Yes","Before arriving in New Zealand"
"GEN24_30437","Yes","Before arriving in New Zealand"
"GEN24_30438","Yes","I did not receive any information"
"GEN24_30439","Yes","Before arriving in New Zealand"
"GEN24_30465","No",NA
"GEN24_30475","Yes","I did not receive any information"
"GEN24_30478","Yes","While in New Zealand"
"GEN24_30488","No",NA
"GEN24_30489","Yes","Before arriving in New Zealand"
"GEN24_30489","Yes","While in New Zealand"
"GEN24_30505","Yes","I did not receive any information"
"GEN24_30511","No",NA
"GEN24_30516","No",NA
"GEN24_30518","Yes","I did not receive any information"
"GEN24_30530","No",NA
"GEN24_30533","Yes","While in New Zealand"
"GEN24_30537","Yes","I did not receive any information"
"GEN24_30541","No",NA
"GEN24_30542","Yes","Before arriving in New Zealand"
"GEN24_30547","Yes","While in New Zealand"
"GEN24_30550","No",NA
"GEN24_30567","Yes","Before arriving in New Zealand"
"GEN24_30594","No",NA
"GEN24_30615","No",NA
"GEN24_30624","Yes","Before arriving in New Zealand"
"GEN24_30646","Yes","I did not receive any information"
"GEN24_30655","No",NA
"GEN24_30661","Yes","Before arriving in New Zealand"
"GEN24_30669","Yes","I did not receive any information"
"GEN24_30678","Yes","I did not receive any information"
"GEN24_30711","Yes","Before arriving in New Zealand"
"GEN24_30717","Yes","I did not receive any information"
"GEN24_30720","Yes","Before arriving in New Zealand"
"GEN24_30721","No",NA
"GEN24_30733","No",NA
"GEN24_30735","Yes","Before arriving in New Zealand"
"GEN24_30738","No",NA
"GEN24_30740","Yes","Before arriving in New Zealand"
"GEN24_30747","Yes","I did not receive any information"
"GEN24_30755","Can’t remember",NA
"GEN24_30762","Yes","While in New Zealand"
"GEN24_30764","No",NA
"GEN24_30765","No",NA
"GEN24_30773","Yes","Before arriving in New Zealand"
"GEN24_30777","Yes","Before arriving in New Zealand"
"GEN24_30777","Yes","While in New Zealand"
"GEN24_30783","Yes","Before arriving in New Zealand"
"GEN24_30787","Yes","I did not receive any information"
"GEN24_30788","No",NA
"GEN24_30796","Yes","While in New Zealand"
"GEN24_30803","Yes","Before arriving in New Zealand"
"GEN24_30803","Yes","While in New Zealand"
"GEN24_30805","Yes","Before arriving in New Zealand"
"GEN24_30805","Yes","While in New Zealand"
"GEN24_30807","No",NA
"GEN24_30813","No",NA
"GEN24_30821","No",NA
"GEN24_30839","Yes","Before arriving in New Zealand"
"GEN24_30839","Yes","While in New Zealand"
"GEN24_30848","No",NA
"GEN24_30884","Yes","I did not receive any information"
"GEN24_30907","Yes","I did not receive any information"
"GEN24_30910","Yes","Before arriving in New Zealand"
"GEN24_30912","Yes","Before arriving in New Zealand"
"GEN24_30912","Yes","While in New Zealand"
"GEN24_30922","No",NA
"GEN24_30923","Yes","While in New Zealand"
"GEN24_30927","Yes","Before arriving in New Zealand"
"GEN24_30931","Yes","I did not receive any information"
"GEN24_30943","No",NA
"GEN24_30951","Yes","I did not receive any information"
"GEN24_30952","Yes","Before arriving in New Zealand"
"GEN24_30952","Yes","While in New Zealand"
"GEN24_30953","Yes","Before arriving in New Zealand"
"GEN24_30965","No",NA
"GEN24_30970","Yes","While in New Zealand"
"GEN24_30977","Yes","I did not receive any information"
"GEN24_31007","Yes","Before arriving in New Zealand"
"GEN24_31022","Yes","I did not receive any information"
"GEN24_31023","Yes","Before arriving in New Zealand"
"GEN24_31032","Yes","Before arriving in New Zealand"
"GEN24_31047","Yes","I did not receive any information"
"GEN24_31049","No",NA
"GEN24_31062","Yes","I did not receive any information"
"GEN24_31065","Yes","While in New Zealand"
"GEN24_31077","Yes","While in New Zealand"
"GEN24_31086","Yes","Before arriving in New Zealand"
"GEN24_31086","Yes","While in New Zealand"
"GEN24_31088","No",NA
"GEN24_31095","Yes","I did not receive any information"
"GEN24_31105","No",NA
"GEN24_31113","No",NA
"GEN24_31116","Yes","I did not receive any information"
"GEN24_31131","Yes","Before arriving in New Zealand"
"GEN24_31131","Yes","While in New Zealand"
"GEN24_31151","Yes","Before arriving in New Zealand"
"GEN24_31153","Yes","Before arriving in New Zealand"
"GEN24_31154","Yes","Before arriving in New Zealand"
"GEN24_31155","Yes","I did not receive any information"
"GEN24_31158","Yes","I did not receive any information"
"GEN24_31167","No",NA
"GEN24_31171","Yes","Before arriving in New Zealand"
"GEN24_31173","No",NA
"GEN24_31181","Yes","I did not receive any information"
"GEN24_31189","Yes","Before arriving in New Zealand"
"GEN24_31193","Yes","Before arriving in New Zealand"
"GEN24_31201","Yes","I did not receive any information"
"GEN24_31206","Yes","Before arriving in New Zealand"
"GEN24_31207","Yes","Before arriving in New Zealand"
"GEN24_31209","Yes","I did not receive any information"
"GEN24_31210","Yes","I did not receive any information"
"GEN24_31213","Yes","Before arriving in New Zealand"
"GEN24_31213","Yes","While in New Zealand"
"GEN24_31219","No",NA
"GEN24_31223","Yes","I did not receive any information"
"GEN24_31225","Yes","While in New Zealand"
"GEN24_31226","Yes","Before arriving in New Zealand"
"GEN24_31227","Yes","Before arriving in New Zealand"
"GEN24_31252","No",NA
"GEN24_31261","No",NA
"GEN24_31264","Yes","Before arriving in New Zealand"
"GEN24_31268","No",NA
"GEN24_31282","Yes","I did not receive any information"
"GEN24_31298","Yes","Before arriving in New Zealand"
"GEN24_31307","Yes","Before arriving in New Zealand"
"GEN24_31344","Yes","Before arriving in New Zealand"
"GEN24_31350","Yes","I did not receive any information"
"GEN24_31355","No",NA
"GEN24_31358","Yes","I did not receive any information"
"GEN24_31366","No",NA
"GEN24_31367","Yes","Before arriving in New Zealand"
"GEN24_31377","Yes","I did not receive any information"
"GEN24_31385","Yes","Before arriving in New Zealand"
"GEN24_31388","Yes","I did not receive any information"
"GEN24_31400","Yes","I did not receive any information"
"GEN24_31401","Yes","I did not receive any information"
"GEN24_31414","Yes","I did not receive any information"
"GEN24_31438","Yes","Before arriving in New Zealand"
"GEN24_31438","Yes","While in New Zealand"
"GEN24_31443","Yes","While in New Zealand"
"GEN24_31476","Yes","Before arriving in New Zealand"
"GEN24_31477","Yes","I did not receive any information"
"GEN24_31483","Yes","I did not receive any information"
"GEN24_31489","Yes","I did not receive any information"
"GEN24_31509","Yes","I did not receive any information"
"GEN24_31519","Yes","Before arriving in New Zealand"
"GEN24_31522","Yes","I did not receive any information"
"GEN24_31543","No",NA
"GEN24_31560","No",NA
"GEN24_31581","Yes","I did not receive any information"
"GEN24_31596","No",NA
"GEN24_31610","Yes","I did not receive any information"
"GEN24_31612","No",NA
"GEN24_31622","Yes","Before arriving in New Zealand"
"GEN24_31644","No",NA
"GEN24_31649","Yes","I did not receive any information"
"GEN24_31661","Yes","Before arriving in New Zealand"
"GEN24_31661","Yes","While in New Zealand"
"GEN24_31670","No",NA
"GEN24_31675","No",NA
"GEN24_31680","Yes","While in New Zealand"
"GEN24_31691","Yes","While in New Zealand"
"GEN24_31697","Yes","I did not receive any information"
"GEN24_31708","Yes","I did not receive any information"
"GEN24_31717","No",NA
"GEN24_31730","Yes","Before arriving in New Zealand"
"GEN24_31742","Yes","Before arriving in New Zealand"
"GEN24_31749","No",NA
"GEN24_31751","No",NA
"GEN24_31754","Yes","While in New Zealand"
"GEN24_31773","Yes","Before arriving in New Zealand"
"GEN24_31794","Yes","Before arriving in New Zealand"
"GEN24_31795","Yes","Before arriving in New Zealand"
"GEN24_31814","Yes","Before arriving in New Zealand"
"GEN24_31825","Yes","I did not receive any information"
"GEN24_31854","Yes","I did not receive any information"
"GEN24_31886","Yes","While in New Zealand"
"GEN24_31901","Yes","While in New Zealand"
"GEN24_31903","No",NA
"GEN24_31906","Yes","While in New Zealand"
"GEN24_31915","Yes","Before arriving in New Zealand"
"GEN24_31915","Yes","While in New Zealand"
"GEN24_31919","Yes","Before arriving in New Zealand"
"GEN24_31933","No",NA
"GEN24_31936","Yes","While in New Zealand"
"GEN24_31940","Yes","Before arriving in New Zealand"
"GEN24_31943","Yes","I did not receive any information"
"GEN24_31945","No",NA
"GEN24_31955","Yes","I did not receive any information"
"GEN24_31958","Yes","Before arriving in New Zealand"
"GEN24_31958","Yes","While in New Zealand"
"GEN24_31979","Yes","I did not receive any information"
"GEN24_31980","Yes","Before arriving in New Zealand"
"GEN24_31992","No",NA
"GEN24_31998","Yes","Before arriving in New Zealand"
"GEN24_32003","Yes","Before arriving in New Zealand"
"GEN24_32005","Yes","I did not receive any information"
"GEN24_32007","Yes","I did not receive any information"
"GEN24_32008","Yes","Before arriving in New Zealand"
"GEN24_32010","Yes","I did not receive any information"
"GEN24_32015","Yes","Before arriving in New Zealand"
"GEN24_32017","Yes","I did not receive any information"
"GEN24_32026","Yes","I did not receive any information"
"GEN24_32034","No",NA
"GEN24_32035","Yes","I did not receive any information"
"GEN24_32051","Yes","Before arriving in New Zealand"
"GEN24_32058","Yes","I did not receive any information"
"GEN24_32063","Yes","I did not receive any information"
"GEN24_32064","Yes","While in New Zealand"
"GEN24_32066","Yes","I did not receive any information"
"GEN24_32068","Yes","I did not receive any information"
"GEN24_32074","Yes","While in New Zealand"
"GEN24_32082","Yes","I did not receive any information"
"GEN24_32086","No",NA
"GEN24_32109","Yes","Before arriving in New Zealand"
"GEN24_32109","Yes","While in New Zealand"
"GEN24_32114","Yes","Before arriving in New Zealand"
"GEN24_32114","Yes","While in New Zealand"
"GEN24_32118","No",NA
"GEN24_32124","Yes","I did not receive any information"
"GEN24_32135","Yes","I did not receive any information"
"GEN24_32142","Yes","Before arriving in New Zealand"
"GEN24_32148","Yes","Before arriving in New Zealand"
"GEN24_32148","Yes","While in New Zealand"
"GEN24_32163","Yes","Before arriving in New Zealand"
"GEN24_32167","Yes","Before arriving in New Zealand"
"GEN24_32169","Yes","While in New Zealand"
"GEN24_32175","Yes","Before arriving in New Zealand"
"GEN24_32184","Yes","Before arriving in New Zealand"
"GEN24_32186","Yes","While in New Zealand"
"GEN24_32189","Yes","I did not receive any information"
"GEN24_32191","Yes","I did not receive any information"
"GEN24_32205","No",NA
"GEN24_32247","Yes","Before arriving in New Zealand"
"GEN24_32257","No",NA
"GEN24_32280","Yes","I did not receive any information"
"GEN24_32309","Yes","Before arriving in New Zealand"
"GEN24_32332","No",NA
"GEN24_32383","Yes","While in New Zealand"
"GEN24_32404","Yes","Before arriving in New Zealand"
"GEN24_32427","Yes","I did not receive any information"
"GEN24_32556","Yes","Before arriving in New Zealand"
"GEN24_32580","No",NA
"GEN24_32596","Yes","Before arriving in New Zealand"
"GEN24_32654","Yes","Before arriving in New Zealand"
"GEN24_32685","No",NA
"GEN24_32773","Yes","Before arriving in New Zealand"
"GEN24_32823","No",NA
"GEN24_32841","Yes","While in New Zealand"
"GEN24_32842","Yes","Before arriving in New Zealand"
"GEN24_32867","No",NA
"GEN24_32874","Yes","Before arriving in New Zealand"
"GEN24_32902","Yes","While in New Zealand"
"GEN24_32910","Yes","Before arriving in New Zealand"
"GEN24_32910","Yes","While in New Zealand"
"GEN24_32949","Yes","While in New Zealand"
"GEN24_32979","Yes","Before arriving in New Zealand"
"GEN24_32979","Yes","While in New Zealand"
"GEN24_32980","Yes","Before arriving in New Zealand"
"GEN24_33022","No",NA
"GEN24_33084","No",NA
"Gen2_10106","No",NA
"Gen2_10122","Yes","I did not receive any information"
"Gen2_10127","No",NA
"Gen2_10143","Yes","Before arriving in New Zealand"
"Gen2_10143","Yes","While in New Zealand"
"Gen2_10145","No",NA
"Gen2_10150","Yes","While in New Zealand"
"Gen2_10159","Yes","I did not receive any information"
"Gen2_10166","No",NA
"Gen2_10175","No",NA
"Gen2_10183","Yes","Before arriving in New Zealand"
"Gen2_10186","No",NA
"Gen2_102","Yes","Before arriving in New Zealand"
"Gen2_10212","Yes","Before arriving in New Zealand"
"Gen2_10216","Yes","I did not receive any information"
"Gen2_10223","Yes","I did not receive any information"
"Gen2_10232","Yes","While in New Zealand"
"Gen2_10234","Yes","Before arriving in New Zealand"
"Gen2_10235","Yes","Before arriving in New Zealand"
"Gen2_10249","No",NA
"Gen2_10258","No",NA
"Gen2_10261","No",NA
"Gen2_10263","Yes","Before arriving in New Zealand"
"Gen2_10284","Yes","While in New Zealand"
"Gen2_10292","No",NA
"Gen2_10307","Yes","Before arriving in New Zealand"
"Gen2_10307","Yes","While in New Zealand"
"Gen2_10324","Yes","While in New Zealand"
"Gen2_10332","Yes","I did not receive any information"
"Gen2_10336","No",NA
"Gen2_10346","Yes","Before arriving in New Zealand"
"Gen2_10375","Yes","While in New Zealand"
"Gen2_10391","Yes","I did not receive any information"
"Gen2_10423","Yes","I did not receive any information"
"Gen2_10446","No",NA
"Gen2_10456","No",NA
"Gen2_10479","Yes","While in New Zealand"
"Gen2_10511","Yes","I did not receive any information"
"Gen2_10534","Yes","Before arriving in New Zealand"
"Gen2_10536","Yes","I did not receive any information"
"Gen2_10540","Yes","I did not receive any information"
"Gen2_10553","No",NA
"Gen2_10555","Can’t remember",NA
"Gen2_10560","No",NA
"Gen2_10574","No",NA
"Gen2_10586","No",NA
"Gen2_10588","No",NA
"Gen2_10606","No",NA
"Gen2_10618","Yes","Before arriving in New Zealand"
"Gen2_10624","Yes","Before arriving in New Zealand"
"Gen2_10624","Yes","While in New Zealand"
"Gen2_10665","No",NA
"Gen2_10669","Yes","Before arriving in New Zealand"
"Gen2_10708","No",NA
"Gen2_10725","No",NA
"Gen2_10731","No",NA
"Gen2_10750","No",NA
"Gen2_10755","Yes","While in New Zealand"
"Gen2_10762","Yes","I did not receive any information"
"Gen2_10765","Yes","I did not receive any information"
"Gen2_10769","No",NA
"Gen2_10779","No",NA
"Gen2_10802","Yes","Before arriving in New Zealand"
"Gen2_10832","Yes","I did not receive any information"
"Gen2_10843","Yes","Before arriving in New Zealand"
"Gen2_10854","No",NA
"Gen2_10875","Yes","While in New Zealand"
"Gen2_10876","Yes","Before arriving in New Zealand"
"Gen2_10879","Yes","I did not receive any information"
"Gen2_10881","Yes","Before arriving in New Zealand"
"Gen2_10885","Yes","While in New Zealand"
"Gen2_10895","Yes","Before arriving in New Zealand"
"Gen2_10901","Yes","Before arriving in New Zealand"
"Gen2_10901","Yes","While in New Zealand"
"Gen2_10907","No",NA
"Gen2_10909","Yes","Before arriving in New Zealand"
"Gen2_10910","Yes","I did not receive any information"
"Gen2_10913","Yes","I did not receive any information"
"Gen2_10935","Yes","Before arriving in New Zealand"
"Gen2_10947","Yes","Before arriving in New Zealand"
"Gen2_10951","No",NA
"Gen2_10958","No",NA
"Gen2_10968","Yes","Before arriving in New Zealand"
"Gen2_10968","Yes","While in New Zealand"
"Gen2_10992","Yes","Before arriving in New Zealand"
"Gen2_10994","Yes","Before arriving in New Zealand"
"Gen2_11012","Yes","While in New Zealand"
"Gen2_11049","Yes","I did not receive any information"
"Gen2_11083","Yes","While in New Zealand"
"Gen2_11090","Yes","Before arriving in New Zealand"
"Gen2_11091","Yes","Before arriving in New Zealand"
"Gen2_11102","No",NA
"Gen2_1111","Yes","Before arriving in New Zealand"
"Gen2_11118","Yes","I did not receive any information"
"Gen2_11127","Yes","While in New Zealand"
"Gen2_11130","Yes","I did not receive any information"
"Gen2_11136","Yes","While in New Zealand"
"Gen2_11139","Yes","Before arriving in New Zealand"
"Gen2_11139","Yes","While in New Zealand"
"Gen2_11152","Yes","Before arriving in New Zealand"
"Gen2_11152","Yes","While in New Zealand"
"Gen2_11167","No",NA
"Gen2_11181","Yes","I did not receive any information"
"Gen2_11192","No",NA
"Gen2_11208","Yes","I did not receive any information"
"Gen2_11224","No",NA
"Gen2_11231","Yes","I did not receive any information"
"Gen2_11245","Yes","While in New Zealand"
"Gen2_11284","Yes","I did not receive any information"
"Gen2_11319","Yes","Before arriving in New Zealand"
"Gen2_11333","Yes","I did not receive any information"
"Gen2_11337","Yes","Before arriving in New Zealand"
"Gen2_11338","No",NA
"Gen2_11348","Yes","Before arriving in New Zealand"
"Gen2_11359","Yes","Before arriving in New Zealand"
"Gen2_11359","Yes","While in New Zealand"
"Gen2_11362","No",NA
"Gen2_11387","Yes","I did not receive any information"
"Gen2_11402","No",NA
"Gen2_11416","No",NA
"Gen2_11421","Yes","I did not receive any information"
"Gen2_11437","No",NA
"Gen2_11450","Yes","While in New Zealand"
"Gen2_11534","Yes","I did not receive any information"
"Gen2_11539","No",NA
"Gen2_11543","No",NA
"Gen2_11545","Yes","I did not receive any information"
"Gen2_11554","Yes","I did not receive any information"
"Gen2_11556","No",NA
"Gen2_11573","Yes","Before arriving in New Zealand"
"Gen2_11601","Yes","Before arriving in New Zealand"
"Gen2_1161","Yes","While in New Zealand"
"Gen2_11622","No",NA
"Gen2_11626","Yes","I did not receive any information"
"Gen2_11632","Yes","I did not receive any information"
"Gen2_11633","Yes","I did not receive any information"
"Gen2_11637","Yes","I did not receive any information"
"Gen2_11638","No",NA
"Gen2_11643","Yes","I did not receive any information"
"Gen2_11645","No",NA
"Gen2_11649","Yes","Before arriving in New Zealand"
"Gen2_11650","Yes","Before arriving in New Zealand"
"Gen2_11656","Yes","Before arriving in New Zealand"
"Gen2_11656","Yes","While in New Zealand"
"Gen2_11659","Yes","I did not receive any information"
"Gen2_11672","No",NA
"Gen2_11678","No",NA
"Gen2_11680","No",NA
"Gen2_11684","Yes","Before arriving in New Zealand"
"Gen2_11707","Yes","Before arriving in New Zealand"
"Gen2_11707","Yes","While in New Zealand"
"Gen2_11718","No",NA
"Gen2_11723","No",NA
"Gen2_11735","Yes","I did not receive any information"
"Gen2_11736","Yes","Before arriving in New Zealand"
"Gen2_11742","Yes","Before arriving in New Zealand"
"Gen2_11744","Yes","Before arriving in New Zealand"
"Gen2_11753","Yes","Before arriving in New Zealand"
"Gen2_11760","No",NA
"Gen2_11761","No",NA
"Gen2_11771","No",NA
"Gen2_11782","Yes","Before arriving in New Zealand"
"Gen2_11782","Yes","While in New Zealand"
"Gen2_11788","Yes","I did not receive any information"
"Gen2_11791","No",NA
"Gen2_11796","Yes","I did not receive any information"
"Gen2_11798","Yes","Before arriving in New Zealand"
"Gen2_11798","Yes","While in New Zealand"
"Gen2_11812","Yes","Before arriving in New Zealand"
"Gen2_11822","Yes","I did not receive any information"
"Gen2_11847","Yes","While in New Zealand"
"Gen2_11878","Yes","I did not receive any information"
"Gen2_11895","Yes","Before arriving in New Zealand"
"Gen2_11896","Yes","Before arriving in New Zealand"
"Gen2_11905","Yes","Before arriving in New Zealand"
"Gen2_11908","Yes","Before arriving in New Zealand"
"Gen2_11909","No",NA
"Gen2_11919","Yes","Before arriving in New Zealand"
"Gen2_11927","Yes","While in New Zealand"
"Gen2_11928","Yes","While in New Zealand"
"Gen2_11930","No",NA
"Gen2_11935","No",NA
"Gen2_11939","Yes","I did not receive any information"
"Gen2_11965","Yes","Before arriving in New Zealand"
"Gen2_11968","Yes","While in New Zealand"
"Gen2_11970","Yes","Before arriving in New Zealand"
"Gen2_11970","Yes","While in New Zealand"
"Gen2_11990","No",NA
"Gen2_11993","Yes","Before arriving in New Zealand"
"Gen2_12003","No",NA
"Gen2_12015","Can’t remember",NA
"Gen2_12016","Yes","Before arriving in New Zealand"
"Gen2_12024","No",NA
"Gen2_12031","Yes","Before arriving in New Zealand"
"Gen2_12031","Yes","While in New Zealand"
"Gen2_12033","No",NA
"Gen2_12045","Yes","While in New Zealand"
"Gen2_12052","Yes","I did not receive any information"
"Gen2_1268","No",NA
"Gen2_1355","Yes","I did not receive any information"
"Gen2_152","Yes","I did not receive any information"
"Gen2_1574","Yes","Before arriving in New Zealand"
"Gen2_1603","Yes","While in New Zealand"
"Gen2_1605","Yes","Before arriving in New Zealand"
"Gen2_1605","Yes","While in New Zealand"
"Gen2_1614","Yes","While in New Zealand"
"Gen2_1658","Yes","While in New Zealand"
"Gen2_1693","Yes","Before arriving in New Zealand"
"Gen2_1699","Yes","I did not receive any information"
"Gen2_1764","Yes","I did not receive any information"
"Gen2_1776","Yes","Before arriving in New Zealand"
"Gen2_1837","Yes","I did not receive any information"
"Gen2_1899","Yes","Before arriving in New Zealand"
"Gen2_1909","Yes","I did not receive any information"
"Gen2_1916","Yes","While in New Zealand"
"Gen2_1998","Yes","Before arriving in New Zealand"
"Gen2_1998","Yes","While in New Zealand"
"Gen2_220","Yes","I did not receive any information"
"Gen2_2275","No",NA
"Gen2_269","Yes","I did not receive any information"
"Gen2_45","Yes","Before arriving in New Zealand"
"Gen2_591","No",NA
"Gen2_684","Yes","Before arriving in New Zealand"
"Gen2_684","Yes","While in New Zealand"
"Gen2_78","Yes","I did not receive any information"
"Gen2_83","No",NA
"Gen2_85","No",NA
"Gen2_94","No",NA
