response_id,experience_more_maori_culture,improve_maori_culture_understanding,enjoy_maori_culture_experience
GEN24_1000426,Agree,NA,NA
GEN24_1000430,Don't know / Not sure,NA,NA
GEN24_1000442,Disagree,NA,NA
GEN24_1000446,Don't know / Not sure,NA,NA
GEN24_1000447,Disagree,NA,NA
GEN24_1000456,Agree,NA,NA
GEN24_1000460,Disagree,NA,NA
GEN24_1000468,Disagree,NA,NA
GEN24_1000472,Agree,NA,NA
GEN24_1000474,Agree,Agree,Agree
GEN24_1000476,Agree,NA,NA
GEN24_1000481,Disagree,NA,NA
GEN24_1000484,Agree,Agree,Agree
GEN24_1000485,Agree,Agree,Agree
GEN24_1000488,Agree,NA,NA
GEN24_1000497,Agree,NA,NA
GEN24_1000498,Agree,Agree,Agree
GEN24_1000502,Disagree,NA,NA
GEN24_1000508,Agree,NA,NA
GEN24_1000510,Disagree,NA,NA
GEN24_1000511,Don't know / Not sure,NA,NA
GEN24_1000512,Don't know / Not sure,NA,NA
GEN24_1000518,Agree,Agree,Agree
GEN24_1000521,Agree,NA,NA
GEN24_1000522,Don't know / Not sure,NA,NA
GEN24_1000523,Agree,NA,NA
GEN24_1000524,Agree,NA,NA
GEN24_1000528,Disagree,NA,NA
GEN24_1000530,Agree,NA,NA
GEN24_1000534,Don't know / Not sure,NA,NA
GEN24_1000535,Disagree,NA,NA
GEN24_1000536,Agree,Agree,Agree
GEN24_1000538,Agree,NA,NA
GEN24_1000539,Don't know / Not sure,NA,NA
GEN24_1000540,Don't know / Not sure,NA,NA
GEN24_1000542,Don't know / Not sure,NA,NA
GEN24_1000543,Don't know / Not sure,NA,NA
GEN24_1000558,Agree,NA,NA
GEN24_1000566,Don't know / Not sure,NA,NA
GEN24_1000571,Disagree,NA,NA
GEN24_1000574,Don't know / Not sure,NA,NA
GEN24_1000576,Don't know / Not sure,NA,NA
GEN24_1000581,Agree,NA,NA
GEN24_1000582,Disagree,NA,NA
GEN24_1000589,Disagree,NA,NA
GEN24_1000590,Agree,NA,NA
GEN24_1000609,Don't know / Not sure,NA,NA
GEN24_1000611,Agree,Agree,Agree
GEN24_1000612,Disagree,NA,NA
GEN24_1000615,Agree,NA,NA
GEN24_1000616,Disagree,NA,NA
GEN24_1000621,Agree,Agree,Agree
GEN24_1000622,Agree,NA,NA
GEN24_1000624,Don't know / Not sure,NA,NA
GEN24_1000625,Agree,NA,NA
GEN24_1000626,Agree,NA,NA
GEN24_1000632,Don't know / Not sure,NA,NA
GEN24_1000633,Don't know / Not sure,NA,NA
GEN24_1000637,Disagree,NA,NA
GEN24_1000643,Disagree,NA,NA
GEN24_1000649,Agree,NA,NA
GEN24_1000650,Agree,NA,NA
GEN24_1000653,Don't know / Not sure,NA,NA
GEN24_1000655,Don't know / Not sure,NA,NA
GEN24_1000660,Disagree,NA,NA
GEN24_1000662,Agree,NA,NA
GEN24_1000663,Don't know / Not sure,NA,NA
GEN24_1000664,Agree,NA,NA
GEN24_1000669,Agree,NA,NA
GEN24_1000671,Agree,NA,NA
GEN24_1000674,Don't know / Not sure,NA,NA
GEN24_1000676,Don't know / Not sure,NA,NA
GEN24_1000677,Agree,NA,NA
GEN24_1000691,Disagree,NA,NA
GEN24_1000693,Don't know / Not sure,NA,NA
GEN24_1000697,Don't know / Not sure,NA,Agree
GEN24_1000700,Disagree,NA,NA
GEN24_1000706,Don't know / Not sure,NA,Agree
GEN24_1000708,Disagree,NA,NA
GEN24_1000711,Agree,NA,NA
GEN24_1000713,Agree,NA,NA
GEN24_1000718,Agree,NA,NA
GEN24_1000719,Agree,NA,NA
GEN24_1000720,Disagree,NA,NA
GEN24_1000729,Agree,NA,NA
GEN24_1000731,Agree,NA,NA
GEN24_1000736,Agree,NA,NA
GEN24_1000739,Disagree,NA,NA
GEN24_1000746,Disagree,NA,NA
GEN24_1000748,Agree,NA,NA
GEN24_1000760,Agree,Agree,Agree
GEN24_1000766,Disagree,NA,NA
GEN24_1000778,Disagree,NA,NA
GEN24_1000781,Agree,Agree,Agree
GEN24_1000783,Agree,Agree,Agree
GEN24_1000788,Agree,Agree,Agree
GEN24_1000789,Don't know / Not sure,NA,NA
GEN24_1000790,Don't know / Not sure,NA,NA
GEN24_1000791,Agree,NA,NA
GEN24_1000792,Don't know / Not sure,NA,NA
GEN24_1000793,Agree,NA,NA
GEN24_1000797,Agree,NA,NA
GEN24_1000804,Agree,NA,NA
GEN24_1000807,Don't know / Not sure,NA,NA
GEN24_1000821,Agree,NA,NA
GEN24_1000823,Disagree,Agree,Agree
GEN24_1000824,Don't know / Not sure,NA,NA
GEN24_1000826,Don't know / Not sure,NA,NA
GEN24_1000828,Don't know / Not sure,NA,NA
GEN24_1000829,Disagree,NA,NA
GEN24_1000837,Don't know / Not sure,NA,NA
GEN24_1000844,Don't know / Not sure,NA,NA
GEN24_1000852,Disagree,NA,NA
GEN24_1000853,Agree,NA,NA
GEN24_1000857,Disagree,NA,NA
GEN24_1000864,Disagree,Agree,Agree
GEN24_1000865,Agree,Agree,Agree
GEN24_1000868,Don't know / Not sure,NA,NA
GEN24_1000869,Disagree,NA,NA
GEN24_1000870,Agree,NA,NA
GEN24_1000871,Agree,Agree,Agree
GEN24_1000873,Agree,Agree,Agree
GEN24_1000877,Agree,NA,NA
GEN24_1000879,Agree,NA,NA
GEN24_1000884,Don't know / Not sure,Agree,Agree
GEN24_1000890,Disagree,NA,NA
GEN24_1000900,Agree,NA,NA
GEN24_1000902,Disagree,NA,NA
GEN24_1000904,Don't know / Not sure,NA,NA
GEN24_1000907,Agree,NA,NA
GEN24_1000916,Agree,NA,NA
GEN24_1000918,Agree,NA,NA
GEN24_1000927,Don't know / Not sure,NA,NA
GEN24_1000928,Don't know / Not sure,NA,NA
GEN24_1000937,Agree,NA,NA
GEN24_1000945,Disagree,NA,NA
GEN24_1000948,Don't know / Not sure,NA,NA
GEN24_1000950,Don't know / Not sure,NA,NA
GEN24_1000963,Don't know / Not sure,NA,NA
GEN24_1000964,Disagree,NA,NA
GEN24_1000969,Agree,NA,NA
GEN24_1000970,Agree,NA,NA
GEN24_1000977,Disagree,NA,NA
GEN24_1000980,Agree,Agree,Agree
GEN24_1000982,Don't know / Not sure,NA,NA
GEN24_1000984,Don't know / Not sure,NA,NA
GEN24_1000986,Don't know / Not sure,NA,NA
GEN24_1000989,Disagree,NA,NA
GEN24_1000991,Agree,NA,NA
GEN24_1000992,Agree,Agree,Agree
GEN24_1000998,Don't know / Not sure,NA,NA
GEN24_1001001,Agree,NA,NA
GEN24_1001003,Disagree,Agree,Agree
GEN24_1001004,Agree,NA,NA
GEN24_1001011,Agree,NA,NA
GEN24_1001018,Don't know / Not sure,NA,NA
GEN24_1001020,Agree,NA,NA
GEN24_1001021,Don't know / Not sure,NA,NA
GEN24_1001023,Disagree,Disagree,NA
GEN24_1001027,Disagree,NA,NA
GEN24_1001038,Agree,Agree,Agree
GEN24_1001043,Agree,Agree,Agree
GEN24_1001047,Don't know / Not sure,Agree,Agree
GEN24_1001056,Agree,NA,NA
GEN24_1001059,Don't know / Not sure,NA,NA
GEN24_1001060,Don't know / Not sure,NA,NA
GEN24_1001061,Agree,NA,NA
GEN24_1001065,Agree,NA,NA
GEN24_1001068,Disagree,NA,NA
GEN24_1001069,Agree,NA,NA
GEN24_1001074,Agree,NA,NA
GEN24_1001077,Agree,NA,NA
GEN24_1001083,Don't know / Not sure,NA,NA
GEN24_1001088,Agree,NA,NA
GEN24_1001089,Agree,Agree,Agree
GEN24_1001090,Agree,NA,NA
GEN24_1001094,Agree,NA,NA
GEN24_1001100,Don't know / Not sure,NA,Agree
GEN24_1001106,Don't know / Not sure,NA,NA
GEN24_1001111,Don't know / Not sure,Disagree,NA
GEN24_1001112,Agree,NA,NA
GEN24_1001113,Disagree,Agree,Agree
GEN24_1001116,Agree,NA,NA
GEN24_1001119,Agree,NA,NA
GEN24_1001120,Agree,NA,NA
GEN24_1001125,Disagree,NA,NA
GEN24_1001130,Agree,NA,NA
GEN24_1001135,Agree,Agree,Agree
GEN24_1001139,Agree,NA,NA
GEN24_1001148,Don't know / Not sure,NA,NA
GEN24_1001151,Agree,NA,NA
GEN24_1001158,Agree,NA,NA
GEN24_1001160,Agree,Agree,Agree
GEN24_1001161,Don't know / Not sure,NA,NA
GEN24_1001164,Agree,NA,NA
GEN24_1001168,Agree,NA,NA
GEN24_1001169,Don't know / Not sure,NA,NA
GEN24_1001170,Agree,Agree,Agree
GEN24_1001176,Agree,NA,NA
GEN24_1001178,Agree,NA,NA
GEN24_1001182,Agree,NA,NA
GEN24_1001183,Agree,Agree,Agree
GEN24_1001187,Agree,Disagree,Agree
GEN24_1001188,Agree,NA,NA
GEN24_1001191,Don't know / Not sure,Agree,Agree
GEN24_1001192,Agree,NA,NA
GEN24_1001193,Disagree,NA,NA
GEN24_1001201,Agree,NA,Agree
GEN24_1001209,Agree,NA,NA
GEN24_1001221,Don't know / Not sure,NA,NA
GEN24_1001223,Agree,NA,NA
GEN24_1001226,Agree,NA,NA
GEN24_1001228,Agree,NA,NA
GEN24_1001230,Agree,NA,NA
GEN24_1001234,Don't know / Not sure,NA,NA
GEN24_1001235,Disagree,NA,NA
GEN24_1001237,Agree,NA,NA
GEN24_1001242,Agree,NA,NA
GEN24_1001245,Don't know / Not sure,NA,NA
GEN24_1001248,Disagree,NA,NA
GEN24_1001253,Agree,NA,NA
GEN24_1001256,Agree,NA,NA
GEN24_1001257,Agree,NA,NA
GEN24_1001258,Agree,NA,NA
GEN24_1001262,Don't know / Not sure,NA,NA
GEN24_1001263,Agree,NA,NA
GEN24_1001267,Don't know / Not sure,NA,NA
GEN24_1001272,Agree,NA,NA
GEN24_1001277,Disagree,NA,NA
GEN24_1001281,Agree,NA,NA
GEN24_1001282,Disagree,NA,NA
GEN24_1001297,Don't know / Not sure,NA,NA
GEN24_1001313,Agree,Agree,Agree
GEN24_1001315,Agree,NA,NA
GEN24_1001316,Agree,NA,NA
GEN24_1001317,Agree,NA,NA
GEN24_1001325,Agree,NA,NA
GEN24_1001332,Agree,NA,NA
GEN24_1001336,Agree,NA,NA
GEN24_1001338,Disagree,NA,NA
GEN24_1001350,Agree,Disagree,Agree
GEN24_1001355,Agree,NA,NA
GEN24_1001362,Agree,NA,NA
GEN24_1001367,Disagree,NA,NA
GEN24_1001370,Agree,Agree,Agree
GEN24_1001385,Don't know / Not sure,NA,NA
GEN24_1001386,Agree,Agree,Agree
GEN24_1001388,Agree,NA,NA
GEN24_1001403,Don't know / Not sure,NA,NA
GEN24_1001406,Don't know / Not sure,NA,NA
GEN24_1001407,Agree,NA,NA
GEN24_1001411,Agree,NA,NA
GEN24_1001412,Disagree,NA,NA
GEN24_1001417,Agree,NA,NA
GEN24_1001423,Don't know / Not sure,NA,NA
GEN24_1001428,Disagree,NA,NA
GEN24_1001429,Agree,NA,NA
GEN24_1001431,Agree,NA,NA
GEN24_1001432,Agree,NA,NA
GEN24_1001434,Agree,Agree,Agree
GEN24_1001440,Agree,NA,NA
GEN24_1001446,Disagree,NA,NA
GEN24_1001447,Agree,NA,NA
GEN24_1001450,Don't know / Not sure,NA,NA
GEN24_1001458,Agree,NA,NA
GEN24_1001461,Agree,NA,NA
GEN24_1001465,Agree,Agree,Agree
GEN24_1001478,Don't know / Not sure,NA,NA
GEN24_1001481,Agree,NA,NA
GEN24_1001485,Disagree,NA,NA
GEN24_1001488,Disagree,NA,NA
GEN24_1001493,Agree,NA,NA
GEN24_1001507,Agree,NA,NA
GEN24_1001511,Agree,Agree,Agree
GEN24_1001514,Agree,NA,NA
GEN24_1001515,Agree,NA,NA
GEN24_1001519,Disagree,NA,NA
GEN24_1001520,Don't know / Not sure,NA,NA
GEN24_1001524,Disagree,NA,Disagree
GEN24_1001526,Don't know / Not sure,NA,NA
GEN24_1001527,Agree,Agree,Agree
GEN24_1001534,Disagree,NA,NA
GEN24_1001540,Agree,Agree,Agree
GEN24_1001542,Disagree,NA,NA
GEN24_1001543,Don't know / Not sure,NA,NA
GEN24_1001547,Agree,Agree,Agree
GEN24_1001548,Agree,NA,NA
GEN24_1001552,Agree,Disagree,Agree
GEN24_1001557,Don't know / Not sure,NA,NA
GEN24_1001558,Agree,NA,NA
GEN24_1001560,Don't know / Not sure,NA,NA
GEN24_1001562,Don't know / Not sure,NA,NA
GEN24_1001566,Agree,NA,NA
GEN24_1001569,Don't know / Not sure,NA,NA
GEN24_1001571,Disagree,NA,NA
GEN24_1001572,Don't know / Not sure,NA,NA
GEN24_1001579,Agree,NA,NA
GEN24_1001587,Disagree,NA,NA
GEN24_1001592,Agree,NA,NA
GEN24_1001595,Don't know / Not sure,NA,NA
GEN24_1001600,Don't know / Not sure,NA,NA
GEN24_1001610,Agree,NA,NA
GEN24_1001613,Agree,NA,NA
GEN24_1001615,Don't know / Not sure,NA,NA
GEN24_1001622,Agree,NA,NA
GEN24_1001623,Don't know / Not sure,Agree,Agree
GEN24_1001624,Don't know / Not sure,NA,NA
GEN24_1001637,Disagree,NA,NA
GEN24_1001641,Agree,NA,NA
GEN24_1001646,Agree,NA,NA
GEN24_1001651,Agree,Agree,Agree
GEN24_1001659,Agree,NA,NA
GEN24_1001666,Agree,NA,NA
GEN24_1001667,Agree,Agree,Agree
GEN24_1001669,Disagree,NA,NA
GEN24_1001670,Don't know / Not sure,NA,NA
GEN24_1001671,Agree,NA,NA
GEN24_1001675,Disagree,NA,NA
GEN24_1001681,Don't know / Not sure,NA,NA
GEN24_1001683,Agree,NA,NA
GEN24_1001688,Disagree,NA,NA
GEN24_1001693,Disagree,NA,NA
GEN24_1001696,Agree,Agree,Agree
GEN24_1001697,Don't know / Not sure,NA,NA
GEN24_1001700,Don't know / Not sure,NA,NA
GEN24_1001701,Agree,NA,NA
GEN24_1001702,Don't know / Not sure,Agree,Agree
GEN24_1001705,Disagree,NA,NA
GEN24_1001711,Agree,NA,NA
GEN24_1001717,Agree,NA,NA
GEN24_1001718,Disagree,NA,NA
GEN24_1001727,Disagree,NA,NA
GEN24_1001728,Don't know / Not sure,Agree,Agree
GEN24_1001733,Don't know / Not sure,NA,NA
GEN24_1001738,Disagree,NA,NA
GEN24_1001740,Disagree,NA,NA
GEN24_1001742,Disagree,NA,NA
GEN24_1001746,Don't know / Not sure,NA,NA
GEN24_1001747,Agree,NA,NA
GEN24_1001749,Don't know / Not sure,Disagree,Agree
GEN24_1001755,Don't know / Not sure,NA,NA
GEN24_1001757,Agree,NA,NA
GEN24_1001758,Agree,NA,NA
GEN24_1001762,Don't know / Not sure,NA,NA
GEN24_1001763,Disagree,NA,NA
GEN24_1001764,Agree,NA,NA
GEN24_1001765,Agree,Agree,Agree
GEN24_1001766,Agree,Agree,Agree
GEN24_1001771,Agree,NA,NA
GEN24_1001773,Don't know / Not sure,NA,NA
GEN24_1001775,Disagree,NA,NA
GEN24_1001779,Agree,NA,NA
GEN24_1001782,Agree,NA,NA
GEN24_1001785,Don't know / Not sure,NA,NA
GEN24_1001790,Disagree,NA,NA
GEN24_1001791,Agree,NA,NA
GEN24_1001793,Don't know / Not sure,Agree,Agree
GEN24_1001794,Disagree,NA,NA
GEN24_1001796,Agree,NA,NA
GEN24_1001797,Disagree,NA,NA
GEN24_1001798,Agree,NA,NA
GEN24_1001803,Disagree,NA,NA
GEN24_1001805,Agree,NA,NA
GEN24_1001806,Disagree,NA,NA
GEN24_1001809,Don't know / Not sure,NA,Agree
GEN24_1001810,Don't know / Not sure,NA,NA
GEN24_1001811,Don't know / Not sure,NA,NA
GEN24_1001813,Disagree,NA,NA
GEN24_1001818,Agree,NA,NA
GEN24_1001819,Disagree,NA,NA
GEN24_1001822,Agree,NA,NA
GEN24_1001826,Agree,NA,NA
GEN24_1001835,Don't know / Not sure,NA,NA
GEN24_1001841,Agree,Agree,Agree
GEN24_1001843,Agree,NA,NA
GEN24_1001844,Don't know / Not sure,NA,NA
GEN24_1001848,Agree,NA,NA
GEN24_1001851,Agree,Agree,Agree
GEN24_1001852,Agree,NA,NA
GEN24_1001853,Agree,NA,NA
GEN24_1001854,Don't know / Not sure,NA,NA
GEN24_1001855,Disagree,NA,NA
GEN24_1001856,Don't know / Not sure,NA,NA
GEN24_1001857,Agree,NA,NA
GEN24_1001862,Agree,Agree,Agree
GEN24_1001864,Agree,Agree,Agree
GEN24_1001865,Agree,NA,NA
GEN24_1001866,Agree,NA,Agree
GEN24_1001872,Disagree,NA,NA
GEN24_1001881,Disagree,NA,NA
GEN24_1001884,Don't know / Not sure,NA,NA
GEN24_1001885,Agree,NA,NA
GEN24_1001887,Agree,NA,NA
GEN24_1001889,Don't know / Not sure,NA,NA
GEN24_1001893,Agree,NA,NA
GEN24_1001901,Agree,NA,NA
GEN24_1001904,Don't know / Not sure,NA,NA
GEN24_1001906,Disagree,NA,NA
GEN24_1001908,Agree,NA,NA
GEN24_1001915,Agree,NA,NA
GEN24_1001917,Agree,Agree,Agree
GEN24_1001918,Don't know / Not sure,NA,NA
GEN24_1001921,Don't know / Not sure,Agree,Agree
GEN24_1001924,Agree,Agree,Agree
GEN24_1001930,Agree,NA,NA
GEN24_1001932,Don't know / Not sure,NA,NA
GEN24_1001933,Disagree,NA,NA
GEN24_1001934,Agree,Agree,Agree
GEN24_1001935,Disagree,NA,NA
GEN24_1001936,Don't know / Not sure,NA,NA
GEN24_1001940,Disagree,NA,NA
GEN24_1001943,Agree,Agree,Agree
GEN24_1001944,Agree,Agree,Agree
GEN24_1001945,Agree,NA,NA
GEN24_1001948,Agree,NA,NA
GEN24_1001951,Agree,NA,NA
GEN24_1001955,Agree,NA,NA
GEN24_1001961,Don't know / Not sure,NA,NA
GEN24_1001963,Don't know / Not sure,NA,NA
GEN24_1001971,Disagree,NA,NA
GEN24_1001972,Agree,NA,NA
GEN24_1001975,Agree,NA,NA
GEN24_1001976,Agree,NA,NA
GEN24_1001984,Agree,NA,NA
GEN24_1001985,Disagree,NA,NA
GEN24_1001986,Agree,NA,NA
GEN24_1001987,Don't know / Not sure,NA,NA
GEN24_1001988,Disagree,NA,NA
GEN24_1001992,Don't know / Not sure,NA,NA
GEN24_1001993,Don't know / Not sure,NA,NA
GEN24_1001998,Agree,Agree,Agree
GEN24_1002000,Agree,Agree,Agree
GEN24_1002003,Don't know / Not sure,NA,NA
GEN24_1002005,Agree,NA,NA
GEN24_1002007,Disagree,NA,NA
GEN24_1002009,Agree,NA,NA
GEN24_1002010,Agree,NA,NA
GEN24_1002011,Agree,NA,NA
GEN24_1002013,Agree,NA,NA
GEN24_1002016,Agree,NA,NA
GEN24_1002017,Disagree,NA,NA
GEN24_1002018,Don't know / Not sure,NA,NA
GEN24_1002020,Don't know / Not sure,NA,NA
GEN24_1002021,Agree,NA,NA
GEN24_1002022,Don't know / Not sure,NA,NA
GEN24_1002025,Agree,Agree,Agree
GEN24_1002026,Disagree,NA,NA
GEN24_1002027,Don't know / Not sure,NA,NA
GEN24_1002030,Don't know / Not sure,NA,NA
GEN24_1002031,Disagree,NA,NA
GEN24_1002032,Agree,NA,NA
GEN24_1002035,Agree,Agree,Agree
GEN24_1002037,Disagree,NA,NA
GEN24_1002039,Disagree,NA,NA
GEN24_1002042,Disagree,NA,NA
GEN24_1002043,Don't know / Not sure,NA,NA
GEN24_1002046,Agree,NA,NA
GEN24_1002050,Agree,NA,NA
GEN24_1002052,Agree,NA,NA
GEN24_1002065,Agree,NA,NA
GEN24_1002072,Don't know / Not sure,Agree,Agree
GEN24_1002077,Disagree,NA,NA
GEN24_1002078,Agree,NA,NA
GEN24_1002079,Disagree,NA,NA
GEN24_1002083,Agree,NA,NA
GEN24_1002088,Agree,NA,NA
GEN24_1002089,Agree,NA,NA
GEN24_1002092,Don't know / Not sure,NA,NA
GEN24_1002093,Disagree,NA,NA
GEN24_1002094,Don't know / Not sure,NA,NA
GEN24_1002095,Disagree,NA,NA
GEN24_1002096,Agree,NA,NA
GEN24_1002110,Agree,NA,NA
GEN24_1002111,Don't know / Not sure,NA,NA
GEN24_1002113,Disagree,NA,NA
GEN24_1002114,Don't know / Not sure,NA,NA
GEN24_1002119,Agree,NA,NA
GEN24_1002121,Disagree,NA,NA
GEN24_1002122,Agree,Agree,Agree
GEN24_1002128,Agree,Agree,Agree
GEN24_1002130,Agree,NA,NA
GEN24_1002138,Don't know / Not sure,NA,NA
GEN24_1002147,Disagree,NA,NA
GEN24_1002149,Agree,NA,NA
GEN24_1002157,Don't know / Not sure,NA,NA
GEN24_1002158,Agree,Agree,Agree
GEN24_1002160,Agree,NA,NA
GEN24_1002171,Don't know / Not sure,NA,NA
GEN24_1002172,Don't know / Not sure,NA,NA
GEN24_1002177,Disagree,Disagree,Agree
GEN24_1002180,Don't know / Not sure,NA,NA
GEN24_1002182,Agree,NA,NA
GEN24_1002191,Agree,NA,NA
GEN24_1002200,Agree,NA,NA
GEN24_1002201,Don't know / Not sure,NA,NA
GEN24_1002210,Disagree,NA,NA
GEN24_1002211,Disagree,NA,NA
GEN24_1002221,Agree,Agree,Agree
GEN24_1002226,Don't know / Not sure,NA,NA
GEN24_1002229,Disagree,NA,NA
GEN24_1002231,Agree,NA,NA
GEN24_1002242,Agree,NA,NA
GEN24_1002244,Don't know / Not sure,NA,Agree
GEN24_1002250,Don't know / Not sure,NA,NA
GEN24_1002251,Agree,NA,Agree
GEN24_1002256,Don't know / Not sure,NA,NA
GEN24_1002258,Agree,NA,NA
GEN24_1002259,Agree,NA,NA
GEN24_1002279,Agree,NA,NA
GEN24_1002284,Don't know / Not sure,NA,NA
GEN24_1002291,Don't know / Not sure,NA,NA
GEN24_1002297,Agree,Agree,Agree
GEN24_1002298,Agree,Agree,Agree
GEN24_1002301,Agree,NA,NA
GEN24_1002304,Agree,Agree,Agree
GEN24_1002306,Disagree,Disagree,Agree
GEN24_1002307,Don't know / Not sure,NA,NA
GEN24_1002308,Disagree,NA,NA
GEN24_1002310,Don't know / Not sure,NA,NA
GEN24_1002312,Agree,Agree,Agree
GEN24_1002313,Don't know / Not sure,Agree,Agree
GEN24_1002321,Agree,NA,NA
GEN24_1002331,Agree,Agree,Agree
GEN24_1002334,Don't know / Not sure,NA,NA
GEN24_1002338,Agree,NA,NA
GEN24_1002344,Don't know / Not sure,NA,NA
GEN24_1002345,Don't know / Not sure,NA,NA
GEN24_1002346,Don't know / Not sure,NA,NA
GEN24_1002351,Agree,NA,NA
GEN24_1002353,Disagree,NA,NA
GEN24_1002354,Disagree,NA,NA
GEN24_1002361,Agree,Agree,Agree
GEN24_1002366,Agree,NA,NA
GEN24_1002367,Agree,NA,NA
GEN24_1002369,Disagree,NA,NA
GEN24_1002370,Agree,NA,NA
GEN24_1002372,Disagree,Disagree,Agree
GEN24_1002374,Agree,NA,NA
GEN24_1002375,Agree,NA,NA
GEN24_1002380,Disagree,NA,NA
GEN24_1002381,Don't know / Not sure,NA,NA
GEN24_1002382,Disagree,NA,NA
GEN24_1002383,Agree,NA,NA
GEN24_1002384,Disagree,Agree,Agree
GEN24_1002396,Disagree,Agree,Agree
GEN24_1002399,Disagree,Disagree,Agree
GEN24_1002400,Disagree,NA,NA
GEN24_1002403,Disagree,NA,NA
GEN24_1002413,Disagree,NA,NA
GEN24_1002414,Agree,NA,NA
GEN24_1002416,Agree,Agree,Agree
GEN24_1002426,Agree,NA,NA
GEN24_1002428,Don't know / Not sure,NA,NA
GEN24_1002430,Disagree,NA,NA
GEN24_1002435,Agree,Agree,Agree
GEN24_1002436,Agree,NA,NA
GEN24_1002437,Disagree,NA,NA
GEN24_1002438,Disagree,NA,NA
GEN24_1002442,Agree,NA,NA
GEN24_1002443,Don't know / Not sure,NA,NA
GEN24_1002445,Agree,NA,NA
GEN24_1002446,Disagree,NA,NA
GEN24_1002447,Disagree,NA,NA
GEN24_1002450,Agree,Agree,Agree
GEN24_1002451,Don't know / Not sure,NA,Agree
GEN24_1002452,Don't know / Not sure,NA,NA
GEN24_1002466,Don't know / Not sure,NA,NA
GEN24_1002470,Disagree,NA,NA
GEN24_1002475,Disagree,NA,NA
GEN24_1002478,Don't know / Not sure,NA,NA
GEN24_1002481,Agree,NA,NA
GEN24_1002488,Agree,NA,NA
GEN24_1002491,Agree,NA,NA
GEN24_1002496,Don't know / Not sure,NA,NA
GEN24_1002498,Agree,NA,NA
GEN24_1002505,Disagree,Agree,Agree
GEN24_1002507,Agree,NA,NA
GEN24_1002508,Agree,NA,NA
GEN24_1002509,Agree,Agree,Agree
GEN24_1002510,Disagree,NA,NA
GEN24_1002513,Agree,Agree,Agree
GEN24_1002514,Don't know / Not sure,NA,NA
GEN24_1002519,Agree,NA,NA
GEN24_1002524,Agree,NA,NA
GEN24_1002525,Don't know / Not sure,NA,NA
GEN24_1002530,Don't know / Not sure,NA,NA
GEN24_1002536,Disagree,NA,NA
GEN24_1002538,Don't know / Not sure,NA,NA
GEN24_1002544,Don't know / Not sure,NA,NA
GEN24_1002546,Disagree,NA,NA
GEN24_1002549,Agree,Agree,Agree
GEN24_1002550,Agree,NA,NA
GEN24_1002553,Disagree,NA,NA
GEN24_1002554,Disagree,Agree,Agree
GEN24_1002556,Disagree,NA,NA
GEN24_1002559,Disagree,NA,NA
GEN24_1002561,Agree,NA,NA
GEN24_1002566,Don't know / Not sure,NA,NA
GEN24_1002580,Agree,Agree,Agree
GEN24_1002582,Agree,Agree,Agree
GEN24_1002583,Agree,NA,NA
GEN24_1002584,Agree,Agree,Agree
GEN24_1002585,Disagree,NA,NA
GEN24_1002588,Don't know / Not sure,NA,NA
GEN24_1002592,Agree,NA,NA
GEN24_1002593,Don't know / Not sure,NA,NA
GEN24_1002594,Agree,NA,NA
GEN24_1002597,Agree,NA,NA
GEN24_1002607,Agree,NA,NA
GEN24_1002620,Agree,NA,NA
GEN24_1002627,Agree,NA,NA
GEN24_1002629,Agree,NA,NA
GEN24_1002635,Don't know / Not sure,NA,NA
GEN24_1002640,Agree,NA,NA
GEN24_1002642,Agree,NA,NA
GEN24_1002666,Agree,Agree,Agree
GEN24_1002667,Don't know / Not sure,NA,NA
GEN24_1002668,Don't know / Not sure,NA,NA
GEN24_1002670,Don't know / Not sure,NA,NA
GEN24_1002671,Agree,NA,NA
GEN24_1002672,Don't know / Not sure,NA,NA
GEN24_1002673,Disagree,NA,NA
GEN24_1002674,Agree,Agree,Agree
GEN24_1002677,Agree,Agree,Agree
GEN24_1002681,Disagree,NA,NA
GEN24_1002687,Disagree,NA,NA
GEN24_1002688,Agree,NA,NA
GEN24_1002694,Agree,Agree,Agree
GEN24_1002707,Agree,NA,NA
GEN24_1002717,Agree,NA,NA
GEN24_1002725,Agree,Agree,Agree
GEN24_1002727,Agree,NA,NA
GEN24_1002731,Disagree,NA,NA
GEN24_1002733,Agree,NA,NA
GEN24_1002741,Agree,NA,NA
GEN24_1002753,Disagree,NA,NA
GEN24_1002758,Agree,NA,NA
GEN24_1002760,Disagree,NA,NA
GEN24_1002762,Disagree,NA,NA
GEN24_1002763,Agree,NA,NA
GEN24_1002770,Don't know / Not sure,NA,NA
GEN24_1002771,Disagree,NA,NA
GEN24_1002774,Agree,NA,NA
GEN24_1002778,Disagree,Disagree,Agree
GEN24_1002782,Agree,NA,NA
GEN24_1002786,Don't know / Not sure,NA,NA
GEN24_1002794,Disagree,NA,NA
GEN24_1002797,Agree,NA,NA
GEN24_1002799,Don't know / Not sure,NA,NA
GEN24_1002801,Disagree,NA,NA
GEN24_1002803,Agree,NA,NA
GEN24_1002804,Don't know / Not sure,NA,NA
GEN24_1002807,Disagree,NA,NA
GEN24_1002808,Agree,NA,NA
GEN24_1002812,Don't know / Not sure,NA,NA
GEN24_1002813,Agree,NA,NA
GEN24_1002816,Agree,NA,NA
GEN24_1002817,Don't know / Not sure,Agree,Agree
GEN24_1002819,Agree,NA,NA
GEN24_1002820,Don't know / Not sure,NA,NA
GEN24_1002824,Agree,Agree,Agree
GEN24_1002826,Agree,NA,NA
GEN24_1002836,Agree,Agree,Agree
GEN24_1002839,Agree,NA,NA
GEN24_1002840,Disagree,NA,NA
GEN24_1002848,Agree,Agree,Agree
GEN24_1002853,Agree,NA,NA
GEN24_1002855,Agree,NA,NA
GEN24_1002856,Agree,NA,NA
GEN24_1002858,Agree,NA,NA
GEN24_1002860,Agree,Agree,Agree
GEN24_1002864,Don't know / Not sure,NA,NA
GEN24_1002865,Agree,Agree,Agree
GEN24_1002874,Disagree,NA,NA
GEN24_1002880,Agree,NA,NA
GEN24_1002881,Don't know / Not sure,NA,NA
GEN24_1002882,Agree,NA,NA
GEN24_1002883,Agree,NA,NA
GEN24_1002884,Don't know / Not sure,NA,NA
GEN24_1002888,Agree,NA,NA
GEN24_1002889,Agree,NA,NA
GEN24_1002892,Agree,Agree,Agree
GEN24_1002894,Agree,NA,NA
GEN24_1002906,Don't know / Not sure,NA,NA
GEN24_1002907,Agree,NA,NA
GEN24_1002912,Agree,NA,NA
GEN24_1002919,Agree,NA,NA
GEN24_1002920,Don't know / Not sure,NA,NA
GEN24_1002921,Don't know / Not sure,NA,NA
GEN24_1002922,Don't know / Not sure,NA,NA
GEN24_1002929,Agree,NA,NA
GEN24_1002932,Don't know / Not sure,NA,NA
GEN24_1002940,Disagree,NA,NA
GEN24_1002943,Disagree,NA,NA
GEN24_1002946,Agree,NA,NA
GEN24_1002948,Agree,NA,NA
GEN24_1002951,Disagree,NA,NA
GEN24_1002952,Agree,NA,NA
GEN24_1002960,Don't know / Not sure,Agree,Agree
GEN24_1002969,Agree,NA,NA
GEN24_1002971,Agree,NA,NA
GEN24_1002974,Agree,NA,NA
GEN24_1002978,Agree,NA,NA
GEN24_1002981,Agree,NA,NA
GEN24_1002982,Agree,NA,NA
GEN24_1002984,Agree,NA,NA
GEN24_1002985,Agree,NA,NA
GEN24_1002986,Agree,NA,NA
GEN24_1002987,Don't know / Not sure,NA,NA
GEN24_1002988,Agree,NA,NA
GEN24_1002990,Agree,NA,NA
GEN24_1002997,Agree,NA,NA
GEN24_1003006,Disagree,NA,NA
GEN24_1003021,Disagree,NA,NA
GEN24_1003022,Disagree,NA,NA
GEN24_1003025,Disagree,NA,NA
GEN24_1003026,Agree,Agree,Agree
GEN24_1003029,Disagree,NA,NA
GEN24_1003032,Agree,NA,NA
GEN24_1003042,Agree,NA,NA
GEN24_1003047,Agree,NA,NA
GEN24_1003058,Don't know / Not sure,NA,NA
GEN24_1003061,Agree,Disagree,Disagree
GEN24_1003064,Agree,NA,NA
GEN24_1003065,Disagree,NA,NA
GEN24_1003066,Agree,NA,NA
GEN24_1003072,Agree,NA,NA
GEN24_1003076,Agree,Agree,Agree
GEN24_1003077,Agree,NA,NA
GEN24_1003079,Disagree,NA,NA
GEN24_1003080,Agree,NA,NA
GEN24_1003081,Agree,NA,NA
GEN24_1003084,Don't know / Not sure,NA,NA
GEN24_1003092,Disagree,NA,NA
GEN24_1003098,Agree,Agree,Agree
GEN24_1003106,Disagree,NA,NA
GEN24_1003107,Agree,Agree,Agree
GEN24_1003109,Disagree,NA,NA
GEN24_1003115,Don't know / Not sure,NA,NA
GEN24_1003116,Agree,NA,NA
GEN24_1003118,Disagree,NA,NA
GEN24_1003129,Agree,Agree,Agree
GEN24_1003131,Disagree,NA,NA
GEN24_1003133,Don't know / Not sure,NA,NA
GEN24_1003138,Agree,Agree,Agree
GEN24_1003142,Agree,Agree,Agree
GEN24_1003143,Agree,Agree,Agree
GEN24_1003146,Agree,NA,NA
GEN24_1003149,Agree,NA,NA
GEN24_1003151,Agree,NA,NA
GEN24_1003158,Agree,Agree,Agree
GEN24_1003161,Disagree,NA,NA
GEN24_1003162,Agree,NA,NA
GEN24_1003175,Agree,NA,NA
GEN24_1003176,Agree,Agree,Agree
GEN24_1003178,Agree,Agree,Agree
GEN24_1003181,Agree,Agree,Agree
GEN24_1003185,Disagree,Agree,Agree
GEN24_1003189,Agree,NA,NA
GEN24_1003202,Agree,Agree,Agree
GEN24_1003203,Agree,Agree,Agree
GEN24_1003205,Agree,NA,NA
GEN24_1003206,Don't know / Not sure,Agree,Agree
GEN24_1003209,Don't know / Not sure,NA,NA
GEN24_1003214,Disagree,NA,NA
GEN24_1003215,Disagree,NA,NA
GEN24_1003216,Don't know / Not sure,NA,NA
GEN24_1003217,Agree,NA,NA
GEN24_1003221,Agree,NA,NA
GEN24_1003223,Agree,NA,NA
GEN24_1003231,Don't know / Not sure,NA,NA
GEN24_1003235,Agree,Agree,Agree
GEN24_1003240,Don't know / Not sure,NA,NA
GEN24_1003243,Agree,NA,NA
GEN24_1003250,Agree,NA,NA
GEN24_1003257,Disagree,NA,NA
GEN24_1003259,Agree,Agree,Agree
GEN24_1003265,Agree,NA,NA
GEN24_1003268,Agree,NA,NA
GEN24_1003269,Agree,Agree,Agree
GEN24_1003273,Agree,NA,NA
GEN24_1003277,Disagree,NA,NA
GEN24_1003278,Don't know / Not sure,NA,NA
GEN24_1003279,Agree,NA,NA
GEN24_1003280,Agree,Agree,Agree
GEN24_1003281,Don't know / Not sure,NA,NA
GEN24_1003283,Agree,NA,NA
GEN24_1003290,Agree,NA,NA
GEN24_1003297,Agree,NA,NA
GEN24_1003314,Agree,Agree,Agree
GEN24_1003318,Agree,NA,NA
GEN24_1003319,Disagree,NA,NA
GEN24_1003323,Don't know / Not sure,NA,NA
GEN24_1003325,Don't know / Not sure,NA,NA
GEN24_1003330,Agree,NA,NA
GEN24_1003337,Don't know / Not sure,NA,NA
GEN24_1003338,Agree,NA,NA
GEN24_1003339,Agree,NA,NA
GEN24_1003341,Disagree,NA,NA
GEN24_1003345,Agree,NA,NA
GEN24_1003347,Agree,NA,NA
GEN24_1003354,Disagree,NA,NA
GEN24_1003370,Agree,Agree,Agree
GEN24_1003371,Agree,NA,NA
GEN24_1003373,Agree,NA,NA
GEN24_1003376,Agree,NA,NA
GEN24_1003377,Agree,NA,Agree
GEN24_1003378,Don't know / Not sure,NA,NA
GEN24_1003379,Agree,Agree,Agree
GEN24_1003387,Agree,Agree,Agree
GEN24_1003394,Agree,Agree,Agree
GEN24_1003398,Agree,Agree,Agree
GEN24_1003403,Agree,Agree,Agree
GEN24_1003415,Agree,Agree,Agree
GEN24_1003429,Don't know / Not sure,NA,NA
GEN24_1003430,Don't know / Not sure,Agree,Agree
GEN24_1003433,Don't know / Not sure,NA,NA
GEN24_1003435,Don't know / Not sure,NA,NA
GEN24_1003439,Agree,NA,NA
GEN24_1003445,Agree,NA,NA
GEN24_1003448,Agree,NA,NA
GEN24_1003449,Don't know / Not sure,NA,NA
GEN24_1003454,Agree,NA,NA
GEN24_1003456,Agree,NA,NA
GEN24_1003461,Agree,Agree,Agree
GEN24_1003466,Agree,Agree,Agree
GEN24_1003469,Disagree,NA,NA
GEN24_1003470,Agree,NA,NA
GEN24_1003472,Agree,NA,NA
GEN24_1003476,Agree,NA,NA
GEN24_1003482,Disagree,NA,NA
GEN24_1003486,Disagree,NA,NA
GEN24_1003490,Agree,NA,NA
GEN24_1003491,Agree,NA,NA
GEN24_1003495,Agree,Agree,Agree
GEN24_1003498,Don't know / Not sure,NA,NA
GEN24_1003499,Don't know / Not sure,NA,NA
GEN24_1003500,Disagree,NA,NA
GEN24_1003502,Agree,Agree,Agree
GEN24_1003503,Agree,NA,NA
GEN24_1003508,Agree,NA,NA
GEN24_1003509,Agree,NA,NA
GEN24_1003510,Agree,Disagree,Agree
GEN24_1003511,Disagree,NA,NA
GEN24_1003513,Agree,NA,NA
GEN24_1003515,Disagree,NA,NA
GEN24_1003525,Disagree,NA,NA
GEN24_1003527,Agree,NA,NA
GEN24_1003528,Agree,NA,NA
GEN24_1003537,Agree,NA,NA
GEN24_1003538,Agree,Agree,Agree
GEN24_1003542,Disagree,NA,NA
GEN24_1003549,Agree,NA,NA
GEN24_1003563,Agree,NA,NA
GEN24_1003570,Agree,NA,NA
GEN24_1003577,Don't know / Not sure,Agree,Agree
GEN24_1003580,Agree,Agree,Agree
GEN24_1003586,Agree,NA,NA
GEN24_1003591,Agree,Agree,Agree
GEN24_1003593,Don't know / Not sure,NA,NA
GEN24_1003599,Disagree,Agree,Agree
GEN24_1003602,Agree,Agree,Agree
GEN24_1003610,Agree,NA,NA
GEN24_1003611,Agree,NA,NA
GEN24_1003614,Agree,NA,NA
GEN24_1003622,Don't know / Not sure,NA,NA
GEN24_1003627,Agree,NA,NA
GEN24_1003629,Agree,NA,NA
GEN24_1003633,Agree,NA,Agree
GEN24_1003639,Don't know / Not sure,Agree,Agree
GEN24_1003645,Agree,NA,NA
GEN24_1003647,Agree,NA,NA
GEN24_1003651,Agree,NA,NA
GEN24_1003673,Agree,NA,NA
GEN24_1003674,Agree,NA,NA
GEN24_1003678,Disagree,NA,NA
GEN24_1003684,Disagree,NA,NA
GEN24_1003685,Disagree,NA,NA
GEN24_1003687,Agree,NA,NA
GEN24_1003688,Agree,NA,NA
GEN24_1003708,Don't know / Not sure,NA,NA
GEN24_1003713,Don't know / Not sure,NA,NA
GEN24_1003714,Disagree,NA,NA
GEN24_1003722,Agree,NA,NA
GEN24_1003724,Don't know / Not sure,NA,NA
GEN24_1003726,Disagree,Agree,Agree
GEN24_1003728,Agree,NA,NA
GEN24_1003730,Agree,NA,NA
GEN24_1003731,Disagree,NA,NA
GEN24_1003732,Don't know / Not sure,NA,NA
GEN24_1003734,Disagree,NA,NA
GEN24_1003735,Agree,NA,NA
GEN24_1003736,Disagree,NA,NA
GEN24_1003738,Agree,Agree,Agree
GEN24_1003741,Agree,NA,NA
GEN24_1003742,Agree,Agree,Agree
GEN24_1003750,Don't know / Not sure,NA,NA
GEN24_1003753,Agree,Agree,Agree
GEN24_1003756,Agree,NA,NA
GEN24_1003759,Don't know / Not sure,NA,NA
GEN24_1003760,Agree,Agree,Agree
GEN24_1003767,Disagree,NA,NA
GEN24_1003773,Don't know / Not sure,NA,NA
GEN24_1003777,Disagree,NA,NA
GEN24_1003781,Disagree,NA,NA
GEN24_1003782,Disagree,NA,NA
GEN24_1003783,Agree,NA,NA
GEN24_1003785,Agree,Agree,Agree
GEN24_1003794,Disagree,Agree,Agree
GEN24_1003795,Disagree,Disagree,Agree
GEN24_1003803,Agree,Agree,Agree
GEN24_1003808,Agree,NA,NA
GEN24_1003825,Disagree,NA,NA
GEN24_1003829,Agree,Agree,Agree
GEN24_1003834,Don't know / Not sure,NA,NA
GEN24_1003836,Don't know / Not sure,NA,NA
GEN24_1003838,Don't know / Not sure,NA,NA
GEN24_1003842,Agree,Agree,Agree
GEN24_1003844,Agree,Agree,Agree
GEN24_1003846,Agree,NA,NA
GEN24_1003847,Don't know / Not sure,Agree,Agree
GEN24_1003851,Don't know / Not sure,NA,NA
GEN24_1003853,Don't know / Not sure,NA,NA
GEN24_1003857,Don't know / Not sure,NA,NA
GEN24_1003865,Disagree,NA,NA
GEN24_1003871,Agree,Agree,Agree
GEN24_1003872,Agree,NA,NA
GEN24_1003893,Agree,NA,NA
GEN24_1003903,Don't know / Not sure,NA,NA
GEN24_1003906,Don't know / Not sure,NA,NA
GEN24_1003907,Agree,Agree,Agree
GEN24_1003908,Don't know / Not sure,NA,NA
GEN24_1003909,Don't know / Not sure,NA,NA
GEN24_1003910,Agree,NA,NA
GEN24_1003911,Don't know / Not sure,NA,NA
GEN24_1003914,Disagree,NA,NA
GEN24_1003917,Agree,Agree,Agree
GEN24_1003920,Disagree,NA,NA
GEN24_1003922,Don't know / Not sure,NA,NA
GEN24_1003926,Disagree,NA,NA
GEN24_1003928,Disagree,Agree,Agree
GEN24_1003930,Agree,Agree,Agree
GEN24_1003936,Disagree,NA,NA
GEN24_1003947,Don't know / Not sure,NA,NA
GEN24_1003954,Agree,NA,NA
GEN24_1003955,Agree,NA,NA
GEN24_1003960,Agree,NA,NA
GEN24_1003962,Agree,NA,NA
GEN24_1003964,Don't know / Not sure,NA,NA
GEN24_1003968,Agree,NA,NA
GEN24_1003971,Agree,NA,NA
GEN24_1003973,Don't know / Not sure,NA,NA
GEN24_1003974,Agree,NA,NA
GEN24_1003975,Agree,Agree,Agree
GEN24_1003976,Don't know / Not sure,NA,NA
GEN24_1003988,Don't know / Not sure,NA,NA
GEN24_1003992,Agree,NA,NA
GEN24_1003994,Don't know / Not sure,NA,NA
GEN24_1003996,Agree,NA,NA
GEN24_1003998,Agree,NA,NA
GEN24_1003999,Agree,NA,NA
GEN24_1004005,Don't know / Not sure,NA,NA
GEN24_1004006,Agree,NA,NA
GEN24_1004009,Agree,NA,NA
GEN24_1004021,Agree,NA,NA
GEN24_1004022,Agree,NA,NA
GEN24_1004024,Agree,NA,NA
GEN24_1004033,Agree,Agree,Agree
GEN24_1004036,Don't know / Not sure,NA,NA
GEN24_1004039,Agree,NA,NA
GEN24_1004048,Agree,NA,NA
GEN24_1004049,Agree,Agree,Agree
GEN24_1004051,Agree,Agree,Agree
GEN24_1004054,Agree,Agree,Agree
GEN24_1004057,Don't know / Not sure,NA,NA
GEN24_1004061,Agree,NA,NA
GEN24_1004073,Don't know / Not sure,NA,NA
GEN24_1004074,Agree,NA,NA
GEN24_1004075,Don't know / Not sure,NA,NA
GEN24_1004083,Agree,NA,NA
GEN24_1004088,Disagree,NA,NA
GEN24_1004090,Don't know / Not sure,NA,NA
GEN24_1004091,Don't know / Not sure,NA,NA
GEN24_1004094,Agree,Agree,Agree
GEN24_1004100,Don't know / Not sure,Agree,Agree
GEN24_1004109,Don't know / Not sure,Agree,Agree
GEN24_1004113,Agree,NA,NA
GEN24_1004116,Agree,Disagree,Agree
GEN24_1004119,Agree,NA,NA
GEN24_1004124,Agree,NA,NA
GEN24_1004129,Don't know / Not sure,NA,NA
GEN24_1004136,Disagree,NA,NA
GEN24_1004143,Disagree,NA,NA
GEN24_1004147,Don't know / Not sure,NA,NA
GEN24_1004149,Agree,NA,NA
GEN24_1004154,Agree,Agree,Agree
GEN24_1004157,Agree,Agree,Agree
GEN24_1004158,Agree,NA,NA
GEN24_1004159,Agree,NA,NA
GEN24_1004161,Don't know / Not sure,NA,NA
GEN24_1004167,Disagree,Agree,Agree
GEN24_1004169,Agree,NA,NA
GEN24_1004183,Agree,Agree,Agree
GEN24_1004193,Agree,Agree,Agree
GEN24_1004196,Agree,NA,NA
GEN24_1004198,Agree,Agree,Agree
GEN24_1004202,Don't know / Not sure,Agree,Agree
GEN24_1004203,Disagree,Agree,Agree
GEN24_1004218,Agree,NA,NA
GEN24_1004234,Agree,Agree,Agree
GEN24_1004239,Agree,NA,Agree
GEN24_1004244,Agree,NA,NA
GEN24_1004245,Disagree,Agree,Agree
GEN24_1004250,Agree,NA,NA
GEN24_1004251,Agree,NA,NA
GEN24_1004263,Agree,NA,NA
GEN24_1004264,Disagree,NA,NA
GEN24_1004265,Agree,NA,NA
GEN24_1004271,Agree,Agree,Agree
GEN24_1004272,Agree,Agree,Agree
GEN24_1004275,Agree,NA,NA
GEN24_1004277,Disagree,NA,NA
GEN24_1004279,Agree,NA,NA
GEN24_1004280,Agree,NA,NA
GEN24_1004282,Agree,NA,NA
GEN24_1004283,Don't know / Not sure,Agree,Agree
GEN24_1004291,Agree,NA,NA
GEN24_1004293,Don't know / Not sure,NA,NA
GEN24_1004294,Agree,Agree,Agree
GEN24_1004299,Don't know / Not sure,NA,NA
GEN24_1004301,Disagree,NA,NA
GEN24_1004303,Agree,Agree,Agree
GEN24_1004307,Agree,NA,NA
GEN24_1004308,Don't know / Not sure,NA,NA
GEN24_1004317,Agree,Agree,Agree
GEN24_1004318,Disagree,Agree,Agree
GEN24_1004322,Agree,Agree,Agree
GEN24_1004323,Agree,Agree,Agree
GEN24_1004339,Agree,Agree,Agree
GEN24_1004341,Disagree,NA,NA
GEN24_1004344,Disagree,NA,NA
GEN24_1004346,Disagree,NA,NA
GEN24_1004347,Don't know / Not sure,NA,NA
GEN24_1004350,Agree,Agree,Agree
GEN24_1004351,Disagree,NA,NA
GEN24_1004355,Agree,Agree,Agree
GEN24_1004362,Agree,Agree,Agree
GEN24_1004369,Agree,NA,NA
GEN24_1004374,Don't know / Not sure,NA,Agree
GEN24_1004377,Agree,NA,NA
GEN24_1004388,Disagree,Agree,Agree
GEN24_1004389,Don't know / Not sure,NA,NA
GEN24_1004390,Agree,Agree,Agree
GEN24_1004391,Agree,Agree,Agree
GEN24_1004396,Disagree,Agree,Agree
GEN24_1004403,Disagree,NA,NA
GEN24_1004416,Agree,NA,NA
GEN24_1004418,Disagree,NA,NA
GEN24_1004425,Don't know / Not sure,NA,NA
GEN24_1004427,Don't know / Not sure,NA,NA
GEN24_1004432,Disagree,NA,NA
GEN24_1004434,Agree,NA,NA
GEN24_1004442,Don't know / Not sure,NA,NA
GEN24_1004445,Agree,NA,NA
GEN24_1004447,Agree,NA,NA
GEN24_1004450,Disagree,NA,NA
GEN24_1004452,Agree,Agree,Agree
GEN24_1004454,Agree,NA,NA
GEN24_1004455,Don't know / Not sure,NA,NA
GEN24_1004456,Disagree,NA,NA
GEN24_1004462,Agree,NA,NA
GEN24_1004464,Agree,NA,NA
GEN24_1004465,Don't know / Not sure,Agree,NA
GEN24_1004469,Disagree,NA,NA
GEN24_1004471,Agree,NA,NA
GEN24_1004474,Agree,Agree,Agree
GEN24_1004476,Don't know / Not sure,NA,NA
GEN24_1004487,Don't know / Not sure,Agree,Agree
GEN24_1004488,Agree,NA,Agree
GEN24_1004491,Disagree,NA,NA
GEN24_1004492,Agree,NA,NA
GEN24_1004499,Don't know / Not sure,NA,NA
GEN24_1004500,Agree,Agree,Agree
GEN24_1004516,Agree,NA,NA
GEN24_1004517,Disagree,NA,NA
GEN24_1004520,Agree,NA,NA
GEN24_1004522,Agree,NA,NA
GEN24_1004523,Don't know / Not sure,NA,NA
GEN24_1004524,Disagree,NA,NA
GEN24_1004527,Agree,NA,NA
GEN24_1004529,Don't know / Not sure,NA,NA
GEN24_1004535,Don't know / Not sure,NA,NA
GEN24_1004541,Disagree,NA,NA
GEN24_1004562,Disagree,NA,NA
GEN24_1004563,Don't know / Not sure,NA,NA
GEN24_1004565,Agree,NA,NA
GEN24_1004569,Agree,NA,NA
GEN24_1004575,Don't know / Not sure,Agree,Agree
GEN24_1004576,Don't know / Not sure,NA,NA
GEN24_1004578,Disagree,NA,NA
GEN24_1004583,Don't know / Not sure,Agree,Agree
GEN24_1004584,Agree,Agree,Agree
GEN24_1004586,Agree,NA,NA
GEN24_1004591,Agree,Agree,Agree
GEN24_1004592,Disagree,NA,NA
GEN24_1004594,Disagree,Disagree,Agree
GEN24_1004596,Don't know / Not sure,NA,NA
GEN24_1004599,Don't know / Not sure,NA,NA
GEN24_1004603,Don't know / Not sure,Agree,Agree
GEN24_1004610,Disagree,NA,NA
GEN24_1004612,Agree,Agree,Agree
GEN24_1004614,Disagree,Agree,Agree
GEN24_1004617,Disagree,NA,NA
GEN24_1004621,Don't know / Not sure,NA,NA
GEN24_1004623,Don't know / Not sure,Agree,Agree
GEN24_1004626,Disagree,NA,NA
GEN24_1004628,Agree,NA,NA
GEN24_1004633,Agree,Agree,Agree
GEN24_1004635,Don't know / Not sure,Agree,Agree
GEN24_1004641,Agree,NA,NA
GEN24_1004642,Agree,Agree,Agree
GEN24_1004643,Agree,NA,NA
GEN24_1004652,Agree,Agree,Agree
GEN24_1004654,Agree,NA,NA
GEN24_1004655,Agree,NA,NA
GEN24_1004656,Disagree,NA,NA
GEN24_1004658,Agree,NA,NA
GEN24_1004660,Agree,Agree,Agree
GEN24_1004664,Agree,NA,NA
GEN24_1004665,Agree,Agree,Agree
GEN24_1004667,Disagree,NA,NA
GEN24_1004669,Don't know / Not sure,NA,NA
GEN24_1004670,Agree,NA,NA
GEN24_1004672,Agree,Agree,Agree
GEN24_1004685,Agree,Agree,Agree
GEN24_1004687,Don't know / Not sure,NA,NA
GEN24_1004689,Don't know / Not sure,NA,NA
GEN24_1004690,Agree,NA,NA
GEN24_1004695,Agree,Agree,Agree
GEN24_1004696,Agree,Agree,Agree
GEN24_1004699,Don't know / Not sure,Agree,Agree
GEN24_1004700,Agree,Agree,Agree
GEN24_1004701,Agree,NA,NA
GEN24_1004711,Don't know / Not sure,NA,NA
GEN24_1004721,Disagree,NA,NA
GEN24_1004727,Don't know / Not sure,NA,NA
GEN24_1004753,Agree,Agree,Agree
GEN24_1004756,Agree,Agree,Agree
GEN24_1004758,Don't know / Not sure,NA,NA
GEN24_1004761,Disagree,Agree,Agree
GEN24_1004768,Don't know / Not sure,Disagree,Agree
GEN24_1004773,Disagree,NA,NA
GEN24_1004777,Agree,Agree,Agree
GEN24_1004786,Agree,NA,NA
GEN24_1004789,Agree,NA,NA
GEN24_1004790,Disagree,NA,NA
GEN24_1004795,Agree,Agree,Agree
GEN24_1004801,Agree,Disagree,Agree
GEN24_1004803,Agree,NA,NA
GEN24_1004804,Don't know / Not sure,NA,NA
GEN24_1004808,Agree,NA,NA
GEN24_1004817,Disagree,Agree,Agree
GEN24_1004819,Agree,NA,NA
GEN24_1004822,Disagree,NA,NA
GEN24_1004826,Agree,NA,NA
GEN24_1004834,Agree,NA,NA
GEN24_1004839,Agree,Agree,Agree
GEN24_1004840,Disagree,NA,NA
GEN24_1004847,Agree,NA,NA
GEN24_1004851,Don't know / Not sure,NA,NA
GEN24_1004862,Don't know / Not sure,NA,NA
GEN24_1004868,Disagree,NA,NA
GEN24_1004869,Agree,NA,NA
GEN24_1004872,Agree,NA,NA
GEN24_1004874,Disagree,NA,NA
GEN24_1004876,Disagree,NA,NA
GEN24_1004877,Disagree,NA,NA
GEN24_1004881,Agree,Agree,Agree
GEN24_1004887,Don't know / Not sure,NA,NA
GEN24_1004894,Agree,Agree,Agree
GEN24_1004902,Agree,Agree,Agree
GEN24_1004906,Agree,Agree,Agree
GEN24_1004908,Agree,Agree,NA
GEN24_1004914,Agree,NA,NA
GEN24_1004920,Agree,NA,NA
GEN24_1004921,Agree,NA,NA
GEN24_1004924,Agree,NA,NA
GEN24_1004928,Agree,NA,NA
GEN24_1004932,Agree,NA,NA
GEN24_1004934,Disagree,NA,NA
GEN24_1004935,Agree,NA,NA
GEN24_1004938,Disagree,NA,NA
GEN24_1004939,Agree,Agree,Agree
GEN24_1004940,Disagree,NA,NA
GEN24_1004943,Agree,Agree,Agree
GEN24_1004963,Disagree,NA,NA
GEN24_1004966,Agree,NA,NA
GEN24_1004969,Disagree,NA,NA
GEN24_1004974,Don't know / Not sure,NA,NA
GEN24_1004976,Agree,NA,Agree
GEN24_1004978,Don't know / Not sure,NA,NA
GEN24_1004986,Don't know / Not sure,NA,Agree
GEN24_1004992,Disagree,NA,NA
GEN24_1004996,Agree,NA,NA
GEN24_1004997,Agree,NA,NA
GEN24_1005003,Don't know / Not sure,NA,NA
GEN24_1005007,Agree,NA,NA
GEN24_1005008,Don't know / Not sure,NA,NA
GEN24_1005009,Agree,NA,NA
GEN24_1005032,Agree,NA,NA
GEN24_1005034,Agree,NA,NA
GEN24_1005035,Don't know / Not sure,NA,NA
GEN24_1005036,Don't know / Not sure,NA,NA
GEN24_1005046,Agree,NA,NA
GEN24_1005051,Disagree,NA,NA
GEN24_1005052,Don't know / Not sure,NA,NA
GEN24_1005055,Disagree,NA,NA
GEN24_1005066,Agree,Agree,Agree
GEN24_1005069,Disagree,NA,NA
GEN24_1005071,Agree,NA,Agree
GEN24_1005090,Disagree,NA,NA
GEN24_1005093,Agree,Agree,Agree
GEN24_1005095,Agree,NA,Agree
GEN24_1005098,Agree,NA,NA
GEN24_1005101,Agree,NA,NA
GEN24_1005104,Agree,NA,NA
GEN24_1005107,Agree,NA,NA
GEN24_1005111,Agree,NA,NA
GEN24_1005116,Don't know / Not sure,NA,NA
GEN24_1005117,Agree,NA,NA
GEN24_1005119,Disagree,NA,NA
GEN24_1005124,Agree,NA,NA
GEN24_1005125,Agree,NA,NA
GEN24_1005130,Agree,NA,NA
GEN24_1005131,Don't know / Not sure,NA,NA
GEN24_1005136,Don't know / Not sure,NA,NA
GEN24_1005138,Agree,Agree,NA
GEN24_1005141,Agree,NA,NA
GEN24_1005148,Don't know / Not sure,NA,NA
GEN24_1005150,Don't know / Not sure,NA,NA
GEN24_1005152,Disagree,NA,NA
GEN24_1005154,Agree,NA,NA
GEN24_1005161,Disagree,Agree,Agree
GEN24_1005164,Agree,NA,NA
GEN24_1005166,Don't know / Not sure,NA,NA
GEN24_1005173,Agree,NA,NA
GEN24_1005176,Agree,NA,NA
GEN24_1005179,Agree,NA,NA
GEN24_1005180,Disagree,Agree,Agree
GEN24_1005181,Disagree,Agree,Agree
GEN24_1005185,Agree,NA,NA
GEN24_1005189,Agree,NA,NA
GEN24_1005190,Don't know / Not sure,NA,NA
GEN24_1005193,Agree,NA,NA
GEN24_1005196,Disagree,NA,NA
GEN24_1005200,Agree,NA,NA
GEN24_1005202,Agree,Agree,Agree
GEN24_1005203,Agree,NA,NA
GEN24_1005206,Agree,NA,NA
GEN24_1005208,Agree,NA,NA
GEN24_1005213,Agree,Agree,Agree
GEN24_1005216,Agree,NA,NA
GEN24_1005217,Disagree,NA,NA
GEN24_1005218,Agree,Agree,Agree
GEN24_1005219,Agree,NA,NA
GEN24_1005220,Agree,Agree,Agree
GEN24_1005224,Don't know / Not sure,NA,NA
GEN24_1005226,Agree,Agree,Agree
GEN24_1005236,Agree,NA,NA
GEN24_1005246,Don't know / Not sure,NA,NA
GEN24_1005257,Agree,Agree,Agree
GEN24_1005272,Disagree,NA,NA
GEN24_1005273,Agree,Agree,Agree
GEN24_1005274,Disagree,NA,NA
GEN24_1005276,Don't know / Not sure,Agree,Agree
GEN24_1005280,Don't know / Not sure,NA,NA
GEN24_1005281,Don't know / Not sure,NA,NA
GEN24_1005292,Agree,NA,NA
GEN24_1005294,Don't know / Not sure,NA,NA
GEN24_1005296,Agree,Agree,Agree
GEN24_1005298,Agree,NA,NA
GEN24_1005299,Agree,Agree,Agree
GEN24_1005303,Disagree,NA,NA
GEN24_1005308,Agree,NA,NA
GEN24_1005311,Agree,Agree,Agree
GEN24_1005314,Don't know / Not sure,Agree,Agree
GEN24_1005316,Disagree,NA,NA
GEN24_1005324,Agree,Agree,Agree
GEN24_1005327,Agree,NA,NA
GEN24_1005329,Agree,NA,NA
GEN24_1005338,Disagree,NA,NA
GEN24_1005343,Agree,Agree,Agree
GEN24_1005350,Agree,NA,NA
GEN24_1005353,Don't know / Not sure,NA,NA
GEN24_1005358,Agree,Agree,Agree
GEN24_1005360,Agree,NA,NA
GEN24_1005365,Agree,NA,NA
GEN24_1005366,Disagree,NA,NA
GEN24_1005367,Don't know / Not sure,NA,NA
GEN24_1005369,Agree,NA,NA
GEN24_1005370,Don't know / Not sure,NA,NA
GEN24_1005371,Agree,Agree,Agree
GEN24_1005372,Don't know / Not sure,NA,NA
GEN24_1005377,Agree,Disagree,Agree
GEN24_1005379,Agree,NA,NA
GEN24_1005385,Don't know / Not sure,NA,NA
GEN24_1005394,Don't know / Not sure,Agree,Agree
GEN24_1005395,Agree,NA,NA
GEN24_1005396,Disagree,NA,NA
GEN24_1005400,Disagree,NA,NA
GEN24_1005402,Don't know / Not sure,NA,NA
GEN24_1005406,Agree,Agree,Agree
GEN24_1005411,Agree,NA,NA
GEN24_1005420,Agree,NA,NA
GEN24_1005424,Agree,NA,NA
GEN24_1005425,Don't know / Not sure,NA,NA
GEN24_1005427,Don't know / Not sure,NA,NA
GEN24_1005432,Disagree,NA,NA
GEN24_1005436,Don't know / Not sure,NA,NA
GEN24_1005437,Disagree,NA,NA
GEN24_1005438,Don't know / Not sure,NA,NA
GEN24_1005441,Agree,NA,NA
GEN24_1005446,Agree,NA,NA
GEN24_1005452,Don't know / Not sure,NA,Agree
GEN24_1005457,Disagree,Agree,Agree
GEN24_1005469,Don't know / Not sure,NA,NA
GEN24_1005470,Agree,NA,NA
GEN24_1005474,Agree,NA,NA
GEN24_1005475,Agree,NA,NA
GEN24_1005486,Disagree,NA,NA
GEN24_1005506,Don't know / Not sure,NA,NA
GEN24_1005514,Agree,NA,NA
GEN24_1005527,Agree,Agree,Agree
GEN24_1005528,Don't know / Not sure,NA,NA
GEN24_1005529,Agree,Agree,Agree
GEN24_1005535,Agree,NA,NA
GEN24_1005536,Agree,Agree,Agree
GEN24_1005537,Disagree,NA,NA
GEN24_1005538,Don't know / Not sure,NA,NA
GEN24_1005541,Don't know / Not sure,NA,NA
GEN24_1005547,Agree,Agree,Agree
GEN24_1005552,Disagree,Agree,Agree
GEN24_1005581,Agree,NA,NA
GEN24_1005592,Agree,Agree,Agree
GEN24_1005595,Don't know / Not sure,Agree,Agree
GEN24_1005599,Don't know / Not sure,Agree,Agree
GEN24_1005606,Agree,Agree,Agree
GEN24_1005608,Disagree,NA,NA
GEN24_1005609,Disagree,NA,NA
GEN24_1005611,Agree,NA,NA
GEN24_1005616,Disagree,NA,NA
GEN24_1005618,Disagree,NA,NA
GEN24_1005622,Agree,NA,NA
GEN24_1005627,Don't know / Not sure,Agree,Agree
GEN24_1005630,Agree,Agree,Agree
GEN24_1005640,Agree,NA,NA
GEN24_1005641,Don't know / Not sure,NA,NA
GEN24_1005642,Agree,Agree,Agree
GEN24_1005645,Agree,Agree,Agree
GEN24_1005647,Agree,Agree,Agree
GEN24_1005661,Agree,Agree,Agree
GEN24_1005667,Agree,Agree,Agree
GEN24_1005668,Agree,Agree,Agree
GEN24_1005670,Disagree,Agree,Agree
GEN24_1005681,Don't know / Not sure,NA,NA
GEN24_1005683,Don't know / Not sure,NA,NA
GEN24_1005702,Disagree,NA,NA
GEN24_1005705,Disagree,Agree,Agree
GEN24_1005708,Don't know / Not sure,NA,NA
GEN24_1005713,Don't know / Not sure,Agree,NA
GEN24_1005714,Agree,NA,NA
GEN24_1005716,Agree,NA,NA
GEN24_1005722,Disagree,NA,NA
GEN24_1005725,Don't know / Not sure,NA,NA
GEN24_1005726,Agree,Agree,Agree
GEN24_1005728,Agree,NA,NA
GEN24_1005729,Disagree,NA,NA
GEN24_1005733,Agree,NA,NA
GEN24_1005736,Disagree,NA,NA
GEN24_1005738,Agree,NA,NA
GEN24_1005745,Agree,NA,NA
GEN24_1005746,Don't know / Not sure,NA,NA
GEN24_1005747,Agree,Agree,Agree
GEN24_1005748,Agree,NA,NA
GEN24_1005749,Agree,NA,NA
GEN24_1005753,Disagree,NA,NA
GEN24_1005754,Agree,Agree,Agree
GEN24_1005759,Agree,NA,NA
GEN24_1005763,Agree,NA,NA
GEN24_1005767,Agree,Agree,Agree
GEN24_1005768,Don't know / Not sure,Agree,Agree
GEN24_1005769,Agree,Agree,Agree
GEN24_1005774,Don't know / Not sure,NA,NA
GEN24_1005775,Disagree,NA,NA
GEN24_1005776,Agree,NA,NA
GEN24_1005777,Agree,NA,NA
GEN24_1005779,Agree,NA,NA
GEN24_1005780,Don't know / Not sure,NA,NA
GEN24_1005784,Agree,NA,NA
GEN24_1005785,Don't know / Not sure,Agree,Agree
GEN24_1005792,Don't know / Not sure,NA,NA
GEN24_1005807,Don't know / Not sure,NA,NA
GEN24_1005809,Agree,Agree,Agree
GEN24_1005813,Agree,NA,NA
GEN24_1005817,Agree,NA,NA
GEN24_1005822,Don't know / Not sure,NA,NA
GEN24_1005823,Agree,Agree,Agree
GEN24_1005825,Agree,Agree,Agree
GEN24_1005830,Agree,NA,NA
GEN24_1005835,Agree,Agree,Agree
GEN24_1005836,Don't know / Not sure,NA,NA
GEN24_1005841,Don't know / Not sure,NA,NA
GEN24_1005842,Don't know / Not sure,NA,NA
GEN24_1005847,Disagree,Disagree,NA
GEN24_1005852,Disagree,Agree,Agree
GEN24_1005866,Agree,Agree,Agree
GEN24_1005869,Disagree,NA,NA
GEN24_1005873,Disagree,Agree,Agree
GEN24_1005876,Disagree,Agree,Agree
GEN24_1005877,Don't know / Not sure,NA,NA
GEN24_1005878,Agree,NA,NA
GEN24_1005879,Agree,NA,NA
GEN24_1005881,Don't know / Not sure,Agree,Agree
GEN24_1005884,Agree,Agree,Agree
GEN24_1005889,Disagree,NA,NA
GEN24_1005891,Disagree,NA,NA
GEN24_1005897,Agree,NA,NA
GEN24_1005899,Agree,Agree,Agree
GEN24_1005901,Agree,Agree,Agree
GEN24_1005907,Don't know / Not sure,NA,NA
GEN24_1005909,Agree,NA,NA
GEN24_1005913,Don't know / Not sure,NA,NA
GEN24_1005914,Agree,NA,NA
GEN24_1005915,Agree,Agree,Agree
GEN24_1005917,Agree,NA,NA
GEN24_1005918,Don't know / Not sure,Agree,Agree
GEN24_1005919,Don't know / Not sure,Agree,Agree
GEN24_1005920,Agree,Agree,Agree
GEN24_1005921,Don't know / Not sure,Agree,Agree
GEN24_1005922,Agree,NA,NA
GEN24_1005925,Don't know / Not sure,NA,NA
GEN24_1005926,Don't know / Not sure,NA,NA
GEN24_1005931,Don't know / Not sure,Agree,Agree
GEN24_1005932,Disagree,NA,Agree
GEN24_1005936,Agree,NA,NA
GEN24_1005939,Disagree,NA,NA
GEN24_1005942,Agree,NA,NA
GEN24_1005947,Agree,NA,NA
GEN24_1005948,Agree,NA,NA
GEN24_1005949,Disagree,NA,NA
GEN24_1005952,Don't know / Not sure,Agree,Agree
GEN24_1005955,Disagree,NA,NA
GEN24_1005956,Agree,NA,NA
GEN24_1005961,Don't know / Not sure,NA,NA
GEN24_1005963,Agree,NA,NA
GEN24_1005966,Agree,Agree,NA
GEN24_1005973,Agree,NA,NA
GEN24_1005976,Agree,Agree,Agree
GEN24_1005980,Agree,Agree,Agree
GEN24_1005981,Agree,NA,NA
GEN24_1005982,Agree,NA,NA
GEN24_1005983,Don't know / Not sure,NA,NA
GEN24_1005984,Agree,Agree,Agree
GEN24_1005988,Don't know / Not sure,NA,NA
GEN24_1005989,Agree,NA,NA
GEN24_1006003,Disagree,NA,NA
GEN24_1006005,Agree,NA,NA
GEN24_1006012,Agree,NA,NA
GEN24_1006017,Agree,Agree,Agree
GEN24_1006018,Agree,Agree,Agree
GEN24_1006019,Agree,Agree,Agree
GEN24_1006024,Agree,Agree,Agree
GEN24_1006025,Agree,Agree,Agree
GEN24_1006026,Don't know / Not sure,NA,NA
GEN24_1006042,Agree,Agree,Agree
GEN24_1006044,Agree,NA,NA
GEN24_1006046,Disagree,NA,NA
GEN24_1006047,Disagree,NA,NA
GEN24_1006048,Disagree,NA,NA
GEN24_1006051,Disagree,NA,NA
GEN24_1006056,Disagree,NA,NA
GEN24_1006057,Agree,NA,NA
GEN24_1006065,Don't know / Not sure,NA,NA
GEN24_1006066,Disagree,NA,NA
GEN24_1006071,Disagree,NA,NA
GEN24_1006074,Agree,NA,NA
GEN24_1006077,Agree,NA,NA
GEN24_1006079,Disagree,NA,NA
GEN24_1006082,Agree,NA,NA
GEN24_1006084,Agree,Agree,Agree
GEN24_1006094,Agree,NA,NA
GEN24_1006097,Disagree,Agree,Agree
GEN24_1006098,Agree,Agree,Agree
GEN24_1006101,Agree,NA,NA
GEN24_1006104,Agree,NA,NA
GEN24_1006105,Agree,Agree,Agree
GEN24_1006114,Disagree,NA,Agree
GEN24_1006122,Agree,Agree,Agree
GEN24_1006150,Don't know / Not sure,NA,NA
GEN24_1006152,Agree,Agree,Agree
GEN24_1006161,Don't know / Not sure,NA,NA
GEN24_1006164,Agree,Agree,Agree
GEN24_1006165,Agree,NA,NA
GEN24_1006168,Agree,NA,NA
GEN24_1006169,Don't know / Not sure,NA,NA
GEN24_1006176,Don't know / Not sure,NA,NA
GEN24_1006177,Don't know / Not sure,NA,NA
GEN24_1006181,Agree,NA,NA
GEN24_1006182,Agree,Agree,Agree
GEN24_1006184,Agree,Agree,Agree
GEN24_1006186,Disagree,NA,NA
GEN24_1006188,Don't know / Not sure,NA,NA
GEN24_1006190,Agree,NA,NA
GEN24_1006205,Agree,NA,NA
GEN24_1006206,Disagree,NA,NA
GEN24_1006210,Agree,NA,NA
GEN24_1006219,Agree,Agree,Agree
GEN24_1006233,Agree,Agree,Agree
GEN24_1006235,Agree,Agree,Agree
GEN24_1006238,Agree,NA,NA
GEN24_1006240,Don't know / Not sure,NA,NA
GEN24_1006248,Agree,NA,Agree
GEN24_1006254,Agree,NA,NA
GEN24_1006255,Agree,NA,NA
GEN24_1006260,Agree,Agree,Agree
GEN24_1006263,Disagree,NA,NA
GEN24_1006267,Agree,Agree,Agree
GEN24_1006278,Agree,NA,NA
GEN24_1006279,Agree,NA,NA
GEN24_1006280,Don't know / Not sure,NA,NA
GEN24_1006284,Agree,NA,NA
GEN24_1006285,Agree,NA,NA
GEN24_1006287,Don't know / Not sure,NA,NA
GEN24_1006296,Agree,NA,NA
GEN24_1006298,Don't know / Not sure,Agree,Agree
GEN24_1006300,Agree,NA,NA
GEN24_1006301,Agree,NA,NA
GEN24_1006302,Don't know / Not sure,NA,NA
GEN24_1006303,Don't know / Not sure,NA,NA
GEN24_1006311,Don't know / Not sure,NA,NA
GEN24_1006314,Disagree,Agree,Agree
GEN24_1006317,Disagree,NA,NA
GEN24_1006319,Agree,NA,NA
GEN24_1006320,Disagree,NA,NA
GEN24_1006321,Disagree,Agree,NA
GEN24_1006323,Disagree,Disagree,Disagree
GEN24_1006324,Agree,Agree,Agree
GEN24_1006334,Disagree,NA,NA
GEN24_1006337,Don't know / Not sure,Agree,Agree
GEN24_1006359,Disagree,NA,NA
GEN24_1006368,Don't know / Not sure,NA,NA
GEN24_1006374,Don't know / Not sure,NA,NA
GEN24_1006377,Disagree,NA,NA
GEN24_1006388,Don't know / Not sure,NA,NA
GEN24_1006389,Agree,NA,NA
GEN24_1006390,Don't know / Not sure,NA,NA
GEN24_1006394,Agree,Agree,Agree
GEN24_1006416,Disagree,NA,NA
GEN24_1006417,Agree,Agree,Agree
GEN24_1006421,Agree,NA,NA
GEN24_1006426,Agree,NA,NA
GEN24_1006427,Agree,Agree,Agree
GEN24_1006429,Agree,Agree,Agree
GEN24_1006443,Don't know / Not sure,NA,NA
GEN24_1006445,Agree,Agree,Agree
GEN24_1006460,Disagree,NA,NA
GEN24_1006467,Don't know / Not sure,NA,NA
GEN24_1006469,Disagree,Agree,Agree
GEN24_1006484,Agree,Agree,Agree
GEN24_1006485,Agree,Agree,Agree
GEN24_1006490,Don't know / Not sure,NA,NA
GEN24_1006497,Agree,Agree,Agree
GEN24_1006498,Agree,Agree,Agree
GEN24_1006500,Don't know / Not sure,NA,NA
GEN24_1006502,Don't know / Not sure,NA,NA
GEN24_1006506,Agree,NA,NA
GEN24_1006514,Disagree,NA,NA
GEN24_1006522,Don't know / Not sure,NA,NA
GEN24_1006523,Disagree,NA,NA
GEN24_1006524,Don't know / Not sure,Agree,Agree
GEN24_1006532,Agree,Agree,Agree
GEN24_1006547,Agree,NA,NA
GEN24_1006548,Agree,NA,NA
GEN24_1006555,Agree,Agree,Agree
GEN24_1006556,Disagree,NA,NA
GEN24_1006558,Agree,Agree,Agree
GEN24_1006562,Don't know / Not sure,Agree,Agree
GEN24_1006582,Agree,NA,NA
GEN24_1006587,Disagree,Agree,Agree
GEN24_1006588,Agree,NA,NA
GEN24_1006593,Agree,Agree,Agree
GEN24_1006594,Agree,Agree,Agree
GEN24_1006596,Disagree,Agree,Agree
GEN24_1006601,Don't know / Not sure,NA,NA
GEN24_1006611,Disagree,NA,NA
GEN24_1006613,Agree,Agree,Agree
GEN24_1006621,Agree,Agree,Agree
GEN24_1006622,Agree,Agree,Agree
GEN24_1006629,Disagree,NA,NA
GEN24_1006635,Agree,NA,NA
GEN24_1006636,Don't know / Not sure,NA,NA
GEN24_1006637,Don't know / Not sure,Agree,Agree
GEN24_1006643,Agree,Agree,Agree
GEN24_1006644,Agree,Agree,Agree
GEN24_1006647,Agree,NA,NA
GEN24_1006649,Agree,Agree,Agree
GEN24_1006650,Disagree,NA,NA
GEN24_1006652,Agree,NA,NA
GEN24_1006655,Agree,NA,NA
GEN24_1006656,Disagree,NA,NA
GEN24_1006660,Agree,NA,NA
GEN24_1006661,Agree,Agree,Agree
GEN24_1006662,Agree,NA,NA
GEN24_1006663,Disagree,NA,NA
GEN24_1006666,Disagree,NA,NA
GEN24_1006670,Disagree,Agree,Agree
GEN24_1006672,Don't know / Not sure,Agree,Agree
GEN24_1006674,Agree,Agree,Agree
GEN24_1006679,Agree,NA,NA
GEN24_1006687,Disagree,Agree,Agree
GEN24_1006689,Don't know / Not sure,Agree,Agree
GEN24_1006690,Agree,Agree,Agree
GEN24_1006692,Disagree,NA,NA
GEN24_1006693,Agree,Agree,Agree
GEN24_1006701,Agree,Agree,Agree
GEN24_1006702,Don't know / Not sure,Agree,Agree
GEN24_1006704,Disagree,NA,NA
GEN24_1006712,Disagree,NA,NA
GEN24_1006713,Disagree,NA,NA
GEN24_1006717,Agree,NA,NA
GEN24_1006719,Disagree,NA,NA
GEN24_1006721,Agree,NA,NA
GEN24_1006722,Disagree,NA,NA
GEN24_1006732,Agree,NA,Agree
GEN24_1006738,Agree,NA,NA
GEN24_1006740,Don't know / Not sure,NA,NA
GEN24_1006741,Agree,NA,NA
GEN24_1006745,Disagree,Agree,Agree
GEN24_1006751,Agree,NA,NA
GEN24_1006752,Agree,Agree,Agree
GEN24_1006756,Agree,NA,NA
GEN24_1006759,Disagree,NA,NA
GEN24_1006768,Agree,Agree,Agree
GEN24_1006770,Agree,NA,NA
GEN24_1006772,Disagree,NA,NA
GEN24_1006773,Don't know / Not sure,Agree,Agree
GEN24_1006782,Agree,NA,NA
GEN24_1006791,Agree,Agree,Agree
GEN24_1006795,Disagree,NA,NA
GEN24_1006802,Don't know / Not sure,NA,NA
GEN24_1006815,Don't know / Not sure,NA,NA
GEN24_1006816,Agree,Agree,Agree
GEN24_1006819,Agree,Agree,Agree
GEN24_1006820,Don't know / Not sure,NA,NA
GEN24_1006828,Don't know / Not sure,Agree,Agree
GEN24_1006836,Agree,NA,NA
GEN24_1006840,Agree,NA,NA
GEN24_1006851,Agree,Agree,Agree
GEN24_1006852,Don't know / Not sure,NA,NA
GEN24_1006854,Agree,Agree,Agree
GEN24_1006863,Agree,Agree,Agree
GEN24_1006872,Disagree,NA,NA
GEN24_1006880,Agree,NA,NA
GEN24_1006881,Agree,Agree,Agree
GEN24_1006883,Agree,NA,NA
GEN24_1006884,Don't know / Not sure,NA,NA
GEN24_1006888,Disagree,NA,NA
GEN24_1006891,Agree,Disagree,Agree
GEN24_1006900,Don't know / Not sure,NA,NA
GEN24_1006907,Don't know / Not sure,NA,NA
GEN24_1006908,Disagree,NA,NA
GEN24_1006914,Agree,NA,NA
GEN24_1006928,Disagree,NA,NA
GEN24_1006932,Agree,Agree,Agree
GEN24_1006937,Agree,NA,NA
GEN24_1006940,Disagree,Agree,Agree
GEN24_1006944,Agree,Agree,Agree
GEN24_1006948,Agree,Agree,Agree
GEN24_1006949,Agree,NA,NA
GEN24_1006953,Agree,Agree,Agree
GEN24_1006954,Agree,NA,NA
GEN24_1006958,Disagree,NA,NA
GEN24_1006960,Agree,Agree,Agree
GEN24_1006970,Agree,NA,NA
GEN24_1006972,Disagree,NA,NA
GEN24_1006977,Agree,NA,NA
GEN24_1006984,Agree,Agree,Agree
GEN24_1006989,Disagree,NA,NA
GEN24_1006990,Agree,Agree,Agree
GEN24_1007020,Disagree,NA,Agree
GEN24_1007023,Disagree,NA,NA
GEN24_1007026,Agree,NA,NA
GEN24_1007037,Agree,NA,NA
GEN24_1007038,Agree,NA,NA
GEN24_1007044,Don't know / Not sure,NA,NA
GEN24_1007077,Disagree,NA,NA
GEN24_1007085,Agree,Agree,Agree
GEN24_1007086,Don't know / Not sure,NA,NA
GEN24_1007088,Disagree,Agree,Agree
GEN24_1007090,Disagree,NA,NA
GEN24_1007091,Agree,NA,NA
GEN24_1007092,Disagree,Agree,Agree
GEN24_1007096,Agree,NA,NA
GEN24_1007109,Agree,Agree,Agree
GEN24_1007113,Agree,NA,NA
GEN24_1007115,Disagree,Disagree,Agree
GEN24_1007117,Agree,NA,NA
GEN24_1007120,Agree,NA,NA
GEN24_1007129,Don't know / Not sure,Agree,Agree
GEN24_1007132,Don't know / Not sure,Agree,Agree
GEN24_1007133,Disagree,NA,NA
GEN24_1007134,Don't know / Not sure,NA,NA
GEN24_1007137,Agree,Agree,Agree
GEN24_1007140,Agree,NA,NA
GEN24_1007154,Don't know / Not sure,NA,NA
GEN24_1007155,Don't know / Not sure,Agree,Agree
GEN24_1007167,Don't know / Not sure,NA,NA
GEN24_1007168,Agree,Agree,Agree
GEN24_1007175,Agree,Agree,Agree
GEN24_1007185,Don't know / Not sure,NA,NA
GEN24_1007188,Disagree,Agree,Agree
GEN24_1007189,Disagree,NA,NA
GEN24_1007193,Disagree,NA,NA
GEN24_1007210,Disagree,NA,NA
GEN24_1007215,Disagree,NA,NA
GEN24_1007219,Disagree,NA,NA
GEN24_1007221,Agree,NA,NA
GEN24_1007224,Disagree,NA,NA
GEN24_1007228,Agree,Agree,Agree
GEN24_1007232,Don't know / Not sure,NA,NA
GEN24_1007242,Agree,Agree,Agree
GEN24_1007246,Disagree,NA,NA
GEN24_1007251,Agree,NA,NA
GEN24_1007253,Disagree,Agree,Agree
GEN24_1007259,Disagree,NA,NA
GEN24_1007260,Don't know / Not sure,NA,NA
GEN24_1007265,Agree,Agree,Agree
GEN24_1007266,Disagree,NA,NA
GEN24_1007267,Agree,Agree,Agree
GEN24_1007275,Agree,Disagree,Agree
GEN24_1007276,Don't know / Not sure,NA,NA
GEN24_1007283,Agree,Agree,Agree
GEN24_1007284,Agree,Agree,Agree
GEN24_1007293,Disagree,Agree,Agree
GEN24_1007294,Don't know / Not sure,NA,NA
GEN24_1007298,Disagree,NA,NA
GEN24_1007300,Don't know / Not sure,NA,NA
GEN24_1007302,Don't know / Not sure,NA,NA
GEN24_1007310,Agree,Agree,Agree
GEN24_1007312,Don't know / Not sure,NA,NA
GEN24_1007329,Agree,Agree,Agree
GEN24_1007330,Disagree,NA,NA
GEN24_1007332,Don't know / Not sure,NA,NA
GEN24_1007333,Agree,NA,NA
GEN24_1007334,Don't know / Not sure,NA,NA
GEN24_1007336,Don't know / Not sure,NA,NA
GEN24_1007339,Agree,NA,NA
GEN24_1007340,Agree,NA,Agree
GEN24_1007341,Disagree,NA,NA
GEN24_1007342,Don't know / Not sure,NA,NA
GEN24_1007343,Agree,NA,NA
GEN24_1007346,Agree,NA,NA
GEN24_1007349,Agree,NA,NA
GEN24_1007351,Agree,NA,NA
GEN24_1007354,Agree,NA,NA
GEN24_1007364,Agree,NA,NA
GEN24_1007367,Agree,Agree,Agree
GEN24_1007368,Don't know / Not sure,NA,NA
GEN24_1007370,Agree,NA,NA
GEN24_1007371,Agree,NA,NA
GEN24_1007373,Agree,NA,NA
GEN24_1007377,Don't know / Not sure,NA,NA
GEN24_1007384,Disagree,NA,NA
GEN24_1007385,Agree,NA,NA
GEN24_1007386,Agree,NA,NA
GEN24_1007397,Agree,Agree,Agree
GEN24_1007398,Don't know / Not sure,NA,NA
GEN24_1007399,Agree,Agree,Agree
GEN24_1007407,Agree,NA,NA
GEN24_1007413,Agree,NA,NA
GEN24_1007416,Disagree,Agree,Agree
GEN24_1007418,Agree,Agree,Agree
GEN24_1007421,Agree,NA,NA
GEN24_1007422,Disagree,NA,NA
GEN24_1007423,Agree,NA,NA
GEN24_1007424,Agree,NA,NA
GEN24_1007434,Don't know / Not sure,NA,NA
GEN24_1007437,Don't know / Not sure,NA,NA
GEN24_1007454,Agree,NA,NA
GEN24_1007465,Disagree,NA,NA
GEN24_1007482,Don't know / Not sure,Disagree,Agree
GEN24_1007485,Disagree,Agree,Agree
GEN24_1007486,Don't know / Not sure,NA,NA
GEN24_1007499,Agree,Agree,Agree
GEN24_1007503,Disagree,NA,NA
GEN24_1007509,Agree,Agree,Agree
GEN24_1007518,Agree,Agree,Agree
GEN24_1007519,Disagree,NA,NA
GEN24_1007520,Disagree,NA,NA
GEN24_1007527,Don't know / Not sure,NA,NA
GEN24_1007529,Disagree,NA,NA
GEN24_1007538,Agree,Agree,Agree
GEN24_1007541,Don't know / Not sure,Agree,Agree
GEN24_1007543,Don't know / Not sure,NA,NA
GEN24_1007544,Don't know / Not sure,NA,NA
GEN24_1007546,Don't know / Not sure,NA,NA
GEN24_1007547,Disagree,NA,NA
GEN24_1007558,Don't know / Not sure,Agree,Agree
GEN24_1007559,Don't know / Not sure,Agree,NA
GEN24_1007560,Don't know / Not sure,Agree,Agree
GEN24_1007561,Agree,NA,NA
GEN24_1007564,Agree,Agree,Agree
GEN24_1007569,Agree,Agree,Agree
GEN24_1007572,Don't know / Not sure,NA,NA
GEN24_1007573,Agree,Agree,Agree
GEN24_1007574,Don't know / Not sure,NA,NA
GEN24_1007576,Disagree,NA,NA
GEN24_1007581,Agree,Agree,Agree
GEN24_1007582,Agree,NA,NA
GEN24_1007583,Agree,Agree,Agree
GEN24_1007592,Agree,NA,NA
GEN24_1007601,Agree,Agree,Agree
GEN24_1007603,Agree,NA,NA
GEN24_1007611,Agree,NA,NA
GEN24_1007626,Don't know / Not sure,NA,NA
GEN24_1007633,Disagree,NA,NA
GEN24_1007636,Agree,NA,NA
GEN24_1007638,Agree,NA,NA
GEN24_1007643,Agree,NA,NA
GEN24_1007645,Don't know / Not sure,Agree,Agree
GEN24_1007646,Disagree,NA,NA
GEN24_1007647,Agree,NA,NA
GEN24_1007649,Agree,Agree,Agree
GEN24_1007650,Disagree,NA,NA
GEN24_1007654,Don't know / Not sure,NA,NA
GEN24_1007656,Don't know / Not sure,NA,NA
GEN24_1007659,Don't know / Not sure,NA,NA
GEN24_1007661,Agree,Agree,Agree
GEN24_1007662,Agree,NA,NA
GEN24_1007688,Agree,Agree,Agree
GEN24_1007692,Agree,Agree,Agree
GEN24_1007697,Don't know / Not sure,NA,NA
GEN24_1007699,Disagree,NA,NA
GEN24_1007703,Don't know / Not sure,NA,NA
GEN24_1007715,Don't know / Not sure,NA,NA
GEN24_1007717,Don't know / Not sure,Agree,Agree
GEN24_1007719,Don't know / Not sure,NA,NA
GEN24_1007722,Don't know / Not sure,NA,NA
GEN24_1007724,Don't know / Not sure,Agree,NA
GEN24_1007727,Agree,NA,NA
GEN24_1007730,Don't know / Not sure,NA,NA
GEN24_1007731,Agree,Agree,Agree
GEN24_1007737,Agree,NA,NA
GEN24_1007738,Agree,NA,NA
GEN24_1007747,Agree,Agree,Agree
GEN24_1007750,Agree,NA,NA
GEN24_1007754,Don't know / Not sure,NA,NA
GEN24_1007755,Disagree,NA,NA
GEN24_1007756,Don't know / Not sure,NA,NA
GEN24_1007757,Agree,Agree,Agree
GEN24_1007767,Disagree,NA,NA
GEN24_1007771,Agree,Agree,Agree
GEN24_1007779,Agree,NA,NA
GEN24_1007781,Disagree,NA,NA
GEN24_1007783,Agree,NA,NA
GEN24_1007786,Agree,Agree,Agree
GEN24_1007787,Agree,Agree,Agree
GEN24_1007791,Agree,NA,NA
GEN24_1007793,Don't know / Not sure,Agree,Agree
GEN24_1007799,Don't know / Not sure,Agree,Agree
GEN24_1007804,Agree,Agree,Agree
GEN24_1007811,Don't know / Not sure,NA,NA
GEN24_1007812,Don't know / Not sure,Agree,Agree
GEN24_1007813,Don't know / Not sure,NA,NA
GEN24_1007824,Agree,Agree,Agree
GEN24_1007826,Agree,Agree,Agree
GEN24_1007828,Disagree,NA,NA
GEN24_1007846,Don't know / Not sure,NA,NA
GEN24_1007855,Disagree,NA,NA
GEN24_1007856,Agree,Agree,Agree
GEN24_1007857,Disagree,NA,NA
GEN24_1007858,Disagree,NA,NA
GEN24_1007859,Disagree,Agree,Agree
GEN24_1007861,Don't know / Not sure,NA,NA
GEN24_1007862,Don't know / Not sure,NA,NA
GEN24_1007865,Disagree,NA,NA
GEN24_1007866,Disagree,NA,NA
GEN24_1007868,Agree,NA,NA
GEN24_1007875,Agree,NA,NA
GEN24_1007883,Agree,NA,NA
GEN24_1007884,Agree,NA,NA
GEN24_1007902,Don't know / Not sure,NA,NA
GEN24_1007908,Agree,Agree,Agree
GEN24_1007911,Agree,NA,NA
GEN24_1007914,Agree,NA,NA
GEN24_1007917,Don't know / Not sure,NA,NA
GEN24_1007918,Disagree,NA,NA
GEN24_1007919,Don't know / Not sure,NA,NA
GEN24_1007921,Agree,NA,NA
GEN24_1007925,Agree,NA,NA
GEN24_1007930,Agree,NA,NA
GEN24_1007941,Disagree,Agree,Agree
GEN24_1007947,Agree,NA,NA
GEN24_1007949,Agree,NA,NA
GEN24_1007950,Agree,Agree,Agree
GEN24_1007955,Don't know / Not sure,NA,NA
GEN24_1007958,Agree,NA,NA
GEN24_1007964,Agree,NA,NA
GEN24_1007966,Disagree,NA,NA
GEN24_1007972,Don't know / Not sure,NA,NA
GEN24_1007975,Disagree,NA,NA
GEN24_1007976,Don't know / Not sure,Agree,Agree
GEN24_1007985,Disagree,Agree,Agree
GEN24_1007996,Don't know / Not sure,Agree,Agree
GEN24_1008000,Don't know / Not sure,NA,NA
GEN24_1008009,Disagree,NA,NA
GEN24_1008016,Agree,NA,Agree
GEN24_1008021,Don't know / Not sure,NA,NA
GEN24_1008027,Agree,NA,NA
GEN24_1008038,Agree,NA,NA
GEN24_1008041,Agree,NA,NA
GEN24_1008046,Don't know / Not sure,NA,NA
GEN24_1008049,Don't know / Not sure,Agree,Agree
GEN24_1008051,Disagree,Agree,Agree
GEN24_1008056,Agree,Agree,Agree
GEN24_1008057,Agree,Agree,Agree
GEN24_1008061,Disagree,NA,NA
GEN24_1008068,Don't know / Not sure,NA,NA
GEN24_1008073,Don't know / Not sure,NA,NA
GEN24_1008075,Agree,NA,NA
GEN24_1008079,Disagree,Disagree,Disagree
GEN24_1008081,Don't know / Not sure,Agree,Agree
GEN24_1008086,Agree,Agree,Agree
GEN24_1008089,Agree,NA,NA
GEN24_1008091,Agree,Agree,Agree
GEN24_1008092,Agree,NA,NA
GEN24_1008094,Agree,Agree,Agree
GEN24_1008121,Agree,NA,NA
GEN24_1008123,Agree,NA,NA
GEN24_1008124,Disagree,NA,NA
GEN24_1008132,Agree,NA,NA
GEN24_1008135,Agree,Agree,Agree
GEN24_1008141,Don't know / Not sure,NA,NA
GEN24_1008142,Agree,Agree,Agree
GEN24_1008143,Disagree,Agree,Agree
GEN24_1008144,Don't know / Not sure,NA,NA
GEN24_1008145,Agree,Agree,NA
GEN24_1008147,Agree,Agree,Agree
GEN24_1008148,Agree,NA,NA
GEN24_1008153,Don't know / Not sure,NA,NA
GEN24_1008154,Disagree,NA,NA
GEN24_1008160,Agree,Agree,Agree
GEN24_1008164,Agree,NA,NA
GEN24_1008168,Don't know / Not sure,Disagree,Agree
GEN24_1008171,Agree,Agree,Agree
GEN24_1008175,Agree,Agree,Agree
GEN24_1008176,Agree,Agree,Agree
GEN24_1008192,Agree,NA,NA
GEN24_1008194,Disagree,NA,NA
GEN24_1008201,Don't know / Not sure,NA,NA
GEN24_1008214,Don't know / Not sure,Agree,Agree
GEN24_1008222,Agree,Agree,Agree
GEN24_1008233,Don't know / Not sure,NA,NA
GEN24_1008234,Agree,Agree,Agree
GEN24_1008236,Agree,NA,NA
GEN24_1008237,Agree,NA,NA
GEN24_1008238,Disagree,NA,NA
GEN24_1008241,Disagree,NA,NA
GEN24_1008255,Don't know / Not sure,NA,NA
GEN24_1008261,Don't know / Not sure,NA,NA
GEN24_1008268,Don't know / Not sure,NA,NA
GEN24_1008274,Disagree,NA,NA
GEN24_1008277,Agree,Agree,Agree
GEN24_1008278,Don't know / Not sure,NA,NA
GEN24_1008286,Agree,NA,NA
GEN24_1008288,Agree,NA,NA
GEN24_1008298,Don't know / Not sure,NA,NA
GEN24_1008303,Agree,NA,NA
GEN24_1008305,Agree,NA,NA
GEN24_1008308,Agree,NA,NA
GEN24_1008309,Don't know / Not sure,Agree,Agree
GEN24_1008310,Agree,Agree,Agree
GEN24_1008311,Agree,NA,NA
GEN24_1008313,Disagree,Agree,Agree
GEN24_1008317,Agree,NA,NA
GEN24_1008326,Agree,Agree,Agree
GEN24_1008337,Agree,NA,NA
GEN24_1008338,Don't know / Not sure,Agree,Agree
GEN24_1008339,Agree,Agree,Agree
GEN24_1008341,Disagree,Agree,Agree
GEN24_1008345,Agree,NA,NA
GEN24_1008346,Agree,NA,NA
GEN24_1008347,Don't know / Not sure,NA,NA
GEN24_1008348,Disagree,NA,NA
GEN24_1008351,Don't know / Not sure,NA,NA
GEN24_1008352,Don't know / Not sure,NA,NA
GEN24_1008354,Agree,NA,NA
GEN24_1008358,Agree,NA,NA
GEN24_1008360,Don't know / Not sure,NA,NA
GEN24_1008364,Agree,NA,NA
GEN24_1008365,Disagree,NA,NA
GEN24_1008366,Don't know / Not sure,NA,NA
GEN24_1008368,Agree,NA,NA
GEN24_1008369,Agree,NA,NA
GEN24_1008371,Agree,NA,NA
GEN24_1008377,Agree,NA,NA
GEN24_1008379,Don't know / Not sure,NA,NA
GEN24_1008380,Agree,NA,NA
GEN24_1008386,Agree,Agree,Agree
GEN24_1008392,Don't know / Not sure,NA,NA
GEN24_1008398,Agree,Agree,Agree
GEN24_1008403,Agree,NA,NA
GEN24_1008404,Disagree,NA,NA
GEN24_1008409,Agree,NA,NA
GEN24_1008413,Agree,Agree,Agree
GEN24_1008417,Agree,Agree,Agree
GEN24_1008427,Agree,NA,NA
GEN24_1008428,Disagree,NA,NA
GEN24_1008446,Disagree,Disagree,NA
GEN24_1008448,Disagree,NA,NA
GEN24_1008453,Don't know / Not sure,Agree,Agree
GEN24_1008456,Agree,Agree,Agree
GEN24_1008457,Agree,Agree,Agree
GEN24_1008462,Disagree,Agree,Agree
GEN24_1008463,Don't know / Not sure,NA,NA
GEN24_1008469,Agree,NA,Agree
GEN24_1008470,Agree,Agree,Agree
GEN24_1008474,Don't know / Not sure,NA,NA
GEN24_1008475,Disagree,NA,NA
GEN24_1008477,Agree,NA,NA
GEN24_1008482,Don't know / Not sure,NA,NA
GEN24_1008483,Agree,Agree,Agree
GEN24_1008488,Agree,NA,NA
GEN24_1008489,Agree,Agree,Agree
GEN24_1008492,Agree,Agree,Agree
GEN24_1008515,Agree,NA,NA
GEN24_1008519,Disagree,Agree,Agree
GEN24_1008523,Don't know / Not sure,NA,NA
GEN24_1008524,Agree,NA,NA
GEN24_1008525,Don't know / Not sure,NA,NA
GEN24_1008530,Disagree,NA,NA
GEN24_1008537,Don't know / Not sure,NA,NA
GEN24_1008543,Agree,NA,NA
GEN24_1008552,Disagree,Disagree,Agree
GEN24_1008573,Agree,Agree,Agree
GEN24_1008598,Agree,NA,NA
GEN24_1008606,Don't know / Not sure,NA,NA
GEN24_1008608,Don't know / Not sure,NA,NA
GEN24_1008636,Agree,NA,Agree
GEN24_1008643,Don't know / Not sure,NA,NA
GEN24_1008645,Don't know / Not sure,NA,NA
GEN24_1008653,Agree,NA,NA
GEN24_1008679,Agree,NA,NA
GEN24_1008683,Agree,Agree,Agree
GEN24_1008695,Agree,Agree,Agree
GEN24_1008698,Agree,NA,NA
GEN24_1008706,Disagree,NA,NA
GEN24_1008708,Don't know / Not sure,NA,NA
GEN24_1008710,Disagree,NA,NA
GEN24_1008711,Agree,NA,NA
GEN24_1008715,Agree,NA,NA
GEN24_1008719,Agree,Agree,Agree
GEN24_1008725,Don't know / Not sure,NA,NA
GEN24_1008727,Agree,NA,NA
GEN24_1008728,Don't know / Not sure,NA,NA
GEN24_1008734,Agree,NA,NA
GEN24_1008737,Disagree,NA,NA
GEN24_1008739,Agree,NA,NA
GEN24_1008741,Agree,NA,NA
GEN24_1008743,Agree,NA,NA
GEN24_1008747,Agree,NA,NA
GEN24_1008752,Agree,Agree,Agree
GEN24_1008753,Disagree,NA,NA
GEN24_1008765,Don't know / Not sure,NA,NA
GEN24_1008766,Agree,Agree,Agree
GEN24_1008777,Don't know / Not sure,NA,NA
GEN24_1008783,Agree,NA,NA
GEN24_1008785,Don't know / Not sure,NA,NA
GEN24_1008794,Agree,NA,NA
GEN24_1008796,Agree,NA,NA
GEN24_1008798,Agree,NA,NA
GEN24_1008799,Agree,NA,NA
GEN24_1008801,Disagree,NA,NA
GEN24_1008803,Disagree,NA,NA
GEN24_1008804,Don't know / Not sure,NA,NA
GEN24_1008806,Agree,NA,NA
GEN24_1008808,Disagree,NA,NA
GEN24_1008811,Agree,NA,NA
GEN24_1008818,Don't know / Not sure,NA,NA
GEN24_1008824,Don't know / Not sure,Agree,Agree
GEN24_1008830,Agree,Agree,Agree
GEN24_1008831,Agree,NA,NA
GEN24_1008832,Disagree,NA,NA
GEN24_1008836,Agree,Agree,Agree
GEN24_1008838,Agree,Agree,Agree
GEN24_1008839,Agree,Agree,Agree
GEN24_1008840,Agree,Agree,Agree
GEN24_1008846,Agree,Agree,Agree
GEN24_1008847,Disagree,Agree,Agree
GEN24_1008850,Disagree,NA,NA
GEN24_1008861,Disagree,NA,NA
GEN24_1008865,Don't know / Not sure,NA,NA
GEN24_1008869,Agree,NA,NA
GEN24_1008870,Disagree,NA,NA
GEN24_1008878,Disagree,NA,NA
GEN24_1008889,Disagree,NA,NA
GEN24_1008897,Don't know / Not sure,NA,NA
GEN24_1008906,Agree,NA,NA
GEN24_1008914,Don't know / Not sure,NA,NA
GEN24_1008919,Disagree,NA,NA
GEN24_1008921,Agree,Agree,Agree
GEN24_1008924,Agree,NA,NA
GEN24_1008925,Don't know / Not sure,NA,Agree
GEN24_1008937,Agree,Agree,Agree
GEN24_1008938,Don't know / Not sure,NA,NA
GEN24_1008941,Disagree,NA,NA
GEN24_1008947,Agree,NA,NA
GEN24_1008952,Disagree,NA,NA
GEN24_1008953,Agree,NA,NA
GEN24_1008954,Disagree,Agree,Agree
GEN24_1008955,Agree,NA,NA
GEN24_1008961,Agree,NA,NA
GEN24_1008967,Don't know / Not sure,NA,NA
GEN24_1008968,Agree,Agree,Agree
GEN24_1008969,Agree,Agree,Agree
GEN24_1008971,Don't know / Not sure,Agree,Agree
GEN24_1008973,Agree,NA,NA
GEN24_1008976,Don't know / Not sure,NA,NA
GEN24_1008979,Don't know / Not sure,NA,NA
GEN24_1008981,Agree,Agree,Agree
GEN24_1008984,Don't know / Not sure,NA,NA
GEN24_1008985,Agree,Agree,Agree
GEN24_1008990,Agree,NA,NA
GEN24_1008995,Agree,Agree,Agree
GEN24_1008997,Don't know / Not sure,NA,NA
GEN24_1009002,Agree,NA,NA
GEN24_1009004,Don't know / Not sure,NA,NA
GEN24_1009014,Disagree,NA,NA
GEN24_1009018,Disagree,Agree,Agree
GEN24_1009022,Agree,NA,NA
GEN24_1009034,Agree,NA,NA
GEN24_1009035,Don't know / Not sure,NA,NA
GEN24_1009041,Agree,NA,NA
GEN24_1009053,Disagree,NA,NA
GEN24_1009055,Agree,Agree,Agree
GEN24_1009066,Disagree,NA,NA
GEN24_1009073,Don't know / Not sure,NA,NA
GEN24_1009075,Don't know / Not sure,NA,NA
GEN24_1009084,Agree,Agree,Agree
GEN24_1009093,Disagree,Agree,Agree
GEN24_1009098,Agree,Disagree,Agree
GEN24_1009100,Disagree,NA,NA
GEN24_1009101,Don't know / Not sure,NA,NA
GEN24_1009109,Agree,NA,NA
GEN24_1009110,Don't know / Not sure,Agree,Agree
GEN24_1009126,Agree,NA,NA
GEN24_1009127,Don't know / Not sure,NA,NA
GEN24_1009143,Don't know / Not sure,Agree,Agree
GEN24_1009158,Agree,Agree,Agree
GEN24_1009159,Agree,NA,NA
GEN24_1009164,Don't know / Not sure,NA,NA
GEN24_1009165,Don't know / Not sure,NA,NA
GEN24_1009166,Don't know / Not sure,NA,NA
GEN24_1009170,Agree,NA,NA
GEN24_1009173,Disagree,NA,NA
GEN24_1009175,Agree,Agree,Agree
GEN24_1009180,Disagree,NA,NA
GEN24_1009190,Don't know / Not sure,NA,NA
GEN24_1009195,Agree,NA,NA
GEN24_1009198,Don't know / Not sure,NA,NA
GEN24_1009199,Agree,NA,NA
GEN24_1009206,Don't know / Not sure,NA,NA
GEN24_1009214,Disagree,NA,NA
GEN24_1009217,Agree,Agree,Agree
GEN24_1009220,Agree,NA,NA
GEN24_1009226,Agree,NA,NA
GEN24_1009231,Disagree,NA,NA
GEN24_1009232,Disagree,NA,NA
GEN24_1009242,Agree,NA,NA
GEN24_1009247,Don't know / Not sure,NA,NA
GEN24_1009252,Disagree,NA,NA
GEN24_1009253,Agree,NA,NA
GEN24_1009255,Don't know / Not sure,NA,NA
GEN24_1009268,Agree,NA,NA
GEN24_1009274,Agree,Agree,Agree
GEN24_1009276,Agree,NA,NA
GEN24_1009279,Disagree,NA,NA
GEN24_1009282,Disagree,NA,NA
GEN24_1009294,Agree,Agree,Agree
GEN24_1009295,Agree,Agree,Agree
GEN24_1009302,Agree,NA,NA
GEN24_1009303,Disagree,NA,NA
GEN24_1009315,Disagree,NA,NA
GEN24_1009317,Don't know / Not sure,NA,NA
GEN24_1009319,Don't know / Not sure,NA,NA
GEN24_1009331,Agree,Agree,Agree
GEN24_1009333,Disagree,NA,NA
GEN24_1009334,Agree,NA,NA
GEN24_1009339,Agree,NA,NA
GEN24_1009340,Don't know / Not sure,NA,NA
GEN24_1009346,Agree,NA,NA
GEN24_1009347,Agree,Agree,NA
GEN24_1009349,Disagree,Agree,Agree
GEN24_1009350,Don't know / Not sure,NA,NA
GEN24_1009357,Agree,Agree,Agree
GEN24_1009375,Don't know / Not sure,NA,NA
GEN24_1009377,Don't know / Not sure,Agree,Agree
GEN24_1009390,Agree,NA,NA
GEN24_1009397,Agree,NA,NA
GEN24_1009398,Disagree,Agree,Agree
GEN24_1009399,Disagree,Agree,Agree
GEN24_1009400,Agree,Agree,Agree
GEN24_1009402,Agree,NA,NA
GEN24_1009412,Agree,Agree,Agree
GEN24_1009413,Disagree,NA,NA
GEN24_1009417,Don't know / Not sure,Agree,Agree
GEN24_1009421,Don't know / Not sure,NA,NA
GEN24_1009424,Don't know / Not sure,NA,NA
GEN24_1009428,Don't know / Not sure,NA,NA
GEN24_1009433,Agree,NA,NA
GEN24_1009436,Disagree,Agree,NA
GEN24_1009453,Agree,NA,NA
GEN24_1009457,Agree,NA,NA
GEN24_1009460,Don't know / Not sure,Agree,Agree
GEN24_1009461,Don't know / Not sure,Agree,Agree
GEN24_1009462,Agree,NA,NA
GEN24_1009463,Agree,NA,NA
GEN24_1009465,Agree,Agree,Agree
GEN24_1009485,Disagree,Agree,Agree
GEN24_1009486,Disagree,Agree,Agree
GEN24_1009491,Agree,NA,NA
GEN24_1009492,Disagree,Agree,Agree
GEN24_1009498,Disagree,Agree,Agree
GEN24_1009503,Agree,NA,NA
GEN24_1009511,Don't know / Not sure,Agree,Agree
GEN24_1009516,Agree,NA,NA
GEN24_1009526,Disagree,NA,NA
GEN24_1009531,Agree,Agree,Agree
GEN24_1009535,Disagree,NA,NA
GEN24_1009536,Disagree,NA,NA
GEN24_1009541,Disagree,Agree,Agree
GEN24_1009542,Agree,Agree,Agree
GEN24_1009543,Disagree,NA,NA
GEN24_1009544,Don't know / Not sure,NA,NA
GEN24_1009545,Disagree,NA,NA
GEN24_1009550,Agree,NA,Agree
GEN24_1009556,Agree,Agree,Agree
GEN24_1009558,Agree,NA,NA
GEN24_1009561,Disagree,NA,NA
GEN24_1009563,Don't know / Not sure,Agree,Agree
GEN24_1009567,Don't know / Not sure,NA,NA
GEN24_1009571,Don't know / Not sure,NA,NA
GEN24_1009574,Disagree,NA,NA
GEN24_1009575,Disagree,Agree,Agree
GEN24_1009576,Agree,NA,NA
GEN24_1009595,Don't know / Not sure,NA,NA
GEN24_1009611,Agree,Agree,Agree
GEN24_1009613,Don't know / Not sure,NA,NA
GEN24_1009615,Don't know / Not sure,NA,NA
GEN24_1009616,Don't know / Not sure,NA,NA
GEN24_1009617,Don't know / Not sure,NA,NA
GEN24_1009621,Agree,NA,NA
GEN24_1009626,Disagree,NA,NA
GEN24_1009641,Agree,Agree,Agree
GEN24_1009650,Agree,Agree,Agree
GEN24_1009652,Disagree,Agree,Agree
GEN24_1009653,Disagree,NA,NA
GEN24_1009657,Agree,NA,NA
GEN24_1009658,Don't know / Not sure,NA,NA
GEN24_1009666,Agree,Agree,Agree
GEN24_1009671,Disagree,Disagree,Disagree
GEN24_1009675,Agree,NA,NA
GEN24_1009705,Agree,NA,NA
GEN24_1009707,Agree,NA,NA
GEN24_1009709,Don't know / Not sure,NA,NA
GEN24_1009715,Disagree,NA,NA
GEN24_1009718,Don't know / Not sure,Agree,Agree
GEN24_1009719,Disagree,Agree,Agree
GEN24_1009721,Don't know / Not sure,Agree,Agree
GEN24_1009723,Don't know / Not sure,NA,Agree
GEN24_1009725,Agree,NA,NA
GEN24_1009727,Disagree,NA,NA
GEN24_1009732,Disagree,Agree,Agree
GEN24_1009742,Don't know / Not sure,NA,NA
GEN24_1009748,Don't know / Not sure,NA,NA
GEN24_1009751,Agree,NA,NA
GEN24_1009753,Agree,NA,NA
GEN24_1009755,Disagree,Agree,Agree
GEN24_1009757,Disagree,NA,NA
GEN24_1009763,Agree,NA,NA
GEN24_1009766,Agree,Agree,Agree
GEN24_1009767,Don't know / Not sure,NA,NA
GEN24_1009768,Don't know / Not sure,NA,NA
GEN24_1009772,Don't know / Not sure,Agree,NA
GEN24_1009775,Agree,Agree,Agree
GEN24_1009776,Agree,Agree,Agree
GEN24_1009779,Disagree,NA,NA
GEN24_1009791,Agree,NA,NA
GEN24_1009792,Agree,Agree,Agree
GEN24_1009806,Agree,Agree,Agree
GEN24_1009815,Don't know / Not sure,NA,NA
GEN24_1009826,Agree,NA,NA
GEN24_1009827,Disagree,NA,NA
GEN24_1009843,Disagree,Agree,Agree
GEN24_1009848,Agree,NA,NA
GEN24_1009850,Don't know / Not sure,Agree,NA
GEN24_1009853,Agree,Agree,Agree
GEN24_1009854,Disagree,NA,NA
GEN24_1009856,Disagree,Agree,Agree
GEN24_1009857,Disagree,Agree,Agree
GEN24_1009860,Agree,Agree,Agree
GEN24_1009865,Agree,NA,NA
GEN24_1009868,Agree,Agree,Agree
GEN24_1009870,Agree,NA,NA
GEN24_1009872,Disagree,NA,NA
GEN24_1009873,Agree,NA,NA
GEN24_1009877,Agree,NA,NA
GEN24_1009884,Agree,NA,NA
GEN24_1009892,Agree,NA,NA
GEN24_1009897,Disagree,NA,NA
GEN24_1009900,Agree,NA,NA
GEN24_1009902,Agree,Agree,Agree
GEN24_1009903,Don't know / Not sure,NA,NA
GEN24_1009906,Agree,NA,NA
GEN24_1009908,Don't know / Not sure,NA,NA
GEN24_1009909,Don't know / Not sure,NA,NA
GEN24_1009913,Agree,NA,NA
GEN24_1009917,Don't know / Not sure,NA,NA
GEN24_1009918,Disagree,NA,NA
GEN24_1009919,Agree,Agree,Agree
GEN24_1009923,Agree,Agree,Agree
GEN24_1009924,Don't know / Not sure,Agree,Agree
GEN24_1009929,Agree,NA,NA
GEN24_1009930,Disagree,NA,NA
GEN24_1009931,Agree,NA,NA
GEN24_1009935,Agree,NA,NA
GEN24_1009939,Agree,Agree,Agree
GEN24_1009942,Disagree,NA,NA
GEN24_1009952,Disagree,NA,NA
GEN24_1009958,Don't know / Not sure,NA,NA
GEN24_1009960,Agree,Agree,Agree
GEN24_1009962,Don't know / Not sure,NA,NA
GEN24_1009964,Agree,Agree,Agree
GEN24_1009965,Don't know / Not sure,NA,NA
GEN24_1009967,Agree,Agree,Agree
GEN24_1009970,Disagree,NA,NA
GEN24_1009972,Agree,NA,NA
GEN24_1009976,Don't know / Not sure,NA,NA
GEN24_1009994,Don't know / Not sure,NA,NA
GEN24_1009997,Don't know / Not sure,NA,NA
GEN24_1009998,Agree,NA,NA
GEN24_1009999,Agree,NA,NA
GEN24_1010001,Agree,NA,NA
GEN24_1010002,Don't know / Not sure,NA,NA
GEN24_1010012,Agree,NA,NA
GEN24_1010013,Don't know / Not sure,Agree,Agree
GEN24_1010018,Agree,NA,NA
GEN24_1010026,Disagree,NA,NA
GEN24_1010030,Disagree,Agree,Agree
GEN24_1010036,Disagree,NA,Agree
GEN24_1010040,Disagree,Agree,Agree
GEN24_1010041,Disagree,NA,NA
GEN24_1010050,Disagree,NA,NA
GEN24_1010051,Don't know / Not sure,Agree,Agree
GEN24_1010053,Don't know / Not sure,NA,NA
GEN24_1010061,Agree,Agree,Agree
GEN24_1010077,Disagree,NA,NA
GEN24_1010090,Agree,NA,NA
GEN24_1010094,Agree,NA,NA
GEN24_1010098,Don't know / Not sure,NA,NA
GEN24_1010103,Agree,NA,NA
GEN24_1010106,Don't know / Not sure,NA,NA
GEN24_1010107,Disagree,Agree,Agree
GEN24_1010108,Agree,NA,NA
GEN24_1010117,Disagree,Agree,Agree
GEN24_1010127,Don't know / Not sure,Agree,Agree
GEN24_1010131,Agree,NA,NA
GEN24_1010138,Disagree,NA,NA
GEN24_1010139,Agree,Agree,Agree
GEN24_1010141,Agree,Agree,Agree
GEN24_1010150,Agree,NA,NA
GEN24_1010179,Agree,Agree,Agree
GEN24_1010183,Agree,NA,NA
GEN24_1010187,Agree,NA,NA
GEN24_1010189,Don't know / Not sure,Agree,Agree
GEN24_1010190,Disagree,NA,NA
GEN24_1010191,Don't know / Not sure,NA,NA
GEN24_1010192,Agree,NA,NA
GEN24_1010198,Don't know / Not sure,NA,Agree
GEN24_1010202,Agree,NA,NA
GEN24_1010207,Don't know / Not sure,NA,NA
GEN24_1010208,Agree,NA,NA
GEN24_1010209,Disagree,NA,NA
GEN24_1010212,Don't know / Not sure,NA,NA
GEN24_1010213,Disagree,Agree,NA
GEN24_1010218,Don't know / Not sure,Agree,Agree
GEN24_1010224,Agree,NA,NA
GEN24_1010227,Disagree,NA,NA
GEN24_1010239,Disagree,Disagree,Agree
GEN24_1010241,Agree,NA,NA
GEN24_1010245,Agree,Agree,Agree
GEN24_1010249,Agree,Agree,Agree
GEN24_1010253,Disagree,NA,NA
GEN24_1010258,Disagree,NA,NA
GEN24_1010259,Don't know / Not sure,NA,NA
GEN24_1010261,Agree,NA,NA
GEN24_1010264,Agree,Agree,Agree
GEN24_1010265,Agree,Agree,Agree
GEN24_1010266,Don't know / Not sure,NA,NA
GEN24_1010278,Don't know / Not sure,NA,NA
GEN24_1010284,Agree,Agree,Agree
GEN24_1010289,Agree,Agree,Agree
GEN24_1010290,Agree,Agree,Agree
GEN24_1010294,Don't know / Not sure,NA,NA
GEN24_1010296,Disagree,NA,NA
GEN24_1010299,Don't know / Not sure,NA,NA
GEN24_1010300,Don't know / Not sure,Agree,Agree
GEN24_1010302,Don't know / Not sure,Agree,Agree
GEN24_1010303,Agree,Agree,Agree
GEN24_1010310,Don't know / Not sure,Agree,Agree
GEN24_1010311,Disagree,Agree,Agree
GEN24_1010312,Agree,Agree,Agree
GEN24_1010313,Disagree,Agree,Agree
GEN24_1010314,Disagree,Agree,Agree
GEN24_1010320,Disagree,Agree,Agree
GEN24_1010321,Don't know / Not sure,Agree,Agree
GEN24_1010323,Agree,Agree,Agree
GEN24_1010326,Don't know / Not sure,NA,NA
GEN24_1010327,Don't know / Not sure,NA,NA
GEN24_1010328,Agree,Agree,Agree
GEN24_1010331,Don't know / Not sure,NA,Agree
GEN24_1010337,Don't know / Not sure,Agree,Agree
GEN24_1010344,Don't know / Not sure,Agree,Agree
GEN24_1010349,Agree,NA,NA
GEN24_1010351,Agree,NA,NA
GEN24_1010359,Agree,NA,Agree
GEN24_1010363,Agree,Agree,Agree
GEN24_1010367,Agree,Agree,Agree
GEN24_1010376,Agree,NA,NA
GEN24_1010378,Agree,NA,NA
GEN24_1010382,Don't know / Not sure,NA,Agree
GEN24_1010383,Agree,NA,NA
GEN24_1010387,Disagree,NA,NA
GEN24_1010388,Disagree,NA,NA
GEN24_1010396,Disagree,NA,NA
GEN24_1010400,Agree,NA,NA
GEN24_1010403,Disagree,NA,NA
GEN24_1010410,Agree,NA,NA
GEN24_1010422,Don't know / Not sure,NA,NA
GEN24_1010441,Agree,Agree,Agree
GEN24_1010442,Agree,NA,NA
GEN24_1010444,Don't know / Not sure,NA,NA
GEN24_1010446,Agree,Agree,Agree
GEN24_1010455,Agree,Agree,Agree
GEN24_1010459,Agree,NA,Agree
GEN24_1010464,Agree,Agree,Agree
GEN24_1010468,Don't know / Not sure,NA,Agree
GEN24_1010475,Disagree,NA,NA
GEN24_1010480,Agree,NA,NA
GEN24_1010483,Agree,NA,NA
GEN24_1010488,Don't know / Not sure,NA,NA
GEN24_1010491,Don't know / Not sure,NA,NA
GEN24_1010492,Don't know / Not sure,Agree,Agree
GEN24_1010513,Disagree,NA,NA
GEN24_1010516,Agree,Agree,Agree
GEN24_1010517,Disagree,Agree,Agree
GEN24_1010519,Don't know / Not sure,Agree,Agree
GEN24_1010521,Don't know / Not sure,Agree,Agree
GEN24_1010523,Don't know / Not sure,Agree,Agree
GEN24_1010524,Agree,Agree,Agree
GEN24_1010525,Don't know / Not sure,NA,NA
GEN24_1010528,Disagree,Agree,Agree
GEN24_1010529,Agree,NA,NA
GEN24_1010531,Disagree,Disagree,NA
GEN24_1010532,Don't know / Not sure,NA,NA
GEN24_1010537,Agree,NA,NA
GEN24_1010539,Agree,Agree,Agree
GEN24_1010550,Don't know / Not sure,NA,NA
GEN24_1010553,Agree,NA,NA
GEN24_1010554,Don't know / Not sure,Disagree,Agree
GEN24_1010562,Disagree,Agree,Agree
GEN24_1010564,Disagree,NA,NA
GEN24_1010573,Disagree,NA,NA
GEN24_1010577,Agree,NA,NA
GEN24_1010585,Don't know / Not sure,Agree,Agree
GEN24_1010588,Don't know / Not sure,NA,NA
GEN24_1010589,Don't know / Not sure,Agree,Agree
GEN24_1010593,Disagree,NA,NA
GEN24_1010595,Disagree,NA,NA
GEN24_1010597,Disagree,NA,NA
GEN24_1010598,Disagree,NA,NA
GEN24_1010620,Agree,Agree,Agree
GEN24_1010628,Don't know / Not sure,NA,NA
GEN24_1010629,Don't know / Not sure,NA,NA
GEN24_1010630,Agree,NA,NA
GEN24_1010633,Disagree,Disagree,NA
GEN24_1010635,Disagree,NA,NA
GEN24_1010643,Agree,Agree,Agree
GEN24_1010647,Agree,NA,NA
GEN24_1010651,Disagree,Disagree,Agree
GEN24_1010672,Agree,Agree,Agree
GEN24_1010674,Agree,NA,NA
GEN24_1010676,Agree,NA,NA
GEN24_1010678,Don't know / Not sure,NA,NA
GEN24_1010680,Agree,Agree,Agree
GEN24_1010681,Agree,NA,NA
GEN24_1010688,Disagree,NA,NA
GEN24_1010690,Agree,NA,NA
GEN24_1010691,Don't know / Not sure,NA,NA
GEN24_1010695,Disagree,NA,NA
GEN24_1010702,Agree,Agree,Agree
GEN24_1010707,Agree,Agree,Agree
GEN24_1010708,Agree,Agree,Agree
GEN24_1010714,Agree,Agree,Agree
GEN24_1010715,Don't know / Not sure,NA,NA
GEN24_1010718,Agree,Disagree,Agree
GEN24_1010721,Agree,NA,NA
GEN24_1010723,Agree,Agree,Agree
GEN24_1010731,Disagree,NA,NA
GEN24_1010732,Disagree,NA,NA
GEN24_1010735,Agree,NA,NA
GEN24_1010749,Agree,NA,NA
GEN24_1010750,Don't know / Not sure,Agree,Agree
GEN24_1010753,Agree,Agree,Agree
GEN24_1010756,Don't know / Not sure,Agree,Agree
GEN24_1010764,Agree,NA,NA
GEN24_1010765,Agree,NA,NA
GEN24_1010767,Don't know / Not sure,NA,NA
GEN24_1010768,Agree,NA,NA
GEN24_1010771,Disagree,Agree,Agree
GEN24_1010784,Disagree,NA,NA
GEN24_1010785,Agree,NA,NA
GEN24_1010787,Disagree,NA,NA
GEN24_1010788,Disagree,Agree,Agree
GEN24_1010791,Agree,Agree,Agree
GEN24_1010793,Agree,Agree,Agree
GEN24_1010796,Don't know / Not sure,NA,NA
GEN24_1010798,Agree,Agree,Agree
GEN24_1010799,Agree,NA,NA
GEN24_1010800,Agree,Agree,Agree
GEN24_1010802,Don't know / Not sure,NA,NA
GEN24_1010804,Agree,Agree,Agree
GEN24_1010817,Agree,NA,NA
GEN24_1010820,Agree,NA,NA
GEN24_1010831,Disagree,NA,NA
GEN24_1010837,Disagree,NA,NA
GEN24_1010841,Agree,NA,NA
GEN24_1010861,Agree,Agree,Agree
GEN24_1010871,Agree,NA,NA
GEN24_1010872,Agree,Agree,Agree
GEN24_1010878,Don't know / Not sure,Agree,Agree
GEN24_1010881,Don't know / Not sure,NA,NA
GEN24_1010886,Agree,Agree,Agree
GEN24_1010888,Agree,Agree,Agree
GEN24_1010898,Disagree,Agree,Agree
GEN24_1010900,Agree,NA,NA
GEN24_1010901,Agree,Agree,Agree
GEN24_1010904,Don't know / Not sure,NA,NA
GEN24_1010913,Disagree,NA,NA
GEN24_1010914,Don't know / Not sure,NA,NA
GEN24_1010915,Disagree,NA,NA
GEN24_1010922,Agree,NA,NA
GEN24_1010924,Don't know / Not sure,Disagree,NA
GEN24_1010927,Agree,NA,NA
GEN24_1010932,Agree,Agree,Agree
GEN24_1010935,Disagree,NA,NA
GEN24_1010941,Agree,Agree,Agree
GEN24_1010942,Disagree,NA,NA
GEN24_1010948,Agree,NA,NA
GEN24_1010954,Agree,Agree,Agree
GEN24_1010956,Disagree,NA,NA
GEN24_1010968,Don't know / Not sure,Agree,Agree
GEN24_1010970,Agree,NA,NA
GEN24_1010972,Agree,Agree,Agree
GEN24_1010976,Agree,NA,NA
GEN24_1010978,Disagree,Agree,Agree
GEN24_1010979,Agree,NA,NA
GEN24_1010980,Agree,NA,NA
GEN24_1010982,Agree,NA,NA
GEN24_1010983,Agree,Agree,Agree
GEN24_1010984,Agree,NA,NA
GEN24_1010988,Disagree,NA,NA
GEN24_1010990,Agree,NA,NA
GEN24_1010992,Don't know / Not sure,NA,NA
GEN24_1010995,Don't know / Not sure,NA,NA
GEN24_1011000,Agree,Agree,Agree
GEN24_1011007,Don't know / Not sure,NA,NA
GEN24_1011016,Agree,NA,NA
GEN24_1011019,Disagree,Agree,Agree
GEN24_1011021,Don't know / Not sure,NA,NA
GEN24_1011025,Agree,Agree,Agree
GEN24_1011029,Agree,Agree,Agree
GEN24_1011030,Agree,Agree,Agree
GEN24_1011034,Disagree,NA,NA
GEN24_1011035,Disagree,NA,NA
GEN24_1011045,Agree,Agree,Agree
GEN24_1011054,Agree,NA,NA
GEN24_1011055,Disagree,NA,NA
GEN24_1011056,Disagree,NA,NA
GEN24_1011058,Agree,Agree,Agree
GEN24_1011065,Agree,NA,NA
GEN24_1011069,Agree,Agree,Agree
GEN24_1011071,Agree,Agree,Agree
GEN24_1011072,Don't know / Not sure,NA,NA
GEN24_1011086,Don't know / Not sure,NA,NA
GEN24_1011088,Don't know / Not sure,NA,NA
GEN24_1011090,Don't know / Not sure,NA,NA
GEN24_1011094,Disagree,Agree,Agree
GEN24_1011096,Agree,Agree,Agree
GEN24_1011097,Don't know / Not sure,NA,NA
GEN24_1011099,Agree,NA,NA
GEN24_1011103,Agree,NA,NA
GEN24_1011105,Agree,Agree,Agree
GEN24_1011106,Don't know / Not sure,NA,NA
GEN24_1011107,Agree,Agree,Agree
GEN24_1011115,Agree,NA,NA
GEN24_1011120,Agree,Agree,Agree
GEN24_1011122,Don't know / Not sure,Agree,Agree
GEN24_1011127,Disagree,Agree,Agree
GEN24_1011128,Agree,NA,NA
GEN24_1011151,Don't know / Not sure,NA,NA
GEN24_1011152,Agree,NA,NA
GEN24_1011153,Agree,NA,NA
GEN24_1011155,Agree,Agree,Agree
GEN24_1011156,Agree,NA,NA
GEN24_1011157,Don't know / Not sure,Agree,Agree
GEN24_1011159,Agree,NA,Agree
GEN24_1011160,Agree,NA,NA
GEN24_1011161,Don't know / Not sure,NA,NA
GEN24_1011164,Don't know / Not sure,NA,NA
GEN24_1011168,Agree,NA,NA
GEN24_1011176,Agree,Agree,Agree
GEN24_1011178,Agree,NA,NA
GEN24_1011181,Agree,NA,NA
GEN24_1011184,Agree,NA,NA
GEN24_1011191,Agree,NA,NA
GEN24_1011194,Don't know / Not sure,Agree,Agree
GEN24_1011198,Agree,Agree,Agree
GEN24_1011199,Agree,Agree,Agree
GEN24_1011200,Don't know / Not sure,NA,NA
GEN24_1011212,Don't know / Not sure,NA,NA
GEN24_1011213,Agree,Agree,Agree
GEN24_1011221,Agree,Agree,Agree
GEN24_1011223,Disagree,NA,NA
GEN24_1011224,Disagree,Agree,Agree
GEN24_1011225,Don't know / Not sure,Agree,Agree
GEN24_1011226,Agree,NA,NA
GEN24_1011227,Disagree,NA,NA
GEN24_1011234,Agree,Agree,Agree
GEN24_1011250,Agree,Agree,Agree
GEN24_1011255,Agree,Agree,Agree
GEN24_1011259,Don't know / Not sure,Agree,Agree
GEN24_1011262,Disagree,NA,NA
GEN24_1011272,Agree,NA,NA
GEN24_1011277,Disagree,Disagree,Agree
GEN24_1011279,Disagree,NA,NA
GEN24_1011280,Disagree,NA,NA
GEN24_1011290,Don't know / Not sure,NA,NA
GEN24_1011292,Agree,NA,NA
GEN24_1011297,Agree,Agree,Agree
GEN24_1011299,Agree,NA,NA
GEN24_1011308,Agree,NA,NA
GEN24_1011309,Agree,NA,NA
GEN24_1011315,Disagree,NA,NA
GEN24_1011323,Agree,Agree,NA
GEN24_1011328,Agree,Agree,Agree
GEN24_1011337,Don't know / Not sure,Agree,Agree
GEN24_1011338,Don't know / Not sure,NA,NA
GEN24_1011340,Disagree,NA,NA
GEN24_1011341,Don't know / Not sure,NA,NA
GEN24_1011348,Agree,NA,NA
GEN24_1011349,Agree,Agree,Agree
GEN24_1011355,Disagree,NA,NA
GEN24_1011360,Don't know / Not sure,NA,NA
GEN24_1011364,Agree,Agree,Agree
GEN24_1011369,Agree,NA,NA
GEN24_1011370,Agree,NA,NA
GEN24_1011372,Agree,Agree,Agree
GEN24_1011383,Agree,NA,NA
GEN24_1011385,Don't know / Not sure,NA,NA
GEN24_1011393,Don't know / Not sure,NA,NA
GEN24_1011406,Don't know / Not sure,NA,NA
GEN24_1011408,Agree,NA,NA
GEN24_1011409,Agree,Agree,Agree
GEN24_1011412,Don't know / Not sure,NA,NA
GEN24_1011415,Agree,NA,NA
GEN24_1011436,Don't know / Not sure,NA,NA
GEN24_1011438,Agree,Agree,NA
GEN24_1011447,Agree,NA,NA
GEN24_1011452,Don't know / Not sure,NA,NA
GEN24_1011465,Agree,Agree,Agree
GEN24_1011477,Don't know / Not sure,NA,NA
GEN24_1011480,Agree,NA,NA
GEN24_1011492,Disagree,NA,NA
GEN24_1011495,Agree,Agree,Agree
GEN24_1011501,Disagree,NA,NA
GEN24_1011522,Don't know / Not sure,NA,NA
GEN24_1011525,Agree,Agree,NA
GEN24_1011527,Disagree,Agree,Agree
GEN24_1011530,Don't know / Not sure,Agree,Agree
GEN24_1011535,Disagree,Agree,Agree
GEN24_1011538,Don't know / Not sure,NA,NA
GEN24_1011541,Don't know / Not sure,NA,NA
GEN24_1011561,Agree,NA,NA
GEN24_1011583,Agree,Agree,Agree
GEN24_1011587,Agree,Agree,Agree
GEN24_1011607,Disagree,NA,NA
GEN24_1011608,Agree,Agree,Agree
GEN24_1011624,Don't know / Not sure,Agree,NA
GEN24_1011634,Don't know / Not sure,Agree,Agree
GEN24_1011639,Disagree,NA,NA
GEN24_1011640,Agree,NA,NA
GEN24_1011641,Don't know / Not sure,NA,NA
GEN24_1011657,Don't know / Not sure,NA,NA
GEN24_1011665,Don't know / Not sure,NA,NA
GEN24_1011668,Disagree,NA,NA
GEN24_1011669,Disagree,NA,NA
GEN24_1011671,Agree,NA,NA
GEN24_1011680,Agree,NA,NA
GEN24_1011682,Agree,NA,NA
GEN24_1011688,Agree,NA,NA
GEN24_1011689,Agree,Agree,Agree
GEN24_1011692,Agree,Agree,Agree
GEN24_1011697,Disagree,NA,NA
GEN24_1011706,Agree,NA,NA
GEN24_1011708,Agree,Agree,Agree
GEN24_1011709,Disagree,NA,NA
GEN24_1011710,Disagree,Agree,Agree
GEN24_1011711,Disagree,Agree,Agree
GEN24_1011717,Agree,NA,Agree
GEN24_1011728,Agree,NA,NA
GEN24_1011733,Don't know / Not sure,NA,NA
GEN24_1011737,Disagree,NA,NA
GEN24_1011740,Agree,Agree,Agree
GEN24_1011744,Agree,NA,NA
GEN24_1011747,Agree,NA,NA
GEN24_1011762,Agree,Agree,Agree
GEN24_1011763,Agree,NA,NA
GEN24_1011764,Don't know / Not sure,Agree,Agree
GEN24_1011804,Don't know / Not sure,NA,Agree
GEN24_1011815,Don't know / Not sure,NA,NA
GEN24_1011820,Disagree,NA,NA
GEN24_1011823,Disagree,NA,NA
GEN24_1011825,Agree,NA,NA
GEN24_1011841,Disagree,NA,NA
GEN24_1011843,Disagree,NA,NA
GEN24_1011853,Don't know / Not sure,NA,Agree
GEN24_1011854,Don't know / Not sure,NA,NA
GEN24_1011871,Don't know / Not sure,NA,NA
GEN24_1011892,Agree,Agree,NA
GEN24_1011897,Disagree,NA,NA
GEN24_1011902,Agree,Agree,Agree
GEN24_1011907,Don't know / Not sure,NA,NA
GEN24_1011915,Agree,NA,NA
GEN24_1011916,Agree,NA,NA
GEN24_1011918,Agree,Agree,Agree
GEN24_1011919,Agree,NA,NA
GEN24_1011923,Agree,Agree,Agree
GEN24_1011946,Disagree,NA,NA
GEN24_1011952,Agree,NA,NA
GEN24_1011953,Agree,Agree,Agree
GEN24_1011974,Don't know / Not sure,Disagree,NA
GEN24_1011976,Agree,NA,NA
GEN24_1011982,Disagree,NA,NA
GEN24_1011993,Agree,Agree,Agree
GEN24_1012001,Disagree,NA,NA
GEN24_1012031,Agree,Agree,Agree
GEN24_1012037,Agree,NA,NA
GEN24_1012045,Don't know / Not sure,Disagree,Disagree
GEN24_1012050,Agree,Agree,Agree
GEN24_1012052,Disagree,NA,NA
GEN24_1012074,Disagree,NA,NA
GEN24_1012084,Disagree,NA,NA
GEN24_1012088,Don't know / Not sure,Agree,Agree
GEN24_1012091,Don't know / Not sure,NA,NA
GEN24_1012094,Agree,Agree,NA
GEN24_1012098,Disagree,NA,NA
GEN24_1012107,Agree,Agree,Agree
GEN24_1012108,Disagree,NA,NA
GEN24_1012110,Agree,NA,NA
GEN24_1012112,Agree,Agree,Agree
GEN24_1012128,Don't know / Not sure,NA,NA
GEN24_1012169,Agree,Agree,Agree
GEN24_1012175,Agree,NA,NA
GEN24_1012188,Don't know / Not sure,NA,NA
GEN24_1012197,Agree,NA,NA
GEN24_1012198,Don't know / Not sure,NA,NA
GEN24_1012206,Agree,Agree,Agree
GEN24_1012211,Agree,NA,NA
GEN24_1012216,Agree,NA,NA
GEN24_1012218,Agree,NA,NA
GEN24_1012238,Agree,Agree,Agree
GEN24_1012243,Don't know / Not sure,NA,NA
GEN24_1012245,Agree,Agree,Agree
GEN24_1012268,Don't know / Not sure,Agree,Agree
GEN24_1012270,Disagree,NA,NA
GEN24_1012292,Don't know / Not sure,NA,NA
GEN24_1012294,Disagree,NA,NA
GEN24_1012295,Agree,NA,NA
GEN24_1012306,Agree,Agree,Agree
GEN24_1012309,Disagree,NA,NA
GEN24_1012319,Agree,NA,NA
GEN24_1012331,Agree,NA,NA
GEN24_1012353,Disagree,NA,NA
GEN24_1012360,Don't know / Not sure,Agree,Agree
GEN24_1012363,Disagree,Disagree,Agree
GEN24_1012364,Disagree,NA,NA
GEN24_1012369,Disagree,NA,NA
GEN24_1012376,Don't know / Not sure,NA,NA
GEN24_1012380,Disagree,Disagree,Disagree
GEN24_1012391,Disagree,NA,NA
GEN24_1012415,Don't know / Not sure,NA,NA
GEN24_1012423,Agree,NA,NA
GEN24_1012424,Don't know / Not sure,Agree,Agree
GEN24_1012426,Disagree,NA,NA
GEN24_1012438,Agree,Agree,Agree
GEN24_1012445,Agree,NA,NA
GEN24_1012454,Don't know / Not sure,NA,NA
GEN24_1012460,Agree,Agree,Agree
GEN24_1012461,Agree,Agree,Agree
GEN24_1012464,Agree,NA,NA
GEN24_1012497,Agree,Agree,Agree
GEN24_1012498,Agree,NA,NA
GEN24_1012499,Disagree,Agree,Agree
GEN24_1012505,Don't know / Not sure,NA,NA
GEN24_1012506,Agree,NA,NA
GEN24_1012508,Disagree,Agree,Disagree
GEN24_1012516,Agree,NA,Agree
GEN24_1012518,Agree,Agree,Agree
GEN24_1012522,Don't know / Not sure,Agree,Agree
GEN24_1012523,Agree,Agree,Agree
GEN24_1012525,Agree,NA,NA
GEN24_1012529,Agree,Agree,Agree
GEN24_1012530,Disagree,NA,NA
GEN24_1012540,Agree,Agree,Agree
GEN24_1012541,Agree,Agree,Agree
GEN24_1012548,Disagree,Agree,Agree
GEN24_1012549,Agree,Agree,Agree
GEN24_1012587,Agree,Agree,Agree
GEN24_1012600,Agree,NA,NA
GEN24_1012607,Disagree,Agree,Agree
GEN24_1012608,Agree,NA,NA
GEN24_1012610,Agree,Agree,Agree
GEN24_1012612,Agree,Agree,Agree
GEN24_1012614,Agree,Agree,Agree
GEN24_1012619,Don't know / Not sure,NA,NA
GEN24_1012620,Disagree,NA,NA
GEN24_1012621,Don't know / Not sure,NA,NA
GEN24_1012624,Agree,NA,NA
GEN24_1012626,Agree,Agree,Agree
GEN24_1012630,Disagree,NA,NA
GEN24_1012632,Disagree,NA,NA
GEN24_1012636,Don't know / Not sure,NA,NA
GEN24_1012637,Agree,Agree,Agree
GEN24_1012640,Agree,Agree,Agree
GEN24_1012643,Agree,Agree,Agree
GEN24_1012647,Don't know / Not sure,Agree,Agree
GEN24_1012659,Agree,Agree,NA
GEN24_1012661,Agree,Agree,Agree
GEN24_1012662,Agree,Disagree,Agree
GEN24_1012665,Agree,Agree,Agree
GEN24_1012667,Agree,Agree,Agree
GEN24_1012669,Disagree,Agree,Agree
GEN24_1012679,Agree,NA,NA
GEN24_1012687,Disagree,NA,NA
GEN24_1012688,Disagree,NA,NA
GEN24_1012691,Disagree,NA,NA
GEN24_1012693,Disagree,NA,NA
GEN24_1012712,Disagree,NA,Agree
GEN24_1012716,Agree,NA,NA
GEN24_1012727,Disagree,NA,NA
GEN24_1012736,Agree,Agree,Agree
GEN24_1012737,Agree,NA,NA
GEN24_1012739,Don't know / Not sure,NA,Agree
GEN24_1012743,Disagree,NA,NA
GEN24_1012751,Agree,Agree,Agree
GEN24_1012754,Agree,NA,NA
GEN24_1012756,Agree,NA,NA
GEN24_1012765,Disagree,NA,NA
GEN24_1012769,Don't know / Not sure,NA,NA
GEN24_1012772,Agree,NA,NA
GEN24_1012774,Don't know / Not sure,Agree,Agree
GEN24_1012777,Agree,Agree,Agree
GEN24_1012783,Disagree,NA,NA
GEN24_1012786,Agree,NA,NA
GEN24_1012788,Agree,NA,NA
GEN24_1012793,Disagree,NA,NA
GEN24_1012795,Agree,NA,NA
GEN24_1012801,Agree,NA,NA
GEN24_1012803,Don't know / Not sure,NA,NA
GEN24_1012806,Agree,Agree,Agree
GEN24_1012809,Agree,Agree,Agree
GEN24_1012815,Disagree,NA,NA
GEN24_1012821,Disagree,NA,NA
GEN24_1012825,Agree,Agree,Agree
GEN24_1012826,Don't know / Not sure,NA,NA
GEN24_1012830,Don't know / Not sure,NA,NA
GEN24_1012833,Disagree,NA,NA
GEN24_1012834,Agree,Agree,Agree
GEN24_1012838,Disagree,NA,NA
GEN24_1012839,Agree,NA,NA
GEN24_1012841,Disagree,NA,NA
GEN24_1012844,Disagree,Agree,Agree
GEN24_1012849,Agree,Agree,NA
GEN24_1012851,Don't know / Not sure,NA,NA
GEN24_1012853,Disagree,NA,NA
GEN24_1012854,Agree,Agree,Agree
GEN24_1012862,Agree,NA,NA
GEN24_1012866,Agree,NA,NA
GEN24_1012876,Agree,NA,NA
GEN24_1012877,Agree,NA,NA
GEN24_1012881,Don't know / Not sure,NA,NA
GEN24_1012891,Don't know / Not sure,NA,NA
GEN24_1012894,Don't know / Not sure,NA,NA
GEN24_1012900,Don't know / Not sure,Agree,Agree
GEN24_1012901,Disagree,Agree,Agree
GEN24_1012902,Disagree,NA,NA
GEN24_1012908,Disagree,NA,NA
GEN24_1012909,Agree,NA,NA
GEN24_1012910,Don't know / Not sure,NA,NA
GEN24_1012914,Disagree,Agree,Agree
GEN24_1012935,Don't know / Not sure,NA,NA
GEN24_1012939,Agree,NA,NA
GEN24_1012949,Agree,NA,NA
GEN24_1012953,Agree,Agree,Agree
GEN24_1012954,Agree,Agree,Agree
GEN24_1012960,Disagree,NA,NA
GEN24_1012961,Agree,Agree,Agree
GEN24_1012965,Agree,NA,NA
GEN24_1012972,Agree,Agree,Agree
GEN24_1012980,Don't know / Not sure,Agree,Agree
GEN24_1012983,Disagree,Agree,Agree
GEN24_1012989,Agree,Agree,Agree
GEN24_1012992,Don't know / Not sure,NA,NA
GEN24_1012996,Don't know / Not sure,NA,NA
GEN24_1012999,Agree,NA,NA
GEN24_1013005,Disagree,NA,NA
GEN24_1013006,Agree,NA,NA
GEN24_1013019,Agree,Agree,Agree
GEN24_1013029,Agree,NA,NA
GEN24_1013032,Agree,NA,NA
GEN24_1013033,Agree,Agree,Agree
GEN24_1013035,Agree,Agree,Agree
GEN24_1013036,Agree,NA,NA
GEN24_1013037,Agree,Disagree,Agree
GEN24_1013041,Disagree,Agree,Agree
GEN24_1013045,Agree,NA,NA
GEN24_1013046,Agree,NA,NA
GEN24_1013055,Disagree,NA,NA
GEN24_1013056,Agree,NA,NA
GEN24_1013058,Agree,NA,NA
GEN24_1013059,Agree,Agree,Agree
GEN24_1013060,Agree,NA,NA
GEN24_1013063,Agree,NA,NA
GEN24_1013068,Disagree,NA,NA
GEN24_1013075,Agree,NA,NA
GEN24_1013079,Agree,NA,NA
GEN24_1013102,Agree,Agree,Agree
GEN24_1013103,Agree,NA,NA
GEN24_1013120,Disagree,NA,NA
GEN24_1013125,Agree,NA,NA
GEN24_1013130,Agree,Agree,Agree
GEN24_1013140,Agree,NA,NA
GEN24_1013141,Agree,NA,NA
GEN24_1013142,Agree,Agree,Agree
GEN24_1013145,Agree,NA,NA
GEN24_1013151,Agree,Agree,NA
GEN24_1013152,Disagree,NA,NA
GEN24_1013153,Don't know / Not sure,NA,NA
GEN24_1013156,Disagree,Agree,Agree
GEN24_1013158,Disagree,NA,NA
GEN24_1013159,Agree,Agree,Agree
GEN24_1013160,Disagree,NA,NA
GEN24_1013163,Agree,NA,NA
GEN24_1013165,Disagree,NA,Agree
GEN24_1013169,Don't know / Not sure,Agree,Agree
GEN24_1013173,Agree,Agree,Agree
GEN24_1013175,Agree,NA,NA
GEN24_1013176,Agree,Agree,Agree
GEN24_1013179,Agree,Agree,Agree
GEN24_1013181,Disagree,NA,NA
GEN24_1013190,Agree,Agree,Agree
GEN24_1013192,Agree,Agree,Agree
GEN24_1013194,Disagree,NA,NA
GEN24_1013196,Agree,NA,NA
GEN24_1013200,Agree,Agree,Agree
GEN24_1013201,Disagree,NA,NA
GEN24_1013203,Agree,Agree,Agree
GEN24_1013204,Agree,NA,NA
GEN24_1013209,Disagree,NA,NA
GEN24_1013220,Agree,Agree,Agree
GEN24_1013223,Agree,Agree,Agree
GEN24_1013230,Agree,NA,NA
GEN24_1013232,Agree,Agree,Agree
GEN24_1013252,Agree,NA,NA
GEN24_1013260,Agree,NA,NA
GEN24_1013261,Disagree,NA,NA
GEN24_1013271,Disagree,NA,NA
GEN24_1013278,Disagree,NA,NA
GEN24_1013280,Disagree,Agree,Agree
GEN24_1013287,Agree,NA,NA
GEN24_1013289,Don't know / Not sure,Agree,Agree
GEN24_1013291,Disagree,NA,NA
GEN24_1013294,Agree,NA,NA
GEN24_1013295,Don't know / Not sure,NA,NA
GEN24_1013296,Disagree,Agree,Agree
GEN24_1013304,Disagree,NA,NA
GEN24_1013305,Don't know / Not sure,NA,NA
GEN24_1013306,Agree,NA,NA
GEN24_1013311,Agree,Agree,Agree
GEN24_1013318,Agree,NA,NA
GEN24_1013320,Agree,NA,NA
GEN24_1013324,Agree,Agree,Agree
GEN24_1013325,Don't know / Not sure,NA,NA
GEN24_1013326,Don't know / Not sure,NA,NA
GEN24_1013329,Agree,Agree,Agree
GEN24_1013330,Don't know / Not sure,NA,NA
GEN24_1013331,Agree,Agree,Agree
GEN24_1013337,Disagree,NA,NA
GEN24_1013338,Disagree,NA,NA
GEN24_1013340,Don't know / Not sure,NA,NA
GEN24_1013347,Agree,NA,NA
GEN24_1013355,Don't know / Not sure,NA,NA
GEN24_1013358,Agree,Agree,Agree
GEN24_1013359,Don't know / Not sure,NA,NA
GEN24_1013368,Agree,NA,NA
GEN24_1013374,Disagree,Disagree,Agree
GEN24_1013378,Don't know / Not sure,NA,NA
GEN24_1013383,Disagree,NA,NA
GEN24_1013386,Don't know / Not sure,NA,NA
GEN24_1013392,Agree,NA,NA
GEN24_1013394,Disagree,NA,NA
GEN24_1013405,Agree,NA,NA
GEN24_1013407,Don't know / Not sure,NA,NA
GEN24_1013414,Don't know / Not sure,NA,Agree
GEN24_1013416,Agree,Agree,Agree
GEN24_1013418,Disagree,NA,NA
GEN24_1013424,Agree,NA,NA
GEN24_1013435,Don't know / Not sure,NA,NA
GEN24_1013440,Agree,Agree,Agree
GEN24_1013441,Don't know / Not sure,Agree,Agree
GEN24_1013444,Disagree,NA,NA
GEN24_1013450,Agree,NA,NA
GEN24_1013456,Don't know / Not sure,NA,NA
GEN24_1013457,Don't know / Not sure,NA,NA
GEN24_1013460,Agree,NA,NA
GEN24_1013464,Agree,NA,NA
GEN24_1013467,Agree,Agree,Agree
GEN24_1013469,Agree,NA,NA
GEN24_1013481,Agree,NA,NA
GEN24_1013482,Agree,NA,Agree
GEN24_1013483,Don't know / Not sure,NA,NA
GEN24_1013488,Don't know / Not sure,NA,NA
GEN24_1013491,Don't know / Not sure,NA,NA
GEN24_1013499,Agree,NA,NA
GEN24_1013501,Agree,NA,NA
GEN24_1013503,Disagree,NA,NA
GEN24_1013511,Disagree,Agree,Agree
GEN24_1013513,Agree,Agree,Agree
GEN24_1013515,Disagree,Agree,Agree
GEN24_1013517,Agree,NA,NA
GEN24_1013521,Agree,NA,NA
GEN24_1013523,Agree,NA,NA
GEN24_1013526,Disagree,NA,NA
GEN24_1013531,Agree,NA,NA
GEN24_1013548,Disagree,NA,NA
GEN24_1013551,Don't know / Not sure,NA,NA
GEN24_1013561,Agree,NA,NA
GEN24_1013565,Agree,NA,NA
GEN24_1013571,Agree,Agree,Agree
GEN24_1013579,Agree,Agree,Agree
GEN24_1013580,Don't know / Not sure,NA,NA
GEN24_1013583,Agree,Agree,Agree
GEN24_1013584,Agree,Agree,Agree
GEN24_1013585,Agree,NA,NA
GEN24_1013590,Disagree,NA,NA
GEN24_1013591,Agree,NA,NA
GEN24_1013596,Don't know / Not sure,NA,Agree
GEN24_1013604,Agree,NA,NA
GEN24_1013606,Agree,NA,NA
GEN24_1013610,Don't know / Not sure,Agree,Agree
GEN24_1013615,Disagree,NA,NA
GEN24_1013616,Agree,Agree,Agree
GEN24_1013622,Don't know / Not sure,Agree,Agree
GEN24_1013624,Agree,NA,NA
GEN24_1013627,Agree,NA,NA
GEN24_1013630,Disagree,NA,NA
GEN24_1013632,Disagree,NA,NA
GEN24_1013639,Don't know / Not sure,NA,NA
GEN24_1013647,Agree,NA,Agree
GEN24_1013649,Agree,NA,NA
GEN24_1013650,Agree,Agree,Agree
GEN24_1013658,Agree,Agree,Agree
GEN24_1013659,Agree,NA,NA
GEN24_1013662,Agree,Agree,Agree
GEN24_1013663,Don't know / Not sure,NA,NA
GEN24_1013667,Don't know / Not sure,NA,NA
GEN24_1013671,Don't know / Not sure,NA,NA
GEN24_1013677,Disagree,NA,NA
GEN24_1013688,Disagree,NA,NA
GEN24_1013696,Disagree,NA,NA
GEN24_1013702,Agree,NA,NA
GEN24_1013707,Disagree,NA,NA
GEN24_1013708,Don't know / Not sure,NA,NA
GEN24_1013710,Agree,NA,NA
GEN24_1013711,Agree,Agree,NA
GEN24_1013718,Disagree,Agree,Agree
GEN24_1013720,Don't know / Not sure,NA,NA
GEN24_1013722,Agree,NA,NA
GEN24_1013727,Agree,NA,NA
GEN24_1013737,Agree,Disagree,Disagree
GEN24_1013741,Don't know / Not sure,NA,NA
GEN24_1013742,Agree,Agree,Agree
GEN24_1013746,Don't know / Not sure,Agree,Agree
GEN24_1013747,Agree,NA,NA
GEN24_1013748,Disagree,NA,NA
GEN24_1013751,Don't know / Not sure,NA,NA
GEN24_1013753,Don't know / Not sure,Agree,Agree
GEN24_1013754,Agree,NA,NA
GEN24_1013757,Don't know / Not sure,NA,NA
GEN24_1013758,Agree,NA,NA
GEN24_1013759,Don't know / Not sure,Agree,NA
GEN24_1013761,Don't know / Not sure,NA,Agree
GEN24_1013762,Agree,NA,NA
GEN24_1013779,Disagree,NA,NA
GEN24_1013781,Don't know / Not sure,NA,NA
GEN24_1013788,Agree,Agree,Agree
GEN24_1013794,Don't know / Not sure,NA,NA
GEN24_1013795,Agree,NA,NA
GEN24_1013797,Agree,Agree,Agree
GEN24_1013798,Agree,NA,NA
GEN24_1013799,Agree,Agree,Agree
GEN24_1013804,Don't know / Not sure,NA,NA
GEN24_1013806,Disagree,NA,NA
GEN24_1013815,Agree,Agree,Agree
GEN24_1013818,Don't know / Not sure,NA,NA
GEN24_1013819,Agree,Agree,Agree
GEN24_1013822,Agree,NA,NA
GEN24_1013823,Disagree,NA,NA
GEN24_1013825,Agree,Agree,Agree
GEN24_1013827,Disagree,Agree,Agree
GEN24_1013830,Agree,Disagree,Agree
GEN24_1013831,Don't know / Not sure,NA,Agree
GEN24_1013833,Agree,Agree,Agree
GEN24_1013834,Agree,NA,NA
GEN24_1013844,Agree,NA,NA
GEN24_1013849,Disagree,NA,NA
GEN24_1013852,Agree,Agree,Agree
GEN24_1013857,Don't know / Not sure,NA,NA
GEN24_1013858,Don't know / Not sure,NA,NA
GEN24_1013859,Agree,NA,NA
GEN24_1013860,Disagree,NA,NA
GEN24_1013861,Agree,Agree,Agree
GEN24_1013869,Don't know / Not sure,Agree,NA
GEN24_1013872,Agree,NA,NA
GEN24_1013882,Agree,NA,NA
GEN24_1013883,Agree,Agree,Agree
GEN24_1013885,Agree,Agree,NA
GEN24_1013886,Agree,NA,NA
GEN24_1013888,Disagree,NA,NA
GEN24_1013892,Agree,NA,NA
GEN24_1013903,Don't know / Not sure,NA,NA
GEN24_1013907,Don't know / Not sure,NA,NA
GEN24_1013909,Agree,Agree,Agree
GEN24_1013911,Don't know / Not sure,NA,NA
GEN24_1013912,Don't know / Not sure,NA,NA
GEN24_1013913,Don't know / Not sure,NA,NA
GEN24_1013926,Agree,NA,NA
GEN24_1013927,Disagree,NA,NA
GEN24_1013931,Agree,Agree,Agree
GEN24_1013932,Agree,NA,Agree
GEN24_1013935,Agree,Agree,Agree
GEN24_1013936,Agree,Agree,Agree
GEN24_1013943,Agree,NA,NA
GEN24_1013946,Agree,NA,NA
GEN24_1013947,Disagree,NA,NA
GEN24_1013948,Agree,Agree,Agree
GEN24_1013949,Agree,NA,NA
GEN24_1013951,Agree,NA,NA
GEN24_1013952,Agree,NA,NA
GEN24_1013956,Agree,NA,NA
GEN24_1013960,Agree,NA,NA
GEN24_1013963,Agree,Agree,Agree
GEN24_1013964,Agree,Agree,Agree
GEN24_1013972,Agree,NA,NA
GEN24_1013990,Agree,Agree,Agree
GEN24_1013994,Don't know / Not sure,NA,Agree
GEN24_1013995,Agree,Agree,Agree
GEN24_1013999,Don't know / Not sure,NA,NA
GEN24_1014004,Agree,Agree,Agree
GEN24_1014007,Agree,NA,NA
GEN24_1014012,Agree,Agree,Agree
GEN24_1014014,Agree,NA,NA
GEN24_1014019,Agree,Agree,Agree
GEN24_1014022,Agree,NA,Agree
GEN24_1014025,Disagree,NA,NA
GEN24_1014029,Agree,NA,NA
GEN24_1014030,Don't know / Not sure,Agree,Agree
GEN24_1014032,Agree,Agree,Agree
GEN24_1014037,Don't know / Not sure,NA,NA
GEN24_1014038,Agree,Agree,Agree
GEN24_1014040,Don't know / Not sure,Agree,Agree
GEN24_1014043,Agree,NA,NA
GEN24_1014046,Agree,Agree,Agree
GEN24_1014047,Agree,NA,NA
GEN24_1014050,Agree,NA,NA
GEN24_1014054,Agree,Agree,Agree
GEN24_1014055,Agree,NA,NA
GEN24_1014066,Agree,Agree,Agree
GEN24_1014077,Don't know / Not sure,NA,NA
GEN24_1014086,Don't know / Not sure,NA,NA
GEN24_1014087,Agree,NA,NA
GEN24_1014088,Disagree,NA,NA
GEN24_1014093,Don't know / Not sure,NA,NA
GEN24_1014094,Disagree,NA,NA
GEN24_1014098,Agree,NA,NA
GEN24_1014099,Agree,NA,NA
GEN24_1014100,Agree,Agree,Agree
GEN24_1014104,Agree,NA,NA
GEN24_1014110,Don't know / Not sure,NA,NA
GEN24_1014114,Disagree,Agree,Agree
GEN24_1014115,Disagree,NA,NA
GEN24_1014116,Agree,NA,NA
GEN24_1014118,Disagree,NA,NA
GEN24_1014132,Agree,Agree,Agree
GEN24_1014139,Agree,NA,NA
GEN24_1014140,Agree,NA,NA
GEN24_1014147,Disagree,NA,NA
GEN24_1014149,Agree,NA,NA
GEN24_1014150,Agree,Agree,Agree
GEN24_1014153,Agree,Agree,Agree
GEN24_1014154,Disagree,NA,NA
GEN24_1014157,Agree,Agree,Agree
GEN24_1014160,Disagree,Agree,Agree
GEN24_1014161,Agree,Agree,Agree
GEN24_1014164,Agree,Agree,Agree
GEN24_1014166,Agree,NA,NA
GEN24_1014167,Disagree,NA,NA
GEN24_1014172,Disagree,NA,NA
GEN24_1014176,Disagree,NA,NA
GEN24_1014177,Don't know / Not sure,NA,NA
GEN24_1014187,Agree,Agree,Agree
GEN24_1014191,Agree,NA,NA
GEN24_1014194,Agree,NA,NA
GEN24_1014197,Disagree,Disagree,Agree
GEN24_1014201,Disagree,Disagree,Agree
GEN24_1014207,Disagree,NA,NA
GEN24_1014215,Agree,Agree,Agree
GEN24_1014218,Don't know / Not sure,NA,NA
GEN24_1014219,Agree,Agree,Agree
GEN24_1014223,Agree,Agree,Agree
GEN24_1014224,Disagree,Agree,Agree
GEN24_1014234,Don't know / Not sure,Agree,NA
GEN24_1014236,Disagree,NA,NA
GEN24_1014245,Agree,NA,NA
GEN24_1014249,Don't know / Not sure,NA,NA
GEN24_1014252,Don't know / Not sure,NA,NA
GEN24_1014253,Disagree,NA,NA
GEN24_1014258,Agree,NA,NA
GEN24_1014264,Disagree,Disagree,Agree
GEN24_1014265,Agree,NA,NA
GEN24_1014274,Agree,NA,NA
GEN24_1014275,Agree,Agree,Agree
GEN24_1014287,Don't know / Not sure,NA,NA
GEN24_1014288,Disagree,NA,NA
GEN24_1014290,Agree,Agree,Agree
GEN24_1014292,Agree,Agree,Agree
GEN24_1014293,Agree,NA,NA
GEN24_1014297,Don't know / Not sure,NA,NA
GEN24_1014298,Agree,NA,NA
GEN24_1014303,Agree,Agree,Agree
GEN24_1014305,Don't know / Not sure,NA,NA
GEN24_1014308,Agree,Agree,Agree
GEN24_1014309,Don't know / Not sure,NA,NA
GEN24_1014314,Don't know / Not sure,NA,NA
GEN24_1014318,Agree,Agree,NA
GEN24_1014322,Don't know / Not sure,NA,NA
GEN24_1014327,Agree,Agree,Agree
GEN24_1014330,Disagree,Agree,Agree
GEN24_1014332,Disagree,Agree,Agree
GEN24_1014333,Agree,NA,NA
GEN24_1014344,Agree,Agree,NA
GEN24_1014345,Agree,NA,NA
GEN24_1014348,Disagree,NA,NA
GEN24_1014349,Disagree,NA,NA
GEN24_1014350,Agree,Agree,Agree
GEN24_1014351,Don't know / Not sure,NA,NA
GEN24_1014358,Agree,NA,NA
GEN24_1014379,Agree,Agree,Agree
GEN24_1014382,Don't know / Not sure,NA,NA
GEN24_1014384,Agree,NA,NA
GEN24_1014386,Don't know / Not sure,NA,NA
GEN24_1014389,Disagree,NA,NA
GEN24_1014392,Agree,NA,NA
GEN24_1014400,Agree,Agree,Agree
GEN24_1014406,Agree,Agree,Agree
GEN24_1014410,Agree,Agree,Agree
GEN24_1014418,Agree,NA,NA
GEN24_1014419,Disagree,NA,NA
GEN24_1014421,Disagree,NA,NA
GEN24_1014423,Agree,NA,NA
GEN24_1014424,Disagree,NA,NA
GEN24_1014433,Agree,Agree,Agree
GEN24_1014436,Agree,NA,NA
GEN24_1014443,Agree,Agree,Agree
GEN24_1014444,Disagree,Agree,Agree
GEN24_1014451,Disagree,Disagree,Agree
GEN24_1014454,Agree,Agree,Agree
GEN24_1014464,Agree,Agree,Agree
GEN24_1014466,Agree,Agree,Agree
GEN24_1014476,Don't know / Not sure,Agree,Agree
GEN24_1014477,Agree,Agree,NA
GEN24_1014483,Agree,NA,NA
GEN24_1014491,Agree,NA,NA
GEN24_1014494,Agree,Agree,Agree
GEN24_1014499,Don't know / Not sure,NA,NA
GEN24_1014502,Don't know / Not sure,NA,NA
GEN24_1014505,Disagree,NA,NA
GEN24_1014506,Agree,NA,NA
GEN24_1014507,Don't know / Not sure,NA,NA
GEN24_1014511,Agree,Agree,Agree
GEN24_1014513,Agree,NA,NA
GEN24_1014536,Disagree,NA,NA
GEN24_1014538,Disagree,Agree,Agree
GEN24_1014539,Don't know / Not sure,NA,NA
GEN24_1014540,Don't know / Not sure,NA,NA
GEN24_1014545,Don't know / Not sure,NA,NA
GEN24_1014547,Disagree,NA,NA
GEN24_1014548,Don't know / Not sure,NA,NA
GEN24_1014552,Agree,NA,NA
GEN24_1014554,Don't know / Not sure,NA,NA
GEN24_1014556,Agree,NA,Agree
GEN24_1014557,Agree,NA,NA
GEN24_1014559,Don't know / Not sure,Agree,Agree
GEN24_1014578,Don't know / Not sure,NA,NA
GEN24_1014580,Agree,NA,NA
GEN24_1014589,Disagree,NA,NA
GEN24_1014594,Disagree,NA,NA
GEN24_1014606,Don't know / Not sure,NA,NA
GEN24_1014608,Agree,NA,NA
GEN24_1014612,Disagree,NA,NA
GEN24_1014614,Don't know / Not sure,Agree,Agree
GEN24_1014617,Agree,Agree,Agree
GEN24_1014623,Don't know / Not sure,NA,NA
GEN24_1014626,Agree,NA,NA
GEN24_1014630,Disagree,Disagree,Agree
GEN24_1014631,Disagree,Agree,Agree
GEN24_1014638,Agree,NA,NA
GEN24_1014639,Agree,NA,NA
GEN24_1014642,Don't know / Not sure,NA,NA
GEN24_1014646,Disagree,NA,NA
GEN24_1014648,Agree,Agree,Agree
GEN24_1014667,Don't know / Not sure,NA,NA
GEN24_1014672,Disagree,NA,NA
GEN24_1014677,Don't know / Not sure,NA,NA
GEN24_1014681,Disagree,Agree,Agree
GEN24_1014683,Disagree,NA,NA
GEN24_1014685,Disagree,NA,NA
GEN24_1014689,Agree,NA,NA
GEN24_1014705,Don't know / Not sure,Agree,Agree
GEN24_1014711,Disagree,NA,NA
GEN24_1014716,Agree,Agree,Agree
GEN24_1014720,Agree,NA,NA
GEN24_1014724,Agree,Agree,Agree
GEN24_1014732,Don't know / Not sure,NA,NA
GEN24_1014735,Agree,Agree,Agree
GEN24_1014737,Agree,Agree,Agree
GEN24_1014744,Don't know / Not sure,NA,NA
GEN24_1014745,Disagree,NA,NA
GEN24_1014746,Agree,Agree,Agree
GEN24_1014752,Agree,Disagree,Agree
GEN24_1014754,Don't know / Not sure,NA,NA
GEN24_1014758,Disagree,Agree,Agree
GEN24_1014761,Don't know / Not sure,NA,NA
GEN24_1014765,Agree,NA,NA
GEN24_1014766,Agree,NA,NA
GEN24_1014767,Agree,Agree,Agree
GEN24_1014772,Agree,Agree,Agree
GEN24_1014777,Agree,NA,NA
GEN24_1014780,Agree,Agree,Agree
GEN24_1014782,Agree,Agree,Agree
GEN24_1014783,Agree,NA,Agree
GEN24_1014785,Agree,Agree,Agree
GEN24_1014787,Disagree,NA,NA
GEN24_1014791,Agree,NA,NA
GEN24_1014793,Agree,NA,NA
GEN24_1014794,Don't know / Not sure,NA,NA
GEN24_1014795,Don't know / Not sure,NA,NA
GEN24_1014802,Don't know / Not sure,Agree,Agree
GEN24_1014807,Don't know / Not sure,NA,NA
GEN24_1014810,Agree,NA,NA
GEN24_1014816,Don't know / Not sure,NA,NA
GEN24_1014823,Disagree,NA,NA
GEN24_1014828,Agree,NA,NA
GEN24_1014829,Agree,Agree,Agree
GEN24_1014841,Agree,Agree,Agree
GEN24_1014843,Agree,NA,NA
GEN24_1014847,Agree,Agree,Agree
GEN24_1014848,Agree,Agree,Agree
GEN24_1014850,Don't know / Not sure,NA,NA
GEN24_1014861,Disagree,NA,NA
GEN24_1014865,Disagree,NA,NA
GEN24_1014867,Don't know / Not sure,NA,NA
GEN24_1014868,Agree,Agree,Agree
GEN24_1014869,Agree,NA,NA
GEN24_1014879,Agree,NA,NA
GEN24_1014881,Agree,NA,NA
GEN24_1014883,Don't know / Not sure,Agree,Agree
GEN24_1014887,Agree,NA,NA
GEN24_1014890,Disagree,Agree,Agree
GEN24_1014892,Agree,Agree,Agree
GEN24_1014895,Agree,Agree,Agree
GEN24_1014900,Agree,NA,NA
GEN24_1014902,Don't know / Not sure,Agree,Agree
GEN24_1014903,Agree,Agree,Agree
GEN24_1014906,Agree,NA,NA
GEN24_1014908,Agree,NA,NA
GEN24_1014930,Agree,NA,NA
GEN24_1014934,Disagree,NA,NA
GEN24_1014939,Don't know / Not sure,NA,NA
GEN24_1014953,Agree,Agree,Agree
GEN24_1014954,Agree,Agree,Agree
GEN24_1014958,Disagree,NA,NA
GEN24_1014959,Agree,NA,NA
GEN24_1014961,Disagree,NA,NA
GEN24_1014963,Agree,NA,NA
GEN24_1014964,Don't know / Not sure,Agree,Agree
GEN24_1014965,Agree,Agree,Agree
GEN24_1014970,Agree,NA,NA
GEN24_1014975,Agree,Agree,Agree
GEN24_1014978,Don't know / Not sure,NA,NA
GEN24_1014980,Don't know / Not sure,Agree,NA
GEN24_1014989,Agree,NA,NA
GEN24_1014991,Don't know / Not sure,NA,NA
GEN24_1014995,Don't know / Not sure,Agree,NA
GEN24_1014997,Disagree,Agree,Agree
GEN24_1015006,Agree,Agree,Agree
GEN24_1015009,Agree,NA,Agree
GEN24_1015012,Agree,NA,NA
GEN24_1015013,Disagree,NA,NA
GEN24_1015014,Agree,Agree,Agree
GEN24_1015015,Disagree,Agree,Disagree
GEN24_1015018,Agree,NA,NA
GEN24_1015026,Agree,Agree,Agree
GEN24_1015027,Agree,Agree,Agree
GEN24_1015028,Agree,NA,NA
GEN24_1015035,Agree,Agree,Agree
GEN24_1015038,Disagree,Agree,Agree
GEN24_1015039,Disagree,NA,NA
GEN24_1015041,Disagree,Agree,Agree
GEN24_1015045,Don't know / Not sure,Agree,Agree
GEN24_1015050,Disagree,NA,NA
GEN24_1015053,Agree,Agree,Agree
GEN24_1015066,Agree,Agree,Agree
GEN24_1015074,Agree,Agree,Agree
GEN24_1015076,Disagree,NA,NA
GEN24_1015082,Agree,Agree,Agree
GEN24_1015086,Agree,Agree,Agree
GEN24_1015087,Agree,NA,Agree
GEN24_1015112,Don't know / Not sure,Agree,Agree
GEN24_1015113,Agree,Agree,Agree
GEN24_1015116,Agree,NA,NA
GEN24_1015118,Don't know / Not sure,NA,NA
GEN24_1015131,Don't know / Not sure,Agree,Agree
GEN24_1015139,Don't know / Not sure,NA,NA
GEN24_1015164,Agree,Agree,Agree
GEN24_1015166,Agree,Agree,Agree
GEN24_1015170,Agree,NA,NA
GEN24_1015175,Disagree,NA,NA
GEN24_1015185,Agree,Agree,Agree
GEN24_1015187,Disagree,NA,NA
GEN24_1015189,Agree,Agree,Agree
GEN24_1015190,Agree,NA,Agree
GEN24_1015191,Don't know / Not sure,NA,NA
GEN24_1015194,Disagree,NA,NA
GEN24_1015198,Don't know / Not sure,NA,NA
GEN24_1015199,Agree,NA,NA
GEN24_1015202,Don't know / Not sure,Agree,Agree
GEN24_1015204,Agree,NA,NA
GEN24_1015207,Don't know / Not sure,NA,NA
GEN24_1015210,Agree,NA,NA
GEN24_1015211,Disagree,Agree,Agree
GEN24_1015217,Agree,NA,NA
GEN24_1015219,Don't know / Not sure,NA,NA
GEN24_1015223,Agree,Agree,Agree
GEN24_1015224,Don't know / Not sure,Agree,Agree
GEN24_1015227,Agree,NA,NA
GEN24_1015230,Don't know / Not sure,NA,NA
GEN24_1015232,Agree,NA,NA
GEN24_1015243,Agree,Agree,Agree
GEN24_1015245,Agree,NA,NA
GEN24_1015249,Agree,Agree,Agree
GEN24_1015259,Don't know / Not sure,NA,NA
GEN24_1015260,Agree,NA,NA
GEN24_1015266,Disagree,NA,NA
GEN24_1015270,Don't know / Not sure,NA,NA
GEN24_1015273,Don't know / Not sure,NA,NA
GEN24_1015276,Agree,NA,NA
GEN24_1015277,Agree,NA,NA
GEN24_1015283,Agree,NA,NA
GEN24_1015288,Agree,NA,NA
GEN24_1015293,Agree,NA,NA
GEN24_1015294,Agree,NA,NA
GEN24_1015295,Disagree,NA,NA
GEN24_1015304,Agree,Agree,Agree
GEN24_1015305,Disagree,NA,NA
GEN24_1015311,Agree,NA,NA
GEN24_1015317,Agree,Agree,Agree
GEN24_1015319,Agree,NA,NA
GEN24_1015322,Agree,Agree,Agree
GEN24_1015324,Don't know / Not sure,NA,NA
GEN24_1015325,Agree,NA,NA
GEN24_1015334,Disagree,NA,NA
GEN24_1015335,Agree,Agree,Agree
GEN24_1015336,Agree,Agree,Agree
GEN24_1015338,Don't know / Not sure,Agree,Agree
GEN24_1015339,Agree,NA,NA
GEN24_1015343,Disagree,NA,NA
GEN24_1015346,Don't know / Not sure,NA,NA
GEN24_1015349,Agree,NA,NA
GEN24_1015358,Don't know / Not sure,NA,NA
GEN24_1015362,Don't know / Not sure,NA,NA
GEN24_1015369,Disagree,NA,NA
GEN24_1015372,Disagree,NA,NA
GEN24_1015378,Don't know / Not sure,NA,NA
GEN24_1015383,Don't know / Not sure,Agree,Agree
GEN24_1015388,Agree,Agree,Agree
GEN24_1015397,Don't know / Not sure,NA,NA
GEN24_1015407,Agree,NA,NA
GEN24_1015410,Agree,NA,NA
GEN24_1015414,Don't know / Not sure,NA,NA
GEN24_1015416,Agree,NA,NA
GEN24_1015427,Agree,NA,NA
GEN24_1015428,Don't know / Not sure,NA,NA
GEN24_1015431,Don't know / Not sure,NA,NA
GEN24_1015438,Agree,NA,NA
GEN24_1015442,Agree,NA,NA
GEN24_1015446,Don't know / Not sure,NA,NA
GEN24_1015450,Agree,Agree,Agree
GEN24_1015452,Don't know / Not sure,Agree,Agree
GEN24_1015454,Agree,Agree,Agree
GEN24_1015459,Agree,Agree,Agree
GEN24_1015461,Agree,Agree,Agree
GEN24_1015463,Don't know / Not sure,NA,NA
GEN24_1015465,Disagree,NA,NA
GEN24_1015477,Agree,Agree,Agree
GEN24_1015479,Disagree,NA,NA
GEN24_1015480,Agree,NA,NA
GEN24_1015490,Disagree,NA,NA
GEN24_1015496,Disagree,NA,NA
GEN24_1015502,Don't know / Not sure,NA,NA
GEN24_1015506,Agree,NA,NA
GEN24_1015515,Agree,NA,NA
GEN24_1015519,Don't know / Not sure,Agree,Agree
GEN24_1015520,Don't know / Not sure,NA,NA
GEN24_1015521,Agree,Agree,Agree
GEN24_1015524,Disagree,NA,NA
GEN24_1015526,Don't know / Not sure,Agree,Agree
GEN24_1015529,Don't know / Not sure,Agree,Agree
GEN24_1015530,Don't know / Not sure,Agree,Agree
GEN24_1015531,Disagree,NA,NA
GEN24_1015532,Agree,Agree,Agree
GEN24_1015533,Agree,Agree,Agree
GEN24_1015535,Agree,Agree,Agree
GEN24_1015542,Agree,NA,NA
GEN24_1015548,Disagree,NA,NA
GEN24_1015552,Don't know / Not sure,NA,NA
GEN24_1015562,Don't know / Not sure,NA,NA
GEN24_1015572,Agree,Agree,Agree
GEN24_1015579,Agree,Agree,Agree
GEN24_1015585,Agree,NA,NA
GEN24_1015587,Agree,Agree,Agree
GEN24_1015592,Don't know / Not sure,NA,NA
GEN24_1015593,Agree,NA,NA
GEN24_1015594,Agree,Agree,Agree
GEN24_1015596,Agree,NA,NA
GEN24_1015609,Agree,Agree,Agree
GEN24_1015610,Agree,Agree,Agree
GEN24_1015611,Disagree,NA,NA
GEN24_1015618,Agree,Agree,Agree
GEN24_1015621,Agree,NA,NA
GEN24_1015622,Agree,NA,NA
GEN24_1015625,Agree,Agree,Agree
GEN24_1015627,Agree,Agree,Agree
GEN24_1015630,Agree,NA,NA
GEN24_1015633,Don't know / Not sure,NA,NA
GEN24_1015641,Agree,NA,Agree
GEN24_1015645,Disagree,NA,NA
GEN24_1015646,Disagree,NA,NA
GEN24_1015651,Disagree,NA,NA
GEN24_1015652,Disagree,NA,NA
GEN24_1015653,Don't know / Not sure,NA,NA
GEN24_1015654,Agree,NA,NA
GEN24_1015661,Agree,Agree,Agree
GEN24_1015669,Don't know / Not sure,NA,NA
GEN24_1015673,Disagree,NA,NA
GEN24_1015677,Disagree,Agree,NA
GEN24_1015678,Agree,NA,NA
GEN24_1015680,Agree,Agree,Agree
GEN24_1015681,Agree,NA,NA
GEN24_1015684,Agree,Agree,Agree
GEN24_1015685,Agree,NA,NA
GEN24_1015687,Don't know / Not sure,NA,NA
GEN24_1015700,Don't know / Not sure,Agree,Agree
GEN24_1015704,Agree,NA,NA
GEN24_1015706,Disagree,NA,NA
GEN24_1015710,Agree,Agree,Agree
GEN24_1015715,Agree,NA,NA
GEN24_1015716,Disagree,NA,NA
GEN24_1015717,Don't know / Not sure,NA,NA
GEN24_1015723,Disagree,NA,NA
GEN24_1015724,Don't know / Not sure,NA,NA
GEN24_1015726,Agree,Agree,Agree
GEN24_1015731,Agree,Agree,Agree
GEN24_1015734,Disagree,Agree,Agree
GEN24_1015740,Disagree,NA,NA
GEN24_1015742,Don't know / Not sure,Agree,Agree
GEN24_1015743,Agree,NA,NA
GEN24_1015745,Agree,NA,NA
GEN24_1015749,Don't know / Not sure,NA,NA
GEN24_1015754,Agree,NA,NA
GEN24_1015757,Agree,NA,NA
GEN24_1015765,Agree,NA,NA
GEN24_1015767,Agree,Agree,Agree
GEN24_1015771,Disagree,NA,NA
GEN24_1015773,Agree,Agree,Agree
GEN24_1015778,Disagree,NA,NA
GEN24_1015782,Disagree,NA,NA
GEN24_1015784,Agree,NA,NA
GEN24_1015787,Don't know / Not sure,NA,NA
GEN24_1015789,Disagree,NA,NA
GEN24_1015793,Agree,Agree,Agree
GEN24_1015795,Agree,Agree,Agree
GEN24_1015799,Don't know / Not sure,NA,NA
GEN24_1015801,Agree,NA,NA
GEN24_1015802,Don't know / Not sure,NA,NA
GEN24_1015803,Agree,Agree,Agree
GEN24_1015805,Agree,Agree,Agree
GEN24_1015808,Agree,Agree,Agree
GEN24_1015811,Agree,Agree,Agree
GEN24_1015817,Agree,Agree,Agree
GEN24_1015818,Don't know / Not sure,Agree,Agree
GEN24_1015821,Disagree,NA,NA
GEN24_1015822,Disagree,NA,NA
GEN24_1015842,Agree,Agree,Agree
GEN24_1015845,Don't know / Not sure,NA,NA
GEN24_1015846,Agree,Agree,Agree
GEN24_1015857,Agree,Agree,Agree
GEN24_1015859,Agree,Agree,Agree
GEN24_1015863,Agree,Agree,Agree
GEN24_1015884,Don't know / Not sure,Agree,Agree
GEN24_1015887,Don't know / Not sure,NA,NA
GEN24_1015890,Disagree,NA,NA
GEN24_1015902,Don't know / Not sure,NA,NA
GEN24_1015904,Agree,Agree,Agree
GEN24_1015913,Don't know / Not sure,NA,NA
GEN24_1015922,Don't know / Not sure,Agree,Agree
GEN24_1015931,Agree,NA,NA
GEN24_1015932,Disagree,NA,NA
GEN24_1015935,Agree,NA,NA
GEN24_1015937,Agree,NA,NA
GEN24_1015946,Disagree,NA,NA
GEN24_1015951,Agree,NA,NA
GEN24_1015956,Don't know / Not sure,NA,NA
GEN24_1015963,Agree,NA,NA
GEN24_1015966,Agree,NA,NA
GEN24_1015967,Agree,Agree,Agree
GEN24_1015972,Agree,NA,NA
GEN24_1015973,Disagree,Agree,Agree
GEN24_1015974,Agree,NA,NA
GEN24_1015975,Agree,Agree,Agree
GEN24_1015982,Disagree,Agree,Agree
GEN24_1015984,Don't know / Not sure,NA,NA
GEN24_1015985,Agree,Agree,Agree
GEN24_1016001,Agree,NA,NA
GEN24_1016021,Don't know / Not sure,Agree,NA
GEN24_1016027,Agree,NA,NA
GEN24_1016032,Disagree,Agree,Agree
GEN24_1016033,Agree,NA,NA
GEN24_1016040,Disagree,NA,NA
GEN24_1016049,Agree,Agree,Agree
GEN24_1016050,Agree,NA,NA
GEN24_1016064,Agree,NA,NA
GEN24_1016066,Agree,NA,NA
GEN24_1016068,Agree,NA,NA
GEN24_1016069,Agree,Agree,Agree
GEN24_1016073,Agree,Agree,Agree
GEN24_1016082,Agree,NA,NA
GEN24_1016085,Agree,Agree,Agree
GEN24_1016089,Agree,Agree,Agree
GEN24_1016091,Agree,NA,NA
GEN24_1016093,Agree,NA,NA
GEN24_1016095,Agree,Agree,Agree
GEN24_1016097,Disagree,NA,NA
GEN24_1016100,Disagree,NA,NA
GEN24_1016101,Agree,Agree,Agree
GEN24_1016104,Agree,Agree,Agree
GEN24_1016106,Disagree,NA,NA
GEN24_1016117,Agree,Agree,Agree
GEN24_1016121,Agree,Agree,Agree
GEN24_1016125,Disagree,NA,NA
GEN24_1016129,Don't know / Not sure,NA,NA
GEN24_1016131,Agree,NA,NA
GEN24_1016132,Disagree,Agree,Agree
GEN24_1016135,Disagree,NA,NA
GEN24_1016140,Agree,Agree,Agree
GEN24_1016147,Disagree,Agree,Agree
GEN24_1016150,Agree,NA,NA
GEN24_1016152,Don't know / Not sure,Agree,Agree
GEN24_1016154,Don't know / Not sure,NA,NA
GEN24_1016157,Disagree,NA,NA
GEN24_1016158,Don't know / Not sure,NA,NA
GEN24_1016159,Agree,Agree,Agree
GEN24_1016160,Agree,Agree,Agree
GEN24_1016170,Don't know / Not sure,NA,NA
GEN24_1016171,Agree,Agree,Agree
GEN24_1016174,Agree,NA,NA
GEN24_1016188,Agree,Agree,Agree
GEN24_1016194,Don't know / Not sure,NA,NA
GEN24_1016198,Don't know / Not sure,NA,NA
GEN24_1016200,Don't know / Not sure,Agree,Agree
GEN24_1016203,Agree,NA,NA
GEN24_1016210,Agree,Agree,NA
GEN24_1016211,Agree,NA,NA
GEN24_1016216,Agree,NA,NA
GEN24_1016217,Don't know / Not sure,NA,NA
GEN24_1016218,Don't know / Not sure,NA,NA
GEN24_1016222,Agree,NA,NA
GEN24_1016223,Agree,NA,NA
GEN24_1016224,Don't know / Not sure,Agree,Agree
GEN24_1016226,Don't know / Not sure,NA,NA
GEN24_1016231,Don't know / Not sure,Agree,Agree
GEN24_1016242,Agree,Agree,Agree
GEN24_1016248,Agree,Agree,Agree
GEN24_1016258,Don't know / Not sure,Agree,Agree
GEN24_1016259,Agree,Agree,Agree
GEN24_1016261,Disagree,NA,NA
GEN24_1016269,Agree,NA,NA
GEN24_1016271,Disagree,NA,NA
GEN24_1016272,Disagree,NA,NA
GEN24_1016274,Don't know / Not sure,NA,NA
GEN24_1016284,Don't know / Not sure,NA,NA
GEN24_1016288,Agree,Agree,Agree
GEN24_1016290,Disagree,NA,NA
GEN24_1016293,Agree,Agree,Agree
GEN24_1016298,Agree,NA,NA
GEN24_1016300,Don't know / Not sure,NA,NA
GEN24_1016301,Disagree,Agree,Agree
GEN24_1016302,Disagree,NA,NA
GEN24_1016304,Agree,NA,NA
GEN24_1016312,Disagree,NA,NA
GEN24_1016322,Agree,NA,NA
GEN24_1016325,Disagree,NA,NA
GEN24_1016327,Agree,Agree,Agree
GEN24_1016342,Agree,Agree,Agree
GEN24_1016346,Agree,NA,NA
GEN24_1016356,Agree,Agree,Agree
GEN24_1016362,Agree,NA,NA
GEN24_1016363,Disagree,NA,NA
GEN24_1016364,Don't know / Not sure,NA,NA
GEN24_1016366,Don't know / Not sure,NA,NA
GEN24_1016369,Don't know / Not sure,NA,NA
GEN24_1016379,Agree,Agree,Agree
GEN24_1016389,Disagree,Agree,Agree
GEN24_1016392,Disagree,NA,NA
GEN24_1016397,Don't know / Not sure,NA,NA
GEN24_1016399,Disagree,Agree,Agree
GEN24_1016401,Don't know / Not sure,NA,NA
GEN24_1016411,Agree,Agree,Agree
GEN24_1016423,Disagree,Agree,Agree
GEN24_1016429,Disagree,Agree,Agree
GEN24_1016431,Don't know / Not sure,NA,NA
GEN24_1016433,Agree,Agree,Agree
GEN24_1016438,Don't know / Not sure,Agree,Agree
GEN24_1016440,Don't know / Not sure,Agree,Agree
GEN24_1016441,Agree,Agree,Agree
GEN24_1016447,Agree,NA,NA
GEN24_1016464,Don't know / Not sure,Agree,Agree
GEN24_1016465,Don't know / Not sure,NA,NA
GEN24_1016469,Don't know / Not sure,NA,NA
GEN24_1016470,Agree,NA,NA
GEN24_1016473,Don't know / Not sure,NA,NA
GEN24_1016474,Don't know / Not sure,NA,NA
GEN24_1016476,Don't know / Not sure,NA,NA
GEN24_1016478,Disagree,NA,NA
GEN24_1016482,Agree,NA,NA
GEN24_1016489,Don't know / Not sure,NA,NA
GEN24_1016496,Disagree,NA,NA
GEN24_1016497,Agree,Agree,Agree
GEN24_1016499,Agree,Agree,Agree
GEN24_1016502,Agree,Agree,Agree
GEN24_1016509,Agree,Agree,Agree
GEN24_1016514,Don't know / Not sure,NA,NA
GEN24_1016517,Disagree,NA,NA
GEN24_1016521,Agree,Agree,Agree
GEN24_1016522,Disagree,Agree,Agree
GEN24_1016525,Disagree,NA,NA
GEN24_1016528,Disagree,NA,NA
GEN24_1016534,Don't know / Not sure,NA,NA
GEN24_1016539,Disagree,NA,NA
GEN24_1016556,Disagree,Agree,Agree
GEN24_1016557,Agree,Agree,Agree
GEN24_1016558,Agree,Agree,Agree
GEN24_1016559,Agree,Agree,Agree
GEN24_1016567,Don't know / Not sure,NA,NA
GEN24_1016568,Disagree,NA,NA
GEN24_1016576,Don't know / Not sure,NA,NA
GEN24_1016581,Don't know / Not sure,NA,NA
GEN24_1016589,Don't know / Not sure,NA,NA
GEN24_1016593,Don't know / Not sure,Agree,Agree
GEN24_1016596,Agree,NA,NA
GEN24_1016599,Disagree,NA,NA
GEN24_1016600,Disagree,NA,NA
GEN24_1016603,Don't know / Not sure,Agree,Agree
GEN24_1016608,Agree,NA,NA
GEN24_1016610,Agree,Agree,Agree
GEN24_1016615,Agree,Agree,Agree
GEN24_1016616,Don't know / Not sure,NA,NA
GEN24_1016618,Agree,NA,NA
GEN24_1016626,Don't know / Not sure,Agree,Agree
GEN24_1016627,Agree,Agree,Agree
GEN24_1016628,Agree,NA,NA
GEN24_1016629,Agree,NA,NA
GEN24_1016633,Agree,Agree,Agree
GEN24_1016645,Disagree,NA,NA
GEN24_1016648,Agree,NA,NA
GEN24_1016649,Disagree,NA,NA
GEN24_1016664,Agree,NA,NA
GEN24_1016668,Disagree,NA,NA
GEN24_1016673,Disagree,NA,NA
GEN24_1016674,Disagree,NA,NA
GEN24_1016678,Agree,Agree,Agree
GEN24_1016679,Agree,NA,NA
GEN24_1016689,Agree,Agree,Agree
GEN24_1016691,Agree,Agree,Agree
GEN24_1016693,Don't know / Not sure,NA,NA
GEN24_1016695,Don't know / Not sure,Agree,Agree
GEN24_1016697,Agree,NA,NA
GEN24_1016698,Agree,Agree,Agree
GEN24_1016706,Agree,Agree,Agree
GEN24_1016710,Agree,Agree,Agree
GEN24_1016712,Agree,NA,NA
GEN24_1016729,Agree,Agree,Agree
GEN24_1016742,Agree,NA,NA
GEN24_1016743,Don't know / Not sure,Agree,Agree
GEN24_1016746,Don't know / Not sure,NA,NA
GEN24_1016749,Disagree,Agree,Agree
GEN24_1016750,Disagree,Agree,Agree
GEN24_1016751,Agree,NA,NA
GEN24_1016752,Agree,NA,NA
GEN24_1016755,Don't know / Not sure,NA,NA
GEN24_1016757,Agree,NA,NA
GEN24_1016766,Don't know / Not sure,NA,NA
GEN24_1016769,Agree,Agree,Agree
GEN24_1016771,Agree,NA,NA
GEN24_1016772,Agree,Agree,Agree
GEN24_1016776,Don't know / Not sure,NA,NA
GEN24_1016780,Don't know / Not sure,Agree,NA
GEN24_1016783,Agree,Agree,Agree
GEN24_1016784,Don't know / Not sure,Agree,Agree
GEN24_1016787,Agree,Agree,Agree
GEN24_1016789,Don't know / Not sure,NA,NA
GEN24_1016790,Agree,NA,NA
GEN24_1016791,Agree,NA,NA
GEN24_1016792,Agree,NA,NA
GEN24_1016795,Disagree,NA,NA
GEN24_1016796,Disagree,NA,NA
GEN24_1016804,Disagree,NA,NA
GEN24_1016809,Agree,Agree,Agree
GEN24_1016817,Don't know / Not sure,NA,NA
GEN24_1016821,Don't know / Not sure,NA,NA
GEN24_1016824,Disagree,NA,NA
GEN24_1016827,Don't know / Not sure,NA,NA
GEN24_1016832,Agree,NA,NA
GEN24_1016834,Agree,NA,NA
GEN24_1016843,Agree,NA,NA
GEN24_1016848,Don't know / Not sure,NA,NA
GEN24_1016853,Disagree,Agree,Agree
GEN24_1016854,Agree,NA,NA
GEN24_1016855,Agree,Agree,Agree
GEN24_1016859,Agree,Agree,Agree
GEN24_1016860,Don't know / Not sure,Agree,Agree
GEN24_1016861,Agree,NA,NA
GEN24_1016864,Agree,Agree,Agree
GEN24_1016869,Agree,NA,NA
GEN24_1016870,Don't know / Not sure,Agree,Agree
GEN24_1016884,Agree,NA,NA
GEN24_1016893,Agree,Agree,Agree
GEN24_1016895,Agree,Agree,Agree
GEN24_1016902,Agree,NA,NA
GEN24_1016903,Don't know / Not sure,Agree,NA
GEN24_1016904,Agree,NA,NA
GEN24_1016906,Don't know / Not sure,NA,NA
GEN24_1016908,Agree,NA,NA
GEN24_1016912,Agree,NA,NA
GEN24_1016913,Disagree,NA,NA
GEN24_1016915,Agree,Agree,Agree
GEN24_1016921,Agree,Agree,Agree
GEN24_1016924,Don't know / Not sure,NA,NA
GEN24_1016929,Agree,Agree,Agree
GEN24_1016935,Agree,NA,NA
GEN24_1016939,Agree,NA,NA
GEN24_1016943,Agree,NA,NA
GEN24_1016944,Disagree,NA,NA
GEN24_1016949,Disagree,NA,NA
GEN24_1016957,Agree,Agree,Agree
GEN24_1016969,Agree,NA,NA
GEN24_1016970,Disagree,NA,NA
GEN24_1016972,Disagree,NA,NA
GEN24_1016976,Agree,NA,NA
GEN24_1016978,Agree,Agree,Agree
GEN24_1016980,Disagree,NA,NA
GEN24_1016982,Disagree,NA,NA
GEN24_1016989,Disagree,Disagree,NA
GEN24_1016990,Don't know / Not sure,Agree,Agree
GEN24_1016998,Don't know / Not sure,NA,Agree
GEN24_1016999,Don't know / Not sure,NA,NA
GEN24_1017002,Agree,Disagree,Agree
GEN24_1017006,Don't know / Not sure,NA,NA
GEN24_1017012,Don't know / Not sure,NA,NA
GEN24_1017014,Disagree,Agree,Agree
GEN24_1017017,Agree,NA,NA
GEN24_1017022,Agree,NA,NA
GEN24_1017040,Agree,Agree,Agree
GEN24_1017044,Disagree,NA,NA
GEN24_1017045,Agree,NA,NA
GEN24_1017049,Disagree,NA,NA
GEN24_1017051,Agree,NA,NA
GEN24_1017056,Disagree,Agree,Agree
GEN24_1017064,Don't know / Not sure,Agree,Agree
GEN24_1017065,Agree,NA,Agree
GEN24_1017066,Agree,Agree,Agree
GEN24_1017072,Agree,Agree,Agree
GEN24_1017076,Agree,NA,NA
GEN24_1017082,Don't know / Not sure,NA,NA
GEN24_1017089,Don't know / Not sure,NA,NA
GEN24_1017096,Agree,NA,NA
GEN24_1017100,Agree,NA,NA
GEN24_1017101,Disagree,NA,NA
GEN24_1017111,Don't know / Not sure,NA,NA
GEN24_1017114,Agree,Agree,Agree
GEN24_1017115,Agree,NA,NA
GEN24_1017120,Disagree,Agree,Agree
GEN24_1017122,Agree,NA,NA
GEN24_1017131,Agree,Agree,Agree
GEN24_1017140,Don't know / Not sure,NA,NA
GEN24_1017146,Agree,Agree,Agree
GEN24_1017153,Disagree,NA,NA
GEN24_1017155,Agree,Agree,Agree
GEN24_1017157,Agree,NA,NA
GEN24_1017166,Disagree,NA,NA
GEN24_1017169,Don't know / Not sure,NA,NA
GEN24_1017175,Agree,Agree,Agree
GEN24_1017177,Agree,Agree,Agree
GEN24_1017179,Don't know / Not sure,NA,NA
GEN24_1017182,Agree,Agree,Agree
GEN24_1017192,Disagree,NA,NA
GEN24_1017195,Disagree,Agree,Agree
GEN24_1017204,Agree,Agree,Agree
GEN24_1017208,Don't know / Not sure,Agree,Agree
GEN24_1017212,Don't know / Not sure,NA,NA
GEN24_1017216,Agree,Agree,Agree
GEN24_1017218,Agree,Agree,Agree
GEN24_1017219,Don't know / Not sure,NA,NA
GEN24_1017234,Don't know / Not sure,Agree,Agree
GEN24_1017235,Agree,NA,NA
GEN24_1017243,Disagree,NA,NA
GEN24_1017251,Agree,NA,NA
GEN24_1017261,Agree,Agree,Agree
GEN24_1017262,Agree,NA,NA
GEN24_1017265,Agree,NA,Agree
GEN24_1017266,Disagree,Agree,Agree
GEN24_1017270,Don't know / Not sure,NA,NA
GEN24_1017272,Agree,NA,NA
GEN24_1017275,Don't know / Not sure,Agree,Agree
GEN24_1017287,Agree,NA,NA
GEN24_1017295,Agree,NA,NA
GEN24_1017296,Agree,Agree,Agree
GEN24_1017301,Don't know / Not sure,Agree,Agree
GEN24_1017303,Agree,Agree,Agree
GEN24_1017304,Agree,Agree,Agree
GEN24_1017316,Don't know / Not sure,NA,NA
GEN24_1017319,Disagree,NA,NA
GEN24_1017330,Don't know / Not sure,NA,NA
GEN24_1017332,Don't know / Not sure,NA,NA
GEN24_1017346,Don't know / Not sure,NA,NA
GEN24_1017351,Agree,NA,NA
GEN24_1017357,Agree,NA,NA
GEN24_1017374,Agree,NA,NA
GEN24_1017385,Don't know / Not sure,NA,NA
GEN24_1017387,Disagree,NA,NA
GEN24_1017399,Don't know / Not sure,Agree,Agree
GEN24_1017400,Disagree,NA,NA
GEN24_1017402,Agree,NA,NA
GEN24_1017403,Agree,NA,NA
GEN24_1017427,Don't know / Not sure,Agree,Agree
GEN24_1017444,Agree,NA,NA
GEN24_1017447,Agree,Agree,Agree
GEN24_1017457,Don't know / Not sure,NA,NA
GEN24_1017470,Disagree,Agree,Agree
GEN24_1017477,Don't know / Not sure,Agree,Agree
GEN24_1017483,Agree,NA,NA
GEN24_1017496,Don't know / Not sure,Agree,Agree
GEN24_1017502,Agree,Agree,Agree
GEN24_1017509,Agree,NA,NA
GEN24_1017513,Disagree,Agree,Agree
GEN24_1017518,Agree,NA,NA
GEN24_1017523,Don't know / Not sure,NA,NA
GEN24_1017539,Agree,NA,NA
GEN24_1017542,Agree,NA,NA
GEN24_1017547,Don't know / Not sure,NA,NA
GEN24_1017549,Disagree,Agree,Agree
GEN24_1017550,Don't know / Not sure,NA,NA
GEN24_1017551,Don't know / Not sure,NA,NA
GEN24_1017555,Don't know / Not sure,NA,NA
GEN24_1017565,Don't know / Not sure,NA,NA
GEN24_1017579,Disagree,NA,NA
GEN24_1017580,Disagree,NA,NA
GEN24_1017581,Agree,NA,NA
GEN24_1017583,Agree,Agree,Agree
GEN24_1017584,Don't know / Not sure,NA,NA
GEN24_1017588,Agree,NA,NA
GEN24_1017592,Agree,Agree,Agree
GEN24_1017599,Don't know / Not sure,NA,NA
GEN24_1017600,Disagree,NA,NA
GEN24_1017605,Agree,NA,NA
GEN24_1017609,Disagree,NA,NA
GEN24_1017610,Agree,Agree,Agree
GEN24_1017612,Don't know / Not sure,NA,NA
GEN24_1017613,Don't know / Not sure,NA,NA
GEN24_1017616,Don't know / Not sure,NA,NA
GEN24_1017619,Agree,Agree,Agree
GEN24_1017625,Disagree,NA,NA
GEN24_1017630,Agree,Agree,Agree
GEN24_1017631,Don't know / Not sure,NA,NA
GEN24_1017633,Don't know / Not sure,NA,NA
GEN24_1017635,Disagree,NA,NA
GEN24_1017645,Agree,Agree,Agree
GEN24_1017646,Don't know / Not sure,NA,NA
GEN24_1017652,Agree,NA,NA
GEN24_1017654,Agree,NA,NA
GEN24_1017655,Disagree,Agree,Agree
GEN24_1017656,Don't know / Not sure,NA,NA
GEN24_1017666,Don't know / Not sure,NA,NA
GEN24_1017669,Don't know / Not sure,Agree,Agree
GEN24_1017671,Agree,NA,NA
GEN24_1017677,Don't know / Not sure,NA,NA
GEN24_1017678,Agree,Agree,Agree
GEN24_1017679,Disagree,NA,NA
GEN24_1017682,Disagree,NA,NA
GEN24_1017685,Agree,Agree,Agree
GEN24_1017688,Agree,Agree,Agree
GEN24_1017693,Agree,Agree,Agree
GEN24_1017699,Disagree,NA,NA
GEN24_1017719,Agree,NA,NA
GEN24_1017730,Disagree,NA,NA
GEN24_1017733,Agree,NA,NA
GEN24_1017754,Disagree,NA,NA
GEN24_1017757,Disagree,NA,NA
GEN24_1017762,Agree,Agree,Agree
GEN24_1017763,Agree,NA,NA
GEN24_1017764,Agree,NA,NA
GEN24_1017769,Don't know / Not sure,NA,NA
GEN24_1017784,Agree,Agree,Agree
GEN24_1017785,Agree,NA,NA
GEN24_1017792,Disagree,NA,NA
GEN24_1017796,Don't know / Not sure,NA,NA
GEN24_1017798,Agree,NA,NA
GEN24_1017800,Agree,NA,NA
GEN24_1017806,Disagree,Agree,Agree
GEN24_1017807,Agree,NA,NA
GEN24_1017812,Agree,Agree,Agree
GEN24_1017813,Agree,Agree,Agree
GEN24_1017815,Don't know / Not sure,NA,NA
GEN24_1017816,Agree,NA,NA
GEN24_1017817,Agree,Agree,Agree
GEN24_1017820,Agree,NA,NA
GEN24_1017823,Agree,Agree,Agree
GEN24_1017827,Disagree,NA,NA
GEN24_1017828,Agree,Agree,Agree
GEN24_1017831,Don't know / Not sure,Agree,NA
GEN24_1017839,Disagree,NA,NA
GEN24_1017843,Don't know / Not sure,Agree,Agree
GEN24_1017844,Agree,Agree,Agree
GEN24_1017847,Agree,NA,NA
GEN24_1017851,Disagree,NA,NA
GEN24_1017860,Don't know / Not sure,NA,NA
GEN24_1017863,Agree,NA,NA
GEN24_1017865,Don't know / Not sure,NA,NA
GEN24_1017868,Don't know / Not sure,Agree,NA
GEN24_1017871,Don't know / Not sure,NA,NA
GEN24_1017872,Agree,NA,NA
GEN24_1017880,Agree,Agree,Agree
GEN24_1017881,Agree,Agree,Agree
GEN24_1017884,Agree,NA,NA
GEN24_1017885,Don't know / Not sure,NA,NA
GEN24_1017892,Don't know / Not sure,Agree,Agree
GEN24_1017893,Agree,NA,NA
GEN24_1017895,Disagree,Agree,Agree
GEN24_1017909,Agree,Agree,Agree
GEN24_1017911,Agree,NA,NA
GEN24_1017914,Agree,Agree,Agree
GEN24_1017915,Don't know / Not sure,NA,NA
GEN24_1017919,Agree,NA,NA
GEN24_1017920,Agree,NA,NA
GEN24_1017922,Agree,Agree,Agree
GEN24_1017923,Agree,NA,NA
GEN24_1017924,Disagree,NA,NA
GEN24_1017931,Disagree,NA,NA
GEN24_1017933,Agree,Agree,Agree
GEN24_1017939,Agree,Agree,Agree
GEN24_1017946,Agree,NA,Agree
GEN24_1017949,Agree,NA,NA
GEN24_1017953,Agree,NA,NA
GEN24_1017954,Agree,NA,NA
GEN24_1017955,Agree,Agree,Agree
GEN24_1017961,Disagree,NA,NA
GEN24_1017962,Agree,Agree,Agree
GEN24_1017965,Agree,Agree,Agree
GEN24_1017973,Agree,NA,NA
GEN24_1017974,Agree,Agree,Agree
GEN24_1017977,Agree,NA,NA
GEN24_1017991,Agree,NA,NA
GEN24_1017997,Disagree,NA,NA
GEN24_1018000,Agree,NA,NA
GEN24_1018003,Agree,NA,NA
GEN24_1018013,Don't know / Not sure,NA,NA
GEN24_1018014,Agree,Agree,Agree
GEN24_1018018,Agree,Agree,Agree
GEN24_1018044,Disagree,NA,NA
GEN24_1018046,Agree,NA,NA
GEN24_1018051,Disagree,NA,NA
GEN24_1018052,Agree,Agree,Agree
GEN24_1018057,Don't know / Not sure,NA,NA
GEN24_1018060,Don't know / Not sure,NA,NA
GEN24_1018062,Don't know / Not sure,NA,NA
GEN24_1018071,Agree,Agree,Agree
GEN24_1018073,Don't know / Not sure,NA,NA
GEN24_1018074,Don't know / Not sure,NA,NA
GEN24_1018084,Don't know / Not sure,NA,NA
GEN24_1018085,Agree,Agree,Agree
GEN24_1018089,Agree,NA,NA
GEN24_1018096,Don't know / Not sure,NA,NA
GEN24_1018101,Agree,Agree,Agree
GEN24_1018104,Disagree,NA,NA
GEN24_1018108,Agree,NA,NA
GEN24_1018121,Agree,NA,NA
GEN24_1018122,Agree,NA,NA
GEN24_1018126,Agree,Agree,Agree
GEN24_1018128,Agree,NA,NA
GEN24_1018130,Agree,Agree,Agree
GEN24_1018131,Agree,Agree,Agree
GEN24_1018133,Disagree,Agree,Agree
GEN24_1018141,Agree,NA,NA
GEN24_1018150,Disagree,NA,NA
GEN24_1018154,Disagree,NA,NA
GEN24_1018163,Agree,Agree,Agree
GEN24_1018165,Agree,Agree,Agree
GEN24_1018175,Don't know / Not sure,NA,NA
GEN24_1018189,Agree,Agree,Agree
GEN24_1018191,Agree,Agree,Agree
GEN24_1018197,Agree,NA,NA
GEN24_1018199,Agree,Agree,Agree
GEN24_1018216,Agree,NA,NA
GEN24_1018218,Agree,Agree,Agree
GEN24_1018222,Disagree,NA,NA
GEN24_1018223,Agree,Agree,Agree
GEN24_1018226,Don't know / Not sure,NA,NA
GEN24_1018227,Don't know / Not sure,NA,NA
GEN24_1018228,Disagree,NA,NA
GEN24_1018229,Disagree,NA,NA
GEN24_1018237,Agree,Agree,Agree
GEN24_1018239,Agree,NA,NA
GEN24_1018240,Don't know / Not sure,Agree,Agree
GEN24_1018241,Agree,Agree,Agree
GEN24_1018247,Agree,NA,NA
GEN24_1018253,Disagree,NA,NA
GEN24_1018254,Disagree,Agree,Agree
GEN24_1018257,Disagree,Agree,Agree
GEN24_1018260,Agree,NA,NA
GEN24_1018262,Don't know / Not sure,Disagree,Agree
GEN24_1018263,Agree,NA,NA
GEN24_1018265,Agree,Agree,Agree
GEN24_1018268,Agree,NA,NA
GEN24_1018274,Disagree,NA,NA
GEN24_1018285,Agree,Agree,Agree
GEN24_1018288,Agree,NA,NA
GEN24_1018293,Agree,NA,NA
GEN24_1018294,Don't know / Not sure,NA,NA
GEN24_1018296,Disagree,NA,NA
GEN24_1018300,Disagree,NA,NA
GEN24_1018301,Disagree,Agree,Agree
GEN24_1018303,Don't know / Not sure,NA,NA
GEN24_1018304,Agree,Agree,Agree
GEN24_1018305,Agree,Agree,Agree
GEN24_1018307,Agree,Agree,Agree
GEN24_1018311,Agree,Agree,Agree
GEN24_1018313,Agree,NA,NA
GEN24_1018314,Agree,Agree,Agree
GEN24_1018319,Don't know / Not sure,Agree,Agree
GEN24_1018336,Disagree,Agree,Agree
GEN24_1018337,Disagree,Agree,Agree
GEN24_1018343,Disagree,NA,NA
GEN24_1018344,Don't know / Not sure,NA,NA
GEN24_1018346,Agree,NA,NA
GEN24_1018348,Disagree,NA,NA
GEN24_1018353,Agree,NA,NA
GEN24_1018354,Disagree,NA,NA
GEN24_1018363,Disagree,NA,NA
GEN24_1018366,Agree,Agree,Agree
GEN24_1018367,Agree,Agree,Agree
GEN24_1018368,Don't know / Not sure,NA,NA
GEN24_1018369,Agree,Agree,Agree
GEN24_1018373,Don't know / Not sure,NA,NA
GEN24_1018376,Agree,Agree,Agree
GEN24_1018377,Agree,NA,NA
GEN24_1018378,Don't know / Not sure,NA,NA
GEN24_1018381,Disagree,Agree,Agree
GEN24_1018384,Don't know / Not sure,Agree,Agree
GEN24_1018390,Disagree,Agree,NA
GEN24_1018391,Don't know / Not sure,NA,NA
GEN24_1018395,Agree,Agree,Agree
GEN24_1018399,Agree,NA,NA
GEN24_1018404,Agree,Agree,Agree
GEN24_1018407,Agree,NA,NA
GEN24_1018408,Agree,NA,NA
GEN24_1018411,Agree,Agree,Agree
GEN24_1018452,Agree,NA,NA
GEN24_1018454,Agree,NA,NA
GEN24_1018456,Agree,NA,NA
GEN24_1018466,Agree,NA,NA
GEN24_1018467,Disagree,NA,Agree
GEN24_1018473,Agree,NA,NA
GEN24_1018488,Agree,Agree,Agree
GEN24_1018489,Agree,Agree,Agree
GEN24_1018496,Don't know / Not sure,NA,NA
GEN24_1018499,Don't know / Not sure,NA,NA
GEN24_1018505,Agree,Agree,Agree
GEN24_1018506,Don't know / Not sure,NA,Agree
GEN24_1018507,Don't know / Not sure,Agree,Agree
GEN24_1018516,Agree,Agree,Agree
GEN24_1018519,Disagree,NA,NA
GEN24_1018520,Don't know / Not sure,Agree,Agree
GEN24_1018524,Don't know / Not sure,NA,NA
GEN24_1018528,Agree,NA,NA
GEN24_1018530,Agree,NA,NA
GEN24_1018533,Agree,NA,NA
GEN24_1018537,Agree,Agree,Agree
GEN24_1018539,Agree,NA,NA
GEN24_1018544,Agree,Agree,Agree
GEN24_1018545,Disagree,NA,NA
GEN24_1018546,Agree,NA,NA
GEN24_1018547,Don't know / Not sure,NA,NA
GEN24_1018548,Don't know / Not sure,NA,NA
GEN24_1018550,Agree,Agree,Agree
GEN24_1018551,Agree,Agree,Agree
GEN24_1018555,Agree,Agree,Agree
GEN24_1018562,Agree,Agree,Agree
GEN24_1018563,Agree,Agree,Agree
GEN24_1018569,Disagree,NA,NA
GEN24_1018570,Agree,NA,NA
GEN24_1018571,Don't know / Not sure,Agree,Agree
GEN24_1018574,Agree,NA,NA
GEN24_1018575,Agree,NA,NA
GEN24_1018576,Agree,Agree,Agree
GEN24_1018580,Agree,NA,NA
GEN24_1018581,Agree,Agree,Agree
GEN24_1018585,Agree,Agree,Agree
GEN24_1018592,Agree,Agree,Agree
GEN24_1018593,Agree,Agree,Agree
GEN24_1018594,Agree,NA,NA
GEN24_1018607,Don't know / Not sure,NA,NA
GEN24_1018629,Agree,NA,NA
GEN24_1018637,Don't know / Not sure,NA,NA
GEN24_1018642,Agree,Agree,Agree
GEN24_1018649,Don't know / Not sure,Agree,Agree
GEN24_1018650,Agree,Agree,Agree
GEN24_1018651,Don't know / Not sure,NA,NA
GEN24_1018652,Agree,NA,NA
GEN24_1018658,Disagree,Agree,Agree
GEN24_1018659,Agree,NA,NA
GEN24_1018665,Don't know / Not sure,NA,NA
GEN24_1018670,Disagree,NA,NA
GEN24_1018674,Agree,NA,NA
GEN24_1018676,Agree,NA,NA
GEN24_1018677,Don't know / Not sure,Agree,Agree
GEN24_1018681,Don't know / Not sure,NA,NA
GEN24_1018686,Don't know / Not sure,NA,NA
GEN24_1018687,Agree,Agree,Agree
GEN24_1018690,Disagree,NA,NA
GEN24_1018695,Disagree,Agree,Agree
GEN24_1018696,Agree,NA,NA
GEN24_1018704,Disagree,NA,NA
GEN24_1018712,Agree,NA,NA
GEN24_1018714,Don't know / Not sure,NA,NA
GEN24_1018716,Agree,Disagree,Agree
GEN24_1018717,Agree,Agree,Agree
GEN24_1018720,Don't know / Not sure,NA,NA
GEN24_1018721,Agree,Agree,Agree
GEN24_1018723,Agree,Agree,Agree
GEN24_1018724,Agree,Agree,Agree
GEN24_1018726,Agree,Agree,Agree
GEN24_1018730,Agree,Agree,Agree
GEN24_1018732,Don't know / Not sure,NA,NA
GEN24_1018733,Agree,NA,NA
GEN24_1018734,Don't know / Not sure,Agree,Agree
GEN24_1018735,Agree,Agree,Agree
GEN24_1018742,Agree,Agree,Agree
GEN24_1018745,Disagree,NA,NA
GEN24_1018771,Agree,NA,NA
GEN24_1018785,Don't know / Not sure,NA,NA
GEN24_1018795,Disagree,NA,NA
GEN24_1018797,Don't know / Not sure,NA,NA
GEN24_1018802,Agree,Agree,Agree
GEN24_1018804,Agree,Agree,Agree
GEN24_1018806,Disagree,Disagree,Agree
GEN24_1018807,Disagree,NA,NA
GEN24_1018808,Agree,NA,NA
GEN24_1018817,Agree,NA,NA
GEN24_1018822,Disagree,Agree,NA
GEN24_1018825,Don't know / Not sure,NA,NA
GEN24_1018833,Don't know / Not sure,NA,NA
GEN24_1018836,Agree,Agree,Agree
GEN24_1018838,Agree,NA,NA
GEN24_1018840,Agree,NA,NA
GEN24_1018842,Don't know / Not sure,NA,NA
GEN24_1018844,Disagree,NA,NA
GEN24_1018850,Disagree,NA,NA
GEN24_1018855,Agree,NA,NA
GEN24_1018858,Disagree,NA,NA
GEN24_1018864,Agree,Agree,Agree
GEN24_1018871,Agree,NA,NA
GEN24_1018881,Agree,NA,NA
GEN24_1018887,Agree,NA,NA
GEN24_1018897,Agree,Agree,Agree
GEN24_1018899,Don't know / Not sure,NA,NA
GEN24_1018900,Don't know / Not sure,NA,NA
GEN24_1018907,Agree,NA,NA
GEN24_1018912,Agree,NA,NA
GEN24_1018918,Agree,NA,NA
GEN24_1018920,Agree,NA,NA
GEN24_1018927,Agree,NA,NA
GEN24_1018928,Disagree,NA,NA
GEN24_1018929,Agree,NA,NA
GEN24_1018933,Agree,NA,NA
GEN24_1018935,Agree,Agree,Agree
GEN24_1018937,Agree,NA,NA
GEN24_1018938,Agree,NA,NA
GEN24_1018943,Agree,NA,NA
GEN24_1018945,Agree,Agree,Agree
GEN24_1018950,Don't know / Not sure,Agree,Agree
GEN24_1018951,Agree,Agree,Agree
GEN24_1018952,Don't know / Not sure,NA,NA
GEN24_1018954,Agree,Agree,Agree
GEN24_1018957,Agree,Agree,Agree
GEN24_1018960,Disagree,Agree,Agree
GEN24_1018962,Don't know / Not sure,NA,NA
GEN24_1018965,Disagree,NA,NA
GEN24_1018974,Don't know / Not sure,NA,NA
GEN24_1018976,Agree,NA,Agree
GEN24_1018979,Don't know / Not sure,NA,NA
GEN24_1018981,Agree,NA,NA
GEN24_1018986,Agree,NA,NA
GEN24_1018987,Agree,NA,NA
GEN24_1018989,Disagree,NA,NA
GEN24_1018991,Don't know / Not sure,NA,NA
GEN24_1018995,Agree,Agree,Agree
GEN24_1019003,Agree,Agree,Agree
GEN24_1019005,Agree,NA,NA
GEN24_1019009,Don't know / Not sure,Disagree,NA
GEN24_1019016,Agree,NA,NA
GEN24_1019031,Agree,Agree,Agree
GEN24_1019032,Agree,NA,NA
GEN24_1019035,Agree,NA,NA
GEN24_1019038,Agree,NA,NA
GEN24_1019042,Agree,Agree,Agree
GEN24_1019043,Agree,NA,NA
GEN24_1019048,Agree,Agree,NA
GEN24_1019053,Agree,Agree,Agree
GEN24_1019060,Agree,NA,NA
GEN24_1019064,Agree,NA,NA
GEN24_1019067,Disagree,NA,NA
GEN24_1019068,Disagree,NA,NA
GEN24_1019078,Disagree,NA,NA
GEN24_1019084,Agree,NA,NA
GEN24_1019091,Disagree,NA,NA
GEN24_1019092,Agree,NA,NA
GEN24_1019094,Agree,Agree,Agree
GEN24_1019097,Agree,Agree,Agree
GEN24_1019116,Don't know / Not sure,NA,NA
GEN24_1019118,Agree,NA,NA
GEN24_1019119,Disagree,NA,NA
GEN24_1019120,Agree,Agree,Agree
GEN24_1019122,Don't know / Not sure,Agree,Agree
GEN24_1019123,Disagree,Agree,Agree
GEN24_1019128,Don't know / Not sure,NA,NA
GEN24_1019134,Disagree,NA,NA
GEN24_1019140,Disagree,NA,NA
GEN24_1019145,Don't know / Not sure,NA,NA
GEN24_1019157,Agree,Agree,Agree
GEN24_1019158,Agree,NA,NA
GEN24_1019165,Agree,NA,NA
GEN24_1019172,Disagree,Agree,Agree
GEN24_1019180,Agree,Agree,Agree
GEN24_1019181,Agree,Agree,Agree
GEN24_1019184,Agree,Agree,Agree
GEN24_1019186,Agree,NA,NA
GEN24_1019191,Agree,NA,NA
GEN24_1019201,Agree,NA,NA
GEN24_1019203,Disagree,NA,NA
GEN24_1019208,Disagree,NA,NA
GEN24_1019212,Agree,NA,NA
GEN24_1019213,Disagree,Agree,Agree
GEN24_1019214,Don't know / Not sure,NA,NA
GEN24_1019216,Don't know / Not sure,NA,NA
GEN24_1019220,Agree,NA,NA
GEN24_1019227,Agree,Agree,Agree
GEN24_1019229,Agree,NA,NA
GEN24_1019230,Agree,Agree,Agree
GEN24_1019233,Agree,NA,NA
GEN24_1019254,Agree,NA,NA
GEN24_1019255,Agree,NA,NA
GEN24_1019262,Agree,NA,NA
GEN24_1019265,Agree,NA,NA
GEN24_1019269,Don't know / Not sure,NA,NA
GEN24_1019271,Don't know / Not sure,Agree,Agree
GEN24_1019281,Agree,Agree,Agree
GEN24_1019284,Agree,NA,NA
GEN24_1019285,Disagree,Agree,Agree
GEN24_1019286,Agree,Agree,Agree
GEN24_1019289,Disagree,NA,NA
GEN24_1019292,Disagree,Agree,Agree
GEN24_1019300,Agree,NA,NA
GEN24_1019306,Agree,NA,NA
GEN24_1019309,Don't know / Not sure,Agree,Agree
GEN24_1019319,Agree,NA,NA
GEN24_1019323,Agree,NA,NA
GEN24_1019324,Disagree,NA,NA
GEN24_1019327,Agree,NA,NA
GEN24_1019328,Agree,Agree,Agree
GEN24_1019332,Agree,NA,NA
GEN24_1019335,Don't know / Not sure,NA,NA
GEN24_1019336,Don't know / Not sure,NA,NA
GEN24_1019338,Agree,Agree,Agree
GEN24_1019339,Don't know / Not sure,NA,NA
GEN24_1019345,Agree,Agree,Agree
GEN24_1019346,Don't know / Not sure,NA,NA
GEN24_1019347,Disagree,NA,NA
GEN24_1019350,Don't know / Not sure,Agree,Agree
GEN24_1019354,Don't know / Not sure,Agree,Agree
GEN24_1019355,Agree,NA,NA
GEN24_1019356,Agree,NA,NA
GEN24_1019360,Agree,Agree,Agree
GEN24_1019361,Disagree,NA,NA
GEN24_1019368,Don't know / Not sure,NA,NA
GEN24_1019373,Disagree,Agree,Disagree
GEN24_1019375,Agree,Agree,Agree
GEN24_1019381,Agree,NA,NA
GEN24_1019382,Disagree,NA,NA
GEN24_1019388,Agree,NA,NA
GEN24_1019394,Don't know / Not sure,NA,NA
GEN24_1019397,Agree,NA,NA
GEN24_1019399,Don't know / Not sure,Agree,Agree
GEN24_1019402,Agree,Agree,Agree
GEN24_1019412,Don't know / Not sure,NA,Agree
GEN24_1019416,Agree,Agree,Agree
GEN24_1019423,Agree,NA,NA
GEN24_1019426,Agree,Agree,Agree
GEN24_1019428,Don't know / Not sure,Agree,Agree
GEN24_1019429,Agree,Agree,Agree
GEN24_1019432,Don't know / Not sure,Agree,NA
GEN24_1019434,Agree,Agree,Agree
GEN24_1019438,Don't know / Not sure,NA,NA
GEN24_1019439,Agree,NA,NA
GEN24_1019448,Don't know / Not sure,NA,NA
GEN24_1019449,Agree,Agree,Agree
GEN24_1019453,Agree,NA,NA
GEN24_1019455,Don't know / Not sure,NA,NA
GEN24_1019456,Disagree,Agree,Agree
GEN24_1019457,Agree,Agree,Agree
GEN24_1019460,Agree,NA,NA
GEN24_1019461,Don't know / Not sure,Agree,NA
GEN24_1019465,Don't know / Not sure,NA,NA
GEN24_1019467,Don't know / Not sure,Agree,Agree
GEN24_1019470,Don't know / Not sure,NA,NA
GEN24_1019473,Don't know / Not sure,Agree,Agree
GEN24_1019474,Disagree,NA,NA
GEN24_1019475,Agree,NA,NA
GEN24_1019477,Disagree,NA,NA
GEN24_1019479,Don't know / Not sure,NA,NA
GEN24_1019481,Don't know / Not sure,NA,NA
GEN24_1019487,Agree,Agree,Agree
GEN24_1019490,Don't know / Not sure,NA,NA
GEN24_1019491,Agree,NA,NA
GEN24_1019492,Agree,Agree,Agree
GEN24_1019493,Disagree,NA,NA
GEN24_1019495,Agree,NA,NA
GEN24_1019497,Agree,Agree,Agree
GEN24_1019498,Agree,Agree,Agree
GEN24_1019504,Don't know / Not sure,NA,NA
GEN24_1019509,Agree,Agree,Agree
GEN24_1019517,Don't know / Not sure,NA,NA
GEN24_1019518,Don't know / Not sure,Agree,Agree
GEN24_1019519,Agree,NA,NA
GEN24_1019520,Don't know / Not sure,Disagree,Agree
GEN24_1019529,Don't know / Not sure,Agree,Agree
GEN24_1019530,Agree,NA,NA
GEN24_1019533,Disagree,Agree,Agree
GEN24_1019534,Don't know / Not sure,Agree,Agree
GEN24_1019538,Agree,Agree,Agree
GEN24_1019547,Agree,NA,NA
GEN24_1019548,Don't know / Not sure,NA,NA
GEN24_1019552,Agree,NA,NA
GEN24_1019554,Agree,NA,NA
GEN24_1019556,Agree,NA,NA
GEN24_1019559,Agree,Disagree,Agree
GEN24_1019562,Disagree,NA,NA
GEN24_1019564,Agree,NA,NA
GEN24_1019566,Agree,Agree,Agree
GEN24_1019568,Agree,Agree,NA
GEN24_1019569,Don't know / Not sure,Agree,Agree
GEN24_1019574,Agree,NA,NA
GEN24_1019576,Agree,NA,NA
GEN24_1019582,Don't know / Not sure,NA,NA
GEN24_1019584,Don't know / Not sure,NA,NA
GEN24_1019586,Agree,NA,NA
GEN24_1019593,Agree,NA,NA
GEN24_1019595,Disagree,NA,NA
GEN24_1019597,Disagree,NA,NA
GEN24_1019601,Agree,Agree,Agree
GEN24_1019603,Disagree,NA,NA
GEN24_1019605,Agree,NA,NA
GEN24_1019606,Disagree,NA,NA
GEN24_1019608,Agree,Agree,Agree
GEN24_1019609,Disagree,NA,NA
GEN24_1019613,Don't know / Not sure,NA,NA
GEN24_1019622,Disagree,NA,NA
GEN24_1019623,Agree,Agree,Agree
GEN24_1019626,Agree,Agree,Agree
GEN24_1019631,Agree,Agree,Agree
GEN24_1019637,Agree,Agree,Agree
GEN24_1019639,Agree,Agree,Agree
GEN24_1019642,Agree,NA,NA
GEN24_1019644,Don't know / Not sure,NA,Agree
GEN24_1019649,Don't know / Not sure,NA,NA
GEN24_1019652,Don't know / Not sure,NA,NA
GEN24_1019653,Disagree,NA,NA
GEN24_1019656,Agree,NA,NA
GEN24_1019658,Disagree,NA,NA
GEN24_1019665,Agree,NA,NA
GEN24_1019675,Agree,Agree,Agree
GEN24_1019682,Agree,NA,NA
GEN24_1019685,Agree,NA,NA
GEN24_1019697,Agree,NA,NA
GEN24_1019701,Disagree,NA,NA
GEN24_1019707,Agree,Agree,Agree
GEN24_1019716,Don't know / Not sure,Agree,Agree
GEN24_1019717,Disagree,Agree,NA
GEN24_1019718,Don't know / Not sure,NA,NA
GEN24_1019723,Agree,NA,NA
GEN24_1019724,Agree,NA,NA
GEN24_1019728,Don't know / Not sure,NA,NA
GEN24_1019731,Agree,NA,NA
GEN24_1019735,Disagree,NA,NA
GEN24_1019739,Disagree,NA,NA
GEN24_1019740,Don't know / Not sure,NA,Agree
GEN24_1019746,Don't know / Not sure,NA,NA
GEN24_1019751,Don't know / Not sure,NA,NA
GEN24_1019752,Agree,NA,NA
GEN24_1019754,Agree,NA,NA
GEN24_1019756,Agree,Agree,Agree
GEN24_1019757,Agree,NA,NA
GEN24_1019759,Disagree,NA,NA
GEN24_1019763,Disagree,Agree,Agree
GEN24_1019766,Disagree,NA,NA
GEN24_1019767,Agree,Agree,Agree
GEN24_1019768,Disagree,NA,NA
GEN24_1019771,Agree,NA,NA
GEN24_1019776,Disagree,NA,Agree
GEN24_1019801,Don't know / Not sure,NA,Agree
GEN24_1019802,Disagree,NA,NA
GEN24_1019806,Disagree,Agree,Agree
GEN24_1019809,Agree,Agree,Agree
GEN24_1019811,Agree,Agree,Agree
GEN24_1019821,Disagree,Agree,Agree
GEN24_1019826,Agree,Agree,Agree
GEN24_1019833,Don't know / Not sure,NA,NA
GEN24_1019834,Don't know / Not sure,Agree,Agree
GEN24_1019837,Agree,Agree,Agree
GEN24_1019839,Agree,Agree,Agree
GEN24_1019850,Agree,NA,NA
GEN24_1019851,Don't know / Not sure,NA,NA
GEN24_1019854,Agree,NA,NA
GEN24_1019859,Agree,NA,NA
GEN24_1019861,Disagree,NA,NA
GEN24_1019868,Disagree,Agree,Agree
GEN24_1019869,Agree,NA,NA
GEN24_1019870,Disagree,NA,NA
GEN24_1019876,Agree,Agree,Agree
GEN24_1019878,Don't know / Not sure,Agree,Agree
GEN24_1019879,Disagree,Agree,Agree
GEN24_1019880,Disagree,NA,NA
GEN24_1019881,Don't know / Not sure,NA,NA
GEN24_1019883,Don't know / Not sure,NA,NA
GEN24_1019884,Don't know / Not sure,Agree,NA
GEN24_1019892,Agree,NA,NA
GEN24_1019893,Agree,NA,Agree
GEN24_1019894,Agree,NA,NA
GEN24_1019896,Don't know / Not sure,Agree,Agree
GEN24_1019899,Agree,Agree,Agree
GEN24_1019900,Don't know / Not sure,NA,Agree
GEN24_1019902,Disagree,NA,NA
GEN24_1019907,Don't know / Not sure,NA,NA
GEN24_1019908,Agree,Agree,Agree
GEN24_1019910,Disagree,Agree,Agree
GEN24_1019912,Disagree,NA,NA
GEN24_1019914,Agree,Agree,Agree
GEN24_1019915,Don't know / Not sure,Agree,Agree
GEN24_1019917,Don't know / Not sure,Agree,Agree
GEN24_1019919,Don't know / Not sure,NA,NA
GEN24_1019920,Agree,NA,NA
GEN24_1019922,Disagree,Agree,Agree
GEN24_1019923,Agree,NA,NA
GEN24_1019924,Agree,Agree,Agree
GEN24_1019926,Disagree,NA,NA
GEN24_1019928,Agree,Agree,Agree
GEN24_1019931,Agree,Agree,Agree
GEN24_1019933,Agree,NA,NA
GEN24_1019935,Don't know / Not sure,NA,Agree
GEN24_1019941,Agree,NA,NA
GEN24_1019951,Agree,Agree,Agree
GEN24_1019954,Don't know / Not sure,Agree,Agree
GEN24_1019962,Agree,NA,NA
GEN24_1019965,Agree,NA,NA
GEN24_1019966,Don't know / Not sure,NA,NA
GEN24_1019980,Agree,Agree,Agree
GEN24_1019987,Disagree,NA,NA
GEN24_1019989,Agree,NA,NA
GEN24_1019990,Agree,Agree,Agree
GEN24_1019992,Don't know / Not sure,Agree,Agree
GEN24_1019994,Don't know / Not sure,NA,NA
GEN24_1019997,Agree,Agree,Agree
GEN24_1020011,Agree,Agree,Agree
GEN24_1020018,Don't know / Not sure,NA,NA
GEN24_1020022,Agree,NA,NA
GEN24_1020024,Agree,NA,NA
GEN24_1020029,Don't know / Not sure,NA,NA
GEN24_1020041,Agree,Agree,Agree
GEN24_1020042,Agree,NA,NA
GEN24_1020045,Agree,NA,NA
GEN24_1020050,Agree,Agree,Agree
GEN24_1020051,Don't know / Not sure,NA,NA
GEN24_1020059,Don't know / Not sure,NA,NA
GEN24_1020072,Agree,NA,NA
GEN24_1020078,Agree,NA,NA
GEN24_1020081,Disagree,NA,NA
GEN24_1020086,Agree,Agree,Agree
GEN24_1020089,Agree,Agree,Agree
GEN24_1020109,Agree,Agree,Agree
GEN24_1020110,Agree,NA,NA
GEN24_1020124,Don't know / Not sure,NA,NA
GEN24_1020132,Disagree,NA,Agree
GEN24_1020134,Agree,Agree,Agree
GEN24_1020135,Agree,NA,NA
GEN24_1020147,Disagree,NA,NA
GEN24_1020152,Disagree,Disagree,Agree
GEN24_1020165,Agree,Agree,Agree
GEN24_1020174,Agree,NA,NA
GEN24_1020176,Agree,Agree,Agree
GEN24_1020181,Don't know / Not sure,NA,NA
GEN24_1020191,Agree,NA,NA
GEN24_1020195,Agree,NA,NA
GEN24_1020201,Don't know / Not sure,NA,NA
GEN24_1020203,Agree,NA,NA
GEN24_1020207,Disagree,Disagree,Agree
GEN24_1020208,Don't know / Not sure,Agree,Agree
GEN24_1020213,Disagree,NA,NA
GEN24_1020214,Agree,NA,NA
GEN24_1020216,Agree,NA,NA
GEN24_1020224,Don't know / Not sure,NA,NA
GEN24_1020233,Disagree,NA,NA
GEN24_1020235,Don't know / Not sure,Agree,Agree
GEN24_1020237,Agree,NA,NA
GEN24_1020243,Don't know / Not sure,NA,NA
GEN24_1020246,Don't know / Not sure,Agree,Agree
GEN24_1020251,Disagree,NA,NA
GEN24_1020254,Agree,NA,NA
GEN24_1020257,Agree,Agree,Agree
GEN24_1020270,Agree,NA,NA
GEN24_1020271,Agree,NA,NA
GEN24_1020272,Don't know / Not sure,NA,NA
GEN24_1020276,Agree,Agree,Agree
GEN24_1020279,Disagree,NA,NA
GEN24_1020290,Disagree,NA,NA
GEN24_1020296,Agree,NA,NA
GEN24_1020300,Disagree,NA,NA
GEN24_1020305,Disagree,NA,NA
GEN24_1020306,Disagree,Disagree,Disagree
GEN24_1020307,Agree,Agree,Agree
GEN24_1020310,Agree,NA,NA
GEN24_1020326,Agree,NA,NA
GEN24_1020327,Agree,NA,NA
GEN24_1020332,Agree,NA,NA
GEN24_1020338,Don't know / Not sure,NA,NA
GEN24_1020343,Agree,Agree,Agree
GEN24_1020345,Disagree,Agree,Agree
GEN24_1020349,Don't know / Not sure,NA,NA
GEN24_1020355,Don't know / Not sure,Agree,Disagree
GEN24_1020359,Agree,NA,NA
GEN24_1020360,Agree,NA,NA
GEN24_1020364,Disagree,NA,NA
GEN24_1020365,Don't know / Not sure,Agree,NA
GEN24_1020366,Disagree,NA,NA
GEN24_1020369,Agree,Agree,Agree
GEN24_1020376,Agree,Agree,Agree
GEN24_1020387,Disagree,NA,NA
GEN24_1020389,Disagree,NA,NA
GEN24_1020394,Agree,Agree,Agree
GEN24_1020396,Disagree,Agree,Agree
GEN24_1020407,Disagree,Agree,Agree
GEN24_1020421,Agree,Disagree,Disagree
GEN24_1020424,Don't know / Not sure,NA,NA
GEN24_1020433,Disagree,Agree,Agree
GEN24_1020436,Don't know / Not sure,NA,NA
GEN24_1020447,Don't know / Not sure,Agree,NA
GEN24_1020453,Agree,NA,NA
GEN24_1020455,Disagree,Agree,Agree
GEN24_1020457,Agree,Agree,Agree
GEN24_1020460,Agree,Agree,Agree
GEN24_1020463,Disagree,Agree,Agree
GEN24_1020468,Disagree,NA,NA
GEN24_1020474,Don't know / Not sure,NA,NA
GEN24_1020476,Don't know / Not sure,Agree,Agree
GEN24_1020478,Agree,Agree,Agree
GEN24_1020480,Agree,Agree,Agree
GEN24_1020482,Agree,Agree,Agree
GEN24_1020484,Don't know / Not sure,Agree,Agree
GEN24_1020497,Disagree,NA,NA
GEN24_1020505,Don't know / Not sure,Agree,Agree
GEN24_1020518,Don't know / Not sure,NA,NA
GEN24_1020519,Agree,NA,NA
GEN24_1020531,Don't know / Not sure,NA,NA
GEN24_1020534,Agree,Agree,Agree
GEN24_1020538,Disagree,Agree,Agree
GEN24_1020539,Disagree,Agree,Agree
GEN24_1020543,Agree,NA,NA
GEN24_1020550,Don't know / Not sure,NA,NA
GEN24_1020552,Agree,Agree,Agree
GEN24_1020553,Agree,NA,NA
GEN24_1020555,Agree,Agree,Agree
GEN24_1020557,Disagree,NA,NA
GEN24_1020558,Disagree,NA,NA
GEN24_1020560,Agree,NA,NA
GEN24_1020561,Agree,NA,NA
GEN24_1020563,Don't know / Not sure,NA,NA
GEN24_1020566,Agree,NA,NA
GEN24_1020568,Agree,Agree,Agree
GEN24_1020569,Agree,Agree,Agree
GEN24_1020570,Don't know / Not sure,NA,NA
GEN24_1020572,Agree,Agree,Agree
GEN24_1020578,Disagree,NA,NA
GEN24_1020586,Disagree,Agree,Agree
GEN24_1020600,Don't know / Not sure,Agree,Agree
GEN24_1020601,Disagree,Agree,Agree
GEN24_1020604,Agree,Agree,Agree
GEN24_1020606,Agree,NA,NA
GEN24_1020610,Agree,Agree,Agree
GEN24_1020611,Don't know / Not sure,NA,NA
GEN24_1020617,Agree,Agree,Agree
GEN24_1020630,Agree,NA,NA
GEN24_1020635,Don't know / Not sure,NA,NA
GEN24_1020636,Disagree,Agree,NA
GEN24_1020640,Agree,Agree,Agree
GEN24_1020647,Agree,Agree,Agree
GEN24_1020650,Agree,Agree,Agree
GEN24_1020660,Disagree,NA,NA
GEN24_1020669,Don't know / Not sure,NA,NA
GEN24_1020676,Agree,Agree,Agree
GEN24_1020677,Agree,Disagree,Disagree
GEN24_1020678,Agree,Agree,Agree
GEN24_1020680,Agree,Agree,Agree
GEN24_1020681,Don't know / Not sure,NA,NA
GEN24_1020685,Don't know / Not sure,NA,NA
GEN24_1020686,Don't know / Not sure,Agree,Disagree
GEN24_1020688,Don't know / Not sure,NA,NA
GEN24_1020689,Agree,Agree,Agree
GEN24_1020690,Agree,Agree,Agree
GEN24_1020691,Don't know / Not sure,Agree,Agree
GEN24_1020693,Agree,Disagree,Agree
GEN24_1020697,Agree,Agree,Agree
GEN24_1020698,Agree,Agree,Agree
GEN24_1020699,Agree,Agree,Agree
GEN24_1020700,Don't know / Not sure,NA,NA
GEN24_1020703,Agree,Agree,Agree
GEN24_1020704,Don't know / Not sure,NA,NA
GEN24_1020717,Disagree,NA,NA
GEN24_1020721,Agree,Agree,Agree
GEN24_1020733,Don't know / Not sure,Agree,Agree
GEN24_1020737,Disagree,Disagree,NA
GEN24_1020741,Agree,NA,NA
GEN24_1020745,Don't know / Not sure,Agree,Agree
GEN24_1020746,Don't know / Not sure,Agree,NA
GEN24_1020750,Agree,NA,NA
GEN24_1020751,Agree,NA,NA
GEN24_1020754,Disagree,NA,NA
GEN24_1020764,Agree,NA,Agree
GEN24_1020767,Don't know / Not sure,Agree,Agree
GEN24_1020768,Agree,Agree,Agree
GEN24_1020770,Agree,NA,NA
GEN24_1020771,Agree,NA,NA
GEN24_1020774,Agree,Agree,Agree
GEN24_1020789,Agree,Agree,Agree
GEN24_1020791,Disagree,NA,NA
GEN24_1020793,Disagree,NA,NA
GEN24_1020797,Agree,NA,NA
GEN24_1020799,Agree,NA,NA
GEN24_1020801,Agree,NA,NA
GEN24_1020802,Disagree,NA,NA
GEN24_1020811,Disagree,NA,NA
GEN24_1020814,Don't know / Not sure,Agree,Agree
GEN24_1020815,Disagree,Agree,Agree
GEN24_1020821,Agree,Agree,Agree
GEN24_1020827,Disagree,NA,NA
GEN24_1020829,Don't know / Not sure,NA,NA
GEN24_1020831,Disagree,NA,NA
GEN24_1020835,Agree,Agree,Agree
GEN24_1020836,Agree,NA,NA
GEN24_1020839,Disagree,NA,NA
GEN24_1020847,Agree,NA,NA
GEN24_1020848,Agree,NA,NA
GEN24_1020855,Agree,NA,NA
GEN24_1020858,Agree,Agree,Agree
GEN24_1020859,Don't know / Not sure,NA,NA
GEN24_1020875,Don't know / Not sure,NA,NA
GEN24_1020880,Agree,Agree,Agree
GEN24_1020881,Don't know / Not sure,NA,NA
GEN24_1020887,Agree,Agree,Agree
GEN24_1020888,Disagree,NA,NA
GEN24_1020889,Don't know / Not sure,NA,NA
GEN24_1020892,Agree,Agree,Agree
GEN24_1020899,Agree,NA,NA
GEN24_1020904,Agree,NA,Agree
GEN24_1020906,Agree,Agree,NA
GEN24_1020920,Agree,Disagree,NA
GEN24_1020922,Don't know / Not sure,NA,NA
GEN24_1020926,Agree,NA,NA
GEN24_1020927,Agree,NA,NA
GEN24_1020930,Don't know / Not sure,NA,NA
GEN24_1020931,Disagree,Agree,Agree
GEN24_1020933,Don't know / Not sure,NA,NA
GEN24_1020935,Disagree,Agree,Agree
GEN24_1020941,Agree,Agree,Agree
GEN24_1020948,Agree,NA,NA
GEN24_1020949,Agree,NA,NA
GEN24_1020950,Agree,NA,NA
GEN24_1020954,Disagree,NA,NA
GEN24_1020956,Don't know / Not sure,Agree,Agree
GEN24_1020957,Agree,Agree,Agree
GEN24_1020959,Don't know / Not sure,NA,NA
GEN24_1020970,Don't know / Not sure,NA,NA
GEN24_1020974,Don't know / Not sure,NA,NA
GEN24_1020976,Disagree,NA,NA
GEN24_1020978,Disagree,NA,NA
GEN24_1020979,Disagree,NA,NA
GEN24_1020985,Agree,Agree,Agree
GEN24_1020996,Don't know / Not sure,Agree,Agree
GEN24_1021003,Don't know / Not sure,Agree,Agree
GEN24_1021022,Agree,NA,NA
GEN24_1021031,Agree,NA,Agree
GEN24_1021034,Disagree,NA,NA
GEN24_1021038,Don't know / Not sure,Disagree,NA
GEN24_1021039,Disagree,NA,NA
GEN24_1021048,Disagree,Disagree,Agree
GEN24_1021050,Agree,NA,NA
GEN24_1021052,Disagree,NA,NA
GEN24_1021056,Agree,Agree,Agree
GEN24_1021061,Agree,NA,NA
GEN24_1021063,Agree,NA,NA
GEN24_1021067,Agree,NA,NA
GEN24_1021073,Agree,Agree,Agree
GEN24_1021077,Agree,Agree,Agree
GEN24_1021078,Agree,NA,NA
GEN24_1021079,Agree,NA,NA
GEN24_1021096,Don't know / Not sure,Agree,Agree
GEN24_1021098,Disagree,Agree,Agree
GEN24_1021101,Agree,Agree,Agree
GEN24_1021114,Agree,NA,NA
GEN24_1021116,Don't know / Not sure,NA,NA
GEN24_1021117,Disagree,Agree,Agree
GEN24_1021119,Agree,NA,NA
GEN24_1021126,Agree,Agree,Agree
GEN24_1021131,Don't know / Not sure,NA,NA
GEN24_1021133,Agree,NA,NA
GEN24_1021136,Agree,Agree,Agree
GEN24_1021139,Agree,NA,NA
GEN24_1021147,Disagree,NA,NA
GEN24_1021151,Disagree,NA,NA
GEN24_1021152,Agree,Agree,Agree
GEN24_1021161,Agree,Agree,Agree
GEN24_1021167,Don't know / Not sure,Agree,Agree
GEN24_1021173,Disagree,NA,NA
GEN24_1021176,Don't know / Not sure,NA,NA
GEN24_1021180,Disagree,NA,NA
GEN24_1021182,Disagree,NA,NA
GEN24_1021187,Agree,NA,NA
GEN24_1021193,Agree,Agree,Agree
GEN24_1021194,Disagree,NA,NA
GEN24_1021201,Agree,NA,NA
GEN24_1021204,Don't know / Not sure,NA,NA
GEN24_1021206,Agree,Agree,Agree
GEN24_1021207,Don't know / Not sure,NA,NA
GEN24_1021208,Disagree,NA,NA
GEN24_1021212,Agree,NA,NA
GEN24_1021214,Disagree,Agree,Agree
GEN24_1021218,Agree,NA,NA
GEN24_1021226,Don't know / Not sure,NA,NA
GEN24_1021227,Agree,Agree,Agree
GEN24_1021229,Don't know / Not sure,NA,NA
GEN24_1021232,Agree,Agree,Agree
GEN24_1021233,Agree,Agree,Agree
GEN24_1021240,Don't know / Not sure,NA,NA
GEN24_1021243,Disagree,NA,NA
GEN24_1021248,Disagree,NA,NA
GEN24_1021250,Agree,NA,NA
GEN24_1021257,Agree,NA,NA
GEN24_1021271,Agree,NA,NA
GEN24_1021273,Agree,Agree,Agree
GEN24_1021275,Agree,Agree,Agree
GEN24_1021278,Agree,NA,NA
GEN24_1021281,Disagree,NA,NA
GEN24_1021287,Agree,NA,NA
GEN24_1021290,Disagree,NA,NA
GEN24_1021292,Agree,Agree,Agree
GEN24_1021295,Agree,Agree,Agree
GEN24_1021296,Agree,Agree,Agree
GEN24_1021297,Don't know / Not sure,NA,NA
GEN24_1021300,Agree,NA,NA
GEN24_1021303,Don't know / Not sure,NA,NA
GEN24_1021308,Don't know / Not sure,NA,NA
GEN24_1021313,Don't know / Not sure,Agree,Agree
GEN24_1021314,Don't know / Not sure,NA,NA
GEN24_1021317,Disagree,Agree,Agree
GEN24_1021321,Agree,NA,NA
GEN24_1021322,Agree,Agree,Agree
GEN24_1021324,Don't know / Not sure,NA,NA
GEN24_1021329,Agree,Agree,Agree
GEN24_1021330,Agree,Agree,Agree
GEN24_1021334,Agree,NA,NA
GEN24_1021344,Agree,NA,NA
GEN24_1021347,Agree,NA,NA
GEN24_1021348,Don't know / Not sure,NA,NA
GEN24_1021350,Agree,Agree,Agree
GEN24_1021352,Don't know / Not sure,NA,NA
GEN24_1021356,Disagree,NA,NA
GEN24_1021362,Agree,NA,NA
GEN24_1021363,Agree,NA,NA
GEN24_1021365,Agree,Agree,Agree
GEN24_1021373,Agree,Agree,Agree
GEN24_1021383,Agree,NA,NA
GEN24_1021384,Don't know / Not sure,NA,NA
GEN24_1021396,Disagree,NA,NA
GEN24_1021401,Disagree,Agree,Agree
GEN24_1021403,Don't know / Not sure,NA,NA
GEN24_1021405,Don't know / Not sure,Agree,Agree
GEN24_1021406,Don't know / Not sure,Agree,Agree
GEN24_1021408,Don't know / Not sure,NA,NA
GEN24_1021409,Agree,NA,NA
GEN24_1021413,Agree,NA,NA
GEN24_1021419,Agree,NA,NA
GEN24_1021420,Agree,Agree,Agree
GEN24_1021428,Disagree,Agree,Agree
GEN24_1021430,Agree,NA,Agree
GEN24_1021434,Agree,Agree,Agree
GEN24_1021446,Don't know / Not sure,NA,NA
GEN24_1021460,Don't know / Not sure,NA,NA
GEN24_1021462,Agree,Agree,Agree
GEN24_1021468,Disagree,NA,NA
GEN24_1021482,Don't know / Not sure,NA,NA
GEN24_1021485,Disagree,NA,NA
GEN24_1021488,Agree,NA,NA
GEN24_1021491,Agree,NA,NA
GEN24_1021492,Agree,NA,Agree
GEN24_1021495,Don't know / Not sure,NA,NA
GEN24_1021496,Agree,NA,NA
GEN24_1021498,Agree,NA,NA
GEN24_1021501,Agree,Agree,Agree
GEN24_1021505,Agree,NA,NA
GEN24_1021514,Agree,NA,NA
GEN24_1021516,Disagree,Agree,Agree
GEN24_1021517,Disagree,NA,NA
GEN24_1021518,Agree,Agree,Agree
GEN24_1021520,Disagree,Disagree,Disagree
GEN24_1021521,Agree,Agree,Agree
GEN24_1021534,Disagree,NA,NA
GEN24_1021539,Don't know / Not sure,Agree,Agree
GEN24_1021540,Agree,Agree,Agree
GEN24_1021542,Don't know / Not sure,Agree,Agree
GEN24_1021545,Disagree,NA,NA
GEN24_1021546,Agree,NA,NA
GEN24_1021548,Disagree,NA,NA
GEN24_1021552,Disagree,NA,NA
GEN24_1021555,Agree,Agree,Agree
GEN24_1021558,Disagree,NA,NA
GEN24_1021561,Disagree,Agree,Agree
GEN24_1021563,Agree,Agree,Agree
GEN24_1021565,Disagree,Disagree,Disagree
GEN24_1021567,Agree,NA,NA
GEN24_1021569,Don't know / Not sure,NA,NA
GEN24_1021574,Agree,Agree,Agree
GEN24_1021580,Disagree,NA,NA
GEN24_1021586,Disagree,Agree,Agree
GEN24_1021594,Don't know / Not sure,NA,NA
GEN24_1021601,Agree,NA,NA
GEN24_1021604,Agree,Agree,Agree
GEN24_1021607,Agree,NA,NA
GEN24_1021614,Agree,NA,NA
GEN24_1021616,Disagree,Agree,Agree
GEN24_1021620,Agree,Agree,Agree
GEN24_1021636,Agree,Agree,Agree
GEN24_1021643,Agree,NA,Agree
GEN24_1021644,Disagree,NA,NA
GEN24_1021653,Agree,NA,NA
GEN24_1021657,Don't know / Not sure,Agree,Agree
GEN24_1021658,Don't know / Not sure,Agree,Agree
GEN24_1021666,Don't know / Not sure,Agree,Agree
GEN24_1021668,Don't know / Not sure,NA,NA
GEN24_1021672,Disagree,NA,NA
GEN24_1021680,Agree,Agree,Agree
GEN24_1021686,Don't know / Not sure,NA,NA
GEN24_1021689,Don't know / Not sure,Agree,Agree
GEN24_1021691,Don't know / Not sure,NA,NA
GEN24_1021694,Don't know / Not sure,NA,Agree
GEN24_1021702,Agree,Agree,Agree
GEN24_1021705,Agree,NA,NA
GEN24_1021708,Disagree,NA,NA
GEN24_1021710,Don't know / Not sure,Agree,Agree
GEN24_1021712,Don't know / Not sure,NA,NA
GEN24_1021715,Disagree,NA,NA
GEN24_1021716,Don't know / Not sure,Agree,Agree
GEN24_1021717,Agree,NA,NA
GEN24_1021719,Agree,Agree,Agree
GEN24_1021725,Don't know / Not sure,NA,NA
GEN24_1021729,Agree,Agree,Agree
GEN24_1021732,Don't know / Not sure,NA,NA
GEN24_1021739,Agree,NA,NA
GEN24_1021750,Don't know / Not sure,NA,NA
GEN24_1021751,Agree,NA,Agree
GEN24_1021752,Agree,NA,NA
GEN24_1021757,Agree,Agree,Agree
GEN24_1021761,Agree,NA,NA
GEN24_1021766,Agree,NA,NA
GEN24_1021769,Agree,Agree,Agree
GEN24_1021773,Agree,Agree,Agree
GEN24_1021776,Disagree,Agree,Agree
GEN24_1021780,Agree,NA,NA
GEN24_1021783,Disagree,NA,NA
GEN24_1021791,Agree,Agree,Agree
GEN24_1021793,Don't know / Not sure,NA,NA
GEN24_1021795,Don't know / Not sure,NA,NA
GEN24_1021800,Disagree,NA,NA
GEN24_1021806,Agree,Agree,Agree
GEN24_1021815,Agree,Agree,Agree
GEN24_1021821,Disagree,Agree,Agree
GEN24_1021822,Agree,Agree,Agree
GEN24_1021823,Agree,NA,NA
GEN24_1021825,Agree,NA,Agree
GEN24_1021826,Agree,Agree,Agree
GEN24_1021833,Don't know / Not sure,NA,NA
GEN24_1021840,Don't know / Not sure,Agree,Agree
GEN24_1021841,Agree,NA,NA
GEN24_1021846,Agree,NA,NA
GEN24_1021847,Don't know / Not sure,NA,NA
GEN24_1021851,Agree,NA,NA
GEN24_1021856,Disagree,Agree,Agree
GEN24_1021858,Agree,Agree,Agree
GEN24_1021862,Disagree,NA,NA
GEN24_1021869,Don't know / Not sure,NA,NA
GEN24_1021871,Agree,NA,NA
GEN24_1021874,Agree,Agree,Agree
GEN24_1021879,Agree,NA,NA
GEN24_1021882,Agree,Agree,Agree
GEN24_1021887,Don't know / Not sure,NA,NA
GEN24_1021892,Disagree,NA,NA
GEN24_1021894,Disagree,Agree,Agree
GEN24_1021897,Agree,NA,Agree
GEN24_1021898,Don't know / Not sure,NA,NA
GEN24_1021901,Disagree,NA,NA
GEN24_1021902,Agree,Agree,Agree
GEN24_1021909,Disagree,Disagree,Agree
GEN24_1021911,Don't know / Not sure,Agree,Agree
GEN24_1021913,Agree,NA,NA
GEN24_1021919,Agree,NA,NA
GEN24_1021925,Agree,NA,NA
GEN24_1021932,Agree,NA,NA
GEN24_1021942,Agree,NA,NA
GEN24_1021953,Agree,NA,NA
GEN24_1021964,Agree,NA,NA
GEN24_1021965,Agree,NA,NA
GEN24_1021968,Don't know / Not sure,NA,NA
GEN24_1021973,Agree,NA,NA
GEN24_1021982,Agree,Agree,Agree
GEN24_1021984,Agree,Agree,Agree
GEN24_1021985,Agree,Agree,Agree
GEN24_1021986,Disagree,Disagree,Agree
GEN24_1021989,Agree,Agree,Agree
GEN24_1021990,Disagree,NA,NA
GEN24_1021992,Agree,Agree,Agree
GEN24_1021994,Don't know / Not sure,NA,NA
GEN24_1022000,Don't know / Not sure,NA,NA
GEN24_1022005,Disagree,NA,NA
GEN24_1022006,Agree,Agree,Agree
GEN24_1022007,Agree,NA,NA
GEN24_1022010,Don't know / Not sure,Agree,Agree
GEN24_1022011,Agree,NA,NA
GEN24_1022016,Agree,NA,NA
GEN24_1022020,Disagree,NA,NA
GEN24_1022026,Don't know / Not sure,NA,NA
GEN24_1022030,Disagree,Agree,Agree
GEN24_1022033,Agree,NA,NA
GEN24_1022034,Agree,NA,NA
GEN24_1022036,Agree,NA,NA
GEN24_1022051,Agree,NA,Agree
GEN24_1022056,Don't know / Not sure,NA,NA
GEN24_1022058,Disagree,NA,NA
GEN24_1022062,Don't know / Not sure,NA,NA
GEN24_1022063,Agree,NA,NA
GEN24_1022066,Agree,NA,NA
GEN24_1022068,Don't know / Not sure,NA,NA
GEN24_1022070,Don't know / Not sure,NA,Agree
GEN24_1022072,Don't know / Not sure,NA,NA
GEN24_1022075,Agree,Agree,Agree
GEN24_1022077,Don't know / Not sure,NA,NA
GEN24_1022079,Agree,NA,NA
GEN24_1022080,Agree,Agree,Agree
GEN24_1022082,Agree,NA,NA
GEN24_1022083,Agree,Agree,Agree
GEN24_1022088,Agree,NA,NA
GEN24_1022090,Agree,Agree,Agree
GEN24_1022094,Disagree,Agree,NA
GEN24_1022095,Agree,Agree,Agree
GEN24_1022099,Agree,NA,NA
GEN24_1022100,Agree,NA,NA
GEN24_1022104,Agree,Agree,Agree
GEN24_1022107,Agree,NA,NA
GEN24_1022113,Don't know / Not sure,NA,NA
GEN24_1022118,Disagree,NA,NA
GEN24_1022120,Disagree,Agree,Agree
GEN24_1022127,Agree,Agree,Agree
GEN24_1022135,Agree,Agree,Agree
GEN24_1022139,Agree,Agree,Agree
GEN24_1022142,Agree,NA,NA
GEN24_1022153,Don't know / Not sure,NA,NA
GEN24_1022154,Disagree,NA,NA
GEN24_1022156,Agree,Agree,Agree
GEN24_1022159,Agree,NA,NA
GEN24_1022163,Agree,NA,NA
GEN24_1022165,Disagree,NA,NA
GEN24_1022175,Don't know / Not sure,NA,NA
GEN24_1022180,Agree,Agree,Agree
GEN24_1022181,Agree,NA,NA
GEN24_1022183,Don't know / Not sure,Agree,NA
GEN24_1022186,Agree,NA,NA
GEN24_1022192,Agree,NA,NA
GEN24_1022195,Agree,Agree,Agree
GEN24_1022196,Agree,NA,NA
GEN24_1022197,Agree,NA,NA
GEN24_1022202,Don't know / Not sure,Agree,Agree
GEN24_1022203,Disagree,NA,NA
GEN24_1022206,Disagree,NA,NA
GEN24_1022208,Agree,NA,NA
GEN24_1022210,Agree,NA,NA
GEN24_1022214,Disagree,NA,NA
GEN24_1022219,Agree,NA,NA
GEN24_1022220,Agree,Agree,Agree
GEN24_1022224,Disagree,NA,NA
GEN24_1022227,Disagree,NA,NA
GEN24_1022235,Agree,NA,NA
GEN24_1022238,Agree,NA,NA
GEN24_1022244,Disagree,NA,NA
GEN24_1022246,Disagree,NA,NA
GEN24_1022247,Don't know / Not sure,NA,NA
GEN24_1022248,Don't know / Not sure,NA,NA
GEN24_1022250,Disagree,NA,NA
GEN24_1022254,Disagree,NA,NA
GEN24_1022260,Agree,Agree,Agree
GEN24_1022265,Agree,Agree,Agree
GEN24_1022275,Don't know / Not sure,NA,NA
GEN24_1022280,Don't know / Not sure,Agree,NA
GEN24_1022281,Disagree,NA,NA
GEN24_1022287,Don't know / Not sure,NA,NA
GEN24_1022288,Agree,NA,NA
GEN24_1022289,Agree,NA,NA
GEN24_1022290,Agree,Agree,Agree
GEN24_1022293,Agree,Agree,Agree
GEN24_1022294,Agree,NA,NA
GEN24_1022298,Disagree,NA,NA
GEN24_1022300,Don't know / Not sure,NA,NA
GEN24_1022306,Don't know / Not sure,Agree,Agree
GEN24_1022310,Agree,NA,NA
GEN24_1022313,Agree,Agree,Agree
GEN24_1022318,Don't know / Not sure,NA,NA
GEN24_1022320,Agree,Agree,Agree
GEN24_1022322,Don't know / Not sure,NA,NA
GEN24_1022323,Agree,NA,NA
GEN24_1022324,Agree,Agree,Agree
GEN24_1022327,Disagree,Agree,Agree
GEN24_1022328,Agree,Agree,Agree
GEN24_1022330,Agree,Agree,Agree
GEN24_1022331,Agree,NA,NA
GEN24_1022333,Agree,Agree,Agree
GEN24_1022334,Don't know / Not sure,Agree,Agree
GEN24_1022335,Agree,NA,NA
GEN24_1022339,Agree,NA,NA
GEN24_1022340,Don't know / Not sure,Agree,Agree
GEN24_1022345,Agree,NA,NA
GEN24_1022357,Agree,NA,NA
GEN24_1022358,Disagree,NA,NA
GEN24_1022365,Disagree,Agree,Agree
GEN24_1022377,Don't know / Not sure,NA,NA
GEN24_1022386,Don't know / Not sure,NA,NA
GEN24_1022388,Disagree,Agree,Agree
GEN24_1022398,Agree,Agree,Agree
GEN24_1022402,Agree,Agree,Agree
GEN24_1022404,Agree,NA,NA
GEN24_1022411,Agree,NA,NA
GEN24_1022415,Agree,Agree,Agree
GEN24_1022418,Agree,NA,NA
GEN24_1022422,Agree,Agree,Agree
GEN24_1022423,Don't know / Not sure,NA,NA
GEN24_1022424,Agree,NA,NA
GEN24_1022425,Disagree,NA,NA
GEN24_1022426,Agree,Agree,Agree
GEN24_1022436,Agree,Agree,Agree
GEN24_1022437,Agree,Agree,Agree
GEN24_1022438,Disagree,NA,NA
GEN24_1022440,Don't know / Not sure,Agree,Agree
GEN24_1022442,Don't know / Not sure,Agree,Agree
GEN24_1022443,Don't know / Not sure,Agree,Agree
GEN24_1022460,Agree,Agree,Agree
GEN24_1022462,Don't know / Not sure,Agree,Agree
GEN24_1022463,Don't know / Not sure,NA,Agree
GEN24_1022466,Agree,Agree,Agree
GEN24_1022468,Disagree,NA,NA
GEN24_1022476,Agree,Agree,Agree
GEN24_1022477,Agree,Agree,Agree
GEN24_1022480,Agree,Agree,Agree
GEN24_1022481,Don't know / Not sure,NA,NA
GEN24_1022482,Agree,Agree,Agree
GEN24_1022484,Disagree,Agree,Agree
GEN24_1022485,Agree,Agree,Agree
GEN24_1022489,Don't know / Not sure,NA,NA
GEN24_1022491,Don't know / Not sure,Agree,Agree
GEN24_1022494,Agree,Agree,Agree
GEN24_1022500,Agree,Agree,Agree
GEN24_1022501,Disagree,NA,NA
GEN24_1022503,Disagree,NA,NA
GEN24_1022509,Agree,Agree,Agree
GEN24_1022510,Agree,Agree,Agree
GEN24_1022511,Agree,NA,NA
GEN24_1022513,Disagree,NA,NA
GEN24_1022515,Don't know / Not sure,NA,NA
GEN24_1022519,Disagree,NA,NA
GEN24_1022520,Agree,Disagree,Disagree
GEN24_1022522,Agree,NA,NA
GEN24_1022523,Disagree,NA,NA
GEN24_1022528,Agree,NA,NA
GEN24_1022531,Agree,Agree,Agree
GEN24_1022537,Don't know / Not sure,NA,NA
GEN24_1022543,Don't know / Not sure,NA,NA
GEN24_1022544,Agree,NA,NA
GEN24_1022545,Don't know / Not sure,NA,NA
GEN24_1022547,Don't know / Not sure,Agree,Agree
GEN24_1022549,Agree,NA,Agree
GEN24_1022554,Agree,Agree,Agree
GEN24_1022555,Agree,Agree,Agree
GEN24_1022556,Disagree,Agree,Agree
GEN24_1022557,Agree,Agree,Agree
GEN24_1022558,Agree,Agree,Agree
GEN24_1022562,Disagree,Agree,Agree
GEN24_1022563,Don't know / Not sure,NA,NA
GEN24_1022566,Disagree,Agree,Agree
GEN24_1022568,Don't know / Not sure,NA,NA
GEN24_1022571,Don't know / Not sure,NA,NA
GEN24_1022577,Disagree,Agree,Agree
GEN24_1022582,Agree,Agree,Agree
GEN24_1022590,Don't know / Not sure,NA,NA
GEN24_1022605,Don't know / Not sure,NA,NA
GEN24_1022607,Agree,Agree,Agree
GEN24_1022618,Agree,Agree,Agree
GEN24_1022622,Agree,Disagree,Agree
GEN24_1022624,Agree,Agree,Agree
GEN24_1022626,Don't know / Not sure,NA,NA
GEN24_1022629,Don't know / Not sure,NA,NA
GEN24_1022630,Agree,NA,NA
GEN24_1022633,Agree,Agree,Agree
GEN24_1022645,Agree,Agree,Agree
GEN24_1022646,Agree,Agree,Agree
GEN24_1022647,Agree,Agree,Agree
GEN24_1022655,Agree,NA,NA
GEN24_1022660,Agree,Agree,Agree
GEN24_1022661,Agree,Agree,Agree
GEN24_1022681,Disagree,NA,NA
GEN24_1022684,Don't know / Not sure,NA,NA
GEN24_1022687,Disagree,NA,NA
GEN24_1022688,Don't know / Not sure,Agree,Agree
GEN24_1022701,Agree,NA,NA
GEN24_1022704,Don't know / Not sure,Agree,Agree
GEN24_1022714,Don't know / Not sure,NA,NA
GEN24_1022718,Don't know / Not sure,NA,NA
GEN24_1022723,Agree,NA,NA
GEN24_1022726,Disagree,Agree,Agree
GEN24_1022727,Disagree,NA,NA
GEN24_1022729,Don't know / Not sure,Agree,Agree
GEN24_1022731,Don't know / Not sure,Agree,Agree
GEN24_1022732,Agree,NA,NA
GEN24_1022736,Don't know / Not sure,NA,NA
GEN24_1022738,Don't know / Not sure,NA,NA
GEN24_1022739,Agree,NA,NA
GEN24_1022740,Agree,NA,NA
GEN24_1022742,Don't know / Not sure,NA,NA
GEN24_1022747,Agree,Agree,Agree
GEN24_1022752,Don't know / Not sure,NA,NA
GEN24_1022755,Agree,Agree,Agree
GEN24_1022758,Disagree,NA,NA
GEN24_1022761,Don't know / Not sure,NA,NA
GEN24_1022770,Disagree,Agree,Agree
GEN24_1022772,Disagree,NA,NA
GEN24_1022775,Agree,Agree,Agree
GEN24_1022782,Disagree,NA,NA
GEN24_1022783,Don't know / Not sure,NA,NA
GEN24_1022786,Agree,Agree,Agree
GEN24_1022787,Disagree,NA,NA
GEN24_1022789,Agree,Agree,Agree
GEN24_1022790,Agree,NA,NA
GEN24_1022791,Don't know / Not sure,NA,NA
GEN24_1022792,Agree,Agree,Agree
GEN24_1022795,Agree,Agree,Agree
GEN24_1022804,Agree,NA,NA
GEN24_1022808,Agree,Agree,Agree
GEN24_1022809,Agree,NA,NA
GEN24_1022810,Disagree,NA,NA
GEN24_1022813,Agree,NA,NA
GEN24_1022817,Agree,NA,NA
GEN24_1022819,Agree,NA,NA
GEN24_1022821,Don't know / Not sure,NA,NA
GEN24_1022833,Agree,NA,NA
GEN24_1022837,Don't know / Not sure,NA,NA
GEN24_1022839,Don't know / Not sure,NA,NA
GEN24_1022846,Disagree,NA,NA
GEN24_1022849,Agree,Agree,Agree
GEN24_1022854,Don't know / Not sure,Agree,Agree
GEN24_1022858,Don't know / Not sure,NA,NA
GEN24_1022860,Agree,NA,NA
GEN24_1022867,Don't know / Not sure,NA,NA
GEN24_1022868,Disagree,NA,NA
GEN24_1022869,Agree,NA,NA
GEN24_1022887,Don't know / Not sure,NA,NA
GEN24_1022888,Agree,NA,NA
GEN24_1022892,Disagree,NA,NA
GEN24_1022893,Don't know / Not sure,NA,NA
GEN24_1022896,Agree,Agree,Agree
GEN24_1022899,Don't know / Not sure,NA,Agree
GEN24_1022901,Agree,NA,NA
GEN24_1022903,Disagree,NA,NA
GEN24_1022906,Agree,NA,NA
GEN24_1022907,Agree,Agree,NA
GEN24_1022908,Disagree,NA,NA
GEN24_1022912,Agree,Agree,Agree
GEN24_1022914,Agree,NA,NA
GEN24_1022918,Agree,NA,NA
GEN24_1022921,Don't know / Not sure,NA,NA
GEN24_1022926,Agree,NA,NA
GEN24_1022931,Agree,Agree,Agree
GEN24_1022933,Don't know / Not sure,Agree,NA
GEN24_1022938,Agree,NA,NA
GEN24_1022940,Agree,NA,NA
GEN24_1022946,Disagree,NA,NA
GEN24_1022948,Agree,Agree,Agree
GEN24_1022949,Disagree,NA,NA
GEN24_1022952,Disagree,NA,NA
GEN24_1022955,Agree,Agree,Agree
GEN24_1022957,Agree,NA,NA
GEN24_1022974,Agree,Agree,Agree
GEN24_1022980,Disagree,NA,NA
GEN24_1022982,Agree,Agree,Agree
GEN24_1023004,Agree,Agree,Agree
GEN24_1023007,Agree,Agree,Agree
GEN24_1023008,Agree,NA,NA
GEN24_1023015,Agree,Agree,Agree
GEN24_1023024,Disagree,NA,NA
GEN24_1023032,Don't know / Not sure,NA,NA
GEN24_1023033,Disagree,NA,NA
GEN24_1023034,Don't know / Not sure,NA,NA
GEN24_1023039,Don't know / Not sure,NA,NA
GEN24_1023040,Agree,NA,NA
GEN24_1023044,Don't know / Not sure,NA,NA
GEN24_1023050,Disagree,NA,NA
GEN24_1023051,Agree,NA,NA
GEN24_1023057,Agree,NA,NA
GEN24_1023059,Agree,Agree,Agree
GEN24_1023062,Agree,NA,NA
GEN24_1023063,Don't know / Not sure,Agree,Agree
GEN24_1023066,Agree,NA,NA
GEN24_1023069,Disagree,Disagree,Disagree
GEN24_1023075,Don't know / Not sure,NA,NA
GEN24_1023083,Agree,NA,NA
GEN24_1023089,Don't know / Not sure,Agree,Agree
GEN24_1023092,Don't know / Not sure,NA,NA
GEN24_1023101,Agree,Agree,Agree
GEN24_1023104,Agree,NA,NA
GEN24_1023115,Disagree,NA,NA
GEN24_1023120,Agree,NA,NA
GEN24_1023121,Agree,Disagree,NA
GEN24_1023133,Agree,NA,Agree
GEN24_1023142,Agree,Agree,Agree
GEN24_1023146,Disagree,NA,NA
GEN24_1023147,Agree,NA,NA
GEN24_1023149,Don't know / Not sure,NA,NA
GEN24_1023152,Don't know / Not sure,Agree,Agree
GEN24_1023154,Agree,NA,NA
GEN24_1023158,Don't know / Not sure,Disagree,Agree
GEN24_1023159,Don't know / Not sure,Agree,Agree
GEN24_1023163,Don't know / Not sure,NA,NA
GEN24_1023166,Don't know / Not sure,NA,NA
GEN24_1023167,Agree,NA,NA
GEN24_1023172,Don't know / Not sure,NA,NA
GEN24_1023176,Agree,Agree,Agree
GEN24_1023180,Disagree,NA,NA
GEN24_1023206,Disagree,NA,NA
GEN24_1023220,Agree,Agree,Agree
GEN24_1023223,Agree,NA,NA
GEN24_1023225,Agree,NA,NA
GEN24_1023233,Agree,Agree,NA
GEN24_1023235,Don't know / Not sure,Agree,Agree
GEN24_1023239,Disagree,Agree,Agree
GEN24_1023241,Disagree,Agree,Agree
GEN24_1023244,Disagree,Agree,Agree
GEN24_1023246,Agree,NA,NA
GEN24_1023248,Don't know / Not sure,NA,NA
GEN24_1023255,Disagree,NA,NA
GEN24_1023259,Disagree,NA,NA
GEN24_1023263,Agree,NA,NA
GEN24_1023268,Agree,Agree,Agree
GEN24_1023283,Don't know / Not sure,NA,NA
GEN24_1023284,Disagree,NA,NA
GEN24_1023286,Agree,NA,NA
GEN24_1023288,Don't know / Not sure,NA,NA
GEN24_1023290,Don't know / Not sure,NA,NA
GEN24_1023292,Agree,NA,NA
GEN24_1023296,Agree,Disagree,Agree
GEN24_1023302,Agree,Agree,Agree
GEN24_1023307,Don't know / Not sure,NA,NA
GEN24_1023311,Agree,Agree,Agree
GEN24_1023314,Agree,Agree,Agree
GEN24_1023321,Disagree,Agree,Agree
GEN24_1023330,Don't know / Not sure,NA,NA
GEN24_1023339,Disagree,NA,NA
GEN24_1023344,Agree,Agree,Agree
GEN24_1023349,Disagree,NA,Agree
GEN24_1023350,Agree,NA,NA
GEN24_1023352,Disagree,Agree,Agree
GEN24_1023353,Disagree,NA,NA
GEN24_1023358,Agree,Agree,Agree
GEN24_1023359,Agree,NA,NA
GEN24_1023360,Agree,NA,NA
GEN24_1023361,Agree,Agree,Agree
GEN24_1023363,Agree,NA,NA
GEN24_1023367,Agree,Agree,Agree
GEN24_1023368,Disagree,NA,NA
GEN24_1023369,Disagree,Agree,Agree
GEN24_1023371,Agree,Agree,Agree
GEN24_1023397,Agree,Agree,Agree
GEN24_1023399,Agree,Agree,Agree
GEN24_1023400,Don't know / Not sure,NA,NA
GEN24_1023402,Don't know / Not sure,NA,NA
GEN24_1023405,Disagree,Agree,Agree
GEN24_1023409,Don't know / Not sure,NA,NA
GEN24_1023417,Agree,NA,NA
GEN24_1023419,Agree,NA,NA
GEN24_1023420,Agree,NA,NA
GEN24_1023422,Disagree,Agree,Agree
GEN24_1023424,Disagree,NA,NA
GEN24_1023425,Agree,Agree,Agree
GEN24_1023428,Agree,NA,NA
GEN24_1023429,Don't know / Not sure,NA,NA
GEN24_1023441,Agree,Agree,Agree
GEN24_1023442,Don't know / Not sure,Agree,Agree
GEN24_1023452,Agree,Agree,Agree
GEN24_1023461,Agree,Agree,Agree
GEN24_1023482,Agree,Agree,Agree
GEN24_1023489,Agree,Agree,Agree
GEN24_1023500,Agree,Agree,Agree
GEN24_1023507,Disagree,NA,NA
GEN24_1023509,Disagree,NA,NA
GEN24_1023519,Agree,Agree,Agree
GEN24_1023520,Agree,Agree,Agree
GEN24_1023526,Agree,NA,NA
GEN24_1023536,Agree,NA,NA
GEN24_1023551,Agree,Agree,Agree
GEN24_1023559,Disagree,Agree,Agree
GEN24_1023564,Agree,Agree,Agree
GEN24_1023566,Agree,NA,NA
GEN24_1023569,Don't know / Not sure,NA,NA
GEN24_1023577,Agree,Agree,Agree
GEN24_1023580,Disagree,NA,NA
GEN24_1023581,Disagree,Agree,NA
GEN24_1023586,Don't know / Not sure,NA,NA
GEN24_1023591,Agree,NA,NA
GEN24_1023597,Agree,NA,NA
GEN24_1023598,Disagree,NA,NA
GEN24_1023601,Agree,NA,NA
GEN24_1023602,Don't know / Not sure,NA,NA
GEN24_1023603,Disagree,NA,NA
GEN24_1023604,Agree,Agree,Agree
GEN24_1023605,Disagree,NA,NA
GEN24_1023606,Disagree,NA,NA
GEN24_1023607,Disagree,NA,NA
GEN24_1023615,Don't know / Not sure,NA,NA
GEN24_1023616,Agree,Agree,Agree
GEN24_1023618,Disagree,NA,NA
GEN24_1023622,Agree,NA,NA
GEN24_1023623,Agree,Agree,Agree
GEN24_1023624,Disagree,NA,NA
GEN24_1023625,Don't know / Not sure,NA,NA
GEN24_1023628,Disagree,Agree,Agree
GEN24_1023632,Agree,Agree,Agree
GEN24_1023634,Disagree,NA,NA
GEN24_1023635,Agree,NA,NA
GEN24_1023636,Don't know / Not sure,NA,NA
GEN24_1023639,Agree,Agree,Agree
GEN24_1023642,Don't know / Not sure,Agree,Agree
GEN24_1023644,Agree,Agree,Agree
GEN24_1023647,Don't know / Not sure,NA,NA
GEN24_1023649,Agree,NA,NA
GEN24_1023650,Disagree,NA,NA
GEN24_1023653,Agree,NA,NA
GEN24_1023654,Agree,NA,NA
GEN24_1023657,Agree,Agree,Agree
GEN24_1023658,Agree,Agree,Agree
GEN24_1023662,Agree,NA,NA
GEN24_1023678,Disagree,NA,NA
GEN24_1023684,Agree,NA,NA
GEN24_1023689,Don't know / Not sure,NA,NA
GEN24_1023700,Don't know / Not sure,NA,NA
GEN24_1023716,Agree,NA,NA
GEN24_1023719,Disagree,Agree,Disagree
GEN24_1023720,Don't know / Not sure,NA,NA
GEN24_1023728,Don't know / Not sure,NA,NA
GEN24_1023733,Agree,Agree,Agree
GEN24_1023734,Agree,NA,NA
GEN24_1023761,Agree,NA,NA
GEN24_1023762,Agree,Agree,Agree
GEN24_1023766,Disagree,NA,NA
GEN24_1023775,Don't know / Not sure,Agree,Agree
GEN24_1023776,Agree,Agree,Agree
GEN24_1023777,Agree,NA,NA
GEN24_1023784,Disagree,NA,NA
GEN24_1023785,Agree,NA,NA
GEN24_1023796,Don't know / Not sure,NA,NA
GEN24_1023799,Agree,NA,NA
GEN24_1023800,Don't know / Not sure,NA,NA
GEN24_1023801,Agree,Agree,Agree
GEN24_1023810,Agree,NA,Agree
GEN24_1023812,Agree,Agree,Agree
GEN24_1023818,Agree,Agree,Agree
GEN24_1023820,Disagree,Agree,Disagree
GEN24_1023821,Agree,NA,NA
GEN24_1023822,Agree,NA,NA
GEN24_1023823,Agree,Agree,Agree
GEN24_1023824,Agree,Agree,Agree
GEN24_1023826,Don't know / Not sure,NA,NA
GEN24_1023827,Don't know / Not sure,NA,NA
GEN24_1023828,Don't know / Not sure,NA,NA
GEN24_1023830,Don't know / Not sure,NA,NA
GEN24_1023834,Agree,Agree,Agree
GEN24_1023837,Agree,Agree,Agree
GEN24_1023838,Disagree,NA,NA
GEN24_1023841,Disagree,Agree,Agree
GEN24_1023849,Don't know / Not sure,NA,NA
GEN24_1023851,Agree,Agree,Agree
GEN24_1023855,Don't know / Not sure,Agree,Agree
GEN24_1023860,Don't know / Not sure,Agree,Agree
GEN24_1023861,Agree,Agree,Agree
GEN24_1023871,Disagree,Agree,Agree
GEN24_1023872,Agree,Agree,Agree
GEN24_1023880,Don't know / Not sure,NA,NA
GEN24_1023884,Disagree,Agree,Agree
GEN24_1023886,Disagree,NA,NA
GEN24_1023888,Agree,Agree,Agree
GEN24_1023892,Don't know / Not sure,NA,NA
GEN24_1023895,Agree,Agree,Agree
GEN24_1023897,Agree,Agree,Agree
GEN24_1023898,Agree,NA,NA
GEN24_1023899,Agree,NA,NA
GEN24_1023902,Agree,NA,NA
GEN24_1023903,Disagree,NA,NA
GEN24_1023905,Disagree,NA,NA
GEN24_1023908,Disagree,NA,NA
GEN24_1023909,Agree,NA,Agree
GEN24_1023911,Don't know / Not sure,NA,NA
GEN24_1023915,Don't know / Not sure,NA,NA
GEN24_1023918,Agree,NA,NA
GEN24_1023922,Agree,NA,NA
GEN24_1023923,Disagree,NA,NA
GEN24_1023934,Agree,Agree,Agree
GEN24_1023935,Don't know / Not sure,NA,NA
GEN24_1023936,Agree,NA,NA
GEN24_1023940,Agree,Agree,Agree
GEN24_1023949,Agree,NA,NA
GEN24_1023954,Agree,Agree,Agree
GEN24_1023955,Disagree,NA,NA
GEN24_1023959,Don't know / Not sure,Agree,Agree
GEN24_1023961,Disagree,NA,NA
GEN24_1023962,Agree,Agree,Agree
GEN24_1023963,Don't know / Not sure,NA,NA
GEN24_1023969,Disagree,NA,NA
GEN24_1023970,Don't know / Not sure,Agree,Agree
GEN24_1023972,Don't know / Not sure,NA,NA
GEN24_1023978,Agree,Agree,Agree
GEN24_1023980,Disagree,NA,NA
GEN24_1023988,Don't know / Not sure,NA,NA
GEN24_1023989,Agree,Agree,Agree
GEN24_1023991,Disagree,NA,NA
GEN24_1023992,Disagree,Agree,Agree
GEN24_1023997,Agree,NA,NA
GEN24_1023999,Disagree,NA,NA
GEN24_1024001,Disagree,Disagree,NA
GEN24_1024012,Agree,Agree,Agree
GEN24_1024013,Agree,NA,NA
GEN24_1024025,Agree,NA,NA
GEN24_1024033,Disagree,NA,NA
GEN24_1024037,Disagree,NA,NA
GEN24_1024045,Don't know / Not sure,NA,NA
GEN24_1024050,Disagree,Agree,Agree
GEN24_1024056,Agree,NA,NA
GEN24_1024064,Don't know / Not sure,NA,NA
GEN24_1024068,Don't know / Not sure,Agree,Agree
GEN24_1024077,Agree,NA,NA
GEN24_1024078,Disagree,NA,NA
GEN24_1024080,Don't know / Not sure,NA,NA
GEN24_1024081,Agree,NA,NA
GEN24_1024083,Disagree,NA,NA
GEN24_1024086,Don't know / Not sure,NA,NA
GEN24_1024091,Disagree,NA,NA
GEN24_1024092,Agree,Agree,Agree
GEN24_1024095,Agree,Agree,Agree
GEN24_1024098,Disagree,NA,NA
GEN24_1024103,Agree,Agree,Agree
GEN24_1024108,Disagree,NA,NA
GEN24_1024109,Disagree,NA,NA
GEN24_1024116,Agree,Agree,Agree
GEN24_1024119,Agree,Agree,Agree
GEN24_1024123,Don't know / Not sure,Agree,Agree
GEN24_1024129,Disagree,NA,NA
GEN24_1024135,Don't know / Not sure,Agree,Agree
GEN24_1024136,Agree,NA,NA
GEN24_1024139,Don't know / Not sure,NA,NA
GEN24_1024145,Agree,NA,NA
GEN24_1024147,Agree,NA,NA
GEN24_1024151,Don't know / Not sure,Agree,Agree
GEN24_1024152,Agree,Agree,Agree
GEN24_1024153,Don't know / Not sure,NA,NA
GEN24_1024155,Disagree,Agree,Agree
GEN24_1024156,Disagree,Agree,Agree
GEN24_1024157,Don't know / Not sure,NA,NA
GEN24_1024160,Don't know / Not sure,Agree,Agree
GEN24_1024161,Disagree,NA,NA
GEN24_1024167,Agree,NA,NA
GEN24_1024173,Agree,Agree,Agree
GEN24_1024182,Don't know / Not sure,Agree,Agree
GEN24_1024184,Agree,Agree,Agree
GEN24_1024192,Agree,NA,NA
GEN24_1024197,Agree,NA,NA
GEN24_1024198,Agree,Agree,Agree
GEN24_1024199,Agree,Agree,Agree
GEN24_1024207,Agree,NA,NA
GEN24_1024208,Agree,NA,NA
GEN24_1024210,Don't know / Not sure,NA,NA
GEN24_1024211,Agree,NA,NA
GEN24_1024213,Agree,NA,NA
GEN24_1024215,Agree,NA,NA
GEN24_1024218,Agree,NA,NA
GEN24_1024219,Agree,Agree,Agree
GEN24_1024227,Don't know / Not sure,Agree,NA
GEN24_1024228,Don't know / Not sure,NA,NA
GEN24_1024234,Agree,NA,NA
GEN24_1024236,Disagree,NA,NA
GEN24_1024241,Disagree,NA,NA
GEN24_1024242,Agree,Agree,Agree
GEN24_1024245,Agree,NA,NA
GEN24_1024246,Agree,NA,NA
GEN24_1024252,Don't know / Not sure,NA,NA
GEN24_1024253,Don't know / Not sure,Agree,Agree
GEN24_1024278,Disagree,NA,NA
GEN24_1024281,Disagree,NA,NA
GEN24_1024290,Agree,NA,NA
GEN24_1024298,Disagree,NA,Agree
GEN24_1024300,Agree,Agree,Agree
GEN24_1024307,Agree,Agree,Agree
GEN24_1024314,Disagree,NA,NA
GEN24_1024318,Don't know / Not sure,Agree,Agree
GEN24_1024327,Agree,Agree,Agree
GEN24_1024333,Don't know / Not sure,NA,NA
GEN24_1024335,Agree,Agree,Agree
GEN24_1024336,Agree,Agree,Agree
GEN24_1024342,Don't know / Not sure,Agree,Agree
GEN24_1024345,Agree,NA,NA
GEN24_1024346,Agree,NA,NA
GEN24_1024347,Agree,NA,NA
GEN24_1024352,Agree,NA,NA
GEN24_1024357,Don't know / Not sure,NA,NA
GEN24_1024364,Agree,Agree,Agree
GEN24_1024367,Agree,NA,NA
GEN24_1024374,Agree,NA,NA
GEN24_1024379,Disagree,NA,NA
GEN24_1024387,Don't know / Not sure,NA,NA
GEN24_1024390,Don't know / Not sure,NA,NA
GEN24_1024391,Agree,Agree,Agree
GEN24_1024392,Agree,NA,NA
GEN24_1024394,Agree,NA,NA
GEN24_1024397,Agree,Agree,Agree
GEN24_1024399,Agree,Agree,Agree
GEN24_1024400,Agree,NA,NA
GEN24_1024406,Don't know / Not sure,Agree,Agree
GEN24_1024407,Agree,NA,NA
GEN24_1024413,Disagree,NA,NA
GEN24_1024427,Agree,Agree,Agree
GEN24_1024430,Don't know / Not sure,NA,NA
GEN24_1024432,Agree,NA,NA
GEN24_1024436,Don't know / Not sure,NA,NA
GEN24_1024445,Agree,NA,NA
GEN24_1024453,Don't know / Not sure,NA,NA
GEN24_1024454,Disagree,NA,NA
GEN24_1024456,Agree,Agree,Agree
GEN24_1024463,Agree,NA,NA
GEN24_1024464,Disagree,Agree,Agree
GEN24_1024468,Disagree,NA,NA
GEN24_1024469,Don't know / Not sure,Agree,Agree
GEN24_1024474,Agree,NA,NA
GEN24_1024476,Disagree,Agree,Agree
GEN24_1024477,Agree,NA,NA
GEN24_1024482,Agree,NA,NA
GEN24_1024493,Disagree,NA,NA
GEN24_1024495,Disagree,NA,NA
GEN24_1024497,Disagree,NA,NA
GEN24_1024502,Agree,Agree,Agree
GEN24_1024505,Don't know / Not sure,NA,NA
GEN24_1024506,Agree,NA,NA
GEN24_1024509,Agree,Agree,Agree
GEN24_1024511,Don't know / Not sure,NA,NA
GEN24_1024518,Don't know / Not sure,NA,NA
GEN24_1024524,Agree,Agree,Agree
GEN24_1024529,Agree,Agree,Agree
GEN24_1024532,Don't know / Not sure,NA,NA
GEN24_1024536,Disagree,NA,NA
GEN24_1024538,Agree,NA,NA
GEN24_1024545,Agree,NA,NA
GEN24_1024554,Agree,Agree,Agree
GEN24_1024559,Agree,Agree,Agree
GEN24_1024564,Disagree,Disagree,NA
GEN24_1024566,Agree,Agree,Agree
GEN24_1024567,Agree,Agree,Agree
GEN24_1024570,Agree,Agree,Agree
GEN24_1024577,Agree,Agree,Agree
GEN24_1024579,Disagree,NA,NA
GEN24_1024581,Agree,Agree,Agree
GEN24_1024596,Disagree,Agree,Agree
GEN24_1024598,Agree,NA,NA
GEN24_1024599,Agree,NA,NA
GEN24_1024604,Don't know / Not sure,NA,NA
GEN24_1024607,Agree,NA,NA
GEN24_1024615,Disagree,NA,NA
GEN24_1024625,Agree,NA,NA
GEN24_1024635,Agree,Agree,Agree
GEN24_1024639,Agree,NA,NA
GEN24_1024651,Don't know / Not sure,NA,NA
GEN24_1024654,Disagree,NA,NA
GEN24_1024662,Agree,NA,NA
GEN24_1024663,Disagree,NA,NA
GEN24_1024668,Don't know / Not sure,NA,NA
GEN24_1024670,Don't know / Not sure,NA,NA
GEN24_1024680,Agree,NA,NA
GEN24_1024682,Disagree,NA,NA
GEN24_1024683,Disagree,NA,NA
GEN24_1024688,Disagree,Disagree,Agree
GEN24_1024691,Don't know / Not sure,NA,NA
GEN24_1024696,Disagree,NA,NA
GEN24_1024706,Agree,Agree,Agree
GEN24_1024720,Disagree,NA,NA
GEN24_1024722,Agree,NA,Agree
GEN24_1024723,Disagree,NA,NA
GEN24_1024724,Don't know / Not sure,NA,NA
GEN24_1024726,Disagree,NA,NA
GEN24_1024729,Disagree,Agree,Agree
GEN24_1024731,Agree,Agree,Agree
GEN24_1024741,Agree,Agree,Agree
GEN24_1024754,Disagree,NA,NA
GEN24_1024756,Agree,NA,Agree
GEN24_1024759,Agree,Agree,Agree
GEN24_1024761,Don't know / Not sure,NA,NA
GEN24_1024769,Don't know / Not sure,NA,NA
GEN24_1024772,Disagree,NA,NA
GEN24_1024773,Agree,Agree,Agree
GEN24_1024775,Agree,NA,NA
GEN24_1024777,Don't know / Not sure,NA,NA
GEN24_1024778,Disagree,NA,NA
GEN24_1024780,Don't know / Not sure,NA,NA
GEN24_1024784,Agree,Agree,Agree
GEN24_1024786,Agree,Agree,Agree
GEN24_1024789,Don't know / Not sure,NA,NA
GEN24_1024792,Agree,Agree,Agree
GEN24_1024796,Agree,Agree,Agree
GEN24_1024798,Don't know / Not sure,NA,NA
GEN24_1024800,Agree,NA,NA
GEN24_1024803,Agree,Agree,Agree
GEN24_1024805,Don't know / Not sure,NA,NA
GEN24_1024806,Disagree,NA,NA
GEN24_1024821,Agree,Agree,Agree
GEN24_1024822,Disagree,NA,NA
GEN24_1024823,Agree,Agree,Agree
GEN24_1024824,Disagree,NA,NA
GEN24_1024825,Agree,Agree,Agree
GEN24_1024827,Don't know / Not sure,NA,NA
GEN24_1024829,Agree,Agree,Agree
GEN24_1024830,Agree,NA,NA
GEN24_1024831,Disagree,NA,NA
GEN24_1024832,Don't know / Not sure,NA,NA
GEN24_1024835,Don't know / Not sure,NA,NA
GEN24_1024840,Don't know / Not sure,NA,NA
GEN24_1024841,Agree,NA,NA
GEN24_1024842,Agree,NA,NA
GEN24_1024843,Agree,NA,NA
GEN24_1024845,Agree,NA,NA
GEN24_1024850,Disagree,Agree,Agree
GEN24_1024853,Agree,NA,NA
GEN24_1024856,Disagree,NA,NA
GEN24_1024866,Disagree,NA,NA
GEN24_1024867,Don't know / Not sure,NA,NA
GEN24_1024868,Agree,NA,NA
GEN24_1024877,Disagree,Agree,Agree
GEN24_1024885,Don't know / Not sure,NA,NA
GEN24_1024889,Agree,NA,NA
GEN24_1024891,Don't know / Not sure,NA,NA
GEN24_1024901,Disagree,NA,NA
GEN24_1024902,Disagree,Agree,Agree
GEN24_1024904,Agree,NA,NA
GEN24_1024905,Don't know / Not sure,NA,NA
GEN24_1024906,Disagree,NA,NA
GEN24_1024909,Disagree,NA,NA
GEN24_1024910,Don't know / Not sure,NA,NA
GEN24_1024920,Agree,Agree,Agree
GEN24_1024921,Don't know / Not sure,NA,NA
GEN24_1024927,Disagree,NA,NA
GEN24_1024931,Don't know / Not sure,NA,NA
GEN24_1024932,Agree,NA,NA
GEN24_1024934,Disagree,NA,NA
GEN24_1024936,Agree,Agree,Agree
GEN24_1024937,Agree,NA,NA
GEN24_1024939,Don't know / Not sure,NA,NA
GEN24_1024941,Don't know / Not sure,NA,NA
GEN24_1024943,Don't know / Not sure,NA,NA
GEN24_1024944,Agree,Agree,Agree
GEN24_1024945,Agree,Agree,Agree
GEN24_1024957,Don't know / Not sure,Disagree,Agree
GEN24_1024961,Agree,Agree,Agree
GEN24_1024965,Disagree,NA,NA
GEN24_1024967,Agree,NA,NA
GEN24_1024971,Agree,Agree,Agree
GEN24_1024973,Don't know / Not sure,Disagree,Agree
GEN24_1024976,Agree,NA,NA
GEN24_1024981,Agree,Agree,Agree
GEN24_1024985,Agree,NA,NA
GEN24_1024998,Agree,NA,NA
GEN24_1025001,Don't know / Not sure,NA,NA
GEN24_1025005,Don't know / Not sure,NA,NA
GEN24_1025010,Agree,Agree,Agree
GEN24_1025017,Agree,Agree,Agree
GEN24_1025021,Agree,NA,NA
GEN24_1025022,Disagree,Agree,Agree
GEN24_1025033,Agree,Agree,Agree
GEN24_1025040,Agree,Agree,Agree
GEN24_1025042,Disagree,NA,NA
GEN24_1025043,Don't know / Not sure,NA,NA
GEN24_1025048,Don't know / Not sure,NA,NA
GEN24_1025050,Disagree,NA,NA
GEN24_1025052,Don't know / Not sure,NA,NA
GEN24_1025054,Don't know / Not sure,NA,NA
GEN24_1025070,Disagree,Agree,Agree
GEN24_1025071,Agree,NA,NA
GEN24_1025076,Agree,NA,NA
GEN24_1025083,Don't know / Not sure,NA,NA
GEN24_1025088,Agree,NA,NA
GEN24_1025089,Agree,NA,NA
GEN24_1025095,Agree,Agree,Agree
GEN24_1025096,Disagree,Agree,Agree
GEN24_1025097,Disagree,Agree,Agree
GEN24_1025100,Agree,Agree,Agree
GEN24_1025107,Agree,Agree,Agree
GEN24_1025127,Agree,Agree,Disagree
GEN24_1025130,Don't know / Not sure,NA,NA
GEN24_1025134,Don't know / Not sure,NA,NA
GEN24_1025137,Disagree,Agree,Agree
GEN24_1025140,Agree,Agree,Agree
GEN24_1025142,Agree,NA,NA
GEN24_1025143,Disagree,Agree,Agree
GEN24_1025144,Agree,NA,NA
GEN24_1025145,Agree,Agree,Agree
GEN24_1025149,Agree,NA,NA
GEN24_1025156,Agree,NA,NA
GEN24_1025163,Don't know / Not sure,Agree,Agree
GEN24_1025165,Agree,Agree,Agree
GEN24_1025172,Agree,NA,NA
GEN24_1025174,Agree,NA,Agree
GEN24_1025178,Disagree,NA,NA
GEN24_1025179,Disagree,NA,NA
GEN24_1025194,Disagree,NA,NA
GEN24_1025207,Agree,NA,NA
GEN24_1025211,Agree,NA,NA
GEN24_1025213,Agree,NA,NA
GEN24_1025214,Agree,Agree,Agree
GEN24_1025227,Agree,NA,NA
GEN24_1025230,Agree,Agree,NA
GEN24_1025233,Disagree,NA,NA
GEN24_1025234,Don't know / Not sure,NA,NA
GEN24_1025235,Agree,Disagree,Agree
GEN24_1025239,Disagree,NA,NA
GEN24_1025240,Don't know / Not sure,NA,NA
GEN24_1025249,Don't know / Not sure,NA,NA
GEN24_1025250,Disagree,Agree,Agree
GEN24_1025252,Don't know / Not sure,NA,NA
GEN24_1025255,Don't know / Not sure,Agree,Agree
GEN24_1025257,Agree,NA,NA
GEN24_1025258,Agree,Agree,NA
GEN24_1025263,Agree,NA,NA
GEN24_1025265,Disagree,Disagree,Disagree
GEN24_1025271,Agree,Agree,Agree
GEN24_1025278,Agree,NA,NA
GEN24_1025284,Agree,NA,NA
GEN24_1025286,Agree,NA,NA
GEN24_1025292,Don't know / Not sure,NA,NA
GEN24_1025294,Don't know / Not sure,NA,NA
GEN24_1025296,Don't know / Not sure,NA,NA
GEN24_1025303,Agree,NA,NA
GEN24_1025304,Disagree,NA,NA
GEN24_1025308,Don't know / Not sure,NA,NA
GEN24_1025328,Disagree,NA,NA
GEN24_1025332,Disagree,NA,NA
GEN24_1025335,Don't know / Not sure,NA,NA
GEN24_1025338,Don't know / Not sure,Agree,Agree
GEN24_1025360,Agree,Agree,Agree
GEN24_1025361,Agree,Agree,Agree
GEN24_1025362,Don't know / Not sure,NA,NA
GEN24_1025368,Agree,Agree,Agree
GEN24_1025369,Agree,NA,NA
GEN24_1025371,Agree,Agree,Agree
GEN24_1025372,Agree,NA,NA
GEN24_1025378,Agree,NA,NA
GEN24_1025379,Agree,Agree,Agree
GEN24_1025380,Agree,Agree,Agree
GEN24_1025381,Agree,Agree,NA
GEN24_1025391,Agree,NA,NA
GEN24_1025395,Don't know / Not sure,Agree,NA
GEN24_1025405,Don't know / Not sure,NA,NA
GEN24_1025410,Agree,NA,Agree
GEN24_1025411,Agree,Agree,Agree
GEN24_1025412,Agree,NA,Agree
GEN24_1025414,Disagree,NA,NA
GEN24_1025419,Agree,NA,NA
GEN24_1025423,Agree,NA,NA
GEN24_1025428,Agree,Agree,Agree
GEN24_1025433,Agree,NA,NA
GEN24_1025437,Don't know / Not sure,NA,NA
GEN24_1025438,Agree,NA,NA
GEN24_1025440,Agree,NA,NA
GEN24_1025442,Agree,NA,NA
GEN24_1025443,Agree,Agree,Agree
GEN24_1025447,Agree,NA,NA
GEN24_1025451,Don't know / Not sure,NA,NA
GEN24_1025452,Don't know / Not sure,Disagree,Agree
GEN24_1025454,Agree,Agree,Agree
GEN24_1025456,Disagree,NA,NA
GEN24_1025463,Disagree,NA,NA
GEN24_1025464,Agree,NA,NA
GEN24_1025465,Disagree,NA,NA
GEN24_1025469,Don't know / Not sure,NA,NA
GEN24_1025473,Agree,NA,NA
GEN24_1025492,Disagree,NA,NA
GEN24_1025495,Disagree,NA,NA
GEN24_1025501,Agree,NA,Agree
GEN24_1025505,Disagree,NA,NA
GEN24_1025506,Agree,NA,NA
GEN24_1025507,Agree,NA,Agree
GEN24_1025517,Agree,Agree,Agree
GEN24_1025523,Don't know / Not sure,NA,NA
GEN24_1025531,Agree,Agree,Agree
GEN24_1025536,Don't know / Not sure,NA,NA
GEN24_1025537,Agree,Agree,Agree
GEN24_1025542,Disagree,Agree,Agree
GEN24_1025553,Disagree,Agree,Agree
GEN24_1025554,Agree,Agree,Agree
GEN24_1025557,Agree,NA,Agree
GEN24_1025558,Agree,Agree,NA
GEN24_1025564,Agree,Agree,Agree
GEN24_1025566,Agree,NA,NA
GEN24_1025576,Disagree,Agree,Agree
GEN24_1025583,Don't know / Not sure,NA,NA
GEN24_1025584,Don't know / Not sure,NA,NA
GEN24_1025585,Disagree,NA,NA
GEN24_1025586,Disagree,NA,NA
GEN24_1025588,Agree,Agree,Agree
GEN24_1025590,Agree,NA,Agree
GEN24_1025591,Agree,NA,NA
GEN24_1025597,Agree,Agree,Agree
GEN24_1025602,Don't know / Not sure,NA,NA
GEN24_1025604,Agree,NA,NA
GEN24_1025608,Agree,Agree,Agree
GEN24_1025613,Agree,Agree,Agree
GEN24_1025620,Agree,NA,NA
GEN24_1025623,Disagree,NA,NA
GEN24_1025628,Agree,NA,NA
GEN24_1025632,Agree,Agree,Agree
GEN24_1025633,Agree,NA,NA
GEN24_1025641,Agree,NA,NA
GEN24_1025645,Agree,Agree,Agree
GEN24_1025649,Agree,NA,NA
GEN24_1025650,Don't know / Not sure,NA,NA
GEN24_1025655,Agree,Agree,Agree
GEN24_1025671,Disagree,NA,NA
GEN24_1025673,Agree,NA,NA
GEN24_1025674,Agree,NA,NA
GEN24_1025683,Agree,NA,NA
GEN24_1025691,Agree,NA,NA
GEN24_1025694,Agree,NA,NA
GEN24_1025698,Don't know / Not sure,NA,NA
GEN24_1025704,Agree,Agree,Agree
GEN24_1025706,Agree,NA,NA
GEN24_1025715,Agree,Agree,Agree
GEN24_1025716,Disagree,NA,NA
GEN24_1025719,Agree,Agree,Agree
GEN24_1025721,Don't know / Not sure,NA,NA
GEN24_1025727,Disagree,NA,Agree
GEN24_1025742,Agree,NA,NA
GEN24_1025748,Don't know / Not sure,Agree,Agree
GEN24_1025766,Agree,Agree,Agree
GEN24_1025778,Agree,NA,NA
GEN24_1025780,Don't know / Not sure,NA,Agree
GEN24_1025781,Don't know / Not sure,NA,NA
GEN24_1025786,Agree,NA,Agree
GEN24_1025789,Don't know / Not sure,NA,NA
GEN24_1025799,Agree,NA,NA
GEN24_1025806,Don't know / Not sure,NA,NA
GEN24_1025815,Agree,NA,NA
GEN24_1025824,Disagree,NA,NA
GEN24_1025843,Disagree,NA,NA
GEN24_1025845,Agree,NA,NA
GEN24_1025847,Agree,Agree,Agree
GEN24_1025849,Don't know / Not sure,NA,NA
GEN24_1025853,Don't know / Not sure,NA,NA
GEN24_1025857,Agree,NA,NA
GEN24_1025859,Agree,NA,Agree
GEN24_1025861,Disagree,NA,NA
GEN24_1025863,Don't know / Not sure,NA,NA
GEN24_1025864,Agree,NA,NA
GEN24_1025870,Don't know / Not sure,Agree,Agree
GEN24_1025873,Agree,Agree,Agree
GEN24_1025875,Agree,Agree,Agree
GEN24_1025887,Agree,NA,NA
GEN24_1025892,Agree,Agree,Agree
GEN24_1025894,Disagree,NA,NA
GEN24_1025904,Agree,NA,NA
GEN24_1025906,Agree,NA,NA
GEN24_1025907,Agree,Agree,Agree
GEN24_1025914,Disagree,Agree,Agree
GEN24_1025920,Disagree,NA,NA
GEN24_1025922,Don't know / Not sure,NA,NA
GEN24_1025927,Don't know / Not sure,NA,NA
GEN24_1025929,Disagree,NA,NA
GEN24_1025931,Disagree,NA,NA
GEN24_1025952,Don't know / Not sure,NA,NA
GEN24_1025953,Agree,NA,NA
GEN24_1025958,Disagree,NA,NA
GEN24_1025965,Agree,NA,NA
GEN24_1025967,Agree,Agree,NA
GEN24_1025969,Agree,NA,NA
GEN24_1025971,Don't know / Not sure,NA,NA
GEN24_1025972,Don't know / Not sure,NA,NA
GEN24_1025973,Agree,NA,NA
GEN24_1025975,Agree,NA,NA
GEN24_1025976,Agree,Disagree,Agree
GEN24_1025980,Don't know / Not sure,NA,NA
GEN24_1025986,Agree,Agree,Agree
GEN24_1025987,Don't know / Not sure,NA,NA
GEN24_1025989,Agree,NA,NA
GEN24_1026000,Agree,NA,NA
GEN24_1026013,Agree,Agree,Agree
GEN24_1026014,Agree,Agree,Agree
GEN24_1026016,Agree,Agree,Agree
GEN24_1026019,Agree,NA,NA
GEN24_1026032,Don't know / Not sure,NA,Agree
GEN24_1026037,Agree,Agree,Agree
GEN24_1026048,Agree,NA,NA
GEN24_1026051,Don't know / Not sure,Agree,Agree
GEN24_1026055,Disagree,NA,NA
GEN24_1026065,Don't know / Not sure,NA,NA
GEN24_1026067,Agree,NA,NA
GEN24_1026069,Don't know / Not sure,Agree,Agree
GEN24_1026071,Agree,Agree,Agree
GEN24_1026076,Don't know / Not sure,Agree,Agree
GEN24_1026078,Don't know / Not sure,NA,NA
GEN24_1026080,Disagree,NA,NA
GEN24_1026082,Agree,NA,NA
GEN24_1026087,Agree,Agree,Agree
GEN24_1026089,Agree,Agree,Agree
GEN24_1026094,Agree,Agree,Agree
GEN24_1026098,Don't know / Not sure,Agree,Agree
GEN24_1026099,Disagree,NA,NA
GEN24_1026104,Agree,NA,NA
GEN24_1026107,Agree,Agree,Agree
GEN24_1026108,Agree,Agree,Agree
GEN24_1026109,Don't know / Not sure,NA,NA
GEN24_1026113,Don't know / Not sure,NA,NA
GEN24_1026116,Agree,Agree,Agree
GEN24_1026117,Disagree,Agree,Agree
GEN24_1026119,Don't know / Not sure,NA,NA
GEN24_1026132,Agree,Agree,Agree
GEN24_1026133,Disagree,NA,NA
GEN24_1026141,Don't know / Not sure,Agree,NA
GEN24_1026145,Agree,NA,NA
GEN24_1026149,Disagree,NA,NA
GEN24_1026153,Don't know / Not sure,NA,NA
GEN24_1026164,Agree,NA,NA
GEN24_1026177,Agree,NA,NA
GEN24_1026180,Agree,NA,NA
GEN24_1026183,Disagree,NA,NA
GEN24_1026189,Don't know / Not sure,NA,NA
GEN24_1026192,Disagree,NA,NA
GEN24_1026197,Agree,NA,NA
GEN24_1026201,Don't know / Not sure,NA,NA
GEN24_1026206,Disagree,Agree,Disagree
GEN24_1026209,Agree,Agree,Agree
GEN24_1026214,Agree,NA,NA
GEN24_1026220,Don't know / Not sure,NA,NA
GEN24_1026221,Agree,Agree,Agree
GEN24_1026223,Agree,NA,NA
GEN24_1026225,Don't know / Not sure,NA,NA
GEN24_1026226,Agree,NA,NA
GEN24_1026234,Agree,Agree,Agree
GEN24_1026238,Agree,NA,NA
GEN24_1026243,Agree,Agree,Agree
GEN24_1026249,Don't know / Not sure,NA,NA
GEN24_1026257,Disagree,NA,NA
GEN24_1026258,Don't know / Not sure,NA,NA
GEN24_1026261,Agree,Agree,Agree
GEN24_1026262,Don't know / Not sure,NA,NA
GEN24_1026264,Agree,NA,NA
GEN24_1026267,Agree,Agree,Agree
GEN24_1026271,Agree,NA,NA
GEN24_1026276,Agree,Agree,Agree
GEN24_1026282,Agree,NA,NA
GEN24_1026285,Disagree,NA,NA
GEN24_1026288,Agree,Agree,Agree
GEN24_1026292,Agree,NA,NA
GEN24_1026295,Agree,NA,NA
GEN24_1026296,Agree,NA,NA
GEN24_1026298,Agree,Agree,Agree
GEN24_1026301,Agree,Agree,Agree
GEN24_1026302,Agree,Agree,Agree
GEN24_1026304,Agree,NA,Agree
GEN24_1026306,Agree,Agree,Agree
GEN24_1026314,Don't know / Not sure,NA,NA
GEN24_1026315,Don't know / Not sure,NA,NA
GEN24_1026319,Agree,Agree,Agree
GEN24_1026323,Don't know / Not sure,NA,Agree
GEN24_1026325,Don't know / Not sure,NA,NA
GEN24_1026327,Agree,NA,NA
GEN24_1026328,Agree,Disagree,Agree
GEN24_1026337,Disagree,NA,NA
GEN24_1026339,Disagree,NA,NA
GEN24_1026346,Agree,Agree,Agree
GEN24_1026349,Agree,NA,NA
GEN24_1026350,Agree,Agree,Agree
GEN24_1026352,Disagree,NA,NA
GEN24_1026354,Disagree,Agree,Agree
GEN24_1026357,Agree,Agree,Agree
GEN24_1026360,Agree,NA,Agree
GEN24_1026362,Agree,Agree,Agree
GEN24_1026363,Don't know / Not sure,Agree,Agree
GEN24_1026377,Agree,Agree,Agree
GEN24_1026379,Agree,NA,NA
GEN24_1026386,Disagree,NA,NA
GEN24_1026389,Disagree,NA,NA
GEN24_1026390,Agree,NA,NA
GEN24_1026395,Agree,NA,NA
GEN24_1026400,Disagree,NA,NA
GEN24_1026402,Agree,NA,NA
GEN24_1026407,Agree,NA,NA
GEN24_1026414,Agree,NA,NA
GEN24_1026417,Agree,NA,NA
GEN24_1026419,Don't know / Not sure,NA,NA
GEN24_1026423,Disagree,NA,NA
GEN24_1026425,Agree,NA,NA
GEN24_1026426,Agree,NA,NA
GEN24_1026427,Agree,Agree,Agree
GEN24_1026430,Don't know / Not sure,NA,NA
GEN24_1026432,Don't know / Not sure,NA,NA
GEN24_1026437,Agree,Agree,Agree
GEN24_1026440,Agree,NA,Agree
GEN24_1026443,Don't know / Not sure,NA,NA
GEN24_1026444,Disagree,NA,NA
GEN24_1026451,Agree,NA,NA
GEN24_1026460,Agree,Agree,Agree
GEN24_1026464,Disagree,NA,NA
GEN24_1026471,Agree,NA,NA
GEN24_1026472,Disagree,NA,NA
GEN24_1026477,Agree,NA,NA
GEN24_1026484,Don't know / Not sure,NA,NA
GEN24_1026488,Agree,NA,NA
GEN24_1026489,Agree,NA,NA
GEN24_1026499,Disagree,Agree,Agree
GEN24_1026500,Disagree,NA,NA
GEN24_1026502,Agree,NA,NA
GEN24_1026504,Agree,NA,NA
GEN24_1026513,Agree,Agree,Agree
GEN24_1026515,Agree,Agree,Agree
GEN24_1026516,Agree,NA,NA
GEN24_1026520,Agree,Agree,Agree
GEN24_1026521,Don't know / Not sure,NA,NA
GEN24_1026523,Agree,NA,NA
GEN24_1026526,Agree,NA,NA
GEN24_1026528,Agree,NA,NA
GEN24_1026529,Agree,NA,NA
GEN24_1026530,Agree,Agree,Agree
GEN24_1026532,Disagree,Disagree,Disagree
GEN24_1026542,Agree,NA,NA
GEN24_1026548,Agree,Agree,Agree
GEN24_1026574,Agree,NA,NA
GEN24_1026575,Don't know / Not sure,NA,NA
GEN24_1026577,Disagree,NA,NA
GEN24_1026580,Don't know / Not sure,NA,NA
GEN24_1026581,Don't know / Not sure,NA,NA
GEN24_1026586,Don't know / Not sure,Agree,Agree
GEN24_1026588,Agree,Agree,Agree
GEN24_1026598,Don't know / Not sure,NA,NA
GEN24_1026600,Don't know / Not sure,NA,NA
GEN24_1026602,Agree,NA,NA
GEN24_1026603,Disagree,Agree,Agree
GEN24_1026605,Agree,NA,NA
GEN24_1026609,Don't know / Not sure,NA,NA
GEN24_1026617,Agree,Agree,Agree
GEN24_1026619,Agree,NA,NA
GEN24_1026621,Agree,NA,NA
GEN24_1026623,Agree,Agree,Agree
GEN24_1026624,Don't know / Not sure,Agree,Agree
GEN24_1026625,Agree,NA,NA
GEN24_1026628,Don't know / Not sure,Agree,Agree
GEN24_1026630,Don't know / Not sure,NA,NA
GEN24_1026636,Agree,Agree,Agree
GEN24_1026637,Agree,NA,NA
GEN24_1026640,Disagree,NA,NA
GEN24_1026641,Don't know / Not sure,NA,NA
GEN24_1026645,Don't know / Not sure,NA,NA
GEN24_1026649,Don't know / Not sure,Agree,Agree
GEN24_1026652,Disagree,Agree,Agree
GEN24_1026653,Disagree,Agree,Agree
GEN24_1026659,Agree,NA,NA
GEN24_1026669,Agree,NA,NA
GEN24_1026687,Don't know / Not sure,NA,NA
GEN24_1026691,Agree,Agree,Agree
GEN24_1026693,Disagree,NA,NA
GEN24_1026699,Agree,Agree,Agree
GEN24_1026705,Agree,NA,NA
GEN24_1026713,Don't know / Not sure,NA,NA
GEN24_1026717,Disagree,Disagree,NA
GEN24_1026737,Agree,NA,NA
GEN24_1026740,Agree,Agree,Agree
GEN24_1026748,Agree,NA,NA
GEN24_1026767,Agree,NA,NA
GEN24_1026772,Agree,Agree,Agree
GEN24_1026776,Agree,NA,Agree
GEN24_1026779,Don't know / Not sure,Agree,Agree
GEN24_1026788,Disagree,NA,NA
GEN24_1026793,Disagree,Agree,Agree
GEN24_1026802,Don't know / Not sure,NA,NA
GEN24_1026821,Agree,NA,NA
GEN24_1026830,Don't know / Not sure,Agree,Agree
GEN24_1026837,Agree,NA,NA
GEN24_1026839,Agree,NA,NA
GEN24_1026845,Don't know / Not sure,NA,NA
GEN24_1026851,Don't know / Not sure,NA,NA
GEN24_1026858,Agree,NA,NA
GEN24_1026859,Agree,Agree,Agree
GEN24_1026862,Don't know / Not sure,NA,NA
GEN24_1026864,Agree,NA,NA
GEN24_1026868,Don't know / Not sure,NA,NA
GEN24_1026870,Agree,NA,NA
GEN24_1026875,Agree,NA,NA
GEN24_1026881,Agree,Agree,Agree
GEN24_1026885,Don't know / Not sure,NA,NA
GEN24_1026890,Agree,NA,NA
GEN24_1026893,Agree,NA,NA
GEN24_1026918,Agree,NA,NA
GEN24_1026927,Agree,Agree,Agree
GEN24_1026942,Agree,NA,NA
GEN24_1026964,Don't know / Not sure,Agree,Agree
GEN24_1026972,Agree,NA,NA
GEN24_1026973,Agree,Agree,Agree
GEN24_1026974,Disagree,NA,NA
GEN24_1026975,Agree,NA,NA
GEN24_1026977,Agree,NA,NA
GEN24_1026981,Don't know / Not sure,Agree,Agree
GEN24_1026986,Disagree,NA,NA
GEN24_1026993,Agree,NA,NA
GEN24_1027000,Don't know / Not sure,NA,NA
GEN24_1027002,Agree,Agree,Agree
GEN24_1027011,Don't know / Not sure,Agree,Agree
GEN24_1027016,Disagree,Agree,Agree
GEN24_1027018,Don't know / Not sure,Agree,Agree
GEN24_1027028,Agree,Agree,Agree
GEN24_1027033,Agree,NA,NA
GEN24_1027034,Agree,Agree,Agree
GEN24_1027037,Agree,Agree,Agree
GEN24_1027038,Don't know / Not sure,NA,NA
GEN24_1027041,Agree,NA,NA
GEN24_1027042,Agree,NA,NA
GEN24_1027049,Disagree,NA,NA
GEN24_1027060,Don't know / Not sure,NA,NA
GEN24_1027068,Don't know / Not sure,Disagree,Agree
GEN24_1027074,Disagree,NA,NA
GEN24_1027077,Don't know / Not sure,NA,NA
GEN24_1027082,Disagree,NA,NA
GEN24_1027094,Don't know / Not sure,NA,NA
GEN24_1027095,Disagree,NA,Agree
GEN24_1027096,Disagree,NA,NA
GEN24_1027099,Agree,Agree,Agree
GEN24_1027115,Disagree,NA,NA
GEN24_1027120,Agree,NA,NA
GEN24_1027127,Don't know / Not sure,NA,NA
GEN24_1027130,Agree,Agree,Agree
GEN24_1027132,Don't know / Not sure,NA,NA
GEN24_1027137,Agree,Agree,Agree
GEN24_1027140,Agree,NA,NA
GEN24_1027141,Agree,Agree,Agree
GEN24_1027144,Agree,NA,NA
GEN24_1027162,Agree,Agree,Agree
GEN24_1027164,Agree,NA,NA
GEN24_1027167,Agree,NA,NA
GEN24_1027168,Don't know / Not sure,NA,NA
GEN24_1027180,Agree,Agree,Agree
GEN24_1027181,Agree,NA,NA
GEN24_1027187,Agree,NA,NA
GEN24_1027193,Disagree,NA,NA
GEN24_1027194,Disagree,Agree,Agree
GEN24_1027197,Disagree,NA,NA
GEN24_1027199,Don't know / Not sure,NA,NA
GEN24_1027202,Disagree,NA,NA
GEN24_1027204,Don't know / Not sure,NA,NA
GEN24_1027209,Agree,NA,NA
GEN24_1027210,Don't know / Not sure,Agree,Agree
GEN24_1027218,Agree,Agree,NA
GEN24_1027221,Agree,NA,NA
GEN24_1027222,Don't know / Not sure,Agree,Agree
GEN24_1027225,Don't know / Not sure,NA,NA
GEN24_1027227,Disagree,NA,NA
GEN24_1027231,Agree,NA,NA
GEN24_1027253,Agree,NA,NA
GEN24_1027269,Agree,NA,NA
GEN24_1027274,Don't know / Not sure,NA,NA
GEN24_1027280,Don't know / Not sure,NA,NA
GEN24_1027281,Agree,NA,NA
GEN24_1027282,Agree,NA,NA
GEN24_1027285,Agree,NA,NA
GEN24_1027286,Agree,NA,NA
GEN24_1027300,Agree,Agree,Agree
GEN24_1027302,Don't know / Not sure,Agree,Agree
GEN24_1027309,Disagree,NA,NA
GEN24_1027310,Don't know / Not sure,NA,NA
GEN24_1027313,Don't know / Not sure,NA,NA
GEN24_1027314,Don't know / Not sure,NA,NA
GEN24_1027315,Agree,Agree,Agree
GEN24_1027317,Agree,Agree,NA
GEN24_1027321,Don't know / Not sure,NA,NA
GEN24_1027325,Agree,Agree,Agree
GEN24_1027328,Disagree,NA,NA
GEN24_1027331,Agree,NA,NA
GEN24_1027332,Agree,Agree,Agree
GEN24_1027333,Agree,Agree,Agree
GEN24_1027335,Agree,Agree,NA
GEN24_1027348,Agree,Agree,Agree
GEN24_1027352,Agree,NA,NA
GEN24_1027357,Agree,NA,NA
GEN24_1027359,Disagree,NA,NA
GEN24_1027363,Don't know / Not sure,NA,NA
GEN24_1027393,Don't know / Not sure,NA,NA
GEN24_1027404,Agree,Agree,Agree
GEN24_1027407,Agree,Agree,Agree
GEN24_1027410,Don't know / Not sure,NA,NA
GEN24_1027411,Disagree,NA,NA
GEN24_1027429,Agree,NA,Agree
GEN24_1027439,Don't know / Not sure,NA,NA
GEN24_1027445,Disagree,Agree,Agree
GEN24_1027451,Agree,NA,NA
GEN24_1027460,Don't know / Not sure,NA,NA
GEN24_1027462,Disagree,NA,NA
GEN24_1027466,Disagree,NA,NA
GEN24_1027474,Agree,Agree,Agree
GEN24_1027481,Disagree,NA,NA
GEN24_1027485,Disagree,NA,NA
GEN24_1027498,Agree,NA,NA
GEN24_1027499,Agree,NA,NA
GEN24_1027500,Agree,NA,NA
GEN24_1027510,Agree,NA,NA
GEN24_1027513,Agree,Agree,Agree
GEN24_1027522,Agree,Agree,Agree
GEN24_1027523,Agree,NA,NA
GEN24_1027527,Agree,Agree,Agree
GEN24_1027531,Disagree,NA,NA
GEN24_1027533,Agree,NA,NA
GEN24_1027534,Don't know / Not sure,Agree,Agree
GEN24_1027535,Agree,NA,NA
GEN24_1027541,Don't know / Not sure,NA,NA
GEN24_1027545,Don't know / Not sure,NA,NA
GEN24_1027548,Disagree,NA,NA
GEN24_1027579,Don't know / Not sure,NA,NA
GEN24_1027582,Don't know / Not sure,NA,NA
GEN24_1027584,Agree,Agree,Agree
GEN24_1027604,Don't know / Not sure,NA,NA
GEN24_1027606,Don't know / Not sure,NA,NA
GEN24_1027608,Disagree,NA,NA
GEN24_1027610,Agree,NA,NA
GEN24_1027611,Agree,NA,NA
GEN24_1027631,Disagree,NA,NA
GEN24_1027636,Don't know / Not sure,NA,NA
GEN24_1027638,Agree,Agree,Agree
GEN24_1027639,Don't know / Not sure,Agree,Agree
GEN24_1027642,Agree,Agree,Agree
GEN24_1027645,Agree,Agree,Agree
GEN24_1027646,Disagree,NA,NA
GEN24_1027651,Don't know / Not sure,NA,NA
GEN24_1027658,Disagree,NA,NA
GEN24_1027659,Agree,Agree,Agree
GEN24_1027669,Agree,Agree,Agree
GEN24_1027671,Don't know / Not sure,NA,NA
GEN24_1027675,Agree,Agree,Agree
GEN24_1027684,Disagree,NA,NA
GEN24_1027694,Agree,Agree,Agree
GEN24_1027696,Don't know / Not sure,NA,NA
GEN24_1027700,Agree,Agree,Agree
GEN24_1027705,Agree,Agree,Agree
GEN24_1027711,Don't know / Not sure,NA,NA
GEN24_1027715,Don't know / Not sure,NA,NA
GEN24_1027718,Don't know / Not sure,NA,NA
GEN24_1027721,Don't know / Not sure,NA,Agree
GEN24_1027726,Agree,NA,NA
GEN24_1027730,Disagree,NA,NA
GEN24_1027731,Disagree,NA,NA
GEN24_1027732,Disagree,NA,NA
GEN24_1027737,Disagree,NA,NA
GEN24_1027743,Disagree,NA,NA
GEN24_1027746,Agree,Agree,Agree
GEN24_1027753,Agree,Agree,Agree
GEN24_1027754,Don't know / Not sure,NA,NA
GEN24_1027756,Disagree,NA,NA
GEN24_1027759,Don't know / Not sure,NA,NA
GEN24_1027761,Agree,Agree,Agree
GEN24_1027769,Agree,Agree,Agree
GEN24_1027773,Disagree,NA,NA
GEN24_1027782,Agree,NA,NA
GEN24_1027783,Agree,NA,NA
GEN24_1027788,Don't know / Not sure,NA,NA
GEN24_1027798,Agree,NA,NA
GEN24_1027805,Agree,Agree,Agree
GEN24_1027807,Disagree,NA,NA
GEN24_1027811,Agree,NA,NA
GEN24_1027821,Don't know / Not sure,NA,NA
GEN24_1027822,Don't know / Not sure,Agree,Agree
GEN24_1027823,Agree,Agree,Agree
GEN24_1027827,Agree,NA,NA
GEN24_1027834,Disagree,NA,NA
GEN24_1027835,Agree,NA,NA
GEN24_1027839,Don't know / Not sure,NA,NA
GEN24_1027843,Disagree,NA,NA
GEN24_1027848,Disagree,NA,NA
GEN24_1027850,Agree,NA,NA
GEN24_1027853,Disagree,Agree,NA
GEN24_1027855,Agree,NA,NA
GEN24_1027867,Agree,Agree,Agree
GEN24_1027868,Agree,NA,NA
GEN24_1027874,Agree,NA,NA
GEN24_1027882,Disagree,Agree,Agree
GEN24_1027891,Don't know / Not sure,NA,NA
GEN24_1027892,Don't know / Not sure,Agree,Agree
GEN24_1027895,Agree,Agree,Agree
GEN24_1027896,Agree,Agree,Agree
GEN24_1027899,Agree,NA,NA
GEN24_1027902,Agree,Agree,Agree
GEN24_1027903,Don't know / Not sure,NA,NA
GEN24_1027907,Agree,Agree,NA
GEN24_1027908,Don't know / Not sure,NA,NA
GEN24_1027918,Agree,NA,NA
GEN24_1027931,Agree,NA,NA
GEN24_1027932,Don't know / Not sure,NA,NA
GEN24_1027943,Don't know / Not sure,NA,NA
GEN24_1027944,Agree,NA,NA
GEN24_1027946,Agree,NA,NA
GEN24_1027949,Agree,Agree,Agree
GEN24_1027954,Agree,NA,NA
GEN24_1027955,Agree,NA,NA
GEN24_1027957,Don't know / Not sure,Agree,Agree
GEN24_1027962,Agree,NA,NA
GEN24_1027963,Agree,NA,NA
GEN24_1027964,Agree,NA,NA
GEN24_1027965,Agree,NA,NA
GEN24_1027966,Agree,NA,NA
GEN24_1027971,Don't know / Not sure,NA,NA
GEN24_1027972,Disagree,NA,NA
GEN24_1027976,Agree,NA,NA
GEN24_1027977,Disagree,NA,NA
GEN24_1027982,Agree,NA,NA
GEN24_1027986,Agree,Agree,Agree
GEN24_1027987,Don't know / Not sure,NA,NA
GEN24_1027990,Don't know / Not sure,NA,NA
GEN24_1027992,Disagree,NA,NA
GEN24_1027994,Don't know / Not sure,NA,NA
GEN24_1027995,Agree,NA,NA
GEN24_1027996,Agree,Agree,Agree
GEN24_1027999,Agree,Agree,Agree
GEN24_1028000,Disagree,Agree,Agree
GEN24_1028003,Disagree,NA,NA
GEN24_1028008,Don't know / Not sure,Agree,Agree
GEN24_1028013,Agree,NA,NA
GEN24_1028015,Don't know / Not sure,NA,NA
GEN24_1028017,Disagree,NA,NA
GEN24_1028020,Don't know / Not sure,NA,Agree
GEN24_1028021,Don't know / Not sure,NA,NA
GEN24_1028026,Don't know / Not sure,Agree,Agree
GEN24_1028032,Agree,Agree,Agree
GEN24_1028037,Agree,NA,NA
GEN24_1028040,Disagree,NA,NA
GEN24_1028041,Don't know / Not sure,NA,NA
GEN24_1028043,Don't know / Not sure,NA,NA
GEN24_1028045,Disagree,Agree,Agree
GEN24_1028048,Agree,NA,NA
GEN24_1028053,Agree,NA,NA
GEN24_1028058,Agree,Agree,Agree
GEN24_1028059,Don't know / Not sure,Agree,Agree
GEN24_1028071,Don't know / Not sure,NA,NA
GEN24_1028090,Agree,Agree,Agree
GEN24_1028093,Don't know / Not sure,Agree,Agree
GEN24_1028098,Agree,NA,NA
GEN24_1028100,Agree,Agree,Agree
GEN24_1028101,Agree,NA,NA
GEN24_1028107,Don't know / Not sure,NA,NA
GEN24_1028123,Agree,NA,NA
GEN24_1028126,Agree,Agree,Agree
GEN24_1028131,Don't know / Not sure,NA,NA
GEN24_1028143,Agree,NA,NA
GEN24_1028155,Agree,Agree,Agree
GEN24_1028157,Agree,NA,NA
GEN24_1028162,Agree,NA,NA
GEN24_1028163,Agree,NA,NA
GEN24_1028164,Disagree,NA,NA
GEN24_1028166,Don't know / Not sure,NA,NA
GEN24_1028167,Agree,NA,NA
GEN24_1028168,Don't know / Not sure,NA,NA
GEN24_1028170,Agree,NA,NA
GEN24_1028172,Agree,NA,NA
GEN24_1028173,Don't know / Not sure,NA,NA
GEN24_1028177,Don't know / Not sure,NA,NA
GEN24_1028178,Disagree,Agree,Agree
GEN24_1028186,Agree,Agree,Agree
GEN24_1028189,Agree,NA,NA
GEN24_1028191,Agree,NA,NA
GEN24_1028198,Disagree,NA,NA
GEN24_1028199,Agree,NA,NA
GEN24_1028203,Don't know / Not sure,NA,NA
GEN24_1028217,Agree,Agree,Agree
GEN24_1028218,Agree,NA,NA
GEN24_1028224,Don't know / Not sure,NA,NA
GEN24_1028242,Agree,NA,NA
GEN24_1028248,Agree,NA,NA
GEN24_1028250,Agree,Agree,Agree
GEN24_1028256,Disagree,Agree,Agree
GEN24_1028265,Agree,NA,NA
GEN24_1028267,Disagree,NA,NA
GEN24_1028276,Don't know / Not sure,NA,NA
GEN24_1028280,Don't know / Not sure,NA,NA
GEN24_1028289,Agree,Agree,Agree
GEN24_1028296,Don't know / Not sure,NA,NA
GEN24_1028302,Agree,NA,NA
GEN24_1028306,Agree,NA,NA
GEN24_1028309,Agree,NA,NA
GEN24_1028312,Agree,Agree,Agree
GEN24_1028317,Agree,NA,NA
GEN24_1028319,Don't know / Not sure,Agree,Agree
GEN24_1028321,Agree,Disagree,NA
GEN24_1028324,Don't know / Not sure,NA,NA
GEN24_1028325,Agree,NA,NA
GEN24_1028326,Agree,Agree,Agree
GEN24_1028330,Agree,NA,NA
GEN24_1028331,Don't know / Not sure,NA,NA
GEN24_1028335,Agree,Agree,Agree
GEN24_1028338,Disagree,NA,NA
GEN24_1028343,Agree,Agree,Agree
GEN24_1028344,Don't know / Not sure,NA,NA
GEN24_1028347,Agree,NA,NA
GEN24_1028349,Disagree,NA,NA
GEN24_1028354,Agree,Disagree,Agree
GEN24_1028361,Agree,Agree,Agree
GEN24_1028368,Agree,NA,NA
GEN24_1028376,Agree,NA,NA
GEN24_1028377,Agree,Agree,Agree
GEN24_1028379,Disagree,NA,NA
GEN24_1028380,Agree,NA,NA
GEN24_1028384,Agree,NA,NA
GEN24_1028390,Agree,NA,NA
GEN24_1028391,Agree,NA,NA
GEN24_1028393,Disagree,NA,NA
GEN24_1028395,Agree,Agree,Agree
GEN24_1028396,Disagree,NA,NA
GEN24_1028404,Don't know / Not sure,NA,NA
GEN24_1028407,Disagree,NA,NA
GEN24_1028408,Don't know / Not sure,Agree,Agree
GEN24_1028409,Disagree,NA,NA
GEN24_1028417,Agree,Agree,Agree
GEN24_1028434,Agree,NA,NA
GEN24_1028435,Agree,Agree,Agree
GEN24_1028436,Don't know / Not sure,NA,NA
GEN24_1028437,Agree,NA,NA
GEN24_1028440,Agree,Agree,Agree
GEN24_1028441,Agree,Agree,Agree
GEN24_1028446,Don't know / Not sure,NA,NA
GEN24_1028448,Disagree,NA,NA
GEN24_1028451,Agree,Agree,Agree
GEN24_1028455,Don't know / Not sure,NA,NA
GEN24_1028459,Agree,NA,NA
GEN24_1028472,Disagree,NA,NA
GEN24_1028476,Disagree,Agree,Agree
GEN24_1028485,Disagree,NA,NA
GEN24_1028491,Agree,NA,NA
GEN24_1028492,Agree,NA,NA
GEN24_1028496,Agree,NA,NA
GEN24_1028505,Don't know / Not sure,NA,NA
GEN24_1028506,Disagree,NA,NA
GEN24_1028510,Agree,Agree,Agree
GEN24_1028517,Agree,NA,NA
GEN24_1028519,Don't know / Not sure,NA,NA
GEN24_1028520,Don't know / Not sure,NA,NA
GEN24_1028524,Don't know / Not sure,NA,NA
GEN24_1028529,Agree,NA,NA
GEN24_1028530,Don't know / Not sure,NA,NA
GEN24_1028532,Don't know / Not sure,NA,NA
GEN24_1028534,Agree,Agree,Agree
GEN24_1028535,Agree,Agree,Agree
GEN24_1028537,Agree,NA,NA
GEN24_1028561,Don't know / Not sure,NA,NA
GEN24_1028562,Agree,Agree,Agree
GEN24_1028575,Disagree,NA,NA
GEN24_1028579,Agree,NA,NA
GEN24_1028581,Disagree,NA,NA
GEN24_1028588,Agree,NA,NA
GEN24_1028599,Don't know / Not sure,NA,NA
GEN24_1028601,Don't know / Not sure,NA,NA
GEN24_1028611,Agree,NA,NA
GEN24_1028618,Agree,NA,NA
GEN24_1028629,Agree,NA,NA
GEN24_1028635,Agree,NA,NA
GEN24_1028636,Agree,NA,NA
GEN24_1028645,Disagree,NA,NA
GEN24_1028648,Agree,NA,NA
GEN24_1028679,Don't know / Not sure,Agree,Agree
GEN24_1028680,Agree,Agree,Agree
GEN24_1028684,Agree,Agree,Agree
GEN24_1028688,Agree,Agree,Agree
GEN24_1028691,Disagree,NA,NA
GEN24_1028719,Agree,NA,NA
GEN24_1028720,Agree,NA,NA
GEN24_1028722,Agree,NA,NA
GEN24_1028733,Agree,NA,NA
GEN24_1028745,Disagree,NA,NA
GEN24_1028748,Agree,NA,NA
GEN24_1028750,Agree,NA,NA
GEN24_1028754,Agree,Agree,Agree
GEN24_1028755,Agree,NA,Agree
GEN24_1028756,Agree,Agree,Agree
GEN24_1028760,Agree,Agree,Agree
GEN24_1028769,Agree,NA,NA
GEN24_1028777,Disagree,Agree,Agree
GEN24_1028778,Don't know / Not sure,NA,NA
GEN24_1028783,Don't know / Not sure,NA,NA
GEN24_1028784,Don't know / Not sure,NA,NA
GEN24_1028791,Disagree,NA,Agree
GEN24_1028792,Disagree,NA,NA
GEN24_1028793,Agree,NA,NA
GEN24_1028797,Agree,NA,NA
GEN24_1028804,Disagree,NA,NA
GEN24_1028810,Disagree,NA,NA
GEN24_1028824,Agree,Agree,Agree
GEN24_1028828,Disagree,NA,NA
GEN24_1028835,Disagree,Disagree,Disagree
GEN24_1028837,Disagree,NA,NA
GEN24_1028838,Agree,NA,NA
GEN24_1028841,Don't know / Not sure,NA,NA
GEN24_1028842,Don't know / Not sure,Agree,Agree
GEN24_1028852,Agree,NA,NA
GEN24_1028862,Don't know / Not sure,Agree,Agree
GEN24_1028867,Don't know / Not sure,Agree,Agree
GEN24_1028876,Agree,NA,NA
GEN24_1028887,Agree,Agree,NA
GEN24_1028898,Don't know / Not sure,NA,NA
GEN24_1028901,Don't know / Not sure,NA,NA
GEN24_1028903,Agree,NA,NA
GEN24_1028908,Don't know / Not sure,Agree,Agree
GEN24_1028913,Agree,Agree,Agree
GEN24_1028914,Disagree,NA,NA
GEN24_1028916,Don't know / Not sure,NA,NA
GEN24_1028919,Agree,NA,Agree
GEN24_1028925,Agree,NA,NA
GEN24_1028937,Agree,Agree,Agree
GEN24_1028943,Agree,NA,NA
GEN24_1028946,Agree,NA,NA
GEN24_1028947,Don't know / Not sure,NA,NA
GEN24_1028949,Don't know / Not sure,NA,NA
GEN24_1028950,Don't know / Not sure,NA,NA
GEN24_1028955,Don't know / Not sure,NA,NA
GEN24_1028957,Agree,NA,NA
GEN24_1028958,Agree,Agree,Agree
GEN24_1028967,Don't know / Not sure,NA,NA
GEN24_1028970,Agree,Agree,Agree
GEN24_1028972,Agree,NA,NA
GEN24_1028976,Agree,Agree,Agree
GEN24_1028977,Disagree,NA,Agree
GEN24_1028979,Agree,Agree,Agree
GEN24_1028986,Agree,Agree,Agree
GEN24_1028988,Disagree,NA,NA
GEN24_1028989,Agree,NA,NA
GEN24_1028990,Agree,Agree,Agree
GEN24_1028991,Don't know / Not sure,NA,NA
GEN24_1028994,Agree,Agree,Agree
GEN24_1029000,Agree,NA,NA
GEN24_1029001,Disagree,NA,NA
GEN24_1029008,Agree,NA,NA
GEN24_1029009,Agree,Agree,Agree
GEN24_1029010,Agree,Agree,Agree
GEN24_1029014,Don't know / Not sure,NA,NA
GEN24_1029018,Agree,NA,NA
GEN24_1029019,Don't know / Not sure,NA,NA
GEN24_1029025,Agree,NA,NA
GEN24_1029035,Agree,Agree,Agree
GEN24_1029038,Don't know / Not sure,NA,NA
GEN24_1029042,Agree,Agree,Agree
GEN24_1029043,Disagree,NA,NA
GEN24_1029044,Agree,NA,NA
GEN24_1029054,Disagree,NA,NA
GEN24_1029057,Agree,Agree,Agree
GEN24_1029062,Agree,Agree,NA
GEN24_1029063,Don't know / Not sure,NA,NA
GEN24_1029064,Agree,NA,Agree
GEN24_1029069,Agree,NA,NA
GEN24_1029072,Disagree,NA,NA
GEN24_1029075,Agree,Agree,Agree
GEN24_1029084,Agree,Agree,Agree
GEN24_1029085,Agree,NA,NA
GEN24_1029086,Agree,NA,NA
GEN24_1029091,Agree,NA,NA
GEN24_1029092,Don't know / Not sure,NA,NA
GEN24_1029094,Agree,NA,NA
GEN24_1029097,Agree,NA,NA
GEN24_1029102,Agree,NA,NA
GEN24_1029103,Don't know / Not sure,NA,NA
GEN24_1029114,Agree,NA,NA
GEN24_1029125,Agree,NA,NA
GEN24_1029133,Agree,Agree,Agree
GEN24_1029135,Agree,NA,NA
GEN24_1029139,Agree,NA,NA
GEN24_1029141,Don't know / Not sure,NA,NA
GEN24_1029144,Agree,Agree,Agree
GEN24_1029153,Agree,NA,NA
GEN24_1029154,Disagree,NA,NA
GEN24_1029156,Agree,NA,NA
GEN24_1029160,Agree,NA,NA
GEN24_1029170,Agree,Agree,Agree
GEN24_1029176,Agree,Agree,Agree
GEN24_1029179,Don't know / Not sure,NA,NA
GEN24_1029180,Agree,Agree,Agree
GEN24_1029185,Disagree,NA,NA
GEN24_1029186,Disagree,NA,NA
GEN24_1029199,Agree,Agree,Agree
GEN24_1029200,Don't know / Not sure,NA,NA
GEN24_1029201,Agree,NA,NA
GEN24_1029203,Disagree,NA,NA
GEN24_1029206,Agree,Agree,Agree
GEN24_1029207,Don't know / Not sure,NA,NA
GEN24_1029241,Disagree,NA,NA
GEN24_1029243,Agree,Agree,Agree
GEN24_1029247,Agree,NA,NA
GEN24_1029259,Agree,NA,NA
GEN24_1029271,Agree,NA,NA
GEN24_1029273,Disagree,NA,NA
GEN24_1029279,Agree,Agree,Agree
GEN24_1029312,Agree,Agree,Agree
GEN24_1029319,Don't know / Not sure,NA,NA
GEN24_1029320,Agree,NA,NA
GEN24_1029329,Don't know / Not sure,Agree,Agree
GEN24_1029332,Don't know / Not sure,NA,NA
GEN24_1029333,Don't know / Not sure,NA,Disagree
GEN24_1029334,Agree,Agree,Agree
GEN24_1029338,Don't know / Not sure,NA,NA
GEN24_1029346,Don't know / Not sure,NA,NA
GEN24_1029348,Disagree,NA,NA
GEN24_1029349,Agree,NA,NA
GEN24_1029352,Disagree,NA,NA
GEN24_1029356,Disagree,NA,NA
GEN24_1029361,Don't know / Not sure,NA,NA
GEN24_1029364,Agree,NA,NA
GEN24_1029366,Don't know / Not sure,NA,NA
GEN24_1029373,Disagree,Agree,Agree
GEN24_1029375,Agree,Agree,Agree
GEN24_1029376,Don't know / Not sure,NA,Agree
GEN24_1029381,Don't know / Not sure,NA,NA
GEN24_1029387,Agree,Agree,Agree
GEN24_1029390,Agree,Agree,Agree
GEN24_1029392,Agree,NA,NA
GEN24_1029393,Agree,Agree,Agree
GEN24_1029399,Don't know / Not sure,NA,NA
GEN24_1029401,Agree,Agree,Agree
GEN24_1029405,Don't know / Not sure,NA,NA
GEN24_1029428,Agree,Agree,Agree
GEN24_1029430,Agree,NA,NA
GEN24_1029439,Agree,Agree,Agree
GEN24_1029443,Agree,Agree,Agree
GEN24_1029448,Don't know / Not sure,NA,NA
GEN24_1029455,Agree,NA,NA
GEN24_1029456,Don't know / Not sure,NA,NA
GEN24_1029457,Disagree,NA,NA
GEN24_1029465,Agree,NA,Agree
GEN24_1029480,Disagree,Agree,Agree
GEN24_1029482,Agree,NA,NA
GEN24_1029485,Agree,NA,NA
GEN24_1029492,Don't know / Not sure,Agree,Agree
GEN24_1029495,Agree,NA,NA
GEN24_1029501,Don't know / Not sure,NA,NA
GEN24_1029505,Don't know / Not sure,NA,NA
GEN24_1029506,Agree,NA,NA
GEN24_1029509,Agree,NA,Agree
GEN24_1029522,Agree,Agree,Agree
GEN24_1029524,Agree,NA,NA
GEN24_1029526,Agree,NA,NA
GEN24_1029527,Agree,Agree,Agree
GEN24_1029531,Agree,NA,NA
GEN24_1029535,Agree,NA,NA
GEN24_1029540,Agree,NA,NA
GEN24_1029543,Agree,NA,NA
GEN24_1029549,Agree,Agree,Agree
GEN24_1029554,Agree,NA,NA
GEN24_1029555,Agree,NA,NA
GEN24_1029556,Agree,NA,NA
GEN24_1029558,Agree,Agree,Agree
GEN24_1029565,Agree,NA,NA
GEN24_1029566,Don't know / Not sure,NA,NA
GEN24_1029569,Agree,NA,NA
GEN24_1029571,Agree,NA,NA
GEN24_1029575,Disagree,NA,NA
GEN24_1029577,Don't know / Not sure,NA,NA
GEN24_1029580,Agree,NA,NA
GEN24_1029587,Agree,Agree,Agree
GEN24_1029588,Disagree,NA,NA
GEN24_1029590,Disagree,Agree,Agree
GEN24_1029598,Agree,Agree,Agree
GEN24_1029604,Disagree,NA,NA
GEN24_1029610,Disagree,NA,NA
GEN24_1029612,Agree,NA,NA
GEN24_1029614,Agree,NA,NA
GEN24_1029632,Agree,Agree,Agree
GEN24_1029633,Don't know / Not sure,NA,NA
GEN24_1029637,Agree,NA,NA
GEN24_1029641,Don't know / Not sure,NA,NA
GEN24_1029643,Agree,Agree,Agree
GEN24_1029656,Agree,NA,NA
GEN24_1029660,Don't know / Not sure,NA,NA
GEN24_1029662,Disagree,NA,NA
GEN24_1029667,Disagree,NA,NA
GEN24_1029669,Agree,Agree,Agree
GEN24_1029676,Don't know / Not sure,NA,NA
GEN24_1029681,Disagree,NA,NA
GEN24_1029683,Don't know / Not sure,NA,NA
GEN24_1029687,Agree,NA,NA
GEN24_1029688,Agree,NA,NA
GEN24_1029691,Don't know / Not sure,NA,NA
GEN24_1029692,Don't know / Not sure,NA,NA
GEN24_1029693,Disagree,NA,NA
GEN24_1029694,Agree,NA,NA
GEN24_1029695,Agree,NA,NA
GEN24_1029713,Agree,NA,NA
GEN24_1029723,Agree,NA,NA
GEN24_1029731,Don't know / Not sure,NA,NA
GEN24_1029732,Agree,NA,NA
GEN24_1029741,Agree,NA,NA
GEN24_1029748,Agree,NA,NA
GEN24_1029750,Agree,NA,NA
GEN24_1029752,Disagree,NA,NA
GEN24_1029755,Agree,NA,NA
GEN24_1029767,Don't know / Not sure,NA,NA
GEN24_1029769,Don't know / Not sure,NA,NA
GEN24_1029771,Agree,NA,NA
GEN24_1029774,Agree,NA,NA
GEN24_1029775,Agree,NA,NA
GEN24_1029779,Don't know / Not sure,NA,NA
GEN24_1029782,Agree,Agree,Agree
GEN24_1029783,Agree,Agree,Agree
GEN24_1029787,Agree,NA,Agree
GEN24_1029789,Don't know / Not sure,NA,NA
GEN24_1029792,Agree,Agree,Agree
GEN24_1029795,Agree,NA,NA
GEN24_1029833,Agree,NA,NA
GEN24_1029836,Agree,NA,NA
GEN24_1029840,Disagree,NA,NA
GEN24_1029842,Agree,Agree,Agree
GEN24_1029846,Agree,NA,NA
GEN24_1029847,Disagree,NA,NA
GEN24_1029857,Don't know / Not sure,Agree,NA
GEN24_1029865,Agree,Agree,Agree
GEN24_1029875,Agree,NA,NA
GEN24_1029876,Agree,Agree,Agree
GEN24_1029877,Disagree,NA,NA
GEN24_1029887,Agree,Agree,Agree
GEN24_1029891,Agree,NA,NA
GEN24_1029893,Agree,Agree,Agree
GEN24_1029894,Agree,NA,NA
GEN24_1029905,Disagree,NA,NA
GEN24_1029911,Agree,NA,NA
GEN24_1029926,Agree,NA,NA
GEN24_1029930,Disagree,Agree,Agree
GEN24_1029933,Agree,NA,NA
GEN24_1029950,Agree,NA,NA
GEN24_1029957,Agree,NA,NA
GEN24_1029972,Disagree,NA,NA
GEN24_1029973,Disagree,Agree,Agree
GEN24_1029980,Agree,Agree,Agree
GEN24_1029989,Agree,NA,NA
GEN24_1029996,Agree,NA,NA
GEN24_1029997,Agree,NA,NA
GEN24_1029998,Agree,NA,NA
GEN24_1029999,Don't know / Not sure,NA,NA
GEN24_1030002,Disagree,Agree,Agree
GEN24_1030005,Disagree,NA,NA
GEN24_1030010,Agree,Agree,Agree
GEN24_1030018,Agree,NA,NA
GEN24_1030020,Agree,NA,NA
GEN24_1030021,Agree,NA,NA
GEN24_1030029,Agree,NA,NA
GEN24_1030052,Disagree,NA,NA
GEN24_1030055,Agree,Agree,Agree
GEN24_1030056,Disagree,NA,Disagree
GEN24_1030059,Disagree,Agree,Agree
GEN24_1030063,Disagree,NA,NA
GEN24_1030064,Agree,Agree,Agree
GEN24_1030067,Disagree,NA,NA
GEN24_1030076,Don't know / Not sure,Agree,Agree
GEN24_1030078,Disagree,NA,NA
GEN24_1030087,Agree,NA,NA
GEN24_1030094,Agree,NA,NA
GEN24_1030106,Agree,Agree,Agree
GEN24_1030112,Disagree,Agree,NA
GEN24_1030120,Agree,Disagree,NA
GEN24_1030121,Don't know / Not sure,NA,NA
GEN24_1030122,Don't know / Not sure,NA,NA
GEN24_1030123,Disagree,Agree,Agree
GEN24_1030125,Agree,NA,NA
GEN24_1030128,Disagree,NA,NA
GEN24_1030133,Don't know / Not sure,NA,NA
GEN24_1030136,Disagree,NA,NA
GEN24_1030141,Don't know / Not sure,NA,NA
GEN24_1030148,Disagree,NA,NA
GEN24_1030149,Agree,NA,NA
GEN24_1030168,Agree,NA,NA
GEN24_1030177,Disagree,NA,NA
GEN24_1030183,Disagree,Agree,Agree
GEN24_1030198,Don't know / Not sure,NA,NA
GEN24_1030199,Agree,Agree,Agree
GEN24_1030202,Disagree,NA,NA
GEN24_1030220,Agree,NA,NA
GEN24_1030221,Agree,NA,NA
GEN24_1030224,Disagree,NA,NA
GEN24_1030238,Agree,Agree,Agree
GEN24_1030241,Agree,NA,NA
GEN24_1030242,Don't know / Not sure,NA,NA
GEN24_1030249,Don't know / Not sure,NA,NA
GEN24_1030251,Disagree,NA,NA
GEN24_1030253,Disagree,NA,NA
GEN24_1030255,Don't know / Not sure,NA,NA
GEN24_1030256,Agree,Agree,Agree
GEN24_1030259,Don't know / Not sure,NA,NA
GEN24_1030261,Agree,NA,NA
GEN24_1030264,Don't know / Not sure,NA,NA
GEN24_1030270,Don't know / Not sure,Disagree,Agree
GEN24_1030273,Agree,NA,NA
GEN24_1030287,Don't know / Not sure,NA,NA
GEN24_1030291,Disagree,NA,NA
GEN24_1030293,Don't know / Not sure,NA,NA
GEN24_1030295,Don't know / Not sure,Agree,Agree
GEN24_1030296,Agree,NA,NA
GEN24_1030299,Disagree,NA,NA
GEN24_1030308,Agree,NA,NA
GEN24_1030310,Agree,Agree,Agree
GEN24_1030312,Disagree,Agree,Agree
GEN24_1030325,Don't know / Not sure,NA,Agree
GEN24_1030327,Disagree,NA,NA
GEN24_1030332,Agree,Agree,NA
GEN24_1030337,Don't know / Not sure,NA,NA
GEN24_1030358,Agree,Agree,Agree
GEN24_1030380,Disagree,NA,NA
GEN24_1030388,Don't know / Not sure,NA,NA
GEN24_1030389,Don't know / Not sure,NA,NA
GEN24_1030391,Agree,Agree,Agree
GEN24_1030396,Don't know / Not sure,NA,NA
GEN24_1030399,Agree,Agree,Agree
GEN24_1030407,Disagree,Agree,Agree
GEN24_1030411,Don't know / Not sure,NA,NA
GEN24_1030414,Don't know / Not sure,Agree,Agree
GEN24_1030419,Agree,Agree,Agree
GEN24_1030441,Agree,Agree,Agree
GEN24_1030444,Don't know / Not sure,NA,NA
GEN24_1030446,Don't know / Not sure,Agree,Agree
GEN24_1030469,Don't know / Not sure,NA,NA
GEN24_1030474,Agree,NA,NA
GEN24_1030477,Don't know / Not sure,NA,NA
GEN24_1030480,Don't know / Not sure,NA,NA
GEN24_1030481,Agree,NA,NA
GEN24_1030483,Agree,Agree,Agree
GEN24_1030484,Disagree,Agree,Agree
GEN24_1030485,Don't know / Not sure,NA,NA
GEN24_1030486,Agree,Agree,Agree
GEN24_1030489,Agree,Agree,Agree
GEN24_1030492,Agree,NA,NA
GEN24_1030497,Agree,Agree,Agree
GEN24_1030502,Agree,NA,NA
GEN24_1030525,Don't know / Not sure,Agree,Agree
GEN24_1030530,Disagree,NA,NA
GEN24_1030534,Agree,Agree,Agree
GEN24_1030539,Agree,NA,NA
GEN24_1030542,Disagree,NA,NA
GEN24_1030546,Agree,NA,NA
GEN24_1030554,Disagree,NA,NA
GEN24_1030557,Agree,NA,NA
GEN24_1030563,Disagree,NA,NA
GEN24_1030565,Don't know / Not sure,NA,NA
GEN24_1030567,Don't know / Not sure,NA,NA
GEN24_1030569,Agree,NA,NA
GEN24_1030571,Agree,NA,NA
GEN24_1030573,Don't know / Not sure,NA,NA
GEN24_1030579,Agree,Agree,Agree
GEN24_1030580,Agree,NA,NA
GEN24_1030585,Agree,Agree,Agree
GEN24_1030586,Agree,Agree,Agree
GEN24_1030588,Disagree,NA,NA
GEN24_1030592,Agree,NA,NA
GEN24_1030602,Disagree,NA,NA
GEN24_1030616,Don't know / Not sure,NA,NA
GEN24_1030620,Disagree,NA,NA
GEN24_1030623,Agree,NA,NA
GEN24_1030624,Don't know / Not sure,NA,NA
GEN24_1030630,Don't know / Not sure,NA,NA
GEN24_1030633,Agree,Agree,Agree
GEN24_1030636,Agree,Agree,Agree
GEN24_1030638,Agree,Agree,Agree
GEN24_1030639,Agree,NA,NA
GEN24_1030642,Disagree,NA,NA
GEN24_1030645,Don't know / Not sure,NA,NA
GEN24_1030646,Agree,NA,NA
GEN24_1030647,Don't know / Not sure,NA,NA
GEN24_1030648,Disagree,NA,NA
GEN24_1030651,Agree,Agree,Agree
GEN24_1030655,Agree,NA,NA
GEN24_1030657,Don't know / Not sure,NA,NA
GEN24_1030658,Agree,Agree,Agree
GEN24_1030661,Agree,Agree,Agree
GEN24_1030694,Agree,NA,NA
GEN24_1030695,Don't know / Not sure,NA,NA
GEN24_1030697,Agree,NA,NA
GEN24_1030704,Agree,NA,NA
GEN24_1030706,Agree,NA,NA
GEN24_1030721,Disagree,NA,NA
GEN24_1030725,Don't know / Not sure,NA,NA
GEN24_1030726,Agree,Agree,Agree
GEN24_1030732,Don't know / Not sure,NA,NA
GEN24_1030738,Don't know / Not sure,NA,NA
GEN24_1030755,Agree,Agree,Agree
GEN24_1030760,Agree,NA,NA
GEN24_1030761,Don't know / Not sure,Agree,Agree
GEN24_1030764,Don't know / Not sure,NA,NA
GEN24_1030765,Agree,NA,Agree
GEN24_1030776,Agree,NA,NA
GEN24_1030789,Agree,Agree,Agree
GEN24_1030797,Agree,NA,NA
GEN24_1030800,Agree,Agree,Agree
GEN24_1030809,Disagree,NA,NA
GEN24_1030812,Agree,Agree,Agree
GEN24_1030815,Agree,NA,NA
GEN24_1030819,Agree,NA,NA
GEN24_1030821,Disagree,NA,NA
GEN24_1030835,Don't know / Not sure,NA,NA
GEN24_1030840,Agree,NA,NA
GEN24_1030851,Disagree,NA,NA
GEN24_1030852,Agree,NA,NA
GEN24_1030855,Agree,Agree,Agree
GEN24_1030856,Don't know / Not sure,NA,NA
GEN24_1030874,Don't know / Not sure,NA,NA
GEN24_1030894,Agree,NA,NA
GEN24_1030900,Agree,NA,Agree
GEN24_1030907,Don't know / Not sure,NA,NA
GEN24_1030908,Agree,NA,NA
GEN24_1030909,Don't know / Not sure,NA,NA
GEN24_1030914,Agree,NA,NA
GEN24_1030918,Agree,NA,NA
GEN24_1030935,Don't know / Not sure,NA,NA
GEN24_1030948,Agree,NA,NA
GEN24_1030951,Don't know / Not sure,NA,NA
GEN24_1030953,Disagree,NA,NA
GEN24_1031001,Agree,NA,NA
GEN24_1031003,Agree,Agree,Agree
GEN24_1031013,Don't know / Not sure,Agree,Agree
GEN24_1031014,Disagree,NA,NA
GEN24_1031017,Agree,NA,NA
GEN24_1031025,Agree,NA,NA
GEN24_1031027,Agree,NA,NA
GEN24_1031036,Agree,Agree,NA
GEN24_1031042,Agree,NA,NA
GEN24_1031044,Don't know / Not sure,NA,NA
GEN24_1031045,Agree,Agree,Agree
GEN24_1031050,Agree,Agree,Agree
GEN24_1031060,Disagree,NA,NA
GEN24_1031068,Don't know / Not sure,NA,NA
GEN24_1031070,Don't know / Not sure,NA,NA
GEN24_1031071,Don't know / Not sure,NA,NA
GEN24_1031075,Disagree,NA,NA
GEN24_1031078,Agree,Agree,Agree
GEN24_1031079,Agree,NA,NA
GEN24_1031081,Disagree,NA,NA
GEN24_1031082,Don't know / Not sure,NA,NA
GEN24_1031097,Disagree,Agree,Agree
GEN24_1031106,Agree,Agree,Agree
GEN24_1031113,Agree,Agree,Agree
GEN24_1031114,Disagree,NA,NA
GEN24_1031125,Disagree,NA,NA
GEN24_1031126,Agree,NA,NA
GEN24_1031129,Disagree,NA,NA
GEN24_1031135,Disagree,NA,NA
GEN24_1031138,Agree,NA,Agree
GEN24_1031151,Don't know / Not sure,NA,NA
GEN24_1031157,Disagree,NA,NA
GEN24_1031161,Don't know / Not sure,NA,NA
GEN24_1031172,Agree,Agree,Agree
GEN24_1031176,Agree,NA,NA
GEN24_1031178,Agree,NA,NA
GEN24_1031179,Agree,NA,NA
GEN24_1031182,Agree,Agree,Agree
GEN24_1031191,Agree,NA,NA
GEN24_1031195,Agree,NA,NA
GEN24_1031199,Agree,NA,NA
GEN24_1031215,Agree,Agree,Agree
GEN24_1031218,Agree,NA,NA
GEN24_1031220,Don't know / Not sure,Agree,Agree
GEN24_1031223,Agree,NA,NA
GEN24_1031230,Disagree,NA,NA
GEN24_1031236,Don't know / Not sure,NA,NA
GEN24_1031240,Disagree,NA,NA
GEN24_1031242,Don't know / Not sure,NA,NA
GEN24_1031258,Agree,NA,NA
GEN24_1031270,Don't know / Not sure,NA,NA
GEN24_1031274,Agree,NA,NA
GEN24_1031280,Disagree,Disagree,Agree
GEN24_1031285,Disagree,NA,NA
GEN24_1031291,Don't know / Not sure,NA,NA
GEN24_1031305,Agree,Agree,Agree
GEN24_1031307,Agree,NA,NA
GEN24_1031314,Disagree,NA,NA
GEN24_1031317,Agree,NA,NA
GEN24_1031329,Agree,Agree,Agree
GEN24_1031341,Disagree,NA,NA
GEN24_1031345,Agree,NA,NA
GEN24_1031363,Agree,NA,NA
GEN24_1031372,Disagree,NA,NA
GEN24_1031393,Disagree,NA,NA
GEN24_1031397,Don't know / Not sure,NA,NA
GEN24_1031405,Don't know / Not sure,NA,NA
GEN24_1031408,Agree,Agree,Agree
GEN24_1031410,Agree,Agree,Agree
GEN24_1031414,Agree,NA,NA
GEN24_1031416,Agree,Agree,Agree
GEN24_1031444,Don't know / Not sure,Agree,Agree
GEN24_1031445,Disagree,Agree,Agree
GEN24_1031448,Don't know / Not sure,NA,NA
GEN24_1031449,Agree,NA,NA
GEN24_1031453,Agree,NA,NA
GEN24_1031455,Disagree,NA,NA
GEN24_1031461,Agree,NA,NA
GEN24_1031464,Agree,NA,NA
GEN24_1031467,Don't know / Not sure,NA,NA
GEN24_1031476,Agree,Agree,Agree
GEN24_1031479,Disagree,Agree,Agree
GEN24_1031501,Don't know / Not sure,Agree,Agree
GEN24_1031502,Don't know / Not sure,NA,NA
GEN24_1031506,Agree,Agree,Agree
GEN24_1031507,Agree,NA,NA
GEN24_1031511,Agree,NA,NA
GEN24_1031512,Agree,NA,NA
GEN24_1031514,Don't know / Not sure,NA,NA
GEN24_1031519,Disagree,NA,NA
GEN24_1031520,Agree,Agree,Agree
GEN24_1031524,Agree,NA,NA
GEN24_1031528,Agree,NA,NA
GEN24_1031529,Disagree,NA,NA
GEN24_1031535,Agree,NA,NA
GEN24_1031538,Don't know / Not sure,Agree,Agree
GEN24_1031542,Agree,Agree,Agree
GEN24_1031545,Agree,Agree,Agree
GEN24_1031548,Don't know / Not sure,NA,NA
GEN24_1031553,Don't know / Not sure,NA,NA
GEN24_1031562,Agree,NA,NA
GEN24_1031566,Don't know / Not sure,Agree,Agree
GEN24_1031569,Agree,NA,NA
GEN24_1031574,Don't know / Not sure,Agree,Agree
GEN24_1031619,Agree,NA,NA
GEN24_1031630,Agree,NA,NA
GEN24_1031637,Agree,NA,NA
GEN24_1031640,Agree,Agree,Agree
GEN24_1031650,Agree,NA,NA
GEN24_1031670,Disagree,NA,NA
GEN24_1031680,Agree,NA,Agree
GEN24_1031719,Agree,NA,NA
GEN24_1031725,Agree,NA,NA
GEN24_1031744,Don't know / Not sure,NA,NA
GEN24_1031777,Agree,Agree,Agree
GEN24_1031779,Agree,NA,NA
GEN24_1031780,Don't know / Not sure,NA,NA
GEN24_1031784,Agree,NA,NA
GEN24_1031791,Don't know / Not sure,NA,NA
GEN24_1031801,Agree,Agree,Agree
GEN24_1031806,Agree,Agree,Agree
GEN24_1031828,Disagree,Disagree,Agree
GEN24_1031840,Disagree,NA,NA
GEN24_1031843,Don't know / Not sure,Agree,Agree
GEN24_1031866,Don't know / Not sure,NA,NA
GEN24_1031869,Agree,Agree,Agree
GEN24_1031877,Agree,NA,NA
GEN24_1031890,Don't know / Not sure,NA,NA
GEN24_1031895,Disagree,NA,NA
GEN24_1031905,Agree,NA,NA
GEN24_1031911,Agree,NA,NA
GEN24_1031912,Agree,Agree,Agree
GEN24_1031914,Don't know / Not sure,Agree,Agree
GEN24_1031918,Disagree,Agree,Agree
GEN24_1031924,Agree,Agree,Agree
GEN24_1031931,Disagree,NA,NA
GEN24_1031932,Agree,Agree,Agree
GEN24_1031933,Don't know / Not sure,NA,NA
GEN24_1031982,Agree,Agree,Agree
GEN24_1031983,Agree,NA,NA
GEN24_1032020,Agree,NA,NA
GEN24_1032023,Don't know / Not sure,NA,NA
GEN24_1032027,Agree,NA,NA
GEN24_1032030,Agree,NA,NA
GEN24_1032054,Agree,Agree,Agree
GEN24_1032102,Don't know / Not sure,NA,NA
GEN24_1032122,Don't know / Not sure,NA,NA
GEN24_1032125,Agree,NA,NA
GEN24_1032126,Don't know / Not sure,NA,NA
GEN24_1032131,Agree,NA,NA
GEN24_1032135,Agree,Agree,Agree
GEN24_1032137,Disagree,NA,NA
GEN24_1032141,Agree,Agree,Agree
GEN24_1032148,Agree,NA,NA
GEN24_1032150,Don't know / Not sure,NA,NA
GEN24_1032152,Agree,Agree,Agree
GEN24_1032157,Agree,Agree,Agree
GEN24_1032165,Agree,Agree,Agree
GEN24_1032181,Agree,Agree,Agree
GEN24_1032202,Agree,NA,NA
GEN24_1032204,Agree,NA,NA
GEN24_1032211,Agree,NA,NA
GEN24_1032219,Agree,NA,NA
GEN24_1032224,Disagree,NA,NA
GEN24_1032242,Disagree,NA,NA
GEN24_1032246,Agree,NA,NA
GEN24_1032251,Agree,NA,NA
GEN24_1032259,Don't know / Not sure,NA,NA
GEN24_1032268,Don't know / Not sure,Agree,Agree
GEN24_1032271,Agree,NA,NA
GEN24_1032276,Disagree,NA,NA
GEN24_1032278,Don't know / Not sure,NA,NA
GEN24_1032281,Agree,NA,NA
GEN24_1032285,Agree,NA,NA
GEN24_1032286,Agree,NA,NA
GEN24_1032288,Don't know / Not sure,NA,NA
GEN24_1032303,Don't know / Not sure,Agree,Agree
GEN24_1032320,Don't know / Not sure,NA,NA
GEN24_1032322,Disagree,NA,NA
GEN24_1032325,Don't know / Not sure,NA,NA
GEN24_1032341,Don't know / Not sure,Agree,Agree
GEN24_1032347,Don't know / Not sure,Agree,Agree
GEN24_1032348,Disagree,Agree,Agree
GEN24_1032355,Disagree,NA,NA
GEN24_1032359,Don't know / Not sure,NA,NA
GEN24_1032366,Agree,NA,NA
GEN24_1032372,Agree,NA,NA
GEN24_1032382,Agree,Agree,Agree
GEN24_1032394,Don't know / Not sure,NA,NA
GEN24_1032409,Don't know / Not sure,Agree,Agree
GEN24_1032414,Agree,NA,NA
GEN24_1032421,Don't know / Not sure,NA,NA
GEN24_1032431,Agree,Agree,Agree
GEN24_1032433,Disagree,Agree,Agree
GEN24_1032437,Disagree,Agree,Agree
GEN24_1032438,Agree,NA,NA
GEN24_1032439,Agree,NA,NA
GEN24_1032442,Disagree,NA,NA
GEN24_1032451,Agree,Agree,Agree
GEN24_1032456,Agree,NA,NA
GEN24_1032463,Agree,NA,NA
GEN24_1032470,Agree,NA,NA
GEN24_1032473,Agree,NA,NA
GEN24_1032477,Don't know / Not sure,NA,NA
GEN24_1032480,Don't know / Not sure,NA,NA
GEN24_1032481,Agree,Agree,Agree
GEN24_1032493,Agree,Agree,Agree
GEN24_1032495,Don't know / Not sure,Agree,Agree
GEN24_1032502,Don't know / Not sure,Agree,Agree
GEN24_1032506,Agree,Agree,Agree
GEN24_1032515,Don't know / Not sure,Agree,Agree
GEN24_1032518,Disagree,NA,NA
GEN24_1032519,Don't know / Not sure,Agree,Agree
GEN24_1032528,Agree,NA,NA
GEN24_1032535,Agree,NA,NA
GEN24_1032541,Don't know / Not sure,NA,NA
GEN24_1032550,Agree,Agree,Agree
GEN24_1032558,Agree,Agree,Agree
GEN24_1032559,Agree,NA,NA
GEN24_1032567,Disagree,NA,NA
GEN24_1032570,Disagree,NA,NA
GEN24_1032580,Agree,NA,NA
GEN24_1032581,Disagree,NA,NA
GEN24_1032582,Don't know / Not sure,NA,NA
GEN24_1032599,Agree,Agree,Agree
GEN24_1032613,Agree,NA,NA
GEN24_1032625,Agree,Agree,Agree
GEN24_1032628,Disagree,NA,NA
GEN24_1032639,Agree,Agree,Agree
GEN24_1032643,Agree,NA,NA
GEN24_1032651,Agree,NA,NA
GEN24_1032654,Agree,NA,NA
GEN24_1032660,Don't know / Not sure,NA,NA
GEN24_1032666,Disagree,NA,NA
GEN24_1032670,Don't know / Not sure,NA,NA
GEN24_1032672,Don't know / Not sure,Agree,Agree
GEN24_1032673,Agree,NA,NA
GEN24_1032679,Agree,Agree,Agree
GEN24_1032680,Disagree,NA,NA
GEN24_1032681,Agree,Agree,Agree
GEN24_1032682,Agree,NA,NA
GEN24_1032683,Agree,Agree,Agree
GEN24_1032689,Agree,Agree,Agree
GEN24_1032690,Agree,Agree,Agree
GEN24_1032698,Don't know / Not sure,NA,NA
GEN24_1032700,Agree,NA,NA
GEN24_1032706,Agree,NA,NA
GEN24_1032708,Don't know / Not sure,NA,NA
GEN24_1032710,Agree,Agree,NA
GEN24_1032713,Disagree,NA,NA
GEN24_1032716,Agree,Agree,Agree
GEN24_1032726,Agree,NA,NA
GEN24_1032750,Don't know / Not sure,NA,NA
GEN24_1032755,Agree,Agree,Agree
GEN24_1032756,Agree,NA,NA
GEN24_1032758,Agree,NA,NA
GEN24_1032766,Agree,NA,Agree
GEN24_1032770,Agree,NA,NA
GEN24_1032771,Agree,Agree,Agree
GEN24_1032778,Agree,NA,NA
GEN24_1032785,Don't know / Not sure,Agree,Agree
GEN24_1032787,Agree,NA,NA
GEN24_1032794,Don't know / Not sure,NA,NA
GEN24_1032800,Agree,Agree,Agree
GEN24_1032802,Don't know / Not sure,NA,NA
GEN24_1032827,Agree,Disagree,Agree
GEN24_1032829,Disagree,NA,NA
GEN24_1032830,Agree,NA,NA
GEN24_1032831,Disagree,NA,Agree
GEN24_1032835,Don't know / Not sure,NA,NA
GEN24_1032838,Don't know / Not sure,NA,NA
GEN24_1032840,Agree,Agree,Agree
GEN24_1032847,Disagree,NA,NA
GEN24_1032852,Agree,NA,NA
GEN24_1032873,Agree,NA,NA
GEN24_1032874,Don't know / Not sure,NA,NA
GEN24_1032876,Disagree,Disagree,Agree
GEN24_1032881,Disagree,NA,NA
GEN24_1032887,Don't know / Not sure,NA,NA
GEN24_1032890,Disagree,NA,NA
GEN24_1032893,Agree,NA,NA
GEN24_1032907,Agree,NA,NA
GEN24_1032908,Disagree,NA,NA
GEN24_1032925,Don't know / Not sure,NA,NA
GEN24_1032926,Agree,NA,NA
GEN24_1032931,Don't know / Not sure,NA,NA
GEN24_1032934,Agree,Agree,Agree
GEN24_1032939,Disagree,Disagree,Agree
GEN24_1032946,Agree,Agree,Agree
GEN24_1032950,Agree,NA,NA
GEN24_1032957,Agree,NA,NA
GEN24_1032964,Agree,Agree,Agree
GEN24_1032966,Agree,Agree,Agree
GEN24_1032973,Disagree,NA,NA
GEN24_1032981,Disagree,NA,NA
GEN24_1032997,Agree,NA,NA
GEN24_1032998,Don't know / Not sure,NA,NA
GEN24_1033000,Agree,Agree,Agree
GEN24_1033002,Agree,NA,NA
GEN24_1033007,Agree,NA,NA
GEN24_1033010,Agree,Agree,Agree
GEN24_1033011,Agree,Agree,Agree
GEN24_1033016,Agree,Agree,Agree
GEN24_1033019,Agree,Agree,Agree
GEN24_1033026,Agree,Agree,Agree
GEN24_1033044,Agree,Agree,Agree
GEN24_1033071,Disagree,Agree,Agree
GEN24_1033074,Agree,Agree,Agree
GEN24_1033077,Don't know / Not sure,NA,NA
GEN24_1033080,Don't know / Not sure,NA,NA
GEN24_1033082,Agree,Agree,Agree
GEN24_1033096,Disagree,NA,NA
GEN24_1033100,Agree,Agree,Agree
GEN24_1033104,Agree,Agree,Agree
GEN24_1033105,Agree,Agree,Agree
GEN24_1033117,Don't know / Not sure,Agree,Agree
GEN24_1033132,Don't know / Not sure,NA,NA
GEN24_1033133,Agree,Disagree,Agree
GEN24_1033134,Disagree,NA,NA
GEN24_1033139,Agree,Agree,Agree
GEN24_1033140,Don't know / Not sure,Agree,Agree
GEN24_1033143,Agree,NA,NA
GEN24_1033146,Don't know / Not sure,NA,NA
GEN24_1033151,Agree,Agree,NA
GEN24_1033155,Disagree,NA,NA
GEN24_1033169,Agree,NA,NA
GEN24_1033173,Agree,NA,NA
GEN24_1033176,Agree,NA,NA
GEN24_1033178,Disagree,NA,NA
GEN24_1033183,Agree,Agree,Agree
GEN24_1033189,Agree,NA,NA
GEN24_1033199,Disagree,NA,NA
GEN24_1033212,Agree,Agree,Agree
GEN24_1033221,Agree,NA,NA
GEN24_1033248,Agree,Agree,Agree
GEN24_1033250,Don't know / Not sure,NA,NA
GEN24_1033257,Disagree,NA,NA
GEN24_1033258,Agree,NA,NA
GEN24_1033260,Don't know / Not sure,NA,NA
GEN24_1033263,Agree,NA,NA
GEN24_1033266,Agree,Agree,Agree
GEN24_1033267,Agree,Agree,Agree
GEN24_1033269,Agree,Disagree,Agree
GEN24_1033274,Agree,Agree,Agree
GEN24_1033275,Agree,NA,NA
GEN24_1033312,Agree,NA,NA
GEN24_1033320,Agree,NA,NA
GEN24_1033329,Don't know / Not sure,NA,Agree
GEN24_1033332,Agree,Agree,Agree
GEN24_1033333,Agree,NA,NA
GEN24_1033335,Disagree,NA,NA
GEN24_1033336,Agree,Agree,Agree
GEN24_1033337,Disagree,NA,NA
GEN24_1033338,Don't know / Not sure,Agree,Agree
GEN24_1033342,Agree,NA,NA
GEN24_1033345,Don't know / Not sure,Agree,Agree
GEN24_1033354,Agree,NA,NA
GEN24_1033356,Agree,NA,NA
GEN24_1033357,Agree,Agree,Agree
GEN24_1033361,Don't know / Not sure,NA,NA
GEN24_1033384,Agree,NA,NA
GEN24_1033411,Agree,NA,NA
GEN24_1033418,Agree,NA,NA
GEN24_1033421,Agree,Agree,Agree
GEN24_1033436,Disagree,NA,NA
GEN24_1033438,Don't know / Not sure,NA,NA
GEN24_1033440,Agree,Agree,Agree
GEN24_1033441,Agree,NA,NA
GEN24_1033445,Agree,Agree,Agree
GEN24_1033448,Disagree,Agree,Agree
GEN24_1033449,Don't know / Not sure,NA,NA
GEN24_1033450,Agree,Agree,Agree
GEN24_1033452,Disagree,NA,NA
GEN24_1033471,Don't know / Not sure,NA,NA
GEN24_1033477,Agree,NA,NA
GEN24_1033481,Agree,NA,NA
GEN24_1033482,Don't know / Not sure,NA,NA
GEN24_1033486,Don't know / Not sure,NA,NA
GEN24_1033490,Agree,Agree,Agree
GEN24_1033493,Agree,NA,Agree
GEN24_1033505,Don't know / Not sure,NA,NA
GEN24_1033523,Agree,NA,NA
GEN24_1033524,Agree,Agree,Agree
GEN24_1033525,Agree,Agree,Agree
GEN24_1033528,Agree,NA,NA
GEN24_1033529,Disagree,Agree,Agree
GEN24_1033534,Agree,Agree,Agree
GEN24_1033553,Disagree,Disagree,Disagree
GEN24_1033563,Agree,NA,NA
GEN24_1033565,Agree,Agree,Disagree
GEN24_1033571,Agree,NA,NA
GEN24_1033572,Agree,Agree,Agree
GEN24_1033578,Don't know / Not sure,NA,NA
GEN24_1033601,Don't know / Not sure,NA,NA
GEN24_1033602,Agree,NA,NA
GEN24_1033605,Disagree,NA,NA
GEN24_1033607,Agree,Agree,Agree
GEN24_1033616,Agree,NA,NA
GEN24_1033620,Agree,Agree,Agree
GEN24_1033629,Disagree,NA,NA
GEN24_1033637,Agree,Agree,Agree
GEN24_1033641,Agree,NA,NA
GEN24_1033642,Agree,Agree,Agree
GEN24_1033658,Disagree,NA,NA
GEN24_1033665,Don't know / Not sure,NA,NA
GEN24_1033667,Don't know / Not sure,NA,NA
GEN24_1033674,Agree,Disagree,Agree
GEN24_1033675,Disagree,Agree,Agree
GEN24_1033679,Agree,NA,NA
GEN24_1033680,Don't know / Not sure,NA,NA
GEN24_1033684,Agree,NA,NA
GEN24_1033687,Agree,NA,NA
GEN24_1033693,Don't know / Not sure,Agree,Agree
GEN24_1033716,Agree,NA,NA
GEN24_1033725,Agree,NA,NA
GEN24_1033728,Agree,Agree,Agree
GEN24_1033729,Agree,NA,NA
GEN24_1033743,Agree,NA,NA
GEN24_1033751,Don't know / Not sure,NA,NA
GEN24_1033756,Agree,Agree,Agree
GEN24_1033759,Don't know / Not sure,NA,NA
GEN24_1033761,Agree,NA,NA
GEN24_1033762,Agree,Agree,Agree
GEN24_1033768,Agree,NA,NA
GEN24_1033779,Agree,NA,NA
GEN24_1033780,Agree,NA,NA
GEN24_1033783,Don't know / Not sure,Agree,Agree
GEN24_1033788,Disagree,Agree,NA
GEN24_1033793,Don't know / Not sure,NA,NA
GEN24_1033798,Agree,NA,NA
GEN24_1033802,Don't know / Not sure,NA,NA
GEN24_1033811,Don't know / Not sure,Agree,Agree
GEN24_1033812,Agree,NA,NA
GEN24_1033816,Agree,Agree,Agree
GEN24_1033833,Disagree,Agree,Agree
GEN24_1033834,Disagree,NA,NA
GEN24_1033849,Agree,NA,NA
GEN24_1033856,Agree,Agree,Agree
GEN24_1033871,Agree,Agree,Agree
GEN24_1033872,Agree,NA,NA
GEN24_1033882,Agree,Agree,Agree
GEN24_1033884,Agree,NA,NA
GEN24_1033886,Agree,Agree,Agree
GEN24_1033890,Agree,NA,NA
GEN24_1033896,Don't know / Not sure,NA,NA
GEN24_1033902,Disagree,NA,NA
GEN24_1033908,Don't know / Not sure,NA,NA
GEN24_1033914,Don't know / Not sure,NA,NA
GEN24_1033916,Agree,Agree,Agree
GEN24_1033917,Agree,NA,NA
GEN24_1033919,Agree,NA,NA
GEN24_1033922,Agree,Agree,Agree
GEN24_1033923,Don't know / Not sure,NA,NA
GEN24_1033924,Agree,Agree,Agree
GEN24_1033930,Disagree,NA,NA
GEN24_1033932,Agree,NA,NA
GEN24_1033958,Agree,NA,NA
GEN24_1033966,Agree,Agree,Agree
GEN24_1033969,Don't know / Not sure,NA,NA
GEN24_1033974,Don't know / Not sure,NA,NA
GEN24_1033979,Disagree,NA,NA
GEN24_1033980,Agree,NA,NA
GEN24_1033984,Agree,NA,NA
GEN24_1033985,Agree,NA,NA
GEN24_1033990,Agree,NA,NA
GEN24_1034005,Agree,NA,NA
GEN24_1034008,Disagree,NA,NA
GEN24_1034012,Agree,Agree,Agree
GEN24_1034022,Agree,NA,NA
GEN24_1034031,Agree,Agree,Agree
GEN24_1034037,Disagree,NA,NA
GEN24_1034039,Agree,NA,NA
GEN24_1034040,Agree,NA,NA
GEN24_1034054,Agree,NA,NA
GEN24_1034076,Don't know / Not sure,NA,NA
GEN24_1034077,Don't know / Not sure,NA,NA
GEN24_1034080,Don't know / Not sure,NA,NA
GEN24_1034081,Agree,Agree,Agree
GEN24_1034082,Agree,NA,NA
GEN24_1034083,Agree,NA,NA
GEN24_1034084,Agree,Agree,Agree
GEN24_1034088,Agree,NA,NA
GEN24_1034099,Don't know / Not sure,NA,NA
GEN24_1034102,Disagree,NA,NA
GEN24_1034103,Don't know / Not sure,NA,NA
GEN24_1034110,Don't know / Not sure,NA,NA
GEN24_1034113,Agree,NA,NA
GEN24_1034114,Agree,NA,NA
GEN24_1034115,Don't know / Not sure,NA,NA
GEN24_1034116,Agree,NA,NA
GEN24_1034121,Don't know / Not sure,NA,NA
GEN24_1034122,Agree,Agree,Agree
GEN24_1034125,Don't know / Not sure,NA,NA
GEN24_1034131,Agree,NA,NA
GEN24_1034132,Agree,NA,NA
GEN24_1034136,Agree,Agree,Agree
GEN24_1034137,Agree,Agree,Agree
GEN24_1034141,Agree,Agree,Agree
GEN24_1034148,Don't know / Not sure,Agree,Agree
GEN24_1034151,Don't know / Not sure,NA,NA
GEN24_1034159,Agree,Agree,Agree
GEN24_1034160,Agree,Agree,Agree
GEN24_1034163,Don't know / Not sure,NA,NA
GEN24_1034166,Don't know / Not sure,Agree,NA
GEN24_1034167,Don't know / Not sure,Agree,Agree
GEN24_1034173,Agree,NA,NA
GEN24_1034176,Agree,Agree,Agree
GEN24_1034179,Agree,NA,NA
GEN24_1034182,Agree,Agree,Agree
GEN24_1034184,Agree,NA,NA
GEN24_1034187,Agree,NA,NA
GEN24_1034198,Agree,NA,NA
GEN24_1034205,Disagree,Agree,Agree
GEN24_1034208,Don't know / Not sure,NA,NA
GEN24_1034212,Don't know / Not sure,NA,NA
GEN24_1034219,Agree,NA,NA
GEN24_1034220,Agree,NA,NA
GEN24_1034226,Don't know / Not sure,NA,NA
GEN24_1034235,Don't know / Not sure,Agree,Agree
GEN24_1034238,Agree,Agree,Agree
GEN24_1034239,Agree,NA,NA
GEN24_1034253,Don't know / Not sure,NA,NA
GEN24_1034282,Agree,NA,NA
GEN24_1034286,Don't know / Not sure,Agree,Agree
GEN24_1034287,Agree,NA,NA
GEN24_1034295,Agree,Agree,NA
GEN24_1034303,Disagree,NA,NA
GEN24_1034310,Agree,Agree,Agree
GEN24_1034312,Agree,NA,NA
GEN24_1034319,Agree,NA,NA
GEN24_1034320,Agree,NA,NA
GEN24_1034321,Disagree,NA,NA
GEN24_1034323,Agree,NA,NA
GEN24_1034327,Don't know / Not sure,NA,NA
GEN24_1034331,Don't know / Not sure,NA,NA
GEN24_1034335,Agree,NA,NA
GEN24_1034336,Disagree,NA,NA
GEN24_1034338,Agree,NA,NA
GEN24_1034340,Agree,NA,NA
GEN24_1034343,Agree,NA,NA
GEN24_1034356,Agree,Agree,Agree
GEN24_1034360,Don't know / Not sure,Agree,Agree
GEN24_1034361,Agree,NA,NA
GEN24_1034362,Don't know / Not sure,NA,NA
GEN24_1034382,Don't know / Not sure,NA,NA
GEN24_1034392,Don't know / Not sure,Agree,Agree
GEN24_1034407,Agree,NA,NA
GEN24_1034412,Agree,Agree,Agree
GEN24_1034417,Agree,NA,NA
GEN24_1034418,Agree,Disagree,NA
GEN24_1034424,Disagree,NA,NA
GEN24_1034426,Disagree,NA,NA
GEN24_1034427,Agree,Agree,Agree
GEN24_1034428,Agree,Agree,Agree
GEN24_1034432,Disagree,NA,NA
GEN24_1034438,Don't know / Not sure,NA,NA
GEN24_1034442,Agree,Agree,Agree
GEN24_1034450,Agree,NA,NA
GEN24_1034451,Don't know / Not sure,NA,NA
GEN24_1034459,Don't know / Not sure,NA,NA
GEN24_1034472,Agree,NA,NA
GEN24_1034473,Agree,Agree,Agree
GEN24_1034477,Agree,NA,NA
GEN24_1034479,Agree,NA,NA
GEN24_1034480,Agree,NA,NA
GEN24_1034484,Don't know / Not sure,NA,NA
GEN24_1034485,Disagree,NA,NA
GEN24_1034493,Don't know / Not sure,NA,NA
GEN24_1034494,Agree,Agree,Agree
GEN24_1034506,Don't know / Not sure,NA,NA
GEN24_1034508,Agree,NA,NA
GEN24_1034511,Don't know / Not sure,NA,NA
GEN24_1034515,Agree,NA,NA
GEN24_1034522,Agree,Agree,Agree
GEN24_1034537,Agree,Agree,Agree
GEN24_1034542,Agree,NA,NA
GEN24_1034556,Agree,NA,NA
GEN24_1034557,Don't know / Not sure,NA,NA
GEN24_1034558,Don't know / Not sure,NA,NA
GEN24_1034561,Agree,Agree,Agree
GEN24_1034562,Agree,Agree,Agree
GEN24_1034565,Agree,Agree,Agree
GEN24_1034572,Disagree,NA,NA
GEN24_1034574,Agree,Agree,Agree
GEN24_1034585,Disagree,NA,NA
GEN24_1034587,Don't know / Not sure,Agree,Agree
GEN24_1034590,Agree,NA,NA
GEN24_1034591,Disagree,Agree,Agree
GEN24_1034598,Agree,Agree,Agree
GEN24_1034599,Agree,Agree,Agree
GEN24_1034600,Agree,NA,Agree
GEN24_1034601,Agree,Agree,Agree
GEN24_1034623,Agree,Agree,Agree
GEN24_1034647,Agree,Agree,Agree
GEN24_1034661,Don't know / Not sure,NA,NA
GEN24_1034677,Agree,NA,NA
GEN24_1034684,Don't know / Not sure,NA,NA
GEN24_1034687,Agree,Agree,Agree
GEN24_1034692,Don't know / Not sure,NA,NA
GEN24_1034702,Don't know / Not sure,NA,NA
GEN24_1034713,Disagree,NA,NA
GEN24_1034716,Don't know / Not sure,Agree,Agree
GEN24_1034725,Agree,NA,NA
GEN24_1034726,Disagree,NA,NA
GEN24_1034732,Agree,Agree,Agree
GEN24_1034747,Agree,NA,NA
GEN24_1034752,Agree,NA,NA
GEN24_1034755,Don't know / Not sure,Agree,Agree
GEN24_1034756,Don't know / Not sure,NA,Agree
GEN24_1034757,Agree,Agree,Agree
GEN24_1034760,Don't know / Not sure,NA,NA
GEN24_1034771,Disagree,NA,NA
GEN24_1034773,Don't know / Not sure,NA,NA
GEN24_1034778,Agree,Agree,Agree
GEN24_1034780,Disagree,NA,NA
GEN24_1034794,Don't know / Not sure,NA,NA
GEN24_1034809,Agree,NA,NA
GEN24_1034811,Disagree,NA,NA
GEN24_1034812,Disagree,NA,NA
GEN24_1034820,Agree,Agree,Agree
GEN24_1034827,Disagree,NA,NA
GEN24_1034831,Don't know / Not sure,Agree,Agree
GEN24_1034835,Agree,Agree,Agree
GEN24_1034839,Agree,NA,NA
GEN24_1034847,Agree,NA,NA
GEN24_1034858,Agree,NA,NA
GEN24_1034861,Agree,Disagree,Agree
GEN24_1034862,Don't know / Not sure,NA,NA
GEN24_1034872,Agree,Agree,Agree
GEN24_1034875,Agree,Agree,NA
GEN24_1034876,Don't know / Not sure,Agree,Agree
GEN24_1034877,Agree,NA,NA
GEN24_1034882,Agree,NA,NA
GEN24_1034892,Don't know / Not sure,NA,Agree
GEN24_1034896,Agree,Agree,Agree
GEN24_1034900,Agree,NA,NA
GEN24_1034906,Don't know / Not sure,NA,NA
GEN24_1034909,Agree,NA,NA
GEN24_1034923,Agree,Agree,Agree
GEN24_1034924,Agree,NA,NA
GEN24_1034927,Don't know / Not sure,NA,NA
GEN24_1034930,Agree,NA,NA
GEN24_1034935,Disagree,NA,NA
GEN24_1034940,Agree,NA,NA
GEN24_1034947,Agree,Agree,Agree
GEN24_1034950,Don't know / Not sure,NA,NA
GEN24_1034952,Agree,NA,NA
GEN24_1034953,Agree,NA,NA
GEN24_1034958,Agree,NA,NA
GEN24_1034961,Agree,NA,NA
GEN24_1034970,Agree,NA,NA
GEN24_1034981,Agree,Agree,Agree
GEN24_1034991,Don't know / Not sure,Agree,Agree
GEN24_1034996,Agree,NA,NA
GEN24_1034999,Agree,Agree,Agree
GEN24_1035001,Agree,Agree,Agree
GEN24_1035008,Agree,Agree,Agree
GEN24_1035022,Agree,NA,NA
GEN24_1035023,Disagree,NA,NA
GEN24_1035026,Agree,NA,NA
GEN24_1035041,Don't know / Not sure,NA,NA
GEN24_1035043,Agree,Agree,Agree
GEN24_1035044,Agree,NA,NA
GEN24_1035046,Agree,NA,NA
GEN24_1035047,Agree,NA,NA
GEN24_1035051,Agree,NA,NA
GEN24_1035053,Don't know / Not sure,NA,Agree
GEN24_1035056,Agree,NA,NA
GEN24_1035070,Don't know / Not sure,Agree,Agree
GEN24_1035074,Don't know / Not sure,Agree,Disagree
GEN24_1035078,Agree,NA,NA
GEN24_1035079,Don't know / Not sure,NA,NA
GEN24_1035082,Agree,Agree,Agree
GEN24_1035085,Agree,Agree,Agree
GEN24_1035087,Agree,NA,NA
GEN24_1035089,Agree,Agree,Agree
GEN24_1035095,Don't know / Not sure,NA,Agree
GEN24_1035098,Disagree,NA,NA
GEN24_1035099,Agree,NA,NA
GEN24_1035102,Agree,NA,NA
GEN24_1035103,Agree,Agree,Agree
GEN24_1035104,Agree,Agree,Agree
GEN24_1035105,Disagree,Agree,Agree
GEN24_1035106,Agree,Agree,Agree
GEN24_1035107,Agree,NA,NA
GEN24_1035109,Agree,NA,NA
GEN24_1035114,Disagree,NA,NA
GEN24_1035116,Disagree,NA,NA
GEN24_1035120,Don't know / Not sure,NA,NA
GEN24_1035122,Agree,Agree,Agree
GEN24_1035123,Agree,Agree,Agree
GEN24_1035125,Agree,Agree,Agree
GEN24_1035126,Don't know / Not sure,Agree,Agree
GEN24_1035127,Agree,Agree,Agree
GEN24_1035128,Agree,NA,NA
GEN24_1035130,Agree,NA,NA
GEN24_1035134,Agree,NA,NA
GEN24_1035136,Disagree,NA,NA
GEN24_1035140,Agree,Agree,Agree
GEN24_1035149,Agree,NA,NA
GEN24_1035153,Agree,NA,NA
GEN24_1035168,Don't know / Not sure,NA,NA
GEN24_1035171,Agree,NA,NA
GEN24_1035176,Agree,Agree,Agree
GEN24_1035177,Disagree,NA,NA
GEN24_1035192,Don't know / Not sure,Agree,Agree
GEN24_1035196,Don't know / Not sure,Agree,Agree
GEN24_1035202,Agree,Agree,Agree
GEN24_1035205,Agree,NA,NA
GEN24_1035206,Don't know / Not sure,NA,NA
GEN24_1035209,Agree,Agree,Agree
GEN24_1035213,Agree,NA,NA
GEN24_1035214,Agree,NA,NA
GEN24_1035217,Disagree,NA,NA
GEN24_1035222,Agree,NA,NA
GEN24_1035228,Agree,Agree,Agree
GEN24_1035236,Agree,NA,NA
GEN24_1035237,Agree,Agree,Agree
GEN24_1035242,Agree,Agree,Agree
GEN24_1035244,Agree,Agree,Agree
GEN24_1035255,Agree,NA,NA
GEN24_1035259,Don't know / Not sure,Agree,Agree
GEN24_1035270,Agree,Agree,Agree
GEN24_1035271,Don't know / Not sure,NA,NA
GEN24_1035274,Agree,NA,NA
GEN24_1035276,Agree,NA,NA
GEN24_1035280,Agree,NA,NA
GEN24_1035281,Agree,Agree,Agree
GEN24_1035286,Agree,Agree,Agree
GEN24_1035289,Disagree,NA,NA
GEN24_1035294,Agree,NA,NA
GEN24_1035312,Disagree,NA,NA
GEN24_1035313,Disagree,NA,NA
GEN24_1035316,Agree,NA,NA
GEN24_1035324,Agree,NA,NA
GEN24_1035328,Don't know / Not sure,NA,NA
GEN24_1035334,Don't know / Not sure,NA,NA
GEN24_1035338,Agree,NA,NA
GEN24_1035343,Disagree,NA,NA
GEN24_1035344,Agree,Agree,Agree
GEN24_1035349,Agree,NA,NA
GEN24_1035353,Agree,NA,NA
GEN24_1035355,Agree,Agree,Agree
GEN24_1035363,Don't know / Not sure,Agree,Agree
GEN24_1035367,Don't know / Not sure,NA,NA
GEN24_1035369,Don't know / Not sure,Agree,Agree
GEN24_1035370,Agree,NA,NA
GEN24_1035377,Agree,NA,NA
GEN24_1035381,Agree,Agree,Agree
GEN24_1035391,Disagree,NA,NA
GEN24_1035392,Don't know / Not sure,NA,NA
GEN24_1035394,Disagree,NA,NA
GEN24_1035400,Don't know / Not sure,NA,NA
GEN24_1035403,Agree,Agree,Agree
GEN24_1035412,Agree,NA,NA
GEN24_1035431,Agree,NA,NA
GEN24_1035433,Agree,Agree,Agree
GEN24_1035445,Disagree,NA,NA
GEN24_1035448,Agree,NA,NA
GEN24_1035454,Agree,NA,NA
GEN24_1035463,Agree,Agree,Agree
GEN24_1035468,Agree,NA,NA
GEN24_1035473,Disagree,Agree,Agree
GEN24_1035484,Agree,Agree,Agree
GEN24_1035485,Don't know / Not sure,NA,NA
GEN24_1035492,Disagree,NA,NA
GEN24_1035496,Agree,Disagree,NA
GEN24_1035497,Agree,NA,NA
GEN24_1035500,Disagree,Agree,Agree
GEN24_1035509,Agree,Agree,Agree
GEN24_1035516,Disagree,Agree,Agree
GEN24_1035525,Agree,NA,NA
GEN24_1035526,Don't know / Not sure,NA,NA
GEN24_1035528,Don't know / Not sure,NA,NA
GEN24_1035532,Agree,Agree,Agree
GEN24_1035533,Agree,NA,NA
GEN24_1035537,Agree,NA,NA
GEN24_1035539,Disagree,Disagree,Agree
GEN24_1035546,Agree,Agree,Agree
GEN24_1035547,Agree,Agree,Agree
GEN24_1035548,Agree,Agree,Agree
GEN24_1035552,Agree,NA,NA
GEN24_1035553,Agree,NA,NA
GEN24_1035554,Agree,NA,NA
GEN24_1035556,Agree,NA,NA
GEN24_1035558,Agree,NA,NA
GEN24_1035559,Agree,NA,NA
GEN24_1035570,Agree,NA,NA
GEN24_1035587,Disagree,NA,NA
GEN24_1035600,Disagree,NA,NA
GEN24_1035601,Agree,NA,NA
GEN24_1035602,Disagree,NA,NA
GEN24_1035608,Agree,Agree,Agree
GEN24_1035612,Disagree,NA,NA
GEN24_1035622,Agree,NA,NA
GEN24_1035625,Disagree,NA,NA
GEN24_1035626,Agree,Agree,Agree
GEN24_1035636,Agree,Agree,Agree
GEN24_1035639,Agree,NA,NA
GEN24_1035641,Agree,Agree,Agree
GEN24_1035643,Agree,NA,NA
GEN24_1035645,Don't know / Not sure,NA,NA
GEN24_1035653,Don't know / Not sure,Agree,Agree
GEN24_1035654,Don't know / Not sure,NA,NA
GEN24_1035656,Agree,NA,NA
GEN24_1035659,Don't know / Not sure,NA,NA
GEN24_1035663,Agree,NA,NA
GEN24_1035671,Don't know / Not sure,NA,NA
GEN24_1035686,Agree,NA,NA
GEN24_1035694,Disagree,Agree,Agree
GEN24_1035695,Agree,NA,NA
GEN24_1035707,Agree,NA,NA
GEN24_1035712,Agree,NA,NA
GEN24_1035721,Agree,NA,NA
GEN24_1035723,Agree,Agree,Agree
GEN24_1035725,Agree,NA,NA
GEN24_1035726,Agree,NA,NA
GEN24_1035733,Agree,Agree,Agree
GEN24_1035736,Agree,NA,NA
GEN24_1035743,Don't know / Not sure,NA,NA
GEN24_1035747,Agree,NA,Agree
GEN24_1035749,Agree,NA,NA
GEN24_1035750,Agree,NA,NA
GEN24_1035751,Agree,NA,NA
GEN24_1035758,Agree,NA,NA
GEN24_1035762,Disagree,NA,NA
GEN24_1035764,Agree,NA,NA
GEN24_1035773,Don't know / Not sure,NA,NA
GEN24_1035779,Don't know / Not sure,NA,NA
GEN24_1035782,Agree,Agree,Agree
GEN24_1035788,Agree,Agree,Agree
GEN24_1035791,Disagree,NA,NA
GEN24_1035795,Agree,Agree,Agree
GEN24_1035800,Agree,Agree,Agree
GEN24_1035801,Agree,NA,NA
GEN24_1035803,Don't know / Not sure,NA,NA
GEN24_1035815,Agree,NA,NA
GEN24_1035820,Disagree,NA,NA
GEN24_1035821,Agree,Agree,Agree
GEN24_1035828,Agree,NA,NA
GEN24_1035830,Agree,Agree,Agree
GEN24_1035831,Disagree,NA,NA
GEN24_1035846,Disagree,NA,NA
GEN24_1035865,Agree,NA,NA
GEN24_1035866,Agree,NA,NA
GEN24_1035868,Agree,NA,NA
GEN24_1035869,Agree,NA,NA
GEN24_1035870,Agree,NA,NA
GEN24_1035871,Agree,Agree,Agree
GEN24_1035872,Agree,Agree,Agree
GEN24_1035876,Don't know / Not sure,NA,NA
GEN24_1035887,Disagree,Disagree,NA
GEN24_1035889,Disagree,Agree,Agree
GEN24_1035890,Disagree,NA,NA
GEN24_1035896,Disagree,NA,NA
GEN24_1035898,Disagree,NA,NA
GEN24_1035908,Disagree,NA,NA
GEN24_1035913,Don't know / Not sure,NA,NA
GEN24_1035919,Agree,NA,NA
GEN24_1035923,Don't know / Not sure,NA,NA
GEN24_1035925,Agree,NA,NA
GEN24_1035931,Agree,NA,NA
GEN24_1035933,Agree,NA,NA
GEN24_1035936,Disagree,NA,NA
GEN24_1035938,Agree,NA,NA
GEN24_1035940,Don't know / Not sure,NA,NA
GEN24_1035943,Agree,NA,NA
GEN24_1035944,Don't know / Not sure,NA,NA
GEN24_1035953,Agree,NA,NA
GEN24_1035954,Don't know / Not sure,NA,NA
GEN24_1035960,Agree,Agree,Agree
GEN24_1035970,Agree,NA,NA
GEN24_1035972,Agree,Agree,Agree
GEN24_1035973,Don't know / Not sure,NA,NA
GEN24_1035974,Agree,Agree,Agree
GEN24_1035977,Disagree,NA,NA
GEN24_1035980,Don't know / Not sure,NA,NA
GEN24_1035985,Don't know / Not sure,NA,NA
GEN24_1035993,Don't know / Not sure,NA,NA
GEN24_1035996,Agree,NA,NA
GEN24_1036002,Agree,NA,NA
GEN24_1036003,Agree,NA,NA
GEN24_1036009,Agree,Agree,Agree
GEN24_1036023,Agree,Agree,Agree
GEN24_1036034,Agree,NA,NA
GEN24_1036037,Disagree,NA,NA
GEN24_1036040,Agree,NA,NA
GEN24_1036044,Don't know / Not sure,NA,NA
GEN24_1036047,Don't know / Not sure,NA,NA
GEN24_1036048,Don't know / Not sure,NA,NA
GEN24_1036049,Disagree,NA,NA
GEN24_1036061,Don't know / Not sure,NA,NA
GEN24_1036062,Don't know / Not sure,NA,NA
GEN24_1036069,Agree,NA,NA
GEN24_1036072,Agree,NA,NA
GEN24_1036076,Disagree,NA,NA
GEN24_1036084,Agree,NA,NA
GEN24_1036085,Don't know / Not sure,NA,NA
GEN24_1036096,Don't know / Not sure,NA,NA
GEN24_1036104,Disagree,NA,NA
GEN24_1036105,Don't know / Not sure,NA,NA
GEN24_1036108,Agree,NA,NA
GEN24_1036110,Don't know / Not sure,NA,Agree
GEN24_1036114,Agree,NA,NA
GEN24_1036116,Disagree,NA,NA
GEN24_1036118,Agree,NA,NA
GEN24_1036124,Agree,Agree,Agree
GEN24_1036132,Disagree,NA,NA
GEN24_1036146,Agree,NA,NA
GEN24_1036161,Agree,NA,NA
GEN24_1036164,Don't know / Not sure,NA,NA
GEN24_1036173,Don't know / Not sure,NA,NA
GEN24_1036180,Don't know / Not sure,NA,NA
GEN24_1036183,Agree,NA,NA
GEN24_1036190,Agree,NA,Agree
GEN24_1036194,Don't know / Not sure,NA,NA
GEN24_1036195,Disagree,NA,NA
GEN24_1036198,Agree,Agree,Agree
GEN24_1036203,Agree,NA,NA
GEN24_1036204,Agree,NA,NA
GEN24_1036206,Agree,Agree,Agree
GEN24_1036209,Disagree,Agree,Agree
GEN24_1036215,Agree,Agree,NA
GEN24_1036220,Don't know / Not sure,NA,Agree
GEN24_1036223,Disagree,NA,NA
GEN24_1036227,Agree,NA,NA
GEN24_1036234,Agree,Agree,Agree
GEN24_1036239,Disagree,NA,NA
GEN24_1036250,Don't know / Not sure,NA,NA
GEN24_1036266,Don't know / Not sure,NA,Agree
GEN24_1036270,Disagree,NA,NA
GEN24_1036275,Don't know / Not sure,NA,NA
GEN24_1036276,Disagree,NA,NA
GEN24_1036289,Agree,NA,NA
GEN24_1036291,Agree,Disagree,Agree
GEN24_1036294,Disagree,NA,NA
GEN24_1036299,Disagree,NA,NA
GEN24_1036302,Agree,NA,NA
GEN24_1036320,Agree,NA,NA
GEN24_1036323,Agree,NA,NA
GEN24_1036327,Agree,Agree,Agree
GEN24_1036346,Agree,Agree,Agree
GEN24_1036350,Agree,Agree,Agree
GEN24_1036354,Agree,NA,NA
GEN24_1036381,Agree,NA,NA
GEN24_1036382,Agree,NA,NA
GEN24_1036385,Agree,Agree,Agree
GEN24_1036392,Agree,NA,NA
GEN24_1036410,Disagree,NA,NA
GEN24_1036427,Agree,NA,NA
GEN24_1036429,Disagree,NA,NA
GEN24_1036430,Agree,NA,NA
GEN24_1036438,Agree,NA,NA
GEN24_1036440,Don't know / Not sure,NA,NA
GEN24_1036464,Don't know / Not sure,NA,NA
GEN24_1036465,Don't know / Not sure,Agree,Agree
GEN24_1036466,Don't know / Not sure,NA,NA
GEN24_1036497,Don't know / Not sure,NA,NA
GEN24_1036502,Agree,NA,NA
GEN24_1036505,Agree,NA,NA
GEN24_1036524,Agree,NA,NA
GEN24_1036526,Don't know / Not sure,NA,NA
GEN24_1036530,Agree,NA,NA
GEN24_1036539,Don't know / Not sure,NA,NA
GEN24_1036550,Agree,Agree,Agree
GEN24_1036561,Agree,NA,NA
GEN24_1036566,Agree,Agree,Agree
GEN24_1036573,Agree,NA,NA
GEN24_1036574,Agree,NA,NA
GEN24_1036576,Agree,NA,NA
GEN24_1036588,Agree,NA,NA
GEN24_1036591,Agree,NA,NA
GEN24_1036595,Don't know / Not sure,NA,NA
GEN24_1036597,Agree,NA,NA
GEN24_1036601,Agree,NA,NA
GEN24_1036619,Agree,NA,NA
GEN24_1036628,Agree,NA,NA
GEN24_1036642,Disagree,NA,NA
GEN24_1036647,Don't know / Not sure,NA,NA
GEN24_1036655,Agree,NA,NA
GEN24_1036668,Don't know / Not sure,NA,NA
GEN24_1036670,Disagree,NA,NA
GEN24_1036677,Agree,NA,NA
GEN24_1036686,Agree,NA,NA
GEN24_1036719,Agree,NA,NA
GEN24_1036720,Agree,Agree,Agree
GEN24_1036724,Agree,Agree,Agree
GEN24_1036729,Agree,Disagree,Agree
GEN24_1036732,Agree,NA,NA
GEN24_1036733,Agree,Agree,Agree
GEN24_1036734,Disagree,NA,NA
GEN24_1036737,Don't know / Not sure,NA,NA
GEN24_1036738,Disagree,NA,NA
GEN24_1036741,Agree,NA,NA
GEN24_1036742,Don't know / Not sure,NA,NA
GEN24_1036748,Agree,Agree,Agree
GEN24_1036755,Agree,NA,NA
GEN24_1036768,Disagree,NA,NA
GEN24_1036771,Agree,Agree,Agree
GEN24_1036775,Agree,Agree,Agree
GEN24_1036777,Disagree,Agree,Agree
GEN24_1036778,Agree,Agree,Agree
GEN24_1036780,Agree,Disagree,Disagree
GEN24_1036792,Disagree,NA,NA
GEN24_1036798,Agree,NA,NA
GEN24_1036806,Don't know / Not sure,NA,Agree
GEN24_1036810,Agree,NA,NA
GEN24_1036828,Agree,Agree,Agree
GEN24_1036830,Agree,NA,NA
GEN24_1036843,Disagree,NA,NA
GEN24_1036852,Don't know / Not sure,NA,NA
GEN24_1036854,Disagree,NA,NA
GEN24_1036860,Agree,NA,NA
GEN24_1036862,Don't know / Not sure,NA,NA
GEN24_1036869,Don't know / Not sure,Agree,Agree
GEN24_1036874,Agree,NA,NA
GEN24_1036881,Don't know / Not sure,NA,NA
GEN24_1036882,Disagree,NA,NA
GEN24_1036885,Agree,Agree,Agree
GEN24_1036886,Agree,NA,NA
GEN24_1036887,Don't know / Not sure,NA,NA
GEN24_1036889,Agree,NA,NA
GEN24_1036893,Agree,Agree,Agree
GEN24_1036905,Agree,Agree,Agree
GEN24_1036909,Disagree,Agree,Agree
GEN24_1036913,Agree,NA,NA
GEN24_1036917,Agree,NA,NA
GEN24_1036918,Agree,NA,NA
GEN24_1036943,Agree,Agree,Agree
GEN24_1036946,Agree,Agree,Agree
GEN24_1036947,Agree,NA,NA
GEN24_1036949,Agree,NA,NA
GEN24_1036951,Agree,NA,NA
GEN24_1036952,Agree,NA,NA
GEN24_1036954,Don't know / Not sure,NA,NA
GEN24_1036960,Agree,NA,NA
GEN24_1036962,Agree,NA,NA
GEN24_1036963,Agree,Agree,Agree
GEN24_1036969,Agree,NA,NA
GEN24_1036971,Disagree,NA,NA
GEN24_1036973,Agree,Agree,Agree
GEN24_1036974,Agree,NA,NA
GEN24_1036979,Agree,NA,NA
GEN24_1036984,Don't know / Not sure,NA,NA
GEN24_1036992,Disagree,NA,NA
GEN24_1036994,Agree,NA,NA
GEN24_1037001,Agree,NA,NA
GEN24_1037008,Agree,NA,NA
GEN24_1037009,Agree,Agree,Agree
GEN24_1037010,Disagree,NA,NA
GEN24_1037011,Agree,Agree,Agree
GEN24_1037018,Don't know / Not sure,NA,NA
GEN24_1037028,Agree,Agree,Agree
GEN24_1037037,Disagree,Disagree,NA
GEN24_1037041,Don't know / Not sure,NA,NA
GEN24_1037043,Agree,Agree,Agree
GEN24_1037047,Disagree,NA,NA
GEN24_1037049,Disagree,NA,NA
GEN24_1037055,Agree,NA,NA
GEN24_1037060,Agree,Agree,Agree
GEN24_1037064,Don't know / Not sure,Agree,Agree
GEN24_1037066,Agree,NA,NA
GEN24_1037069,Don't know / Not sure,NA,NA
GEN24_1037078,Don't know / Not sure,Agree,Agree
GEN24_1037082,Agree,NA,NA
GEN24_1037090,Agree,Agree,Agree
GEN24_1037091,Disagree,NA,NA
GEN24_1037095,Disagree,NA,NA
GEN24_1037096,Disagree,NA,NA
GEN24_1037100,Agree,NA,NA
GEN24_1037118,Agree,Agree,Agree
GEN24_1037122,Agree,Agree,NA
GEN24_1037123,Agree,NA,NA
GEN24_1037132,Disagree,NA,NA
GEN24_1037137,Agree,NA,NA
GEN24_1037148,Don't know / Not sure,Agree,Agree
GEN24_1037153,Agree,NA,NA
GEN24_1037156,Agree,NA,NA
GEN24_1037157,Don't know / Not sure,NA,NA
GEN24_1037161,Agree,NA,NA
GEN24_1037166,Agree,NA,NA
GEN24_1037167,Don't know / Not sure,NA,NA
GEN24_1037169,Disagree,NA,NA
GEN24_1037170,Don't know / Not sure,NA,NA
GEN24_1037174,Don't know / Not sure,Agree,Agree
GEN24_1037182,Agree,Agree,Agree
GEN24_1037189,Disagree,NA,NA
GEN24_1037190,Agree,NA,NA
GEN24_1037191,Agree,NA,NA
GEN24_1037196,Agree,NA,NA
GEN24_1037206,Don't know / Not sure,NA,NA
GEN24_1037214,Disagree,NA,NA
GEN24_1037216,Disagree,NA,NA
GEN24_1037224,Agree,NA,NA
GEN24_1037225,Don't know / Not sure,NA,NA
GEN24_1037230,Agree,Agree,Agree
GEN24_1037231,Agree,Agree,Agree
GEN24_1037233,Disagree,NA,NA
GEN24_1037237,Agree,NA,NA
GEN24_1037238,Agree,Agree,Agree
GEN24_1037239,Agree,NA,NA
GEN24_1037242,Agree,NA,NA
GEN24_1037246,Don't know / Not sure,Agree,Agree
GEN24_1037249,Agree,NA,NA
GEN24_1037250,Agree,NA,NA
GEN24_1037259,Disagree,NA,NA
GEN24_1037260,Disagree,NA,NA
GEN24_1037261,Agree,Agree,Agree
GEN24_1037263,Don't know / Not sure,NA,NA
GEN24_1037270,Disagree,NA,NA
GEN24_1037277,Don't know / Not sure,NA,NA
GEN24_1037280,Agree,NA,NA
GEN24_1037297,Don't know / Not sure,NA,NA
GEN24_1037310,Agree,NA,NA
GEN24_1037317,Agree,Agree,Agree
GEN24_1037329,Agree,NA,NA
GEN24_1037341,Agree,NA,NA
GEN24_1037342,Agree,Agree,Agree
GEN24_1037345,Agree,Agree,Agree
GEN24_1037349,Disagree,NA,NA
GEN24_1037357,Don't know / Not sure,Agree,Agree
GEN24_1037362,Agree,Agree,Agree
GEN24_1037367,Agree,NA,NA
GEN24_1037373,Agree,Agree,Disagree
GEN24_1037390,Don't know / Not sure,NA,NA
GEN24_1037391,Agree,NA,NA
GEN24_1037396,Agree,Agree,Agree
GEN24_1037399,Agree,Agree,Agree
GEN24_1037412,Agree,NA,NA
GEN24_1037414,Agree,Agree,Agree
GEN24_1037417,Agree,Agree,Agree
GEN24_1037418,Don't know / Not sure,NA,NA
GEN24_1037423,Agree,Disagree,NA
GEN24_1037425,Disagree,NA,NA
GEN24_1037427,Agree,Agree,Agree
GEN24_1037431,Agree,Agree,Agree
GEN24_1037445,Agree,NA,NA
GEN24_1037459,Agree,NA,NA
GEN24_1037460,Disagree,Agree,Agree
GEN24_1037463,Agree,Agree,Agree
GEN24_1037464,Agree,Agree,Agree
GEN24_1037471,Disagree,NA,NA
GEN24_1037474,Don't know / Not sure,Agree,Agree
GEN24_1037483,Disagree,Agree,Agree
GEN24_1037493,Agree,NA,NA
GEN24_1037494,Disagree,NA,NA
GEN24_1037495,Agree,NA,NA
GEN24_1037502,Don't know / Not sure,NA,NA
GEN24_1037507,Agree,Agree,Agree
GEN24_1037512,Agree,Agree,Agree
GEN24_1037517,Agree,Agree,Agree
GEN24_1037518,Agree,Agree,Agree
GEN24_1037523,Agree,Agree,Agree
GEN24_1037531,Agree,Agree,Agree
GEN24_1037538,Agree,Agree,Agree
GEN24_1037553,Agree,Agree,Agree
GEN24_1037565,Agree,NA,NA
GEN24_1037578,Agree,NA,NA
GEN24_1037583,Agree,NA,NA
GEN24_1037584,Agree,Agree,Agree
GEN24_1037589,Agree,NA,NA
GEN24_1037590,Agree,Agree,Agree
GEN24_1037595,Agree,NA,NA
GEN24_1037599,Don't know / Not sure,NA,NA
GEN24_1037602,Don't know / Not sure,Agree,Agree
GEN24_1037610,Agree,Agree,Agree
GEN24_1037612,Don't know / Not sure,NA,NA
GEN24_1037618,Don't know / Not sure,Agree,Agree
GEN24_1037621,Agree,NA,NA
GEN24_1037630,Don't know / Not sure,NA,NA
GEN24_1037641,Don't know / Not sure,NA,NA
GEN24_1037648,Don't know / Not sure,NA,NA
GEN24_1037653,Agree,Agree,Agree
GEN24_1037655,Agree,NA,NA
GEN24_1037664,Agree,NA,Agree
GEN24_1037666,Disagree,NA,NA
GEN24_1037671,Disagree,Agree,Agree
GEN24_1037674,Agree,NA,NA
GEN24_1037685,Agree,Agree,Agree
GEN24_1037689,Agree,Agree,Agree
GEN24_1037693,Agree,Agree,Agree
GEN24_1037696,Agree,Agree,Agree
GEN24_1037698,Agree,Agree,Agree
GEN24_1037700,Don't know / Not sure,NA,NA
GEN24_1037708,Agree,Disagree,Agree
GEN24_1037710,Disagree,NA,NA
GEN24_1037718,Don't know / Not sure,NA,NA
GEN24_1037720,Disagree,NA,NA
GEN24_1037727,Agree,NA,NA
GEN24_1037728,Agree,NA,NA
GEN24_1037732,Disagree,NA,NA
GEN24_1037739,Agree,Agree,Agree
GEN24_1037752,Agree,Agree,Agree
GEN24_1037762,Don't know / Not sure,NA,NA
GEN24_1037763,Don't know / Not sure,NA,NA
GEN24_1037772,Agree,Agree,Agree
GEN24_1037782,Agree,NA,NA
GEN24_1037796,Agree,Agree,Agree
GEN24_1037797,Don't know / Not sure,NA,NA
GEN24_1037801,Agree,NA,NA
GEN24_1037802,Don't know / Not sure,NA,NA
GEN24_1037803,Agree,NA,NA
GEN24_1037812,Don't know / Not sure,NA,NA
GEN24_1037819,Don't know / Not sure,Agree,Agree
GEN24_1037823,Don't know / Not sure,NA,NA
GEN24_1037824,Agree,NA,NA
GEN24_1037831,Agree,Agree,Agree
GEN24_1037839,Agree,NA,NA
GEN24_1037848,Don't know / Not sure,Agree,Agree
GEN24_1037851,Agree,Agree,Agree
GEN24_1037852,Don't know / Not sure,NA,NA
GEN24_1037856,Agree,Agree,Agree
GEN24_1037857,Don't know / Not sure,NA,NA
GEN24_1037862,Don't know / Not sure,NA,NA
GEN24_1037863,Agree,NA,NA
GEN24_1037867,Don't know / Not sure,NA,NA
GEN24_1037868,Disagree,Disagree,Agree
GEN24_1037879,Don't know / Not sure,NA,NA
GEN24_1037888,Agree,NA,NA
GEN24_1037890,Agree,Agree,Agree
GEN24_1037891,Agree,Agree,Agree
GEN24_1037893,Agree,NA,NA
GEN24_1037895,Don't know / Not sure,Agree,Agree
GEN24_1037913,Agree,NA,NA
GEN24_1037919,Agree,NA,NA
GEN24_1037924,Agree,NA,NA
GEN24_1037932,Agree,Agree,Agree
GEN24_1037951,Agree,NA,NA
GEN24_1037953,Disagree,NA,NA
GEN24_1037959,Disagree,NA,NA
GEN24_1037965,Don't know / Not sure,NA,NA
GEN24_1037966,Agree,Agree,Agree
GEN24_1037967,Agree,Agree,Agree
GEN24_1037972,Disagree,Agree,Disagree
GEN24_1037975,Agree,Agree,Agree
GEN24_1037985,Agree,NA,NA
GEN24_1037997,Don't know / Not sure,NA,NA
GEN24_1038000,Disagree,NA,NA
GEN24_1038002,Agree,Agree,Agree
GEN24_1038008,Disagree,NA,NA
GEN24_1038019,Disagree,Agree,Agree
GEN24_1038020,Don't know / Not sure,Agree,Agree
GEN24_1038021,Agree,NA,NA
GEN24_1038024,Agree,NA,NA
GEN24_1038030,Don't know / Not sure,Agree,Agree
GEN24_1038044,Don't know / Not sure,NA,NA
GEN24_1038050,Agree,Agree,NA
GEN24_1038058,Don't know / Not sure,NA,NA
GEN24_1038067,Don't know / Not sure,NA,NA
GEN24_1038068,Agree,NA,NA
GEN24_1038075,Agree,NA,NA
GEN24_1038078,Agree,Agree,Agree
GEN24_1038079,Agree,NA,NA
GEN24_1038082,Agree,Agree,Agree
GEN24_1038083,Agree,Agree,Agree
GEN24_1038102,Agree,NA,NA
GEN24_1038105,Don't know / Not sure,NA,NA
GEN24_1038107,Agree,NA,NA
GEN24_1038112,Don't know / Not sure,NA,NA
GEN24_1038114,Don't know / Not sure,NA,NA
GEN24_1038115,Don't know / Not sure,NA,Agree
GEN24_1038119,Agree,Agree,Agree
GEN24_1038123,Don't know / Not sure,NA,NA
GEN24_1038124,Disagree,Agree,Agree
GEN24_1038129,Don't know / Not sure,NA,NA
GEN24_1038138,Agree,NA,NA
GEN24_1038147,Don't know / Not sure,Agree,Agree
GEN24_1038150,Disagree,NA,NA
GEN24_1038163,Agree,NA,NA
GEN24_1038166,Agree,NA,NA
GEN24_1038167,Don't know / Not sure,NA,Agree
GEN24_1038168,Agree,Agree,Agree
GEN24_1038178,Agree,NA,NA
GEN24_1038191,Agree,Agree,Agree
GEN24_1038193,Don't know / Not sure,NA,NA
GEN24_1038200,Agree,NA,NA
GEN24_1038218,Agree,NA,NA
GEN24_1038219,Don't know / Not sure,NA,NA
GEN24_1038233,Disagree,NA,NA
GEN24_1038238,Disagree,NA,NA
GEN24_1038253,Agree,NA,NA
GEN24_1038254,Don't know / Not sure,NA,NA
GEN24_1038256,Disagree,NA,NA
GEN24_1038262,Disagree,NA,NA
GEN24_1038264,Agree,NA,NA
GEN24_1038266,Don't know / Not sure,NA,NA
GEN24_1038280,Agree,NA,NA
GEN24_1038283,Disagree,NA,NA
GEN24_1038285,Disagree,NA,NA
GEN24_1038291,Disagree,NA,NA
GEN24_1038294,Agree,NA,NA
GEN24_1038295,Agree,NA,NA
GEN24_1038297,Don't know / Not sure,NA,NA
GEN24_1038307,Agree,NA,NA
GEN24_1038309,Don't know / Not sure,Disagree,NA
GEN24_1038314,Agree,NA,Agree
GEN24_1038317,Agree,Agree,Agree
GEN24_1038318,Agree,Agree,Agree
GEN24_1038328,Disagree,NA,NA
GEN24_1038329,Don't know / Not sure,NA,NA
GEN24_1038334,Agree,Agree,Agree
GEN24_1038335,Agree,Agree,Agree
GEN24_1038342,Agree,Agree,Agree
GEN24_1038357,Agree,NA,NA
GEN24_1038374,Agree,NA,NA
GEN24_1038377,Agree,Agree,Agree
GEN24_1038378,Don't know / Not sure,NA,NA
GEN24_1038382,Agree,Agree,Agree
GEN24_1038383,Agree,NA,NA
GEN24_1038385,Agree,NA,NA
GEN24_1038386,Agree,Agree,Agree
GEN24_1038394,Don't know / Not sure,NA,NA
GEN24_1038395,Agree,NA,NA
GEN24_1038397,Agree,NA,NA
GEN24_1038400,Agree,NA,NA
GEN24_1038404,Agree,NA,NA
GEN24_1038412,Don't know / Not sure,NA,NA
GEN24_1038425,Disagree,NA,NA
GEN24_1038427,Disagree,NA,NA
GEN24_1038438,Agree,NA,NA
GEN24_1038446,Disagree,NA,NA
GEN24_1038463,Don't know / Not sure,NA,NA
GEN24_1038464,Agree,NA,Agree
GEN24_1038471,Agree,NA,NA
GEN24_1038476,Don't know / Not sure,NA,NA
GEN24_1038477,Agree,NA,NA
GEN24_1038478,Agree,NA,NA
GEN24_1038483,Agree,Agree,Agree
GEN24_1038498,Agree,Agree,Agree
GEN24_1038513,Agree,Agree,Agree
GEN24_1038514,Agree,Agree,Agree
GEN24_1038521,Agree,NA,NA
GEN24_1038525,Agree,Agree,Agree
GEN24_1038526,Agree,NA,NA
GEN24_1038540,Disagree,NA,NA
GEN24_1038543,Disagree,NA,NA
GEN24_1038545,Agree,NA,NA
GEN24_1038547,Agree,Agree,Agree
GEN24_1038554,Disagree,NA,NA
GEN24_1038558,Don't know / Not sure,NA,NA
GEN24_1038559,Agree,NA,NA
GEN24_1038561,Don't know / Not sure,Agree,Agree
GEN24_1038573,Don't know / Not sure,Agree,Agree
GEN24_1038575,Disagree,NA,NA
GEN24_1038593,Disagree,NA,NA
GEN24_1038596,Agree,Agree,Agree
GEN24_1038614,Agree,Agree,Agree
GEN24_1038626,Disagree,NA,NA
GEN24_1038627,Don't know / Not sure,Agree,Agree
GEN24_1038628,Don't know / Not sure,Agree,Agree
GEN24_1038632,Agree,NA,NA
GEN24_1038636,Don't know / Not sure,NA,NA
GEN24_1038638,Agree,NA,NA
GEN24_1038640,Disagree,NA,NA
GEN24_1038643,Agree,NA,NA
GEN24_1038645,Agree,Disagree,Agree
GEN24_1038652,Agree,Agree,Agree
GEN24_1038654,Agree,NA,NA
GEN24_1038667,Agree,NA,NA
GEN24_1038671,Agree,NA,NA
GEN24_1038686,Agree,Agree,Agree
GEN24_1038689,Don't know / Not sure,NA,NA
GEN24_1038694,Don't know / Not sure,NA,NA
GEN24_1038695,Disagree,NA,NA
GEN24_1038707,Don't know / Not sure,NA,NA
GEN24_1038710,Agree,NA,NA
GEN24_1038711,Agree,Agree,Agree
GEN24_1038714,Don't know / Not sure,NA,NA
GEN24_1038716,Don't know / Not sure,NA,NA
GEN24_1038719,Agree,NA,NA
GEN24_1038723,Agree,NA,NA
GEN24_1038731,Disagree,NA,NA
GEN24_1038733,Agree,Agree,Agree
GEN24_1038734,Agree,Agree,Agree
GEN24_1038736,Don't know / Not sure,NA,NA
GEN24_1038742,Don't know / Not sure,NA,NA
GEN24_1038747,Disagree,NA,NA
GEN24_1038751,Agree,NA,NA
GEN24_1038756,Agree,Agree,Agree
GEN24_1038757,Don't know / Not sure,NA,NA
GEN24_1038766,Disagree,NA,NA
GEN24_1038769,Agree,NA,NA
GEN24_1038773,Don't know / Not sure,NA,NA
GEN24_1038775,Don't know / Not sure,NA,NA
GEN24_1038781,Agree,Agree,Agree
GEN24_1038782,Agree,NA,NA
GEN24_1038789,Agree,Agree,Agree
GEN24_1038792,Agree,NA,NA
GEN24_1038796,Agree,Agree,Agree
GEN24_1038799,Don't know / Not sure,Agree,Agree
GEN24_1038802,Disagree,NA,NA
GEN24_1038803,Don't know / Not sure,NA,NA
GEN24_1038804,Agree,Agree,Agree
GEN24_1038805,Agree,Agree,Agree
GEN24_1038815,Agree,NA,NA
GEN24_1038819,Agree,NA,NA
GEN24_1038820,Don't know / Not sure,NA,NA
GEN24_1038829,Disagree,NA,NA
GEN24_1038841,Disagree,NA,NA
GEN24_1038842,Agree,Agree,Agree
GEN24_1038845,Agree,Agree,Agree
GEN24_1038851,Agree,NA,NA
GEN24_1038856,Agree,Agree,Agree
GEN24_1038857,Agree,NA,NA
GEN24_1038881,Don't know / Not sure,NA,NA
GEN24_1038887,Don't know / Not sure,NA,NA
GEN24_1038892,Agree,NA,NA
GEN24_1038900,Disagree,NA,NA
GEN24_1038902,Disagree,Agree,Agree
GEN24_1038903,Don't know / Not sure,NA,NA
GEN24_1038904,Agree,NA,NA
GEN24_1038906,Agree,NA,NA
GEN24_1038914,Agree,NA,NA
GEN24_1038916,Don't know / Not sure,NA,NA
GEN24_1038920,Don't know / Not sure,NA,NA
GEN24_1038921,Agree,NA,NA
GEN24_1038922,Agree,Agree,Agree
GEN24_1038925,Agree,NA,NA
GEN24_1038928,Agree,Agree,Agree
GEN24_1038936,Agree,Agree,Agree
GEN24_1038938,Agree,Agree,Agree
GEN24_1038945,Agree,NA,NA
GEN24_1038957,Agree,NA,NA
GEN24_1038974,Don't know / Not sure,NA,NA
GEN24_1038980,Don't know / Not sure,Agree,Agree
GEN24_1038982,Agree,NA,NA
GEN24_1038987,Agree,Agree,Agree
GEN24_1038988,Disagree,NA,NA
GEN24_1038991,Agree,Agree,Agree
GEN24_1038993,Agree,Agree,Agree
GEN24_1038994,Don't know / Not sure,NA,NA
GEN24_1039027,Disagree,NA,NA
GEN24_1039033,Agree,NA,NA
GEN24_1039039,Agree,NA,NA
GEN24_1039043,Agree,Agree,Agree
GEN24_1039044,Don't know / Not sure,NA,NA
GEN24_1039047,Agree,NA,NA
GEN24_1039048,Agree,NA,NA
GEN24_1039051,Disagree,NA,NA
GEN24_1039058,Don't know / Not sure,NA,NA
GEN24_1039069,Agree,NA,NA
GEN24_1039082,Disagree,NA,NA
GEN24_1039087,Disagree,NA,NA
GEN24_1039089,Disagree,Agree,Agree
GEN24_1039093,Don't know / Not sure,NA,NA
GEN24_1039097,Don't know / Not sure,NA,NA
GEN24_1039098,Agree,NA,NA
GEN24_1039099,Agree,Agree,Agree
GEN24_1039104,Don't know / Not sure,NA,NA
GEN24_1039109,Don't know / Not sure,NA,NA
GEN24_1039112,Disagree,NA,NA
GEN24_1039116,Agree,NA,NA
GEN24_1039117,Agree,NA,NA
GEN24_1039121,Agree,Agree,Agree
GEN24_1039123,Agree,Agree,Agree
GEN24_1039127,Agree,NA,NA
GEN24_1039129,Agree,Agree,Agree
GEN24_1039130,Agree,Agree,Agree
GEN24_1039133,Agree,Agree,Agree
GEN24_1039137,Agree,Agree,Agree
GEN24_1039139,Agree,NA,NA
GEN24_1039140,Disagree,NA,NA
GEN24_1039141,Agree,NA,NA
GEN24_1039142,Don't know / Not sure,NA,NA
GEN24_1039148,Agree,Agree,Agree
GEN24_1039167,Don't know / Not sure,NA,NA
GEN24_1039207,Agree,Agree,Agree
GEN24_1039208,Disagree,NA,NA
GEN24_1039211,Don't know / Not sure,NA,NA
GEN24_1039221,Agree,Agree,Agree
GEN24_1039228,Agree,Agree,Agree
GEN24_1039244,Don't know / Not sure,NA,NA
GEN24_1039250,Agree,NA,NA
GEN24_1039251,Agree,Agree,Agree
GEN24_1039255,Disagree,NA,NA
GEN24_1039264,Agree,Agree,Agree
GEN24_1039280,Agree,Agree,Agree
GEN24_1039281,Agree,Disagree,NA
GEN24_1039283,Agree,NA,NA
GEN24_1039291,Agree,NA,NA
GEN24_1039309,Agree,Agree,Agree
GEN24_1039311,Don't know / Not sure,NA,NA
GEN24_1039312,Don't know / Not sure,NA,NA
GEN24_1039322,Agree,NA,NA
GEN24_1039327,Agree,Agree,Agree
GEN24_1039329,Agree,NA,NA
GEN24_1039331,Agree,NA,NA
GEN24_1039343,Agree,NA,NA
GEN24_1039346,Don't know / Not sure,NA,NA
GEN24_1039351,Agree,NA,NA
GEN24_1039361,Agree,Agree,Agree
GEN24_1039378,Don't know / Not sure,NA,NA
GEN24_1039385,Don't know / Not sure,NA,NA
GEN24_1039398,Don't know / Not sure,Agree,NA
GEN24_1039404,Agree,NA,NA
GEN24_1039406,Don't know / Not sure,NA,NA
GEN24_1039416,Agree,Agree,Agree
GEN24_1039424,Disagree,Agree,Agree
GEN24_1039425,Disagree,NA,NA
GEN24_1039427,Agree,NA,NA
GEN24_1039428,Don't know / Not sure,Agree,Agree
GEN24_1039447,Disagree,NA,NA
GEN24_1039452,Agree,NA,NA
GEN24_1039456,Agree,NA,NA
GEN24_1039458,Don't know / Not sure,Agree,Agree
GEN24_1039463,Don't know / Not sure,Agree,Agree
GEN24_1039464,Disagree,NA,NA
GEN24_1039467,Agree,NA,NA
GEN24_1039471,Agree,NA,NA
GEN24_1039474,Agree,Agree,Agree
GEN24_1039483,Don't know / Not sure,NA,NA
GEN24_1039487,Agree,Agree,Agree
GEN24_1039505,Agree,NA,NA
GEN24_1039508,Don't know / Not sure,NA,NA
GEN24_1039517,Agree,NA,NA
GEN24_1039518,Agree,NA,NA
GEN24_1039520,Agree,NA,NA
GEN24_1039524,Agree,Agree,Agree
GEN24_1039526,Agree,NA,NA
GEN24_1039530,Disagree,Agree,Agree
GEN24_1039540,Don't know / Not sure,NA,NA
GEN24_1039550,Disagree,NA,NA
GEN24_1039558,Agree,NA,NA
GEN24_1039561,Don't know / Not sure,NA,NA
GEN24_1039563,Disagree,NA,NA
GEN24_1039565,Agree,Agree,Agree
GEN24_1039566,Agree,NA,NA
GEN24_1039573,Disagree,Agree,Agree
GEN24_1039581,Agree,NA,NA
GEN24_1039589,Don't know / Not sure,Agree,Agree
GEN24_1039596,Don't know / Not sure,NA,NA
GEN24_1039604,Don't know / Not sure,NA,NA
GEN24_1039622,Disagree,NA,NA
GEN24_1039633,Don't know / Not sure,NA,NA
GEN24_1039634,Disagree,NA,NA
GEN24_1039643,Agree,Agree,Agree
GEN24_1039650,Disagree,Agree,Agree
GEN24_1039653,Don't know / Not sure,NA,NA
GEN24_1039661,Agree,NA,NA
GEN24_1039666,Agree,Agree,Agree
GEN24_1039669,Agree,NA,NA
GEN24_1039670,Agree,Agree,Agree
GEN24_1039671,Disagree,NA,NA
GEN24_1039677,Agree,NA,NA
GEN24_1039684,Agree,NA,NA
GEN24_1039685,Disagree,NA,NA
GEN24_1039692,Agree,NA,NA
GEN24_1039695,Don't know / Not sure,NA,NA
GEN24_1039696,Agree,Agree,Agree
GEN24_1039699,Disagree,NA,NA
GEN24_1039701,Don't know / Not sure,NA,NA
GEN24_1039702,Disagree,NA,NA
GEN24_1039719,Agree,NA,NA
GEN24_1039724,Agree,NA,NA
GEN24_1039727,Disagree,Agree,Agree
GEN24_1039731,Agree,NA,NA
GEN24_1039737,Disagree,NA,Agree
GEN24_1039738,Agree,Agree,NA
GEN24_1039741,Disagree,NA,NA
GEN24_1039744,Agree,NA,NA
GEN24_1039746,Agree,NA,NA
GEN24_1039750,Don't know / Not sure,NA,NA
GEN24_1039757,Agree,Agree,Agree
GEN24_1039760,Disagree,Agree,Agree
GEN24_1039768,Agree,NA,NA
GEN24_1039786,Agree,NA,NA
GEN24_1039792,Agree,Agree,Agree
GEN24_1039794,Don't know / Not sure,Agree,Agree
GEN24_1039807,Agree,Agree,Agree
GEN24_1039819,Disagree,NA,NA
GEN24_1039820,Don't know / Not sure,NA,NA
GEN24_1039827,Agree,NA,NA
GEN24_1039836,Agree,NA,NA
GEN24_1039837,Agree,NA,NA
GEN24_1039842,Don't know / Not sure,NA,NA
GEN24_1039852,Agree,Agree,Agree
GEN24_1039853,Agree,Agree,Agree
GEN24_1039855,Agree,Agree,Agree
GEN24_1039856,Agree,Agree,Agree
GEN24_1039857,Disagree,Agree,Agree
GEN24_1039872,Agree,NA,NA
GEN24_1039873,Agree,NA,NA
GEN24_1039877,Disagree,NA,NA
GEN24_1039883,Don't know / Not sure,NA,NA
GEN24_1039890,Disagree,Agree,Agree
GEN24_1039906,Don't know / Not sure,Agree,Agree
GEN24_1039919,Agree,NA,NA
GEN24_1039920,Agree,Agree,Agree
GEN24_1039930,Agree,NA,NA
GEN24_1039933,Disagree,Agree,Agree
GEN24_1039938,Don't know / Not sure,Disagree,Agree
GEN24_1039939,Don't know / Not sure,NA,NA
GEN24_1039940,Don't know / Not sure,Agree,Agree
GEN24_1039950,Don't know / Not sure,Agree,Agree
GEN24_1039953,Agree,NA,NA
GEN24_1039956,Agree,Agree,Agree
GEN24_1039963,Agree,Agree,Agree
GEN24_1039968,Agree,Agree,Agree
GEN24_1039974,Agree,NA,NA
GEN24_1039975,Agree,NA,NA
GEN24_1039983,Don't know / Not sure,NA,NA
GEN24_1039985,Agree,Agree,Agree
GEN24_1039988,Agree,NA,NA
GEN24_1039990,Agree,Agree,Agree
GEN24_1039992,Don't know / Not sure,NA,NA
GEN24_1039993,Agree,NA,NA
GEN24_1039994,Agree,NA,NA
GEN24_1039995,Don't know / Not sure,Agree,Agree
GEN24_1039998,Disagree,NA,NA
GEN24_1040001,Agree,NA,NA
GEN24_1040010,Agree,Agree,Agree
GEN24_1040011,Disagree,Agree,Agree
GEN24_1040013,Agree,Agree,Agree
GEN24_1040014,Agree,Agree,NA
GEN24_1040017,Agree,Agree,Agree
GEN24_1040018,Agree,Agree,Agree
GEN24_1040019,Don't know / Not sure,Agree,Agree
GEN24_1040021,Agree,Agree,Agree
GEN24_1040022,Agree,NA,NA
GEN24_1040027,Agree,Agree,Agree
GEN24_1040031,Agree,NA,NA
GEN24_1040036,Disagree,Agree,Agree
GEN24_1040037,Agree,NA,NA
GEN24_1040046,Disagree,NA,NA
GEN24_1040050,Agree,NA,NA
GEN24_1040051,Agree,Agree,Agree
GEN24_1040055,Agree,NA,NA
GEN24_1040063,Disagree,NA,NA
GEN24_1040065,Disagree,NA,NA
GEN24_1040070,Don't know / Not sure,NA,Agree
GEN24_1040079,Agree,Agree,Agree
GEN24_1040081,Agree,NA,NA
GEN24_1040082,Don't know / Not sure,Disagree,NA
GEN24_1040087,Agree,NA,NA
GEN24_1040089,Disagree,Agree,Agree
GEN24_1040101,Agree,NA,NA
GEN24_1040109,Agree,NA,NA
GEN24_1040111,Agree,NA,NA
GEN24_1040122,Agree,Agree,Agree
GEN24_1040124,Agree,NA,NA
GEN24_1040126,Agree,Agree,Agree
GEN24_1040127,Agree,Agree,Agree
GEN24_1040128,Disagree,Agree,Agree
GEN24_1040129,Disagree,Agree,Agree
GEN24_1040130,Agree,Agree,Agree
GEN24_1040143,Don't know / Not sure,Agree,Agree
GEN24_1040152,Agree,NA,NA
GEN24_1040166,Don't know / Not sure,NA,NA
GEN24_1040183,Don't know / Not sure,NA,NA
GEN24_1040186,Agree,NA,NA
GEN24_1040187,Disagree,NA,NA
GEN24_1040189,Agree,Disagree,Agree
GEN24_1040190,Agree,Agree,Agree
GEN24_1040205,Disagree,Agree,Agree
GEN24_1040208,Don't know / Not sure,NA,NA
GEN24_1040209,Don't know / Not sure,NA,NA
GEN24_1040216,Agree,NA,NA
GEN24_1040229,Disagree,NA,NA
GEN24_1040230,Don't know / Not sure,Agree,Agree
GEN24_1040237,Disagree,NA,NA
GEN24_1040245,Agree,NA,NA
GEN24_1040249,Agree,Agree,Agree
GEN24_1040251,Agree,NA,NA
GEN24_1040252,Agree,Agree,Agree
GEN24_1040253,Don't know / Not sure,NA,NA
GEN24_1040272,Agree,Agree,Agree
GEN24_1040277,Agree,NA,NA
GEN24_1040280,Don't know / Not sure,NA,NA
GEN24_1040282,Agree,Agree,Agree
GEN24_1040283,Disagree,NA,NA
GEN24_1040284,Agree,NA,NA
GEN24_1040285,Don't know / Not sure,NA,NA
GEN24_1040296,Agree,Agree,Agree
GEN24_1040299,Agree,NA,NA
GEN24_1040308,Agree,NA,NA
GEN24_1040315,Agree,NA,NA
GEN24_1040320,Agree,Agree,Agree
GEN24_1040329,Disagree,NA,NA
GEN24_1040332,Agree,NA,NA
GEN24_1040336,Agree,Agree,Agree
GEN24_1040337,Agree,NA,NA
GEN24_1040340,Agree,NA,NA
GEN24_1040345,Agree,NA,NA
GEN24_1040347,Agree,NA,NA
GEN24_1040356,Agree,Agree,Agree
GEN24_1040366,Don't know / Not sure,Agree,Agree
GEN24_1040368,Agree,Agree,Agree
GEN24_1040369,Agree,NA,NA
GEN24_1040371,Agree,Agree,Agree
GEN24_1040380,Agree,NA,NA
GEN24_1040388,Don't know / Not sure,Agree,Agree
GEN24_1040389,Agree,Agree,Agree
GEN24_1040394,Agree,NA,NA
GEN24_1040409,Agree,NA,NA
GEN24_1040418,Agree,Agree,Agree
GEN24_1040435,Agree,Agree,Agree
GEN24_1040439,Don't know / Not sure,NA,NA
GEN24_1040446,Agree,NA,NA
GEN24_1040467,Disagree,NA,NA
GEN24_1040474,Agree,NA,NA
GEN24_1040484,Agree,NA,NA
GEN24_1040501,Agree,NA,NA
GEN24_1040515,Disagree,NA,NA
GEN24_1040529,Disagree,Disagree,Agree
GEN24_1040534,Agree,NA,NA
GEN24_1040537,Agree,NA,NA
GEN24_1040541,Agree,NA,Agree
GEN24_1040546,Disagree,NA,NA
GEN24_1040560,Don't know / Not sure,Agree,Agree
GEN24_1040564,Agree,NA,Agree
GEN24_1040583,Agree,NA,NA
GEN24_1040589,Disagree,NA,NA
GEN24_1040599,Disagree,NA,NA
GEN24_1040606,Agree,NA,NA
GEN24_1040608,Don't know / Not sure,NA,NA
GEN24_1040615,Agree,Agree,Agree
GEN24_1040621,Disagree,NA,NA
GEN24_1040642,Agree,NA,NA
GEN24_1040644,Agree,Agree,Agree
GEN24_1040655,Agree,NA,NA
GEN24_1040659,Agree,NA,NA
GEN24_1040660,Disagree,NA,NA
GEN24_1040663,Agree,NA,NA
GEN24_1040664,Disagree,NA,NA
GEN24_1040667,Agree,NA,NA
GEN24_1040672,Don't know / Not sure,Disagree,Agree
GEN24_1040673,Don't know / Not sure,Agree,Agree
GEN24_1040674,Disagree,Agree,Agree
GEN24_1040677,Agree,NA,NA
GEN24_1040680,Agree,Agree,Agree
GEN24_1040682,Agree,Agree,Agree
GEN24_1040688,Disagree,NA,NA
GEN24_1040691,Disagree,NA,NA
GEN24_1040693,Agree,NA,NA
GEN24_1040694,Agree,Agree,Agree
GEN24_1040696,Agree,NA,NA
GEN24_1040699,Agree,Agree,Agree
GEN24_1040703,Agree,Agree,Agree
GEN24_1040704,Disagree,Agree,Agree
GEN24_1040705,Agree,Agree,Agree
GEN24_1040707,Agree,NA,NA
GEN24_1040709,Don't know / Not sure,Agree,Agree
GEN24_1040714,Don't know / Not sure,Agree,Agree
GEN24_1040716,Don't know / Not sure,Agree,Agree
GEN24_1040732,Agree,NA,NA
GEN24_1040748,Don't know / Not sure,NA,NA
GEN24_1040751,Agree,Agree,Agree
GEN24_1040754,Agree,Agree,Agree
GEN24_1040755,Agree,Agree,NA
GEN24_1040756,Don't know / Not sure,NA,NA
GEN24_1040759,Don't know / Not sure,Agree,Agree
GEN24_1040760,Disagree,NA,NA
GEN24_1040762,Don't know / Not sure,NA,NA
GEN24_1040763,Don't know / Not sure,NA,NA
GEN24_1040767,Agree,Agree,Agree
GEN24_1040768,Don't know / Not sure,NA,NA
GEN24_1040776,Agree,NA,NA
GEN24_1040785,Disagree,Agree,Agree
GEN24_1040789,Agree,NA,NA
GEN24_1040791,Don't know / Not sure,Agree,Agree
GEN24_1040792,Don't know / Not sure,NA,NA
GEN24_1040795,Disagree,NA,NA
GEN24_1040803,Agree,Agree,Agree
GEN24_1040804,Don't know / Not sure,Agree,Agree
GEN24_1040812,Disagree,Agree,Agree
GEN24_1040814,Agree,NA,NA
GEN24_1040825,Disagree,Disagree,Agree
GEN24_1040829,Agree,NA,NA
GEN24_1040835,Don't know / Not sure,Agree,Agree
GEN24_1040836,Disagree,NA,NA
GEN24_1040837,Disagree,Agree,Agree
GEN24_1040839,Agree,Agree,Agree
GEN24_1040843,Agree,NA,NA
GEN24_1040848,Agree,NA,NA
GEN24_1040861,Don't know / Not sure,Agree,Agree
GEN24_1040862,Agree,NA,NA
GEN24_1040863,Don't know / Not sure,Agree,Agree
GEN24_1040869,Disagree,Agree,Agree
GEN24_1040871,Agree,Agree,Agree
GEN24_1040872,Don't know / Not sure,Agree,Agree
GEN24_1040873,Agree,NA,NA
GEN24_1040876,Disagree,NA,NA
GEN24_1040878,Agree,NA,NA
GEN24_1040885,Agree,Agree,Agree
GEN24_1040886,Agree,NA,NA
GEN24_1040891,Agree,NA,Agree
GEN24_1040893,Disagree,Agree,Agree
GEN24_1040894,Agree,Agree,Agree
GEN24_1040895,Agree,NA,NA
GEN24_1040896,Don't know / Not sure,NA,NA
GEN24_1040899,Agree,NA,NA
GEN24_1040900,Don't know / Not sure,NA,NA
GEN24_1040901,Don't know / Not sure,NA,NA
GEN24_1040908,Agree,Agree,Agree
GEN24_1040914,Don't know / Not sure,NA,NA
GEN24_1040924,Agree,Agree,Agree
GEN24_1040927,Agree,NA,NA
GEN24_1040929,Agree,NA,NA
GEN24_1040931,Disagree,Agree,Agree
GEN24_1040939,Don't know / Not sure,NA,Agree
GEN24_1040943,Disagree,NA,NA
GEN24_1040946,Don't know / Not sure,NA,NA
GEN24_1040948,Don't know / Not sure,Agree,Agree
GEN24_1040979,Agree,Agree,Agree
GEN24_1040986,Don't know / Not sure,Agree,Agree
GEN24_1040988,Agree,NA,NA
GEN24_1040993,Disagree,Agree,Agree
GEN24_1040998,Agree,NA,NA
GEN24_1041008,Agree,Agree,Agree
GEN24_1041017,Agree,Agree,Agree
GEN24_1041018,Agree,Agree,Agree
GEN24_1041021,Agree,NA,NA
GEN24_1041023,Agree,NA,NA
GEN24_1041027,Don't know / Not sure,NA,NA
GEN24_1041030,Disagree,Disagree,Agree
GEN24_1041031,Disagree,NA,NA
GEN24_1041038,Don't know / Not sure,Agree,Agree
GEN24_1041043,Agree,NA,NA
GEN24_1041044,Agree,NA,NA
GEN24_1041045,Agree,Agree,Agree
GEN24_1041055,Agree,NA,NA
GEN24_1041078,Disagree,NA,NA
GEN24_1041079,Agree,Agree,Agree
GEN24_1041080,Agree,NA,NA
GEN24_1041084,Agree,Agree,Agree
GEN24_1041094,Disagree,NA,NA
GEN24_1041096,Agree,Agree,Agree
GEN24_1041097,Agree,Agree,Agree
GEN24_1041099,Don't know / Not sure,Agree,Agree
GEN24_1041103,Disagree,NA,NA
GEN24_1041126,Agree,NA,NA
GEN24_1041128,Agree,NA,NA
GEN24_1041133,Don't know / Not sure,NA,NA
GEN24_1041134,Agree,Agree,Agree
GEN24_1041140,Don't know / Not sure,Agree,Agree
GEN24_1041143,Agree,Agree,Agree
GEN24_1041144,Disagree,NA,NA
GEN24_1041145,Don't know / Not sure,NA,NA
GEN24_1041152,Agree,Agree,Agree
GEN24_1041154,Agree,NA,NA
GEN24_1041156,Disagree,NA,NA
GEN24_1041159,Disagree,NA,NA
GEN24_1041160,Agree,Agree,Agree
GEN24_1041161,Agree,NA,NA
GEN24_1041162,Agree,NA,NA
GEN24_1041168,Agree,NA,NA
GEN24_1041169,Agree,Agree,Agree
GEN24_1041171,Disagree,NA,NA
GEN24_1041175,Agree,NA,NA
GEN24_1041181,Agree,Agree,Agree
GEN24_1041182,Agree,NA,NA
GEN24_1041199,Disagree,NA,Agree
GEN24_1041201,Agree,NA,NA
GEN24_1041205,Agree,NA,NA
GEN24_1041212,Disagree,NA,NA
GEN24_1041213,Agree,NA,NA
GEN24_1041217,Disagree,Agree,Agree
GEN24_1041225,Don't know / Not sure,NA,NA
GEN24_1041231,Don't know / Not sure,Agree,Agree
GEN24_1041232,Agree,Agree,Agree
GEN24_1041237,Agree,NA,NA
GEN24_1041244,Don't know / Not sure,NA,NA
GEN24_1041246,Agree,Agree,Agree
GEN24_1041248,Disagree,Agree,Agree
GEN24_1041251,Don't know / Not sure,NA,NA
GEN24_1041253,Don't know / Not sure,Agree,Agree
GEN24_1041254,Agree,Agree,Agree
GEN24_1041256,Don't know / Not sure,NA,NA
GEN24_1041265,Agree,Agree,Agree
GEN24_1041267,Agree,NA,NA
GEN24_1041269,Disagree,Agree,Agree
GEN24_1041276,Disagree,Agree,Agree
GEN24_1041279,Disagree,Agree,Agree
GEN24_1041280,Disagree,Agree,Agree
GEN24_1041282,Agree,Agree,Agree
GEN24_1041284,Agree,NA,NA
GEN24_1041285,Disagree,Agree,Agree
GEN24_1041286,Don't know / Not sure,NA,NA
GEN24_1041290,Don't know / Not sure,NA,NA
GEN24_1041291,Agree,NA,NA
GEN24_1041292,Agree,NA,NA
GEN24_1041297,Agree,NA,NA
GEN24_1041305,Don't know / Not sure,Agree,Agree
GEN24_1041308,Agree,Agree,Agree
GEN24_1041316,Don't know / Not sure,NA,NA
GEN24_1041329,Agree,Agree,Agree
GEN24_1041330,Agree,Agree,Agree
GEN24_1041336,Don't know / Not sure,Agree,Agree
GEN24_1041339,Disagree,Agree,Agree
GEN24_1041340,Agree,Agree,Agree
GEN24_1041346,Agree,Agree,Agree
GEN24_1041347,Agree,Agree,Agree
GEN24_1041361,Agree,Agree,Agree
GEN24_1041365,Agree,NA,NA
GEN24_1041366,Disagree,Agree,Agree
GEN24_1041374,Don't know / Not sure,NA,NA
GEN24_1041381,Disagree,NA,NA
GEN24_1041383,Disagree,NA,Agree
GEN24_1041384,Disagree,NA,NA
GEN24_1041391,Agree,Agree,Agree
GEN24_1041392,Disagree,NA,NA
GEN24_1041393,Agree,NA,NA
GEN24_1041400,Don't know / Not sure,Agree,Agree
GEN24_1041401,Agree,Agree,Agree
GEN24_1041402,Disagree,NA,NA
GEN24_1041404,Agree,Agree,Agree
GEN24_1041408,Disagree,NA,NA
GEN24_1041410,Agree,Disagree,Agree
GEN24_1041421,Agree,Agree,Agree
GEN24_1041424,Agree,NA,NA
GEN24_1041430,Don't know / Not sure,NA,NA
GEN24_1041432,Disagree,NA,NA
GEN24_1041436,Don't know / Not sure,NA,NA
GEN24_1041437,Disagree,NA,NA
GEN24_1041450,Agree,Agree,Agree
GEN24_1041473,Agree,NA,NA
GEN24_1041483,Don't know / Not sure,NA,NA
GEN24_1041491,Don't know / Not sure,Agree,Agree
GEN24_1041492,Agree,NA,NA
GEN24_1041499,Disagree,NA,NA
GEN24_1041501,Agree,Agree,Agree
GEN24_1041502,Don't know / Not sure,NA,NA
GEN24_1041506,Agree,NA,NA
GEN24_1041527,Agree,Agree,Agree
GEN24_1041541,Disagree,Agree,Agree
GEN24_1041542,Don't know / Not sure,Agree,Agree
GEN24_1041559,Agree,NA,NA
GEN24_1041565,Disagree,NA,NA
GEN24_1041569,Don't know / Not sure,NA,NA
GEN24_1041571,Disagree,NA,NA
GEN24_1041572,Don't know / Not sure,NA,NA
GEN24_1041593,Agree,Agree,Agree
GEN24_1041603,Agree,Agree,Agree
GEN24_1041616,Don't know / Not sure,NA,NA
GEN24_1041628,Disagree,Disagree,Disagree
GEN24_1041631,Agree,Agree,Agree
GEN24_1041634,Agree,NA,NA
GEN24_1041652,Agree,NA,NA
GEN24_1041654,Agree,NA,NA
GEN24_1041663,Agree,Agree,Agree
GEN24_1041669,Agree,Agree,Agree
GEN24_1041672,Don't know / Not sure,NA,NA
GEN24_1041675,Disagree,NA,NA
GEN24_1041678,Agree,NA,NA
GEN24_1041681,Agree,Agree,Agree
GEN24_1041682,Agree,Agree,Agree
GEN24_1041684,Agree,NA,NA
GEN24_1041689,Disagree,NA,NA
GEN24_1041691,Agree,NA,NA
GEN24_1041693,Don't know / Not sure,NA,NA
GEN24_1041703,Agree,NA,NA
GEN24_1041706,Agree,Agree,Agree
GEN24_1041711,Don't know / Not sure,Agree,Agree
GEN24_1041712,Agree,NA,NA
GEN24_1041716,Agree,Agree,Agree
GEN24_1041728,Agree,Agree,Agree
GEN24_1041738,Agree,NA,NA
GEN24_1041741,Don't know / Not sure,NA,NA
GEN24_1041745,Disagree,NA,NA
GEN24_1041755,Don't know / Not sure,NA,NA
GEN24_1041760,Agree,NA,NA
GEN24_1041761,Agree,NA,NA
GEN24_1041766,Don't know / Not sure,NA,NA
GEN24_1041768,Agree,NA,NA
GEN24_1041769,Disagree,NA,NA
GEN24_1041770,Agree,Agree,Agree
GEN24_1041775,Don't know / Not sure,NA,NA
GEN24_1041780,Don't know / Not sure,NA,NA
GEN24_1041785,Agree,NA,NA
GEN24_1041791,Disagree,Agree,Agree
GEN24_1041807,Agree,Agree,Agree
GEN24_1041812,Disagree,NA,NA
GEN24_1041815,Agree,Agree,Agree
GEN24_1041821,Agree,Agree,Agree
GEN24_1041822,Disagree,Agree,Agree
GEN24_1041824,Don't know / Not sure,Agree,NA
GEN24_1041825,Agree,NA,NA
GEN24_1041830,Agree,NA,NA
GEN24_1041831,Agree,Agree,Agree
GEN24_1041834,Agree,Disagree,NA
GEN24_1041836,Don't know / Not sure,NA,NA
GEN24_1041844,Disagree,NA,NA
GEN24_1041848,Agree,Agree,Agree
GEN24_1041851,Disagree,Agree,Agree
GEN24_1041868,Agree,Disagree,Agree
GEN24_1041870,Agree,Agree,Agree
GEN24_1041871,Agree,NA,NA
GEN24_1041879,Agree,NA,NA
GEN24_1041881,Agree,NA,NA
GEN24_1041886,Agree,NA,NA
GEN24_1041894,Disagree,NA,NA
GEN24_1041904,Agree,NA,NA
GEN24_1041906,Don't know / Not sure,NA,NA
GEN24_1041907,Don't know / Not sure,NA,NA
GEN24_1041908,Disagree,NA,NA
GEN24_1041909,Agree,NA,NA
GEN24_1041910,Agree,NA,NA
GEN24_1041911,Agree,Agree,Agree
GEN24_1041913,Agree,NA,NA
GEN24_1041916,Disagree,NA,NA
GEN24_1041918,Agree,Agree,Agree
GEN24_1041925,Agree,Agree,Agree
GEN24_1041928,Agree,Agree,Agree
GEN24_1041942,Agree,NA,NA
GEN24_1041948,Agree,NA,NA
GEN24_1041952,Agree,NA,NA
GEN24_1041953,Agree,NA,NA
GEN24_1041959,Don't know / Not sure,NA,NA
GEN24_1041962,Agree,NA,NA
GEN24_1041964,Don't know / Not sure,NA,NA
GEN24_1041965,Disagree,NA,NA
GEN24_1041970,Agree,Agree,Agree
GEN24_1041971,Agree,NA,NA
GEN24_1041987,Agree,NA,NA
GEN24_1041989,Don't know / Not sure,NA,NA
GEN24_1041990,Don't know / Not sure,NA,NA
GEN24_1042004,Agree,NA,NA
GEN24_1042009,Don't know / Not sure,NA,NA
GEN24_1042011,Agree,NA,NA
GEN24_1042016,Agree,Agree,Agree
GEN24_1042024,Agree,Agree,Agree
GEN24_1042025,Agree,NA,NA
GEN24_1042026,Disagree,Agree,Agree
GEN24_1042029,Agree,NA,NA
GEN24_1042044,Agree,NA,NA
GEN24_1042050,Disagree,NA,NA
GEN24_1042055,Don't know / Not sure,NA,NA
GEN24_1042061,Agree,NA,NA
GEN24_1042071,Don't know / Not sure,NA,NA
GEN24_1042082,Agree,NA,NA
GEN24_1042092,Don't know / Not sure,Agree,Agree
GEN24_1042094,Agree,NA,NA
GEN24_1042095,Agree,NA,NA
GEN24_1042099,Agree,Agree,Agree
GEN24_1042103,Don't know / Not sure,Agree,Agree
GEN24_1042107,Don't know / Not sure,Agree,Agree
GEN24_1042109,Agree,Agree,Agree
GEN24_1042111,Agree,Agree,Agree
GEN24_1042116,Agree,Agree,Agree
GEN24_1042120,Agree,Agree,Agree
GEN24_1042122,Agree,NA,NA
GEN24_1042124,Agree,NA,NA
GEN24_1042129,Disagree,NA,NA
GEN24_1042130,Agree,Agree,Agree
GEN24_1042135,Don't know / Not sure,NA,NA
GEN24_1042138,Agree,Agree,Agree
GEN24_1042142,Disagree,NA,NA
GEN24_1042148,Don't know / Not sure,NA,NA
GEN24_1042153,Agree,NA,NA
GEN24_1042157,Agree,NA,NA
GEN24_1042158,Agree,Agree,Agree
GEN24_1042170,Agree,Agree,Agree
GEN24_1042191,Agree,NA,NA
GEN24_1042193,Disagree,NA,NA
GEN24_1042196,Agree,NA,NA
GEN24_1042198,Agree,Agree,Agree
GEN24_1042200,Don't know / Not sure,NA,NA
GEN24_1042201,Agree,Agree,Agree
GEN24_1042202,Don't know / Not sure,NA,NA
GEN24_1042207,Don't know / Not sure,NA,NA
GEN24_1042210,Disagree,NA,NA
GEN24_1042214,Agree,NA,NA
GEN24_1042234,Agree,NA,NA
GEN24_1042246,Disagree,NA,NA
GEN24_1042247,Don't know / Not sure,NA,NA
GEN24_1042276,Agree,NA,NA
GEN24_1042277,Agree,NA,NA
GEN24_1042285,Agree,Agree,Agree
GEN24_1042286,Agree,Agree,Agree
GEN24_1042299,Agree,Agree,Agree
GEN24_1042301,Agree,Agree,Agree
GEN24_1042309,Agree,NA,NA
GEN24_1042312,Agree,Agree,Agree
GEN24_1042316,Disagree,NA,NA
GEN24_1042319,Agree,NA,NA
GEN24_1042320,Agree,NA,NA
GEN24_1042330,Disagree,NA,NA
GEN24_1042341,Don't know / Not sure,Agree,Agree
GEN24_1042345,Don't know / Not sure,NA,NA
GEN24_1042350,Agree,Agree,Agree
GEN24_1042361,Don't know / Not sure,NA,NA
GEN24_1042362,Disagree,NA,NA
GEN24_1042368,Agree,Agree,Agree
GEN24_1042383,Agree,NA,NA
GEN24_1042390,Disagree,Agree,Agree
GEN24_1042391,Disagree,Agree,Agree
GEN24_1042404,Disagree,NA,NA
GEN24_1042406,Agree,Agree,Agree
GEN24_1042410,Agree,NA,NA
GEN24_1042414,Disagree,NA,NA
GEN24_1042415,Disagree,NA,NA
GEN24_1042420,Disagree,NA,NA
GEN24_1042426,Agree,NA,NA
GEN24_1042432,Disagree,NA,NA
GEN24_1042439,Agree,NA,NA
GEN24_1042441,Agree,NA,NA
GEN24_1042448,Agree,NA,NA
GEN24_1042449,Agree,NA,NA
GEN24_1042462,Agree,NA,NA
GEN24_1042465,Agree,Agree,Agree
GEN24_1042481,Agree,NA,NA
GEN24_1042483,Don't know / Not sure,NA,Disagree
GEN24_1042492,Disagree,NA,NA
GEN24_1042493,Agree,NA,NA
GEN24_1042500,Agree,NA,NA
GEN24_1042502,Don't know / Not sure,NA,NA
GEN24_1042505,Disagree,Agree,Agree
GEN24_1042514,Don't know / Not sure,Agree,Agree
GEN24_1042531,Agree,NA,NA
GEN24_1042533,Agree,NA,NA
GEN24_1042537,Agree,NA,NA
GEN24_1042541,Don't know / Not sure,NA,NA
GEN24_1042542,Don't know / Not sure,Agree,Agree
GEN24_1042556,Don't know / Not sure,Agree,Agree
GEN24_1042557,Agree,Agree,Agree
GEN24_1042561,Agree,Agree,Agree
GEN24_1042562,Agree,NA,NA
GEN24_1042570,Agree,Agree,Agree
GEN24_1042574,Agree,NA,NA
GEN24_1042578,Agree,Agree,Agree
GEN24_1042610,Agree,NA,NA
GEN24_1042617,Disagree,Agree,Agree
GEN24_1042618,Agree,Agree,Agree
GEN24_1042624,Disagree,NA,NA
GEN24_1042628,Agree,NA,NA
GEN24_1042630,Agree,NA,NA
GEN24_1042638,Don't know / Not sure,NA,NA
GEN24_1042642,Agree,NA,NA
GEN24_1042645,Agree,Agree,Agree
GEN24_1042648,Don't know / Not sure,NA,NA
GEN24_1042649,Agree,NA,NA
GEN24_1042655,Agree,Agree,Agree
GEN24_1042659,Agree,NA,NA
GEN24_1042665,Agree,NA,NA
GEN24_1042672,Don't know / Not sure,Agree,Agree
GEN24_1042674,Agree,Agree,Agree
GEN24_1042681,Agree,Agree,Agree
GEN24_1042686,Don't know / Not sure,NA,NA
GEN24_1042688,Don't know / Not sure,NA,NA
GEN24_1042708,Disagree,Agree,Agree
GEN24_1042717,Agree,Agree,Agree
GEN24_1042721,Disagree,NA,NA
GEN24_1042723,Agree,NA,NA
GEN24_1042732,Don't know / Not sure,NA,NA
GEN24_1042735,Agree,Agree,Agree
GEN24_1042767,Agree,NA,NA
GEN24_1042775,Agree,Agree,NA
GEN24_1042785,Agree,Agree,Agree
GEN24_1042790,Agree,NA,NA
GEN24_1042791,Agree,Agree,Agree
GEN24_1042792,Don't know / Not sure,Agree,NA
GEN24_1042800,Agree,Agree,Agree
GEN24_1042812,Agree,Agree,Agree
GEN24_1042820,Agree,Agree,Agree
GEN24_1042824,Agree,NA,NA
GEN24_1042825,Agree,NA,NA
GEN24_1042828,Agree,Agree,Agree
GEN24_1042838,Don't know / Not sure,NA,NA
GEN24_1042842,Agree,Agree,Agree
GEN24_1042844,Agree,Agree,Agree
GEN24_1042850,Disagree,NA,NA
GEN24_1042852,Don't know / Not sure,NA,NA
GEN24_1042854,Agree,Agree,Agree
GEN24_1042855,Disagree,NA,NA
GEN24_1042859,Don't know / Not sure,NA,NA
GEN24_1042867,Don't know / Not sure,Agree,Agree
GEN24_1042878,Don't know / Not sure,NA,NA
GEN24_1042879,Disagree,NA,NA
GEN24_1042884,Disagree,NA,NA
GEN24_1042893,Don't know / Not sure,NA,NA
GEN24_1042897,Disagree,NA,NA
GEN24_1042908,Don't know / Not sure,NA,NA
GEN24_1042909,Don't know / Not sure,Agree,Agree
GEN24_1042911,Agree,Agree,Agree
GEN24_1042921,Agree,Agree,Agree
GEN24_1042924,Agree,NA,NA
GEN24_1042928,Agree,Agree,Agree
GEN24_1042932,Disagree,NA,NA
GEN24_1042933,Disagree,Agree,Agree
GEN24_1042935,Agree,Agree,Agree
GEN24_1042936,Don't know / Not sure,Agree,Agree
GEN24_1042943,Agree,NA,NA
GEN24_1042960,Agree,NA,NA
GEN24_1042961,Disagree,Agree,Agree
GEN24_1042970,Agree,NA,NA
GEN24_1042982,Don't know / Not sure,NA,NA
GEN24_1042985,Agree,NA,NA
GEN24_1042995,Agree,NA,NA
GEN24_1042996,Agree,Agree,Agree
GEN24_1043012,Agree,Agree,Agree
GEN24_1043026,Agree,Agree,Agree
GEN24_1043029,Agree,Agree,Agree
GEN24_1043039,Disagree,NA,NA
GEN24_1043044,Agree,Agree,Agree
GEN24_1043045,Disagree,Agree,Agree
GEN24_1043047,Agree,NA,NA
GEN24_1043057,Agree,Agree,Agree
GEN24_1043058,Don't know / Not sure,NA,NA
GEN24_1043064,Agree,NA,NA
GEN24_1043065,Agree,Agree,Agree
GEN24_1043071,Disagree,NA,NA
GEN24_1043073,Agree,Agree,Agree
GEN24_1043082,Agree,Agree,Agree
GEN24_1043085,Agree,NA,NA
GEN24_1043090,Don't know / Not sure,NA,NA
GEN24_1043091,Disagree,NA,NA
GEN24_1043092,Agree,NA,NA
GEN24_1043103,Agree,Agree,Agree
GEN24_1043107,Agree,NA,NA
GEN24_1043109,Disagree,NA,NA
GEN24_1043112,Disagree,NA,NA
GEN24_1043115,Don't know / Not sure,Agree,Disagree
GEN24_1043130,Agree,NA,NA
GEN24_1043131,Agree,Agree,Agree
GEN24_1043134,Don't know / Not sure,Agree,Agree
GEN24_1043136,Agree,Agree,Agree
GEN24_1043137,Agree,Agree,Agree
GEN24_1043139,Agree,Disagree,Agree
GEN24_1043146,Agree,NA,NA
GEN24_1043149,Agree,NA,NA
GEN24_1043156,Agree,Agree,Agree
GEN24_1043168,Don't know / Not sure,Agree,Agree
GEN24_1043171,Disagree,Agree,Agree
GEN24_1043174,Don't know / Not sure,Disagree,Agree
GEN24_1043176,Agree,Agree,Agree
GEN24_1043182,Agree,NA,NA
GEN24_1043183,Agree,NA,NA
GEN24_1043184,Disagree,NA,NA
GEN24_1043189,Don't know / Not sure,Agree,Agree
GEN24_1043195,Don't know / Not sure,NA,NA
GEN24_1043209,Agree,NA,NA
GEN24_1043212,Disagree,Agree,Agree
GEN24_1043213,Agree,Agree,Agree
GEN24_1043225,Don't know / Not sure,Agree,Agree
GEN24_1043233,Agree,Agree,Agree
GEN24_1043234,Agree,NA,NA
GEN24_1043236,Agree,NA,NA
GEN24_1043237,Agree,NA,NA
GEN24_1043238,Agree,Agree,Agree
GEN24_1043239,Don't know / Not sure,NA,NA
GEN24_1043245,Disagree,NA,NA
GEN24_1043246,Agree,NA,NA
GEN24_1043274,Agree,NA,NA
GEN24_1043280,Disagree,NA,NA
GEN24_1043282,Disagree,NA,NA
GEN24_1043286,Agree,NA,NA
GEN24_1043288,Disagree,NA,NA
GEN24_1043297,Disagree,Agree,Agree
GEN24_1043304,Agree,NA,NA
GEN24_1043305,Don't know / Not sure,NA,NA
GEN24_1043307,Disagree,Agree,Agree
GEN24_1043308,Disagree,Agree,Agree
GEN24_1043315,Agree,Agree,Agree
GEN24_1043317,Don't know / Not sure,Agree,Agree
GEN24_1043330,Agree,NA,NA
GEN24_1043332,Agree,Disagree,Agree
GEN24_1043334,Don't know / Not sure,NA,NA
GEN24_1043347,Agree,NA,NA
GEN24_1043349,Agree,NA,NA
GEN24_1043350,Agree,Agree,Agree
GEN24_1043361,Agree,NA,NA
GEN24_1043367,Disagree,NA,NA
GEN24_1043368,Agree,NA,NA
GEN24_1043372,Agree,NA,NA
GEN24_1043377,Agree,NA,NA
GEN24_1043378,Agree,NA,NA
GEN24_1043383,Disagree,NA,NA
GEN24_1043387,Agree,NA,NA
GEN24_1043388,Agree,NA,NA
GEN24_1043398,Disagree,NA,NA
GEN24_1043401,Don't know / Not sure,Agree,Agree
GEN24_1043403,Disagree,Agree,Agree
GEN24_1043405,Disagree,Agree,Agree
GEN24_1043412,Agree,Agree,Agree
GEN24_1043421,Agree,Agree,Agree
GEN24_1043424,Don't know / Not sure,NA,Agree
GEN24_1043432,Agree,NA,NA
GEN24_1043433,Don't know / Not sure,Disagree,NA
GEN24_1043442,Disagree,NA,NA
GEN24_1043444,Agree,NA,NA
GEN24_1043448,Agree,NA,NA
GEN24_1043452,Agree,NA,NA
GEN24_1043454,Agree,Agree,Agree
GEN24_1043470,Agree,NA,NA
GEN24_1043472,Disagree,Disagree,Disagree
GEN24_1043481,Agree,Agree,Agree
GEN24_1043482,Agree,Agree,Agree
GEN24_1043484,Disagree,NA,NA
GEN24_1043487,Don't know / Not sure,Agree,Agree
GEN24_1043494,Agree,Agree,Agree
GEN24_1043504,Agree,NA,NA
GEN24_1043505,Don't know / Not sure,NA,NA
GEN24_1043508,Agree,Agree,Agree
GEN24_1043513,Disagree,NA,NA
GEN24_1043514,Agree,Disagree,Disagree
GEN24_1043515,Agree,NA,NA
GEN24_1043527,Disagree,Agree,Agree
GEN24_1043530,Disagree,NA,NA
GEN24_1043531,Agree,Disagree,Agree
GEN24_1043535,Agree,Agree,Agree
GEN24_1043536,Agree,NA,NA
GEN24_1043537,Agree,Agree,Agree
GEN24_1043538,Don't know / Not sure,NA,NA
GEN24_1043548,Agree,NA,NA
GEN24_1043551,Agree,NA,NA
GEN24_1043559,Agree,Agree,Agree
GEN24_1043560,Agree,NA,NA
GEN24_1043562,Disagree,Agree,Disagree
GEN24_1043563,Agree,NA,NA
GEN24_1043567,Don't know / Not sure,Agree,Agree
GEN24_1043576,Agree,Agree,Agree
GEN24_1043578,Agree,Agree,Agree
GEN24_1043580,Agree,Agree,Agree
GEN24_1043592,Don't know / Not sure,NA,NA
GEN24_1043595,Agree,NA,NA
GEN24_1043597,Agree,Agree,Agree
GEN24_1043608,Agree,NA,NA
GEN24_1043632,Agree,NA,NA
GEN24_1043652,Agree,Agree,Agree
GEN24_1043658,Agree,Agree,Agree
GEN24_1043672,Don't know / Not sure,Agree,Agree
GEN24_1043677,Agree,Agree,Agree
GEN24_1043686,Don't know / Not sure,NA,NA
GEN24_1043692,Agree,NA,NA
GEN24_1043697,Disagree,NA,NA
GEN24_1043706,Disagree,NA,NA
GEN24_1043707,Don't know / Not sure,NA,NA
GEN24_1043708,Agree,NA,NA
GEN24_1043712,Agree,NA,NA
GEN24_1043731,Disagree,NA,NA
GEN24_1043738,Don't know / Not sure,Agree,Agree
GEN24_1043747,Agree,Agree,Agree
GEN24_1043752,Agree,NA,NA
GEN24_1043757,Don't know / Not sure,NA,NA
GEN24_1043763,Don't know / Not sure,NA,NA
GEN24_1043767,Agree,NA,NA
GEN24_1043769,Agree,NA,NA
GEN24_1043770,Agree,Agree,Agree
GEN24_1043771,Disagree,NA,NA
GEN24_1043772,Agree,Agree,Agree
GEN24_1043773,Agree,Agree,Agree
GEN24_1043777,Don't know / Not sure,NA,NA
GEN24_1043782,Agree,Agree,Agree
GEN24_1043788,Disagree,Agree,Agree
GEN24_1043793,Agree,Agree,Agree
GEN24_1043794,Don't know / Not sure,NA,Agree
GEN24_1043797,Agree,Agree,Agree
GEN24_1043803,Disagree,NA,NA
GEN24_1043807,Agree,NA,NA
GEN24_1043821,Agree,Agree,Agree
GEN24_1043827,Disagree,NA,NA
GEN24_1043831,Agree,NA,NA
GEN24_1043838,Agree,Disagree,Agree
GEN24_1043841,Disagree,NA,NA
GEN24_1043886,Agree,Agree,Agree
GEN24_1043887,Don't know / Not sure,NA,NA
GEN24_1043900,Disagree,NA,NA
GEN24_1043924,Agree,NA,NA
GEN24_1043938,Agree,NA,NA
GEN24_1043941,Agree,NA,NA
GEN24_1043942,Agree,Agree,Agree
GEN24_1043952,Agree,Agree,Agree
GEN24_1043971,Don't know / Not sure,NA,NA
GEN24_1043982,Disagree,Agree,Agree
GEN24_1043985,Disagree,NA,NA
GEN24_1043991,Agree,Agree,Agree
GEN24_1043995,Agree,Agree,Agree
GEN24_1043997,Don't know / Not sure,NA,NA
GEN24_1043998,Agree,NA,NA
GEN24_1044002,Disagree,Agree,Agree
GEN24_1044004,Agree,Agree,Agree
GEN24_1044005,Agree,NA,NA
GEN24_1044006,Don't know / Not sure,Disagree,Agree
GEN24_1044007,Agree,Agree,Agree
GEN24_1044016,Agree,NA,NA
GEN24_1044017,Disagree,NA,NA
GEN24_1044018,Don't know / Not sure,Agree,Agree
GEN24_1044019,Don't know / Not sure,NA,NA
GEN24_1044020,Agree,Agree,Agree
GEN24_1044021,Disagree,NA,NA
GEN24_1044022,Disagree,NA,NA
GEN24_1044024,Don't know / Not sure,Agree,Agree
GEN24_1044027,Agree,NA,NA
GEN24_1044029,Agree,Agree,Agree
GEN24_1044032,Disagree,NA,NA
GEN24_1044033,Agree,NA,NA
GEN24_1044035,Agree,NA,NA
GEN24_1044036,Don't know / Not sure,NA,NA
GEN24_1044040,Agree,Agree,Agree
GEN24_1044043,Agree,Agree,Agree
GEN24_1044046,Agree,Agree,Agree
GEN24_1044047,Agree,NA,NA
GEN24_1044048,Agree,NA,NA
GEN24_1044050,Disagree,NA,NA
GEN24_1044051,Don't know / Not sure,NA,NA
GEN24_1044062,Disagree,NA,NA
GEN24_1044067,Disagree,Agree,Agree
GEN24_1044073,Agree,Agree,Agree
GEN24_1044076,Agree,Agree,Agree
GEN24_1044079,Agree,Agree,Agree
GEN24_1044080,Agree,Agree,Agree
GEN24_1044098,Agree,Agree,Agree
GEN24_1044099,Agree,NA,NA
GEN24_1044100,Agree,NA,NA
GEN24_1044107,Agree,NA,NA
GEN24_1044111,Agree,NA,NA
GEN24_1044117,Agree,Agree,Agree
GEN24_1044120,Don't know / Not sure,NA,NA
GEN24_1044128,Don't know / Not sure,NA,NA
GEN24_1044131,Agree,NA,NA
GEN24_1044132,Disagree,NA,NA
GEN24_1044137,Disagree,NA,NA
GEN24_1044143,Disagree,NA,NA
GEN24_1044149,Agree,NA,NA
GEN24_1044152,Agree,NA,NA
GEN24_1044167,Agree,NA,NA
GEN24_1044168,Don't know / Not sure,NA,NA
GEN24_1044171,Agree,NA,NA
GEN24_1044174,Disagree,NA,NA
GEN24_1044179,Agree,Agree,Agree
GEN24_1044186,Disagree,NA,NA
GEN24_1044190,Agree,Agree,Agree
GEN24_1044191,Agree,Agree,Agree
GEN24_1044194,Agree,NA,NA
GEN24_1044198,Disagree,NA,NA
GEN24_1044203,Disagree,NA,NA
GEN24_1044205,Agree,Agree,Agree
GEN24_1044216,Don't know / Not sure,NA,NA
GEN24_1044226,Agree,Agree,Agree
GEN24_1044232,Agree,NA,NA
GEN24_1044235,Agree,NA,NA
GEN24_1044242,Agree,NA,NA
GEN24_1044248,Agree,Agree,Agree
GEN24_1044252,Agree,Agree,Agree
GEN24_1044254,Agree,NA,NA
GEN24_1044264,Agree,Agree,Agree
GEN24_1044266,Disagree,Agree,Agree
GEN24_1044270,Agree,NA,NA
GEN24_1044278,Agree,NA,NA
GEN24_1044280,Agree,NA,NA
GEN24_1044281,Agree,Agree,Agree
GEN24_1044287,Agree,NA,NA
GEN24_1044293,Disagree,NA,NA
GEN24_1044302,Agree,Agree,Agree
GEN24_1044303,Agree,NA,NA
GEN24_1044316,Agree,Agree,Agree
GEN24_1044322,Agree,NA,NA
GEN24_1044325,Agree,Agree,Agree
GEN24_1044327,Agree,Agree,Agree
GEN24_1044329,Don't know / Not sure,NA,NA
GEN24_1044332,Don't know / Not sure,NA,NA
GEN24_1044368,Disagree,Agree,Agree
GEN24_1044370,Don't know / Not sure,Agree,Agree
GEN24_1044373,Agree,Agree,Agree
GEN24_1044386,Agree,Agree,Agree
GEN24_1044388,Agree,Agree,Agree
GEN24_1044397,Don't know / Not sure,Agree,Agree
GEN24_1044398,Agree,Agree,Agree
GEN24_1044411,Agree,NA,NA
GEN24_1044415,Agree,Agree,Agree
GEN24_1044422,Disagree,NA,NA
GEN24_1044428,Don't know / Not sure,NA,NA
GEN24_1044446,Don't know / Not sure,NA,NA
GEN24_1044450,Agree,NA,NA
GEN24_1044454,Agree,NA,NA
GEN24_1044459,Don't know / Not sure,Agree,Agree
GEN24_1044460,Agree,Agree,Agree
GEN24_1044462,Agree,Agree,Agree
GEN24_1044477,Disagree,NA,NA
GEN24_1044479,Agree,Agree,Agree
GEN24_1044481,Disagree,Agree,Agree
GEN24_1044483,Don't know / Not sure,Agree,Agree
GEN24_1044484,Don't know / Not sure,Agree,Agree
GEN24_1044490,Agree,Agree,Agree
GEN24_1044491,Agree,Agree,Agree
GEN24_1044498,Don't know / Not sure,Agree,Agree
GEN24_1044506,Agree,Agree,Agree
GEN24_1044515,Don't know / Not sure,NA,NA
GEN24_1044518,Don't know / Not sure,NA,NA
GEN24_1044529,Disagree,NA,NA
GEN24_1044533,Agree,NA,NA
GEN24_1044538,Agree,Agree,Agree
GEN24_1044548,Agree,NA,NA
GEN24_1044551,Agree,Agree,Agree
GEN24_1044555,Agree,Agree,Agree
GEN24_1044559,Agree,Agree,Agree
GEN24_1044561,Agree,Agree,Agree
GEN24_1044566,Agree,Agree,Agree
GEN24_1044569,Agree,Agree,Agree
GEN24_1044571,Agree,Agree,Agree
GEN24_1044576,Agree,NA,NA
GEN24_1044581,Agree,Agree,Agree
GEN24_1044585,Agree,Agree,Agree
GEN24_1044589,Agree,NA,NA
GEN24_1044590,Agree,NA,NA
GEN24_1044592,Don't know / Not sure,NA,NA
GEN24_1044598,Agree,NA,NA
GEN24_1044616,Agree,Agree,Agree
GEN24_1044635,Agree,NA,NA
GEN24_1044645,Don't know / Not sure,NA,NA
GEN24_1044651,Don't know / Not sure,Agree,Agree
GEN24_1044652,Agree,Agree,Agree
GEN24_1044653,Agree,Agree,Agree
GEN24_1044656,Don't know / Not sure,Agree,Agree
GEN24_1044666,Agree,Agree,Agree
GEN24_1044674,Don't know / Not sure,NA,NA
GEN24_1044675,Agree,NA,NA
GEN24_1044676,Agree,NA,NA
GEN24_1044693,Agree,NA,NA
GEN24_1044708,Agree,Agree,Agree
GEN24_1044709,Agree,NA,NA
GEN24_1044723,Agree,Agree,Agree
GEN24_1044734,Agree,NA,NA
GEN24_1044748,Disagree,NA,NA
GEN24_1044751,Agree,NA,NA
GEN24_1044758,Disagree,Agree,Agree
GEN24_1044762,Agree,Agree,Agree
GEN24_1044766,Agree,NA,NA
GEN24_1044770,Agree,NA,NA
GEN24_1044775,Agree,NA,NA
GEN24_1044777,Don't know / Not sure,Agree,Agree
GEN24_1044784,Agree,Agree,Agree
GEN24_1044786,Agree,Agree,Agree
GEN24_1044797,Don't know / Not sure,Agree,Agree
GEN24_1044799,Agree,NA,NA
GEN24_1044808,Agree,Agree,Agree
GEN24_1044811,Agree,Agree,Agree
GEN24_1044843,Disagree,NA,NA
GEN24_1044850,Agree,NA,NA
GEN24_1044851,Agree,Agree,Agree
GEN24_1044856,Agree,NA,NA
GEN24_1044859,Agree,NA,NA
GEN24_1044869,Don't know / Not sure,NA,NA
GEN24_1044899,Agree,NA,NA
GEN24_1044903,Don't know / Not sure,NA,NA
GEN24_1044910,Don't know / Not sure,NA,NA
GEN24_1044913,Agree,Agree,Agree
GEN24_1044915,Agree,Agree,Agree
GEN24_1044925,Agree,Agree,Agree
GEN24_1044930,Agree,NA,NA
GEN24_1044934,Agree,Agree,Agree
GEN24_1044943,Don't know / Not sure,NA,NA
GEN24_1044969,Disagree,NA,NA
GEN24_1044970,Agree,NA,NA
GEN24_1044972,Agree,NA,NA
GEN24_1044978,Agree,NA,NA
GEN24_1044987,Disagree,NA,NA
GEN24_1045001,Agree,NA,NA
GEN24_1045007,Disagree,NA,NA
GEN24_1045015,Agree,Agree,Agree
GEN24_1045016,Disagree,Agree,Agree
GEN24_1045026,Agree,NA,NA
GEN24_1045027,Agree,Agree,Agree
GEN24_1045029,Agree,NA,NA
GEN24_1045037,Disagree,Agree,Agree
GEN24_1045042,Agree,NA,NA
GEN24_1045044,Agree,Agree,Agree
GEN24_1045045,Agree,NA,NA
GEN24_1045049,Don't know / Not sure,Agree,Agree
GEN24_1045058,Agree,Agree,Agree
GEN24_1045068,Agree,NA,NA
GEN24_1045073,Don't know / Not sure,Agree,Agree
GEN24_1045074,Agree,Agree,Agree
GEN24_1045080,Disagree,NA,NA
GEN24_1045083,Agree,Agree,Agree
GEN24_1045087,Don't know / Not sure,NA,NA
GEN24_1045089,Agree,NA,NA
GEN24_1045090,Agree,NA,Agree
GEN24_1045092,Agree,NA,NA
GEN24_1045099,Don't know / Not sure,NA,NA
GEN24_1045100,Don't know / Not sure,NA,NA
GEN24_1045116,Disagree,NA,NA
GEN24_1045118,Don't know / Not sure,NA,NA
GEN24_1045122,Agree,Disagree,Agree
GEN24_1045125,Agree,NA,NA
GEN24_1045135,Disagree,Agree,Agree
GEN24_1045145,Disagree,Agree,Agree
GEN24_1045147,Agree,Agree,Agree
GEN24_1045154,Agree,Agree,Agree
GEN24_1045156,Disagree,NA,NA
GEN24_1045160,Don't know / Not sure,NA,NA
GEN24_1045162,Agree,Agree,Agree
GEN24_1045163,Agree,NA,NA
GEN24_1045164,Agree,Agree,Agree
GEN24_1045172,Agree,NA,NA
GEN24_1045173,Agree,Agree,NA
GEN24_1045176,Agree,NA,NA
GEN24_1045182,Agree,NA,NA
GEN24_1045189,Disagree,NA,NA
GEN24_1045193,Agree,Agree,Agree
GEN24_1045201,Don't know / Not sure,NA,NA
GEN24_1045203,Agree,NA,NA
GEN24_1045213,Agree,NA,NA
GEN24_1045231,Agree,NA,NA
GEN24_1045233,Agree,NA,NA
GEN24_1045252,Agree,NA,NA
GEN24_1045262,Agree,Agree,Agree
GEN24_1045268,Disagree,Agree,Agree
GEN24_1045279,Agree,Agree,Agree
GEN24_1045280,Agree,Agree,Agree
GEN24_1045281,Disagree,NA,NA
GEN24_1045285,Agree,NA,NA
GEN24_1045294,Disagree,NA,NA
GEN24_1045295,Agree,Agree,Agree
GEN24_1045324,Don't know / Not sure,Agree,Agree
GEN24_1045328,Agree,Agree,Agree
GEN24_1045331,Disagree,Agree,Agree
GEN24_1045340,Agree,Agree,Agree
GEN24_1045347,Disagree,NA,NA
GEN24_1045355,Don't know / Not sure,NA,NA
GEN24_1045363,Agree,Agree,Agree
GEN24_1045365,Agree,NA,NA
GEN24_1045366,Disagree,NA,NA
GEN24_1045374,Agree,Agree,Agree
GEN24_1045375,Agree,NA,NA
GEN24_1045379,Agree,Agree,Agree
GEN24_1045381,Don't know / Not sure,NA,NA
GEN24_1045389,Don't know / Not sure,NA,NA
GEN24_1045426,Don't know / Not sure,NA,NA
GEN24_1045427,Agree,Agree,Agree
GEN24_1045432,Disagree,NA,NA
GEN24_1045459,Agree,Agree,Agree
GEN24_1045467,Disagree,Agree,Agree
GEN24_1045475,Agree,NA,NA
GEN24_1045476,Don't know / Not sure,Agree,Agree
GEN24_1045480,Agree,NA,NA
GEN24_1045481,Disagree,NA,NA
GEN24_1045487,Agree,Agree,Agree
GEN24_1045491,Don't know / Not sure,NA,NA
GEN24_1045496,Agree,NA,NA
GEN24_1045512,Don't know / Not sure,Agree,Disagree
GEN24_1045518,Agree,NA,NA
GEN24_1045522,Agree,Agree,Agree
GEN24_1045536,Agree,NA,NA
GEN24_1045537,Disagree,NA,NA
GEN24_1045540,Agree,Agree,Agree
GEN24_1045544,Agree,Agree,Agree
GEN24_1045548,Agree,NA,NA
GEN24_1045554,Agree,Agree,Agree
GEN24_1045556,Agree,NA,NA
GEN24_1045564,Agree,Agree,Agree
GEN24_1045589,Agree,NA,NA
GEN24_1045593,Agree,NA,NA
GEN24_1045599,Agree,NA,NA
GEN24_1045602,Don't know / Not sure,NA,NA
GEN24_1045626,Agree,NA,NA
GEN24_1045629,Agree,Agree,Agree
GEN24_1045640,Agree,Agree,Agree
GEN24_1045641,Don't know / Not sure,NA,NA
GEN24_1045649,Agree,Agree,Agree
GEN24_1045668,Agree,NA,NA
GEN24_1045683,Agree,NA,NA
GEN24_1045694,Agree,Agree,NA
GEN24_1045695,Don't know / Not sure,Agree,Agree
GEN24_1045696,Agree,NA,NA
GEN24_1045700,Disagree,Agree,Agree
GEN24_1045710,Agree,Agree,Agree
GEN24_1045712,Agree,Agree,Agree
GEN24_1045716,Don't know / Not sure,NA,NA
GEN24_1045718,Agree,NA,NA
GEN24_1045722,Agree,Agree,Agree
GEN24_1045723,Agree,NA,NA
GEN24_1045726,Don't know / Not sure,Agree,Agree
GEN24_1045729,Don't know / Not sure,NA,NA
GEN24_1045735,Agree,Agree,Agree
GEN24_1045740,Disagree,NA,NA
GEN24_1045757,Agree,NA,NA
GEN24_1045766,Disagree,NA,NA
GEN24_1045771,Don't know / Not sure,Agree,Agree
GEN24_1045780,Agree,NA,NA
GEN24_1045782,Don't know / Not sure,NA,NA
GEN24_1045783,Don't know / Not sure,NA,NA
GEN24_1045791,Disagree,NA,NA
GEN24_1045792,Agree,Agree,Agree
GEN24_1045793,Don't know / Not sure,Agree,Agree
GEN24_1045795,Agree,NA,NA
GEN24_1045796,Disagree,Agree,Agree
GEN24_1045798,Agree,Agree,Agree
GEN24_1045802,Don't know / Not sure,NA,NA
GEN24_1045814,Agree,NA,NA
GEN24_1045827,Agree,NA,NA
GEN24_1045828,Don't know / Not sure,NA,NA
GEN24_1045863,Don't know / Not sure,NA,NA
GEN24_1045868,Disagree,NA,NA
GEN24_1045870,Don't know / Not sure,NA,NA
GEN24_1045873,Disagree,Agree,Agree
GEN24_1045880,Agree,NA,NA
GEN24_1045881,Agree,NA,NA
GEN24_1045886,Disagree,Agree,Agree
GEN24_1045887,Agree,Agree,Agree
GEN24_1045892,Disagree,NA,NA
GEN24_1045895,Don't know / Not sure,NA,NA
GEN24_1045896,Don't know / Not sure,Disagree,Agree
GEN24_1045900,Agree,Agree,Agree
GEN24_1045906,Agree,Agree,Agree
GEN24_1045907,Agree,NA,NA
GEN24_1045909,Disagree,Agree,Agree
GEN24_1045914,Agree,Agree,Agree
GEN24_1045916,Agree,Agree,Agree
GEN24_1045918,Don't know / Not sure,NA,NA
GEN24_1045925,Agree,NA,NA
GEN24_1045937,Disagree,Agree,Agree
GEN24_1045943,Agree,NA,NA
GEN24_1045945,Agree,Agree,Agree
GEN24_1045946,Disagree,NA,NA
GEN24_1045951,Don't know / Not sure,NA,NA
GEN24_1045961,Don't know / Not sure,NA,NA
GEN24_1045962,Don't know / Not sure,Agree,Agree
GEN24_1045965,Agree,Agree,Agree
GEN24_1045970,Agree,Agree,Agree
GEN24_1045972,Disagree,Agree,Agree
GEN24_1045973,Disagree,Agree,Agree
GEN24_1045974,Agree,Agree,NA
GEN24_1045981,Agree,NA,NA
GEN24_1045992,Disagree,NA,NA
GEN24_1045997,Agree,NA,Agree
GEN24_1046000,Disagree,NA,NA
GEN24_1046002,Agree,NA,NA
GEN24_1046010,Disagree,NA,NA
GEN24_1046011,Agree,Agree,Agree
GEN24_1046015,Agree,NA,NA
GEN24_1046018,Agree,Agree,Agree
GEN24_1046022,Agree,Disagree,Agree
GEN24_1046026,Disagree,NA,NA
GEN24_1046028,Agree,NA,Agree
GEN24_1046030,Disagree,Agree,Agree
GEN24_1046040,Agree,Agree,Agree
GEN24_1046057,Agree,NA,NA
GEN24_1046073,Agree,NA,Agree
GEN24_1046090,Don't know / Not sure,Agree,Agree
GEN24_1046094,Agree,NA,NA
GEN24_1046102,Agree,Agree,Agree
GEN24_1046110,Don't know / Not sure,NA,Agree
GEN24_1046111,Don't know / Not sure,Agree,Agree
GEN24_1046114,Don't know / Not sure,NA,NA
GEN24_1046122,Don't know / Not sure,NA,NA
GEN24_1046123,Disagree,Agree,Agree
GEN24_1046124,Don't know / Not sure,NA,NA
GEN24_1046130,Agree,NA,NA
GEN24_1046144,Don't know / Not sure,NA,NA
GEN24_1046150,Don't know / Not sure,NA,NA
GEN24_1046152,Don't know / Not sure,NA,NA
GEN24_1046160,Agree,Agree,Agree
GEN24_1046161,Don't know / Not sure,NA,NA
GEN24_1046165,Agree,NA,NA
GEN24_1046166,Disagree,NA,NA
GEN24_1046169,Disagree,NA,NA
GEN24_1046171,Agree,Agree,Agree
GEN24_1046172,Disagree,NA,NA
GEN24_1046173,Agree,NA,NA
GEN24_1046178,Agree,NA,NA
GEN24_1046183,Agree,NA,NA
GEN24_1046184,Agree,NA,NA
GEN24_1046197,Agree,Agree,Agree
GEN24_1046208,Don't know / Not sure,NA,NA
GEN24_1046209,Agree,Agree,Agree
GEN24_1046217,Agree,Agree,Agree
GEN24_1046219,Agree,NA,NA
GEN24_1046221,Don't know / Not sure,NA,Agree
GEN24_1046228,Disagree,NA,NA
GEN24_1046233,Agree,Agree,Agree
GEN24_1046239,Agree,NA,NA
GEN24_1046241,Agree,Agree,Agree
GEN24_1046242,Agree,Agree,Agree
GEN24_1046243,Agree,NA,NA
GEN24_1046247,Agree,Agree,Agree
GEN24_1046255,Agree,Agree,Agree
GEN24_1046258,Agree,NA,Agree
GEN24_1046259,Agree,NA,NA
GEN24_1046260,Don't know / Not sure,NA,NA
GEN24_1046261,Don't know / Not sure,Agree,Agree
GEN24_1046265,Agree,Agree,NA
GEN24_1046274,Agree,Agree,Agree
GEN24_1046275,Agree,NA,NA
GEN24_1046285,Agree,Agree,Agree
GEN24_1046287,Don't know / Not sure,NA,NA
GEN24_1046290,Disagree,NA,NA
GEN24_1046295,Agree,NA,NA
GEN24_1046304,Agree,Agree,Agree
GEN24_1046305,Don't know / Not sure,NA,NA
GEN24_1046307,Disagree,NA,NA
GEN24_1046312,Don't know / Not sure,NA,NA
GEN24_1046316,Disagree,Agree,Agree
GEN24_1046328,Agree,NA,NA
GEN24_1046332,Agree,NA,NA
GEN24_1046345,Agree,Agree,Agree
GEN24_1046353,Don't know / Not sure,NA,NA
GEN24_1046356,Disagree,NA,NA
GEN24_1046360,Disagree,NA,NA
GEN24_1046363,Agree,NA,NA
GEN24_1046367,Agree,Agree,Agree
GEN24_1046381,Disagree,NA,NA
GEN24_1046382,Don't know / Not sure,NA,NA
GEN24_1046385,Don't know / Not sure,Agree,Agree
GEN24_1046389,Agree,NA,NA
GEN24_1046391,Disagree,NA,NA
GEN24_1046395,Agree,NA,NA
GEN24_1046400,Don't know / Not sure,NA,NA
GEN24_1046421,Agree,NA,NA
GEN24_1046425,Don't know / Not sure,NA,NA
GEN24_1046432,Agree,NA,NA
GEN24_1046434,Agree,Agree,Agree
GEN24_1046437,Agree,NA,NA
GEN24_1046442,Agree,Agree,Agree
GEN24_1046458,Agree,Agree,Agree
GEN24_1046466,Disagree,NA,NA
GEN24_1046472,Agree,NA,NA
GEN24_1046477,Agree,NA,NA
GEN24_1046483,Agree,NA,NA
GEN24_1046484,Agree,NA,NA
GEN24_1046522,Agree,NA,NA
GEN24_1046525,Don't know / Not sure,NA,NA
GEN24_1046527,Agree,NA,NA
GEN24_1046530,Don't know / Not sure,Agree,Agree
GEN24_1046540,Agree,NA,NA
GEN24_1046543,Agree,Agree,Agree
GEN24_1046547,Don't know / Not sure,NA,NA
GEN24_1046550,Don't know / Not sure,NA,NA
GEN24_1046562,Agree,NA,NA
GEN24_1046563,Agree,NA,NA
GEN24_1046564,Agree,NA,NA
GEN24_1046565,Don't know / Not sure,NA,NA
GEN24_1046574,Agree,Agree,Agree
GEN24_1046576,Don't know / Not sure,NA,NA
GEN24_1046578,Disagree,NA,NA
GEN24_1046581,Agree,NA,Agree
GEN24_1046588,Disagree,NA,NA
GEN24_1046589,Agree,NA,NA
GEN24_1046591,Agree,NA,NA
GEN24_1046592,Disagree,NA,NA
GEN24_1046593,Agree,NA,NA
GEN24_1046603,Don't know / Not sure,Agree,Agree
GEN24_1046614,Disagree,NA,NA
GEN24_1046621,Don't know / Not sure,NA,NA
GEN24_1046628,Disagree,NA,NA
GEN24_1046630,Agree,NA,NA
GEN24_1046643,Agree,NA,NA
GEN24_1046644,Agree,NA,NA
GEN24_1046666,Agree,NA,NA
GEN24_1046678,Agree,NA,NA
GEN24_1046687,Agree,NA,NA
GEN24_1046691,Agree,NA,NA
GEN24_1046692,Don't know / Not sure,NA,NA
GEN24_1046704,Disagree,NA,NA
GEN24_1046708,Disagree,NA,NA
GEN24_1046713,Agree,Agree,Agree
GEN24_1046715,Don't know / Not sure,NA,NA
GEN24_1046725,Agree,Agree,Agree
GEN24_1046740,Agree,Agree,Agree
GEN24_1046743,Don't know / Not sure,Agree,Agree
GEN24_1046746,Don't know / Not sure,NA,NA
GEN24_1046749,Agree,NA,NA
GEN24_1046752,Agree,NA,NA
GEN24_1046753,Agree,Agree,Agree
GEN24_1046754,Agree,NA,NA
GEN24_1046757,Agree,NA,NA
GEN24_1046761,Agree,Agree,Agree
GEN24_1046762,Agree,Agree,Agree
GEN24_1046767,Agree,NA,NA
GEN24_1046769,Agree,Agree,Agree
GEN24_1046775,Agree,Agree,Agree
GEN24_1046779,Agree,NA,NA
GEN24_1046791,Agree,Agree,Agree
GEN24_1046793,Agree,NA,NA
GEN24_1046796,Agree,Agree,Agree
GEN24_1046797,Agree,NA,NA
GEN24_1046798,Agree,Agree,Agree
GEN24_1046800,Agree,NA,NA
GEN24_1046802,Disagree,NA,NA
GEN24_1046804,Don't know / Not sure,NA,NA
GEN24_1046818,Don't know / Not sure,NA,NA
GEN24_1046839,Don't know / Not sure,NA,NA
GEN24_1046841,Disagree,NA,NA
GEN24_1046842,Don't know / Not sure,NA,NA
GEN24_1046843,Agree,NA,NA
GEN24_1046844,Agree,NA,NA
GEN24_1046850,Agree,NA,NA
GEN24_1046872,Agree,NA,NA
GEN24_1046874,Agree,NA,NA
GEN24_1046889,Agree,Agree,Agree
GEN24_1046900,Disagree,NA,NA
GEN24_1046902,Don't know / Not sure,Agree,Agree
GEN24_1046909,Agree,NA,NA
GEN24_1046913,Agree,NA,NA
GEN24_1046923,Agree,Agree,NA
GEN24_1046926,Agree,Agree,Agree
GEN24_1046928,Disagree,NA,NA
GEN24_1046930,Agree,Agree,Agree
GEN24_1046938,Agree,NA,NA
GEN24_1046942,Disagree,NA,NA
GEN24_1046954,Agree,NA,NA
GEN24_1046957,Agree,Agree,Agree
GEN24_1046960,Agree,NA,NA
GEN24_1046961,Agree,NA,NA
GEN24_1046965,Disagree,NA,NA
GEN24_1046972,Disagree,Agree,Agree
GEN24_1046974,Agree,Agree,Agree
GEN24_1046976,Disagree,NA,NA
GEN24_1046978,Agree,Disagree,Agree
GEN24_1046980,Disagree,NA,NA
GEN24_1046981,Agree,Agree,Agree
GEN24_1046985,Agree,NA,NA
GEN24_1046986,Agree,Agree,Agree
GEN24_1046988,Don't know / Not sure,NA,NA
GEN24_1046992,Agree,Agree,Agree
GEN24_1046994,Agree,NA,NA
GEN24_1046999,Agree,NA,NA
GEN24_1047000,Don't know / Not sure,NA,NA
GEN24_1047009,Agree,Agree,Agree
GEN24_1047014,Agree,NA,NA
GEN24_1047019,Agree,NA,Agree
GEN24_1047023,Agree,Agree,Agree
GEN24_1047026,Disagree,NA,NA
GEN24_1047037,Agree,Agree,Agree
GEN24_1047039,Don't know / Not sure,NA,NA
GEN24_1047047,Agree,Agree,Agree
GEN24_1047048,Don't know / Not sure,NA,NA
GEN24_1047049,Don't know / Not sure,Agree,NA
GEN24_1047050,Agree,Agree,Agree
GEN24_1047060,Agree,Agree,Agree
GEN24_1047061,Disagree,NA,NA
GEN24_1047063,Agree,NA,NA
GEN24_1047065,Don't know / Not sure,NA,Agree
GEN24_1047071,Agree,NA,NA
GEN24_1047072,Agree,Agree,Disagree
GEN24_1047074,Agree,NA,NA
GEN24_1047076,Disagree,NA,NA
GEN24_1047078,Agree,Agree,Agree
GEN24_1047080,Don't know / Not sure,Agree,Agree
GEN24_1047083,Agree,Agree,Agree
GEN24_1047092,Don't know / Not sure,NA,NA
GEN24_1047094,Disagree,NA,NA
GEN24_1047101,Agree,NA,NA
GEN24_1047108,Don't know / Not sure,NA,NA
GEN24_1047118,Agree,NA,NA
GEN24_1047131,Agree,NA,NA
GEN24_1047134,Agree,Agree,Agree
GEN24_1047136,Agree,Agree,Agree
GEN24_1047141,Don't know / Not sure,NA,NA
GEN24_1047144,Agree,Agree,Agree
GEN24_1047147,Agree,NA,NA
GEN24_1047152,Don't know / Not sure,Agree,Agree
GEN24_1047156,Disagree,NA,NA
GEN24_1047158,Agree,NA,NA
GEN24_1047163,Agree,Agree,Agree
GEN24_1047164,Agree,NA,NA
GEN24_1047169,Agree,Agree,Agree
GEN24_1047170,Agree,Agree,Agree
GEN24_1047173,Agree,Agree,Agree
GEN24_1047176,Agree,NA,NA
GEN24_1047181,Agree,Agree,Agree
GEN24_1047186,Agree,Agree,Agree
GEN24_1047187,Don't know / Not sure,Agree,Disagree
GEN24_1047188,Disagree,NA,NA
GEN24_1047189,Agree,NA,NA
GEN24_1047191,Agree,Agree,Agree
GEN24_1047193,Agree,NA,NA
GEN24_1047195,Agree,NA,NA
GEN24_1047197,Agree,NA,NA
GEN24_1047208,Disagree,NA,NA
GEN24_1047209,Agree,Agree,Agree
GEN24_1047211,Disagree,NA,NA
GEN24_1047213,Disagree,NA,NA
GEN24_1047218,Disagree,NA,NA
GEN24_1047220,Don't know / Not sure,NA,NA
GEN24_1047221,Don't know / Not sure,Disagree,Agree
GEN24_1047222,Don't know / Not sure,Agree,Agree
GEN24_1047225,Don't know / Not sure,NA,NA
GEN24_1047228,Agree,NA,NA
GEN24_1047232,Disagree,NA,NA
GEN24_1047233,Agree,Agree,NA
GEN24_1047238,Agree,NA,NA
GEN24_1047250,Agree,NA,NA
GEN24_1047253,Disagree,NA,NA
GEN24_1047261,Agree,Agree,Agree
GEN24_1047262,Agree,NA,NA
GEN24_1047266,Don't know / Not sure,NA,NA
GEN24_1047271,Disagree,Agree,Agree
GEN24_1047282,Disagree,NA,NA
GEN24_1047284,Agree,Agree,Agree
GEN24_1047285,Agree,NA,NA
GEN24_1047295,Agree,Agree,Agree
GEN24_1047296,Don't know / Not sure,Agree,Agree
GEN24_1047298,Disagree,NA,NA
GEN24_1047300,Agree,Agree,Agree
GEN24_1047305,Agree,NA,NA
GEN24_1047308,Agree,NA,NA
GEN24_1047325,Agree,NA,NA
GEN24_1047359,Agree,Agree,Agree
GEN24_1047361,Don't know / Not sure,Agree,NA
GEN24_1047373,Disagree,Agree,Agree
GEN24_1047375,Disagree,NA,NA
GEN24_1047386,Disagree,Agree,Agree
GEN24_1047388,Disagree,NA,NA
GEN24_1047392,Agree,NA,NA
GEN24_1047394,Don't know / Not sure,NA,NA
GEN24_1047396,Agree,Agree,Agree
GEN24_1047404,Agree,Agree,Agree
GEN24_1047417,Don't know / Not sure,NA,NA
GEN24_1047418,Agree,NA,NA
GEN24_1047427,Disagree,NA,NA
GEN24_1047428,Agree,Agree,Agree
GEN24_1047430,Agree,NA,Agree
GEN24_1047432,Agree,Agree,Agree
GEN24_1047435,Agree,NA,NA
GEN24_1047438,Agree,Agree,Agree
GEN24_1047440,Agree,Agree,Agree
GEN24_1047445,Agree,Agree,Agree
GEN24_1047453,Agree,NA,NA
GEN24_1047454,Agree,Agree,Agree
GEN24_1047456,Agree,Agree,Agree
GEN24_1047459,Agree,NA,NA
GEN24_1047460,Agree,Agree,Agree
GEN24_1047462,Agree,NA,NA
GEN24_1047466,Don't know / Not sure,NA,NA
GEN24_1047467,Agree,NA,NA
GEN24_1047470,Agree,NA,NA
GEN24_1047481,Agree,NA,NA
GEN24_1047483,Disagree,NA,NA
GEN24_1047486,Agree,NA,Agree
GEN24_1047489,Disagree,Agree,Agree
GEN24_1047490,Disagree,Agree,Agree
GEN24_1047491,Agree,NA,NA
GEN24_1047493,Agree,Agree,Agree
GEN24_1047497,Agree,Agree,Agree
GEN24_1047500,Agree,NA,NA
GEN24_1047513,Agree,Agree,Agree
GEN24_1047517,Agree,Agree,Agree
GEN24_1047518,Agree,Agree,Agree
GEN24_1047528,Disagree,NA,NA
GEN24_1047530,Disagree,NA,NA
GEN24_1047536,Agree,Agree,Agree
GEN24_1047558,Agree,Agree,Agree
GEN24_1047567,Agree,Agree,Agree
GEN24_1047569,Agree,NA,NA
GEN24_1047573,Agree,NA,NA
GEN24_1047575,Agree,NA,NA
GEN24_1047581,Agree,NA,NA
GEN24_1047588,Agree,Disagree,Agree
GEN24_1047602,Disagree,NA,NA
GEN24_1047607,Agree,NA,NA
GEN24_1047633,Disagree,Agree,Agree
GEN24_1047638,Disagree,NA,NA
GEN24_1047646,Agree,NA,NA
GEN24_1047656,Disagree,NA,NA
GEN24_1047658,Don't know / Not sure,NA,NA
GEN24_1047662,Disagree,NA,NA
GEN24_1047665,Agree,Agree,Agree
GEN24_1047669,Disagree,NA,NA
GEN24_1047687,Agree,NA,NA
GEN24_1047708,Agree,NA,NA
GEN24_1047709,Agree,NA,NA
GEN24_1047720,Agree,NA,NA
GEN24_1047721,Agree,Agree,Agree
GEN24_1047725,Agree,Agree,Agree
GEN24_1047727,Agree,NA,NA
GEN24_1047729,Agree,NA,NA
GEN24_1047730,Agree,Agree,Agree
GEN24_1047731,Agree,NA,NA
GEN24_1047732,Don't know / Not sure,Agree,Agree
GEN24_1047739,Agree,NA,NA
GEN24_1047740,Disagree,NA,NA
GEN24_1047748,Agree,NA,NA
GEN24_1047752,Agree,Agree,Agree
GEN24_1047766,Disagree,NA,NA
GEN24_1047767,Don't know / Not sure,NA,NA
GEN24_1047774,Agree,Disagree,Agree
GEN24_1047776,Agree,Agree,Agree
GEN24_1047784,Disagree,NA,NA
GEN24_1047785,Agree,NA,NA
GEN24_1047786,Agree,Agree,Agree
GEN24_1047789,Agree,NA,Agree
GEN24_1047790,Agree,Agree,Agree
GEN24_1047795,Agree,NA,NA
GEN24_1047799,Agree,Agree,Disagree
GEN24_1047820,Disagree,NA,NA
GEN24_1047830,Agree,NA,NA
GEN24_1047831,Agree,NA,NA
GEN24_1047843,Disagree,NA,NA
GEN24_1047844,Agree,NA,NA
GEN24_1047854,Agree,NA,NA
GEN24_1047855,Don't know / Not sure,NA,NA
GEN24_1047867,Agree,NA,Agree
GEN24_1047869,Agree,Agree,Agree
GEN24_1047876,Agree,NA,NA
GEN24_1047877,Don't know / Not sure,Agree,Agree
GEN24_1047888,Agree,Agree,Agree
GEN24_1047895,Agree,NA,NA
GEN24_1047899,Agree,Agree,Agree
GEN24_1047923,Don't know / Not sure,Agree,Agree
GEN24_1047927,Don't know / Not sure,Agree,Agree
GEN24_1047929,Agree,Agree,Agree
GEN24_1047934,Don't know / Not sure,NA,NA
GEN24_1047937,Disagree,NA,NA
GEN24_1047946,Don't know / Not sure,Agree,Agree
GEN24_1047947,Don't know / Not sure,NA,NA
GEN24_1047948,Don't know / Not sure,NA,NA
GEN24_1047966,Disagree,Disagree,Agree
GEN24_1047972,Don't know / Not sure,NA,NA
GEN24_1047973,Agree,NA,NA
GEN24_1047978,Agree,NA,NA
GEN24_1047986,Don't know / Not sure,NA,NA
GEN24_1047994,Agree,NA,Agree
GEN24_1048009,Disagree,NA,NA
GEN24_1048012,Agree,Agree,Agree
GEN24_1048013,Agree,NA,NA
GEN24_1048016,Agree,Agree,Agree
GEN24_1048020,Agree,Agree,Agree
GEN24_1048021,Agree,Agree,Agree
GEN24_1048024,Don't know / Not sure,NA,NA
GEN24_1048025,Agree,NA,NA
GEN24_1048026,Agree,NA,NA
GEN24_1048027,Agree,NA,NA
GEN24_1048034,Agree,Agree,Agree
GEN24_1048035,Agree,NA,NA
GEN24_1048047,Agree,NA,NA
GEN24_1048051,Agree,Agree,Agree
GEN24_1048052,Agree,NA,NA
GEN24_1048061,Don't know / Not sure,NA,NA
GEN24_1048064,Don't know / Not sure,NA,NA
GEN24_1048067,Agree,NA,NA
GEN24_1048068,Agree,Agree,Agree
GEN24_1048071,Agree,Agree,Agree
GEN24_1048072,Agree,NA,NA
GEN24_1048078,Don't know / Not sure,Agree,Agree
GEN24_1048079,Agree,Agree,Agree
GEN24_1048080,Disagree,NA,NA
GEN24_1048081,Don't know / Not sure,NA,NA
GEN24_1048083,Disagree,NA,NA
GEN24_1048085,Agree,NA,NA
GEN24_1048087,Agree,Agree,Agree
GEN24_1048089,Agree,Agree,Agree
GEN24_1048090,Disagree,NA,NA
GEN24_1048103,Agree,NA,NA
GEN24_1048104,Agree,Agree,Agree
GEN24_1048105,Agree,Agree,Agree
GEN24_1048123,Agree,NA,NA
GEN24_1048128,Agree,Agree,Agree
GEN24_1048135,Agree,Agree,Agree
GEN24_1048142,Agree,NA,NA
GEN24_1048143,Agree,NA,NA
GEN24_1048151,Agree,Agree,Agree
GEN24_1048154,Agree,Disagree,Agree
GEN24_1048162,Disagree,Agree,Agree
GEN24_1048163,Agree,Agree,Agree
GEN24_1048164,Agree,Agree,Agree
GEN24_1048167,Agree,NA,NA
GEN24_1048168,Agree,NA,NA
GEN24_1048169,Agree,Agree,Agree
GEN24_1048215,Disagree,NA,NA
GEN24_1048221,Agree,NA,NA
GEN24_1048226,Disagree,NA,NA
GEN24_1048227,Don't know / Not sure,NA,NA
GEN24_1048240,Agree,NA,NA
GEN24_1048248,Agree,Agree,Agree
GEN24_1048265,Agree,Agree,Agree
GEN24_1048267,Disagree,Agree,Agree
GEN24_1048269,Agree,NA,NA
GEN24_1048275,Don't know / Not sure,NA,NA
GEN24_1048276,Disagree,NA,NA
GEN24_1048279,Don't know / Not sure,NA,NA
GEN24_1048282,Agree,NA,NA
GEN24_1048284,Agree,Agree,Agree
GEN24_1048294,Disagree,Agree,Agree
GEN24_1048295,Disagree,NA,NA
GEN24_1048296,Agree,NA,NA
GEN24_1048304,Agree,Agree,Agree
GEN24_1048305,Disagree,Disagree,Agree
GEN24_1048307,Don't know / Not sure,NA,NA
GEN24_1048308,Disagree,NA,NA
GEN24_1048311,Don't know / Not sure,Agree,Agree
GEN24_1048314,Agree,NA,NA
GEN24_1048325,Agree,NA,NA
GEN24_1048326,Agree,Agree,Agree
GEN24_1048327,Agree,Agree,Agree
GEN24_1048335,Don't know / Not sure,Agree,NA
GEN24_1048340,Agree,Agree,Agree
GEN24_1048344,Agree,NA,NA
GEN24_1048356,Don't know / Not sure,Agree,Agree
GEN24_1048362,Agree,Agree,Agree
GEN24_1048369,Don't know / Not sure,NA,NA
GEN24_1048370,Don't know / Not sure,NA,NA
GEN24_1048374,Agree,NA,NA
GEN24_1048378,Don't know / Not sure,NA,NA
GEN24_1048379,Don't know / Not sure,NA,NA
GEN24_1048382,Disagree,NA,NA
GEN24_1048383,Agree,Agree,Agree
GEN24_1048385,Don't know / Not sure,NA,NA
GEN24_1048392,Don't know / Not sure,NA,NA
GEN24_1048396,Don't know / Not sure,NA,NA
GEN24_1048397,Agree,NA,NA
GEN24_1048400,Agree,NA,NA
GEN24_1048401,Disagree,NA,NA
GEN24_1048404,Agree,NA,NA
GEN24_1048412,Agree,NA,NA
GEN24_1048425,Disagree,Agree,Agree
GEN24_1048426,Don't know / Not sure,NA,NA
GEN24_1048429,Agree,Agree,Agree
GEN24_1048430,Disagree,NA,NA
GEN24_1048433,Agree,Agree,Agree
GEN24_1048435,Agree,NA,NA
GEN24_1048436,Agree,NA,NA
GEN24_1048442,Disagree,NA,NA
GEN24_1048444,Don't know / Not sure,Agree,Agree
GEN24_1048445,Agree,NA,Agree
GEN24_1048452,Agree,Agree,Agree
GEN24_1048459,Agree,NA,NA
GEN24_1048464,Agree,Agree,Agree
GEN24_1048465,Agree,NA,NA
GEN24_1048468,Agree,Agree,Agree
GEN24_1048470,Don't know / Not sure,Agree,NA
GEN24_1048473,Disagree,NA,Agree
GEN24_1048477,Agree,Agree,Agree
GEN24_1048479,Agree,NA,NA
GEN24_1048485,Disagree,NA,NA
GEN24_1048486,Agree,Agree,Agree
GEN24_1048487,Agree,NA,NA
GEN24_1048488,Agree,Agree,Agree
GEN24_1048495,Disagree,NA,NA
GEN24_1048497,Agree,NA,NA
GEN24_1048498,Agree,Agree,Agree
GEN24_1048499,Don't know / Not sure,NA,NA
GEN24_1048500,Don't know / Not sure,NA,Agree
GEN24_1048502,Disagree,NA,NA
GEN24_1048505,Agree,Agree,Agree
GEN24_1048506,Agree,NA,NA
GEN24_1048507,Agree,Agree,Agree
GEN24_1048510,Agree,Agree,Agree
GEN24_1048517,Disagree,NA,NA
GEN24_1048523,Don't know / Not sure,NA,NA
GEN24_1048532,Agree,Agree,Agree
GEN24_1048535,Don't know / Not sure,Agree,Agree
GEN24_1048539,Agree,NA,NA
GEN24_1048542,Don't know / Not sure,NA,NA
GEN24_1048548,Agree,NA,NA
GEN24_1048549,Agree,NA,NA
GEN24_1048552,Disagree,Agree,Agree
GEN24_1048553,Agree,NA,NA
GEN24_1048554,Agree,NA,NA
GEN24_1048557,Disagree,Agree,Agree
GEN24_1048569,Agree,NA,NA
GEN24_1048573,Agree,NA,NA
GEN24_1048577,Don't know / Not sure,NA,NA
GEN24_1048578,Disagree,NA,NA
GEN24_1048587,Agree,Agree,Agree
GEN24_1048591,Don't know / Not sure,NA,NA
GEN24_1048597,Disagree,Agree,Agree
GEN24_1048599,Agree,NA,NA
GEN24_1048600,Disagree,NA,NA
GEN24_1048604,Agree,Agree,Agree
GEN24_1048605,Disagree,NA,NA
GEN24_1048608,Agree,Agree,Agree
GEN24_1048617,Agree,Agree,Agree
GEN24_1048624,Don't know / Not sure,NA,NA
GEN24_1048627,Disagree,Agree,Agree
GEN24_1048628,Disagree,NA,NA
GEN24_1048634,Don't know / Not sure,NA,NA
GEN24_1048641,Agree,Agree,Agree
GEN24_1048643,Agree,Agree,Agree
GEN24_1048649,Disagree,NA,NA
GEN24_1048650,Agree,NA,NA
GEN24_1048651,Agree,NA,NA
GEN24_1048658,Don't know / Not sure,Agree,Agree
GEN24_1048668,Don't know / Not sure,NA,NA
GEN24_1048670,Agree,NA,NA
GEN24_1048674,Don't know / Not sure,NA,NA
GEN24_1048693,Agree,NA,NA
GEN24_1048695,Agree,NA,NA
GEN24_1048703,Don't know / Not sure,NA,NA
GEN24_1048709,Agree,Agree,Agree
GEN24_1048712,Disagree,Agree,NA
GEN24_1048713,Disagree,NA,NA
GEN24_1048715,Agree,NA,NA
GEN24_1048736,Agree,Agree,Agree
GEN24_1048739,Disagree,Agree,Agree
GEN24_1048749,Agree,Agree,Agree
GEN24_1048752,Agree,NA,NA
GEN24_1048754,Disagree,NA,NA
GEN24_1048755,Agree,NA,NA
GEN24_1048760,Agree,Agree,Agree
GEN24_1048762,Agree,Agree,Agree
GEN24_1048770,Disagree,NA,NA
GEN24_1048780,Agree,NA,NA
GEN24_1048784,Agree,NA,NA
GEN24_1048787,Don't know / Not sure,NA,NA
GEN24_1048790,Agree,Agree,Agree
GEN24_1048802,Agree,Agree,Agree
GEN24_1048818,Don't know / Not sure,Agree,Agree
GEN24_1048820,Agree,NA,NA
GEN24_1048827,Disagree,NA,NA
GEN24_1048840,Agree,Agree,Agree
GEN24_1048847,Disagree,NA,NA
GEN24_1048848,Agree,Agree,Agree
GEN24_1048852,Agree,Agree,Agree
GEN24_1048853,Agree,NA,NA
GEN24_1048854,Agree,Agree,Agree
GEN24_1048861,Agree,NA,NA
GEN24_1048868,Don't know / Not sure,NA,NA
GEN24_1048881,Agree,Agree,Agree
GEN24_1048882,Agree,Agree,Agree
GEN24_1048883,Agree,NA,NA
GEN24_1048885,Don't know / Not sure,NA,NA
GEN24_1048886,Disagree,NA,NA
GEN24_1048889,Disagree,NA,NA
GEN24_1048894,Agree,NA,NA
GEN24_1048895,Agree,NA,NA
GEN24_1048897,Agree,Agree,Agree
GEN24_1048898,Don't know / Not sure,NA,NA
GEN24_1048899,Disagree,NA,NA
GEN24_1048902,Don't know / Not sure,Agree,Agree
GEN24_1048904,Don't know / Not sure,NA,NA
GEN24_1048906,Disagree,NA,NA
GEN24_1048910,Don't know / Not sure,NA,NA
GEN24_1048913,Disagree,NA,NA
GEN24_1048916,Don't know / Not sure,NA,NA
GEN24_1048917,Don't know / Not sure,NA,NA
GEN24_1048923,Agree,Agree,Agree
GEN24_1048932,Agree,NA,NA
GEN24_1048933,Agree,NA,NA
GEN24_1048940,Agree,Agree,Agree
GEN24_1048943,Don't know / Not sure,NA,NA
GEN24_1048945,Agree,NA,NA
GEN24_1048949,Agree,NA,NA
GEN24_1048954,Agree,NA,NA
GEN24_1048955,Agree,NA,NA
GEN24_1048965,Agree,Agree,Agree
GEN24_1048966,Agree,Agree,Agree
GEN24_1048973,Agree,NA,Agree
GEN24_1048977,Agree,Agree,Agree
GEN24_1048980,Agree,NA,NA
GEN24_1048985,Agree,Agree,Agree
GEN24_1048990,Disagree,NA,NA
GEN24_1048998,Disagree,NA,NA
GEN24_1049002,Agree,Agree,NA
GEN24_1049004,Disagree,NA,NA
GEN24_1049008,Agree,NA,NA
GEN24_1049016,Agree,NA,NA
GEN24_1049020,Disagree,NA,NA
GEN24_1049025,Don't know / Not sure,NA,NA
GEN24_1049032,Agree,Agree,Agree
GEN24_1049034,Disagree,NA,NA
GEN24_1049039,Don't know / Not sure,NA,NA
GEN24_1049040,Agree,NA,NA
GEN24_1049041,Agree,NA,NA
GEN24_1049043,Disagree,NA,NA
GEN24_1049050,Don't know / Not sure,Agree,Agree
GEN24_1049057,Disagree,NA,NA
GEN24_1049062,Agree,NA,NA
GEN24_1049065,Agree,NA,NA
GEN24_1049071,Disagree,NA,NA
GEN24_1049075,Don't know / Not sure,Agree,Agree
GEN24_1049079,Don't know / Not sure,NA,NA
GEN24_1049080,Don't know / Not sure,Agree,Agree
GEN24_1049089,Agree,Agree,Agree
GEN24_1049116,Agree,Agree,Agree
GEN24_1049121,Don't know / Not sure,NA,NA
GEN24_1049135,Agree,NA,NA
GEN24_1049138,Disagree,NA,NA
GEN24_1049146,Disagree,Agree,Agree
GEN24_1049157,Agree,NA,NA
GEN24_1049159,Agree,NA,NA
GEN24_1049161,Disagree,NA,NA
GEN24_1049174,Agree,NA,NA
GEN24_1049178,Agree,NA,NA
GEN24_1049182,Disagree,NA,NA
GEN24_1049195,Agree,NA,NA
GEN24_1049196,Agree,NA,NA
GEN24_1049204,Agree,NA,NA
GEN24_1049209,Don't know / Not sure,NA,NA
GEN24_1049213,Don't know / Not sure,Agree,Agree
GEN24_1049214,Agree,Agree,Agree
GEN24_1049215,Disagree,Agree,Agree
GEN24_1049216,Disagree,NA,NA
GEN24_1049217,Agree,NA,NA
GEN24_1049220,Agree,NA,NA
GEN24_1049227,Agree,Agree,Agree
GEN24_1049228,Agree,Agree,Agree
GEN24_1049233,Agree,NA,NA
GEN24_1049236,Agree,Agree,Agree
GEN24_1049242,Agree,Agree,Agree
GEN24_1049244,Agree,Agree,Agree
GEN24_1049251,Agree,NA,NA
GEN24_1049260,Agree,Agree,Agree
GEN24_1049262,Agree,Agree,Agree
GEN24_1049263,Agree,NA,NA
GEN24_1049264,Agree,NA,NA
GEN24_1049265,Don't know / Not sure,Agree,Agree
GEN24_1049266,Don't know / Not sure,Agree,Agree
GEN24_1049281,Agree,Agree,Agree
GEN24_1049282,Agree,Agree,Agree
GEN24_1049284,Agree,NA,NA
GEN24_1049305,Disagree,NA,NA
GEN24_1049319,Agree,Agree,Agree
GEN24_1049322,Agree,Agree,Agree
GEN24_1049328,Agree,Agree,Agree
GEN24_1049330,Agree,Agree,Agree
GEN24_1049333,Don't know / Not sure,Agree,Agree
GEN24_1049334,Agree,Agree,Agree
GEN24_1049335,Agree,Agree,Agree
GEN24_1049339,Agree,NA,NA
GEN24_1049347,Disagree,Agree,Agree
GEN24_1049349,Don't know / Not sure,NA,NA
GEN24_1049355,Agree,Agree,Agree
GEN24_1049356,Agree,Agree,Agree
GEN24_1049357,Don't know / Not sure,NA,NA
GEN24_1049361,Agree,Agree,Agree
GEN24_1049362,Agree,Agree,Agree
GEN24_1049364,Agree,Agree,Agree
GEN24_1049365,Disagree,NA,NA
GEN24_1049371,Agree,Agree,Agree
GEN24_1049385,Agree,NA,NA
GEN24_1049387,Don't know / Not sure,NA,NA
GEN24_1049414,Agree,Agree,Agree
GEN24_1049419,Disagree,Agree,Agree
GEN24_1049423,Agree,NA,NA
GEN24_1049429,Don't know / Not sure,Agree,Agree
GEN24_1049430,Agree,Agree,Agree
GEN24_1049441,Agree,Agree,Agree
GEN24_1049443,Disagree,NA,NA
GEN24_1049447,Agree,NA,NA
GEN24_1049448,Don't know / Not sure,Agree,Agree
GEN24_1049455,Agree,NA,NA
GEN24_1049459,Agree,Agree,Agree
GEN24_1049461,Agree,Agree,Agree
GEN24_1049467,Agree,Agree,Agree
GEN24_1049489,Disagree,NA,NA
GEN24_1049496,Agree,Agree,Agree
GEN24_1049498,Don't know / Not sure,Agree,Agree
GEN24_1049500,Agree,Agree,Agree
GEN24_1049501,Don't know / Not sure,NA,NA
GEN24_1049504,Agree,NA,NA
GEN24_1049521,Agree,Agree,Agree
GEN24_1049524,Agree,NA,NA
GEN24_1049527,Disagree,Agree,Agree
GEN24_1049528,Agree,NA,NA
GEN24_1049544,Don't know / Not sure,NA,NA
GEN24_1049551,Disagree,NA,NA
GEN24_1049554,Don't know / Not sure,NA,NA
GEN24_1049555,Agree,Agree,Agree
GEN24_1049571,Don't know / Not sure,Agree,Agree
GEN24_1049588,Agree,Agree,Agree
GEN24_1049589,Agree,NA,NA
GEN24_1049594,Don't know / Not sure,Agree,Agree
GEN24_1049595,Disagree,NA,NA
GEN24_1049604,Don't know / Not sure,Agree,Agree
GEN24_1049623,Agree,NA,NA
GEN24_1049631,Disagree,NA,NA
GEN24_1049644,Agree,Agree,Agree
GEN24_1049657,Agree,Agree,Agree
GEN24_1049659,Agree,Agree,Agree
GEN24_1049661,Agree,NA,NA
GEN24_1049663,Agree,Agree,Agree
GEN24_1049665,Disagree,NA,NA
GEN24_1049666,Disagree,NA,NA
GEN24_1049667,Agree,Agree,Agree
GEN24_1049668,Disagree,Agree,Agree
GEN24_1049678,Agree,Agree,Agree
GEN24_1049679,Agree,NA,NA
GEN24_1049681,Disagree,NA,NA
GEN24_1049686,Disagree,NA,NA
GEN24_1049688,Disagree,Agree,Agree
GEN24_1049690,Disagree,NA,NA
GEN24_1049695,Disagree,Disagree,Agree
GEN24_1049696,Agree,NA,NA
GEN24_1049703,Disagree,NA,NA
GEN24_1049705,Don't know / Not sure,NA,NA
GEN24_1049706,Agree,Agree,Agree
GEN24_1049718,Disagree,NA,NA
GEN24_1049720,Disagree,NA,NA
GEN24_1049723,Agree,Agree,Agree
GEN24_1049726,Don't know / Not sure,NA,NA
GEN24_1049735,Agree,NA,NA
GEN24_1049736,Don't know / Not sure,NA,NA
GEN24_1049746,Disagree,NA,NA
GEN24_1049747,Agree,NA,NA
GEN24_1049749,Don't know / Not sure,NA,NA
GEN24_1049782,Agree,NA,NA
GEN24_1049789,Agree,NA,NA
GEN24_1049800,Agree,NA,NA
GEN24_1049808,Disagree,Agree,Agree
GEN24_1049810,Agree,NA,NA
GEN24_1049823,Disagree,NA,NA
GEN24_1049827,Agree,NA,Agree
GEN24_1049829,Agree,Agree,Agree
GEN24_1049832,Disagree,Agree,Agree
GEN24_1049834,Agree,NA,NA
GEN24_1049835,Agree,Agree,Agree
GEN24_1049844,Agree,Agree,Agree
GEN24_1049845,Agree,NA,NA
GEN24_1049846,Agree,NA,NA
GEN24_1049847,Agree,NA,NA
GEN24_1049858,Agree,Agree,Agree
GEN24_1049859,Agree,NA,NA
GEN24_1049863,Don't know / Not sure,NA,NA
GEN24_1049872,Agree,NA,NA
GEN24_1049890,Agree,NA,NA
GEN24_1049898,Agree,NA,NA
GEN24_1049900,Agree,NA,NA
GEN24_1049902,Agree,NA,NA
GEN24_1049903,Don't know / Not sure,NA,NA
GEN24_1049911,Agree,Agree,Agree
GEN24_1049912,Don't know / Not sure,NA,NA
GEN24_1049913,Disagree,NA,NA
GEN24_1049918,Don't know / Not sure,NA,NA
GEN24_1049919,Agree,Agree,Agree
GEN24_1049922,Agree,NA,NA
GEN24_1049923,Agree,NA,NA
GEN24_1049924,Don't know / Not sure,NA,NA
GEN24_1049925,Agree,Agree,Agree
GEN24_1049928,Agree,NA,NA
GEN24_1049936,Disagree,NA,NA
GEN24_1049940,Agree,Agree,Agree
GEN24_1049957,Disagree,NA,NA
GEN24_1049959,Agree,Agree,Agree
GEN24_1049967,Don't know / Not sure,NA,NA
GEN24_1049972,Don't know / Not sure,NA,NA
GEN24_1049973,Agree,Agree,Agree
GEN24_1049981,Agree,NA,NA
GEN24_1049985,Disagree,Agree,Agree
GEN24_1049986,Don't know / Not sure,Agree,Agree
GEN24_1049987,Don't know / Not sure,Agree,Agree
GEN24_1049988,Agree,NA,NA
GEN24_1049994,Disagree,Agree,Agree
GEN24_1049996,Disagree,NA,Disagree
GEN24_1050006,Don't know / Not sure,NA,NA
GEN24_1050008,Don't know / Not sure,NA,NA
GEN24_1050009,Agree,Agree,NA
GEN24_1050010,Agree,Agree,Agree
GEN24_1050013,Agree,NA,NA
GEN24_1050014,Agree,Agree,Agree
GEN24_1050017,Don't know / Not sure,NA,NA
GEN24_1050022,Agree,Agree,Agree
GEN24_1050023,Disagree,Agree,Agree
GEN24_1050025,Agree,Agree,Agree
GEN24_1050026,Agree,NA,NA
GEN24_1050030,Disagree,NA,NA
GEN24_1050033,Disagree,Agree,Agree
GEN24_1050034,Don't know / Not sure,Agree,Agree
GEN24_1050046,Agree,NA,NA
GEN24_1050051,Agree,Agree,Agree
GEN24_1050054,Agree,Agree,Agree
GEN24_1050060,Don't know / Not sure,Agree,Agree
GEN24_1050070,Don't know / Not sure,NA,NA
GEN24_1050071,Don't know / Not sure,Agree,Agree
GEN24_1050076,Don't know / Not sure,NA,NA
GEN24_1050082,Disagree,Agree,Agree
GEN24_1050083,Don't know / Not sure,Agree,Agree
GEN24_1050085,Agree,NA,NA
GEN24_1050086,Don't know / Not sure,NA,NA
GEN24_1050087,Agree,Agree,Agree
GEN24_1050088,Disagree,NA,NA
GEN24_1050089,Don't know / Not sure,NA,NA
GEN24_1050094,Agree,Agree,Agree
GEN24_1050098,Don't know / Not sure,NA,NA
GEN24_1050105,Disagree,NA,NA
GEN24_1050107,Don't know / Not sure,Agree,NA
GEN24_1050117,Disagree,Agree,Agree
GEN24_1050118,Agree,NA,NA
GEN24_1050128,Don't know / Not sure,NA,NA
GEN24_1050135,Disagree,NA,NA
GEN24_1050139,Disagree,Agree,Agree
GEN24_1050142,Agree,Agree,Agree
GEN24_1050164,Agree,Agree,Agree
GEN24_1050183,Agree,NA,NA
GEN24_1050188,Agree,Agree,Agree
GEN24_1050192,Agree,Agree,Agree
GEN24_1050195,Agree,NA,NA
GEN24_1050200,Agree,Agree,Agree
GEN24_1050201,Agree,Agree,Agree
GEN24_1050210,Agree,Agree,Agree
GEN24_1050230,Agree,Agree,Agree
GEN24_1050245,Agree,Agree,Agree
GEN24_1050250,Disagree,NA,NA
GEN24_1050251,Disagree,Agree,Agree
GEN24_1050252,Agree,NA,Agree
GEN24_1050254,Don't know / Not sure,Agree,Agree
GEN24_1050259,Agree,Agree,Agree
GEN24_1050262,Agree,Agree,Agree
GEN24_1050270,Don't know / Not sure,Agree,NA
GEN24_1050272,Agree,Agree,Agree
GEN24_1050278,Don't know / Not sure,NA,NA
GEN24_1050280,Agree,Agree,Agree
GEN24_1050285,Agree,Agree,Agree
GEN24_1050291,Don't know / Not sure,Agree,Agree
GEN24_1050294,Agree,Agree,Agree
GEN24_1050298,Agree,NA,NA
GEN24_1050301,Don't know / Not sure,NA,NA
GEN24_1050302,Agree,NA,NA
GEN24_1050307,Agree,Agree,Agree
GEN24_1050310,Agree,NA,NA
GEN24_1050337,Don't know / Not sure,Agree,Agree
GEN24_1050348,Disagree,NA,NA
GEN24_1050351,Agree,Agree,Agree
GEN24_1050355,Don't know / Not sure,Agree,Agree
GEN24_1050361,Don't know / Not sure,NA,NA
GEN24_1050383,Agree,Agree,Agree
GEN24_1050409,Don't know / Not sure,Agree,Agree
GEN24_1050413,Agree,Agree,Agree
GEN24_1050415,Agree,Agree,Agree
GEN24_1050420,Agree,Agree,Agree
GEN24_1050422,Agree,NA,NA
GEN24_1050425,Agree,NA,NA
GEN24_1050432,Agree,NA,NA
GEN24_1050447,Disagree,Disagree,Agree
GEN24_1050450,Disagree,Agree,Agree
GEN24_1050455,Don't know / Not sure,NA,NA
GEN24_1050468,Agree,Agree,Agree
GEN24_1050469,Don't know / Not sure,NA,NA
GEN24_1050473,Disagree,Agree,Agree
GEN24_1050475,Agree,Agree,Agree
GEN24_1050477,Agree,NA,NA
GEN24_1050485,Agree,Agree,Agree
GEN24_1050486,Agree,Agree,Agree
GEN24_1050507,Don't know / Not sure,NA,NA
GEN24_1050508,Agree,NA,NA
GEN24_1050509,Don't know / Not sure,Agree,Agree
GEN24_1050516,Agree,NA,NA
GEN24_1050525,Agree,Agree,Agree
GEN24_1050526,Agree,Agree,Agree
GEN24_1050533,Don't know / Not sure,NA,NA
GEN24_1050534,Agree,Agree,Agree
GEN24_1050548,Disagree,NA,NA
GEN24_1050549,Disagree,NA,NA
GEN24_1050551,Agree,Disagree,Agree
GEN24_1050552,Don't know / Not sure,NA,NA
GEN24_1050554,Agree,Agree,Agree
GEN24_1050555,Agree,NA,NA
GEN24_1050557,Agree,NA,NA
GEN24_1050561,Don't know / Not sure,NA,NA
GEN24_1050564,Don't know / Not sure,NA,NA
GEN24_1050566,Agree,NA,NA
GEN24_1050567,Agree,Agree,Agree
GEN24_1050568,Agree,Agree,Agree
GEN24_1050571,Agree,Agree,Agree
GEN24_1050574,Disagree,Agree,Agree
GEN24_1050580,Don't know / Not sure,Agree,Agree
GEN24_1050584,Disagree,Agree,Agree
GEN24_1050588,Don't know / Not sure,NA,NA
GEN24_1050589,Agree,NA,NA
GEN24_1050594,Agree,Agree,Agree
GEN24_1050597,Don't know / Not sure,NA,NA
GEN24_1050606,Agree,Agree,Agree
GEN24_1050613,Agree,NA,NA
GEN24_1050619,Agree,Agree,Agree
GEN24_1050632,Don't know / Not sure,NA,NA
GEN24_1050635,Don't know / Not sure,NA,NA
GEN24_1050639,Agree,Agree,NA
GEN24_1050648,Agree,NA,NA
GEN24_1050650,Agree,NA,NA
GEN24_1050662,Don't know / Not sure,NA,NA
GEN24_1050663,Disagree,Agree,Agree
GEN24_1050667,Don't know / Not sure,Agree,Agree
GEN24_1050668,Disagree,Agree,Agree
GEN24_1050670,Don't know / Not sure,NA,NA
GEN24_1050677,Agree,NA,NA
GEN24_1050679,Don't know / Not sure,Agree,Agree
GEN24_1050682,Don't know / Not sure,NA,NA
GEN24_1050685,Agree,NA,NA
GEN24_1050686,Don't know / Not sure,NA,NA
GEN24_1050692,Agree,Agree,Agree
GEN24_1050694,Agree,NA,NA
GEN24_1050695,Agree,Agree,Agree
GEN24_1050696,Agree,NA,NA
GEN24_1050698,Agree,Agree,Agree
GEN24_1050701,Don't know / Not sure,NA,NA
GEN24_1050705,Agree,Agree,Agree
GEN24_1050706,Don't know / Not sure,NA,Agree
GEN24_1050708,Agree,Agree,Agree
GEN24_1050711,Disagree,NA,NA
GEN24_1050716,Agree,NA,NA
GEN24_1050718,Don't know / Not sure,NA,NA
GEN24_1050720,Agree,NA,NA
GEN24_1050723,Disagree,Agree,Agree
GEN24_1050725,Disagree,Agree,NA
GEN24_1050731,Agree,NA,NA
GEN24_1050732,Don't know / Not sure,NA,NA
GEN24_1050733,Agree,NA,NA
GEN24_1050734,Agree,NA,NA
GEN24_1050735,Agree,NA,NA
GEN24_1050736,Don't know / Not sure,NA,NA
GEN24_1050740,Don't know / Not sure,NA,NA
GEN24_1050742,Don't know / Not sure,Agree,NA
GEN24_1050755,Agree,Agree,Agree
GEN24_1050761,Agree,Agree,Agree
GEN24_1050762,Disagree,NA,NA
GEN24_1050765,Don't know / Not sure,NA,NA
GEN24_1050768,Agree,Agree,Agree
GEN24_1050777,Agree,Agree,Agree
GEN24_1050783,Agree,NA,NA
GEN24_1050786,Agree,NA,NA
GEN24_1050802,Don't know / Not sure,Agree,Agree
GEN24_1050805,Don't know / Not sure,Agree,Agree
GEN24_1050808,Don't know / Not sure,NA,NA
GEN24_1050813,Agree,NA,NA
GEN24_1050814,Don't know / Not sure,NA,NA
GEN24_1050816,Don't know / Not sure,NA,NA
GEN24_1050817,Don't know / Not sure,NA,Agree
GEN24_1050821,Agree,Agree,Agree
GEN24_1050822,Agree,NA,NA
GEN24_1050827,Agree,NA,NA
GEN24_1050828,Agree,NA,NA
GEN24_1050839,Disagree,NA,NA
GEN24_1050862,Agree,Agree,Agree
GEN24_1050868,Agree,NA,NA
GEN24_1050869,Agree,NA,NA
GEN24_1050870,Agree,Agree,Agree
GEN24_1050872,Disagree,NA,NA
GEN24_1050875,Agree,NA,NA
GEN24_1050877,Don't know / Not sure,NA,NA
GEN24_1050882,Don't know / Not sure,Agree,Agree
GEN24_1050888,Disagree,Agree,Agree
GEN24_1050889,Agree,NA,NA
GEN24_1050890,Don't know / Not sure,NA,NA
GEN24_1050894,Disagree,NA,NA
GEN24_1050904,Don't know / Not sure,NA,NA
GEN24_1050917,Agree,Agree,Agree
GEN24_1050918,Don't know / Not sure,NA,NA
GEN24_1050920,Agree,Agree,Agree
GEN24_1050921,Don't know / Not sure,Agree,Agree
GEN24_1050928,Don't know / Not sure,NA,NA
GEN24_1050937,Don't know / Not sure,NA,NA
GEN24_1050941,Agree,NA,NA
GEN24_1050942,Agree,NA,NA
GEN24_1050943,Agree,NA,NA
GEN24_1050955,Disagree,Agree,Agree
GEN24_1050956,Disagree,NA,NA
GEN24_1050959,Agree,Agree,Agree
GEN24_1050960,Agree,NA,NA
GEN24_1050970,Don't know / Not sure,NA,NA
GEN24_1050972,Agree,Agree,Agree
GEN24_1050978,Agree,Agree,Agree
GEN24_1050982,Agree,Agree,Agree
GEN24_1050989,Disagree,NA,NA
GEN24_1050992,Agree,Agree,Agree
GEN24_1050995,Agree,NA,NA
GEN24_1050998,Don't know / Not sure,NA,NA
GEN24_1051000,Don't know / Not sure,NA,NA
GEN24_1051002,Agree,NA,NA
GEN24_1051004,Agree,NA,NA
GEN24_1051009,Disagree,NA,NA
GEN24_1051019,Don't know / Not sure,NA,NA
GEN24_1051022,Don't know / Not sure,NA,NA
GEN24_1051025,Agree,Agree,Agree
GEN24_1051030,Agree,Agree,Agree
GEN24_1051031,Disagree,NA,NA
GEN24_1051039,Don't know / Not sure,NA,NA
GEN24_1051046,Don't know / Not sure,NA,NA
GEN24_1051048,Agree,Agree,Agree
GEN24_1051061,Don't know / Not sure,Agree,Agree
GEN24_1051062,Agree,Agree,Agree
GEN24_1051064,Don't know / Not sure,NA,NA
GEN24_1051067,Agree,NA,NA
GEN24_1051081,Agree,Agree,Agree
GEN24_1051084,Agree,Agree,Agree
GEN24_1051090,Don't know / Not sure,Agree,Agree
GEN24_1051091,Agree,NA,NA
GEN24_1051093,Agree,Agree,Agree
GEN24_1051095,Agree,Agree,Agree
GEN24_1051096,Agree,NA,NA
GEN24_1051102,Disagree,Agree,Agree
GEN24_1051103,Don't know / Not sure,NA,NA
GEN24_1051105,Agree,NA,NA
GEN24_1051127,Agree,NA,NA
GEN24_1051135,Agree,Agree,Agree
GEN24_1051136,Agree,Agree,Agree
GEN24_1051140,Don't know / Not sure,NA,NA
GEN24_1051142,Don't know / Not sure,NA,NA
GEN24_1051143,Agree,NA,NA
GEN24_1051145,Agree,NA,NA
GEN24_1051146,Agree,NA,NA
GEN24_1051149,Agree,Agree,Agree
GEN24_1051150,Agree,Agree,Agree
GEN24_1051155,Disagree,Agree,Agree
GEN24_1051169,Agree,NA,NA
GEN24_1051171,Agree,Agree,Agree
GEN24_1051178,Agree,Agree,Agree
GEN24_1051180,Agree,NA,NA
GEN24_1051182,Agree,Agree,Agree
GEN24_1051184,Disagree,NA,NA
GEN24_1051187,Agree,NA,NA
GEN24_1051192,Agree,NA,NA
GEN24_1051193,Don't know / Not sure,NA,NA
GEN24_1051196,Disagree,NA,NA
GEN24_1051198,Agree,NA,NA
GEN24_1051200,Disagree,NA,NA
GEN24_1051203,Agree,Agree,Agree
GEN24_1051207,Agree,Agree,Agree
GEN24_1051209,Disagree,NA,NA
GEN24_1051212,Agree,NA,NA
GEN24_1051213,Agree,Agree,Agree
GEN24_1051222,Agree,NA,NA
GEN24_1051227,Agree,NA,NA
GEN24_1051230,Disagree,Agree,Agree
GEN24_1051231,Don't know / Not sure,Agree,Agree
GEN24_1051236,Disagree,NA,NA
GEN24_1051239,Agree,NA,NA
GEN24_1051248,Agree,NA,NA
GEN24_1051250,Agree,NA,NA
GEN24_1051251,Disagree,Agree,Agree
GEN24_1051252,Agree,NA,NA
GEN24_1051254,Don't know / Not sure,Agree,Agree
GEN24_1051260,Agree,NA,NA
GEN24_1051267,Agree,NA,NA
GEN24_1051271,Don't know / Not sure,NA,NA
GEN24_1051278,Disagree,NA,NA
GEN24_1051279,Don't know / Not sure,NA,NA
GEN24_1051280,Don't know / Not sure,Agree,Agree
GEN24_1051283,Agree,Agree,Agree
GEN24_1051284,Don't know / Not sure,Agree,Agree
GEN24_1051286,Agree,Agree,Agree
GEN24_1051294,Agree,NA,NA
GEN24_1051304,Disagree,NA,NA
GEN24_1051305,Disagree,NA,NA
GEN24_1051306,Disagree,NA,NA
GEN24_1051309,Don't know / Not sure,NA,NA
GEN24_1051313,Agree,NA,NA
GEN24_1051318,Agree,Agree,Agree
GEN24_1051319,Don't know / Not sure,Agree,Agree
GEN24_1051320,Agree,Agree,Agree
GEN24_1051324,Agree,NA,NA
GEN24_1051335,Don't know / Not sure,NA,NA
GEN24_1051348,Disagree,NA,NA
GEN24_1051350,Disagree,Agree,Agree
GEN24_1051351,Agree,Agree,Agree
GEN24_1051352,Agree,Agree,Agree
GEN24_1051356,Agree,NA,NA
GEN24_1051358,Agree,NA,NA
GEN24_1051365,Don't know / Not sure,Agree,Agree
GEN24_1051375,Agree,Agree,Agree
GEN24_1051378,Don't know / Not sure,Agree,Agree
GEN24_1051380,Don't know / Not sure,Agree,Agree
GEN24_1051382,Agree,Agree,Agree
GEN24_1051383,Disagree,NA,NA
GEN24_1051386,Don't know / Not sure,NA,NA
GEN24_1051393,Agree,NA,NA
GEN24_1051394,Agree,NA,Agree
GEN24_1051396,Don't know / Not sure,NA,NA
GEN24_1051407,Disagree,NA,NA
GEN24_1051409,Disagree,NA,NA
GEN24_1051426,Don't know / Not sure,NA,NA
GEN24_1051429,Agree,NA,NA
GEN24_1051431,Agree,NA,NA
GEN24_1051433,Agree,Agree,Agree
GEN24_1051436,Agree,Agree,Agree
GEN24_1051455,Agree,Agree,Agree
GEN24_1051458,Agree,Agree,Agree
GEN24_1051471,Don't know / Not sure,NA,NA
GEN24_1051472,Don't know / Not sure,NA,NA
GEN24_1051475,Disagree,Agree,Agree
GEN24_1051479,Disagree,NA,NA
GEN24_1051483,Don't know / Not sure,NA,NA
GEN24_1051490,Agree,Agree,Agree
GEN24_1051497,Don't know / Not sure,NA,NA
GEN24_1051502,Don't know / Not sure,Agree,Agree
GEN24_1051511,Agree,Agree,Agree
GEN24_1051514,Don't know / Not sure,NA,NA
GEN24_1051553,Don't know / Not sure,Agree,Agree
GEN24_1051558,Agree,Agree,Agree
GEN24_1051559,Don't know / Not sure,Agree,Agree
GEN24_1051567,Agree,Agree,Agree
GEN24_1051568,Agree,Agree,Agree
GEN24_1051569,Disagree,NA,NA
GEN24_1051577,Agree,Agree,Agree
GEN24_1051578,Agree,Agree,Agree
GEN24_1051583,Disagree,Agree,Agree
GEN24_1051584,Agree,NA,NA
GEN24_1051590,Agree,Agree,Agree
GEN24_1051591,Disagree,NA,Agree
GEN24_1051596,Agree,Agree,Agree
GEN24_1051598,Don't know / Not sure,NA,Agree
GEN24_1051600,Agree,NA,NA
GEN24_1051602,Agree,Agree,Agree
GEN24_1051604,Disagree,NA,NA
GEN24_1051605,Disagree,NA,NA
GEN24_1051614,Don't know / Not sure,Agree,Agree
GEN24_1051615,Agree,NA,NA
GEN24_1051618,Agree,NA,NA
GEN24_1051632,Agree,Agree,Agree
GEN24_1051634,Agree,NA,NA
GEN24_1051650,Agree,NA,NA
GEN24_1051651,Agree,NA,NA
GEN24_1051661,Agree,NA,NA
GEN24_1051662,Disagree,Agree,Agree
GEN24_1051668,Agree,Agree,Agree
GEN24_1051669,Agree,NA,NA
GEN24_1051670,Don't know / Not sure,NA,NA
GEN24_1051674,Don't know / Not sure,NA,NA
GEN24_1051686,Agree,Agree,Agree
GEN24_1051687,Agree,Agree,Agree
GEN24_1051688,Don't know / Not sure,NA,NA
GEN24_1051699,Disagree,Agree,Agree
GEN24_1051704,Agree,NA,NA
GEN24_1051710,Don't know / Not sure,Agree,Agree
GEN24_1051712,Agree,NA,Agree
GEN24_1051714,Agree,NA,NA
GEN24_1051716,Agree,Agree,Agree
GEN24_1051718,Agree,Agree,Agree
GEN24_1051719,Agree,Agree,Agree
GEN24_1051723,Agree,Agree,Agree
GEN24_1051734,Don't know / Not sure,Agree,Agree
GEN24_1051736,Agree,Agree,Agree
GEN24_1051752,Agree,NA,Agree
GEN24_1051761,Disagree,Agree,Agree
GEN24_1051765,Agree,Agree,Agree
GEN24_1051771,Disagree,NA,NA
GEN24_1051772,Don't know / Not sure,Agree,Agree
GEN24_1051774,Agree,NA,NA
GEN24_1051778,Don't know / Not sure,NA,NA
GEN24_1051779,Agree,Agree,Agree
GEN24_1051781,Don't know / Not sure,Agree,Agree
GEN24_1051783,Agree,NA,NA
GEN24_1051784,Agree,NA,NA
GEN24_1051795,Agree,NA,NA
GEN24_1051800,Agree,Agree,Agree
GEN24_1051804,Don't know / Not sure,NA,NA
GEN24_1051805,Agree,NA,NA
GEN24_1051807,Agree,NA,NA
GEN24_1051813,Disagree,Agree,Agree
GEN24_1051816,Agree,Agree,Agree
GEN24_1051817,Disagree,NA,NA
GEN24_1051819,Agree,NA,NA
GEN24_1051820,Agree,Agree,Agree
GEN24_1051823,Agree,NA,NA
GEN24_1051826,Agree,NA,NA
GEN24_1051827,Agree,Agree,Agree
GEN24_1051830,Agree,Agree,Agree
GEN24_1051832,Agree,Agree,Agree
GEN24_1051833,Don't know / Not sure,NA,NA
GEN24_1051834,Agree,Agree,Agree
GEN24_1051836,Agree,Agree,Agree
GEN24_1051838,Disagree,NA,NA
GEN24_1051839,Don't know / Not sure,Agree,Agree
GEN24_1051841,Disagree,NA,NA
GEN24_1051844,Agree,NA,NA
GEN24_1051845,Don't know / Not sure,NA,NA
GEN24_1051851,Agree,NA,NA
GEN24_1051855,Don't know / Not sure,Agree,Agree
GEN24_1051857,Agree,Agree,Agree
GEN24_1051858,Don't know / Not sure,NA,NA
GEN24_1051859,Agree,NA,NA
GEN24_1051863,Disagree,Agree,Agree
GEN24_1051864,Agree,Agree,Agree
GEN24_1051867,Agree,NA,NA
GEN24_1051868,Agree,Agree,Agree
GEN24_1051879,Don't know / Not sure,Agree,Agree
GEN24_1051880,Don't know / Not sure,Agree,Agree
GEN24_1051881,Agree,NA,NA
GEN24_1051882,Don't know / Not sure,NA,NA
GEN24_1051886,Disagree,NA,NA
GEN24_1051887,Agree,NA,NA
GEN24_1051889,Agree,NA,NA
GEN24_1051900,Agree,NA,NA
GEN24_1051901,Don't know / Not sure,NA,NA
GEN24_1051952,Agree,NA,NA
GEN24_1051955,Don't know / Not sure,Agree,NA
GEN24_1051956,Agree,NA,NA
GEN24_1051957,Agree,NA,NA
GEN24_1051961,Agree,NA,NA
GEN24_1051963,Don't know / Not sure,Agree,Agree
GEN24_1051966,Disagree,Agree,Agree
GEN24_1051968,Agree,Agree,Agree
GEN24_1051969,Agree,Disagree,Agree
GEN24_1051972,Agree,Agree,Agree
GEN24_1051973,Agree,Agree,Agree
GEN24_1051976,Agree,Agree,Agree
GEN24_1051978,Don't know / Not sure,NA,NA
GEN24_1051979,Disagree,NA,NA
GEN24_1051983,Don't know / Not sure,NA,NA
GEN24_1051987,Disagree,NA,NA
GEN24_1051989,Don't know / Not sure,Agree,Agree
GEN24_1051998,Agree,Agree,Agree
GEN24_1052000,Agree,Agree,Agree
GEN24_1052006,Agree,Agree,Agree
GEN24_1052007,Agree,Agree,Agree
GEN24_1052010,Don't know / Not sure,NA,NA
GEN24_1052011,Disagree,Agree,Agree
GEN24_1052014,Agree,NA,NA
GEN24_1052015,Agree,NA,NA
GEN24_1052027,Agree,Agree,Agree
GEN24_1052028,Don't know / Not sure,Agree,Agree
GEN24_1052034,Agree,Agree,Agree
GEN24_1052035,Agree,Agree,Agree
GEN24_1052045,Agree,Agree,Agree
GEN24_1052047,Disagree,Agree,Agree
GEN24_1052062,Disagree,NA,NA
GEN24_1052070,Disagree,Agree,Agree
GEN24_1052071,Agree,Agree,Agree
GEN24_1052074,Disagree,NA,NA
GEN24_1052076,Agree,NA,NA
GEN24_1052078,Don't know / Not sure,Agree,Agree
GEN24_1052080,Agree,Agree,Agree
GEN24_1052088,Disagree,NA,NA
GEN24_1052091,Disagree,NA,NA
GEN24_1052094,Don't know / Not sure,Agree,Agree
GEN24_1052100,Don't know / Not sure,NA,NA
GEN24_1052101,Don't know / Not sure,Disagree,Agree
GEN24_1052104,Agree,Agree,Agree
GEN24_1052107,Agree,NA,NA
GEN24_1052111,Don't know / Not sure,Agree,Agree
GEN24_1052115,Agree,NA,NA
GEN24_1052120,Don't know / Not sure,NA,NA
GEN24_1052133,Agree,NA,NA
GEN24_1052138,Disagree,Agree,Agree
GEN24_1052139,Don't know / Not sure,NA,NA
GEN24_1052145,Agree,NA,NA
GEN24_1052146,Don't know / Not sure,NA,NA
GEN24_1052148,Don't know / Not sure,Agree,Agree
GEN24_1052155,Agree,NA,NA
GEN24_1052159,Don't know / Not sure,NA,Agree
GEN24_1052166,Don't know / Not sure,Agree,Agree
GEN24_1052168,Don't know / Not sure,NA,NA
GEN24_1052170,Agree,Agree,Agree
GEN24_1052173,Agree,NA,NA
GEN24_1052188,Agree,NA,NA
GEN24_1052193,Don't know / Not sure,NA,NA
GEN24_1052194,Don't know / Not sure,NA,NA
GEN24_1052197,Don't know / Not sure,NA,NA
GEN24_1052199,Don't know / Not sure,NA,NA
GEN24_1052207,Don't know / Not sure,NA,NA
GEN24_1052211,Agree,NA,NA
GEN24_1052214,Agree,Agree,Agree
GEN24_1052217,Agree,Agree,Agree
GEN24_1052220,Agree,NA,NA
GEN24_1052231,Agree,Agree,Agree
GEN24_1052241,Don't know / Not sure,Agree,Agree
GEN24_1052251,Agree,NA,NA
GEN24_1052256,Agree,NA,NA
GEN24_1052259,Don't know / Not sure,NA,NA
GEN24_1052271,Don't know / Not sure,NA,NA
GEN24_1052272,Don't know / Not sure,NA,NA
GEN24_1052275,Don't know / Not sure,NA,NA
GEN24_1052277,Agree,Agree,Agree
GEN24_1052286,Agree,NA,NA
GEN24_1052287,Agree,Agree,Agree
GEN24_1052292,Agree,Agree,Agree
GEN24_1052293,Don't know / Not sure,NA,NA
GEN24_1052295,Disagree,NA,NA
GEN24_1052299,Disagree,NA,NA
GEN24_1052302,Don't know / Not sure,NA,NA
GEN24_1052305,Don't know / Not sure,NA,NA
GEN24_1052307,Don't know / Not sure,Agree,Agree
GEN24_1052322,Agree,Agree,Agree
GEN24_1052323,Don't know / Not sure,NA,NA
GEN24_1052326,Agree,NA,NA
GEN24_1052338,Disagree,NA,NA
GEN24_1052341,Agree,Agree,Agree
GEN24_1052342,Agree,Agree,Agree
GEN24_1052351,Agree,Agree,Agree
GEN24_1052355,Disagree,Agree,Agree
GEN24_1052361,Don't know / Not sure,NA,Agree
GEN24_1052366,Don't know / Not sure,Agree,Agree
GEN24_1052381,Agree,Agree,Agree
GEN24_1052382,Agree,Agree,Agree
GEN24_1052385,Agree,NA,NA
GEN24_1052386,Agree,Agree,Agree
GEN24_1052393,Agree,Agree,Agree
GEN24_1052394,Agree,Agree,Agree
GEN24_1052401,Agree,Agree,Agree
GEN24_1052408,Agree,Agree,Agree
GEN24_1052415,Agree,Disagree,NA
GEN24_1052417,Don't know / Not sure,NA,NA
GEN24_1052420,Don't know / Not sure,NA,NA
GEN24_1052421,Disagree,NA,NA
GEN24_1052424,Don't know / Not sure,NA,NA
GEN24_1052431,Agree,Agree,Agree
GEN24_1052440,Don't know / Not sure,Agree,NA
GEN24_1052447,Don't know / Not sure,NA,NA
GEN24_1052449,Don't know / Not sure,NA,NA
GEN24_1052460,Agree,NA,NA
GEN24_1052462,Don't know / Not sure,NA,NA
GEN24_1052466,Disagree,NA,NA
GEN24_1052467,Disagree,NA,NA
GEN24_1052468,Agree,Agree,Agree
GEN24_1052471,Disagree,NA,NA
GEN24_1052473,Agree,NA,NA
GEN24_1052474,Agree,NA,NA
GEN24_1052477,Agree,Agree,Agree
GEN24_1052489,Agree,Agree,Agree
GEN24_1052493,Agree,Agree,Agree
GEN24_1052497,Don't know / Not sure,NA,NA
GEN24_1052499,Disagree,Agree,Agree
GEN24_1052501,Agree,Agree,Agree
GEN24_1052510,Agree,Agree,Agree
GEN24_1052512,Don't know / Not sure,NA,NA
GEN24_1052515,Agree,NA,NA
GEN24_1052517,Agree,NA,NA
GEN24_1052520,Don't know / Not sure,NA,NA
GEN24_1052524,Disagree,Agree,Agree
GEN24_1052525,Disagree,Agree,Agree
GEN24_1052539,Don't know / Not sure,NA,NA
GEN24_1052541,Disagree,Agree,Agree
GEN24_1052553,Agree,Agree,Agree
GEN24_1052554,Disagree,Agree,Agree
GEN24_1052558,Disagree,NA,NA
GEN24_1052563,Agree,NA,NA
GEN24_1052568,Disagree,NA,NA
GEN24_1052571,Agree,Agree,Agree
GEN24_1052572,Disagree,Agree,Agree
GEN24_1052573,Agree,NA,NA
GEN24_1052576,Don't know / Not sure,Agree,Agree
GEN24_1052578,Agree,Agree,Agree
GEN24_1052579,Agree,Agree,Agree
GEN24_1052584,Don't know / Not sure,Agree,Agree
GEN24_1052586,Don't know / Not sure,NA,NA
GEN24_1052589,Disagree,NA,NA
GEN24_1052593,Disagree,Agree,Agree
GEN24_1052595,Don't know / Not sure,Agree,Agree
GEN24_1052596,Agree,Agree,Agree
GEN24_1052602,Disagree,Agree,Agree
GEN24_1052616,Disagree,NA,NA
GEN24_1052632,Agree,NA,NA
GEN24_1052635,Agree,NA,NA
GEN24_1052637,Agree,NA,NA
GEN24_1052643,Don't know / Not sure,Agree,Agree
GEN24_1052648,Agree,NA,NA
GEN24_1052652,Agree,Agree,Agree
GEN24_1052659,Agree,Agree,Agree
GEN24_1052668,Don't know / Not sure,NA,NA
GEN24_1052673,Don't know / Not sure,NA,NA
GEN24_1052678,Agree,Agree,Agree
GEN24_1052682,Agree,NA,NA
GEN24_1052684,Disagree,Agree,Agree
GEN24_1052688,Agree,Agree,Agree
GEN24_1052696,Don't know / Not sure,NA,NA
GEN24_1052704,Don't know / Not sure,NA,NA
GEN24_1052709,Agree,Agree,Agree
GEN24_1052713,Disagree,NA,NA
GEN24_1052715,Agree,NA,NA
GEN24_1052718,Agree,Agree,Agree
GEN24_1052719,Don't know / Not sure,NA,NA
GEN24_1052723,Agree,Agree,Agree
GEN24_1052726,Disagree,Disagree,Disagree
GEN24_1052729,Don't know / Not sure,NA,NA
GEN24_1052730,Agree,Agree,NA
GEN24_1052731,Agree,NA,NA
GEN24_1052732,Don't know / Not sure,NA,NA
GEN24_1052733,Disagree,NA,NA
GEN24_1052735,Agree,NA,NA
GEN24_1052745,Agree,NA,NA
GEN24_1052750,Agree,Agree,Agree
GEN24_1052752,Don't know / Not sure,Agree,Agree
GEN24_1052753,Disagree,Agree,Agree
GEN24_1052756,Disagree,Agree,Agree
GEN24_1052757,Agree,Agree,Agree
GEN24_1052763,Disagree,Agree,NA
GEN24_1052766,Agree,NA,NA
GEN24_1052768,Agree,Agree,Agree
GEN24_1052777,Disagree,NA,Agree
GEN24_1052781,Disagree,NA,NA
GEN24_1052785,Disagree,NA,NA
GEN24_1052789,Don't know / Not sure,NA,NA
GEN24_1052793,Disagree,NA,NA
GEN24_1052794,Don't know / Not sure,NA,NA
GEN24_1052796,Disagree,Agree,Agree
GEN24_1052798,Don't know / Not sure,NA,NA
GEN24_1052802,Don't know / Not sure,Disagree,Agree
GEN24_1052808,Don't know / Not sure,NA,NA
GEN24_1052809,Disagree,Agree,Agree
GEN24_1052817,Disagree,Agree,Agree
GEN24_1052819,Don't know / Not sure,NA,NA
GEN24_1052823,Don't know / Not sure,NA,NA
GEN24_1052830,Agree,Agree,Agree
GEN24_1052831,Disagree,NA,NA
GEN24_1052837,Agree,Agree,Agree
GEN24_1052845,Don't know / Not sure,Agree,NA
GEN24_1052852,Disagree,NA,NA
GEN24_1052855,Agree,NA,NA
GEN24_1052857,Agree,Agree,Agree
GEN24_1052863,Don't know / Not sure,NA,NA
GEN24_1052869,Don't know / Not sure,NA,NA
GEN24_1052871,Agree,NA,NA
GEN24_1052872,Disagree,NA,NA
GEN24_1052878,Disagree,NA,NA
GEN24_1052884,Agree,Agree,Agree
GEN24_1052887,Agree,NA,NA
GEN24_1052890,Agree,Agree,Agree
GEN24_1052899,Disagree,NA,NA
GEN24_1052904,Don't know / Not sure,NA,NA
GEN24_1052905,Agree,NA,NA
GEN24_1052917,Agree,Agree,NA
GEN24_1052922,Disagree,NA,NA
GEN24_1052925,Agree,Agree,Agree
GEN24_1052926,Agree,Agree,Agree
GEN24_1052929,Don't know / Not sure,NA,NA
GEN24_1052930,Agree,NA,NA
GEN24_1052933,Disagree,Agree,Agree
GEN24_1052936,Agree,NA,NA
GEN24_1052941,Agree,Agree,Agree
GEN24_1052949,Disagree,NA,NA
GEN24_1052952,Agree,Agree,Agree
GEN24_1052954,Agree,Agree,Agree
GEN24_1052955,Don't know / Not sure,NA,NA
GEN24_1052958,Agree,NA,NA
GEN24_1052968,Don't know / Not sure,NA,NA
GEN24_1052979,Agree,NA,NA
GEN24_1052980,Disagree,NA,NA
GEN24_1052981,Agree,Agree,Agree
GEN24_1052983,Don't know / Not sure,NA,NA
GEN24_1052984,Agree,Agree,Agree
GEN24_1052987,Don't know / Not sure,Agree,Agree
GEN24_1052992,Don't know / Not sure,Agree,Agree
GEN24_1053019,Disagree,Agree,Agree
GEN24_1053023,Disagree,NA,NA
GEN24_1053024,Agree,Agree,Agree
GEN24_1053033,Disagree,NA,NA
GEN24_1053045,Agree,NA,NA
GEN24_1053046,Agree,Agree,Agree
GEN24_1053050,Disagree,NA,NA
GEN24_1053053,Agree,Disagree,Agree
GEN24_1053061,Disagree,Agree,Agree
GEN24_1053068,Agree,Agree,Agree
GEN24_1053070,Don't know / Not sure,NA,NA
GEN24_1053074,Agree,NA,NA
GEN24_1053081,Agree,NA,NA
GEN24_1053082,Agree,NA,NA
GEN24_1053083,Don't know / Not sure,NA,NA
GEN24_1053085,Disagree,NA,NA
GEN24_1053086,Agree,Agree,Agree
GEN24_1053090,Don't know / Not sure,Agree,Agree
GEN24_1053091,Agree,NA,NA
GEN24_1053094,Agree,Agree,Agree
GEN24_1053097,Agree,NA,NA
GEN24_1053101,Agree,Agree,Agree
GEN24_1053109,Agree,NA,NA
GEN24_1053110,Disagree,NA,NA
GEN24_1053114,Agree,Agree,Agree
GEN24_1053115,Agree,Agree,Agree
GEN24_1053125,Don't know / Not sure,NA,NA
GEN24_1053126,Don't know / Not sure,Agree,Agree
GEN24_1053131,Agree,Agree,Agree
GEN24_1053139,Agree,NA,NA
GEN24_1053142,Agree,Agree,Agree
GEN24_1053147,Agree,NA,NA
GEN24_1053149,Disagree,Agree,Agree
GEN24_1053150,Agree,Agree,Agree
GEN24_1053151,Disagree,Agree,Agree
GEN24_1053152,Disagree,NA,NA
GEN24_1053155,Agree,Agree,Agree
GEN24_1053162,Agree,Agree,Agree
GEN24_1053165,Disagree,Agree,Agree
GEN24_1053166,Agree,Agree,Agree
GEN24_1053168,Agree,Agree,Agree
GEN24_1053171,Agree,Disagree,Agree
GEN24_1053172,Disagree,NA,NA
GEN24_1053174,Disagree,NA,NA
GEN24_1053186,Agree,Agree,Agree
GEN24_1053187,Don't know / Not sure,NA,NA
GEN24_1053192,Disagree,NA,NA
GEN24_1053195,Don't know / Not sure,NA,NA
GEN24_1053203,Don't know / Not sure,NA,NA
GEN24_1053207,Disagree,Agree,Agree
GEN24_1053213,Don't know / Not sure,Agree,Agree
GEN24_1053220,Disagree,NA,NA
GEN24_1053221,Agree,Agree,Agree
GEN24_1053222,Agree,NA,NA
GEN24_1053227,Don't know / Not sure,NA,NA
GEN24_1053228,Agree,NA,NA
GEN24_1053241,Agree,NA,NA
GEN24_1053245,Disagree,NA,NA
GEN24_1053246,Agree,NA,NA
GEN24_1053250,Agree,Agree,Agree
GEN24_1053255,Agree,Agree,Agree
GEN24_1053260,Disagree,Agree,Agree
GEN24_1053264,Disagree,NA,NA
GEN24_1053268,Don't know / Not sure,NA,NA
GEN24_1053269,Agree,NA,NA
GEN24_1053271,Disagree,Agree,NA
GEN24_1053272,Disagree,NA,NA
GEN24_1053273,Agree,NA,NA
GEN24_1053276,Don't know / Not sure,NA,NA
GEN24_1053279,Disagree,Agree,Agree
GEN24_1053284,Don't know / Not sure,NA,NA
GEN24_1053288,Disagree,NA,NA
GEN24_1053290,Don't know / Not sure,Agree,Agree
GEN24_1053292,Don't know / Not sure,NA,NA
GEN24_1053301,Don't know / Not sure,NA,NA
GEN24_1053304,Disagree,NA,NA
GEN24_1053305,Don't know / Not sure,NA,Agree
GEN24_1053308,Disagree,NA,NA
GEN24_1053310,Don't know / Not sure,NA,NA
GEN24_1053312,Don't know / Not sure,NA,NA
GEN24_1053315,Agree,NA,NA
GEN24_1053321,Disagree,NA,NA
GEN24_1053327,Agree,NA,NA
GEN24_1053340,Agree,Agree,Agree
GEN24_1053345,Agree,NA,NA
GEN24_1053354,Disagree,Agree,Agree
GEN24_1053355,Agree,NA,NA
GEN24_1053364,Don't know / Not sure,Agree,Agree
GEN24_1053366,Disagree,Agree,Agree
GEN24_1053367,Don't know / Not sure,NA,NA
GEN24_1053372,Disagree,NA,NA
GEN24_1053373,Agree,NA,NA
GEN24_1053374,Agree,NA,NA
GEN24_1053383,Agree,Agree,Agree
GEN24_1053384,Agree,NA,NA
GEN24_1053385,Agree,NA,NA
GEN24_1053390,Agree,NA,NA
GEN24_1053399,Disagree,NA,NA
GEN24_1053400,Agree,NA,NA
GEN24_1053403,Don't know / Not sure,NA,NA
GEN24_1053404,Agree,Agree,Agree
GEN24_1053405,Agree,Agree,Agree
GEN24_1053410,Agree,Agree,Agree
GEN24_1053411,Agree,NA,NA
GEN24_1053412,Agree,NA,NA
GEN24_1053413,Disagree,Agree,Agree
GEN24_1053419,Agree,Agree,Agree
GEN24_1053423,Agree,Agree,Agree
GEN24_1053437,Agree,NA,NA
GEN24_1053438,Don't know / Not sure,Agree,Agree
GEN24_1053439,Agree,NA,NA
GEN24_1053443,Don't know / Not sure,NA,NA
GEN24_1053444,Don't know / Not sure,NA,NA
GEN24_1053451,Agree,NA,NA
GEN24_1053453,Agree,NA,NA
GEN24_1053454,Don't know / Not sure,NA,NA
GEN24_1053456,Disagree,NA,NA
GEN24_1053457,Don't know / Not sure,NA,NA
GEN24_1053459,Agree,Agree,Agree
GEN24_1053470,Agree,Agree,Agree
GEN24_1053477,Don't know / Not sure,NA,NA
GEN24_1053482,Don't know / Not sure,NA,NA
GEN24_1053485,Disagree,Agree,Agree
GEN24_1053495,Agree,NA,NA
GEN24_1053502,Don't know / Not sure,NA,NA
GEN24_1053503,Agree,NA,NA
GEN24_1053507,Agree,NA,NA
GEN24_1053508,Agree,NA,NA
GEN24_1053509,Don't know / Not sure,NA,NA
GEN24_1053516,Don't know / Not sure,NA,NA
GEN24_1053530,Don't know / Not sure,NA,NA
GEN24_1053539,Disagree,NA,NA
GEN24_1053540,Disagree,Agree,Agree
GEN24_1053542,Don't know / Not sure,NA,NA
GEN24_1053546,Agree,NA,NA
GEN24_1053549,Don't know / Not sure,NA,NA
GEN24_1053555,Agree,NA,NA
GEN24_1053567,Agree,Agree,Agree
GEN24_1053573,Don't know / Not sure,Agree,Agree
GEN24_1053575,Disagree,Agree,Agree
GEN24_1053588,Agree,Disagree,Agree
GEN24_1053591,Don't know / Not sure,NA,NA
GEN24_1053598,Agree,NA,NA
GEN24_1053599,Don't know / Not sure,NA,NA
GEN24_1053601,Agree,Agree,Agree
GEN24_1053603,Agree,Agree,Agree
GEN24_1053607,Agree,NA,NA
GEN24_1053609,Disagree,NA,NA
GEN24_1053612,Don't know / Not sure,NA,NA
GEN24_1053615,Disagree,Agree,Agree
GEN24_1053620,Disagree,NA,NA
GEN24_1053621,Don't know / Not sure,Agree,Agree
GEN24_1053623,Agree,NA,NA
GEN24_1053624,Disagree,NA,NA
GEN24_1053625,Don't know / Not sure,NA,NA
GEN24_1053626,Don't know / Not sure,NA,NA
GEN24_1053627,Don't know / Not sure,NA,NA
GEN24_1053629,Don't know / Not sure,NA,NA
GEN24_1053641,Disagree,NA,NA
GEN24_1053644,Disagree,NA,NA
GEN24_1053647,Disagree,NA,NA
GEN24_1053648,Agree,NA,NA
GEN24_1053653,Agree,NA,NA
GEN24_1053655,Don't know / Not sure,NA,NA
GEN24_1053660,Don't know / Not sure,NA,NA
GEN24_1053662,Don't know / Not sure,NA,NA
GEN24_1053664,Disagree,NA,NA
GEN24_1053666,Disagree,NA,NA
GEN24_1053668,Agree,NA,NA
GEN24_1053671,Don't know / Not sure,NA,NA
GEN24_1053680,Don't know / Not sure,NA,NA
GEN24_1053689,Disagree,NA,NA
GEN24_1053690,Agree,Agree,NA
GEN24_1053693,Agree,NA,NA
GEN24_1053697,Agree,NA,NA
GEN24_1053705,Agree,Agree,Agree
GEN24_1053709,Agree,NA,NA
GEN24_1053715,Agree,Agree,Agree
GEN24_1053718,Don't know / Not sure,NA,NA
GEN24_1053723,Don't know / Not sure,NA,NA
GEN24_1053730,Don't know / Not sure,NA,NA
GEN24_1053734,Agree,Agree,Agree
GEN24_1053735,Disagree,Agree,Agree
GEN24_1053738,Disagree,Agree,Agree
GEN24_1053744,Disagree,Agree,Agree
GEN24_1053746,Disagree,NA,NA
GEN24_1053753,Agree,NA,NA
GEN24_1053765,Disagree,Agree,Agree
GEN24_1053774,Don't know / Not sure,Agree,Agree
GEN24_1053777,Don't know / Not sure,Agree,Agree
GEN24_1053778,Agree,Agree,Agree
GEN24_1053797,Agree,NA,NA
GEN24_1053798,Agree,NA,NA
GEN24_1053802,Agree,NA,NA
GEN24_1053803,Agree,Agree,Agree
GEN24_1053808,Agree,NA,NA
GEN24_1053810,Disagree,Agree,Agree
GEN24_1053816,Agree,Agree,Agree
GEN24_1053819,Don't know / Not sure,Agree,NA
GEN24_1053821,Agree,Agree,Agree
GEN24_1053822,Agree,Agree,Agree
GEN24_1053823,Disagree,NA,NA
GEN24_1053825,Don't know / Not sure,Agree,Agree
GEN24_1053834,Don't know / Not sure,Agree,Agree
GEN24_1053835,Agree,Agree,Agree
GEN24_1053836,Don't know / Not sure,NA,NA
GEN24_1053843,Disagree,Agree,Agree
GEN24_1053844,Agree,NA,NA
GEN24_1053846,Agree,NA,NA
GEN24_1053851,Agree,Agree,Agree
GEN24_1053853,Agree,Agree,Agree
GEN24_1053866,Agree,NA,NA
GEN24_1053871,Agree,NA,NA
GEN24_1053873,Don't know / Not sure,NA,NA
GEN24_1053874,Agree,Agree,Agree
GEN24_1053878,Don't know / Not sure,NA,NA
GEN24_1053883,Agree,Agree,Agree
GEN24_1053886,Agree,Agree,Agree
GEN24_1053891,Disagree,NA,NA
GEN24_1053896,Agree,Agree,Agree
GEN24_1053900,Don't know / Not sure,NA,NA
GEN24_1053905,Agree,NA,NA
GEN24_1053906,Don't know / Not sure,NA,NA
GEN24_1053914,Agree,Agree,Agree
GEN24_1053915,Agree,NA,NA
GEN24_1053917,Agree,NA,NA
GEN24_1053927,Agree,Agree,Agree
GEN24_1053930,Don't know / Not sure,Agree,Agree
GEN24_1053932,Agree,Agree,Agree
GEN24_1053939,Agree,Agree,Agree
GEN24_1053940,Agree,Agree,Agree
GEN24_1053945,Disagree,Agree,Agree
GEN24_1053949,Agree,NA,NA
GEN24_1053957,Disagree,Agree,Agree
GEN24_1053962,Agree,NA,NA
GEN24_1053965,Disagree,Agree,Agree
GEN24_1053973,Don't know / Not sure,Agree,Agree
GEN24_1053976,Agree,Agree,Agree
GEN24_1053977,Agree,Agree,Agree
GEN24_1053980,Agree,Agree,Agree
GEN24_1053981,Agree,NA,NA
GEN24_1053986,Don't know / Not sure,NA,NA
GEN24_1053993,Agree,Agree,Agree
GEN24_1053996,Agree,Agree,Agree
GEN24_1054010,Agree,NA,Agree
GEN24_1054013,Don't know / Not sure,Agree,Agree
GEN24_1054031,Don't know / Not sure,NA,NA
GEN24_1054033,Agree,NA,NA
GEN24_1054039,Disagree,NA,NA
GEN24_1054041,Agree,NA,NA
GEN24_1054043,Agree,NA,NA
GEN24_1054045,Agree,NA,NA
GEN24_1054052,Disagree,NA,NA
GEN24_1054056,Disagree,NA,NA
GEN24_1054057,Agree,NA,NA
GEN24_1054058,Agree,Agree,Agree
GEN24_1054060,Agree,NA,NA
GEN24_1054062,Don't know / Not sure,NA,NA
GEN24_1054063,Agree,NA,Agree
GEN24_1054064,Disagree,NA,NA
GEN24_1054065,Disagree,NA,NA
GEN24_1054066,Agree,NA,NA
GEN24_1054067,Agree,Agree,Agree
GEN24_1054071,Agree,NA,NA
GEN24_1054073,Disagree,NA,NA
GEN24_1054076,Don't know / Not sure,Agree,Agree
GEN24_1054077,Disagree,NA,NA
GEN24_1054084,Agree,Agree,Agree
GEN24_1054086,Agree,Agree,Agree
GEN24_1054090,Agree,NA,NA
GEN24_1054094,Disagree,Agree,Agree
GEN24_1054095,Disagree,NA,NA
GEN24_1054100,Agree,Agree,Agree
GEN24_1054103,Agree,NA,NA
GEN24_1054105,Agree,Agree,Agree
GEN24_1054106,Agree,NA,NA
GEN24_1054111,Agree,NA,NA
GEN24_1054113,Agree,NA,NA
GEN24_1054116,Agree,NA,NA
GEN24_1054117,Don't know / Not sure,NA,NA
GEN24_1054121,Disagree,NA,NA
GEN24_1054126,Don't know / Not sure,NA,NA
GEN24_1054130,Agree,NA,NA
GEN24_1054131,Agree,Agree,Agree
GEN24_1054135,Agree,Agree,Agree
GEN24_1054136,Disagree,NA,NA
GEN24_1054142,Agree,Agree,Agree
GEN24_1054146,Don't know / Not sure,NA,NA
GEN24_1054149,Disagree,NA,NA
GEN24_1054153,Agree,Agree,Agree
GEN24_1054158,Agree,Agree,Agree
GEN24_1054168,Disagree,NA,NA
GEN24_1054171,Agree,NA,NA
GEN24_1054174,Agree,Agree,Agree
GEN24_1054180,Agree,NA,NA
GEN24_1054183,Don't know / Not sure,NA,NA
GEN24_1054187,Don't know / Not sure,NA,NA
GEN24_1054188,Agree,NA,NA
GEN24_1054197,Disagree,NA,NA
GEN24_1054201,Agree,NA,NA
GEN24_1054205,Don't know / Not sure,Agree,Agree
GEN24_1054213,Disagree,NA,NA
GEN24_1054214,Don't know / Not sure,NA,NA
GEN24_1054215,Disagree,NA,NA
GEN24_1054218,Agree,Agree,Agree
GEN24_1054226,Agree,NA,NA
GEN24_1054236,Disagree,NA,NA
GEN24_1054239,Don't know / Not sure,Agree,Agree
GEN24_1054244,Agree,NA,NA
GEN24_1054246,Don't know / Not sure,Agree,Agree
GEN24_1054247,Agree,NA,NA
GEN24_1054248,Agree,NA,NA
GEN24_1054251,Disagree,NA,NA
GEN24_1054261,Agree,Agree,Agree
GEN24_1054269,Agree,NA,NA
GEN24_1054275,Agree,Agree,Agree
GEN24_1054276,Disagree,Agree,Agree
GEN24_1054281,Agree,Agree,Agree
GEN24_1054289,Don't know / Not sure,Agree,Agree
GEN24_1054293,Disagree,NA,NA
GEN24_1054294,Don't know / Not sure,Agree,Agree
GEN24_1054295,Agree,NA,NA
GEN24_1054296,Agree,NA,Agree
GEN24_1054312,Agree,NA,NA
GEN24_1054319,Don't know / Not sure,NA,NA
GEN24_1054322,Agree,Agree,Agree
GEN24_1054327,Disagree,NA,NA
GEN24_1054328,Disagree,NA,NA
GEN24_1054333,Don't know / Not sure,NA,NA
GEN24_1054353,Disagree,NA,NA
GEN24_1054354,Disagree,NA,NA
GEN24_1054357,Agree,NA,Agree
GEN24_1054362,Don't know / Not sure,NA,NA
GEN24_1054364,Agree,Agree,Agree
GEN24_1054373,Agree,Agree,Agree
GEN24_1054376,Disagree,NA,NA
GEN24_1054377,Agree,NA,NA
GEN24_1054380,Disagree,Agree,Agree
GEN24_1054391,Agree,Agree,Agree
GEN24_1054400,Don't know / Not sure,NA,NA
GEN24_1054403,Disagree,NA,NA
GEN24_1054404,Agree,NA,NA
GEN24_1054411,Agree,NA,Agree
GEN24_1054415,Agree,Agree,Agree
GEN24_1054422,Agree,Agree,Agree
GEN24_1054424,Agree,NA,NA
GEN24_1054426,Don't know / Not sure,NA,NA
GEN24_1054429,Agree,NA,NA
GEN24_1054434,Don't know / Not sure,Agree,Agree
GEN24_1054438,Agree,NA,NA
GEN24_1054440,Don't know / Not sure,NA,NA
GEN24_1054443,Agree,Agree,Agree
GEN24_1054446,Don't know / Not sure,NA,NA
GEN24_1054449,Disagree,NA,NA
GEN24_1054450,Agree,NA,NA
GEN24_1054456,Disagree,Agree,Agree
GEN24_1054465,Disagree,Agree,Agree
GEN24_1054472,Don't know / Not sure,NA,Agree
GEN24_1054474,Agree,Agree,Agree
GEN24_1054475,Agree,Agree,Agree
GEN24_1054479,Agree,Agree,Agree
GEN24_1054483,Don't know / Not sure,Agree,Agree
GEN24_1054485,Agree,Agree,Agree
GEN24_1054488,Agree,Agree,Agree
GEN24_1054504,Don't know / Not sure,NA,NA
GEN24_1054509,Disagree,NA,NA
GEN24_1054512,Agree,NA,NA
GEN24_1054518,Don't know / Not sure,NA,NA
GEN24_1054520,Agree,NA,NA
GEN24_1054528,Agree,NA,NA
GEN24_1054531,Agree,NA,NA
GEN24_1054536,Disagree,NA,NA
GEN24_1054545,Agree,Agree,Agree
GEN24_1054555,Agree,Agree,Agree
GEN24_1054557,Disagree,NA,NA
GEN24_1054560,Agree,Agree,Agree
GEN24_1054568,Don't know / Not sure,Agree,Agree
GEN24_1054574,Agree,NA,NA
GEN24_1054579,Don't know / Not sure,Agree,Agree
GEN24_1054581,Disagree,Agree,Agree
GEN24_1054590,Agree,NA,NA
GEN24_1054602,Disagree,NA,NA
GEN24_1054603,Agree,Agree,Agree
GEN24_1054604,Disagree,NA,NA
GEN24_1054610,Agree,NA,NA
GEN24_1054612,Don't know / Not sure,NA,NA
GEN24_1054616,Don't know / Not sure,NA,NA
GEN24_1054626,Disagree,NA,NA
GEN24_1054629,Disagree,Disagree,Disagree
GEN24_1054632,Agree,Agree,Agree
GEN24_1054641,Agree,Agree,Agree
GEN24_1054643,Agree,NA,Agree
GEN24_1054645,Agree,Agree,Agree
GEN24_1054650,Agree,Agree,Agree
GEN24_1054651,Disagree,NA,NA
GEN24_1054653,Don't know / Not sure,Agree,Agree
GEN24_1054655,Agree,NA,NA
GEN24_1054656,Agree,NA,NA
GEN24_1054658,Don't know / Not sure,Agree,Agree
GEN24_1054669,Don't know / Not sure,Agree,Agree
GEN24_1054670,Don't know / Not sure,NA,NA
GEN24_1054674,Don't know / Not sure,NA,NA
GEN24_1054675,Disagree,Agree,Agree
GEN24_1054676,Don't know / Not sure,NA,NA
GEN24_1054682,Agree,Disagree,NA
GEN24_1054687,Agree,NA,NA
GEN24_1054688,Disagree,NA,NA
GEN24_1054694,Agree,Agree,Agree
GEN24_1054695,Agree,NA,NA
GEN24_1054698,Agree,Agree,Agree
GEN24_1054700,Agree,NA,NA
GEN24_1054701,Agree,Agree,Agree
GEN24_1054703,Agree,Agree,Agree
GEN24_1054705,Agree,Agree,Agree
GEN24_1054707,Agree,Agree,Agree
GEN24_1054709,Agree,Agree,Agree
GEN24_1054713,Don't know / Not sure,NA,Agree
GEN24_1054716,Don't know / Not sure,Agree,Agree
GEN24_1054717,Disagree,Agree,Agree
GEN24_1054723,Don't know / Not sure,NA,NA
GEN24_1054738,Agree,NA,NA
GEN24_1054749,Disagree,Agree,Agree
GEN24_1054755,Don't know / Not sure,Agree,Agree
GEN24_1054759,Disagree,NA,NA
GEN24_1054762,Agree,NA,NA
GEN24_1054765,Don't know / Not sure,Agree,Agree
GEN24_1054766,Agree,Agree,Agree
GEN24_1054768,Don't know / Not sure,Disagree,Agree
GEN24_1054769,Don't know / Not sure,Agree,Agree
GEN24_1054786,Agree,NA,NA
GEN24_1054787,Don't know / Not sure,NA,NA
GEN24_1054788,Agree,Agree,Agree
GEN24_1054789,Agree,Agree,Disagree
GEN24_1054792,Don't know / Not sure,Agree,Agree
GEN24_1054793,Don't know / Not sure,Agree,Agree
GEN24_1054794,Agree,NA,NA
GEN24_1054795,Agree,NA,NA
GEN24_1054798,Disagree,NA,NA
GEN24_1054807,Don't know / Not sure,NA,NA
GEN24_1054812,Agree,Agree,Agree
GEN24_1054813,Agree,NA,NA
GEN24_1054815,Disagree,Agree,Agree
GEN24_1054816,Disagree,NA,NA
GEN24_1054817,Agree,NA,NA
GEN24_1054821,Agree,Agree,Agree
GEN24_1054822,Agree,NA,NA
GEN24_1054833,Agree,Agree,NA
GEN24_1054835,Don't know / Not sure,NA,NA
GEN24_1054838,Don't know / Not sure,Agree,Agree
GEN24_1054842,Don't know / Not sure,NA,NA
GEN24_1054845,Don't know / Not sure,NA,NA
GEN24_1054847,Agree,Agree,Agree
GEN24_1054848,Agree,NA,NA
GEN24_1054850,Agree,Agree,Agree
GEN24_1054865,Don't know / Not sure,NA,NA
GEN24_1054868,Don't know / Not sure,NA,NA
GEN24_1054871,Agree,Agree,Agree
GEN24_1054881,Agree,Disagree,Agree
GEN24_1054882,Agree,NA,NA
GEN24_1054895,Disagree,NA,NA
GEN24_1054898,Agree,NA,NA
GEN24_1054915,Don't know / Not sure,Agree,Agree
GEN24_1054920,Don't know / Not sure,NA,NA
GEN24_1054925,Agree,NA,NA
GEN24_1054928,Don't know / Not sure,NA,NA
GEN24_1054929,Disagree,NA,NA
GEN24_1054934,Don't know / Not sure,NA,NA
GEN24_1054940,Agree,NA,Agree
GEN24_1054943,Disagree,NA,NA
GEN24_1054958,Disagree,Agree,Agree
GEN24_1054960,Disagree,NA,NA
GEN24_1054963,Agree,Agree,Agree
GEN24_1054969,Don't know / Not sure,Agree,Agree
GEN24_1054970,Agree,Agree,Agree
GEN24_1054974,Don't know / Not sure,NA,NA
GEN24_1054980,Disagree,NA,NA
GEN24_1054983,Agree,Agree,Agree
GEN24_1055003,Don't know / Not sure,NA,NA
GEN24_1055009,Disagree,NA,NA
GEN24_1055014,Agree,NA,NA
GEN24_1055023,Agree,Agree,Agree
GEN24_1055029,Agree,Agree,Agree
GEN24_1055032,Don't know / Not sure,Agree,Agree
GEN24_1055033,Agree,Agree,Agree
GEN24_1055036,Disagree,Agree,Agree
GEN24_1055039,Agree,Agree,Agree
GEN24_1055040,Disagree,NA,NA
GEN24_1055041,Don't know / Not sure,Agree,Agree
GEN24_1055042,Don't know / Not sure,NA,NA
GEN24_1055048,Don't know / Not sure,Agree,NA
GEN24_1055058,Agree,Agree,Agree
GEN24_1055061,Agree,NA,NA
GEN24_1055069,Agree,NA,Agree
GEN24_1055072,Agree,Agree,Agree
GEN24_1055078,Don't know / Not sure,Agree,Agree
GEN24_1055094,Don't know / Not sure,Agree,Agree
GEN24_1055096,Agree,NA,NA
GEN24_1055101,Don't know / Not sure,NA,NA
GEN24_1055105,Agree,NA,NA
GEN24_1055117,Don't know / Not sure,NA,NA
GEN24_1055118,Agree,NA,NA
GEN24_1055121,Agree,NA,NA
GEN24_1055122,Agree,Agree,Agree
GEN24_1055127,Disagree,NA,NA
GEN24_1055128,Agree,Agree,Agree
GEN24_1055134,Don't know / Not sure,NA,NA
GEN24_1055136,Agree,NA,NA
GEN24_1055138,Disagree,NA,NA
GEN24_1055145,Don't know / Not sure,Agree,Agree
GEN24_1055150,Agree,Agree,Agree
GEN24_1055151,Don't know / Not sure,Agree,Agree
GEN24_1055159,Agree,Agree,Agree
GEN24_1055161,Agree,NA,NA
GEN24_1055187,Agree,Agree,Agree
GEN24_1055190,Don't know / Not sure,NA,NA
GEN24_1055200,Don't know / Not sure,Agree,NA
GEN24_1055205,Don't know / Not sure,NA,NA
GEN24_1055206,Don't know / Not sure,NA,NA
GEN24_1055211,Disagree,NA,NA
GEN24_1055221,Agree,NA,NA
GEN24_1055231,Don't know / Not sure,Agree,NA
GEN24_1055232,Agree,Agree,Agree
GEN24_1055236,Agree,Agree,Agree
GEN24_1055237,Disagree,NA,NA
GEN24_1055238,Agree,Agree,Agree
GEN24_1055241,Agree,Agree,Agree
GEN24_1055242,Don't know / Not sure,Agree,Agree
GEN24_1055249,Disagree,NA,NA
GEN24_1055250,Disagree,NA,NA
GEN24_1055254,Don't know / Not sure,NA,NA
GEN24_1055256,Agree,NA,NA
GEN24_1055260,Agree,Agree,Agree
GEN24_1055270,Agree,Agree,Agree
GEN24_1055274,Agree,Agree,NA
GEN24_1055276,Agree,NA,NA
GEN24_1055277,Agree,Agree,Agree
GEN24_1055279,Agree,Agree,Agree
GEN24_1055286,Agree,Agree,Agree
GEN24_1055293,Don't know / Not sure,NA,NA
GEN24_1055296,Disagree,Agree,Agree
GEN24_1055297,Agree,NA,NA
GEN24_1055298,Agree,NA,NA
GEN24_1055303,Don't know / Not sure,NA,NA
GEN24_1055308,Don't know / Not sure,NA,NA
GEN24_1055330,Agree,Agree,Agree
GEN24_1055335,Disagree,NA,NA
GEN24_1055339,Agree,Agree,Agree
GEN24_1055343,Don't know / Not sure,NA,NA
GEN24_1055344,Disagree,NA,NA
GEN24_1055345,Agree,Agree,Agree
GEN24_1055347,Agree,Agree,Agree
GEN24_1055352,Don't know / Not sure,NA,NA
GEN24_1055354,Agree,NA,NA
GEN24_1055355,Agree,Agree,Agree
GEN24_1055360,Agree,Agree,Agree
GEN24_1055363,Agree,NA,NA
GEN24_1055364,Disagree,Agree,Agree
GEN24_1055365,Agree,Agree,Agree
GEN24_1055368,Agree,NA,NA
GEN24_1055370,Agree,Agree,Agree
GEN24_1055375,Agree,Agree,Agree
GEN24_1055376,Agree,Agree,Agree
GEN24_1055379,Don't know / Not sure,Agree,Agree
GEN24_1055383,Agree,NA,NA
GEN24_1055384,Disagree,NA,NA
GEN24_1055389,Disagree,NA,NA
GEN24_1055393,Agree,Agree,Agree
GEN24_1055399,Don't know / Not sure,Agree,Agree
GEN24_1055409,Disagree,Agree,Agree
GEN24_1055415,Agree,Agree,Agree
GEN24_1055422,Agree,NA,NA
GEN24_1055431,Disagree,NA,NA
GEN24_1055432,Agree,Disagree,Agree
GEN24_1055433,Don't know / Not sure,NA,NA
GEN24_1055438,Disagree,NA,NA
GEN24_1055441,Disagree,Agree,Disagree
GEN24_1055447,Agree,NA,NA
GEN24_1055448,Agree,Agree,Agree
GEN24_1055450,Disagree,NA,NA
GEN24_1055451,Don't know / Not sure,Agree,Agree
GEN24_1055454,Agree,Agree,Agree
GEN24_1055456,Don't know / Not sure,Agree,Agree
GEN24_1055458,Agree,NA,NA
GEN24_1055459,Don't know / Not sure,NA,NA
GEN24_1055462,Agree,NA,NA
GEN24_1055464,Agree,Agree,Agree
GEN24_1055465,Agree,Agree,Agree
GEN24_1055468,Agree,Agree,Agree
GEN24_1055469,Agree,Agree,Agree
GEN24_1055477,Agree,Agree,Agree
GEN24_1055480,Agree,Agree,Agree
GEN24_1055482,Agree,Agree,Agree
GEN24_1055485,Don't know / Not sure,Agree,Agree
GEN24_1055486,Agree,NA,NA
GEN24_1055495,Agree,NA,NA
GEN24_1055499,Agree,NA,NA
GEN24_1055502,Agree,Agree,Agree
GEN24_1055507,Agree,Agree,Agree
GEN24_1055508,Agree,NA,NA
GEN24_1055512,Disagree,Agree,Agree
GEN24_1055514,Agree,Agree,Agree
GEN24_1055519,Disagree,NA,NA
GEN24_1055522,Agree,NA,NA
GEN24_1055524,Agree,Agree,Agree
GEN24_1055527,Don't know / Not sure,NA,Agree
GEN24_1055529,Agree,NA,NA
GEN24_1055531,Don't know / Not sure,NA,NA
GEN24_1055532,Agree,NA,Agree
GEN24_1055544,Don't know / Not sure,Agree,Agree
GEN24_1055550,Don't know / Not sure,Agree,Agree
GEN24_1055565,Don't know / Not sure,NA,NA
GEN24_1055569,Agree,Agree,Agree
GEN24_1055582,Agree,Agree,Agree
GEN24_1055585,Don't know / Not sure,NA,NA
GEN24_1055586,Don't know / Not sure,NA,NA
GEN24_1055590,Disagree,NA,NA
GEN24_1055593,Disagree,NA,NA
GEN24_1055595,Don't know / Not sure,NA,NA
GEN24_1055596,Don't know / Not sure,NA,NA
GEN24_1055600,Don't know / Not sure,NA,NA
GEN24_1055603,Agree,NA,NA
GEN24_1055608,Agree,Agree,Agree
GEN24_1055613,Agree,NA,NA
GEN24_1055624,Disagree,Agree,Agree
GEN24_1055627,Agree,NA,NA
GEN24_1055628,Don't know / Not sure,NA,NA
GEN24_1055629,Agree,NA,NA
GEN24_1055630,Agree,Agree,Agree
GEN24_1055631,Agree,Agree,Agree
GEN24_1055636,Agree,NA,NA
GEN24_1055643,Agree,Agree,Agree
GEN24_1055646,Don't know / Not sure,NA,NA
GEN24_1055657,Agree,NA,NA
GEN24_1055659,Don't know / Not sure,NA,Agree
GEN24_1055666,Agree,NA,NA
GEN24_1055670,Agree,NA,NA
GEN24_1055674,Disagree,Agree,Agree
GEN24_1055686,Disagree,NA,NA
GEN24_1055691,Agree,Agree,Agree
GEN24_1055695,Don't know / Not sure,Agree,Agree
GEN24_1055696,Agree,NA,NA
GEN24_1055712,Agree,NA,NA
GEN24_1055716,Agree,NA,NA
GEN24_1055717,Don't know / Not sure,NA,NA
GEN24_1055722,Don't know / Not sure,Agree,NA
GEN24_1055724,Agree,Agree,Agree
GEN24_1055731,Disagree,Disagree,Agree
GEN24_1055734,Agree,Agree,Agree
GEN24_1055735,Agree,Agree,Agree
GEN24_1055739,Disagree,NA,NA
GEN24_1055743,Agree,Agree,Agree
GEN24_1055744,Agree,Agree,Agree
GEN24_1055747,Disagree,NA,NA
GEN24_1055757,Don't know / Not sure,NA,NA
GEN24_1055759,Disagree,NA,NA
GEN24_1055766,Agree,Agree,Agree
GEN24_1055768,Don't know / Not sure,NA,NA
GEN24_1055773,Agree,Agree,Agree
GEN24_1055776,Disagree,NA,NA
GEN24_1055777,Agree,NA,NA
GEN24_1055785,Disagree,NA,NA
GEN24_1055786,Agree,NA,NA
GEN24_1055788,Agree,NA,NA
GEN24_1055789,Don't know / Not sure,Agree,NA
GEN24_1055790,Disagree,NA,NA
GEN24_1055794,Agree,NA,NA
GEN24_1055799,Agree,Agree,Agree
GEN24_1055808,Disagree,NA,NA
GEN24_1055810,Agree,Agree,Agree
GEN24_1055813,Don't know / Not sure,NA,NA
GEN24_1055829,Agree,Agree,Agree
GEN24_1055835,Disagree,NA,NA
GEN24_1055840,Agree,Agree,Agree
GEN24_1055841,Don't know / Not sure,NA,NA
GEN24_1055849,Don't know / Not sure,NA,NA
GEN24_1055852,Disagree,NA,NA
GEN24_1055856,Agree,Agree,Agree
GEN24_1055863,Don't know / Not sure,NA,NA
GEN24_1055864,Don't know / Not sure,Agree,NA
GEN24_1055865,Disagree,NA,NA
GEN24_1055866,Disagree,NA,NA
GEN24_1055869,Agree,Agree,Agree
GEN24_1055870,Agree,Agree,Agree
GEN24_1055875,Disagree,Agree,Agree
GEN24_1055880,Agree,NA,NA
GEN24_1055885,Don't know / Not sure,Agree,Agree
GEN24_1055889,Don't know / Not sure,Agree,Agree
GEN24_1055890,Agree,NA,NA
GEN24_1055897,Agree,Agree,Agree
GEN24_1055899,Agree,NA,NA
GEN24_1055905,Disagree,NA,NA
GEN24_1055906,Don't know / Not sure,Agree,Agree
GEN24_1055908,Agree,Agree,Agree
GEN24_1055914,Disagree,NA,NA
GEN24_1055915,Agree,NA,NA
GEN24_1055916,Agree,NA,NA
GEN24_1055917,Don't know / Not sure,NA,NA
GEN24_1055925,Agree,Disagree,Agree
GEN24_1055933,Agree,NA,NA
GEN24_1055936,Agree,Agree,Agree
GEN24_1055940,Disagree,Disagree,Agree
GEN24_1055943,Don't know / Not sure,Agree,Agree
GEN24_1055957,Agree,NA,NA
GEN24_1055958,Don't know / Not sure,Agree,Agree
GEN24_1055959,Don't know / Not sure,NA,NA
GEN24_1055961,Agree,Agree,Agree
GEN24_1055983,Agree,NA,NA
GEN24_1055985,Don't know / Not sure,NA,NA
GEN24_1055986,Disagree,NA,NA
GEN24_1055987,Don't know / Not sure,NA,NA
GEN24_1055990,Don't know / Not sure,NA,NA
GEN24_1055992,Agree,NA,NA
GEN24_1055999,Don't know / Not sure,NA,NA
GEN24_1056005,Agree,NA,NA
GEN24_1056006,Agree,NA,NA
GEN24_1056011,Agree,Agree,Agree
GEN24_1056015,Don't know / Not sure,NA,NA
GEN24_1056016,Disagree,Agree,Agree
GEN24_1056018,Agree,NA,NA
GEN24_1056023,Disagree,NA,NA
GEN24_1056026,Agree,Agree,Agree
GEN24_1056034,Agree,NA,NA
GEN24_1056038,Agree,NA,NA
GEN24_1056048,Agree,Agree,Agree
GEN24_1056052,Agree,Disagree,Disagree
GEN24_1056057,Don't know / Not sure,NA,NA
GEN24_1056058,Don't know / Not sure,NA,NA
GEN24_1056060,Agree,Agree,Agree
GEN24_1056062,Don't know / Not sure,Agree,Agree
GEN24_1056063,Disagree,NA,NA
GEN24_1056064,Agree,Agree,Agree
GEN24_1056068,Agree,Agree,Agree
GEN24_1056069,Disagree,NA,NA
GEN24_1056071,Agree,Agree,Agree
GEN24_1056077,Agree,Agree,Agree
GEN24_1056079,Disagree,NA,NA
GEN24_1056082,Disagree,NA,NA
GEN24_1056086,Disagree,NA,NA
GEN24_1056095,Agree,NA,NA
GEN24_1056099,Agree,NA,NA
GEN24_1056102,Disagree,NA,NA
GEN24_1056104,Agree,NA,NA
GEN24_1056109,Don't know / Not sure,Agree,Agree
GEN24_1056110,Disagree,Agree,Agree
GEN24_1056111,Agree,NA,NA
GEN24_1056112,Agree,NA,NA
GEN24_1056113,Agree,NA,NA
GEN24_1056114,Don't know / Not sure,NA,Agree
GEN24_1056119,Agree,NA,NA
GEN24_1056125,Disagree,Agree,Agree
GEN24_1056126,Don't know / Not sure,Agree,Agree
GEN24_1056133,Don't know / Not sure,NA,NA
GEN24_1056160,Agree,NA,NA
GEN24_1056163,Disagree,Disagree,Agree
GEN24_1056164,Don't know / Not sure,NA,NA
GEN24_1056170,Disagree,NA,NA
GEN24_1056171,Agree,NA,NA
GEN24_1056179,Agree,NA,NA
GEN24_1056186,Agree,NA,NA
GEN24_1056189,Disagree,Agree,Agree
GEN24_1056204,Disagree,NA,NA
GEN24_1056211,Agree,Agree,Agree
GEN24_1056212,Agree,Agree,Agree
GEN24_1056217,Agree,Agree,Agree
GEN24_1056219,Don't know / Not sure,NA,NA
GEN24_1056227,Don't know / Not sure,NA,NA
GEN24_1056234,Agree,Agree,Agree
GEN24_1056236,Agree,NA,NA
GEN24_1056241,Disagree,NA,NA
GEN24_1056244,Don't know / Not sure,NA,Agree
GEN24_1056249,Don't know / Not sure,NA,NA
GEN24_1056250,Don't know / Not sure,NA,NA
GEN24_1056260,Disagree,NA,Agree
GEN24_1056261,Don't know / Not sure,NA,NA
GEN24_1056266,Don't know / Not sure,NA,NA
GEN24_1056267,Don't know / Not sure,NA,NA
GEN24_1056270,Don't know / Not sure,Agree,Agree
GEN24_1056272,Don't know / Not sure,NA,NA
GEN24_1056273,Don't know / Not sure,NA,NA
GEN24_1056286,Agree,Agree,Agree
GEN24_1056291,Agree,Agree,Agree
GEN24_1056297,Agree,Agree,Agree
GEN24_1056299,Agree,NA,NA
GEN24_1056308,Agree,NA,NA
GEN24_1056321,Agree,NA,NA
GEN24_1056340,Agree,NA,NA
GEN24_1056344,Don't know / Not sure,NA,NA
GEN24_1056346,Disagree,NA,NA
GEN24_1056347,Agree,Agree,Agree
GEN24_1056354,Agree,Agree,Agree
GEN24_1056356,Disagree,NA,NA
GEN24_1056357,Agree,Agree,Agree
GEN24_1056364,Don't know / Not sure,Agree,Agree
GEN24_1056376,Don't know / Not sure,NA,NA
GEN24_1056380,Don't know / Not sure,NA,NA
GEN24_1056381,Agree,NA,NA
GEN24_1056392,Agree,NA,NA
GEN24_1056393,Don't know / Not sure,Agree,Agree
GEN24_1056399,Agree,NA,NA
GEN24_1056414,Don't know / Not sure,Agree,Agree
GEN24_1056419,Disagree,NA,NA
GEN24_1056430,Agree,Agree,Agree
GEN24_1056441,Don't know / Not sure,NA,NA
GEN24_1056443,Don't know / Not sure,NA,NA
GEN24_1056453,Agree,NA,NA
GEN24_1056454,Agree,Agree,Agree
GEN24_1056459,Don't know / Not sure,NA,NA
GEN24_1056461,Don't know / Not sure,NA,NA
GEN24_1056462,Agree,NA,NA
GEN24_1056464,Agree,Agree,Agree
GEN24_1056466,Don't know / Not sure,NA,NA
GEN24_1056467,Agree,NA,NA
GEN24_1056473,Agree,NA,NA
GEN24_1056479,Agree,Agree,Agree
GEN24_1056480,Don't know / Not sure,NA,NA
GEN24_1056483,Don't know / Not sure,NA,NA
GEN24_1056488,Agree,Agree,Agree
GEN24_1056491,Disagree,NA,NA
GEN24_1056493,Disagree,Agree,Agree
GEN24_1056495,Agree,Agree,Agree
GEN24_1056498,Agree,NA,NA
GEN24_1056499,Agree,Agree,Agree
GEN24_1056501,Disagree,Agree,Agree
GEN24_1056502,Don't know / Not sure,Agree,NA
GEN24_1056511,Agree,NA,NA
GEN24_1056513,Don't know / Not sure,Agree,Agree
GEN24_1056520,Agree,NA,NA
GEN24_1056523,Don't know / Not sure,Agree,Agree
GEN24_1056529,Agree,NA,NA
GEN24_1056530,Agree,Agree,Agree
GEN24_1056533,Don't know / Not sure,NA,NA
GEN24_1056536,Agree,NA,NA
GEN24_1056538,Don't know / Not sure,Agree,Agree
GEN24_1056546,Disagree,NA,NA
GEN24_1056547,Agree,NA,NA
GEN24_1056550,Disagree,NA,NA
GEN24_1056557,Agree,NA,NA
GEN24_1056565,Agree,Agree,Agree
GEN24_1056568,Agree,Agree,Agree
GEN24_1056570,Don't know / Not sure,NA,NA
GEN24_1056580,Agree,NA,NA
GEN24_1056582,Disagree,NA,NA
GEN24_1056594,Agree,Agree,Agree
GEN24_1056596,Agree,Agree,NA
GEN24_1056598,Agree,Agree,Agree
GEN24_1056604,Agree,Agree,Agree
GEN24_1056613,Disagree,NA,NA
GEN24_1056616,Agree,Agree,Agree
GEN24_1056620,Disagree,NA,NA
GEN24_1056624,Disagree,NA,NA
GEN24_1056626,Disagree,Agree,Agree
GEN24_1056635,Don't know / Not sure,NA,NA
GEN24_1056636,Agree,Agree,Agree
GEN24_1056644,Disagree,NA,NA
GEN24_1056649,Don't know / Not sure,NA,NA
GEN24_1056651,Disagree,NA,NA
GEN24_1056652,Don't know / Not sure,Agree,Agree
GEN24_1056655,Disagree,NA,NA
GEN24_1056656,Don't know / Not sure,NA,NA
GEN24_1056658,Don't know / Not sure,Agree,Agree
GEN24_1056662,Agree,Agree,Agree
GEN24_1056666,Agree,Agree,Agree
GEN24_1056678,Don't know / Not sure,Agree,Agree
GEN24_1056684,Agree,Agree,Agree
GEN24_1056691,Disagree,Disagree,NA
GEN24_1056698,Disagree,NA,NA
GEN24_1056700,Agree,NA,NA
GEN24_1056701,Don't know / Not sure,NA,NA
GEN24_1056703,Don't know / Not sure,NA,NA
GEN24_1056720,Disagree,NA,NA
GEN24_1056721,Disagree,NA,NA
GEN24_1056723,Agree,Agree,Agree
GEN24_1056734,Agree,Agree,Agree
GEN24_1056735,Don't know / Not sure,NA,NA
GEN24_1056739,Agree,NA,NA
GEN24_1056745,Disagree,NA,NA
GEN24_1056746,Don't know / Not sure,Agree,Agree
GEN24_1056753,Don't know / Not sure,NA,NA
GEN24_1056760,Agree,NA,NA
GEN24_1056763,Don't know / Not sure,NA,NA
GEN24_1056769,Disagree,NA,NA
GEN24_1056773,Agree,Agree,Agree
GEN24_1056775,Agree,NA,NA
GEN24_1056776,Agree,NA,NA
GEN24_1056778,Disagree,NA,NA
GEN24_1056780,Agree,NA,NA
GEN24_1056782,Disagree,NA,NA
GEN24_1056784,Agree,NA,NA
GEN24_1056787,Don't know / Not sure,NA,NA
GEN24_1056789,Disagree,NA,NA
GEN24_1056795,Don't know / Not sure,NA,NA
GEN24_1056796,Disagree,NA,NA
GEN24_1056800,Agree,Agree,Agree
GEN24_1056804,Agree,NA,NA
GEN24_1056806,Agree,NA,NA
GEN24_1056807,Don't know / Not sure,Agree,Agree
GEN24_1056809,Agree,Agree,Agree
GEN24_1056811,Agree,Agree,Agree
GEN24_1056812,Don't know / Not sure,NA,NA
GEN24_1056814,Disagree,Agree,Agree
GEN24_1056818,Agree,NA,NA
GEN24_1056821,Disagree,Agree,Agree
GEN24_1056822,Disagree,NA,NA
GEN24_1056823,Agree,NA,NA
GEN24_1056825,Don't know / Not sure,NA,NA
GEN24_1056831,Agree,NA,NA
GEN24_1056835,Agree,Agree,Agree
GEN24_1056839,Agree,NA,NA
GEN24_1056843,Agree,NA,NA
GEN24_1056850,Don't know / Not sure,NA,NA
GEN24_1056859,Don't know / Not sure,Agree,Agree
GEN24_1056865,Agree,NA,NA
GEN24_1056870,Disagree,Disagree,Disagree
GEN24_1056889,Don't know / Not sure,Agree,Agree
GEN24_1056896,Don't know / Not sure,NA,NA
GEN24_1056897,Agree,Agree,Agree
GEN24_1056903,Agree,Agree,Agree
GEN24_1056907,Agree,Agree,Agree
GEN24_1056913,Agree,NA,NA
GEN24_1056916,Disagree,NA,NA
GEN24_1056919,Agree,Agree,Agree
GEN24_1056922,Disagree,NA,NA
GEN24_1056935,Agree,NA,NA
GEN24_1056936,Agree,Agree,Agree
GEN24_1056944,Agree,Agree,Agree
GEN24_1056946,Don't know / Not sure,NA,NA
GEN24_1056947,Agree,NA,NA
GEN24_1056957,Agree,Agree,Agree
GEN24_1056960,Disagree,NA,NA
GEN24_1056962,Don't know / Not sure,Agree,Agree
GEN24_1056963,Agree,Agree,Agree
GEN24_1056989,Agree,Agree,Agree
GEN24_1056990,Don't know / Not sure,NA,NA
GEN24_1056998,Don't know / Not sure,NA,NA
GEN24_1056999,Don't know / Not sure,NA,NA
GEN24_1057001,Disagree,NA,NA
GEN24_1057014,Don't know / Not sure,NA,NA
GEN24_1057022,Agree,Agree,Agree
GEN24_1057033,Agree,NA,NA
GEN24_1057037,Don't know / Not sure,Agree,Agree
GEN24_1057039,Agree,NA,NA
GEN24_1057041,Agree,Agree,Agree
GEN24_1057043,Disagree,NA,NA
GEN24_1057045,Disagree,NA,NA
GEN24_1057048,Agree,Agree,Agree
GEN24_1057050,Don't know / Not sure,NA,NA
GEN24_1057053,Agree,Agree,Agree
GEN24_1057055,Agree,NA,NA
GEN24_1057059,Agree,Agree,Agree
GEN24_1057065,Don't know / Not sure,NA,NA
GEN24_1057081,Don't know / Not sure,NA,NA
GEN24_1057085,Disagree,NA,NA
GEN24_1057086,Agree,Agree,Agree
GEN24_1057088,Agree,Agree,Agree
GEN24_1057094,Agree,NA,NA
GEN24_1057096,Agree,NA,NA
GEN24_1057097,Agree,NA,NA
GEN24_1057099,Agree,NA,NA
GEN24_1057101,Don't know / Not sure,NA,NA
GEN24_1057113,Disagree,NA,NA
GEN24_1057130,Agree,NA,NA
GEN24_1057134,Agree,Agree,Agree
GEN24_1057140,Don't know / Not sure,NA,NA
GEN24_1057141,Disagree,NA,NA
GEN24_1057142,Agree,NA,NA
GEN24_1057155,Agree,NA,NA
GEN24_1057156,Don't know / Not sure,NA,NA
GEN24_1057163,Agree,NA,NA
GEN24_1057166,Agree,NA,NA
GEN24_1057169,Don't know / Not sure,NA,NA
GEN24_1057174,Don't know / Not sure,NA,NA
GEN24_1057178,Agree,NA,NA
GEN24_1057185,Agree,Agree,Agree
GEN24_1057187,Don't know / Not sure,Agree,Agree
GEN24_1057197,Agree,Agree,Agree
GEN24_1057199,Agree,Agree,Agree
GEN24_1057202,Don't know / Not sure,NA,NA
GEN24_1057204,Agree,Agree,Agree
GEN24_1057208,Agree,NA,NA
GEN24_1057216,Agree,Agree,Agree
GEN24_1057219,Agree,Agree,Agree
GEN24_1057230,Agree,Agree,Agree
GEN24_1057232,Don't know / Not sure,NA,NA
GEN24_1057234,Agree,Agree,Agree
GEN24_1057235,Don't know / Not sure,NA,NA
GEN24_1057239,Agree,Agree,Agree
GEN24_1057245,Agree,NA,NA
GEN24_1057251,Don't know / Not sure,NA,NA
GEN24_1057255,Don't know / Not sure,Agree,Agree
GEN24_1057256,Don't know / Not sure,NA,NA
GEN24_1057262,Agree,Disagree,Agree
GEN24_1057287,Agree,Agree,Agree
GEN24_1057289,Agree,Agree,Agree
GEN24_1057293,Don't know / Not sure,NA,NA
GEN24_1057295,Disagree,Agree,Agree
GEN24_1057299,Agree,NA,NA
GEN24_1057309,Don't know / Not sure,NA,NA
GEN24_1057317,Agree,Agree,Agree
GEN24_1057320,Agree,NA,Agree
GEN24_1057329,Agree,NA,NA
GEN24_1057331,Disagree,NA,NA
GEN24_1057341,Don't know / Not sure,NA,NA
GEN24_1057346,Don't know / Not sure,NA,NA
GEN24_1057347,Disagree,NA,NA
GEN24_1057348,Agree,NA,NA
GEN24_1057355,Disagree,Agree,Agree
GEN24_1057361,Agree,Agree,Agree
GEN24_1057364,Agree,Agree,Agree
GEN24_1057381,Don't know / Not sure,NA,NA
GEN24_1057394,Agree,Agree,Agree
GEN24_1057399,Don't know / Not sure,Agree,Agree
GEN24_1057401,Agree,NA,NA
GEN24_1057404,Agree,Agree,Agree
GEN24_1057405,Agree,Agree,Agree
GEN24_1057406,Don't know / Not sure,NA,NA
GEN24_1057407,Agree,NA,NA
GEN24_1057417,Disagree,NA,NA
GEN24_1057418,Agree,NA,NA
GEN24_1057419,Agree,NA,NA
GEN24_1057421,Agree,Agree,Agree
GEN24_1057424,Disagree,NA,NA
GEN24_1057425,Agree,Agree,Agree
GEN24_1057426,Agree,NA,NA
GEN24_1057428,Don't know / Not sure,NA,NA
GEN24_1057430,Disagree,NA,NA
GEN24_1057433,Agree,Agree,Agree
GEN24_1057434,Don't know / Not sure,NA,NA
GEN24_1057436,Agree,NA,NA
GEN24_1057439,Agree,NA,NA
GEN24_1057442,Disagree,NA,NA
GEN24_1057443,Agree,Agree,Agree
GEN24_1057445,Agree,NA,NA
GEN24_1057450,Agree,NA,NA
GEN24_1057451,Don't know / Not sure,NA,NA
GEN24_1057457,Agree,NA,NA
GEN24_1057460,Agree,NA,NA
GEN24_1057463,Agree,Agree,Agree
GEN24_1057465,Agree,NA,NA
GEN24_1057467,Agree,NA,NA
GEN24_1057474,Don't know / Not sure,Agree,Agree
GEN24_1057476,Disagree,Agree,Agree
GEN24_1057478,Agree,Agree,Agree
GEN24_1057479,Agree,NA,NA
GEN24_1057480,Don't know / Not sure,NA,NA
GEN24_1057490,Agree,Agree,Agree
GEN24_1057494,Don't know / Not sure,NA,NA
GEN24_1057495,Don't know / Not sure,NA,NA
GEN24_1057496,Agree,Agree,Agree
GEN24_1057513,Agree,Agree,Agree
GEN24_1057515,Don't know / Not sure,NA,NA
GEN24_1057518,Agree,Agree,Agree
GEN24_1057519,Don't know / Not sure,NA,NA
GEN24_1057531,Agree,Agree,Agree
GEN24_1057537,Agree,NA,NA
GEN24_1057544,Disagree,NA,NA
GEN24_1057547,Disagree,NA,NA
GEN24_1057552,Agree,NA,NA
GEN24_1057563,Agree,Agree,Agree
GEN24_1057580,Don't know / Not sure,NA,NA
GEN24_1057581,Don't know / Not sure,NA,NA
GEN24_1057582,Agree,Agree,Agree
GEN24_1057586,Agree,Agree,Agree
GEN24_1057587,Agree,Agree,Agree
GEN24_1057593,Agree,NA,NA
GEN24_1057598,Agree,Agree,Agree
GEN24_1057599,Disagree,Agree,Agree
GEN24_1057605,Agree,Agree,Agree
GEN24_1057607,Agree,Agree,Agree
GEN24_1057611,Disagree,NA,NA
GEN24_1057613,Don't know / Not sure,NA,NA
GEN24_1057614,Don't know / Not sure,NA,NA
GEN24_1057635,Agree,NA,NA
GEN24_1057637,Agree,Agree,Agree
GEN24_1057648,Don't know / Not sure,NA,NA
GEN24_1057659,Agree,NA,NA
GEN24_1057678,Agree,NA,NA
GEN24_1057687,Agree,NA,NA
GEN24_1057690,Don't know / Not sure,NA,NA
GEN24_1057702,Don't know / Not sure,NA,NA
GEN24_1057707,Agree,NA,Agree
GEN24_1057709,Agree,Agree,Agree
GEN24_1057715,Don't know / Not sure,Agree,Agree
GEN24_1057720,Agree,NA,NA
GEN24_1057723,Agree,NA,NA
GEN24_1057740,Agree,Agree,Agree
GEN24_1057744,Don't know / Not sure,NA,NA
GEN24_1057748,Agree,Agree,Agree
GEN24_1057749,Agree,Agree,Agree
GEN24_1057752,Agree,Agree,Agree
GEN24_1057755,Disagree,NA,NA
GEN24_1057775,Agree,Agree,Agree
GEN24_1057782,Agree,NA,NA
GEN24_1057785,Don't know / Not sure,NA,NA
GEN24_1057788,Don't know / Not sure,Agree,Agree
GEN24_1057800,Agree,NA,NA
GEN24_1057803,Disagree,NA,NA
GEN24_1057814,Don't know / Not sure,Agree,Agree
GEN24_1057823,Agree,Agree,Agree
GEN24_1057830,Agree,Agree,Agree
GEN24_1057834,Don't know / Not sure,NA,NA
GEN24_1057843,Disagree,NA,NA
GEN24_1057848,Agree,Agree,Agree
GEN24_1057849,Agree,Agree,Agree
GEN24_1057866,Disagree,NA,NA
GEN24_1057868,Agree,NA,NA
GEN24_1057870,Don't know / Not sure,NA,NA
GEN24_1057884,Don't know / Not sure,Agree,Agree
GEN24_1057890,Don't know / Not sure,NA,NA
GEN24_1057891,Agree,NA,NA
GEN24_1057895,Agree,NA,NA
GEN24_1057902,Agree,NA,NA
GEN24_1057903,Agree,Agree,Agree
GEN24_1057906,Agree,NA,NA
GEN24_1057914,Agree,Agree,Agree
GEN24_1057916,Agree,Agree,Agree
GEN24_1057918,Disagree,NA,NA
GEN24_1057920,Agree,NA,NA
GEN24_1057921,Agree,Agree,Agree
GEN24_1057927,Agree,Agree,Agree
GEN24_1057928,Agree,Agree,Agree
GEN24_1057934,Agree,NA,NA
GEN24_1057935,Disagree,NA,NA
GEN24_1057939,Agree,NA,NA
GEN24_1057944,Agree,NA,NA
GEN24_1057945,Disagree,NA,NA
GEN24_1057950,Don't know / Not sure,NA,NA
GEN24_1057952,Agree,NA,NA
GEN24_1057953,Agree,Agree,Agree
GEN24_1057954,Don't know / Not sure,NA,NA
GEN24_1057956,Don't know / Not sure,NA,NA
GEN24_1057957,Agree,NA,NA
GEN24_1057961,Don't know / Not sure,NA,NA
GEN24_1057963,Agree,NA,NA
GEN24_1057968,Don't know / Not sure,NA,NA
GEN24_1057970,Disagree,Agree,Agree
GEN24_1057981,Disagree,Agree,Agree
GEN24_1057983,Don't know / Not sure,NA,NA
GEN24_1057989,Agree,NA,Agree
GEN24_1058004,Don't know / Not sure,NA,NA
GEN24_1058005,Agree,NA,NA
GEN24_1058008,Disagree,NA,NA
GEN24_1058009,Disagree,NA,NA
GEN24_1058011,Agree,Agree,Agree
GEN24_1058016,Don't know / Not sure,NA,NA
GEN24_1058020,Agree,NA,NA
GEN24_1058030,Agree,NA,NA
GEN24_1058057,Agree,NA,NA
GEN24_1058059,Agree,NA,NA
GEN24_1058061,Agree,Agree,Agree
GEN24_1058068,Agree,NA,NA
GEN24_1058069,Don't know / Not sure,NA,NA
GEN24_1058071,Agree,NA,NA
GEN24_1058078,Agree,NA,NA
GEN24_1058088,Don't know / Not sure,NA,NA
GEN24_1058094,Agree,NA,NA
GEN24_1058106,Disagree,NA,NA
GEN24_1058108,Agree,Agree,Agree
GEN24_1058111,Agree,Agree,Agree
GEN24_1058118,Agree,NA,NA
GEN24_1058123,Don't know / Not sure,NA,NA
GEN24_1058128,Agree,NA,NA
GEN24_1058135,Disagree,NA,NA
GEN24_1058139,Agree,NA,NA
GEN24_1058140,Agree,NA,NA
GEN24_1058146,Disagree,NA,NA
GEN24_1058148,Agree,NA,NA
GEN24_1058153,Disagree,NA,NA
GEN24_1058156,Don't know / Not sure,NA,NA
GEN24_1058160,Disagree,Agree,Agree
GEN24_1058167,Agree,Disagree,NA
GEN24_1058171,Agree,Agree,Agree
GEN24_1058190,Disagree,Agree,Agree
GEN24_1058195,Disagree,NA,NA
GEN24_1058202,Disagree,NA,NA
GEN24_1058228,Disagree,NA,Agree
GEN24_1058233,Agree,Agree,Agree
GEN24_1058243,Agree,NA,NA
GEN24_1058247,Agree,NA,NA
GEN24_1058259,Agree,NA,NA
GEN24_1058264,Agree,NA,NA
GEN24_1058272,Disagree,NA,NA
GEN24_1058276,Disagree,NA,NA
GEN24_1058277,Don't know / Not sure,Agree,Agree
GEN24_1058281,Agree,NA,NA
GEN24_1058282,Disagree,NA,NA
GEN24_1058285,Agree,NA,NA
GEN24_1058286,Don't know / Not sure,NA,NA
GEN24_1058287,Agree,Agree,Agree
GEN24_1058291,Agree,Disagree,Agree
GEN24_1058292,Disagree,Disagree,Agree
GEN24_1058297,Agree,Agree,Agree
GEN24_1058298,Agree,Agree,Agree
GEN24_1058299,Agree,Agree,Agree
GEN24_1058300,Agree,Agree,Agree
GEN24_1058312,Agree,NA,NA
GEN24_1058316,Agree,Agree,Agree
GEN24_1058331,Agree,Agree,NA
GEN24_1058334,Don't know / Not sure,Agree,NA
GEN24_1058337,Agree,Agree,Agree
GEN24_1058341,Agree,Agree,Agree
GEN24_1058342,Agree,NA,NA
GEN24_1058346,Don't know / Not sure,NA,NA
GEN24_1058350,Agree,NA,NA
GEN24_1058354,Disagree,Agree,Agree
GEN24_1058362,Disagree,Agree,NA
GEN24_1058370,Agree,NA,NA
GEN24_1058371,Agree,NA,NA
GEN24_1058372,Disagree,NA,NA
GEN24_1058376,Disagree,Agree,Disagree
GEN24_1058381,Agree,NA,NA
GEN24_1058400,Agree,NA,NA
GEN24_1058406,Agree,Agree,Agree
GEN24_1058420,Agree,NA,NA
GEN24_1058421,Agree,Agree,Disagree
GEN24_1058423,Don't know / Not sure,NA,NA
GEN24_1058425,Disagree,NA,NA
GEN24_1058428,Agree,Agree,Agree
GEN24_1058429,Agree,NA,NA
GEN24_1058441,Don't know / Not sure,NA,NA
GEN24_1058442,Agree,Agree,Agree
GEN24_1058449,Don't know / Not sure,NA,NA
GEN24_1058455,Agree,NA,NA
GEN24_1058456,Agree,Disagree,Agree
GEN24_1058458,Don't know / Not sure,NA,NA
GEN24_1058459,Don't know / Not sure,NA,NA
GEN24_1058469,Disagree,NA,NA
GEN24_1058471,Don't know / Not sure,NA,NA
GEN24_1058472,Agree,NA,NA
GEN24_1058475,Disagree,Agree,Agree
GEN24_1058477,Don't know / Not sure,NA,NA
GEN24_1058480,Disagree,Agree,Agree
GEN24_1058485,Agree,Agree,Agree
GEN24_1058486,Don't know / Not sure,NA,NA
GEN24_1058489,Agree,NA,NA
GEN24_1058491,Agree,Agree,Agree
GEN24_1058503,Agree,Agree,Agree
GEN24_1058505,Disagree,NA,NA
GEN24_1058513,Agree,Agree,Agree
GEN24_1058514,Don't know / Not sure,NA,NA
GEN24_1058521,Agree,NA,NA
GEN24_1058525,Disagree,NA,NA
GEN24_1058533,Agree,NA,NA
GEN24_1058536,Disagree,NA,NA
GEN24_1058541,Don't know / Not sure,NA,NA
GEN24_1058543,Agree,NA,NA
GEN24_1058571,Disagree,NA,NA
GEN24_1058573,Agree,Agree,Agree
GEN24_1058575,Agree,NA,NA
GEN24_1058577,Agree,NA,NA
GEN24_1058581,Disagree,NA,NA
GEN24_1058582,Agree,NA,NA
GEN24_1058588,Agree,NA,NA
GEN24_1058592,Agree,NA,NA
GEN24_1058593,Agree,Agree,Agree
GEN24_1058597,Agree,Agree,Agree
GEN24_1058598,Agree,Agree,Disagree
GEN24_1058609,Don't know / Not sure,NA,NA
GEN24_1058630,Agree,Agree,Agree
GEN24_1058649,Disagree,NA,NA
GEN24_1058651,Disagree,NA,NA
GEN24_1058652,Agree,NA,NA
GEN24_1058666,Agree,NA,NA
GEN24_1058675,Agree,NA,NA
GEN24_1058681,Don't know / Not sure,NA,NA
GEN24_1058682,Disagree,Agree,Disagree
GEN24_1058691,Agree,NA,NA
GEN24_1058702,Agree,NA,NA
GEN24_1058708,Don't know / Not sure,NA,NA
GEN24_1058719,Disagree,NA,NA
GEN24_1058720,Don't know / Not sure,NA,NA
GEN24_1058721,Agree,NA,NA
GEN24_1058747,Disagree,NA,NA
GEN24_1058752,Don't know / Not sure,NA,NA
GEN24_1058753,Disagree,NA,NA
GEN24_1058756,Agree,NA,NA
GEN24_1058759,Agree,NA,NA
GEN24_1058766,Disagree,NA,NA
GEN24_1058768,Disagree,NA,NA
GEN24_1058769,Disagree,NA,NA
GEN24_1058770,Agree,Agree,Agree
GEN24_1058780,Don't know / Not sure,Agree,Agree
GEN24_1058795,Disagree,NA,NA
GEN24_1058801,Disagree,NA,NA
GEN24_1058809,Disagree,NA,NA
GEN24_1058833,Agree,NA,NA
GEN24_1058850,Don't know / Not sure,NA,Agree
GEN24_1058852,Agree,NA,NA
GEN24_1058858,Agree,Agree,Agree
GEN24_1058861,Disagree,NA,NA
GEN24_1058862,Agree,Agree,Agree
GEN24_1058864,Agree,Agree,Agree
GEN24_1058866,Agree,NA,NA
GEN24_1058868,Don't know / Not sure,Agree,Agree
GEN24_1058870,Agree,Agree,Agree
GEN24_1058880,Don't know / Not sure,NA,NA
GEN24_1058891,Disagree,NA,NA
GEN24_1058893,Agree,Agree,Agree
GEN24_1058898,Agree,Agree,Agree
GEN24_1058899,Disagree,NA,NA
GEN24_1058905,Agree,NA,NA
GEN24_1058908,Agree,Agree,Agree
GEN24_1058912,Agree,Agree,Agree
GEN24_1058916,Don't know / Not sure,NA,NA
GEN24_1058921,Don't know / Not sure,NA,NA
GEN24_1058933,Don't know / Not sure,NA,NA
GEN24_1058934,Agree,Agree,Agree
GEN24_1058935,Don't know / Not sure,Agree,Agree
GEN24_1058938,Agree,NA,NA
GEN24_1058940,Agree,NA,NA
GEN24_1058942,Agree,Agree,Agree
GEN24_1058961,Agree,Agree,Agree
GEN24_1058972,Disagree,NA,NA
GEN24_1058979,Agree,NA,NA
GEN24_1058993,Don't know / Not sure,NA,NA
GEN24_1058995,Don't know / Not sure,Agree,Agree
GEN24_1058997,Don't know / Not sure,NA,NA
GEN24_1059005,Agree,Agree,Agree
GEN24_1059006,Agree,NA,NA
GEN24_1059007,Agree,Disagree,Disagree
GEN24_1059014,Agree,NA,NA
GEN24_1059015,Agree,NA,NA
GEN24_1059021,Agree,NA,NA
GEN24_1059022,Agree,NA,NA
GEN24_1059023,Don't know / Not sure,NA,NA
GEN24_1059032,Don't know / Not sure,NA,NA
GEN24_1059035,Agree,Agree,Agree
GEN24_1059040,Agree,NA,NA
GEN24_1059047,Agree,Agree,Agree
GEN24_1059048,Don't know / Not sure,NA,NA
GEN24_1059049,Agree,NA,NA
GEN24_1059059,Don't know / Not sure,Agree,Agree
GEN24_1059071,Disagree,NA,NA
GEN24_1059072,Disagree,NA,NA
GEN24_1059073,Disagree,Disagree,Agree
GEN24_1059075,Disagree,Disagree,Disagree
GEN24_1059076,Disagree,NA,NA
GEN24_1059079,Don't know / Not sure,Agree,Agree
GEN24_1059083,Agree,Agree,Agree
GEN24_1059085,Disagree,NA,NA
GEN24_1059086,Agree,Agree,Agree
GEN24_1059089,Don't know / Not sure,NA,NA
GEN24_1059090,Agree,NA,NA
GEN24_1059092,Disagree,NA,NA
GEN24_1059094,Don't know / Not sure,NA,Agree
GEN24_1059098,Don't know / Not sure,NA,NA
GEN24_1059103,Agree,Agree,Agree
GEN24_1059104,Agree,Agree,Agree
GEN24_1059106,Agree,NA,NA
GEN24_1059107,Agree,Agree,Agree
GEN24_1059111,Don't know / Not sure,NA,NA
GEN24_1059122,Agree,NA,NA
GEN24_1059131,Agree,NA,NA
GEN24_1059162,Disagree,NA,NA
GEN24_1059171,Don't know / Not sure,NA,NA
GEN24_1059174,Don't know / Not sure,Agree,Agree
GEN24_1059176,Disagree,NA,NA
GEN24_1059178,Don't know / Not sure,NA,NA
GEN24_1059180,Agree,NA,NA
GEN24_1059181,Agree,Agree,Agree
GEN24_1059192,Agree,Agree,Agree
GEN24_1059193,Don't know / Not sure,NA,NA
GEN24_1059195,Don't know / Not sure,NA,NA
GEN24_1059214,Disagree,NA,NA
GEN24_1059217,Disagree,Agree,Agree
GEN24_1059218,Agree,NA,NA
GEN24_1059221,Agree,NA,Disagree
GEN24_1059225,Agree,Agree,Agree
GEN24_1059233,Agree,NA,NA
GEN24_1059235,Agree,NA,NA
GEN24_1059238,Agree,NA,NA
GEN24_1059243,Agree,NA,NA
GEN24_1059252,Disagree,Agree,Agree
GEN24_1059255,Agree,Agree,Agree
GEN24_1059265,Disagree,NA,NA
GEN24_1059278,Agree,Agree,Agree
GEN24_1059280,Don't know / Not sure,NA,NA
GEN24_1059291,Don't know / Not sure,NA,NA
GEN24_1059292,Don't know / Not sure,NA,NA
GEN24_1059293,Disagree,NA,NA
GEN24_1059294,Disagree,NA,NA
GEN24_1059296,Agree,Agree,Agree
GEN24_1059321,Agree,NA,NA
GEN24_1059340,Disagree,NA,NA
GEN24_1059342,Agree,NA,NA
GEN24_1059354,Don't know / Not sure,NA,NA
GEN24_1059359,Disagree,NA,NA
GEN24_1059360,Agree,Agree,Agree
GEN24_1059361,Agree,Agree,Agree
GEN24_1059374,Agree,NA,NA
GEN24_1059375,Agree,NA,NA
GEN24_1059391,Disagree,NA,NA
GEN24_1059393,Don't know / Not sure,Agree,Agree
GEN24_1059397,Agree,NA,NA
GEN24_1059401,Agree,Agree,Agree
GEN24_1059410,Disagree,NA,NA
GEN24_1059415,Agree,NA,NA
GEN24_1059418,Agree,NA,NA
GEN24_1059419,Don't know / Not sure,Agree,Agree
GEN24_1059420,Agree,Agree,Agree
GEN24_1059421,Agree,Disagree,Disagree
GEN24_1059422,Agree,NA,NA
GEN24_1059423,Don't know / Not sure,NA,NA
GEN24_1059430,Disagree,Disagree,Agree
GEN24_1059434,Disagree,NA,NA
GEN24_1059435,Disagree,NA,NA
GEN24_1059436,Disagree,NA,NA
GEN24_1059458,Agree,NA,NA
GEN24_1059470,Agree,NA,NA
GEN24_1059478,Disagree,NA,NA
GEN24_1059496,Agree,Agree,Agree
GEN24_1059498,Don't know / Not sure,Agree,Agree
GEN24_1059513,Disagree,NA,NA
GEN24_1059529,Disagree,NA,NA
GEN24_1059538,Agree,Agree,Agree
GEN24_1059558,Agree,NA,NA
GEN24_1059570,Agree,NA,NA
GEN24_1059582,Agree,Agree,Agree
GEN24_1059584,Don't know / Not sure,NA,NA
GEN24_1059588,Don't know / Not sure,NA,NA
GEN24_1059593,Don't know / Not sure,NA,NA
GEN24_1059594,Agree,NA,NA
GEN24_1059604,Agree,NA,NA
GEN24_1059611,Disagree,NA,NA
GEN24_1059616,Don't know / Not sure,Agree,Agree
GEN24_1059621,Agree,Agree,Agree
GEN24_1059627,Agree,NA,NA
GEN24_1059639,Don't know / Not sure,NA,NA
GEN24_1059644,Don't know / Not sure,NA,NA
GEN24_1059650,Disagree,NA,NA
GEN24_1059672,Disagree,NA,NA
GEN24_1059678,Agree,Agree,Agree
GEN24_1059689,Agree,NA,NA
GEN24_1059692,Agree,NA,NA
GEN24_1059695,Agree,Agree,Agree
GEN24_1059701,Agree,Agree,Agree
GEN24_1059702,Disagree,Agree,Agree
GEN24_1059705,Don't know / Not sure,NA,NA
GEN24_1059706,Agree,Agree,Agree
GEN24_1059707,Agree,NA,NA
GEN24_1059708,Agree,Agree,Agree
GEN24_1059709,Agree,NA,NA
GEN24_1059717,Agree,Agree,Agree
GEN24_1059720,Agree,Agree,Agree
GEN24_1059723,Don't know / Not sure,NA,NA
GEN24_1059725,Don't know / Not sure,NA,NA
GEN24_1059729,Disagree,NA,NA
GEN24_1059740,Agree,Agree,Agree
GEN24_1059744,Don't know / Not sure,NA,Agree
GEN24_1059748,Agree,NA,NA
GEN24_1059751,Don't know / Not sure,NA,NA
GEN24_1059752,Agree,Agree,Agree
GEN24_1059753,Agree,NA,NA
GEN24_1059754,Agree,Agree,Agree
GEN24_1059755,Disagree,NA,NA
GEN24_1059756,Agree,NA,NA
GEN24_1059767,Agree,NA,NA
GEN24_1059769,Agree,NA,NA
GEN24_1059771,Agree,Agree,Agree
GEN24_1059778,Agree,Agree,Agree
GEN24_1059785,Agree,Agree,Agree
GEN24_1059789,Disagree,NA,NA
GEN24_1059791,Don't know / Not sure,NA,NA
GEN24_1059823,Agree,Agree,Agree
GEN24_1059829,Agree,NA,NA
GEN24_1059831,Agree,NA,NA
GEN24_1059838,Agree,NA,NA
GEN24_1059853,Agree,Agree,Agree
GEN24_1059856,Don't know / Not sure,NA,NA
GEN24_1059863,Agree,NA,NA
GEN24_1059864,Don't know / Not sure,Agree,Agree
GEN24_1059866,Don't know / Not sure,NA,NA
GEN24_1059870,Disagree,NA,NA
GEN24_1059871,Agree,NA,NA
GEN24_1059878,Agree,NA,NA
GEN24_1059879,Disagree,NA,NA
GEN24_1059882,Agree,NA,NA
GEN24_1059883,Agree,NA,NA
GEN24_1059888,Agree,NA,NA
GEN24_1059889,Disagree,Agree,Agree
GEN24_1059890,Agree,NA,NA
GEN24_1059901,Agree,NA,NA
GEN24_1059909,Agree,NA,NA
GEN24_1059914,Agree,NA,NA
GEN24_1059924,Agree,Agree,Agree
GEN24_1059930,Don't know / Not sure,Agree,Agree
GEN24_1059931,Agree,NA,NA
GEN24_1059933,Agree,NA,NA
GEN24_1059939,Don't know / Not sure,NA,NA
GEN24_1059944,Agree,NA,NA
GEN24_1059946,Disagree,NA,NA
GEN24_1059951,Agree,Agree,Agree
GEN24_1059959,Don't know / Not sure,NA,NA
GEN24_1059984,Agree,Agree,Agree
GEN24_1059992,Don't know / Not sure,Disagree,NA
GEN24_1060009,Agree,Agree,Agree
GEN24_1060010,Disagree,NA,NA
GEN24_1060023,Agree,Agree,Agree
GEN24_1060027,Agree,NA,NA
GEN24_1060031,Agree,Agree,Agree
GEN24_1060037,Agree,NA,NA
GEN24_1060039,Don't know / Not sure,Agree,Agree
GEN24_1060049,Agree,NA,NA
GEN24_1060050,Agree,NA,NA
GEN24_1060054,Don't know / Not sure,NA,NA
GEN24_1060055,Agree,Agree,Agree
GEN24_1060061,Agree,Agree,Agree
GEN24_1060063,Agree,Agree,Agree
GEN24_1060067,Don't know / Not sure,NA,NA
GEN24_1060068,Agree,NA,NA
GEN24_1060073,Agree,NA,NA
GEN24_1060087,Agree,NA,NA
GEN24_1060090,Agree,NA,Agree
GEN24_1060100,Don't know / Not sure,NA,NA
GEN24_1060117,Disagree,NA,NA
GEN24_1060118,Disagree,NA,NA
GEN24_1060142,Agree,NA,NA
GEN24_1060148,Agree,NA,NA
GEN24_1060156,Don't know / Not sure,NA,NA
GEN24_1060161,Agree,NA,NA
GEN24_1060165,Disagree,NA,Agree
GEN24_1060170,Disagree,NA,NA
GEN24_1060180,Disagree,NA,NA
GEN24_1060189,Agree,NA,NA
GEN24_1060191,Agree,NA,NA
GEN24_1060195,Disagree,NA,NA
GEN24_1060198,Agree,NA,NA
GEN24_1060201,Don't know / Not sure,NA,NA
GEN24_1060203,Agree,Agree,Agree
GEN24_1060204,Don't know / Not sure,Agree,Agree
GEN24_1060217,Agree,Agree,Agree
GEN24_1060218,Agree,NA,NA
GEN24_1060220,Don't know / Not sure,NA,NA
GEN24_1060223,Disagree,NA,NA
GEN24_1060226,Agree,NA,NA
GEN24_1060230,Agree,NA,NA
GEN24_1060231,Disagree,Agree,Agree
GEN24_1060238,Disagree,NA,NA
GEN24_1060242,Agree,Agree,Agree
GEN24_1060296,Agree,Agree,Agree
GEN24_1060309,Agree,Agree,Agree
GEN24_1060318,Agree,Agree,Agree
GEN24_1060328,Agree,NA,NA
GEN24_1060329,Agree,NA,NA
GEN24_1060341,Agree,Disagree,Agree
GEN24_1060348,Agree,Agree,Agree
GEN24_1060352,Agree,Agree,Agree
GEN24_1060356,Don't know / Not sure,NA,NA
GEN24_1060367,Agree,Agree,Agree
GEN24_1060369,Don't know / Not sure,NA,NA
GEN24_1060370,Agree,Agree,Agree
GEN24_1060374,Agree,NA,NA
GEN24_1060383,Don't know / Not sure,NA,NA
GEN24_1060386,Agree,Agree,Agree
GEN24_1060391,Don't know / Not sure,Agree,Agree
GEN24_1060399,Disagree,NA,NA
GEN24_1060403,Agree,NA,NA
GEN24_1060404,Agree,Agree,Agree
GEN24_1060405,Agree,Agree,Agree
GEN24_1060410,Don't know / Not sure,NA,NA
GEN24_1060412,Agree,Agree,Agree
GEN24_1060414,Agree,NA,NA
GEN24_1060416,Disagree,NA,NA
GEN24_1060418,Disagree,NA,NA
GEN24_1060420,Agree,Agree,Agree
GEN24_1060424,Agree,NA,NA
GEN24_1060425,Don't know / Not sure,NA,NA
GEN24_1060429,Disagree,NA,NA
GEN24_1060437,Agree,Agree,Agree
GEN24_1060439,Don't know / Not sure,NA,NA
GEN24_1060441,Disagree,NA,NA
GEN24_1060447,Agree,Agree,Agree
GEN24_1060451,Don't know / Not sure,NA,NA
GEN24_1060459,Agree,NA,NA
GEN24_1060463,Agree,Agree,Agree
GEN24_1060468,Don't know / Not sure,Agree,Agree
GEN24_1060481,Don't know / Not sure,NA,NA
GEN24_1060486,Agree,NA,NA
GEN24_1060498,Agree,NA,Agree
GEN24_1060507,Don't know / Not sure,NA,NA
GEN24_1060510,Agree,NA,NA
GEN24_1060516,Disagree,NA,NA
GEN24_1060519,Agree,Agree,Agree
GEN24_1060522,Agree,NA,NA
GEN24_1060527,Disagree,NA,NA
GEN24_1060528,Disagree,NA,NA
GEN24_1060529,Agree,Agree,Agree
GEN24_1060548,Disagree,Disagree,Agree
GEN24_1060552,Don't know / Not sure,NA,NA
GEN24_1060571,Don't know / Not sure,NA,NA
GEN24_1060574,Disagree,Disagree,NA
GEN24_1060587,Don't know / Not sure,NA,NA
GEN24_1060589,Disagree,NA,NA
GEN24_1060609,Agree,NA,NA
GEN24_1060619,Agree,NA,NA
GEN24_1060626,Agree,NA,NA
GEN24_1060634,Agree,Agree,Agree
GEN24_1060636,Agree,NA,NA
GEN24_1060641,Agree,Agree,Agree
GEN24_1060653,Disagree,NA,NA
GEN24_1060655,Agree,NA,NA
GEN24_1060658,Agree,NA,NA
GEN24_1060661,Agree,NA,NA
GEN24_1060667,Agree,NA,NA
GEN24_1060670,Agree,NA,NA
GEN24_1060671,Don't know / Not sure,Disagree,Disagree
GEN24_1060677,Don't know / Not sure,NA,NA
GEN24_1060679,Disagree,NA,NA
GEN24_1060686,Agree,Agree,Agree
GEN24_1060688,Don't know / Not sure,NA,NA
GEN24_1060694,Agree,Agree,Agree
GEN24_1060698,Disagree,NA,NA
GEN24_1060700,Don't know / Not sure,NA,NA
GEN24_1060701,Don't know / Not sure,NA,NA
GEN24_1060703,Agree,NA,NA
GEN24_1060704,Agree,Agree,Agree
GEN24_1060710,Disagree,NA,NA
GEN24_1060713,Agree,NA,Agree
GEN24_1060723,Agree,NA,NA
GEN24_1060742,Agree,NA,NA
GEN24_1060745,Agree,NA,NA
GEN24_1060753,Don't know / Not sure,NA,NA
GEN24_1060766,Disagree,NA,NA
GEN24_1060771,Agree,NA,NA
GEN24_1060777,Don't know / Not sure,NA,NA
GEN24_1060780,Don't know / Not sure,NA,NA
GEN24_1060783,Disagree,NA,NA
GEN24_1060784,Agree,Agree,Agree
GEN24_1060788,Disagree,NA,NA
GEN24_1060790,Agree,NA,NA
GEN24_1060802,Agree,Agree,Agree
GEN24_1060809,Don't know / Not sure,NA,NA
GEN24_1060812,Disagree,NA,NA
GEN24_1060829,Agree,Agree,Agree
GEN24_1060830,Don't know / Not sure,Agree,Agree
GEN24_1060837,Agree,NA,NA
GEN24_1060843,Don't know / Not sure,NA,NA
GEN24_1060848,Disagree,NA,NA
GEN24_1060861,Agree,NA,NA
GEN24_1060871,Disagree,Agree,Agree
GEN24_1060872,Agree,NA,NA
GEN24_1060880,Agree,Agree,Agree
GEN24_1060881,Disagree,Agree,Agree
GEN24_1060890,Agree,Agree,Agree
GEN24_1060908,Disagree,Disagree,Disagree
GEN24_1060910,Don't know / Not sure,NA,NA
GEN24_1060911,Don't know / Not sure,NA,NA
GEN24_1060913,Agree,Agree,Agree
GEN24_1060914,Agree,NA,NA
GEN24_1060915,Don't know / Not sure,NA,NA
GEN24_1060917,Agree,NA,NA
GEN24_1060918,Agree,Agree,Agree
GEN24_1060924,Agree,Agree,Agree
GEN24_1060937,Agree,NA,NA
GEN24_1060940,Don't know / Not sure,NA,NA
GEN24_1060941,Agree,NA,NA
GEN24_1060947,Disagree,NA,NA
GEN24_1060948,Agree,NA,NA
GEN24_1060950,Don't know / Not sure,NA,NA
GEN24_1060951,Disagree,NA,NA
GEN24_1060956,Disagree,NA,NA
GEN24_1060959,Agree,NA,NA
GEN24_1060960,Disagree,NA,Agree
GEN24_1060962,Don't know / Not sure,NA,NA
GEN24_1060963,Agree,Agree,Agree
GEN24_1060968,Disagree,NA,NA
GEN24_1060971,Agree,NA,NA
GEN24_1060972,Agree,NA,NA
GEN24_1060974,Agree,Agree,Agree
GEN24_1060995,Agree,Agree,Agree
GEN24_1061000,Agree,Agree,Agree
GEN24_1061001,Disagree,NA,NA
GEN24_1061004,Don't know / Not sure,Agree,Agree
GEN24_1061023,Agree,NA,NA
GEN24_1061031,Disagree,NA,NA
GEN24_1061048,Don't know / Not sure,NA,NA
GEN24_1061065,Don't know / Not sure,NA,NA
GEN24_1061067,Disagree,NA,NA
GEN24_1061084,Agree,NA,NA
GEN24_1061088,Agree,NA,NA
GEN24_1061105,Agree,Disagree,NA
GEN24_1061106,Agree,Disagree,Agree
GEN24_1061117,Agree,NA,NA
GEN24_1061122,Agree,NA,NA
GEN24_1061138,Don't know / Not sure,NA,NA
GEN24_1061139,Agree,NA,NA
GEN24_1061203,Agree,Agree,Agree
GEN24_1061207,Don't know / Not sure,NA,NA
GEN24_1061211,Agree,Agree,Agree
GEN24_1061234,Agree,NA,Agree
GEN24_1061236,Disagree,NA,NA
GEN24_1061247,Agree,NA,NA
GEN24_1061248,Agree,NA,NA
GEN24_1061252,Agree,Agree,Agree
GEN24_1061255,Agree,Agree,Agree
GEN24_1061263,Agree,NA,NA
GEN24_1061265,Agree,NA,NA
GEN24_1061267,Don't know / Not sure,NA,NA
GEN24_1061290,Agree,NA,NA
GEN24_1061294,Disagree,Disagree,Agree
GEN24_1061300,Agree,NA,NA
GEN24_1061301,Agree,NA,NA
GEN24_1061306,Agree,Agree,Agree
GEN24_1061314,Agree,NA,NA
GEN24_1061329,Agree,NA,Agree
GEN24_1061334,Agree,NA,NA
GEN24_1061335,Agree,NA,NA
GEN24_1061337,Agree,Agree,Agree
GEN24_1061344,Agree,NA,NA
GEN24_1061348,Agree,NA,NA
GEN24_1061359,Agree,Agree,Agree
GEN24_1061363,Agree,Agree,Agree
GEN24_1061368,Agree,Agree,Agree
GEN24_1061370,Agree,Agree,Agree
GEN24_1061371,Agree,NA,NA
GEN24_1061372,Don't know / Not sure,NA,NA
GEN24_1061380,Don't know / Not sure,NA,NA
GEN24_1061382,Don't know / Not sure,Agree,Agree
GEN24_1061392,Agree,Agree,Agree
GEN24_1061395,Agree,NA,NA
GEN24_1061398,Don't know / Not sure,NA,NA
GEN24_1061410,Disagree,Agree,Agree
GEN24_1061417,Agree,NA,NA
GEN24_1061418,Agree,NA,NA
GEN24_1061426,Don't know / Not sure,NA,NA
GEN24_1061436,Disagree,NA,NA
GEN24_1061437,Agree,Agree,Agree
GEN24_1061441,Agree,Disagree,Agree
GEN24_1061444,Agree,Agree,Agree
GEN24_1061461,Don't know / Not sure,NA,NA
GEN24_1061463,Don't know / Not sure,NA,NA
GEN24_1061471,Disagree,NA,NA
GEN24_1061478,Agree,NA,NA
GEN24_1061479,Don't know / Not sure,NA,NA
GEN24_1061498,Agree,NA,NA
GEN24_1061513,Don't know / Not sure,NA,NA
GEN24_1061514,Agree,NA,NA
GEN24_1061516,Agree,NA,NA
GEN24_1061518,Agree,Agree,Agree
GEN24_1061535,Disagree,NA,NA
GEN24_1061564,Agree,NA,NA
GEN24_1061575,Agree,NA,NA
GEN24_1061592,Disagree,NA,NA
GEN24_1061595,Agree,Agree,Agree
GEN24_1061657,Don't know / Not sure,Agree,Agree
GEN24_1061659,Don't know / Not sure,NA,NA
GEN24_1061670,Agree,Agree,Agree
GEN24_1061672,Agree,NA,NA
GEN24_1061673,Agree,NA,NA
GEN24_1061676,Agree,NA,NA
GEN24_1061690,Don't know / Not sure,NA,NA
GEN24_1061703,Don't know / Not sure,NA,NA
GEN24_1061710,Agree,Agree,Agree
GEN24_1061729,Agree,Agree,Agree
GEN24_1061731,Agree,Agree,Agree
GEN24_1061748,Disagree,NA,NA
GEN24_1061750,Agree,Agree,Agree
GEN24_1061755,Agree,NA,NA
GEN24_1061756,Disagree,NA,NA
GEN24_1061757,Disagree,Agree,Agree
GEN24_1061758,Agree,Agree,Agree
GEN24_1061760,Agree,NA,NA
GEN24_1061768,Agree,Agree,Agree
GEN24_1061775,Agree,Agree,Agree
GEN24_1061783,Agree,NA,NA
GEN24_1061786,Disagree,NA,NA
GEN24_1061791,Agree,Agree,Agree
GEN24_1061793,Agree,NA,NA
GEN24_1061794,Agree,NA,Agree
GEN24_1061816,Don't know / Not sure,NA,NA
GEN24_1061821,Agree,Agree,Agree
GEN24_1061827,Don't know / Not sure,NA,NA
GEN24_1061829,Don't know / Not sure,NA,NA
GEN24_1061833,Agree,Agree,Agree
GEN24_1061834,Agree,Agree,Agree
GEN24_1061835,Don't know / Not sure,Agree,Agree
GEN24_1061836,Agree,Agree,Agree
GEN24_1061840,Disagree,NA,NA
GEN24_1061843,Disagree,NA,NA
GEN24_1061847,Agree,Agree,Agree
GEN24_1061865,Disagree,NA,NA
GEN24_1061866,Agree,Agree,Agree
GEN24_1061871,Agree,NA,NA
GEN24_1061874,Don't know / Not sure,NA,NA
GEN24_1061876,Agree,Agree,Agree
GEN24_1061878,Agree,NA,NA
GEN24_1061893,Don't know / Not sure,NA,NA
GEN24_1061895,Agree,NA,NA
GEN24_1061902,Agree,Agree,Agree
GEN24_1061904,Agree,Agree,Agree
GEN24_1061907,Don't know / Not sure,Agree,Agree
GEN24_1061912,Agree,NA,NA
GEN24_1061956,Agree,NA,NA
GEN24_1061969,Agree,NA,Agree
GEN24_1061970,Agree,Agree,Agree
GEN24_1061972,Don't know / Not sure,Agree,Agree
GEN24_1061977,Agree,NA,NA
GEN24_1061982,Agree,NA,NA
GEN24_1061993,Disagree,NA,NA
GEN24_1062000,Disagree,Agree,Agree
GEN24_1062006,Agree,Agree,Agree
GEN24_1062008,Agree,Disagree,Agree
GEN24_1062037,Disagree,NA,NA
GEN24_1062045,Don't know / Not sure,NA,NA
GEN24_1062061,Agree,NA,NA
GEN24_1062076,Disagree,Disagree,Agree
GEN24_1062085,Agree,Agree,Agree
GEN24_1062088,Agree,Agree,Agree
GEN24_1062089,Don't know / Not sure,NA,NA
GEN24_1062091,Disagree,NA,NA
GEN24_1062106,Agree,Agree,Agree
GEN24_1062108,Agree,NA,NA
GEN24_1062110,Agree,NA,NA
GEN24_1062112,Disagree,Agree,Agree
GEN24_1062123,Don't know / Not sure,Agree,Agree
GEN24_1062154,Agree,Agree,Agree
GEN24_1062156,Don't know / Not sure,NA,NA
GEN24_1062161,Disagree,NA,NA
GEN24_1062187,Agree,NA,NA
GEN24_1062190,Agree,Agree,Agree
GEN24_1062202,Don't know / Not sure,NA,NA
GEN24_1062204,Disagree,NA,NA
GEN24_1062208,Agree,NA,NA
GEN24_1062210,Agree,NA,NA
GEN24_1062213,Don't know / Not sure,NA,NA
GEN24_1062215,Don't know / Not sure,NA,NA
GEN24_1062218,Agree,Agree,Agree
GEN24_1062220,Agree,NA,NA
GEN24_1062235,Don't know / Not sure,NA,NA
GEN24_1062243,Don't know / Not sure,NA,NA
GEN24_1062244,Agree,Agree,Agree
GEN24_1062250,Agree,NA,NA
GEN24_1062260,Don't know / Not sure,NA,NA
GEN24_1062263,Don't know / Not sure,NA,NA
GEN24_1062287,Agree,NA,NA
GEN24_1062290,Disagree,NA,NA
GEN24_1062293,Agree,Agree,Agree
GEN24_1062294,Disagree,NA,NA
GEN24_1062306,Agree,NA,NA
GEN24_1062311,Agree,Agree,Agree
GEN24_1062333,Agree,NA,NA
GEN24_1062338,Disagree,NA,NA
GEN24_1062341,Disagree,NA,NA
GEN24_1062346,Agree,NA,NA
GEN24_1062358,Agree,Agree,Agree
GEN24_1062362,Agree,NA,NA
GEN24_1062366,Don't know / Not sure,NA,NA
GEN24_1062369,Don't know / Not sure,NA,NA
GEN24_1062370,Agree,NA,NA
GEN24_1062373,Agree,NA,NA
GEN24_1062406,Don't know / Not sure,NA,NA
GEN24_1062413,Don't know / Not sure,Agree,Agree
GEN24_1062415,Agree,NA,NA
GEN24_1062423,Agree,NA,NA
GEN24_1062427,Don't know / Not sure,NA,NA
GEN24_1062435,Agree,Agree,Agree
GEN24_1062446,Disagree,NA,NA
GEN24_1062449,Don't know / Not sure,NA,NA
GEN24_1062451,Don't know / Not sure,NA,NA
GEN24_1062452,Disagree,NA,NA
GEN24_1062454,Agree,NA,NA
GEN24_1062460,Don't know / Not sure,NA,NA
GEN24_1062463,Disagree,NA,NA
GEN24_1062482,Agree,Agree,Agree
GEN24_1062484,Don't know / Not sure,Agree,Agree
GEN24_1062486,Agree,Agree,Agree
GEN24_1062494,Disagree,NA,NA
GEN24_1062516,Agree,Agree,Agree
GEN24_1062523,Agree,NA,NA
GEN24_1062524,Don't know / Not sure,NA,NA
GEN24_1062525,Don't know / Not sure,NA,NA
GEN24_1062537,Agree,NA,NA
GEN24_1062540,Disagree,NA,NA
GEN24_1062541,Agree,Agree,Agree
GEN24_1062546,Don't know / Not sure,NA,NA
GEN24_1062547,Don't know / Not sure,NA,NA
GEN24_1062556,Agree,NA,NA
GEN24_1062561,Agree,NA,NA
GEN24_1062565,Disagree,Agree,Agree
GEN24_1062570,Agree,NA,NA
GEN24_1062584,Agree,Agree,Agree
GEN24_1062587,Agree,NA,NA
GEN24_1062596,Agree,NA,NA
GEN24_1062600,Agree,NA,NA
GEN24_1062602,Disagree,NA,NA
GEN24_1062605,Agree,NA,NA
GEN24_1062617,Agree,NA,NA
GEN24_1062635,Agree,Agree,Agree
GEN24_1062674,Agree,NA,NA
GEN24_1062688,Agree,NA,NA
GEN24_1062693,Agree,NA,NA
GEN24_1062709,Don't know / Not sure,NA,NA
GEN24_1062715,Agree,NA,NA
GEN24_1062720,Agree,NA,NA
GEN24_1062725,Agree,NA,NA
GEN24_1062730,Agree,NA,NA
GEN24_1062731,Agree,NA,NA
GEN24_1062733,Don't know / Not sure,NA,NA
GEN24_1062734,Don't know / Not sure,NA,NA
GEN24_1062736,Agree,NA,NA
GEN24_1062742,Agree,Agree,Agree
GEN24_1062759,Don't know / Not sure,NA,NA
GEN24_1062768,Don't know / Not sure,NA,NA
GEN24_1062776,Agree,Agree,Agree
GEN24_1062782,Agree,NA,NA
GEN24_1062795,Disagree,NA,NA
GEN24_1062796,Agree,NA,NA
GEN24_1062823,Agree,NA,NA
GEN24_1062825,Agree,Agree,Agree
GEN24_1062832,Agree,Agree,Agree
GEN24_1062842,Don't know / Not sure,NA,NA
GEN24_1062848,Agree,NA,NA
GEN24_1062849,Disagree,NA,NA
GEN24_1062850,Disagree,NA,NA
GEN24_1062852,Don't know / Not sure,NA,NA
GEN24_1062855,Don't know / Not sure,NA,NA
GEN24_1062864,Agree,Agree,Agree
GEN24_1062868,Agree,NA,NA
GEN24_1062869,Don't know / Not sure,NA,NA
GEN24_1062871,Disagree,NA,NA
GEN24_1062878,Disagree,NA,NA
GEN24_1062883,Agree,NA,NA
GEN24_1062887,Agree,NA,NA
GEN24_1062888,Agree,Agree,Agree
GEN24_1062895,Disagree,NA,NA
GEN24_1062899,Agree,NA,NA
GEN24_1062907,Disagree,NA,NA
GEN24_1062916,Don't know / Not sure,NA,NA
GEN24_1062926,Agree,NA,NA
GEN24_1062936,Agree,Agree,Agree
GEN24_1062938,Agree,Agree,Agree
GEN24_1062944,Agree,NA,NA
GEN24_1062945,Agree,NA,NA
GEN24_1062955,Agree,Agree,Agree
GEN24_1062956,Don't know / Not sure,NA,NA
GEN24_1062969,Disagree,Agree,Disagree
GEN24_1062972,Agree,NA,Agree
GEN24_1062985,Agree,Agree,Agree
GEN24_1062990,Agree,NA,NA
GEN24_1062992,Disagree,NA,NA
GEN24_1063000,Disagree,NA,NA
GEN24_1063002,Agree,Agree,Agree
GEN24_1063006,Agree,NA,NA
GEN24_1063018,Don't know / Not sure,NA,NA
GEN24_1063019,Agree,Agree,Agree
GEN24_1063020,Disagree,NA,NA
GEN24_1063022,Agree,NA,NA
GEN24_1063031,Agree,Agree,Agree
GEN24_1063038,Disagree,NA,NA
GEN24_1063051,Agree,Disagree,Agree
GEN24_1063091,Agree,NA,NA
GEN24_1063107,Don't know / Not sure,NA,NA
GEN24_1063115,Agree,NA,NA
GEN24_1063117,Agree,Agree,Agree
GEN24_1063127,Agree,NA,NA
GEN24_1063130,Agree,Agree,Agree
GEN24_1063131,Agree,Agree,Agree
GEN24_1063145,Disagree,NA,NA
GEN24_1063147,Don't know / Not sure,NA,NA
GEN24_1063153,Agree,Agree,Agree
GEN24_1063155,Agree,NA,NA
GEN24_1063159,Agree,Agree,Agree
GEN24_1063177,Don't know / Not sure,NA,NA
GEN24_1063183,Agree,NA,Agree
GEN24_1063191,Agree,Agree,Agree
GEN24_1063199,Agree,NA,NA
GEN24_1063200,Agree,Disagree,NA
GEN24_1063205,Disagree,NA,NA
GEN24_1063207,Agree,Agree,Agree
GEN24_1063208,Don't know / Not sure,Agree,Agree
GEN24_1063212,Agree,NA,NA
GEN24_1063225,Don't know / Not sure,NA,NA
GEN24_1063227,Agree,Agree,Agree
GEN24_1063231,Disagree,NA,NA
GEN24_1063232,Don't know / Not sure,NA,NA
GEN24_1063236,Disagree,NA,NA
GEN24_1063238,Disagree,Agree,Agree
GEN24_1063245,Don't know / Not sure,NA,NA
GEN24_1063304,Agree,NA,Agree
GEN24_1063308,Agree,NA,NA
GEN24_1063330,Agree,Agree,Agree
GEN24_1063337,Don't know / Not sure,NA,NA
GEN24_1063341,Disagree,NA,NA
GEN24_1063344,Don't know / Not sure,NA,NA
GEN24_1063346,Agree,NA,NA
GEN24_1063348,Agree,Disagree,Agree
GEN24_1063384,Agree,NA,NA
GEN24_1063404,Disagree,Agree,Agree
GEN24_1063407,Agree,Agree,Agree
GEN24_1063409,Agree,Agree,Agree
GEN24_1063410,Agree,Agree,Agree
GEN24_1063411,Don't know / Not sure,Agree,Agree
GEN24_1063424,Agree,NA,NA
GEN24_1063426,Agree,NA,NA
GEN24_1063428,Agree,NA,NA
GEN24_1063435,Agree,Agree,Agree
GEN24_1063451,Disagree,Agree,Agree
GEN24_1063460,Disagree,NA,NA
GEN24_1063461,Agree,NA,NA
GEN24_1063468,Agree,Agree,Agree
GEN24_1063471,Don't know / Not sure,NA,NA
GEN24_1063480,Disagree,NA,NA
GEN24_1063487,Disagree,Agree,Agree
GEN24_1063496,Agree,Agree,Agree
GEN24_1063498,Agree,Agree,Agree
GEN24_1063511,Agree,Agree,Agree
GEN24_1063517,Don't know / Not sure,NA,NA
GEN24_1063518,Agree,NA,NA
GEN24_1063547,Agree,NA,NA
GEN24_1063554,Agree,NA,NA
GEN24_1063564,Disagree,NA,NA
GEN24_1063569,Agree,NA,NA
GEN24_1063571,Disagree,NA,NA
GEN24_1063572,Disagree,NA,NA
GEN24_1063577,Agree,NA,NA
GEN24_1063585,Agree,Agree,Agree
GEN24_1063597,Agree,Agree,Agree
GEN24_1063601,Agree,NA,NA
GEN24_1063606,Don't know / Not sure,Agree,NA
GEN24_1063609,Don't know / Not sure,NA,NA
GEN24_1063633,Don't know / Not sure,NA,NA
GEN24_1063642,Don't know / Not sure,NA,NA
GEN24_1063661,Agree,NA,NA
GEN24_1063662,Agree,NA,NA
GEN24_1063670,Agree,Agree,Agree
GEN24_1063673,Disagree,NA,NA
GEN24_1063688,Agree,Agree,Agree
GEN24_1063691,Disagree,Agree,Agree
GEN24_1063693,Agree,NA,NA
GEN24_1063695,Disagree,NA,NA
GEN24_1063706,Agree,Agree,Agree
GEN24_1063708,Agree,Agree,Agree
GEN24_1063730,Agree,NA,NA
GEN24_1063735,Disagree,NA,NA
GEN24_1063741,Don't know / Not sure,NA,NA
GEN24_1063753,Don't know / Not sure,NA,NA
GEN24_1063763,Agree,NA,NA
GEN24_1063764,Agree,Agree,Agree
GEN24_1063769,Agree,NA,NA
GEN24_1063770,Agree,Agree,Agree
GEN24_1063773,Agree,NA,NA
GEN24_1063778,Don't know / Not sure,Agree,NA
GEN24_1063780,Disagree,NA,NA
GEN24_1063785,Agree,Agree,Agree
GEN24_1063786,Agree,Agree,Agree
GEN24_1063795,Agree,NA,NA
GEN24_1063804,Agree,Agree,Agree
GEN24_1063816,Agree,NA,NA
GEN24_1063823,Agree,Agree,Agree
GEN24_1063824,Disagree,NA,NA
GEN24_1063829,Agree,NA,NA
GEN24_1063832,Agree,NA,NA
GEN24_1063833,Don't know / Not sure,NA,NA
GEN24_1063845,Don't know / Not sure,Agree,Agree
GEN24_1063846,Agree,Agree,Agree
GEN24_1063853,Agree,NA,NA
GEN24_1063855,Agree,NA,NA
GEN24_1063862,Agree,Agree,Agree
GEN24_1063864,Don't know / Not sure,Agree,Agree
GEN24_1063867,Agree,Agree,Agree
GEN24_1063871,Agree,NA,NA
GEN24_1063872,Agree,Agree,Agree
GEN24_1063874,Disagree,NA,NA
GEN24_1063875,Disagree,Disagree,Agree
GEN24_1063876,Disagree,NA,NA
GEN24_1063877,Disagree,NA,NA
GEN24_1063880,Don't know / Not sure,NA,NA
GEN24_1063891,Don't know / Not sure,NA,NA
GEN24_1063892,Disagree,NA,NA
GEN24_1063900,Disagree,NA,NA
GEN24_1063901,Agree,NA,NA
GEN24_1063908,Agree,Agree,Agree
GEN24_1063910,Agree,Agree,Agree
GEN24_1063916,Agree,Agree,Agree
GEN24_1063930,Don't know / Not sure,NA,NA
GEN24_1063936,Agree,NA,NA
GEN24_1063937,Don't know / Not sure,NA,NA
GEN24_1063967,Agree,NA,NA
GEN24_1063968,Don't know / Not sure,NA,NA
GEN24_1063971,Agree,Agree,Agree
GEN24_1063974,Agree,Agree,Agree
GEN24_1063976,Agree,Agree,NA
GEN24_1063977,Agree,NA,NA
GEN24_1063979,Agree,NA,NA
GEN24_1064006,Don't know / Not sure,NA,NA
GEN24_1064012,Agree,NA,NA
GEN24_1064015,Agree,NA,NA
GEN24_1064023,Don't know / Not sure,Agree,Agree
GEN24_1064025,Don't know / Not sure,NA,NA
GEN24_1064033,Agree,Agree,Agree
GEN24_1064048,Agree,NA,NA
GEN24_1064069,Don't know / Not sure,NA,NA
GEN24_1064074,Agree,Agree,NA
GEN24_1064077,Agree,Agree,Agree
GEN24_1064084,Agree,Agree,Agree
GEN24_1064087,Don't know / Not sure,Agree,NA
GEN24_1064105,Don't know / Not sure,NA,NA
GEN24_1064126,Agree,NA,NA
GEN24_1064127,Disagree,NA,NA
GEN24_1064135,Agree,Agree,Agree
GEN24_1064182,Don't know / Not sure,NA,NA
GEN24_1064196,Agree,NA,NA
GEN24_1064210,Agree,Agree,Agree
GEN24_1064255,Disagree,Agree,Agree
GEN24_1064265,Agree,Disagree,Agree
GEN24_1064266,Don't know / Not sure,NA,NA
GEN24_1064274,Disagree,Agree,Agree
GEN24_1064275,Don't know / Not sure,NA,NA
GEN24_1064285,Agree,Agree,Agree
GEN24_1064304,Agree,Agree,Agree
GEN24_1064306,Don't know / Not sure,NA,NA
GEN24_1064312,Don't know / Not sure,NA,NA
GEN24_1064326,Agree,NA,NA
GEN24_1064327,Don't know / Not sure,NA,NA
GEN24_1064336,Agree,Agree,Agree
GEN24_1064338,Don't know / Not sure,NA,NA
GEN24_1064355,Agree,Disagree,NA
GEN24_1064377,Agree,NA,NA
GEN24_1064392,Agree,Agree,Agree
GEN24_1064393,Agree,Agree,Agree
GEN24_1064394,Don't know / Not sure,NA,NA
GEN24_1064399,Agree,NA,NA
GEN24_1064408,Agree,NA,NA
GEN24_1064418,Disagree,NA,NA
GEN24_1064428,Agree,NA,NA
GEN24_1064430,Don't know / Not sure,Agree,Agree
GEN24_1064433,Don't know / Not sure,NA,NA
GEN24_1064444,Agree,Agree,Agree
GEN24_1064496,Don't know / Not sure,NA,NA
GEN24_1064507,Disagree,NA,NA
GEN24_1064520,Agree,Agree,Agree
GEN24_1064522,Agree,Agree,Agree
GEN24_1064529,Agree,Agree,Agree
GEN24_1064531,Agree,NA,NA
GEN24_1064532,Disagree,NA,NA
GEN24_1064534,Agree,NA,NA
GEN24_1064535,Agree,NA,NA
GEN24_1064536,Don't know / Not sure,NA,NA
GEN24_1064540,Disagree,NA,NA
GEN24_1064543,Agree,Agree,Agree
GEN24_1064544,Agree,Agree,Agree
GEN24_1064559,Don't know / Not sure,Agree,Agree
GEN24_1064567,Agree,Agree,Agree
GEN24_1064573,Agree,NA,NA
GEN24_1064583,Agree,Agree,Agree
GEN24_1064585,Don't know / Not sure,NA,NA
GEN24_1064611,Agree,Agree,Agree
GEN24_1064617,Agree,NA,NA
GEN24_1064666,Agree,NA,NA
GEN24_1064669,Agree,Agree,Agree
GEN24_1064671,Agree,NA,NA
GEN24_1064672,Agree,Agree,Disagree
GEN24_1064727,Agree,Agree,Agree
GEN24_1064732,Agree,NA,NA
GEN24_1064742,Don't know / Not sure,NA,NA
GEN24_1064748,Don't know / Not sure,NA,NA
GEN24_1064754,Agree,NA,NA
GEN24_1064763,Don't know / Not sure,NA,NA
GEN24_1064788,Agree,Disagree,Agree
GEN24_1064796,Disagree,NA,NA
GEN24_1064797,Agree,Agree,Agree
GEN24_1064809,Agree,NA,NA
GEN24_1064831,Don't know / Not sure,NA,NA
GEN24_1064837,Agree,Agree,Agree
GEN24_1064844,Agree,NA,NA
GEN24_1064854,Disagree,NA,NA
GEN24_1064855,Agree,Agree,Agree
GEN24_1064878,Agree,NA,NA
GEN24_1064894,Don't know / Not sure,NA,NA
GEN24_1064902,Agree,NA,Agree
GEN24_1064903,Agree,Agree,Agree
GEN24_1064908,Agree,Agree,Agree
GEN24_1064913,Disagree,NA,NA
GEN24_1064941,Don't know / Not sure,NA,NA
GEN24_1064951,Agree,Agree,Agree
GEN24_1064962,Agree,Agree,Agree
GEN24_1064963,Agree,Agree,Agree
GEN24_1064988,Disagree,NA,NA
GEN24_1064991,Don't know / Not sure,NA,NA
GEN24_1065007,Don't know / Not sure,Agree,Agree
GEN24_1065011,Agree,Agree,Agree
GEN24_1065016,Disagree,NA,NA
GEN24_1065024,Disagree,NA,NA
GEN24_1065038,Agree,NA,NA
GEN24_1065071,Agree,Agree,Agree
GEN24_1065072,Agree,Agree,Agree
GEN24_1065083,Don't know / Not sure,NA,NA
GEN24_1065085,Disagree,NA,NA
GEN24_1065090,Disagree,Agree,Agree
GEN24_1065112,Agree,Agree,Agree
GEN24_1065122,Agree,NA,NA
GEN24_1065123,Agree,NA,NA
GEN24_1065146,Don't know / Not sure,NA,NA
GEN24_1065149,Agree,NA,NA
GEN24_1065152,Don't know / Not sure,NA,NA
GEN24_1065157,Agree,NA,NA
GEN24_1065188,Don't know / Not sure,NA,NA
GEN24_1065196,Agree,NA,NA
GEN24_1065214,Don't know / Not sure,Agree,NA
GEN24_1065216,Agree,Agree,Agree
GEN24_1065220,Agree,Agree,Agree
GEN24_1065226,Don't know / Not sure,NA,NA
GEN24_1065263,Agree,NA,NA
GEN24_1065279,Agree,Agree,Agree
GEN24_1065287,Disagree,NA,NA
GEN24_1065298,Don't know / Not sure,NA,NA
GEN24_1065300,Don't know / Not sure,NA,NA
GEN24_1065307,Agree,Agree,Agree
GEN24_1065324,Agree,Agree,Agree
GEN24_1065325,Agree,Agree,Agree
GEN24_1065330,Agree,NA,NA
GEN24_1065331,Agree,NA,NA
GEN24_1065336,Agree,Agree,Agree
GEN24_1065345,Don't know / Not sure,NA,NA
GEN24_1065361,Agree,NA,NA
GEN24_1065389,Agree,NA,NA
GEN24_1065393,Disagree,Agree,Agree
GEN24_1065421,Agree,Agree,Agree
GEN24_1065433,Don't know / Not sure,NA,NA
GEN24_1065445,Agree,NA,NA
GEN24_1065465,Agree,NA,NA
GEN24_1065512,Don't know / Not sure,NA,NA
GEN24_1065517,Disagree,Agree,Agree
GEN24_1065525,Don't know / Not sure,NA,NA
GEN24_1065526,Agree,Agree,Agree
GEN24_1065527,Agree,Agree,Agree
GEN24_1065539,Disagree,NA,NA
GEN24_1065543,Agree,NA,NA
GEN24_1065547,Don't know / Not sure,NA,NA
GEN24_1065548,Agree,NA,NA
GEN24_1065550,Agree,NA,NA
GEN24_1065579,Disagree,NA,NA
GEN24_1065583,Agree,NA,NA
GEN24_1065592,Agree,NA,NA
GEN24_1065610,Agree,Agree,Agree
GEN24_1065621,Agree,NA,NA
GEN24_1065627,Agree,Agree,Agree
GEN24_1065632,Agree,NA,NA
GEN24_1065643,Agree,Agree,Agree
GEN24_1065648,Agree,NA,NA
GEN24_1065677,Don't know / Not sure,NA,NA
GEN24_1065679,Disagree,NA,NA
GEN24_1065680,Agree,NA,NA
GEN24_1065689,Disagree,NA,NA
GEN24_1065728,Agree,Agree,Agree
GEN24_1065733,Don't know / Not sure,NA,NA
GEN24_1065749,Disagree,NA,NA
GEN24_1065753,Agree,NA,NA
GEN24_1065754,Agree,NA,NA
GEN24_1065769,Don't know / Not sure,NA,NA
GEN24_1065781,Agree,Agree,Agree
GEN24_1065786,Disagree,NA,NA
GEN24_1065808,Don't know / Not sure,NA,NA
GEN24_1065813,Agree,Agree,Agree
GEN24_1065858,Agree,NA,NA
GEN24_1065861,Don't know / Not sure,NA,Agree
GEN24_1065876,Agree,NA,NA
GEN24_1065904,Agree,NA,NA
GEN24_1065910,Agree,NA,NA
GEN24_1065935,Agree,NA,NA
GEN24_1065936,Don't know / Not sure,Agree,Agree
GEN24_1065940,Disagree,Agree,Agree
GEN24_1065950,Agree,NA,NA
GEN24_1065963,Agree,Agree,Agree
GEN24_1065966,Disagree,NA,NA
GEN24_1065978,Agree,NA,NA
GEN24_1065980,Agree,Agree,Agree
GEN24_1065982,Agree,Agree,Agree
GEN24_1065984,Agree,NA,NA
GEN24_1065987,Disagree,NA,NA
GEN24_1065989,Don't know / Not sure,NA,NA
GEN24_1065996,Don't know / Not sure,NA,NA
GEN24_1065999,Agree,NA,NA
GEN24_1066025,Agree,NA,NA
GEN24_1066027,Agree,Agree,Agree
GEN24_1066028,Agree,NA,NA
GEN24_1066034,Agree,NA,NA
GEN24_1066049,Agree,Agree,Agree
GEN24_1066067,Agree,Agree,Agree
GEN24_1066079,Agree,Disagree,Agree
GEN24_1066085,Agree,NA,NA
GEN24_1066087,Agree,Agree,Agree
GEN24_1066090,Agree,Agree,Agree
GEN24_1066095,Don't know / Not sure,NA,NA
GEN24_1066115,Agree,NA,NA
GEN24_1066122,Agree,Agree,Agree
GEN24_1066127,Disagree,NA,NA
GEN24_1066167,Don't know / Not sure,NA,NA
GEN24_1066168,Agree,NA,NA
GEN24_1066173,Disagree,NA,NA
GEN24_1066183,Disagree,NA,NA
GEN24_1066184,Don't know / Not sure,NA,NA
GEN24_1066186,Don't know / Not sure,NA,NA
GEN24_1066188,Disagree,NA,NA
GEN24_1066190,Don't know / Not sure,NA,NA
GEN24_1066192,Disagree,NA,NA
GEN24_1066196,Agree,Agree,Agree
GEN24_1066198,Disagree,Agree,Agree
GEN24_1066209,Don't know / Not sure,NA,NA
GEN24_1066210,Agree,Agree,Agree
GEN24_1066211,Agree,Agree,Agree
GEN24_1066214,Agree,Agree,Agree
GEN24_1066215,Agree,NA,NA
GEN24_1066237,Agree,Agree,Agree
GEN24_1066267,Agree,NA,NA
GEN24_1066272,Don't know / Not sure,NA,NA
GEN24_1066286,Agree,Agree,Agree
GEN24_1066287,Disagree,NA,NA
GEN24_1066292,Agree,Agree,Agree
GEN24_1066293,Agree,Agree,Agree
GEN24_1066308,Don't know / Not sure,NA,NA
GEN24_1066309,Agree,NA,NA
GEN24_1066319,Agree,Agree,Agree
GEN24_1066327,Agree,NA,NA
GEN24_1066339,Disagree,NA,NA
GEN24_1066361,Don't know / Not sure,Agree,Agree
GEN24_1066368,Agree,Agree,Agree
GEN24_1066388,Agree,NA,NA
GEN24_1066391,Agree,Agree,Agree
GEN24_1066405,Agree,Agree,Agree
GEN24_1066407,Disagree,NA,NA
GEN24_1066413,Agree,Agree,Agree
GEN24_1066414,Agree,NA,NA
GEN24_1066421,Agree,Agree,Agree
GEN24_1066422,Agree,Agree,Disagree
GEN24_1066425,Agree,Agree,Agree
GEN24_1066437,Agree,Agree,Agree
GEN24_1066443,Agree,NA,NA
GEN24_1066461,Agree,Agree,Agree
GEN24_1066465,Agree,NA,Agree
GEN24_1066466,Agree,Agree,Agree
GEN24_1066486,Agree,Agree,Agree
GEN24_1066489,Agree,Agree,Agree
GEN24_1066491,Disagree,Agree,Agree
GEN24_1066498,Agree,NA,NA
GEN24_1066509,Don't know / Not sure,NA,NA
GEN24_1066519,Disagree,NA,NA
GEN24_1066535,Agree,NA,NA
GEN24_1066556,Agree,Agree,Agree
GEN24_1066586,Agree,Agree,Agree
GEN24_1066598,Don't know / Not sure,NA,NA
GEN24_1066603,Agree,Agree,NA
GEN24_1066608,Disagree,Disagree,Disagree
GEN24_1066617,Disagree,NA,NA
GEN24_1066619,Don't know / Not sure,NA,NA
GEN24_1066621,Don't know / Not sure,NA,NA
GEN24_1066663,Agree,NA,NA
GEN24_1066665,Agree,NA,NA
GEN24_1066698,Agree,NA,NA
GEN24_1066699,Agree,Agree,Agree
GEN24_1066702,Agree,NA,NA
GEN24_1066704,Agree,NA,NA
GEN24_1066725,Disagree,Agree,Agree
GEN24_1066728,Agree,NA,NA
GEN24_1066732,Disagree,NA,NA
GEN24_1066742,Disagree,NA,NA
GEN24_1066747,Don't know / Not sure,Agree,Agree
GEN24_1066749,Don't know / Not sure,NA,NA
GEN24_1066753,Agree,NA,NA
GEN24_1066756,Agree,Agree,Agree
GEN24_1066776,Agree,Agree,Agree
GEN24_1066797,Agree,NA,NA
GEN24_1066800,Agree,NA,NA
GEN24_1066805,Agree,Agree,Agree
GEN24_1066807,Agree,Agree,Agree
GEN24_1066817,Agree,NA,NA
GEN24_1066818,Agree,NA,NA
GEN24_1066824,Agree,Agree,Agree
GEN24_1066827,Agree,Agree,Agree
GEN24_1066835,Don't know / Not sure,NA,NA
GEN24_1066861,Don't know / Not sure,NA,NA
GEN24_1066863,Agree,Agree,Agree
GEN24_1066869,Agree,Agree,Agree
GEN24_1066873,Agree,Agree,Agree
GEN24_1066887,Agree,Agree,Agree
GEN24_1066894,Agree,Agree,Agree
GEN24_1066898,Agree,Agree,Agree
GEN24_1066901,Agree,Agree,Agree
GEN24_1066933,Don't know / Not sure,Agree,Agree
GEN24_1066946,Agree,Agree,Agree
GEN24_1066953,Agree,NA,NA
GEN24_1066957,Agree,NA,NA
GEN24_1066958,Disagree,NA,NA
GEN24_1066961,Disagree,NA,NA
GEN24_1066967,Don't know / Not sure,NA,NA
GEN24_1066980,Agree,Agree,Agree
GEN24_1066981,Agree,Agree,Agree
GEN24_1066987,Agree,Agree,Agree
GEN24_1067012,Disagree,NA,NA
GEN24_1067015,Don't know / Not sure,NA,NA
GEN24_1067018,Agree,Agree,Agree
GEN24_1067023,Don't know / Not sure,Agree,Agree
GEN24_1067025,Agree,NA,NA
GEN24_1067034,Disagree,NA,NA
GEN24_1067050,Agree,NA,NA
GEN24_1067059,Don't know / Not sure,Agree,Agree
GEN24_1067063,Don't know / Not sure,NA,NA
GEN24_1067066,Agree,NA,NA
GEN24_1067074,Don't know / Not sure,Agree,Agree
GEN24_1067081,Agree,Agree,Agree
GEN24_1067088,Don't know / Not sure,NA,NA
GEN24_1067091,Agree,Agree,Agree
GEN24_1067094,Agree,Agree,Agree
GEN24_1067111,Agree,Agree,Agree
GEN24_1067115,Agree,Agree,Agree
GEN24_1067133,Agree,NA,NA
GEN24_1067134,Don't know / Not sure,Disagree,NA
GEN24_1067137,Agree,Agree,Agree
GEN24_1067156,Agree,NA,NA
GEN24_1067157,Don't know / Not sure,NA,NA
GEN24_1067171,Don't know / Not sure,NA,NA
GEN24_1067177,Disagree,NA,NA
GEN24_1067181,Don't know / Not sure,NA,NA
GEN24_1067198,Agree,Agree,Agree
GEN24_1067209,Agree,NA,NA
GEN24_1067215,Don't know / Not sure,NA,NA
GEN24_1067217,Disagree,NA,NA
GEN24_1067230,Agree,Agree,Agree
GEN24_1067233,Agree,NA,NA
GEN24_1067236,Agree,Agree,Agree
GEN24_1067257,Agree,Agree,Agree
GEN24_1067263,Agree,Agree,Agree
GEN24_1067272,Agree,NA,NA
GEN24_1067284,Agree,Agree,Agree
GEN24_1067286,Agree,Agree,Agree
GEN24_1067290,Agree,Agree,Agree
GEN24_1067295,Agree,NA,NA
GEN24_1067297,Agree,NA,Agree
GEN24_1067298,Don't know / Not sure,NA,NA
GEN24_1067299,Don't know / Not sure,NA,NA
GEN24_1067302,Disagree,NA,NA
GEN24_1067304,Agree,NA,NA
GEN24_1067312,Disagree,NA,NA
GEN24_1067317,Agree,NA,NA
GEN24_1067323,Don't know / Not sure,NA,NA
GEN24_1067335,Agree,NA,NA
GEN24_1067341,Agree,NA,NA
GEN24_1067392,Agree,Agree,Agree
GEN24_1067408,Disagree,Disagree,Disagree
GEN24_1067412,Agree,NA,NA
GEN24_1067415,Disagree,NA,NA
GEN24_1067419,Don't know / Not sure,Agree,NA
GEN24_1067424,Don't know / Not sure,NA,NA
GEN24_1067425,Agree,NA,NA
GEN24_1067426,Don't know / Not sure,NA,NA
GEN24_1067437,Agree,Agree,Agree
GEN24_1067438,Disagree,Agree,Agree
GEN24_1067446,Agree,Agree,Agree
GEN24_1067456,Agree,NA,NA
GEN24_1067457,Don't know / Not sure,Agree,Agree
GEN24_1067460,Disagree,NA,NA
GEN24_1067479,Agree,Agree,Agree
GEN24_1067485,Don't know / Not sure,NA,NA
GEN24_1067495,Agree,Agree,Agree
GEN24_1067498,Agree,Agree,Agree
GEN24_1067512,Agree,NA,NA
GEN24_1067521,Agree,Agree,Agree
GEN24_1067531,Agree,Agree,Agree
GEN24_1067535,Don't know / Not sure,NA,NA
GEN24_1067538,Disagree,Agree,Agree
GEN24_1067540,Disagree,NA,NA
GEN24_1067546,Agree,NA,NA
GEN24_1067561,Don't know / Not sure,Agree,Disagree
GEN24_1067565,Agree,NA,NA
GEN24_1067568,Agree,NA,NA
GEN24_1067587,Agree,NA,NA
GEN24_1067595,Don't know / Not sure,NA,NA
GEN24_1067596,Disagree,NA,NA
GEN24_1067605,Agree,NA,Agree
GEN24_1067629,Agree,Disagree,Disagree
GEN24_1067643,Agree,NA,NA
GEN24_1067646,Don't know / Not sure,NA,NA
GEN24_1067655,Disagree,NA,NA
GEN24_1067689,Agree,NA,NA
GEN24_1067716,Disagree,NA,NA
GEN24_1067719,Agree,NA,NA
GEN24_1067728,Agree,NA,NA
GEN24_1067738,Agree,NA,NA
GEN24_1067742,Agree,NA,NA
GEN24_1067744,Agree,NA,NA
GEN24_1067764,Disagree,NA,NA
GEN24_1067771,Agree,NA,NA
GEN24_1067772,Disagree,NA,NA
GEN24_1067776,Don't know / Not sure,NA,NA
GEN24_1067782,Agree,NA,NA
GEN24_1067797,Don't know / Not sure,NA,NA
GEN24_1067803,Agree,Agree,Agree
GEN24_1067804,Agree,NA,NA
GEN24_1067818,Agree,NA,NA
GEN24_1067821,Don't know / Not sure,Agree,Agree
GEN24_1067822,Agree,Agree,Agree
GEN24_1067824,Don't know / Not sure,NA,NA
GEN24_1067825,Don't know / Not sure,NA,NA
GEN24_1067826,Disagree,Disagree,Disagree
GEN24_1067828,Agree,NA,NA
GEN24_1067830,Disagree,NA,Agree
GEN24_1067831,Don't know / Not sure,NA,NA
GEN24_1067834,Agree,NA,NA
GEN24_1067835,Disagree,NA,NA
GEN24_1067836,Agree,NA,NA
GEN24_1067841,Don't know / Not sure,NA,NA
GEN24_1067844,Agree,NA,NA
GEN24_1067845,Agree,Agree,Agree
GEN24_1067853,Agree,NA,NA
GEN24_1067859,Disagree,NA,NA
GEN24_1067860,Agree,NA,NA
GEN24_1067869,Don't know / Not sure,NA,NA
GEN24_1067873,Agree,NA,NA
GEN24_1067890,Agree,NA,NA
GEN24_1067904,Agree,NA,NA
GEN24_1067907,Agree,NA,NA
GEN24_1067910,Agree,NA,NA
GEN24_1067918,Disagree,Agree,Agree
GEN24_1067925,Agree,Agree,Agree
GEN24_1067926,Agree,Agree,Agree
GEN24_1067929,Agree,NA,NA
GEN24_1067943,Agree,Agree,Agree
GEN24_1067948,Don't know / Not sure,Agree,Agree
GEN24_1067958,Disagree,NA,NA
GEN24_1067968,Disagree,NA,NA
GEN24_1067969,Agree,NA,NA
GEN24_1067972,Disagree,NA,NA
GEN24_1067982,Disagree,NA,NA
GEN24_1067993,Agree,NA,NA
GEN24_1067998,Disagree,Disagree,Agree
GEN24_1068025,Don't know / Not sure,NA,NA
GEN24_1068032,Disagree,NA,NA
GEN24_1068056,Agree,Agree,Agree
GEN24_1068057,Agree,Disagree,Agree
GEN24_1068072,Agree,Agree,Agree
GEN24_1068077,Don't know / Not sure,NA,Agree
GEN24_1068079,Agree,NA,NA
GEN24_1068080,Agree,Agree,Agree
GEN24_1068092,Agree,Disagree,Disagree
GEN24_1068096,Don't know / Not sure,NA,NA
GEN24_1068099,Agree,Agree,Agree
GEN24_1068104,Agree,NA,NA
GEN24_1068130,Agree,Agree,Agree
GEN24_1068136,Agree,Agree,Agree
GEN24_1068142,Agree,Agree,Agree
GEN24_1068163,Agree,NA,NA
GEN24_1068164,Disagree,NA,NA
GEN24_1068170,Agree,NA,NA
GEN24_1068173,Don't know / Not sure,NA,NA
GEN24_1068192,Disagree,NA,NA
GEN24_1068193,Agree,NA,NA
GEN24_1068216,Agree,NA,NA
GEN24_1068222,Agree,NA,NA
GEN24_1068224,Agree,NA,NA
GEN24_1068225,Agree,Agree,Agree
GEN24_1068243,Agree,NA,NA
GEN24_1068261,Agree,NA,NA
GEN24_1068277,Don't know / Not sure,NA,NA
GEN24_1068281,Agree,NA,NA
GEN24_1068285,Disagree,NA,NA
GEN24_1068286,Agree,NA,NA
GEN24_1068299,Agree,NA,NA
GEN24_1068301,Agree,Agree,Agree
GEN24_1068308,Agree,NA,NA
GEN24_1068310,Agree,NA,NA
GEN24_1068318,Agree,NA,NA
GEN24_1068321,Agree,Agree,Agree
GEN24_1068323,Don't know / Not sure,NA,NA
GEN24_1068324,Agree,Agree,Agree
GEN24_1068340,Disagree,NA,NA
GEN24_1068350,Don't know / Not sure,NA,NA
GEN24_1068362,Disagree,NA,NA
GEN24_1068374,Agree,Agree,Agree
GEN24_1068383,Agree,Agree,Disagree
GEN24_1068384,Don't know / Not sure,Agree,Disagree
GEN24_1068400,Don't know / Not sure,NA,NA
GEN24_1068410,Agree,NA,NA
GEN24_1068418,Agree,Agree,Agree
GEN24_1068434,Agree,Agree,Agree
GEN24_1068443,Agree,NA,NA
GEN24_1068463,Don't know / Not sure,NA,NA
GEN24_1068483,Agree,NA,NA
GEN24_1068485,Agree,Agree,Agree
GEN24_1068496,Agree,Agree,Agree
GEN24_1068498,Agree,NA,NA
GEN24_1068499,Disagree,NA,Agree
GEN24_1068501,Agree,Agree,NA
GEN24_1068503,Agree,Agree,Agree
GEN24_1068508,Agree,NA,Agree
GEN24_1068521,Agree,Agree,Agree
GEN24_1068525,Don't know / Not sure,Agree,Agree
GEN24_1068554,Agree,Agree,Agree
GEN24_1068557,Don't know / Not sure,Agree,NA
GEN24_1068571,Disagree,Agree,Agree
GEN24_1068579,Agree,Agree,Agree
GEN24_1068595,Don't know / Not sure,NA,NA
GEN24_1068599,Disagree,NA,NA
GEN24_1068602,Agree,NA,NA
GEN24_1068604,Agree,NA,NA
GEN24_1068608,Agree,NA,NA
GEN24_1068609,Agree,Agree,Agree
GEN24_1068615,Agree,Agree,Agree
GEN24_1068620,Agree,NA,NA
GEN24_1068622,Agree,NA,NA
GEN24_1068629,Disagree,NA,NA
GEN24_1068631,Disagree,NA,NA
GEN24_1068656,Agree,Agree,Agree
GEN24_1068658,Agree,Agree,NA
GEN24_1068661,Agree,Agree,Agree
GEN24_1068663,Don't know / Not sure,NA,NA
GEN24_1068664,Agree,NA,NA
GEN24_1068665,Don't know / Not sure,Agree,Agree
GEN24_1068675,Don't know / Not sure,NA,NA
GEN24_1068681,Agree,Agree,Agree
GEN24_1068683,Agree,NA,NA
GEN24_1068692,Don't know / Not sure,Agree,Agree
GEN24_1068703,Agree,NA,NA
GEN24_1068706,Don't know / Not sure,NA,NA
GEN24_1068724,Agree,NA,NA
GEN24_1068725,Disagree,NA,NA
GEN24_1068743,Don't know / Not sure,Agree,Agree
GEN24_1068757,Agree,NA,NA
GEN24_1068776,Don't know / Not sure,NA,NA
GEN24_1068777,Agree,NA,NA
GEN24_1068780,Agree,NA,NA
GEN24_1068784,Agree,NA,NA
GEN24_1068791,Agree,NA,NA
GEN24_1068792,Don't know / Not sure,NA,NA
GEN24_1068794,Agree,NA,NA
GEN24_1068809,Agree,NA,Disagree
GEN24_1068829,Agree,NA,NA
GEN24_1068835,Agree,NA,NA
GEN24_1068852,Agree,NA,NA
GEN24_1068865,Agree,NA,NA
GEN24_1068876,Agree,Agree,Agree
GEN24_1068878,Agree,Agree,Agree
GEN24_1068888,Agree,NA,NA
GEN24_1068890,Agree,NA,NA
GEN24_1068897,Agree,NA,NA
GEN24_1068905,Don't know / Not sure,NA,NA
GEN24_1068912,Agree,Agree,Agree
GEN24_1068917,Agree,Agree,Agree
GEN24_1068927,Agree,NA,NA
GEN24_1068928,Agree,Agree,Agree
GEN24_1068933,Disagree,Disagree,NA
GEN24_1068946,Don't know / Not sure,NA,NA
GEN24_1068952,Agree,NA,NA
GEN24_1068965,Agree,NA,NA
GEN24_1068967,Disagree,NA,NA
GEN24_1068969,Don't know / Not sure,NA,NA
GEN24_1068976,Agree,NA,NA
GEN24_1068979,Don't know / Not sure,NA,NA
GEN24_1068982,Don't know / Not sure,Agree,Agree
GEN24_1068989,Agree,NA,NA
GEN24_1068991,Agree,NA,NA
GEN24_1069004,Agree,NA,NA
GEN24_1069008,Don't know / Not sure,NA,NA
GEN24_1069010,Agree,NA,NA
GEN24_1069020,Don't know / Not sure,NA,Agree
GEN24_1069022,Agree,Agree,Agree
GEN24_1069042,Agree,NA,NA
GEN24_1069071,Don't know / Not sure,NA,NA
GEN24_1069073,Don't know / Not sure,NA,NA
GEN24_1069089,Don't know / Not sure,Agree,Agree
GEN24_1069093,Disagree,Agree,Agree
GEN24_1069095,Disagree,NA,NA
GEN24_1069105,Agree,Agree,Agree
GEN24_1069106,Agree,Agree,Agree
GEN24_1069113,Agree,Agree,Agree
GEN24_1069115,Agree,NA,NA
GEN24_1069133,Disagree,NA,NA
GEN24_1069136,Disagree,Agree,Agree
GEN24_1069141,Don't know / Not sure,NA,NA
GEN24_1069154,Agree,NA,Agree
GEN24_1069163,Disagree,NA,NA
GEN24_1069184,Agree,NA,NA
GEN24_1069185,Agree,Agree,Agree
GEN24_1069191,Agree,NA,Agree
GEN24_1069194,Agree,NA,NA
GEN24_1069195,Agree,NA,NA
GEN24_1069201,Disagree,NA,NA
GEN24_1069207,Agree,NA,Agree
GEN24_1069217,Agree,Agree,Agree
GEN24_1069229,Disagree,NA,NA
GEN24_1069259,Agree,Agree,Agree
GEN24_1069265,Agree,NA,NA
GEN24_1069269,Don't know / Not sure,NA,NA
GEN24_1069277,Agree,NA,NA
GEN24_1069278,Agree,NA,NA
GEN24_1069284,Agree,NA,NA
GEN24_1069307,Agree,Agree,Agree
GEN24_1069313,Agree,NA,NA
GEN24_1069324,Agree,NA,NA
GEN24_1069325,Disagree,NA,NA
GEN24_1069339,Disagree,NA,NA
GEN24_1069346,Disagree,Agree,Agree
GEN24_1069350,Don't know / Not sure,NA,NA
GEN24_1069356,Agree,NA,NA
GEN24_1069370,Disagree,NA,NA
GEN24_1069376,Agree,NA,NA
GEN24_1069389,Don't know / Not sure,NA,NA
GEN24_1069394,Agree,Disagree,Disagree
GEN24_1069395,Agree,Agree,Agree
GEN24_1069420,Disagree,NA,NA
GEN24_1069428,Agree,Agree,Agree
GEN24_1069432,Agree,NA,NA
GEN24_1069435,Agree,NA,Agree
GEN24_1069445,Agree,Agree,Agree
GEN24_1069472,Disagree,Agree,Agree
GEN24_1069485,Agree,Agree,Agree
GEN24_1069495,Disagree,NA,NA
GEN24_1069498,Don't know / Not sure,NA,NA
GEN24_1069530,Agree,NA,NA
GEN24_1069534,Don't know / Not sure,NA,NA
GEN24_1069535,Don't know / Not sure,NA,NA
GEN24_1069540,Disagree,NA,NA
GEN24_1069548,Agree,Agree,Agree
GEN24_1069556,Don't know / Not sure,Agree,Agree
GEN24_1069557,Agree,NA,NA
GEN24_1069565,Don't know / Not sure,Agree,Agree
GEN24_1069582,Agree,NA,NA
GEN24_1069597,Agree,NA,NA
GEN24_1069601,Agree,NA,NA
GEN24_1069615,Disagree,NA,NA
GEN24_1069624,Don't know / Not sure,Agree,Agree
GEN24_1069631,Don't know / Not sure,NA,NA
GEN24_1069640,Agree,Agree,Agree
GEN24_1069646,Agree,NA,NA
GEN24_1069658,Agree,Agree,Agree
GEN24_1069663,Don't know / Not sure,NA,NA
GEN24_1069666,Agree,Agree,Agree
GEN24_1069687,Agree,NA,NA
GEN24_1069699,Don't know / Not sure,NA,NA
GEN24_1069702,Agree,Agree,Agree
GEN24_1069703,Disagree,Disagree,Agree
GEN24_1069705,Disagree,NA,NA
GEN24_1069716,Disagree,NA,NA
GEN24_1069717,Don't know / Not sure,NA,NA
GEN24_1069725,Don't know / Not sure,NA,NA
GEN24_1069726,Agree,Agree,Agree
GEN24_1069727,Agree,NA,NA
GEN24_1069738,Don't know / Not sure,NA,NA
GEN24_1069739,Agree,Agree,Agree
GEN24_1069744,Agree,Agree,Agree
GEN24_1069757,Disagree,NA,NA
GEN24_1069760,Agree,NA,NA
GEN24_1069770,Disagree,NA,NA
GEN24_1069777,Don't know / Not sure,NA,NA
GEN24_1069779,Agree,NA,Agree
GEN24_1069781,Don't know / Not sure,Agree,Agree
GEN24_1069785,Agree,NA,NA
GEN24_1069791,Agree,NA,NA
GEN24_1069799,Disagree,NA,NA
GEN24_1069815,Don't know / Not sure,NA,NA
GEN24_1069820,Disagree,Agree,Agree
GEN24_1069837,Agree,NA,NA
GEN24_1069843,Don't know / Not sure,NA,NA
GEN24_1069846,Agree,NA,NA
GEN24_1069854,Agree,Agree,Agree
GEN24_1069855,Agree,Agree,Agree
GEN24_1069860,Don't know / Not sure,NA,NA
GEN24_1069862,Agree,Agree,Agree
GEN24_1069866,Disagree,Agree,Agree
GEN24_1069869,Agree,NA,NA
GEN24_1069870,Agree,NA,NA
GEN24_1069874,Agree,Agree,Agree
GEN24_1069883,Don't know / Not sure,Agree,NA
GEN24_1069890,Agree,NA,NA
GEN24_1069892,Agree,Agree,Agree
GEN24_1069896,Disagree,NA,NA
GEN24_1069902,Don't know / Not sure,NA,NA
GEN24_1069907,Agree,Agree,Agree
GEN24_1069911,Agree,Agree,Agree
GEN24_1069924,Agree,Agree,Agree
GEN24_1069927,Agree,Agree,Agree
GEN24_1069936,Don't know / Not sure,Agree,Agree
GEN24_1069970,Agree,NA,NA
GEN24_1069977,Don't know / Not sure,NA,NA
GEN24_1069979,Disagree,NA,NA
GEN24_1069983,Agree,Agree,Agree
GEN24_1069985,Disagree,NA,NA
GEN24_1069989,Agree,NA,NA
GEN24_1069990,Disagree,NA,NA
GEN24_1069991,Agree,Agree,Agree
GEN24_1069994,Agree,Agree,Agree
GEN24_1069996,Agree,Agree,Agree
GEN24_1070008,Don't know / Not sure,NA,NA
GEN24_1070013,Don't know / Not sure,Agree,Agree
GEN24_1070034,Disagree,NA,NA
GEN24_1070036,Agree,Agree,Agree
GEN24_1070041,Agree,NA,NA
GEN24_1070045,Agree,NA,NA
GEN24_1070046,Agree,Agree,Agree
GEN24_1070047,Agree,Agree,Agree
GEN24_1070048,Disagree,NA,NA
GEN24_1070049,Disagree,NA,NA
GEN24_1070051,Agree,NA,Agree
GEN24_1070056,Don't know / Not sure,NA,NA
GEN24_1070059,Agree,Agree,Agree
GEN24_1070061,Disagree,Agree,NA
GEN24_1070068,Agree,NA,NA
GEN24_1070073,Agree,Agree,Agree
GEN24_1070076,Agree,Agree,Agree
GEN24_1070077,Agree,NA,NA
GEN24_1070079,Agree,Agree,Agree
GEN24_1070088,Disagree,Agree,Agree
GEN24_1070092,Agree,NA,NA
GEN24_1070096,Don't know / Not sure,NA,NA
GEN24_1070100,Agree,Agree,Agree
GEN24_1070102,Don't know / Not sure,NA,NA
GEN24_1070108,Don't know / Not sure,NA,NA
GEN24_1070124,Don't know / Not sure,NA,NA
GEN24_1070125,Don't know / Not sure,Agree,Agree
GEN24_1070128,Agree,Agree,Agree
GEN24_1070129,Agree,NA,NA
GEN24_1070136,Agree,NA,NA
GEN24_1070138,Disagree,NA,NA
GEN24_1070139,Agree,NA,NA
GEN24_1070144,Agree,NA,NA
GEN24_1070148,Agree,NA,NA
GEN24_1070149,Agree,NA,NA
GEN24_1070151,Don't know / Not sure,NA,NA
GEN24_1070161,Agree,Agree,Agree
GEN24_1070177,Agree,NA,NA
GEN24_1070178,Agree,NA,NA
GEN24_1070187,Agree,Agree,Agree
GEN24_1070191,Don't know / Not sure,NA,NA
GEN24_1070205,Agree,NA,NA
GEN24_1070208,Don't know / Not sure,NA,NA
GEN24_1070209,Disagree,Agree,Agree
GEN24_1070220,Agree,NA,NA
GEN24_1070230,Agree,NA,NA
GEN24_1070249,Don't know / Not sure,NA,NA
GEN24_1070250,Agree,NA,NA
GEN24_1070252,Agree,Agree,Agree
GEN24_1070254,Disagree,NA,NA
GEN24_1070257,Agree,Agree,Agree
GEN24_1070264,Agree,NA,NA
GEN24_1070269,Agree,NA,NA
GEN24_1070274,Agree,NA,NA
GEN24_1070282,Agree,NA,NA
GEN24_1070291,Agree,Agree,Agree
GEN24_1070292,Disagree,Agree,Agree
GEN24_1070295,Don't know / Not sure,NA,NA
GEN24_1070298,Agree,Agree,Agree
GEN24_1070299,Agree,NA,NA
GEN24_1070301,Disagree,NA,NA
GEN24_1070310,Agree,NA,NA
GEN24_1070311,Don't know / Not sure,Agree,Agree
GEN24_1070312,Don't know / Not sure,NA,NA
GEN24_1070313,Agree,NA,NA
GEN24_1070322,Agree,Agree,Agree
GEN24_1070332,Agree,NA,NA
GEN24_1070336,Agree,NA,NA
GEN24_1070354,Agree,Agree,Agree
GEN24_1070360,Don't know / Not sure,Agree,Agree
GEN24_1070366,Agree,Agree,Agree
GEN24_1070368,Disagree,NA,NA
GEN24_1070370,Agree,NA,NA
GEN24_1070375,Agree,NA,NA
GEN24_1070385,Don't know / Not sure,NA,NA
GEN24_1070395,Don't know / Not sure,Agree,Agree
GEN24_1070406,Don't know / Not sure,NA,NA
GEN24_1070409,Agree,NA,NA
GEN24_1070426,Agree,NA,NA
GEN24_1070430,Disagree,NA,NA
GEN24_1070436,Disagree,Agree,Agree
GEN24_1070443,Agree,NA,NA
GEN24_1070449,Don't know / Not sure,NA,NA
GEN24_1070456,Agree,Agree,Agree
GEN24_1070480,Agree,NA,NA
GEN24_1070487,Agree,Agree,Agree
GEN24_1070489,Agree,Disagree,NA
GEN24_1070493,Don't know / Not sure,NA,NA
GEN24_1070509,Disagree,NA,NA
GEN24_1070517,Agree,NA,NA
GEN24_1070518,Agree,NA,NA
GEN24_1070529,Disagree,NA,NA
GEN24_1070547,Agree,NA,NA
GEN24_1070549,Agree,NA,NA
GEN24_1070551,Agree,Agree,Agree
GEN24_1070553,Agree,NA,NA
GEN24_1070557,Don't know / Not sure,NA,NA
GEN24_1070559,Don't know / Not sure,NA,NA
GEN24_1070565,Agree,Agree,Agree
GEN24_1070569,Agree,Agree,Agree
GEN24_1070574,Agree,NA,NA
GEN24_1070586,Agree,NA,NA
GEN24_1070591,Agree,Agree,Agree
GEN24_1070594,Disagree,NA,NA
GEN24_1070597,Agree,NA,NA
GEN24_1070601,Disagree,NA,NA
GEN24_1070612,Agree,Agree,Agree
GEN24_1070615,Agree,Agree,Agree
GEN24_1070617,Don't know / Not sure,NA,NA
GEN24_1070618,Agree,NA,NA
GEN24_1070619,Disagree,Agree,Agree
GEN24_1070631,Agree,Agree,Agree
GEN24_1070632,Don't know / Not sure,NA,NA
GEN24_1070639,Agree,NA,NA
GEN24_1070645,Agree,NA,NA
GEN24_1070646,Disagree,NA,NA
GEN24_1070662,Agree,NA,NA
GEN24_1070668,Agree,Agree,Agree
GEN24_1070673,Agree,NA,Agree
GEN24_1070674,Agree,NA,Agree
GEN24_1070677,Disagree,NA,NA
GEN24_1070689,Don't know / Not sure,NA,NA
GEN24_1070690,Disagree,NA,NA
GEN24_1070715,Agree,NA,NA
GEN24_1070724,Don't know / Not sure,Agree,Agree
GEN24_1070727,Agree,Agree,Agree
GEN24_1070731,Agree,Disagree,Disagree
GEN24_1070737,Agree,NA,NA
GEN24_1070747,Don't know / Not sure,Agree,Agree
GEN24_1070752,Don't know / Not sure,NA,NA
GEN24_1070753,Don't know / Not sure,NA,NA
GEN24_1070755,Agree,NA,NA
GEN24_1070759,Agree,NA,NA
GEN24_1070762,Disagree,NA,NA
GEN24_1070765,Agree,Agree,Agree
GEN24_1070769,Agree,Agree,Agree
GEN24_1070785,Agree,NA,NA
GEN24_1070792,Don't know / Not sure,NA,NA
GEN24_1070794,Disagree,NA,NA
GEN24_1070795,Agree,NA,NA
GEN24_1070796,Disagree,NA,NA
GEN24_1070799,Agree,Agree,Agree
GEN24_1070800,Disagree,NA,NA
GEN24_1070801,Don't know / Not sure,NA,NA
GEN24_1070820,Don't know / Not sure,NA,NA
GEN24_1070828,Don't know / Not sure,NA,NA
GEN24_1070832,Agree,NA,NA
GEN24_1070842,Agree,NA,NA
GEN24_1070843,Agree,NA,NA
GEN24_1070851,Agree,NA,NA
GEN24_1070861,Agree,NA,NA
GEN24_1070874,Agree,NA,NA
GEN24_1070884,Don't know / Not sure,NA,NA
GEN24_1070894,Disagree,NA,NA
GEN24_1070897,Agree,Agree,Agree
GEN24_1070905,Don't know / Not sure,NA,NA
GEN24_1070911,Don't know / Not sure,NA,NA
GEN24_1070920,Agree,Agree,Agree
GEN24_1070924,Agree,NA,NA
GEN24_1070940,Agree,NA,NA
GEN24_1070943,Don't know / Not sure,Agree,Agree
GEN24_1070946,Agree,Agree,Agree
GEN24_1070957,Disagree,NA,NA
GEN24_1070960,Disagree,NA,NA
GEN24_1070965,Agree,NA,NA
GEN24_1070970,Agree,NA,NA
GEN24_1070983,Disagree,Disagree,Agree
GEN24_1070992,Agree,NA,NA
GEN24_1070999,Agree,NA,NA
GEN24_1071002,Don't know / Not sure,Agree,Agree
GEN24_1071006,Disagree,Agree,Agree
GEN24_1071018,Agree,Agree,Agree
GEN24_1071024,Don't know / Not sure,NA,NA
GEN24_1071031,Don't know / Not sure,NA,NA
GEN24_1071037,Don't know / Not sure,NA,NA
GEN24_1071039,Disagree,NA,NA
GEN24_1071041,Disagree,NA,NA
GEN24_1071045,Agree,NA,NA
GEN24_1071053,Disagree,NA,NA
GEN24_1071055,Disagree,NA,NA
GEN24_1071056,Agree,Agree,Agree
GEN24_1071058,Agree,Agree,Agree
GEN24_1071105,Don't know / Not sure,NA,NA
GEN24_1071108,Agree,NA,NA
GEN24_1071110,Don't know / Not sure,Agree,Agree
GEN24_1071115,Agree,NA,NA
GEN24_1071122,Disagree,Agree,Agree
GEN24_1071123,Don't know / Not sure,NA,NA
GEN24_1071126,Disagree,NA,NA
GEN24_1071132,Agree,NA,NA
GEN24_1071134,Agree,NA,NA
GEN24_1071135,Agree,NA,NA
GEN24_1071141,Agree,Agree,Agree
GEN24_1071152,Disagree,NA,NA
GEN24_1071157,Disagree,Disagree,Agree
GEN24_1071161,Disagree,NA,NA
GEN24_1071164,Agree,Agree,Agree
GEN24_1071174,Agree,NA,NA
GEN24_1071191,Disagree,NA,NA
GEN24_1071203,Agree,Agree,Agree
GEN24_1071207,Agree,Agree,Agree
GEN24_1071210,Disagree,NA,NA
GEN24_1071213,Agree,NA,NA
GEN24_1071225,Agree,NA,NA
GEN24_1071233,Don't know / Not sure,NA,NA
GEN24_1071234,Don't know / Not sure,Agree,Agree
GEN24_1071236,Agree,NA,NA
GEN24_1071238,Agree,NA,NA
GEN24_1071248,Agree,NA,NA
GEN24_1071256,Disagree,NA,NA
GEN24_1071257,Agree,Agree,Agree
GEN24_1071259,Don't know / Not sure,Agree,Agree
GEN24_1071271,Agree,NA,NA
GEN24_1071280,Disagree,NA,NA
GEN24_1071287,Disagree,NA,NA
GEN24_1071288,Don't know / Not sure,NA,NA
GEN24_1071289,Disagree,Agree,Agree
GEN24_1071312,Agree,NA,NA
GEN24_1071325,Disagree,NA,NA
GEN24_1071342,Don't know / Not sure,NA,NA
GEN24_1071353,Agree,NA,NA
GEN24_1071360,Don't know / Not sure,NA,NA
GEN24_1071363,Agree,NA,NA
GEN24_1071379,Agree,NA,NA
GEN24_1071394,Agree,Agree,Agree
GEN24_1071397,Agree,NA,NA
GEN24_1071398,Disagree,NA,NA
GEN24_1071401,Don't know / Not sure,NA,NA
GEN24_1071403,Agree,NA,NA
GEN24_1071408,Agree,NA,NA
GEN24_1071409,Agree,NA,NA
GEN24_1071410,Agree,NA,NA
GEN24_1071422,Agree,NA,NA
GEN24_1071428,Agree,NA,NA
GEN24_1071435,Don't know / Not sure,NA,NA
GEN24_1071440,Agree,NA,NA
GEN24_1071443,Agree,Agree,Agree
GEN24_1071444,Disagree,Agree,Agree
GEN24_1071447,Don't know / Not sure,NA,NA
GEN24_1071451,Agree,NA,NA
GEN24_1071457,Agree,NA,NA
GEN24_1071458,Don't know / Not sure,NA,NA
GEN24_1071466,Agree,Agree,Agree
GEN24_1071474,Agree,NA,Agree
GEN24_1071476,Disagree,NA,NA
GEN24_1071479,Don't know / Not sure,Agree,NA
GEN24_1071488,Agree,NA,NA
GEN24_1071509,Agree,NA,NA
GEN24_1071514,Agree,Agree,Agree
GEN24_1071515,Don't know / Not sure,NA,NA
GEN24_1071521,Disagree,Agree,NA
GEN24_1071522,Don't know / Not sure,NA,NA
GEN24_1071524,Agree,NA,NA
GEN24_1071527,Don't know / Not sure,Agree,Agree
GEN24_1071532,Agree,NA,NA
GEN24_1071536,Disagree,Agree,Agree
GEN24_1071538,Agree,Agree,Agree
GEN24_1071547,Agree,NA,NA
GEN24_1071554,Agree,NA,NA
GEN24_1071558,Don't know / Not sure,NA,NA
GEN24_1071565,Disagree,NA,NA
GEN24_1071572,Agree,Agree,Agree
GEN24_1071575,Agree,NA,NA
GEN24_1071580,Agree,NA,NA
GEN24_1071594,Don't know / Not sure,NA,NA
GEN24_1071600,Don't know / Not sure,NA,NA
GEN24_1071604,Don't know / Not sure,NA,NA
GEN24_1071610,Don't know / Not sure,NA,NA
GEN24_1071626,Don't know / Not sure,NA,NA
GEN24_1071628,Disagree,NA,NA
GEN24_1071629,Agree,NA,NA
GEN24_1071633,Agree,NA,NA
GEN24_1071637,Agree,NA,NA
GEN24_1071651,Agree,NA,NA
GEN24_1071659,Don't know / Not sure,Agree,Agree
GEN24_1071667,Disagree,NA,NA
GEN24_1071676,Disagree,NA,NA
GEN24_1071692,Disagree,Agree,Agree
GEN24_1071693,Disagree,NA,NA
GEN24_1071694,Agree,Agree,Agree
GEN24_1071696,Don't know / Not sure,NA,NA
GEN24_1071698,Disagree,NA,NA
GEN24_1071702,Disagree,Disagree,Disagree
GEN24_1071706,Agree,Agree,Agree
GEN24_1071709,Agree,Agree,Agree
GEN24_1071710,Agree,Agree,Agree
GEN24_1071717,Don't know / Not sure,NA,NA
GEN24_1071728,Agree,NA,NA
GEN24_1071744,Disagree,Disagree,Disagree
GEN24_1071745,Agree,NA,NA
GEN24_1071748,Disagree,NA,NA
GEN24_1071755,Agree,NA,NA
GEN24_1071758,Disagree,NA,NA
GEN24_1071761,Agree,Agree,Agree
GEN24_1071763,Agree,Agree,Agree
GEN24_1071766,Agree,Agree,Agree
GEN24_1071768,Agree,NA,NA
GEN24_1071776,Agree,NA,NA
GEN24_1071789,Agree,NA,NA
GEN24_1071790,Agree,NA,NA
GEN24_1071795,Agree,NA,NA
GEN24_1071799,Disagree,NA,NA
GEN24_1071800,Don't know / Not sure,Disagree,Agree
GEN24_1071802,Disagree,NA,NA
GEN24_1071806,Disagree,NA,NA
GEN24_1071811,Don't know / Not sure,NA,NA
GEN24_1071812,Disagree,NA,NA
GEN24_1071815,Agree,NA,NA
GEN24_1071830,Don't know / Not sure,NA,NA
GEN24_1071831,Agree,Agree,Agree
GEN24_1071839,Agree,NA,NA
GEN24_1071841,Disagree,NA,NA
GEN24_1071842,Don't know / Not sure,NA,NA
GEN24_1071849,Disagree,NA,NA
GEN24_1071850,Agree,NA,NA
GEN24_1071881,Don't know / Not sure,NA,NA
GEN24_1071884,Agree,NA,NA
GEN24_1071899,Agree,Agree,Agree
GEN24_1071907,Agree,NA,NA
GEN24_1071910,Agree,NA,NA
GEN24_1071913,Agree,NA,NA
GEN24_1071914,Don't know / Not sure,NA,NA
GEN24_1071921,Don't know / Not sure,NA,NA
GEN24_1071924,Agree,Agree,Agree
GEN24_1071930,Agree,Agree,Agree
GEN24_1071934,Agree,NA,NA
GEN24_1071937,Don't know / Not sure,Agree,Agree
GEN24_1071940,Agree,Agree,Agree
GEN24_1071942,Disagree,NA,NA
GEN24_1071943,Agree,Agree,Agree
GEN24_1071953,Don't know / Not sure,NA,NA
GEN24_1071956,Agree,Agree,Agree
GEN24_1071957,Agree,NA,NA
GEN24_1071958,Agree,Agree,Agree
GEN24_1071961,Agree,Agree,Agree
GEN24_1071962,Don't know / Not sure,NA,NA
GEN24_1071966,Agree,Agree,Agree
GEN24_1071977,Agree,NA,NA
GEN24_1071979,Agree,Agree,Agree
GEN24_1071982,Agree,Agree,Agree
GEN24_1071984,Agree,NA,NA
GEN24_1071991,Agree,NA,NA
GEN24_1071999,Agree,Agree,Agree
GEN24_1072004,Agree,NA,NA
GEN24_1072035,Don't know / Not sure,NA,NA
GEN24_1072039,Don't know / Not sure,NA,NA
GEN24_1072043,Disagree,Agree,Agree
GEN24_1072049,Agree,NA,NA
GEN24_1072050,Don't know / Not sure,NA,NA
GEN24_1072052,Disagree,NA,NA
GEN24_1072055,Agree,NA,NA
GEN24_1072064,Agree,NA,NA
GEN24_1072073,Agree,NA,NA
GEN24_1072096,Agree,Agree,Agree
GEN24_1072099,Don't know / Not sure,Agree,Agree
GEN24_1072112,Agree,NA,NA
GEN24_1072141,Agree,NA,NA
GEN24_1072143,Agree,Agree,Agree
GEN24_1072146,Agree,NA,NA
GEN24_1072147,Agree,NA,NA
GEN24_1072159,Agree,Agree,Agree
GEN24_1072163,Disagree,NA,NA
GEN24_1072171,Don't know / Not sure,NA,NA
GEN24_1072172,Don't know / Not sure,NA,NA
GEN24_1072174,Disagree,NA,NA
GEN24_1072180,Agree,NA,NA
GEN24_1072189,Agree,NA,NA
GEN24_1072193,Disagree,Agree,Disagree
GEN24_1072195,Don't know / Not sure,NA,NA
GEN24_1072217,Don't know / Not sure,NA,NA
GEN24_1072237,Agree,NA,NA
GEN24_1072270,Agree,Agree,Agree
GEN24_1072273,Agree,Agree,Agree
GEN24_1072281,Agree,Agree,Agree
GEN24_1072282,Agree,Agree,Agree
GEN24_1072283,Agree,Agree,Agree
GEN24_1072286,Agree,NA,NA
GEN24_1072287,Don't know / Not sure,NA,NA
GEN24_1072288,Agree,NA,NA
GEN24_1072290,Agree,Disagree,Agree
GEN24_1072292,Agree,NA,NA
GEN24_1072293,Agree,NA,NA
GEN24_1072298,Agree,Agree,Agree
GEN24_1072301,Agree,NA,NA
GEN24_1072309,Don't know / Not sure,NA,Agree
GEN24_1072312,Disagree,Agree,Agree
GEN24_1072317,Agree,Agree,Agree
GEN24_1072323,Agree,NA,NA
GEN24_1072324,Agree,Agree,Agree
GEN24_1072328,Don't know / Not sure,NA,NA
GEN24_1072339,Agree,NA,NA
GEN24_1072343,Agree,NA,NA
GEN24_1072345,Agree,Agree,Agree
GEN24_1072355,Agree,NA,NA
GEN24_1072356,Disagree,NA,NA
GEN24_1072368,Agree,NA,NA
GEN24_1072376,Disagree,Agree,Agree
GEN24_1072378,Agree,NA,NA
GEN24_1072379,Don't know / Not sure,NA,NA
GEN24_1072380,Agree,NA,NA
GEN24_1072390,Agree,Agree,Agree
GEN24_1072408,Agree,NA,NA
GEN24_1072424,Agree,Agree,Agree
GEN24_1072433,Agree,Agree,Agree
GEN24_1072439,Don't know / Not sure,Agree,Agree
GEN24_1072440,Agree,NA,NA
GEN24_1072441,Don't know / Not sure,NA,NA
GEN24_1072453,Agree,Agree,Agree
GEN24_1072456,Don't know / Not sure,Agree,Agree
GEN24_1072462,Agree,NA,NA
GEN24_1072465,Agree,NA,NA
GEN24_1072467,Disagree,NA,NA
GEN24_1072506,Agree,Agree,Agree
GEN24_1072514,Agree,Agree,Agree
GEN24_1072517,Agree,NA,NA
GEN24_1072532,Agree,NA,NA
GEN24_1072535,Agree,NA,NA
GEN24_1072541,Don't know / Not sure,NA,NA
GEN24_1072543,Agree,NA,NA
GEN24_1072552,Agree,NA,NA
GEN24_1072556,Agree,NA,NA
GEN24_1072570,Don't know / Not sure,NA,NA
GEN24_1072571,Disagree,NA,NA
GEN24_1072575,Disagree,NA,NA
GEN24_1072578,Don't know / Not sure,NA,NA
GEN24_1072583,Agree,NA,NA
GEN24_1072588,Agree,Agree,Agree
GEN24_1072590,Agree,Agree,Agree
GEN24_1072594,Don't know / Not sure,NA,NA
GEN24_1072601,Agree,Agree,Agree
GEN24_1072602,Agree,NA,NA
GEN24_1072604,Agree,NA,NA
GEN24_1072607,Agree,NA,NA
GEN24_1072620,Agree,Agree,Agree
GEN24_1072622,Agree,Agree,Agree
GEN24_1072624,Agree,Agree,Agree
GEN24_1072629,Agree,NA,NA
GEN24_1072635,Agree,NA,NA
GEN24_1072644,Agree,NA,NA
GEN24_1072659,Disagree,NA,NA
GEN24_1072670,Don't know / Not sure,NA,NA
GEN24_1072672,Agree,NA,NA
GEN24_1072675,Agree,NA,NA
GEN24_1072678,Agree,Agree,Agree
GEN24_1072713,Agree,NA,NA
GEN24_1072714,Agree,Agree,Agree
GEN24_1072719,Agree,NA,NA
GEN24_1072723,Agree,NA,NA
GEN24_1072725,Agree,NA,NA
GEN24_1072730,Agree,Agree,NA
GEN24_1072737,Don't know / Not sure,Agree,NA
GEN24_1072750,Disagree,NA,NA
GEN24_1072765,Don't know / Not sure,NA,NA
GEN24_1072777,Don't know / Not sure,NA,NA
GEN24_1072778,Don't know / Not sure,NA,NA
GEN24_1072787,Agree,Agree,Agree
GEN24_1072788,Disagree,NA,NA
GEN24_1072800,Agree,NA,NA
GEN24_1072802,Disagree,NA,NA
GEN24_1072804,Agree,NA,NA
GEN24_1072808,Agree,NA,Agree
GEN24_1072809,Agree,NA,NA
GEN24_1072814,Agree,NA,NA
GEN24_1072820,Don't know / Not sure,NA,NA
GEN24_1072830,Agree,NA,NA
GEN24_1072831,Agree,NA,NA
GEN24_1072832,Agree,NA,NA
GEN24_1072835,Disagree,NA,NA
GEN24_1072837,Don't know / Not sure,Agree,Agree
GEN24_1072839,Agree,Agree,Agree
GEN24_1072846,Agree,NA,NA
GEN24_1072872,Agree,NA,NA
GEN24_1072882,Disagree,NA,NA
GEN24_1072885,Don't know / Not sure,NA,NA
GEN24_1072894,Agree,Agree,Agree
GEN24_1072896,Agree,Agree,Agree
GEN24_1072898,Don't know / Not sure,Agree,Agree
GEN24_1072907,Agree,NA,NA
GEN24_1072908,Agree,Agree,Agree
GEN24_1072909,Agree,NA,NA
GEN24_1072913,Agree,NA,NA
GEN24_1072921,Don't know / Not sure,NA,NA
GEN24_1072922,Agree,NA,NA
GEN24_1072926,Disagree,NA,NA
GEN24_1072932,Agree,NA,NA
GEN24_1072937,Agree,NA,NA
GEN24_1072938,Agree,NA,NA
GEN24_1072944,Agree,NA,NA
GEN24_1072948,Agree,NA,NA
GEN24_1072953,Agree,Agree,Agree
GEN24_1072954,Agree,Agree,Agree
GEN24_1072968,Agree,NA,NA
GEN24_1072969,Don't know / Not sure,NA,NA
GEN24_1072970,Agree,Agree,Agree
GEN24_1072971,Disagree,NA,NA
GEN24_1072973,Agree,Agree,Agree
GEN24_1072986,Agree,NA,NA
GEN24_1072992,Agree,NA,NA
GEN24_1072995,Don't know / Not sure,Agree,Agree
GEN24_1073002,Agree,Agree,Agree
GEN24_1073011,Agree,Agree,Agree
GEN24_1073022,Don't know / Not sure,NA,NA
GEN24_1073037,Don't know / Not sure,NA,NA
GEN24_1073038,Agree,NA,NA
GEN24_1073039,Disagree,NA,NA
GEN24_1073046,Agree,NA,NA
GEN24_1073058,Agree,Agree,Agree
GEN24_1073059,Disagree,NA,NA
GEN24_1073066,Agree,NA,NA
GEN24_1073068,Don't know / Not sure,NA,NA
GEN24_1073070,Agree,NA,NA
GEN24_1073091,Disagree,Agree,Agree
GEN24_1073093,Don't know / Not sure,NA,NA
GEN24_1073096,Agree,NA,NA
GEN24_1073102,Agree,Disagree,NA
GEN24_1073107,Agree,NA,NA
GEN24_1073122,Agree,Agree,Agree
GEN24_1073130,Don't know / Not sure,NA,NA
GEN24_1073133,Disagree,NA,NA
GEN24_1073135,Don't know / Not sure,NA,NA
GEN24_1073137,Disagree,NA,NA
GEN24_1073140,Don't know / Not sure,NA,NA
GEN24_1073144,Agree,NA,NA
GEN24_1073150,Agree,NA,NA
GEN24_1073153,Don't know / Not sure,NA,NA
GEN24_1073154,Don't know / Not sure,NA,NA
GEN24_1073158,Agree,Agree,Agree
GEN24_1073161,Don't know / Not sure,NA,NA
GEN24_1073163,Don't know / Not sure,NA,NA
GEN24_1073170,Agree,Agree,Agree
GEN24_1073171,Agree,NA,NA
GEN24_1073176,Don't know / Not sure,NA,NA
GEN24_1073181,Agree,NA,NA
GEN24_1073184,Disagree,NA,NA
GEN24_1073187,Agree,Agree,Agree
GEN24_1073190,Disagree,NA,NA
GEN24_1073191,Agree,Agree,Agree
GEN24_1073195,Agree,NA,NA
GEN24_1073200,Disagree,NA,NA
GEN24_1073205,Disagree,NA,NA
GEN24_1073230,Agree,NA,NA
GEN24_1073259,Disagree,NA,NA
GEN24_1073260,Agree,Agree,Agree
GEN24_1073262,Agree,NA,NA
GEN24_1073276,Disagree,NA,NA
GEN24_1073277,Agree,NA,NA
GEN24_1073281,Disagree,NA,NA
GEN24_1073287,Disagree,NA,NA
GEN24_1073289,Disagree,NA,NA
GEN24_1073297,Don't know / Not sure,NA,NA
GEN24_1073299,Disagree,NA,NA
GEN24_1073304,Agree,NA,Agree
GEN24_1073309,Disagree,Agree,Agree
GEN24_1073314,Agree,Agree,Agree
GEN24_1073318,Agree,Agree,Agree
GEN24_1073322,Agree,Agree,Agree
GEN24_1073363,Agree,NA,NA
GEN24_1073367,Disagree,Agree,Agree
GEN24_1073374,Don't know / Not sure,Agree,Agree
GEN24_1073376,Disagree,NA,NA
GEN24_1073380,Agree,NA,NA
GEN24_1073382,Agree,Agree,Agree
GEN24_1073383,Agree,Agree,Agree
GEN24_1073385,Agree,Agree,Agree
GEN24_1073388,Agree,NA,NA
GEN24_1073389,Agree,NA,NA
GEN24_1073392,Disagree,Agree,Agree
GEN24_1073393,Disagree,NA,NA
GEN24_1073402,Agree,Agree,Agree
GEN24_1073406,Disagree,NA,NA
GEN24_1073416,Disagree,Agree,NA
GEN24_1073418,Don't know / Not sure,NA,Agree
GEN24_1073421,Agree,Agree,Agree
GEN24_1073433,Don't know / Not sure,NA,NA
GEN24_1073442,Agree,Agree,Agree
GEN24_1073443,Disagree,Agree,Agree
GEN24_1073450,Don't know / Not sure,NA,NA
GEN24_1073466,Disagree,NA,NA
GEN24_1073478,Agree,NA,NA
GEN24_1073492,Agree,NA,NA
GEN24_1073494,Agree,NA,NA
GEN24_1073514,Disagree,Agree,Agree
GEN24_1073517,Agree,Agree,Agree
GEN24_1073521,Agree,Agree,Agree
GEN24_1073526,Don't know / Not sure,Agree,Agree
GEN24_1073529,Don't know / Not sure,NA,NA
GEN24_1073533,Agree,NA,NA
GEN24_1073534,Agree,NA,NA
GEN24_1073539,Agree,NA,NA
GEN24_1073549,Agree,Agree,Agree
GEN24_1073560,Agree,NA,NA
GEN24_1073569,Agree,NA,NA
GEN24_1073588,Disagree,NA,NA
GEN24_1073589,Agree,NA,NA
GEN24_1073593,Don't know / Not sure,NA,NA
GEN24_1073599,Disagree,NA,NA
GEN24_1073604,Agree,Agree,Agree
GEN24_1073617,Disagree,NA,NA
GEN24_1073625,Agree,Agree,Agree
GEN24_1073628,Agree,NA,NA
GEN24_1073629,Agree,NA,NA
GEN24_1073631,Agree,Agree,Agree
GEN24_1073636,Disagree,NA,NA
GEN24_1073638,Don't know / Not sure,NA,NA
GEN24_1073639,Agree,Agree,Agree
GEN24_1073650,Agree,NA,NA
GEN24_1073670,Don't know / Not sure,NA,NA
GEN24_1073671,Agree,NA,NA
GEN24_1073695,Agree,NA,NA
GEN24_1073712,Agree,Agree,Agree
GEN24_1073713,Disagree,NA,NA
GEN24_1073722,Agree,NA,NA
GEN24_1073797,Agree,NA,NA
GEN24_1073828,Agree,NA,NA
GEN24_1073839,Don't know / Not sure,NA,NA
GEN24_1073843,Agree,NA,NA
GEN24_1073844,Don't know / Not sure,NA,NA
GEN24_1073849,Agree,NA,NA
GEN24_1073875,Agree,NA,NA
GEN24_1073887,Disagree,NA,NA
GEN24_1073894,Disagree,NA,NA
GEN24_1073906,Agree,Agree,Agree
GEN24_1073929,Disagree,NA,NA
GEN24_1073962,Agree,NA,NA
GEN24_1073969,Agree,Agree,Agree
GEN24_1073972,Disagree,NA,NA
GEN24_1073974,Agree,NA,NA
GEN24_1073976,Agree,NA,NA
GEN24_1073980,Disagree,NA,NA
GEN24_1073990,Disagree,NA,NA
GEN24_1074005,Agree,Agree,Agree
GEN24_1074008,Agree,NA,NA
GEN24_1074019,Agree,NA,NA
GEN24_1074024,Don't know / Not sure,NA,NA
GEN24_1074025,Don't know / Not sure,NA,NA
GEN24_1074049,Don't know / Not sure,NA,NA
GEN24_1074058,Don't know / Not sure,NA,NA
GEN24_1074065,Agree,NA,NA
GEN24_1074066,Agree,NA,NA
GEN24_1074076,Disagree,NA,NA
GEN24_1074081,Agree,NA,NA
GEN24_1074082,Don't know / Not sure,NA,NA
GEN24_1074097,Don't know / Not sure,Agree,Agree
GEN24_1074105,Agree,NA,NA
GEN24_1074133,Don't know / Not sure,NA,NA
GEN24_1074139,Don't know / Not sure,NA,NA
GEN24_1074145,Agree,NA,NA
GEN24_1074161,Disagree,NA,NA
GEN24_1074165,Don't know / Not sure,NA,NA
GEN24_1074192,Disagree,Agree,Agree
GEN24_1074199,Agree,Agree,Agree
GEN24_1074204,Agree,NA,NA
GEN24_1074220,Agree,NA,NA
GEN24_1074222,Agree,Agree,Agree
GEN24_1074224,Don't know / Not sure,Agree,Agree
GEN24_1074230,Agree,NA,NA
GEN24_1074231,Don't know / Not sure,NA,NA
GEN24_1074235,Agree,Agree,Agree
GEN24_1074236,Agree,NA,NA
GEN24_1074237,Agree,NA,NA
GEN24_1074239,Don't know / Not sure,NA,NA
GEN24_1074240,Agree,NA,NA
GEN24_1074241,Don't know / Not sure,NA,NA
GEN24_1074242,Agree,NA,NA
GEN24_1074243,Agree,NA,NA
GEN24_1074245,Don't know / Not sure,NA,NA
GEN24_1074246,Agree,Agree,Agree
GEN24_1074247,Agree,NA,NA
GEN24_1074265,Don't know / Not sure,Agree,NA
GEN24_1074268,Agree,Agree,Agree
GEN24_1074289,Agree,Agree,Agree
GEN24_1074296,Agree,Agree,Agree
GEN24_1074304,Agree,Agree,Agree
GEN24_1074318,Agree,Agree,Agree
GEN24_1074321,Don't know / Not sure,Agree,NA
GEN24_1074324,Agree,Agree,Agree
GEN24_1074333,Don't know / Not sure,NA,NA
GEN24_1074337,Don't know / Not sure,NA,NA
GEN24_1074339,Agree,NA,NA
GEN24_1074355,Don't know / Not sure,Agree,Agree
GEN24_1074366,Don't know / Not sure,NA,NA
GEN24_1074370,Agree,Agree,Agree
GEN24_1074373,Agree,Agree,Agree
GEN24_1074374,Agree,Agree,Agree
GEN24_1074388,Agree,Agree,Agree
GEN24_1074391,Agree,Agree,Agree
GEN24_1074398,Agree,Agree,Agree
GEN24_1074401,Disagree,NA,NA
GEN24_1074438,Agree,NA,NA
GEN24_1074448,Don't know / Not sure,NA,NA
GEN24_1074455,Agree,NA,NA
GEN24_1074456,Don't know / Not sure,NA,NA
GEN24_1074465,Agree,NA,NA
GEN24_1074474,Don't know / Not sure,NA,NA
GEN24_1074493,Agree,NA,NA
GEN24_1074494,Don't know / Not sure,NA,NA
GEN24_1074495,Disagree,NA,NA
GEN24_1074504,Agree,NA,NA
GEN24_1074512,Don't know / Not sure,NA,NA
GEN24_1074514,Agree,NA,NA
GEN24_1074525,Don't know / Not sure,NA,NA
GEN24_1074532,Agree,Agree,Agree
GEN24_1074533,Agree,Agree,Agree
GEN24_1074566,Agree,Agree,Agree
GEN24_1074569,Agree,NA,NA
GEN24_1074574,Agree,Agree,Agree
GEN24_1074577,Agree,NA,NA
GEN24_1074581,Agree,NA,NA
GEN24_1074587,Agree,Agree,Agree
GEN24_1074590,Agree,NA,NA
GEN24_1074591,Don't know / Not sure,Agree,Agree
GEN24_1074597,Agree,NA,NA
GEN24_1074598,Don't know / Not sure,NA,NA
GEN24_1074600,Disagree,Agree,Disagree
GEN24_1074602,Agree,NA,NA
GEN24_1074603,Agree,NA,NA
GEN24_1074612,Agree,Agree,Agree
GEN24_1074627,Don't know / Not sure,NA,NA
GEN24_1074629,Agree,Agree,Agree
GEN24_1074630,Agree,Agree,Agree
GEN24_1074644,Don't know / Not sure,NA,NA
GEN24_1074651,Don't know / Not sure,NA,NA
GEN24_1074653,Agree,NA,NA
GEN24_1074654,Agree,Agree,Agree
GEN24_1074657,Disagree,NA,NA
GEN24_1074663,Agree,Agree,Agree
GEN24_1074671,Agree,NA,NA
GEN24_1074678,Don't know / Not sure,NA,NA
GEN24_1074701,Agree,Agree,Agree
GEN24_1074709,Disagree,NA,NA
GEN24_1074713,Disagree,NA,NA
GEN24_1074714,Don't know / Not sure,Agree,Agree
GEN24_1074717,Disagree,NA,NA
GEN24_1074726,Don't know / Not sure,NA,NA
GEN24_1074727,Agree,Agree,Agree
GEN24_1074736,Agree,NA,NA
GEN24_1074740,Don't know / Not sure,Agree,NA
GEN24_1074746,Disagree,NA,NA
GEN24_1074750,Agree,Agree,Agree
GEN24_1074759,Disagree,NA,Agree
GEN24_1074761,Agree,NA,NA
GEN24_1074765,Don't know / Not sure,NA,NA
GEN24_1074767,Agree,Agree,Agree
GEN24_1074774,Don't know / Not sure,Agree,Agree
GEN24_1074780,Don't know / Not sure,NA,NA
GEN24_1074805,Agree,NA,NA
GEN24_1074812,Disagree,NA,NA
GEN24_1074814,Disagree,NA,NA
GEN24_1074819,Disagree,NA,NA
GEN24_1074820,Don't know / Not sure,NA,NA
GEN24_1074821,Don't know / Not sure,NA,NA
GEN24_1074870,Agree,NA,NA
GEN24_1074886,Don't know / Not sure,NA,NA
GEN24_1074891,Agree,Agree,Agree
GEN24_1074892,Don't know / Not sure,Agree,Agree
GEN24_1074893,Disagree,NA,NA
GEN24_1074906,Don't know / Not sure,NA,NA
GEN24_1074910,Agree,NA,NA
GEN24_1074914,Disagree,NA,NA
GEN24_1074917,Don't know / Not sure,Agree,Agree
GEN24_1074934,Don't know / Not sure,NA,NA
GEN24_1074939,Agree,Agree,Agree
GEN24_1074950,Agree,Agree,Agree
GEN24_1074957,Don't know / Not sure,Agree,Agree
GEN24_1074966,Agree,Agree,Agree
GEN24_1074972,Don't know / Not sure,NA,NA
GEN24_1075002,Agree,Agree,Agree
GEN24_1075018,Agree,Agree,Agree
GEN24_1075023,Agree,NA,NA
GEN24_1075024,Agree,Agree,Agree
GEN24_1075028,Don't know / Not sure,NA,NA
GEN24_1075030,Disagree,NA,NA
GEN24_1075036,Agree,NA,NA
GEN24_1075038,Agree,NA,NA
GEN24_1075040,Don't know / Not sure,Agree,NA
GEN24_1075053,Disagree,Agree,Agree
GEN24_1075065,Disagree,NA,NA
GEN24_1075066,Disagree,NA,NA
GEN24_1075074,Don't know / Not sure,NA,NA
GEN24_1075091,Agree,NA,NA
GEN24_1075120,Disagree,NA,NA
GEN24_1075128,Disagree,NA,NA
GEN24_1075130,Disagree,Agree,Agree
GEN24_1075134,Agree,Agree,Agree
GEN24_1075135,Agree,NA,NA
GEN24_1075141,Agree,NA,NA
GEN24_1075145,Agree,NA,NA
GEN24_1075147,Agree,NA,NA
GEN24_1075150,Agree,NA,NA
GEN24_1075164,Agree,NA,NA
GEN24_1075201,Don't know / Not sure,NA,NA
GEN24_1075211,Disagree,Agree,Agree
GEN24_1075216,Disagree,Agree,Agree
GEN24_1075221,Agree,Agree,Agree
GEN24_1075224,Agree,Agree,Agree
GEN24_1075228,Don't know / Not sure,Agree,Agree
GEN24_1075246,Don't know / Not sure,NA,NA
GEN24_1075250,Agree,NA,NA
GEN24_1075254,Agree,NA,Agree
GEN24_1075262,Agree,NA,NA
GEN24_1075266,Agree,Agree,Agree
GEN24_1075267,Agree,NA,NA
GEN24_1075269,Disagree,NA,NA
GEN24_1075272,Disagree,NA,NA
GEN24_1075276,Don't know / Not sure,Agree,Agree
GEN24_1075296,Agree,Agree,Agree
GEN24_1075299,Disagree,NA,NA
GEN24_1075301,Don't know / Not sure,NA,NA
GEN24_1075303,Agree,Agree,Agree
GEN24_1075305,Don't know / Not sure,NA,NA
GEN24_1075307,Agree,NA,NA
GEN24_1075327,Agree,NA,NA
GEN24_1075329,Don't know / Not sure,NA,NA
GEN24_1075334,Agree,NA,NA
GEN24_1075340,Don't know / Not sure,Agree,Agree
GEN24_1075343,Agree,Agree,Agree
GEN24_1075344,Agree,Agree,Agree
GEN24_1075346,Agree,Agree,Agree
GEN24_1075348,Agree,Agree,Agree
GEN24_1075349,Agree,NA,NA
GEN24_1075350,Don't know / Not sure,NA,NA
GEN24_1075353,Agree,NA,NA
GEN24_1075360,Agree,Agree,Agree
GEN24_1075364,Agree,NA,NA
GEN24_1075384,Don't know / Not sure,Agree,Agree
GEN24_1075403,Disagree,NA,NA
GEN24_1075408,Don't know / Not sure,Agree,NA
GEN24_1075425,Agree,NA,NA
GEN24_1075431,Agree,NA,NA
GEN24_1075437,Agree,NA,NA
GEN24_1075438,Disagree,NA,NA
GEN24_1075445,Don't know / Not sure,NA,NA
GEN24_1075448,Disagree,NA,NA
GEN24_1075451,Disagree,Agree,Agree
GEN24_1075453,Agree,NA,NA
GEN24_1075460,Don't know / Not sure,Agree,Agree
GEN24_1075464,Disagree,NA,NA
GEN24_1075474,Don't know / Not sure,NA,NA
GEN24_1075479,Agree,NA,Agree
GEN24_1075506,Agree,Agree,Agree
GEN24_1075521,Don't know / Not sure,NA,NA
GEN24_1075539,Agree,Agree,NA
GEN24_1075553,Agree,NA,NA
GEN24_1075555,Agree,Agree,Agree
GEN24_1075564,Agree,NA,NA
GEN24_1075575,Agree,NA,NA
GEN24_1075578,Agree,NA,NA
GEN24_1075591,Agree,Agree,Agree
GEN24_1075593,Don't know / Not sure,NA,NA
GEN24_1075594,Agree,Agree,Agree
GEN24_1075601,Agree,Agree,Agree
GEN24_1075610,Disagree,NA,NA
GEN24_1075618,Don't know / Not sure,NA,NA
GEN24_1075622,Agree,Agree,Agree
GEN24_1075623,Disagree,NA,NA
GEN24_1075643,Agree,NA,NA
GEN24_1075646,Agree,NA,NA
GEN24_1075647,Agree,NA,NA
GEN24_1075662,Disagree,NA,NA
GEN24_1075663,Don't know / Not sure,NA,NA
GEN24_1075689,Agree,Agree,Agree
GEN24_1075701,Disagree,NA,NA
GEN24_1075720,Disagree,NA,NA
GEN24_1075725,Agree,Agree,Agree
GEN24_1075738,Don't know / Not sure,NA,NA
GEN24_1075741,Agree,NA,Agree
GEN24_1075751,Agree,NA,NA
GEN24_1075792,Agree,Agree,Agree
GEN24_1075797,Disagree,NA,NA
GEN24_1075839,Disagree,NA,NA
GEN24_1075841,Agree,NA,NA
GEN24_1075844,Disagree,NA,NA
GEN24_1075849,Disagree,NA,NA
GEN24_1075853,Agree,NA,NA
GEN24_1075855,Agree,Agree,Agree
GEN24_1075861,Agree,Agree,Agree
GEN24_1075865,Disagree,NA,NA
GEN24_1075872,Agree,NA,NA
GEN24_1075881,Don't know / Not sure,Agree,Agree
GEN24_1075882,Agree,Agree,Agree
GEN24_1075888,Agree,Agree,Agree
GEN24_1075891,Disagree,NA,NA
GEN24_1075893,Don't know / Not sure,NA,NA
GEN24_1075901,Agree,NA,NA
GEN24_1075914,Don't know / Not sure,NA,NA
GEN24_1075930,Agree,Agree,Agree
GEN24_1075936,Agree,NA,NA
GEN24_1075941,Agree,Agree,Agree
GEN24_1075951,Disagree,NA,NA
GEN24_1075953,Agree,NA,NA
GEN24_1075955,Agree,NA,NA
GEN24_1075956,Don't know / Not sure,NA,NA
GEN24_1075957,Don't know / Not sure,NA,NA
GEN24_1075965,Agree,Agree,Agree
GEN24_1075970,Agree,Agree,Agree
GEN24_1075981,Agree,Agree,Agree
GEN24_1075985,Agree,Disagree,Agree
GEN24_1075986,Don't know / Not sure,NA,NA
GEN24_1075997,Don't know / Not sure,NA,NA
GEN24_1076008,Agree,NA,NA
GEN24_1076013,Agree,NA,NA
GEN24_1076016,Disagree,Disagree,Agree
GEN24_1076044,Agree,NA,NA
GEN24_1076051,Disagree,NA,NA
GEN24_1076058,Don't know / Not sure,NA,NA
GEN24_1076076,Don't know / Not sure,NA,NA
GEN24_1076094,Agree,NA,NA
GEN24_1076118,Don't know / Not sure,NA,NA
GEN24_1076125,Agree,NA,NA
GEN24_1076126,Disagree,NA,NA
GEN24_1076139,Agree,Agree,Agree
GEN24_1076144,Agree,Agree,Agree
GEN24_1076160,Agree,NA,NA
GEN24_1076164,Agree,NA,NA
GEN24_1076174,Agree,Agree,Agree
GEN24_1076190,Agree,Agree,Agree
GEN24_1076215,Agree,Agree,Agree
GEN24_1076219,Agree,Agree,Agree
GEN24_1076222,Agree,NA,NA
GEN24_1076229,Don't know / Not sure,NA,NA
GEN24_1076251,Disagree,NA,NA
GEN24_1076255,Agree,NA,NA
GEN24_1076280,Agree,NA,NA
GEN24_1076282,Don't know / Not sure,NA,NA
GEN24_1076283,Agree,NA,NA
GEN24_1076287,Agree,NA,NA
GEN24_1076294,Agree,Agree,Agree
GEN24_1076298,Agree,Agree,Agree
GEN24_1076299,Agree,Agree,Agree
GEN24_1076300,Don't know / Not sure,NA,NA
GEN24_1076308,Agree,NA,NA
GEN24_1076310,Don't know / Not sure,Agree,Agree
GEN24_1076313,Don't know / Not sure,NA,NA
GEN24_1076321,Agree,Agree,Agree
GEN24_1076323,Disagree,NA,NA
GEN24_1076327,Agree,Agree,Agree
GEN24_1076339,Don't know / Not sure,NA,NA
GEN24_1076346,Agree,Agree,Agree
GEN24_1076348,Don't know / Not sure,NA,NA
GEN24_1076353,Agree,NA,NA
GEN24_1076358,Agree,NA,NA
GEN24_1076361,Disagree,Agree,Agree
GEN24_1076369,Agree,NA,NA
GEN24_1076373,Don't know / Not sure,NA,NA
GEN24_1076375,Disagree,NA,NA
GEN24_1076379,Disagree,NA,NA
GEN24_1076384,Agree,NA,NA
GEN24_1076392,Don't know / Not sure,NA,NA
GEN24_1076397,Agree,Agree,Agree
GEN24_1076407,Agree,NA,NA
GEN24_1076420,Agree,NA,NA
GEN24_1076430,Disagree,NA,NA
GEN24_1076431,Agree,Agree,Agree
GEN24_1076442,Disagree,NA,NA
GEN24_1076444,Agree,NA,NA
GEN24_1076448,Agree,NA,NA
GEN24_1076455,Agree,NA,NA
GEN24_1076462,Agree,Agree,Agree
GEN24_1076465,Disagree,NA,NA
GEN24_1076468,Don't know / Not sure,NA,NA
GEN24_1076481,Agree,Agree,Agree
GEN24_1076490,Agree,NA,NA
GEN24_1076499,Disagree,NA,NA
GEN24_1076505,Agree,NA,NA
GEN24_1076514,Disagree,NA,NA
GEN24_1076516,Agree,NA,NA
GEN24_1076526,Agree,Agree,Agree
GEN24_1076552,Don't know / Not sure,Agree,NA
GEN24_1076558,Don't know / Not sure,NA,NA
GEN24_1076572,Don't know / Not sure,NA,NA
GEN24_1076574,Agree,NA,NA
GEN24_1076583,Agree,NA,NA
GEN24_1076601,Disagree,Agree,Agree
GEN24_1076606,Agree,NA,NA
GEN24_1076609,Disagree,NA,NA
GEN24_1076613,Agree,Agree,Agree
GEN24_1076628,Agree,Agree,Agree
GEN24_1076629,Agree,NA,NA
GEN24_1076630,Agree,Agree,Agree
GEN24_1076639,Don't know / Not sure,NA,NA
GEN24_1076649,Agree,Agree,Agree
GEN24_1076665,Agree,Agree,Agree
GEN24_1076666,Agree,NA,NA
GEN24_1076667,Disagree,NA,NA
GEN24_1076673,Agree,NA,NA
GEN24_1076675,Agree,NA,NA
GEN24_1076676,Agree,NA,NA
GEN24_1076677,Don't know / Not sure,NA,NA
GEN24_1076681,Disagree,NA,NA
GEN24_1076688,Agree,NA,NA
GEN24_1076690,Disagree,Agree,Agree
GEN24_1076691,Agree,NA,NA
GEN24_1076698,Don't know / Not sure,NA,NA
GEN24_1076701,Agree,Agree,Agree
GEN24_1076703,Agree,Agree,Agree
GEN24_1076705,Don't know / Not sure,NA,NA
GEN24_1076717,Disagree,NA,NA
GEN24_1076723,Disagree,NA,NA
GEN24_1076726,Agree,NA,NA
GEN24_1076736,Agree,NA,NA
GEN24_1076738,Agree,NA,NA
GEN24_1076743,Disagree,NA,NA
GEN24_1076744,Don't know / Not sure,NA,NA
GEN24_1076745,Agree,NA,NA
GEN24_1076751,Agree,Disagree,Agree
GEN24_1076752,Agree,NA,NA
GEN24_1076753,Disagree,NA,NA
GEN24_1076754,Disagree,NA,NA
GEN24_1076756,Disagree,NA,NA
GEN24_1076765,Agree,NA,NA
GEN24_1076767,Don't know / Not sure,NA,NA
GEN24_1076771,Agree,Agree,Agree
GEN24_1076773,Agree,NA,NA
GEN24_1076776,Agree,NA,NA
GEN24_1076779,Agree,Agree,Agree
GEN24_1076786,Agree,NA,NA
GEN24_1076799,Disagree,NA,NA
GEN24_1076803,Agree,NA,NA
GEN24_1076824,Agree,NA,NA
GEN24_1076827,Don't know / Not sure,Agree,Agree
GEN24_1076831,Agree,NA,Agree
GEN24_1076837,Agree,Agree,Agree
GEN24_1076843,Agree,NA,NA
GEN24_1076853,Agree,Agree,Agree
GEN24_1076859,Disagree,NA,NA
GEN24_1076863,Agree,NA,NA
GEN24_1076873,Agree,NA,NA
GEN24_1076899,Agree,NA,NA
GEN24_1076900,Agree,NA,NA
GEN24_1076902,Agree,Agree,Agree
GEN24_1076913,Agree,Agree,Agree
GEN24_1076945,Agree,Agree,Agree
GEN24_1076946,Agree,NA,NA
GEN24_1076956,Don't know / Not sure,NA,NA
GEN24_1076957,Don't know / Not sure,Agree,Agree
GEN24_1076964,Disagree,Agree,NA
GEN24_1076965,Agree,Agree,Agree
GEN24_1076968,Don't know / Not sure,NA,NA
GEN24_1076969,Don't know / Not sure,NA,NA
GEN24_1076970,Disagree,Agree,Agree
GEN24_1076973,Agree,NA,NA
GEN24_1076981,Don't know / Not sure,NA,NA
GEN24_1076988,Disagree,NA,NA
GEN24_1076997,Agree,NA,NA
GEN24_1077000,Don't know / Not sure,NA,NA
GEN24_1077001,Agree,Agree,Agree
GEN24_1077008,Disagree,Disagree,Agree
GEN24_1077025,Disagree,Agree,NA
GEN24_1077032,Agree,Agree,Agree
GEN24_1077040,Agree,Agree,Agree
GEN24_1077042,Don't know / Not sure,Agree,Agree
GEN24_1077047,Agree,Agree,Agree
GEN24_1077065,Don't know / Not sure,NA,NA
GEN24_1077086,Agree,Agree,Agree
GEN24_1077097,Don't know / Not sure,NA,NA
GEN24_1077099,Disagree,NA,NA
GEN24_1077105,Don't know / Not sure,NA,NA
GEN24_1077112,Agree,NA,NA
GEN24_1077123,Agree,NA,NA
GEN24_1077129,Agree,Agree,Agree
GEN24_1077134,Agree,Agree,Agree
GEN24_1077139,Don't know / Not sure,NA,NA
GEN24_1077153,Agree,NA,NA
GEN24_1077162,Agree,Agree,Agree
GEN24_1077169,Don't know / Not sure,Agree,Agree
GEN24_1077173,Agree,Agree,Agree
GEN24_1077180,Agree,NA,NA
GEN24_1077181,Agree,NA,NA
GEN24_1077183,Agree,NA,NA
GEN24_1077185,Agree,NA,NA
GEN24_1077187,Agree,NA,NA
GEN24_1077188,Don't know / Not sure,NA,NA
GEN24_1077189,Agree,Agree,Agree
GEN24_1077190,Don't know / Not sure,NA,NA
GEN24_1077197,Agree,Agree,Agree
GEN24_1077199,Don't know / Not sure,Agree,Agree
GEN24_1077202,Agree,Agree,Agree
GEN24_1077204,Agree,NA,NA
GEN24_1077205,Agree,Agree,Agree
GEN24_1077209,Agree,NA,NA
GEN24_1077210,Agree,NA,NA
GEN24_1077213,Agree,Agree,Agree
GEN24_1077214,Disagree,Agree,Agree
GEN24_1077217,Don't know / Not sure,NA,NA
GEN24_1077218,Agree,NA,NA
GEN24_1077222,Agree,NA,NA
GEN24_1077243,Don't know / Not sure,NA,NA
GEN24_1077246,Agree,NA,NA
GEN24_1077248,Agree,NA,NA
GEN24_1077249,Don't know / Not sure,NA,NA
GEN24_1077251,Agree,Agree,Agree
GEN24_1077258,Disagree,Agree,Agree
GEN24_1077264,Agree,Disagree,NA
GEN24_1077292,Agree,Agree,Agree
GEN24_1077295,Disagree,NA,NA
GEN24_1077305,Agree,NA,NA
GEN24_1077319,Agree,Agree,Agree
GEN24_1077329,Agree,NA,NA
GEN24_1077333,Agree,NA,NA
GEN24_1077341,Don't know / Not sure,Agree,Agree
GEN24_1077350,Don't know / Not sure,NA,NA
GEN24_1077358,Disagree,NA,NA
GEN24_1077369,Agree,NA,Agree
GEN24_1077374,Don't know / Not sure,NA,NA
GEN24_1077380,Disagree,NA,NA
GEN24_1077393,Don't know / Not sure,NA,NA
GEN24_1077399,Agree,Agree,Agree
GEN24_1077400,Don't know / Not sure,NA,NA
GEN24_1077417,Agree,Agree,Agree
GEN24_1077425,Agree,NA,NA
GEN24_1077429,Disagree,Agree,Agree
GEN24_1077432,Disagree,NA,NA
GEN24_1077444,Don't know / Not sure,NA,NA
GEN24_1077446,Don't know / Not sure,NA,NA
GEN24_1077447,Agree,NA,NA
GEN24_1077453,Agree,NA,NA
GEN24_1077456,Don't know / Not sure,Agree,Agree
GEN24_1077462,Agree,NA,NA
GEN24_1077479,Disagree,NA,NA
GEN24_1077481,Don't know / Not sure,NA,NA
GEN24_1077485,Disagree,NA,NA
GEN24_1077530,Disagree,NA,NA
GEN24_1077540,Agree,Agree,Agree
GEN24_1077544,Agree,Agree,Agree
GEN24_1077552,Disagree,NA,NA
GEN24_1077560,Agree,Agree,Agree
GEN24_1077564,Don't know / Not sure,NA,NA
GEN24_1077568,Agree,Agree,Agree
GEN24_1077595,Agree,NA,NA
GEN24_1077600,Disagree,NA,NA
GEN24_1077609,Agree,NA,NA
GEN24_1077613,Agree,NA,NA
GEN24_1077614,Agree,NA,NA
GEN24_1077615,Agree,NA,NA
GEN24_1077627,Don't know / Not sure,Agree,Agree
GEN24_1077630,Agree,Disagree,NA
GEN24_1077632,Disagree,Agree,Agree
GEN24_1077636,Agree,Agree,Agree
GEN24_1077639,Disagree,NA,NA
GEN24_1077645,Don't know / Not sure,NA,NA
GEN24_1077648,Agree,NA,NA
GEN24_1077649,Agree,Agree,Agree
GEN24_1077650,Agree,NA,NA
GEN24_1077652,Don't know / Not sure,NA,NA
GEN24_1077656,Disagree,NA,NA
GEN24_1077671,Disagree,NA,NA
GEN24_1077683,Disagree,NA,NA
GEN24_1077691,Agree,NA,NA
GEN24_1077726,Disagree,Agree,Agree
GEN24_1077743,Disagree,Agree,Agree
GEN24_1077747,Agree,Agree,Agree
GEN24_1077749,Don't know / Not sure,NA,Agree
GEN24_1077760,Disagree,Agree,Agree
GEN24_1077768,Agree,NA,NA
GEN24_1077771,Agree,NA,NA
GEN24_1077778,Don't know / Not sure,Agree,Agree
GEN24_1077781,Don't know / Not sure,Agree,Agree
GEN24_1077783,Agree,NA,NA
GEN24_1077805,Agree,Agree,Agree
GEN24_1077810,Agree,Agree,Agree
GEN24_1077818,Agree,NA,NA
GEN24_1077822,Don't know / Not sure,NA,NA
GEN24_1077827,Agree,NA,NA
GEN24_1077838,Agree,Agree,Agree
GEN24_1077839,Disagree,NA,NA
GEN24_1077840,Agree,NA,NA
GEN24_1077843,Agree,NA,NA
GEN24_1077851,Agree,NA,NA
GEN24_1077853,Agree,Agree,Agree
GEN24_1077857,Agree,NA,NA
GEN24_1077858,Don't know / Not sure,NA,NA
GEN24_1077864,Agree,Agree,Agree
GEN24_1077865,Agree,Agree,Agree
GEN24_1077866,Don't know / Not sure,NA,NA
GEN24_1077867,Agree,NA,NA
GEN24_1077870,Disagree,Agree,Agree
GEN24_1077876,Agree,NA,NA
GEN24_1077880,Don't know / Not sure,Agree,Agree
GEN24_1077884,Agree,NA,NA
GEN24_1077889,Don't know / Not sure,NA,NA
GEN24_1077890,Agree,NA,NA
GEN24_1077896,Don't know / Not sure,NA,NA
GEN24_1077900,Agree,Agree,Agree
GEN24_1077935,Disagree,NA,NA
GEN24_1077936,Agree,Agree,Agree
GEN24_1077937,Disagree,NA,NA
GEN24_1077941,Disagree,NA,NA
GEN24_1077969,Agree,Agree,Agree
GEN24_1077972,Agree,Agree,Agree
GEN24_1077996,Agree,NA,NA
GEN24_1078002,Agree,NA,NA
GEN24_1078006,Don't know / Not sure,NA,NA
GEN24_1078020,Agree,NA,NA
GEN24_1078021,Agree,Agree,Agree
GEN24_1078024,Agree,Agree,Agree
GEN24_1078030,Don't know / Not sure,NA,NA
GEN24_1078033,Agree,NA,NA
GEN24_1078034,Don't know / Not sure,NA,NA
GEN24_1078065,Disagree,NA,NA
GEN24_1078070,Agree,NA,NA
GEN24_1078098,Agree,Agree,Agree
GEN24_1078101,Agree,NA,NA
GEN24_1078110,Don't know / Not sure,NA,NA
GEN24_1078119,Agree,Agree,Agree
GEN24_1078124,Agree,NA,NA
GEN24_1078135,Disagree,NA,NA
GEN24_1078136,Disagree,NA,NA
GEN24_1078137,Agree,Agree,Agree
GEN24_1078139,Agree,Disagree,NA
GEN24_1078145,Agree,NA,NA
GEN24_1078162,Don't know / Not sure,NA,NA
GEN24_1078168,Agree,NA,NA
GEN24_1078169,Disagree,Agree,Disagree
GEN24_1078176,Agree,Agree,Agree
GEN24_1078179,Agree,Agree,Agree
GEN24_1078182,Don't know / Not sure,NA,NA
GEN24_1078185,Don't know / Not sure,Agree,Agree
GEN24_1078187,Agree,NA,NA
GEN24_1078192,Agree,Agree,Agree
GEN24_1078194,Agree,Agree,Agree
GEN24_1078196,Agree,Agree,Agree
GEN24_1078204,Disagree,NA,NA
GEN24_1078219,Disagree,NA,NA
GEN24_1078220,Agree,NA,NA
GEN24_1078222,Agree,NA,NA
GEN24_1078223,Agree,Agree,Agree
GEN24_1078225,Agree,NA,NA
GEN24_1078231,Don't know / Not sure,NA,NA
GEN24_1078259,Don't know / Not sure,NA,NA
GEN24_1078264,Don't know / Not sure,NA,NA
GEN24_1078267,Agree,NA,NA
GEN24_1078271,Don't know / Not sure,Agree,Agree
GEN24_1078281,Don't know / Not sure,Agree,Agree
GEN24_1078284,Agree,NA,NA
GEN24_1078286,Don't know / Not sure,NA,NA
GEN24_1078289,Agree,Agree,Agree
GEN24_1078296,Agree,NA,NA
GEN24_1078307,Agree,Agree,Agree
GEN24_1078316,Agree,Agree,Agree
GEN24_1078318,Agree,Agree,Agree
GEN24_1078322,Agree,Agree,Agree
GEN24_1078323,Agree,Agree,Agree
GEN24_1078324,Agree,NA,NA
GEN24_1078327,Agree,NA,NA
GEN24_1078330,Agree,NA,NA
GEN24_1078336,Agree,NA,NA
GEN24_1078353,Agree,NA,NA
GEN24_1078367,Don't know / Not sure,NA,NA
GEN24_1078368,Don't know / Not sure,NA,Agree
GEN24_1078370,Agree,NA,NA
GEN24_1078374,Agree,Agree,Agree
GEN24_1078375,Agree,NA,NA
GEN24_1078387,Agree,NA,NA
GEN24_1078390,Disagree,Agree,Agree
GEN24_1078395,Agree,Agree,Agree
GEN24_1078396,Agree,NA,NA
GEN24_1078408,Don't know / Not sure,NA,NA
GEN24_1078411,Agree,Agree,Agree
GEN24_1078423,Agree,Agree,Agree
GEN24_1078424,Agree,Agree,Agree
GEN24_1078428,Don't know / Not sure,NA,NA
GEN24_1078431,Don't know / Not sure,NA,NA
GEN24_1078432,Agree,Agree,Agree
GEN24_1078445,Agree,NA,NA
GEN24_1078448,Agree,Agree,Agree
GEN24_1078485,Agree,Agree,Agree
GEN24_1078487,Disagree,NA,NA
GEN24_1078490,Disagree,Agree,Agree
GEN24_1078491,Disagree,NA,NA
GEN24_1078498,Agree,Agree,Agree
GEN24_1078501,Don't know / Not sure,Agree,Agree
GEN24_1078509,Agree,Agree,Agree
GEN24_1078511,Don't know / Not sure,NA,NA
GEN24_1078519,Don't know / Not sure,Agree,Agree
GEN24_1078520,Disagree,Agree,Agree
GEN24_1078522,Agree,Agree,Agree
GEN24_1078525,Don't know / Not sure,NA,NA
GEN24_1078544,Agree,NA,NA
GEN24_1078545,Don't know / Not sure,NA,NA
GEN24_1078546,Agree,NA,NA
GEN24_1078557,Agree,Agree,Agree
GEN24_1078561,Agree,Agree,Agree
GEN24_1078583,Agree,Agree,Agree
GEN24_1078594,Disagree,NA,NA
GEN24_1078612,Agree,Agree,Agree
GEN24_1078619,Agree,Agree,Agree
GEN24_1078620,Don't know / Not sure,NA,NA
GEN24_1078633,Agree,Agree,Agree
GEN24_1078648,Don't know / Not sure,NA,NA
GEN24_1078651,Agree,NA,NA
GEN24_1078652,Agree,NA,NA
GEN24_1078663,Agree,NA,NA
GEN24_1078669,Agree,NA,NA
GEN24_1078675,Agree,NA,NA
GEN24_1078682,Agree,Agree,Agree
GEN24_1078683,Agree,NA,NA
GEN24_1078684,Agree,NA,NA
GEN24_1078686,Disagree,NA,NA
GEN24_1078691,Don't know / Not sure,NA,NA
GEN24_1078698,Agree,Agree,Agree
GEN24_1078716,Disagree,NA,NA
GEN24_1078719,Disagree,Disagree,Agree
GEN24_1078720,Don't know / Not sure,NA,NA
GEN24_1078722,Agree,Agree,Agree
GEN24_1078723,Agree,Agree,NA
GEN24_1078743,Agree,Agree,Agree
GEN24_1078747,Disagree,NA,NA
GEN24_1078768,Don't know / Not sure,NA,NA
GEN24_1078769,Agree,Agree,Agree
GEN24_1078771,Agree,NA,NA
GEN24_1078775,Agree,Agree,Agree
GEN24_1078777,Disagree,NA,NA
GEN24_1078779,Agree,Agree,Agree
GEN24_1078788,Agree,Agree,Agree
GEN24_1078794,Disagree,NA,NA
GEN24_1078804,Agree,NA,NA
GEN24_1078805,Disagree,NA,NA
GEN24_1078813,Don't know / Not sure,NA,NA
GEN24_1078816,Agree,Agree,Agree
GEN24_1078822,Don't know / Not sure,Agree,Agree
GEN24_1078823,Agree,NA,NA
GEN24_1078824,Disagree,Agree,Agree
GEN24_1078829,Agree,Agree,Agree
GEN24_1078835,Agree,Agree,Agree
GEN24_1078845,Disagree,NA,NA
GEN24_1078854,Agree,Agree,Agree
GEN24_1078861,Agree,Agree,Agree
GEN24_1078864,Don't know / Not sure,NA,NA
GEN24_1078890,Agree,Agree,Agree
GEN24_1078895,Agree,NA,NA
GEN24_1078923,Agree,Agree,Agree
GEN24_1078939,Agree,Agree,Agree
GEN24_1078940,Don't know / Not sure,NA,NA
GEN24_1078954,Agree,Disagree,Disagree
GEN24_1078956,Disagree,NA,NA
GEN24_1078962,Don't know / Not sure,NA,NA
GEN24_1079007,Don't know / Not sure,NA,NA
GEN24_1079012,Agree,NA,NA
GEN24_1079020,Agree,NA,NA
GEN24_1079022,Agree,NA,NA
GEN24_1079029,Don't know / Not sure,NA,NA
GEN24_1079031,Agree,NA,NA
GEN24_1079037,Disagree,NA,NA
GEN24_1079043,Agree,Agree,Agree
GEN24_1079045,Agree,Agree,Agree
GEN24_1079050,Disagree,Agree,Agree
GEN24_1079052,Disagree,NA,NA
GEN24_1079053,Disagree,NA,NA
GEN24_1079057,Disagree,NA,NA
GEN24_1079058,Agree,NA,NA
GEN24_1079069,Disagree,Agree,Agree
GEN24_1079070,Agree,Agree,Agree
GEN24_1079072,Agree,Agree,Agree
GEN24_1079080,Don't know / Not sure,NA,NA
GEN24_1079081,Agree,NA,NA
GEN24_1079087,Agree,Agree,Agree
GEN24_1079088,Agree,NA,NA
GEN24_1079090,Agree,Agree,Agree
GEN24_1079091,Agree,Agree,Agree
GEN24_1079094,Agree,NA,NA
GEN24_1079099,Don't know / Not sure,NA,NA
GEN24_1079101,Agree,NA,NA
GEN24_1079115,Agree,NA,NA
GEN24_1079118,Don't know / Not sure,NA,NA
GEN24_1079120,Agree,NA,NA
GEN24_1079147,Don't know / Not sure,Agree,Agree
GEN24_1079157,Don't know / Not sure,NA,NA
GEN24_1079164,Agree,Agree,Agree
GEN24_1079181,Agree,Agree,Agree
GEN24_1079190,Agree,Agree,Agree
GEN24_1079200,Agree,NA,NA
GEN24_1079204,Agree,Agree,Agree
GEN24_1079207,Agree,NA,NA
GEN24_1079219,Agree,Agree,Agree
GEN24_1079222,Disagree,NA,NA
GEN24_1079229,Agree,NA,NA
GEN24_1079233,Don't know / Not sure,NA,NA
GEN24_1079243,Agree,NA,NA
GEN24_1079245,Agree,NA,NA
GEN24_1079249,Disagree,NA,NA
GEN24_1079251,Don't know / Not sure,NA,NA
GEN24_1079254,Agree,NA,NA
GEN24_1079266,Agree,Agree,Agree
GEN24_1079269,Agree,Agree,Agree
GEN24_1079276,Don't know / Not sure,NA,NA
GEN24_1079299,Agree,NA,NA
GEN24_1079317,Agree,Agree,Agree
GEN24_1079328,Agree,Agree,Agree
GEN24_1079343,Agree,NA,NA
GEN24_1079346,Agree,NA,NA
GEN24_1079348,Don't know / Not sure,NA,NA
GEN24_1079357,Agree,NA,NA
GEN24_1079359,Agree,Disagree,NA
GEN24_1079360,Agree,NA,NA
GEN24_1079362,Don't know / Not sure,NA,NA
GEN24_1079366,Don't know / Not sure,NA,NA
GEN24_1079381,Agree,NA,NA
GEN24_1079382,Agree,Agree,Agree
GEN24_1079383,Agree,NA,NA
GEN24_1079389,Don't know / Not sure,NA,NA
GEN24_1079394,Disagree,NA,NA
GEN24_1079398,Don't know / Not sure,NA,NA
GEN24_1079399,Agree,NA,NA
GEN24_1079410,Don't know / Not sure,NA,NA
GEN24_1079411,Disagree,NA,NA
GEN24_1079421,Agree,Agree,Agree
GEN24_1079426,Don't know / Not sure,NA,NA
GEN24_1079427,Disagree,NA,NA
GEN24_1079434,Agree,NA,NA
GEN24_1079435,Disagree,NA,NA
GEN24_1079437,Agree,Agree,NA
GEN24_1079443,Agree,Agree,Agree
GEN24_1079444,Agree,NA,NA
GEN24_1079445,Disagree,Agree,Agree
GEN24_1079468,Agree,NA,NA
GEN24_1079469,Agree,Agree,Agree
GEN24_1079470,Agree,Agree,Agree
GEN24_1079471,Agree,Agree,Agree
GEN24_1079473,Don't know / Not sure,NA,NA
GEN24_1079482,Agree,Agree,Agree
GEN24_1079484,Don't know / Not sure,Agree,Agree
GEN24_1079488,Disagree,NA,NA
GEN24_1079489,Agree,NA,NA
GEN24_1079494,Agree,Agree,Agree
GEN24_1079497,Don't know / Not sure,Agree,Agree
GEN24_1079520,Agree,Agree,Agree
GEN24_1079523,Disagree,Agree,Agree
GEN24_1079525,Agree,Agree,Agree
GEN24_1079527,Agree,Agree,NA
GEN24_1079529,Agree,Agree,Agree
GEN24_1079534,Agree,Agree,Agree
GEN24_1079536,Disagree,NA,NA
GEN24_1079537,Agree,NA,NA
GEN24_1079554,Disagree,NA,NA
GEN24_1079563,Don't know / Not sure,NA,NA
GEN24_1079564,Agree,Disagree,Agree
GEN24_1079565,Disagree,NA,NA
GEN24_1079577,Agree,Agree,Agree
GEN24_1079578,Don't know / Not sure,NA,NA
GEN24_1079581,Agree,NA,NA
GEN24_1079585,Don't know / Not sure,NA,NA
GEN24_1079597,Agree,Agree,Agree
GEN24_1079600,Agree,Agree,Agree
GEN24_1079609,Agree,NA,NA
GEN24_1079633,Don't know / Not sure,NA,NA
GEN24_1079637,Don't know / Not sure,NA,NA
GEN24_1079642,Don't know / Not sure,NA,NA
GEN24_1079650,Agree,Agree,Agree
GEN24_1079652,Disagree,Agree,Agree
GEN24_1079663,Don't know / Not sure,NA,NA
GEN24_1079664,Agree,Agree,Agree
GEN24_1079674,Agree,NA,NA
GEN24_1079681,Agree,NA,NA
GEN24_1079706,Disagree,NA,NA
GEN24_1079742,Agree,NA,NA
GEN24_1079745,Agree,NA,NA
GEN24_1079748,Agree,Agree,Agree
GEN24_1079754,Disagree,NA,NA
GEN24_1079755,Agree,NA,NA
GEN24_1079773,Don't know / Not sure,Agree,Agree
GEN24_1079779,Disagree,Agree,Agree
GEN24_1079782,Agree,Agree,Agree
GEN24_1079783,Agree,Agree,Agree
GEN24_1079786,Agree,NA,NA
GEN24_1079787,Disagree,NA,NA
GEN24_1079793,Disagree,NA,NA
GEN24_1079794,Agree,NA,NA
GEN24_1079795,Agree,Agree,Agree
GEN24_1079803,Disagree,Agree,Agree
GEN24_1079809,Agree,NA,NA
GEN24_1079812,Agree,NA,NA
GEN24_1079820,Agree,NA,Agree
GEN24_1079822,Disagree,NA,NA
GEN24_1079830,Agree,NA,NA
GEN24_1079831,Disagree,NA,NA
GEN24_1079835,Don't know / Not sure,NA,NA
GEN24_1079837,Don't know / Not sure,Agree,Agree
GEN24_1079841,Disagree,NA,NA
GEN24_1079843,Agree,Agree,Agree
GEN24_1079844,Agree,NA,NA
GEN24_1079847,Agree,NA,NA
GEN24_1079855,Agree,NA,NA
GEN24_1079866,Disagree,NA,NA
GEN24_1079869,Agree,Agree,Agree
GEN24_1079874,Agree,Agree,Agree
GEN24_1079877,Agree,NA,NA
GEN24_1079882,Agree,Agree,Agree
GEN24_1079921,Agree,NA,NA
GEN24_1079924,Agree,Agree,Agree
GEN24_1079934,Agree,NA,NA
GEN24_1079951,Don't know / Not sure,Agree,Agree
GEN24_1079959,Agree,Agree,Agree
GEN24_1079966,Agree,Agree,Agree
GEN24_1079967,Agree,Agree,Agree
GEN24_1079969,Don't know / Not sure,Agree,Agree
GEN24_1079971,Agree,NA,NA
GEN24_1079972,Agree,Agree,Agree
GEN24_1079973,Agree,Agree,Agree
GEN24_1079989,Don't know / Not sure,NA,NA
GEN24_1080011,Agree,NA,NA
GEN24_1080012,Agree,Agree,Agree
GEN24_1080021,Agree,Disagree,Agree
GEN24_1080036,Agree,Agree,Agree
GEN24_1080039,Disagree,NA,NA
GEN24_1080041,Disagree,NA,NA
GEN24_1080045,Agree,Agree,Agree
GEN24_1080048,Don't know / Not sure,NA,NA
GEN24_1080051,Agree,NA,NA
GEN24_1080057,Agree,NA,NA
GEN24_1080068,Disagree,Agree,Agree
GEN24_1080071,Disagree,NA,NA
GEN24_1080072,Disagree,Agree,Agree
GEN24_1080074,Don't know / Not sure,Agree,Agree
GEN24_1080076,Disagree,NA,NA
GEN24_1080080,Agree,Agree,Agree
GEN24_1080083,Agree,NA,NA
GEN24_1080084,Disagree,Agree,Agree
GEN24_1080088,Agree,Agree,Agree
GEN24_1080089,Agree,NA,NA
GEN24_1080116,Agree,Agree,Agree
GEN24_1080118,Agree,NA,NA
GEN24_1080128,Agree,NA,NA
GEN24_1080143,Agree,Agree,Agree
GEN24_1080173,Agree,Agree,Agree
GEN24_1080183,Agree,Agree,Agree
GEN24_1080184,Agree,NA,NA
GEN24_1080186,Agree,Agree,Agree
GEN24_1080187,Don't know / Not sure,NA,NA
GEN24_1080188,Agree,NA,NA
GEN24_1080190,Don't know / Not sure,NA,Agree
GEN24_1080191,Don't know / Not sure,NA,NA
GEN24_1080197,Agree,Agree,Agree
GEN24_1080202,Agree,NA,NA
GEN24_1080209,Agree,NA,NA
GEN24_1080217,Agree,Agree,Agree
GEN24_1080222,Agree,NA,NA
GEN24_1080229,Agree,Agree,Agree
GEN24_1080232,Agree,NA,NA
GEN24_1080233,Don't know / Not sure,Agree,Agree
GEN24_1080234,Disagree,Agree,Agree
GEN24_1080237,Agree,NA,NA
GEN24_1080257,Disagree,NA,NA
GEN24_1080264,Agree,NA,NA
GEN24_1080279,Agree,NA,NA
GEN24_1080285,Agree,Agree,Agree
GEN24_1080292,Agree,Agree,NA
GEN24_1080308,Don't know / Not sure,Agree,Agree
GEN24_1080315,Disagree,NA,NA
GEN24_1080322,Disagree,Disagree,Disagree
GEN24_1080323,Agree,Agree,Agree
GEN24_1080331,Agree,NA,NA
GEN24_1080332,Don't know / Not sure,Agree,Agree
GEN24_1080346,Disagree,Agree,Agree
GEN24_1080348,Agree,NA,NA
GEN24_1080358,Disagree,Agree,Agree
GEN24_1080364,Disagree,NA,NA
GEN24_1080368,Agree,Agree,Agree
GEN24_1080371,Disagree,Agree,Agree
GEN24_1080377,Agree,NA,NA
GEN24_1080378,Agree,Agree,Agree
GEN24_1080379,Agree,Agree,Agree
GEN24_1080381,Agree,Agree,Agree
GEN24_1080389,Agree,Agree,Agree
GEN24_1080396,Agree,NA,NA
GEN24_1080408,Agree,NA,NA
GEN24_1080410,Don't know / Not sure,Agree,Agree
GEN24_1080422,Disagree,NA,NA
GEN24_1080443,Agree,Agree,Agree
GEN24_1080449,Agree,NA,NA
GEN24_1080458,Agree,Agree,Agree
GEN24_1080466,Agree,Agree,Agree
GEN24_1080475,Agree,Agree,Agree
GEN24_1080478,Don't know / Not sure,Agree,Agree
GEN24_1080482,Don't know / Not sure,NA,NA
GEN24_1080484,Agree,Agree,Agree
GEN24_1080496,Agree,Agree,Agree
GEN24_1080498,Agree,Agree,Agree
GEN24_1080500,Agree,NA,NA
GEN24_1080501,Don't know / Not sure,Agree,Agree
GEN24_1080502,Don't know / Not sure,Agree,Agree
GEN24_1080505,Don't know / Not sure,NA,NA
GEN24_1080508,Agree,NA,NA
GEN24_1080510,Disagree,NA,NA
GEN24_1080523,Agree,Agree,Agree
GEN24_1080537,Agree,NA,NA
GEN24_1080541,Agree,Agree,Agree
GEN24_1080543,Agree,NA,NA
GEN24_1080555,Don't know / Not sure,NA,Agree
GEN24_1080557,Disagree,NA,NA
GEN24_1080570,Don't know / Not sure,NA,NA
GEN24_1080571,Disagree,NA,NA
GEN24_1080575,Don't know / Not sure,NA,Agree
GEN24_1080579,Agree,Agree,Agree
GEN24_1080583,Don't know / Not sure,Agree,Agree
GEN24_1080587,Agree,NA,NA
GEN24_1080607,Agree,NA,NA
GEN24_1080609,Disagree,NA,NA
GEN24_1080610,Disagree,NA,NA
GEN24_1080616,Agree,Agree,Agree
GEN24_1080623,Disagree,NA,NA
GEN24_1080627,Don't know / Not sure,NA,NA
GEN24_1080628,Don't know / Not sure,NA,NA
GEN24_1080629,Agree,Agree,Agree
GEN24_1080630,Agree,NA,NA
GEN24_1080633,Don't know / Not sure,NA,NA
GEN24_1080635,Agree,NA,NA
GEN24_1080640,Agree,Agree,Agree
GEN24_1080657,Agree,Agree,Agree
GEN24_1080658,Agree,Agree,Agree
GEN24_1080664,Agree,NA,NA
GEN24_1080666,Agree,Agree,Agree
GEN24_1080677,Agree,Agree,Agree
GEN24_1080678,Agree,Agree,Agree
GEN24_1080687,Agree,NA,NA
GEN24_1080690,Disagree,NA,NA
GEN24_1080692,Agree,NA,NA
GEN24_1080693,Agree,Agree,Agree
GEN24_1080694,Disagree,NA,NA
GEN24_1080700,Agree,NA,NA
GEN24_1080708,Agree,NA,NA
GEN24_1080733,Agree,NA,NA
GEN24_1080742,Disagree,NA,NA
GEN24_1080746,Agree,Agree,Agree
GEN24_1080766,Agree,Agree,Agree
GEN24_1080774,Agree,Agree,Agree
GEN24_1080782,Agree,NA,NA
GEN24_1080783,Agree,Agree,Agree
GEN24_1080790,Don't know / Not sure,NA,NA
GEN24_1080793,Don't know / Not sure,NA,NA
GEN24_1080797,Agree,NA,NA
GEN24_1080817,Agree,NA,Agree
GEN24_1080828,Agree,NA,NA
GEN24_1080829,Don't know / Not sure,NA,NA
GEN24_1080833,Agree,Agree,Agree
GEN24_1080849,Don't know / Not sure,NA,NA
GEN24_1080861,Agree,NA,NA
GEN24_1080863,Don't know / Not sure,NA,NA
GEN24_1080871,Don't know / Not sure,NA,NA
GEN24_1080872,Agree,NA,NA
GEN24_1080877,Don't know / Not sure,NA,NA
GEN24_1080880,Agree,NA,NA
GEN24_1080882,Agree,Agree,Agree
GEN24_1080884,Disagree,NA,NA
GEN24_1080909,Don't know / Not sure,NA,NA
GEN24_1080915,Don't know / Not sure,NA,NA
GEN24_1080916,Agree,NA,NA
GEN24_1080917,Disagree,NA,NA
GEN24_1080932,Don't know / Not sure,NA,NA
GEN24_1080936,Don't know / Not sure,NA,NA
GEN24_1080943,Don't know / Not sure,NA,NA
GEN24_1080952,Agree,NA,NA
GEN24_1080954,Agree,Agree,Agree
GEN24_1080957,Agree,NA,NA
GEN24_1080963,Agree,NA,NA
GEN24_1080970,Don't know / Not sure,NA,NA
GEN24_1080973,Agree,NA,NA
GEN24_1080977,Agree,Disagree,Agree
GEN24_1080981,Disagree,Agree,Agree
GEN24_1080986,Agree,NA,NA
GEN24_1080996,Don't know / Not sure,NA,NA
GEN24_1081000,Don't know / Not sure,NA,NA
GEN24_1081003,Disagree,Agree,Disagree
GEN24_1081004,Don't know / Not sure,Agree,Agree
GEN24_1081006,Agree,Agree,Agree
GEN24_1081009,Disagree,Agree,Agree
GEN24_1081014,Agree,Agree,Agree
GEN24_1081028,Agree,NA,NA
GEN24_1081038,Agree,NA,Agree
GEN24_1081045,Agree,Agree,Agree
GEN24_1081049,Don't know / Not sure,NA,NA
GEN24_1081053,Agree,Agree,Agree
GEN24_1081054,Disagree,NA,NA
GEN24_1081056,Don't know / Not sure,Agree,Agree
GEN24_1081057,Agree,Agree,Agree
GEN24_1081060,Agree,NA,NA
GEN24_1081065,Disagree,Agree,Agree
GEN24_1081075,Agree,Agree,Agree
GEN24_1081081,Agree,Agree,Agree
GEN24_1081096,Agree,Agree,Agree
GEN24_1081098,Disagree,NA,NA
GEN24_1081099,Disagree,NA,NA
GEN24_1081110,Don't know / Not sure,Agree,Agree
GEN24_1081133,Agree,Agree,Agree
GEN24_1081134,Disagree,NA,NA
GEN24_1081137,Don't know / Not sure,NA,NA
GEN24_1081139,Don't know / Not sure,NA,NA
GEN24_1081140,Agree,Agree,Agree
GEN24_1081143,Agree,Agree,Agree
GEN24_1081144,Agree,NA,NA
GEN24_1081147,Agree,NA,NA
GEN24_1081156,Agree,NA,NA
GEN24_1081158,Disagree,Agree,Agree
GEN24_1081167,Don't know / Not sure,NA,NA
GEN24_1081170,Don't know / Not sure,NA,NA
GEN24_1081179,Disagree,Disagree,Agree
GEN24_1081180,Disagree,NA,NA
GEN24_1081183,Disagree,Agree,Agree
GEN24_1081184,Don't know / Not sure,NA,NA
GEN24_1081187,Agree,NA,NA
GEN24_1081190,Agree,NA,NA
GEN24_1081193,Agree,NA,NA
GEN24_1081197,Agree,Agree,Agree
GEN24_1081199,Agree,Agree,Agree
GEN24_1081203,Disagree,Agree,Agree
GEN24_1081219,Agree,NA,NA
GEN24_1081236,Disagree,NA,NA
GEN24_1081238,Agree,Agree,Agree
GEN24_1081240,Disagree,Agree,Disagree
GEN24_1081241,Agree,Agree,Disagree
GEN24_1081243,Don't know / Not sure,NA,NA
GEN24_1081252,Agree,NA,NA
GEN24_1081253,Don't know / Not sure,NA,NA
GEN24_1081262,Don't know / Not sure,NA,NA
GEN24_1081278,Disagree,NA,NA
GEN24_1081286,Agree,NA,NA
GEN24_1081302,Agree,NA,NA
GEN24_1081303,Don't know / Not sure,NA,NA
GEN24_1081315,Don't know / Not sure,NA,Agree
GEN24_1081323,Don't know / Not sure,Agree,Agree
GEN24_1081325,Agree,Agree,Agree
GEN24_1081342,Disagree,Agree,Agree
GEN24_1081351,Don't know / Not sure,Agree,Agree
GEN24_1081357,Agree,Agree,Agree
GEN24_1081362,Disagree,NA,NA
GEN24_1081365,Agree,NA,NA
GEN24_1081369,Agree,Agree,Agree
GEN24_1081379,Don't know / Not sure,NA,NA
GEN24_1081401,Agree,NA,NA
GEN24_1081403,Disagree,NA,NA
GEN24_1081406,Agree,NA,NA
GEN24_1081422,Agree,NA,NA
GEN24_1081435,Disagree,NA,NA
GEN24_1081437,Agree,Agree,Agree
GEN24_1081440,Don't know / Not sure,Agree,Agree
GEN24_1081442,Agree,Agree,Agree
GEN24_1081443,Agree,NA,NA
GEN24_1081445,Agree,NA,NA
GEN24_1081454,Disagree,NA,NA
GEN24_1081456,Agree,NA,NA
GEN24_1081458,Disagree,Agree,Disagree
GEN24_1081459,Don't know / Not sure,Agree,Agree
GEN24_1081461,Don't know / Not sure,NA,NA
GEN24_1081463,Disagree,NA,NA
GEN24_1081486,Agree,NA,NA
GEN24_1081491,Agree,NA,NA
GEN24_1081502,Don't know / Not sure,NA,NA
GEN24_1081510,Don't know / Not sure,NA,NA
GEN24_1081519,Agree,Agree,Agree
GEN24_1081521,Don't know / Not sure,NA,NA
GEN24_1081525,Agree,Agree,Agree
GEN24_1081528,Disagree,Agree,Agree
GEN24_1081531,Agree,NA,NA
GEN24_1081532,Disagree,Agree,Agree
GEN24_1081533,Agree,NA,NA
GEN24_1081536,Agree,NA,NA
GEN24_1081548,Agree,Agree,Agree
GEN24_1081556,Agree,NA,NA
GEN24_1081559,Agree,NA,NA
GEN24_1081565,Agree,NA,NA
GEN24_1081574,Agree,NA,NA
GEN24_1081591,Agree,NA,NA
GEN24_1081596,Agree,NA,NA
GEN24_1081597,Disagree,NA,NA
GEN24_1081601,Don't know / Not sure,Agree,Agree
GEN24_1081610,Agree,Agree,Agree
GEN24_1081615,Disagree,NA,NA
GEN24_1081616,Don't know / Not sure,NA,NA
GEN24_1081622,Agree,NA,NA
GEN24_1081624,Don't know / Not sure,NA,NA
GEN24_1081625,Agree,Agree,Agree
GEN24_1081636,Disagree,NA,NA
GEN24_1081638,Agree,Agree,Agree
GEN24_1081640,Agree,Agree,Agree
GEN24_1081647,Agree,NA,NA
GEN24_1081648,Disagree,NA,NA
GEN24_1081649,Disagree,NA,NA
GEN24_1081650,Don't know / Not sure,NA,NA
GEN24_1081653,Agree,Agree,Agree
GEN24_1081654,Agree,Agree,Agree
GEN24_1081658,Disagree,NA,NA
GEN24_1081666,Agree,NA,NA
GEN24_1081668,Agree,Agree,Agree
GEN24_1081675,Agree,NA,NA
GEN24_1081676,Agree,NA,NA
GEN24_1081690,Agree,Agree,Agree
GEN24_1081691,Don't know / Not sure,NA,NA
GEN24_1081701,Disagree,NA,NA
GEN24_1081711,Disagree,NA,NA
GEN24_1081714,Don't know / Not sure,NA,NA
GEN24_1081726,Agree,NA,NA
GEN24_1081729,Agree,NA,NA
GEN24_1081731,Don't know / Not sure,NA,NA
GEN24_1081742,Agree,NA,NA
GEN24_1081757,Don't know / Not sure,NA,NA
GEN24_1081780,Agree,Agree,Agree
GEN24_1081784,Don't know / Not sure,NA,NA
GEN24_1081821,Agree,Agree,Agree
GEN24_1081826,Disagree,NA,NA
GEN24_1081827,Disagree,NA,NA
GEN24_1081829,Disagree,NA,NA
GEN24_1081831,Disagree,NA,NA
GEN24_1081833,Disagree,NA,NA
GEN24_1081851,Disagree,NA,NA
GEN24_1081855,Agree,Agree,Agree
GEN24_1081868,Disagree,NA,NA
GEN24_1081869,Agree,Agree,Agree
GEN24_1081870,Disagree,Agree,Agree
GEN24_1081872,Don't know / Not sure,NA,NA
GEN24_1081875,Disagree,Agree,Agree
GEN24_1081881,Agree,Agree,Agree
GEN24_1081888,Disagree,NA,NA
GEN24_1081891,Don't know / Not sure,NA,NA
GEN24_1081899,Agree,NA,NA
GEN24_1081911,Agree,Agree,Agree
GEN24_1081913,Disagree,Disagree,Disagree
GEN24_1081937,Agree,NA,NA
GEN24_1081939,Disagree,NA,NA
GEN24_1081942,Disagree,Agree,Agree
GEN24_1081944,Agree,NA,NA
GEN24_1081946,Don't know / Not sure,NA,NA
GEN24_1081951,Agree,NA,NA
GEN24_1081952,Agree,Agree,Agree
GEN24_1081960,Don't know / Not sure,Agree,Agree
GEN24_1081961,Don't know / Not sure,Agree,Agree
GEN24_1081977,Agree,Agree,Agree
GEN24_1081978,Agree,NA,NA
GEN24_1081981,Agree,Agree,Agree
GEN24_1081990,Agree,Agree,Agree
GEN24_1081994,Don't know / Not sure,Agree,Agree
GEN24_1081999,Agree,NA,NA
GEN24_1082023,Agree,NA,NA
GEN24_1082026,Agree,NA,NA
GEN24_1082027,Disagree,NA,NA
GEN24_1082028,Disagree,NA,NA
GEN24_1082029,Disagree,NA,NA
GEN24_1082056,Don't know / Not sure,NA,NA
GEN24_1082058,Agree,NA,NA
GEN24_1082063,Disagree,Agree,Agree
GEN24_1082066,Agree,Agree,Agree
GEN24_1082103,Agree,NA,NA
GEN24_1082115,Agree,NA,NA
GEN24_1082118,Agree,Agree,Agree
GEN24_1082125,Don't know / Not sure,NA,Agree
GEN24_1082127,Disagree,NA,NA
GEN24_1082144,Agree,Agree,Agree
GEN24_1082155,Agree,Agree,Agree
GEN24_1082156,Disagree,NA,NA
GEN24_1082175,Agree,Agree,Agree
GEN24_1082177,Don't know / Not sure,NA,NA
GEN24_1082216,Agree,Agree,Agree
GEN24_1082217,Agree,Agree,Agree
GEN24_1082224,Don't know / Not sure,Agree,Agree
GEN24_1082254,Don't know / Not sure,NA,NA
GEN24_1082261,Agree,NA,NA
GEN24_1082265,Agree,NA,NA
GEN24_1082266,Agree,Agree,Agree
GEN24_1082268,Agree,NA,NA
GEN24_1082269,Don't know / Not sure,Agree,Agree
GEN24_1082281,Disagree,NA,NA
GEN24_1082286,Agree,Agree,Agree
GEN24_1082296,Disagree,NA,NA
GEN24_1082302,Agree,NA,NA
GEN24_1082308,Agree,Agree,Agree
GEN24_1082309,Don't know / Not sure,NA,NA
GEN24_1082327,Agree,NA,NA
GEN24_1082335,Agree,NA,NA
GEN24_1082347,Agree,Agree,Agree
GEN24_1082373,Agree,Agree,Agree
GEN24_1082376,Agree,NA,NA
GEN24_1082379,Disagree,NA,NA
GEN24_1082387,Agree,NA,NA
GEN24_1082389,Agree,NA,NA
GEN24_1082412,Agree,Agree,Agree
GEN24_1082413,Don't know / Not sure,NA,NA
GEN24_1082426,Agree,NA,NA
GEN24_1082437,Agree,NA,NA
GEN24_1082448,Agree,Agree,Agree
GEN24_1082451,Don't know / Not sure,Agree,Agree
GEN24_1082457,Agree,NA,NA
GEN24_1082462,Don't know / Not sure,Agree,Agree
GEN24_1082480,Disagree,NA,NA
GEN24_1082506,Agree,Agree,Agree
GEN24_1082508,Agree,Agree,Agree
GEN24_1082517,Agree,Agree,Agree
GEN24_1082519,Don't know / Not sure,NA,NA
GEN24_1082526,Don't know / Not sure,Agree,Agree
GEN24_1082529,Disagree,NA,NA
GEN24_1082539,Agree,NA,NA
GEN24_1082541,Don't know / Not sure,Agree,Agree
GEN24_1082542,Disagree,NA,NA
GEN24_1082550,Don't know / Not sure,NA,NA
GEN24_1082561,Don't know / Not sure,NA,NA
GEN24_1082562,Disagree,Agree,Disagree
GEN24_1082579,Agree,Agree,Agree
GEN24_1082589,Agree,NA,NA
GEN24_1082602,Agree,Agree,Agree
GEN24_1082607,Don't know / Not sure,NA,NA
GEN24_1082610,Disagree,NA,NA
GEN24_1082611,Agree,NA,NA
GEN24_1082621,Don't know / Not sure,NA,NA
GEN24_1082628,Agree,NA,NA
GEN24_1082632,Agree,NA,NA
GEN24_1082641,Agree,Agree,Agree
GEN24_1082645,Agree,Agree,Agree
GEN24_1082647,Agree,Agree,Agree
GEN24_1082650,Agree,NA,NA
GEN24_1082652,Disagree,Agree,Agree
GEN24_1082654,Agree,Agree,Agree
GEN24_1082662,Agree,Agree,Agree
GEN24_1082669,Don't know / Not sure,Agree,NA
GEN24_1082698,Agree,NA,NA
GEN24_1082700,Don't know / Not sure,NA,NA
GEN24_1082702,Agree,Agree,Agree
GEN24_1082709,Don't know / Not sure,NA,NA
GEN24_1082715,Don't know / Not sure,NA,NA
GEN24_1082729,Don't know / Not sure,NA,Agree
GEN24_1082731,Agree,NA,NA
GEN24_1082733,Agree,NA,NA
GEN24_1082735,Agree,NA,NA
GEN24_1082758,Don't know / Not sure,NA,NA
GEN24_1082768,Disagree,NA,NA
GEN24_1082774,Agree,Agree,Agree
GEN24_1082775,Disagree,Agree,Agree
GEN24_1082776,Agree,Agree,Agree
GEN24_1082777,Disagree,Agree,Agree
GEN24_1082780,Don't know / Not sure,NA,NA
GEN24_1082782,Disagree,NA,NA
GEN24_1082790,Agree,NA,NA
GEN24_1082797,Agree,Agree,Agree
GEN24_1082801,Agree,NA,NA
GEN24_1082802,Agree,NA,NA
GEN24_1082808,Agree,Agree,Agree
GEN24_1082809,Agree,Disagree,NA
GEN24_1082813,Disagree,NA,NA
GEN24_1082817,Agree,NA,NA
GEN24_1082820,Don't know / Not sure,NA,NA
GEN24_1082823,Agree,Agree,Agree
GEN24_1082824,Agree,Agree,Agree
GEN24_1082860,Don't know / Not sure,NA,NA
GEN24_1082864,Agree,NA,NA
GEN24_1082870,Don't know / Not sure,NA,NA
GEN24_1082879,Don't know / Not sure,Agree,Agree
GEN24_1082886,Agree,Agree,Agree
GEN24_1082902,Disagree,Agree,Agree
GEN24_1082916,Agree,Agree,Agree
GEN24_1082921,Agree,Agree,Agree
GEN24_1082924,Disagree,NA,NA
GEN24_1082939,Agree,Agree,Agree
GEN24_1082950,Don't know / Not sure,NA,NA
GEN24_1082955,Disagree,NA,NA
GEN24_1082958,Agree,Agree,Agree
GEN24_1082960,Agree,NA,Agree
GEN24_1082964,Agree,NA,NA
GEN24_1082974,Don't know / Not sure,NA,NA
GEN24_1082977,Agree,Agree,Agree
GEN24_1082985,Agree,NA,NA
GEN24_1082986,Agree,NA,NA
GEN24_1082988,Agree,Agree,Agree
GEN24_1082992,Agree,NA,Agree
GEN24_1082995,Disagree,NA,NA
GEN24_1083002,Don't know / Not sure,Agree,Agree
GEN24_1083005,Don't know / Not sure,Agree,Agree
GEN24_1083012,Agree,Agree,Agree
GEN24_1083026,Disagree,NA,NA
GEN24_1083038,Agree,NA,NA
GEN24_1083065,Agree,Agree,NA
GEN24_1083089,Agree,Agree,Agree
GEN24_1083094,Agree,Agree,Agree
GEN24_1083102,Disagree,Agree,Agree
GEN24_1083103,Disagree,Agree,Agree
GEN24_1083108,Don't know / Not sure,NA,NA
GEN24_1083115,Don't know / Not sure,Agree,Agree
GEN24_1083123,Agree,NA,NA
GEN24_1083131,Disagree,Agree,Agree
GEN24_1083135,Agree,Agree,Agree
GEN24_1083139,Don't know / Not sure,Agree,Agree
GEN24_1083150,Don't know / Not sure,Agree,Agree
GEN24_1083160,Disagree,Agree,NA
GEN24_1083170,Agree,NA,NA
GEN24_1083182,Don't know / Not sure,Agree,Agree
GEN24_1083189,Disagree,NA,NA
GEN24_1083193,Disagree,NA,NA
GEN24_1083194,Disagree,NA,NA
GEN24_1083203,Agree,NA,NA
GEN24_1083212,Agree,Agree,Agree
GEN24_1083216,Don't know / Not sure,Agree,Agree
GEN24_1083218,Disagree,NA,NA
GEN24_1083223,Disagree,NA,NA
GEN24_1083231,Agree,Agree,Agree
GEN24_1083232,Don't know / Not sure,NA,NA
GEN24_1083233,Agree,NA,Agree
GEN24_1083245,Agree,NA,NA
GEN24_1083250,Agree,Agree,Disagree
GEN24_1083252,Agree,Agree,Agree
GEN24_1083255,Agree,Agree,Agree
GEN24_1083260,Agree,Agree,Agree
GEN24_1083265,Don't know / Not sure,Agree,NA
GEN24_1083268,Don't know / Not sure,NA,NA
GEN24_1083271,Agree,NA,NA
GEN24_1083279,Agree,Agree,Agree
GEN24_1083286,Agree,NA,NA
GEN24_1083287,Don't know / Not sure,NA,NA
GEN24_1083307,Agree,Agree,Agree
GEN24_1083327,Agree,Agree,Agree
GEN24_1083332,Don't know / Not sure,NA,NA
GEN24_1083334,Don't know / Not sure,NA,NA
GEN24_1083335,Agree,NA,NA
GEN24_1083358,Agree,NA,NA
GEN24_1083372,Disagree,NA,NA
GEN24_1083388,Agree,NA,NA
GEN24_1083397,Agree,Agree,Agree
GEN24_1083402,Disagree,NA,NA
GEN24_1083404,Agree,NA,NA
GEN24_1083413,Agree,NA,NA
GEN24_1083418,Agree,NA,Agree
GEN24_1083423,Agree,Agree,Agree
GEN24_1083426,Disagree,Agree,NA
GEN24_1083429,Disagree,NA,NA
GEN24_1083436,Agree,NA,NA
GEN24_1083437,Agree,NA,NA
GEN24_1083449,Disagree,NA,NA
GEN24_1083468,Agree,NA,NA
GEN24_1083470,Disagree,NA,NA
GEN24_1083473,Don't know / Not sure,NA,NA
GEN24_1083475,Agree,NA,NA
GEN24_1083481,Disagree,Agree,Agree
GEN24_1083488,Don't know / Not sure,NA,NA
GEN24_1083495,Agree,NA,NA
GEN24_1083500,Disagree,NA,NA
GEN24_1083505,Disagree,Agree,Agree
GEN24_1083506,Don't know / Not sure,NA,NA
GEN24_1083508,Agree,NA,NA
GEN24_1083510,Disagree,NA,NA
GEN24_1083520,Agree,NA,NA
GEN24_1083521,Agree,NA,NA
GEN24_1083522,Don't know / Not sure,NA,NA
GEN24_1083530,Agree,NA,NA
GEN24_1083532,Agree,Agree,Agree
GEN24_1083539,Agree,Agree,Agree
GEN24_1083541,Agree,Agree,Agree
GEN24_1083545,Don't know / Not sure,Agree,Agree
GEN24_1083550,Disagree,NA,NA
GEN24_1083553,Agree,Agree,Agree
GEN24_1083564,Agree,NA,NA
GEN24_1083571,Disagree,NA,NA
GEN24_1083575,Don't know / Not sure,Agree,Agree
GEN24_1083581,Agree,Agree,Agree
GEN24_1083590,Don't know / Not sure,Agree,Agree
GEN24_1083591,Agree,NA,NA
GEN24_1083604,Disagree,NA,NA
GEN24_1083610,Agree,Disagree,Agree
GEN24_1083634,Agree,Agree,Agree
GEN24_1083644,Agree,Agree,Agree
GEN24_1083658,Agree,NA,NA
GEN24_1083665,Agree,Agree,Agree
GEN24_1083676,Agree,NA,NA
GEN24_1083677,Agree,NA,Agree
GEN24_1083685,Agree,Agree,Agree
GEN24_1083686,Disagree,NA,NA
GEN24_1083688,Disagree,Agree,NA
GEN24_1083689,Agree,Disagree,Disagree
GEN24_1083691,Don't know / Not sure,NA,Agree
GEN24_1083692,Don't know / Not sure,NA,NA
GEN24_1083693,Agree,NA,NA
GEN24_1083703,Agree,Agree,Agree
GEN24_1083707,Disagree,Agree,Agree
GEN24_1083710,Agree,NA,NA
GEN24_1083729,Agree,NA,NA
GEN24_1083731,Agree,NA,Agree
GEN24_1083732,Don't know / Not sure,Agree,Agree
GEN24_1083735,Agree,Agree,Agree
GEN24_1083736,Disagree,Agree,Agree
GEN24_1083737,Don't know / Not sure,Agree,Agree
GEN24_1083738,Disagree,Agree,Agree
GEN24_1083758,Disagree,NA,NA
GEN24_1083764,Agree,Agree,Agree
GEN24_1083790,Agree,Agree,Agree
GEN24_1083818,Don't know / Not sure,Agree,Agree
GEN24_1083825,Agree,Agree,Agree
GEN24_1083826,Agree,Agree,Agree
GEN24_1083835,Don't know / Not sure,NA,NA
GEN24_1083846,Disagree,Agree,Agree
GEN24_1083858,Don't know / Not sure,NA,NA
GEN24_1083865,Agree,Agree,Agree
GEN24_1083868,Agree,NA,NA
GEN24_1083872,Agree,NA,NA
GEN24_1083879,Don't know / Not sure,Agree,Agree
GEN24_1083898,Agree,Agree,Agree
GEN24_1083899,Disagree,Agree,Agree
GEN24_1083911,Agree,NA,NA
GEN24_1083921,Don't know / Not sure,NA,NA
GEN24_1083931,Agree,NA,NA
GEN24_1083934,Don't know / Not sure,NA,NA
GEN24_1083942,Disagree,NA,NA
GEN24_1083944,Agree,Agree,Agree
GEN24_1083966,Agree,Agree,Agree
GEN24_1083971,Agree,Agree,Agree
GEN24_1083979,Agree,NA,NA
GEN24_1083981,Agree,Agree,Agree
GEN24_1084005,Agree,Agree,Agree
GEN24_1084011,Don't know / Not sure,NA,NA
GEN24_1084016,Agree,Agree,Agree
GEN24_1084037,Agree,Disagree,NA
GEN24_1084044,Disagree,NA,NA
GEN24_1084050,Agree,Agree,Agree
GEN24_1084056,Agree,NA,NA
GEN24_1084063,Agree,NA,NA
GEN24_1084066,Disagree,NA,NA
GEN24_1084072,Don't know / Not sure,NA,NA
GEN24_1084075,Agree,NA,NA
GEN24_1084083,Agree,Agree,Agree
GEN24_1084084,Disagree,NA,NA
GEN24_1084089,Agree,NA,NA
GEN24_1084095,Disagree,Disagree,Agree
GEN24_1084104,Agree,Agree,Agree
GEN24_1084111,Agree,NA,NA
GEN24_1084117,Agree,Agree,Agree
GEN24_1084119,Don't know / Not sure,NA,NA
GEN24_1084121,Don't know / Not sure,NA,NA
GEN24_1084122,Don't know / Not sure,Agree,NA
GEN24_1084126,Agree,NA,NA
GEN24_1084132,Agree,NA,NA
GEN24_1084138,Disagree,NA,NA
GEN24_1084140,Don't know / Not sure,NA,NA
GEN24_1084148,Don't know / Not sure,NA,NA
GEN24_1084155,Agree,Agree,Agree
GEN24_1084165,Agree,Agree,NA
GEN24_1084186,Agree,Agree,Agree
GEN24_1084187,Agree,Agree,Agree
GEN24_1084192,Agree,Agree,Agree
GEN24_1084193,Don't know / Not sure,NA,NA
GEN24_1084237,Disagree,NA,NA
GEN24_1084247,Don't know / Not sure,NA,NA
GEN24_1084248,Disagree,NA,NA
GEN24_1084255,Disagree,NA,NA
GEN24_1084259,Agree,Agree,Agree
GEN24_1084263,Agree,Agree,Agree
GEN24_1084284,Agree,Agree,Agree
GEN24_1084285,Agree,NA,NA
GEN24_1084286,Disagree,NA,NA
GEN24_1084288,Don't know / Not sure,NA,NA
GEN24_1084291,Agree,Agree,Agree
GEN24_1084294,Agree,NA,NA
GEN24_1084295,Don't know / Not sure,NA,NA
GEN24_1084297,Agree,NA,NA
GEN24_1084304,Agree,NA,NA
GEN24_1084308,Agree,NA,NA
GEN24_1084312,Agree,NA,NA
GEN24_1084313,Agree,NA,NA
GEN24_1084325,Agree,NA,NA
GEN24_1084326,Disagree,NA,NA
GEN24_1084333,Disagree,NA,NA
GEN24_1084335,Don't know / Not sure,NA,NA
GEN24_1084365,Disagree,Agree,Agree
GEN24_1084367,Don't know / Not sure,NA,NA
GEN24_1084370,Agree,Agree,Agree
GEN24_1084382,Disagree,NA,NA
GEN24_1084386,Agree,Agree,Agree
GEN24_1084390,Agree,NA,NA
GEN24_1084398,Agree,NA,NA
GEN24_1084403,Disagree,NA,NA
GEN24_1084418,Don't know / Not sure,NA,NA
GEN24_1084421,Don't know / Not sure,Agree,Agree
GEN24_1084439,Disagree,NA,NA
GEN24_1084442,Agree,Agree,Agree
GEN24_1084464,Don't know / Not sure,NA,NA
GEN24_1084471,Agree,Disagree,Agree
GEN24_1084481,Don't know / Not sure,NA,NA
GEN24_1084485,Agree,NA,NA
GEN24_1084486,Disagree,Agree,Agree
GEN24_1084494,Don't know / Not sure,NA,NA
GEN24_1084496,Agree,NA,NA
GEN24_1084500,Don't know / Not sure,NA,NA
GEN24_1084516,Agree,NA,NA
GEN24_1084524,Disagree,NA,NA
GEN24_1084533,Agree,NA,NA
GEN24_1084542,Disagree,Agree,Agree
GEN24_1084558,Don't know / Not sure,NA,NA
GEN24_1084563,Don't know / Not sure,NA,NA
GEN24_1084578,Don't know / Not sure,NA,NA
GEN24_1084583,Agree,Agree,Agree
GEN24_1084586,Agree,Agree,Agree
GEN24_1084590,Disagree,NA,NA
GEN24_1084600,Agree,NA,Agree
GEN24_1084601,Don't know / Not sure,Agree,NA
GEN24_1084602,Disagree,NA,NA
GEN24_1084616,Agree,NA,NA
GEN24_1084622,Agree,Agree,Agree
GEN24_1084623,Disagree,NA,NA
GEN24_1084631,Don't know / Not sure,NA,NA
GEN24_1084641,Agree,Agree,Agree
GEN24_1084649,Agree,NA,NA
GEN24_1084653,Disagree,NA,NA
GEN24_1084670,Agree,NA,NA
GEN24_1084673,Agree,Agree,Agree
GEN24_1084675,Don't know / Not sure,NA,NA
GEN24_1084677,Don't know / Not sure,NA,NA
GEN24_1084688,Agree,Agree,Agree
GEN24_1084690,Don't know / Not sure,NA,NA
GEN24_1084698,Agree,Agree,Agree
GEN24_1084700,Agree,Agree,Agree
GEN24_1084703,Agree,Agree,Agree
GEN24_1084706,Agree,Agree,Agree
GEN24_1084715,Disagree,NA,NA
GEN24_1084716,Disagree,Agree,Agree
GEN24_1084719,Don't know / Not sure,NA,NA
GEN24_1084727,Agree,Agree,Agree
GEN24_1084735,Agree,NA,NA
GEN24_1084738,Disagree,NA,NA
GEN24_1084745,Don't know / Not sure,NA,NA
GEN24_1084747,Don't know / Not sure,NA,NA
GEN24_1084756,Disagree,NA,NA
GEN24_1084760,Disagree,NA,NA
GEN24_1084766,Agree,Agree,Agree
GEN24_1084776,Agree,NA,NA
GEN24_1084785,Don't know / Not sure,NA,NA
GEN24_1084792,Don't know / Not sure,NA,NA
GEN24_1084804,Agree,Agree,Agree
GEN24_1084806,Disagree,Agree,Agree
GEN24_1084808,Disagree,Agree,Agree
GEN24_1084811,Agree,NA,NA
GEN24_1084820,Don't know / Not sure,Agree,Agree
GEN24_1084822,Don't know / Not sure,Agree,Agree
GEN24_1084830,Don't know / Not sure,NA,NA
GEN24_1084836,Agree,NA,NA
GEN24_1084841,Agree,NA,NA
GEN24_1084845,Disagree,Agree,Agree
GEN24_1084854,Agree,NA,NA
GEN24_1084857,Agree,Agree,Agree
GEN24_1084858,Agree,Agree,Agree
GEN24_1084884,Don't know / Not sure,Agree,Agree
GEN24_1084885,Agree,NA,NA
GEN24_1084902,Agree,NA,NA
GEN24_1084904,Disagree,NA,NA
GEN24_1084922,Agree,NA,NA
GEN24_1084970,Disagree,NA,Agree
GEN24_1084971,Agree,NA,NA
GEN24_1084977,Agree,Agree,Agree
GEN24_1084996,Agree,NA,NA
GEN24_1084997,Don't know / Not sure,Agree,Agree
GEN24_1085009,Agree,NA,NA
GEN24_1085013,Don't know / Not sure,NA,NA
GEN24_1085016,Disagree,Agree,NA
GEN24_1085025,Agree,NA,NA
GEN24_1085042,Disagree,NA,NA
GEN24_1085069,Don't know / Not sure,Agree,Agree
GEN24_1085074,Agree,Agree,Agree
GEN24_1085077,Agree,Agree,Agree
GEN24_1085078,Don't know / Not sure,NA,NA
GEN24_1085086,Agree,Agree,Agree
GEN24_1085091,Don't know / Not sure,Agree,Agree
GEN24_1085096,Don't know / Not sure,NA,NA
GEN24_1085102,Don't know / Not sure,Agree,Agree
GEN24_1085103,Disagree,Agree,Agree
GEN24_1085104,Don't know / Not sure,NA,NA
GEN24_1085107,Agree,NA,NA
GEN24_1085118,Disagree,NA,NA
GEN24_1085123,Don't know / Not sure,NA,NA
GEN24_1085125,Agree,Agree,Agree
GEN24_1085130,Disagree,NA,NA
GEN24_1085137,Agree,Agree,Agree
GEN24_1085147,Agree,NA,Agree
GEN24_1085151,Agree,NA,NA
GEN24_1085152,Don't know / Not sure,NA,NA
GEN24_1085153,Agree,Agree,Agree
GEN24_1085158,Don't know / Not sure,Agree,Agree
GEN24_1085163,Don't know / Not sure,NA,NA
GEN24_1085165,Disagree,Agree,Agree
GEN24_1085168,Agree,Agree,Agree
GEN24_1085176,Don't know / Not sure,NA,NA
GEN24_1085177,Don't know / Not sure,NA,NA
GEN24_1085182,Agree,NA,NA
GEN24_1085189,Agree,Agree,Agree
GEN24_1085228,Disagree,NA,NA
GEN24_1085238,Agree,Agree,Agree
GEN24_1085241,Don't know / Not sure,NA,NA
GEN24_1085242,Don't know / Not sure,NA,NA
GEN24_1085249,Agree,Agree,Agree
GEN24_1085259,Don't know / Not sure,NA,NA
GEN24_1085261,Don't know / Not sure,NA,NA
GEN24_1085267,Agree,Agree,Agree
GEN24_1085279,Agree,Agree,Agree
GEN24_1085280,Agree,NA,NA
GEN24_1085284,Agree,NA,NA
GEN24_1085286,Don't know / Not sure,Agree,Agree
GEN24_1085287,Agree,NA,NA
GEN24_1085293,Agree,NA,NA
GEN24_1085296,Agree,Agree,Agree
GEN24_1085297,Don't know / Not sure,NA,NA
GEN24_1085301,Agree,Agree,Agree
GEN24_1085302,Agree,Agree,Agree
GEN24_1085304,Disagree,NA,NA
GEN24_1085307,Don't know / Not sure,NA,NA
GEN24_1085329,Agree,Agree,Agree
GEN24_1085341,Agree,NA,NA
GEN24_1085348,Agree,NA,NA
GEN24_1085349,Don't know / Not sure,Agree,Agree
GEN24_1085367,Agree,NA,NA
GEN24_1085376,Agree,NA,NA
GEN24_1085386,Agree,Agree,Agree
GEN24_1085393,Agree,NA,NA
GEN24_1085394,Agree,Agree,Agree
GEN24_1085396,Agree,Agree,Agree
GEN24_1085398,Agree,Agree,Agree
GEN24_1085400,Agree,NA,NA
GEN24_1085403,Agree,Agree,Agree
GEN24_1085404,Agree,NA,NA
GEN24_1085412,Disagree,NA,NA
GEN24_1085420,Disagree,NA,NA
GEN24_1085425,Disagree,Agree,NA
GEN24_1085437,Agree,Agree,Agree
GEN24_1085442,Don't know / Not sure,Agree,Agree
GEN24_1085446,Disagree,Agree,Agree
GEN24_1085447,Disagree,NA,NA
GEN24_1085448,Don't know / Not sure,NA,NA
GEN24_1085450,Don't know / Not sure,Agree,Agree
GEN24_1085454,Disagree,Agree,Agree
GEN24_1085467,Don't know / Not sure,Agree,Agree
GEN24_1085470,Agree,NA,NA
GEN24_1085472,Don't know / Not sure,NA,Agree
GEN24_1085475,Disagree,NA,NA
GEN24_1085480,Disagree,NA,NA
GEN24_1085491,Agree,NA,NA
GEN24_1085496,Agree,Agree,Agree
GEN24_1085525,Agree,NA,NA
GEN24_1085526,Agree,NA,NA
GEN24_1085527,Agree,NA,NA
GEN24_1085533,Agree,NA,NA
GEN24_1085534,Disagree,NA,NA
GEN24_1085536,Don't know / Not sure,NA,NA
GEN24_1085543,Agree,Agree,Agree
GEN24_1085548,Agree,Agree,Agree
GEN24_1085549,Agree,Agree,Agree
GEN24_1085550,Agree,Agree,Agree
GEN24_1085553,Don't know / Not sure,Agree,Agree
GEN24_1085558,Agree,Agree,Agree
GEN24_1085561,Agree,NA,NA
GEN24_1085564,Disagree,NA,NA
GEN24_1085570,Agree,NA,NA
GEN24_1085571,Agree,Agree,Agree
GEN24_1085574,Agree,NA,Agree
GEN24_1085575,Agree,Agree,NA
GEN24_1085579,Agree,Agree,Agree
GEN24_1085595,Don't know / Not sure,NA,Agree
GEN24_1085596,Agree,NA,NA
GEN24_1085597,Don't know / Not sure,Agree,Agree
GEN24_1085601,Disagree,NA,NA
GEN24_1085603,Don't know / Not sure,NA,NA
GEN24_1085604,Agree,Agree,Agree
GEN24_1085606,Don't know / Not sure,Agree,Agree
GEN24_1085610,Agree,NA,NA
GEN24_1085623,Don't know / Not sure,NA,NA
GEN24_1085629,Agree,NA,NA
GEN24_1085633,Agree,NA,NA
GEN24_1085638,Don't know / Not sure,NA,NA
GEN24_1085642,Agree,NA,NA
GEN24_1085645,Agree,Agree,Agree
GEN24_1085650,Agree,NA,NA
GEN24_1085658,Agree,NA,NA
GEN24_1085663,Agree,Agree,Agree
GEN24_1085666,Agree,Agree,Agree
GEN24_1085676,Disagree,NA,NA
GEN24_1085696,Agree,NA,NA
GEN24_1085704,Agree,NA,NA
GEN24_1085705,Agree,Agree,Agree
GEN24_1085720,Don't know / Not sure,Agree,Agree
GEN24_1085721,Disagree,NA,NA
GEN24_1085722,Agree,Agree,Agree
GEN24_1085729,Agree,NA,NA
GEN24_1085730,Don't know / Not sure,Agree,Agree
GEN24_1085732,Agree,Agree,Agree
GEN24_1085733,Agree,NA,NA
GEN24_1085734,Agree,Agree,Agree
GEN24_1085736,Don't know / Not sure,NA,NA
GEN24_1085739,Don't know / Not sure,Agree,Agree
GEN24_1085743,Agree,Agree,Agree
GEN24_1085745,Agree,Agree,Agree
GEN24_1085746,Agree,NA,NA
GEN24_1085755,Agree,Agree,Agree
GEN24_1085756,Disagree,NA,NA
GEN24_1085757,Agree,Agree,Agree
GEN24_1085759,Disagree,NA,NA
GEN24_1085766,Agree,Agree,Agree
GEN24_1085773,Don't know / Not sure,NA,NA
GEN24_1085777,Agree,NA,NA
GEN24_1085786,Disagree,NA,NA
GEN24_1085787,Don't know / Not sure,Agree,Agree
GEN24_1085789,Don't know / Not sure,NA,NA
GEN24_1085793,Don't know / Not sure,NA,NA
GEN24_1085798,Disagree,Agree,Agree
GEN24_1085806,Agree,Agree,Agree
GEN24_1085807,Don't know / Not sure,NA,NA
GEN24_1085828,Agree,Agree,Agree
GEN24_1085836,Don't know / Not sure,Agree,Agree
GEN24_1085846,Agree,NA,NA
GEN24_1085860,Agree,NA,NA
GEN24_1085884,Don't know / Not sure,Disagree,Disagree
GEN24_1085893,Disagree,Agree,Agree
GEN24_1085895,Don't know / Not sure,Agree,Agree
GEN24_1085902,Don't know / Not sure,NA,NA
GEN24_1085903,Agree,Agree,Agree
GEN24_1085906,Agree,Disagree,Agree
GEN24_1085921,Disagree,NA,NA
GEN24_1085938,Disagree,NA,NA
GEN24_1085942,Agree,Agree,Agree
GEN24_1085958,Agree,Agree,Agree
GEN24_1085961,Agree,Agree,Agree
GEN24_1085964,Disagree,NA,NA
GEN24_1085971,Disagree,NA,NA
GEN24_1085977,Agree,NA,NA
GEN24_1085978,Disagree,Agree,Disagree
GEN24_1085984,Disagree,NA,NA
GEN24_1085994,Agree,Agree,Agree
GEN24_1085999,Agree,NA,NA
GEN24_1086008,Don't know / Not sure,Agree,NA
GEN24_1086028,Agree,Agree,Agree
GEN24_1086032,Agree,Agree,Agree
GEN24_1086053,Agree,NA,NA
GEN24_1086055,Agree,Agree,Agree
GEN24_1086075,Disagree,NA,NA
GEN24_1086088,Agree,Agree,Agree
GEN24_1086092,Disagree,Agree,Agree
GEN24_1086094,Agree,Agree,Agree
GEN24_1086102,Disagree,Agree,Disagree
GEN24_1086117,Disagree,Agree,Agree
GEN24_1086119,Don't know / Not sure,NA,NA
GEN24_1086123,Agree,Agree,Agree
GEN24_1086130,Agree,NA,NA
GEN24_1086131,Agree,Agree,Agree
GEN24_1086140,Don't know / Not sure,NA,NA
GEN24_1086208,Agree,Agree,Agree
GEN24_1086214,Agree,Agree,Agree
GEN24_1086219,Disagree,Agree,Agree
GEN24_1086241,Disagree,NA,NA
GEN24_1086242,Agree,Agree,Agree
GEN24_1086244,Agree,Agree,Agree
GEN24_1086249,Don't know / Not sure,NA,NA
GEN24_1086252,Don't know / Not sure,NA,NA
GEN24_1086255,Agree,NA,NA
GEN24_1086264,Don't know / Not sure,NA,NA
GEN24_1086268,Agree,NA,NA
GEN24_1086270,Agree,Agree,Agree
GEN24_1086273,Disagree,NA,NA
GEN24_1086276,Agree,Agree,Agree
GEN24_1086286,Don't know / Not sure,NA,NA
GEN24_1086289,Disagree,NA,NA
GEN24_1086293,Agree,Agree,Agree
GEN24_1086296,Agree,NA,NA
GEN24_1086306,Agree,Agree,Agree
GEN24_1086307,Agree,Agree,Agree
GEN24_1086313,Agree,Agree,Agree
GEN24_1086321,Disagree,NA,NA
GEN24_1086322,Disagree,NA,NA
GEN24_1086330,Agree,Agree,Agree
GEN24_1086338,Disagree,NA,NA
GEN24_1086346,Disagree,Agree,Agree
GEN24_1086360,Disagree,Agree,Disagree
GEN24_1086363,Don't know / Not sure,Agree,Agree
GEN24_1086374,Agree,Agree,Agree
GEN24_1086406,Disagree,Agree,Agree
GEN24_1086418,Agree,NA,NA
GEN24_1086441,Agree,NA,Agree
GEN24_1086451,Agree,Agree,Agree
GEN24_1086452,Agree,Agree,Agree
GEN24_1086453,Disagree,NA,NA
GEN24_1086454,Agree,Agree,Agree
GEN24_1086467,Agree,NA,NA
GEN24_1086482,Agree,Agree,Agree
GEN24_1086488,Don't know / Not sure,Agree,Agree
GEN24_1086499,Don't know / Not sure,NA,NA
GEN24_1086502,Agree,Agree,Agree
GEN24_1086504,Agree,Agree,Agree
GEN24_1086507,Agree,NA,NA
GEN24_1086522,Agree,NA,NA
GEN24_1086523,Agree,NA,NA
GEN24_1086536,Agree,NA,NA
GEN24_1086544,Agree,NA,NA
GEN24_1086547,Agree,Agree,Agree
GEN24_1086561,Agree,NA,NA
GEN24_1086562,Don't know / Not sure,NA,NA
GEN24_1086572,Don't know / Not sure,NA,NA
GEN24_1086595,Agree,NA,NA
GEN24_1086599,Agree,Agree,Agree
GEN24_1086605,Agree,Agree,Agree
GEN24_1086611,Don't know / Not sure,NA,NA
GEN24_1086619,Disagree,NA,Agree
GEN24_1086632,Agree,Agree,Agree
GEN24_1086643,Agree,NA,NA
GEN24_1086650,Don't know / Not sure,NA,NA
GEN24_1086652,Agree,NA,NA
GEN24_1086654,Agree,Agree,Agree
GEN24_1086656,Agree,Agree,Agree
GEN24_1086659,Agree,NA,NA
GEN24_1086673,Disagree,NA,NA
GEN24_1086676,Disagree,NA,NA
GEN24_1086682,Disagree,NA,NA
GEN24_1086688,Don't know / Not sure,NA,NA
GEN24_1086694,Disagree,Agree,Agree
GEN24_1086695,Disagree,NA,NA
GEN24_1086696,Agree,NA,Agree
GEN24_1086700,Don't know / Not sure,NA,Agree
GEN24_1086707,Disagree,NA,NA
GEN24_1086715,Agree,Agree,Agree
GEN24_1086716,Don't know / Not sure,Agree,Agree
GEN24_1086722,Agree,NA,NA
GEN24_1086725,Disagree,NA,NA
GEN24_1086731,Agree,NA,NA
GEN24_1086739,Agree,NA,NA
GEN24_1086740,Agree,Agree,Agree
GEN24_1086758,Agree,Agree,Agree
GEN24_1086760,Don't know / Not sure,NA,NA
GEN24_1086767,Don't know / Not sure,Agree,Agree
GEN24_1086798,Disagree,Agree,Agree
GEN24_1086813,Don't know / Not sure,NA,NA
GEN24_1086823,Don't know / Not sure,NA,NA
GEN24_1086833,Agree,Agree,Agree
GEN24_1086839,Agree,Agree,Agree
GEN24_1086843,Disagree,NA,Agree
GEN24_1086847,Agree,Agree,Agree
GEN24_1086849,Agree,Agree,Agree
GEN24_1086851,Agree,Agree,Agree
GEN24_1086855,Agree,Agree,Agree
GEN24_1086858,Agree,NA,NA
GEN24_1086861,Agree,Agree,Agree
GEN24_1086871,Disagree,Agree,Agree
GEN24_1086872,Disagree,Agree,Disagree
GEN24_1086873,Agree,Agree,Agree
GEN24_1086875,Disagree,NA,NA
GEN24_1086876,Don't know / Not sure,Agree,Agree
GEN24_1086878,Disagree,Agree,Agree
GEN24_1086894,Don't know / Not sure,NA,NA
GEN24_1086908,Agree,NA,NA
GEN24_1086917,Don't know / Not sure,NA,NA
GEN24_1086932,Don't know / Not sure,NA,NA
GEN24_1086948,Disagree,NA,NA
GEN24_1086950,Disagree,NA,NA
GEN24_1086952,Disagree,NA,NA
GEN24_1086960,Agree,Agree,Agree
GEN24_1086965,Don't know / Not sure,NA,NA
GEN24_1086968,Agree,NA,NA
GEN24_1086969,Agree,Agree,Agree
GEN24_1086973,Agree,Agree,Agree
GEN24_1086974,Disagree,Agree,Agree
GEN24_1086975,Disagree,Agree,Agree
GEN24_1086977,Agree,Agree,Agree
GEN24_1086985,Agree,Agree,Agree
GEN24_1086998,Disagree,Agree,Agree
GEN24_1087002,Don't know / Not sure,Agree,NA
GEN24_1087004,Disagree,NA,NA
GEN24_1087012,Agree,NA,NA
GEN24_1087022,Agree,Agree,Agree
GEN24_1087027,Don't know / Not sure,NA,NA
GEN24_1087034,Agree,NA,NA
GEN24_1087040,Agree,Agree,Agree
GEN24_1087043,Don't know / Not sure,NA,NA
GEN24_1087044,Agree,Agree,Agree
GEN24_1087049,Don't know / Not sure,Agree,Agree
GEN24_1087050,Agree,Agree,Agree
GEN24_1087051,Disagree,NA,NA
GEN24_1087052,Don't know / Not sure,Agree,Agree
GEN24_1087055,Disagree,NA,NA
GEN24_1087057,Disagree,Agree,Agree
GEN24_1087059,Agree,Agree,Agree
GEN24_1087061,Disagree,NA,NA
GEN24_1087064,Disagree,NA,NA
GEN24_1087065,Agree,NA,NA
GEN24_1087070,Agree,NA,NA
GEN24_1087087,Don't know / Not sure,Agree,Agree
GEN24_1087102,Agree,Agree,Agree
GEN24_1087132,Agree,NA,NA
GEN24_1087140,Agree,Agree,Agree
GEN24_1087141,Agree,NA,NA
GEN24_1087142,Don't know / Not sure,Agree,Agree
GEN24_1087144,Don't know / Not sure,NA,NA
GEN24_1087153,Agree,Agree,Agree
GEN24_1087169,Don't know / Not sure,NA,NA
GEN24_1087178,Don't know / Not sure,NA,NA
GEN24_1087181,Disagree,Agree,Agree
GEN24_1087183,Disagree,NA,NA
GEN24_1087184,Agree,Agree,Agree
GEN24_1087197,Don't know / Not sure,NA,NA
GEN24_1087203,Disagree,NA,NA
GEN24_1087215,Agree,Agree,Agree
GEN24_1087219,Agree,NA,NA
GEN24_1087229,Disagree,NA,NA
GEN24_1087230,Disagree,NA,NA
GEN24_1087247,Disagree,Disagree,Agree
GEN24_1087253,Don't know / Not sure,NA,NA
GEN24_1087259,Agree,Agree,Agree
GEN24_1087263,Don't know / Not sure,NA,NA
GEN24_1087269,Don't know / Not sure,Agree,Agree
GEN24_1087281,Don't know / Not sure,Agree,Agree
GEN24_1087291,Don't know / Not sure,Agree,Agree
GEN24_1087307,Agree,NA,NA
GEN24_1087312,Agree,NA,NA
GEN24_1087324,Agree,Agree,Agree
GEN24_1087360,Agree,Agree,Agree
GEN24_1087363,Agree,NA,NA
GEN24_1087369,Agree,NA,NA
GEN24_1087372,Disagree,NA,NA
GEN24_1087374,Agree,NA,NA
GEN24_1087387,Agree,NA,NA
GEN24_1087390,Don't know / Not sure,NA,NA
GEN24_1087391,Disagree,Agree,Agree
GEN24_1087401,Agree,NA,NA
GEN24_1087407,Agree,NA,NA
GEN24_1087423,Don't know / Not sure,NA,NA
GEN24_1087430,Agree,Agree,Agree
GEN24_1087431,Agree,NA,NA
GEN24_1087443,Don't know / Not sure,NA,NA
GEN24_1087488,Agree,Agree,Agree
GEN24_1087504,Agree,NA,NA
GEN24_1087515,Disagree,NA,NA
GEN24_1087531,Don't know / Not sure,NA,NA
GEN24_1087532,Disagree,NA,NA
GEN24_1087542,Agree,Agree,Agree
GEN24_1087547,Don't know / Not sure,NA,NA
GEN24_1087558,Agree,Agree,Agree
GEN24_1087568,Disagree,Agree,Agree
GEN24_1087569,Agree,Agree,Agree
GEN24_1087576,Agree,Agree,Agree
GEN24_1087578,Don't know / Not sure,Agree,Agree
GEN24_1087600,Don't know / Not sure,NA,NA
GEN24_1087602,Disagree,NA,NA
GEN24_1087605,Disagree,NA,NA
GEN24_1087611,Agree,Agree,Agree
GEN24_1087619,Agree,Agree,Agree
GEN24_1087622,Don't know / Not sure,NA,NA
GEN24_1087625,Agree,Agree,Agree
GEN24_1087630,Agree,NA,NA
GEN24_1087631,Agree,NA,NA
GEN24_1087634,Agree,Agree,Agree
GEN24_1087635,Don't know / Not sure,Agree,Agree
GEN24_1087638,Agree,NA,NA
GEN24_1087642,Don't know / Not sure,Agree,Agree
GEN24_1087661,Agree,NA,Agree
GEN24_1087681,Agree,NA,NA
GEN24_1087685,Agree,Agree,Agree
GEN24_1087696,Don't know / Not sure,NA,NA
GEN24_1087698,Agree,Agree,Agree
GEN24_1087701,Agree,NA,NA
GEN24_1087723,Agree,Agree,Agree
GEN24_1087725,Don't know / Not sure,NA,Agree
GEN24_1087729,Disagree,NA,NA
GEN24_1087733,Agree,Agree,Agree
GEN24_1087735,Agree,NA,Agree
GEN24_1087741,Don't know / Not sure,Agree,Agree
GEN24_1087743,Disagree,NA,NA
GEN24_1087746,Agree,NA,NA
GEN24_1087747,Disagree,NA,NA
GEN24_1087748,Agree,NA,NA
GEN24_1087758,Agree,Agree,Agree
GEN24_1087763,Agree,Agree,Agree
GEN24_1087764,Don't know / Not sure,NA,NA
GEN24_1087772,Don't know / Not sure,NA,NA
GEN24_1087774,Disagree,NA,NA
GEN24_1087778,Agree,Agree,Agree
GEN24_1087781,Agree,Agree,Agree
GEN24_1087783,Agree,Agree,Agree
GEN24_1087793,Don't know / Not sure,NA,NA
GEN24_1087824,Agree,Agree,Agree
GEN24_1087827,Agree,Agree,NA
GEN24_1087852,Agree,Agree,Agree
GEN24_1087853,Don't know / Not sure,Agree,Agree
GEN24_1087854,Agree,NA,NA
GEN24_1087868,Agree,NA,NA
GEN24_1087869,Agree,Agree,Agree
GEN24_1087872,Agree,Agree,Agree
GEN24_1087874,Agree,Agree,Agree
GEN24_1087875,Disagree,NA,NA
GEN24_1087890,Agree,Agree,Agree
GEN24_1087892,Agree,NA,NA
GEN24_1087893,Agree,Agree,Agree
GEN24_1087899,Don't know / Not sure,Agree,Agree
GEN24_1087905,Agree,Agree,Agree
GEN24_1087909,Agree,Disagree,Disagree
GEN24_1087912,Disagree,NA,NA
GEN24_1087914,Don't know / Not sure,NA,NA
GEN24_1087916,Agree,Agree,Agree
GEN24_1087924,Agree,Agree,Agree
GEN24_1087931,Agree,Agree,Agree
GEN24_1087938,Don't know / Not sure,Agree,NA
GEN24_1087940,Don't know / Not sure,NA,NA
GEN24_1087983,Disagree,NA,NA
GEN24_1087984,Agree,Agree,Agree
GEN24_1087989,Agree,NA,NA
GEN24_1087995,Don't know / Not sure,Agree,Agree
GEN24_1088010,Disagree,NA,NA
GEN24_1088025,Don't know / Not sure,NA,NA
GEN24_1088039,Agree,NA,NA
GEN24_1088041,Agree,Agree,Agree
GEN24_1088051,Disagree,Agree,Agree
GEN24_1088062,Agree,Agree,Agree
GEN24_1088067,Agree,Agree,Agree
GEN24_1088070,Agree,NA,NA
GEN24_1088076,Agree,NA,NA
GEN24_1088078,Agree,NA,NA
GEN24_1088080,Agree,NA,NA
GEN24_1088085,Agree,Agree,Agree
GEN24_1088092,Agree,Agree,Agree
GEN24_1088099,Don't know / Not sure,NA,NA
GEN24_1088103,Agree,NA,NA
GEN24_1088113,Agree,Agree,Agree
GEN24_1088116,Agree,NA,NA
GEN24_1088135,Agree,NA,NA
GEN24_1088141,Agree,Agree,Agree
GEN24_1088146,Disagree,NA,NA
GEN24_1088149,Agree,NA,NA
GEN24_1088156,Agree,NA,NA
GEN24_1088216,Disagree,Agree,Agree
GEN24_1088220,Agree,NA,NA
GEN24_1088222,Agree,NA,NA
GEN24_1088223,Agree,NA,NA
GEN24_1088232,Disagree,NA,NA
GEN24_1088238,Don't know / Not sure,NA,NA
GEN24_1088246,Agree,NA,NA
GEN24_1088256,Agree,Agree,Agree
GEN24_1088265,Don't know / Not sure,NA,NA
GEN24_1088267,Agree,Agree,Agree
GEN24_1088272,Don't know / Not sure,NA,NA
GEN24_1088287,Agree,NA,NA
GEN24_1088288,Agree,NA,NA
GEN24_1088296,Agree,NA,NA
GEN24_1088297,Don't know / Not sure,NA,NA
GEN24_1088299,Disagree,NA,NA
GEN24_1088309,Disagree,NA,NA
GEN24_1088334,Agree,NA,NA
GEN24_1088339,Agree,NA,NA
GEN24_1088342,Agree,NA,NA
GEN24_1088361,Disagree,NA,NA
GEN24_1088373,Don't know / Not sure,NA,NA
GEN24_1088376,Agree,NA,NA
GEN24_1088382,Disagree,NA,NA
GEN24_1088418,Agree,NA,NA
GEN24_1088422,Agree,Agree,Agree
GEN24_1088435,Don't know / Not sure,NA,NA
GEN24_1088443,Don't know / Not sure,NA,NA
GEN24_1088449,Agree,Disagree,Agree
GEN24_1088452,Don't know / Not sure,NA,NA
GEN24_1088454,Disagree,NA,NA
GEN24_1088459,Agree,NA,NA
GEN24_1088461,Agree,NA,NA
GEN24_1088466,Disagree,NA,NA
GEN24_1088467,Agree,NA,NA
GEN24_1088468,Agree,Agree,Agree
GEN24_1088473,Agree,NA,NA
GEN24_1088478,Don't know / Not sure,NA,NA
GEN24_1088484,Agree,Agree,Agree
GEN24_1088485,Agree,Agree,Agree
GEN24_1088490,Disagree,NA,NA
GEN24_1088504,Disagree,Agree,Agree
GEN24_1088517,Agree,NA,NA
GEN24_1088521,Disagree,NA,NA
GEN24_1088534,Don't know / Not sure,Agree,Agree
GEN24_1088535,Agree,Agree,Agree
GEN24_1088536,Agree,Agree,Agree
GEN24_1088538,Don't know / Not sure,NA,NA
GEN24_1088540,Agree,NA,NA
GEN24_1088548,Disagree,NA,NA
GEN24_1088563,Disagree,NA,NA
GEN24_1088569,Agree,NA,NA
GEN24_1088573,Agree,NA,NA
GEN24_1088592,Agree,Agree,Agree
GEN24_1088596,Agree,Agree,Agree
GEN24_1088602,Agree,Agree,Agree
GEN24_1088610,Agree,Agree,Agree
GEN24_1088622,Agree,Agree,Agree
GEN24_1088628,Agree,Agree,Agree
GEN24_1088638,Disagree,Agree,Agree
GEN24_1088644,Agree,Agree,Agree
GEN24_1088645,Agree,Agree,Agree
GEN24_1088648,Disagree,NA,NA
GEN24_1088652,Disagree,Agree,Agree
GEN24_1088655,Don't know / Not sure,NA,NA
GEN24_1088660,Disagree,NA,NA
GEN24_1088663,Agree,NA,NA
GEN24_1088674,Don't know / Not sure,NA,NA
GEN24_1088677,Agree,Agree,Agree
GEN24_1088680,Don't know / Not sure,Agree,Agree
GEN24_1088684,Agree,NA,NA
GEN24_1088693,Disagree,NA,NA
GEN24_1088695,Agree,Agree,Agree
GEN24_1088696,Agree,NA,NA
GEN24_1088700,Agree,NA,NA
GEN24_1088702,Agree,Agree,Agree
GEN24_1088704,Agree,Agree,Agree
GEN24_1088705,Don't know / Not sure,Agree,Agree
GEN24_1088732,Disagree,NA,NA
GEN24_1088740,Agree,Agree,Agree
GEN24_1088756,Agree,NA,NA
GEN24_1088758,Disagree,NA,NA
GEN24_1088765,Don't know / Not sure,NA,NA
GEN24_1088769,Agree,NA,NA
GEN24_1088779,Disagree,Agree,Agree
GEN24_1088780,Don't know / Not sure,NA,NA
GEN24_1088781,Agree,NA,NA
GEN24_1088782,Don't know / Not sure,NA,NA
GEN24_1088790,Don't know / Not sure,NA,NA
GEN24_1088791,Agree,NA,NA
GEN24_1088819,Don't know / Not sure,NA,NA
GEN24_1088825,Agree,Agree,Agree
GEN24_1088828,Agree,NA,NA
GEN24_1088840,Don't know / Not sure,NA,NA
GEN24_1088841,Agree,NA,NA
GEN24_1088846,Don't know / Not sure,NA,NA
GEN24_1088849,Don't know / Not sure,Agree,Agree
GEN24_1088860,Don't know / Not sure,Agree,Agree
GEN24_1088877,Agree,NA,NA
GEN24_1088881,Don't know / Not sure,NA,Agree
GEN24_1088888,Don't know / Not sure,Agree,Agree
GEN24_1088904,Agree,NA,NA
GEN24_1088912,Agree,Agree,Agree
GEN24_1088914,Agree,Agree,Agree
GEN24_1088918,Agree,Agree,Agree
GEN24_1088920,Agree,NA,NA
GEN24_1088923,Disagree,NA,NA
GEN24_1088928,Agree,NA,NA
GEN24_1088933,Disagree,NA,NA
GEN24_1088934,Agree,NA,NA
GEN24_1088937,Agree,NA,NA
GEN24_1088953,Agree,NA,NA
GEN24_1088958,Don't know / Not sure,NA,NA
GEN24_1088961,Agree,Agree,Agree
GEN24_1088964,Agree,NA,NA
GEN24_1088994,Agree,NA,NA
GEN24_1088999,Agree,Agree,Agree
GEN24_1089000,Don't know / Not sure,NA,NA
GEN24_1089002,Agree,Agree,Agree
GEN24_1089016,Don't know / Not sure,NA,NA
GEN24_1089017,Agree,Agree,Agree
GEN24_1089019,Agree,Agree,Agree
GEN24_1089043,Disagree,NA,NA
GEN24_1089051,Agree,Agree,Agree
GEN24_1089059,Disagree,Agree,NA
GEN24_1089062,Don't know / Not sure,NA,NA
GEN24_1089067,Don't know / Not sure,Agree,Agree
GEN24_1089071,Don't know / Not sure,Agree,Agree
GEN24_1089073,Agree,NA,NA
GEN24_1089075,Don't know / Not sure,NA,NA
GEN24_1089084,Agree,NA,NA
GEN24_1089092,Disagree,Agree,Agree
GEN24_1089093,Don't know / Not sure,NA,NA
GEN24_1089097,Agree,NA,NA
GEN24_1089109,Don't know / Not sure,NA,NA
GEN24_1089128,Don't know / Not sure,Agree,Agree
GEN24_1089129,Disagree,Agree,Agree
GEN24_1089148,Don't know / Not sure,Agree,Agree
GEN24_1089157,Agree,NA,NA
GEN24_1089160,Don't know / Not sure,Agree,Agree
GEN24_1089163,Agree,Agree,Agree
GEN24_1089166,Agree,Agree,Agree
GEN24_1089175,Disagree,Agree,Agree
GEN24_1089180,Agree,NA,NA
GEN24_1089183,Agree,Agree,Agree
GEN24_1089189,Disagree,NA,NA
GEN24_1089195,Disagree,Agree,Agree
GEN24_1089202,Agree,NA,NA
GEN24_1089229,Don't know / Not sure,NA,NA
GEN24_1089258,Don't know / Not sure,Agree,Agree
GEN24_1089267,Disagree,Agree,Agree
GEN24_1089270,Agree,NA,Agree
GEN24_1089276,Don't know / Not sure,Agree,Agree
GEN24_1089278,Agree,Agree,Agree
GEN24_1089279,Disagree,NA,NA
GEN24_1089280,Agree,NA,NA
GEN24_1089283,Don't know / Not sure,Agree,Agree
GEN24_1089284,Disagree,NA,NA
GEN24_1089296,Don't know / Not sure,NA,NA
GEN24_1089304,Agree,NA,NA
GEN24_1089307,Don't know / Not sure,NA,NA
GEN24_1089319,Don't know / Not sure,NA,NA
GEN24_1089325,Disagree,NA,NA
GEN24_1089327,Don't know / Not sure,Agree,Agree
GEN24_1089330,Disagree,NA,NA
GEN24_1089339,Don't know / Not sure,Agree,Agree
GEN24_1089344,Agree,NA,NA
GEN24_1089349,Agree,NA,NA
GEN24_1089351,Don't know / Not sure,NA,NA
GEN24_1089359,Don't know / Not sure,Agree,Agree
GEN24_1089389,Disagree,NA,NA
GEN24_1089396,Disagree,Agree,Agree
GEN24_1089409,Agree,Agree,Agree
GEN24_1089410,Agree,NA,NA
GEN24_1089418,Don't know / Not sure,NA,NA
GEN24_1089423,Agree,Disagree,Agree
GEN24_1089424,Agree,Agree,Agree
GEN24_1089425,Disagree,NA,NA
GEN24_1089429,Disagree,NA,NA
GEN24_1089431,Don't know / Not sure,NA,NA
GEN24_1089432,Agree,Agree,Agree
GEN24_1089434,Agree,NA,NA
GEN24_1089438,Agree,NA,NA
GEN24_1089442,Don't know / Not sure,NA,NA
GEN24_1089443,Disagree,NA,NA
GEN24_1089444,Don't know / Not sure,NA,NA
GEN24_1089446,Disagree,Agree,Agree
GEN24_1089447,Don't know / Not sure,NA,NA
GEN24_1089452,Disagree,NA,NA
GEN24_1089453,Agree,Agree,Agree
GEN24_1089458,Agree,Agree,Agree
GEN24_1089462,Don't know / Not sure,Agree,Agree
GEN24_1089467,Agree,NA,NA
GEN24_1089470,Disagree,Agree,Agree
GEN24_1089471,Agree,Agree,Agree
GEN24_1089473,Agree,Agree,Agree
GEN24_1089475,Agree,NA,NA
GEN24_1089477,Don't know / Not sure,NA,NA
GEN24_1089478,Don't know / Not sure,Agree,Agree
GEN24_1089483,Agree,Agree,Agree
GEN24_1089497,Don't know / Not sure,NA,NA
GEN24_1089501,Agree,NA,NA
GEN24_1089505,Agree,NA,NA
GEN24_1089507,Disagree,NA,NA
GEN24_1089512,Agree,Agree,Agree
GEN24_1089515,Agree,Agree,Agree
GEN24_1089522,Agree,NA,NA
GEN24_1089523,Don't know / Not sure,Agree,Agree
GEN24_1089526,Agree,NA,NA
GEN24_1089529,Agree,Agree,Agree
GEN24_1089533,Agree,NA,NA
GEN24_1089534,Don't know / Not sure,Agree,Agree
GEN24_1089550,Agree,Agree,Agree
GEN24_1089552,Don't know / Not sure,NA,NA
GEN24_1089556,Agree,NA,NA
GEN24_1089560,Agree,NA,NA
GEN24_1089561,Agree,NA,NA
GEN24_1089572,Agree,NA,NA
GEN24_1089596,Disagree,NA,NA
GEN24_1089601,Agree,Agree,Agree
GEN24_1089602,Disagree,Disagree,NA
GEN24_1089603,Agree,NA,NA
GEN24_1089604,Disagree,NA,NA
GEN24_1089623,Agree,Agree,Agree
GEN24_1089630,Disagree,NA,NA
GEN24_1089639,Don't know / Not sure,Agree,Agree
GEN24_1089644,Disagree,NA,NA
GEN24_1089658,Don't know / Not sure,Agree,Agree
GEN24_1089660,Agree,NA,Agree
GEN24_1089666,Don't know / Not sure,Agree,Agree
GEN24_1089671,Agree,Agree,Agree
GEN24_1089676,Agree,Agree,Agree
GEN24_1089677,Don't know / Not sure,NA,Agree
GEN24_1089683,Agree,Agree,Agree
GEN24_1089690,Agree,Agree,Agree
GEN24_1089691,Agree,NA,NA
GEN24_1089695,Agree,Agree,Agree
GEN24_1089697,Don't know / Not sure,Agree,Agree
GEN24_1089699,Disagree,NA,NA
GEN24_1089702,Disagree,NA,NA
GEN24_1089708,Disagree,NA,NA
GEN24_1089716,Agree,NA,NA
GEN24_1089719,Don't know / Not sure,Agree,NA
GEN24_1089723,Disagree,Agree,Agree
GEN24_1089746,Agree,NA,NA
GEN24_1089748,Agree,NA,NA
GEN24_1089749,Agree,NA,NA
GEN24_1089754,Disagree,NA,NA
GEN24_1089776,Agree,NA,NA
GEN24_1089779,Don't know / Not sure,NA,NA
GEN24_1089783,Don't know / Not sure,NA,NA
GEN24_1089790,Don't know / Not sure,Agree,Agree
GEN24_1089793,Disagree,Agree,Agree
GEN24_1089806,Agree,Agree,Agree
GEN24_1089807,Agree,NA,NA
GEN24_1089818,Agree,Agree,Agree
GEN24_1089822,Agree,Agree,Agree
GEN24_1089830,Disagree,NA,NA
GEN24_1089836,Agree,Agree,Agree
GEN24_1089853,Don't know / Not sure,Agree,Agree
GEN24_1089857,Disagree,NA,NA
GEN24_1089858,Agree,Agree,Agree
GEN24_1089861,Agree,Agree,Agree
GEN24_1089892,Agree,Agree,Agree
GEN24_1089894,Agree,Agree,Agree
GEN24_1089895,Agree,Agree,Agree
GEN24_1089896,Agree,NA,NA
GEN24_1089903,Disagree,NA,NA
GEN24_1089907,Agree,Agree,Agree
GEN24_1089908,Disagree,NA,NA
GEN24_1089913,Agree,NA,NA
GEN24_1089916,Don't know / Not sure,Agree,Agree
GEN24_1089918,Disagree,Agree,Agree
GEN24_1089926,Don't know / Not sure,NA,NA
GEN24_1089929,Agree,Agree,Agree
GEN24_1089931,Agree,Agree,Agree
GEN24_1089932,Don't know / Not sure,NA,NA
GEN24_1089934,Don't know / Not sure,NA,NA
GEN24_1089935,Agree,Agree,Agree
GEN24_1089949,Don't know / Not sure,NA,NA
GEN24_1089960,Don't know / Not sure,NA,NA
GEN24_1089984,Agree,NA,NA
GEN24_1089986,Agree,Agree,Agree
GEN24_1090002,Agree,Agree,Agree
GEN24_1090007,Don't know / Not sure,Agree,Agree
GEN24_1090011,Agree,NA,NA
GEN24_1090014,Agree,Agree,Agree
GEN24_1090021,Agree,NA,NA
GEN24_1090026,Agree,Agree,Agree
GEN24_1090036,Disagree,NA,NA
GEN24_1090042,Don't know / Not sure,Agree,Agree
GEN24_1090052,Don't know / Not sure,NA,NA
GEN24_1090058,Agree,NA,NA
GEN24_1090059,Don't know / Not sure,NA,NA
GEN24_1090063,Agree,NA,NA
GEN24_1090065,Disagree,Disagree,NA
GEN24_1090068,Disagree,NA,NA
GEN24_1090072,Don't know / Not sure,NA,NA
GEN24_1090082,Don't know / Not sure,NA,NA
GEN24_1090086,Agree,NA,NA
GEN24_1090091,Agree,NA,NA
GEN24_1090092,Agree,NA,NA
GEN24_1090102,Agree,NA,NA
GEN24_1090104,Don't know / Not sure,NA,NA
GEN24_1090107,Don't know / Not sure,Agree,Agree
GEN24_1090111,Agree,Agree,Agree
GEN24_1090115,Agree,NA,NA
GEN24_1090149,Agree,Agree,Agree
GEN24_1090174,Agree,Agree,Agree
GEN24_1090177,Don't know / Not sure,NA,NA
GEN24_1090182,Agree,NA,NA
GEN24_1090185,Don't know / Not sure,NA,NA
GEN24_1090192,Agree,Agree,Agree
GEN24_1090196,Don't know / Not sure,Agree,Agree
GEN24_1090205,Agree,Agree,Agree
GEN24_1090206,Agree,Agree,Agree
GEN24_1090208,Don't know / Not sure,NA,NA
GEN24_1090209,Don't know / Not sure,Agree,Agree
GEN24_1090210,Don't know / Not sure,Agree,Agree
GEN24_1090217,Don't know / Not sure,NA,NA
GEN24_1090226,Don't know / Not sure,NA,NA
GEN24_1090232,Disagree,NA,NA
GEN24_1090237,Agree,NA,NA
GEN24_1090248,Agree,Agree,Agree
GEN24_1090252,Agree,Agree,Agree
GEN24_1090255,Agree,NA,NA
GEN24_1090262,Don't know / Not sure,NA,NA
GEN24_1090274,Disagree,NA,NA
GEN24_1090283,Agree,Agree,Agree
GEN24_1090287,Agree,Agree,Agree
GEN24_1090290,Agree,NA,Agree
GEN24_1090292,Agree,Agree,Disagree
GEN24_1090294,Disagree,NA,NA
GEN24_1090297,Agree,Agree,Agree
GEN24_1090299,Agree,NA,NA
GEN24_1090302,Disagree,NA,NA
GEN24_1090303,Don't know / Not sure,NA,NA
GEN24_1090313,Agree,Agree,Agree
GEN24_1090321,Disagree,NA,NA
GEN24_1090335,Disagree,NA,NA
GEN24_1090338,Agree,NA,NA
GEN24_1090340,Agree,NA,NA
GEN24_1090348,Don't know / Not sure,NA,NA
GEN24_1090354,Agree,Agree,Agree
GEN24_1090361,Agree,Agree,Agree
GEN24_1090362,Agree,NA,NA
GEN24_1090374,Agree,NA,NA
GEN24_1090376,Agree,NA,NA
GEN24_1090381,Agree,NA,NA
GEN24_1090385,Disagree,NA,NA
GEN24_1090386,Disagree,NA,NA
GEN24_1090391,Agree,Agree,Agree
GEN24_1090394,Disagree,Agree,Agree
GEN24_1090396,Agree,Agree,Agree
GEN24_1090400,Don't know / Not sure,NA,NA
GEN24_1090402,Agree,NA,NA
GEN24_1090403,Agree,Agree,Agree
GEN24_1090406,Agree,NA,NA
GEN24_1090411,Agree,NA,NA
GEN24_1090417,Agree,Agree,Agree
GEN24_1090424,Don't know / Not sure,NA,NA
GEN24_1090425,Agree,NA,NA
GEN24_1090428,Agree,Agree,Agree
GEN24_1090432,Agree,Agree,Agree
GEN24_1090433,Disagree,Agree,Agree
GEN24_1090436,Agree,Agree,Agree
GEN24_1090440,Agree,Agree,Agree
GEN24_1090442,Disagree,NA,NA
GEN24_1090447,Disagree,NA,NA
GEN24_1090452,Disagree,NA,NA
GEN24_1090453,Disagree,NA,NA
GEN24_1090455,Agree,Agree,Agree
GEN24_1090457,Don't know / Not sure,NA,NA
GEN24_1090460,Don't know / Not sure,NA,NA
GEN24_1090461,Don't know / Not sure,Agree,NA
GEN24_1090464,Agree,NA,NA
GEN24_1090467,Don't know / Not sure,Agree,Agree
GEN24_1090471,Agree,NA,NA
GEN24_1090473,Agree,Agree,Agree
GEN24_1090477,Disagree,NA,NA
GEN24_1090487,Agree,Agree,Agree
GEN24_1090512,Agree,Agree,Agree
GEN24_1090528,Don't know / Not sure,NA,NA
GEN24_1090529,Agree,Agree,Agree
GEN24_1090534,Don't know / Not sure,NA,NA
GEN24_1090535,Don't know / Not sure,NA,NA
GEN24_1090538,Agree,NA,NA
GEN24_1090539,Agree,Agree,Agree
GEN24_1090541,Agree,Agree,Agree
GEN24_1090545,Don't know / Not sure,Agree,Agree
GEN24_1090558,Agree,Agree,Agree
GEN24_1090568,Agree,NA,NA
GEN24_1090578,Don't know / Not sure,Agree,Agree
GEN24_1090582,Agree,NA,NA
GEN24_1090592,Agree,Agree,Agree
GEN24_1090593,Agree,Agree,Agree
GEN24_1090598,Agree,NA,NA
GEN24_1090599,Agree,Agree,Agree
GEN24_1090605,Agree,Agree,Agree
GEN24_1090608,Don't know / Not sure,NA,NA
GEN24_1090611,Disagree,NA,NA
GEN24_1090619,Disagree,Agree,Agree
GEN24_1090620,Agree,Agree,Agree
GEN24_1090623,Don't know / Not sure,NA,NA
GEN24_1090632,Agree,NA,NA
GEN24_1090646,Disagree,Agree,Agree
GEN24_1090651,Don't know / Not sure,Agree,Agree
GEN24_1090667,Don't know / Not sure,NA,NA
GEN24_1090668,Disagree,NA,NA
GEN24_1090670,Agree,Agree,Agree
GEN24_1090676,Agree,Agree,Agree
GEN24_1090677,Agree,NA,NA
GEN24_1090682,Disagree,Agree,Agree
GEN24_1090684,Agree,Agree,Agree
GEN24_1090685,Agree,NA,NA
GEN24_1090688,Disagree,NA,NA
GEN24_1090690,Agree,Agree,Agree
GEN24_1090691,Agree,Agree,Agree
GEN24_1090693,Don't know / Not sure,NA,NA
GEN24_1090695,Don't know / Not sure,NA,NA
GEN24_1090696,Don't know / Not sure,NA,NA
GEN24_1090697,Don't know / Not sure,Agree,Agree
GEN24_1090698,Don't know / Not sure,NA,NA
GEN24_1090701,Disagree,NA,NA
GEN24_1090703,Don't know / Not sure,NA,NA
GEN24_1090707,Don't know / Not sure,NA,NA
GEN24_1090714,Don't know / Not sure,NA,NA
GEN24_1090720,Don't know / Not sure,NA,NA
GEN24_1090722,Disagree,NA,NA
GEN24_1090742,Don't know / Not sure,Agree,Agree
GEN24_1090744,Disagree,NA,NA
GEN24_1090749,Agree,NA,NA
GEN24_1090755,Disagree,Agree,Agree
GEN24_1090763,Agree,NA,NA
GEN24_1090765,Disagree,NA,NA
GEN24_1090767,Disagree,NA,NA
GEN24_1090773,Don't know / Not sure,NA,NA
GEN24_1090779,Agree,Agree,Agree
GEN24_1090781,Don't know / Not sure,NA,NA
GEN24_1090782,Agree,NA,NA
GEN24_1090783,Disagree,NA,NA
GEN24_1090787,Don't know / Not sure,Agree,Agree
GEN24_1090791,Agree,Agree,Agree
GEN24_1090795,Disagree,NA,NA
GEN24_1090801,Agree,NA,NA
GEN24_1090809,Agree,NA,NA
GEN24_1090812,Disagree,Agree,Agree
GEN24_1090818,Disagree,Agree,Agree
GEN24_1090824,Don't know / Not sure,Agree,NA
GEN24_1090833,Agree,NA,NA
GEN24_1090843,Agree,Agree,Agree
GEN24_1090866,Agree,NA,NA
GEN24_1090893,Agree,Agree,Agree
GEN24_1090896,Disagree,Agree,Agree
GEN24_1090897,Disagree,Agree,Agree
GEN24_1090898,Agree,Agree,Agree
GEN24_1090902,Agree,NA,NA
GEN24_1090930,Agree,NA,NA
GEN24_1090936,Agree,Agree,Agree
GEN24_1090939,Agree,Agree,Agree
GEN24_1090940,Agree,NA,NA
GEN24_1090941,Don't know / Not sure,NA,NA
GEN24_1090948,Don't know / Not sure,NA,NA
GEN24_1090949,Don't know / Not sure,NA,NA
GEN24_1090950,Agree,Agree,Agree
GEN24_1090953,Disagree,Agree,Agree
GEN24_1090955,Agree,Agree,Agree
GEN24_1090957,Agree,NA,NA
GEN24_1090958,Agree,NA,NA
GEN24_1090970,Agree,NA,NA
GEN24_1090977,Agree,Disagree,Agree
GEN24_1090979,Agree,NA,NA
GEN24_1090980,Don't know / Not sure,NA,NA
GEN24_1090987,Agree,NA,NA
GEN24_1091003,Agree,Agree,Agree
GEN24_1091006,Agree,NA,NA
GEN24_1091008,Agree,NA,Agree
GEN24_1091009,Disagree,NA,NA
GEN24_1091019,Don't know / Not sure,Agree,NA
GEN24_1091022,Don't know / Not sure,NA,NA
GEN24_1091026,Disagree,NA,NA
GEN24_1091028,Disagree,NA,NA
GEN24_1091029,Don't know / Not sure,NA,NA
GEN24_1091043,Don't know / Not sure,Agree,Agree
GEN24_1091046,Agree,NA,NA
GEN24_1091048,Agree,NA,NA
GEN24_1091049,Don't know / Not sure,NA,NA
GEN24_1091050,Agree,NA,NA
GEN24_1091082,Agree,NA,NA
GEN24_1091085,Disagree,NA,NA
GEN24_1091089,Agree,NA,Agree
GEN24_1091126,Agree,Agree,Agree
GEN24_1091130,Agree,Agree,Agree
GEN24_1091132,Don't know / Not sure,Agree,Agree
GEN24_1091133,Agree,Agree,Agree
GEN24_1091136,Disagree,Agree,Agree
GEN24_1091138,Agree,Agree,Agree
GEN24_1091140,Disagree,NA,NA
GEN24_1091146,Agree,NA,NA
GEN24_1091151,Don't know / Not sure,Agree,Agree
GEN24_1091160,Don't know / Not sure,NA,NA
GEN24_1091163,Disagree,Agree,Agree
GEN24_1091164,Agree,NA,NA
GEN24_1091175,Don't know / Not sure,Agree,Agree
GEN24_1091176,Agree,NA,NA
GEN24_1091178,Agree,Agree,Agree
GEN24_1091183,Agree,NA,NA
GEN24_1091190,Agree,NA,NA
GEN24_1091198,Agree,NA,NA
GEN24_1091200,Disagree,NA,NA
GEN24_1091201,Disagree,Agree,Agree
GEN24_1091208,Agree,Agree,Agree
GEN24_1091212,Disagree,NA,NA
GEN24_1091214,Agree,NA,Agree
GEN24_1091217,Agree,Agree,Agree
GEN24_1091224,Agree,NA,NA
GEN24_1091226,Agree,Agree,Agree
GEN24_1091227,Don't know / Not sure,Disagree,Agree
GEN24_1091228,Don't know / Not sure,Agree,Agree
GEN24_1091235,Don't know / Not sure,NA,Agree
GEN24_1091242,Disagree,NA,NA
GEN24_1091247,Agree,NA,NA
GEN24_1091255,Agree,NA,NA
GEN24_1091259,Agree,Agree,Agree
GEN24_1091270,Don't know / Not sure,Agree,Agree
GEN24_1091271,Agree,Agree,Agree
GEN24_1091294,Agree,NA,NA
GEN24_1091301,Don't know / Not sure,NA,NA
GEN24_1091304,Agree,Agree,Agree
GEN24_1091313,Disagree,NA,NA
GEN24_1091324,Don't know / Not sure,NA,NA
GEN24_1091331,Don't know / Not sure,Agree,Agree
GEN24_1091337,Agree,NA,NA
GEN24_1091342,Agree,Agree,Agree
GEN24_1091343,Don't know / Not sure,Agree,Agree
GEN24_1091346,Disagree,NA,NA
GEN24_1091354,Agree,Agree,Agree
GEN24_1091355,Disagree,Disagree,Agree
GEN24_1091363,Agree,NA,NA
GEN24_1091365,Don't know / Not sure,NA,NA
GEN24_1091372,Disagree,NA,NA
GEN24_1091374,Disagree,NA,NA
GEN24_1091381,Agree,NA,NA
GEN24_1091388,Agree,Agree,Agree
GEN24_1091396,Don't know / Not sure,NA,NA
GEN24_1091398,Agree,NA,NA
GEN24_1091402,Agree,NA,NA
GEN24_1091408,Agree,NA,NA
GEN24_1091424,Disagree,NA,NA
GEN24_1091425,Agree,Agree,Agree
GEN24_1091442,Agree,Agree,Agree
GEN24_1091443,Agree,Agree,Agree
GEN24_1091444,Agree,NA,Agree
GEN24_1091458,Disagree,Agree,Agree
GEN24_1091463,Agree,Agree,Agree
GEN24_1091465,Don't know / Not sure,NA,NA
GEN24_1091466,Agree,NA,NA
GEN24_1091476,Agree,NA,NA
GEN24_1091478,Don't know / Not sure,NA,NA
GEN24_1091480,Agree,Agree,Agree
GEN24_1091487,Agree,NA,NA
GEN24_1091495,Agree,NA,NA
GEN24_1091509,Disagree,Agree,Agree
GEN24_1091547,Don't know / Not sure,Agree,Agree
GEN24_1091555,Don't know / Not sure,NA,NA
GEN24_1091560,Agree,Agree,Agree
GEN24_1091568,Don't know / Not sure,Agree,Agree
GEN24_1091569,Don't know / Not sure,NA,NA
GEN24_1091571,Don't know / Not sure,NA,NA
GEN24_1091574,Agree,Agree,Agree
GEN24_1091575,Disagree,NA,NA
GEN24_1091577,Don't know / Not sure,Agree,Agree
GEN24_1091582,Agree,NA,NA
GEN24_1091606,Disagree,NA,NA
GEN24_1091608,Disagree,NA,NA
GEN24_1091609,Agree,Agree,Agree
GEN24_1091624,Agree,NA,NA
GEN24_1091625,Don't know / Not sure,NA,NA
GEN24_1091627,Agree,NA,NA
GEN24_1091644,Agree,NA,NA
GEN24_1091650,Agree,Agree,Agree
GEN24_1091656,Don't know / Not sure,NA,NA
GEN24_1091658,Agree,NA,NA
GEN24_1091664,Agree,Agree,Agree
GEN24_1091665,Don't know / Not sure,Agree,Agree
GEN24_1091670,Agree,Agree,Agree
GEN24_1091674,Agree,NA,NA
GEN24_1091686,Agree,Agree,Disagree
GEN24_1091690,Don't know / Not sure,Agree,Agree
GEN24_1091693,Agree,NA,NA
GEN24_1091705,Don't know / Not sure,NA,NA
GEN24_1091719,Agree,NA,NA
GEN24_1091724,Agree,NA,NA
GEN24_1091729,Disagree,Agree,Agree
GEN24_1091731,Don't know / Not sure,NA,NA
GEN24_1091732,Don't know / Not sure,Agree,Agree
GEN24_1091733,Agree,NA,NA
GEN24_1091737,Agree,NA,NA
GEN24_1091738,Disagree,NA,NA
GEN24_1091751,Don't know / Not sure,NA,NA
GEN24_1091756,Agree,NA,NA
GEN24_1091768,Disagree,NA,NA
GEN24_1091773,Don't know / Not sure,Agree,Agree
GEN24_1091781,Agree,NA,NA
GEN24_1091782,Don't know / Not sure,NA,NA
GEN24_1091783,Don't know / Not sure,NA,NA
GEN24_1091796,Don't know / Not sure,NA,NA
GEN24_1091797,Don't know / Not sure,Agree,Agree
GEN24_1091798,Disagree,NA,NA
GEN24_1091816,Disagree,NA,NA
GEN24_1091819,Agree,NA,NA
GEN24_1091821,Agree,NA,NA
GEN24_1091824,Don't know / Not sure,NA,NA
GEN24_1091831,Don't know / Not sure,NA,NA
GEN24_1091844,Agree,NA,NA
GEN24_1091845,Agree,Agree,Agree
GEN24_1091849,Agree,Agree,Agree
GEN24_1091855,Agree,Agree,Agree
GEN24_1091882,Agree,Agree,Agree
GEN24_1091890,Agree,Agree,Agree
GEN24_1091894,Agree,Agree,Agree
GEN24_1091898,Agree,Agree,Agree
GEN24_1091901,Don't know / Not sure,NA,NA
GEN24_1091905,Agree,NA,NA
GEN24_1091909,Agree,Agree,Agree
GEN24_1091911,Agree,Agree,Agree
GEN24_1091913,Agree,NA,NA
GEN24_1091917,Agree,NA,NA
GEN24_1091923,Agree,NA,NA
GEN24_1091928,Disagree,NA,NA
GEN24_1091933,Agree,NA,NA
GEN24_1091944,Agree,Agree,Agree
GEN24_1091954,Agree,Agree,Agree
GEN24_1091955,Agree,NA,NA
GEN24_1091978,Disagree,NA,NA
GEN24_1091979,Disagree,Agree,Agree
GEN24_1091982,Agree,NA,NA
GEN24_1091989,Agree,Agree,Agree
GEN24_1091991,Agree,Agree,Agree
GEN24_1092002,Agree,Agree,Agree
GEN24_1092004,Don't know / Not sure,Agree,Agree
GEN24_1092010,Disagree,NA,NA
GEN24_1092013,Agree,NA,Agree
GEN24_1092015,Disagree,NA,NA
GEN24_1092021,Agree,Agree,Agree
GEN24_1092022,Disagree,NA,NA
GEN24_1092023,Disagree,NA,NA
GEN24_1092033,Disagree,NA,NA
GEN24_1092056,Don't know / Not sure,NA,NA
GEN24_1092083,Don't know / Not sure,NA,NA
GEN24_1092100,Agree,Agree,Agree
GEN24_1092104,Agree,Agree,Agree
GEN24_1092108,Agree,Agree,Agree
GEN24_1092113,Agree,NA,NA
GEN24_1092118,Agree,Agree,Agree
GEN24_1092124,Disagree,Agree,Agree
GEN24_1092126,Agree,NA,Agree
GEN24_1092129,Don't know / Not sure,Agree,Agree
GEN24_1092134,Agree,NA,NA
GEN24_1092137,Don't know / Not sure,Agree,Agree
GEN24_1092138,Agree,Agree,Agree
GEN24_1092140,Agree,Agree,Agree
GEN24_1092142,Don't know / Not sure,Agree,Agree
GEN24_1092148,Agree,Agree,NA
GEN24_1092157,Don't know / Not sure,Agree,NA
GEN24_1092158,Don't know / Not sure,Agree,Agree
GEN24_1092161,Disagree,NA,NA
GEN24_1092168,Don't know / Not sure,NA,NA
GEN24_1092169,Agree,Agree,Agree
GEN24_1092173,Disagree,NA,NA
GEN24_1092177,Don't know / Not sure,NA,NA
GEN24_1092184,Agree,NA,NA
GEN24_1092192,Agree,NA,NA
GEN24_1092195,Agree,NA,NA
GEN24_1092205,Don't know / Not sure,Agree,Agree
GEN24_1092210,Agree,NA,NA
GEN24_1092213,Disagree,Disagree,Agree
GEN24_1092214,Disagree,Agree,Agree
GEN24_1092215,Don't know / Not sure,NA,NA
GEN24_1092224,Don't know / Not sure,Agree,Agree
GEN24_1092228,Agree,NA,NA
GEN24_1092235,Agree,NA,NA
GEN24_1092245,Agree,NA,NA
GEN24_1092259,Agree,Agree,Agree
GEN24_1092261,Agree,Agree,Agree
GEN24_1092264,Disagree,NA,NA
GEN24_1092274,Don't know / Not sure,NA,NA
GEN24_1092275,Don't know / Not sure,NA,NA
GEN24_1092286,Agree,NA,NA
GEN24_1092299,Agree,NA,NA
GEN24_1092300,Agree,NA,NA
GEN24_1092307,Don't know / Not sure,NA,NA
GEN24_1092316,Agree,NA,NA
GEN24_1092323,Don't know / Not sure,Agree,Agree
GEN24_1092327,Agree,NA,NA
GEN24_1092330,Don't know / Not sure,NA,NA
GEN24_1092331,Agree,Disagree,NA
GEN24_1092333,Agree,Agree,Agree
GEN24_1092337,Agree,NA,NA
GEN24_1092338,Agree,Agree,Agree
GEN24_1092352,Agree,NA,NA
GEN24_1092353,Agree,NA,NA
GEN24_1092354,Don't know / Not sure,NA,NA
GEN24_1092357,Agree,Agree,Agree
GEN24_1092367,Agree,Agree,Agree
GEN24_1092370,Agree,NA,NA
GEN24_1092373,Agree,NA,NA
GEN24_1092377,Agree,Agree,Agree
GEN24_1092403,Agree,Agree,Agree
GEN24_1092419,Agree,Agree,Agree
GEN24_1092436,Disagree,NA,NA
GEN24_1092441,Don't know / Not sure,NA,NA
GEN24_1092445,Agree,NA,NA
GEN24_1092454,Disagree,Agree,Agree
GEN24_1092456,Don't know / Not sure,NA,NA
GEN24_1092464,Agree,NA,NA
GEN24_1092470,Agree,Agree,Agree
GEN24_1092472,Don't know / Not sure,NA,NA
GEN24_1092473,Agree,Agree,Agree
GEN24_1092476,Disagree,NA,NA
GEN24_1092479,Don't know / Not sure,Agree,Agree
GEN24_1092496,Agree,NA,NA
GEN24_1092498,Agree,Agree,Agree
GEN24_1092504,Don't know / Not sure,NA,NA
GEN24_1092511,Disagree,NA,NA
GEN24_1092512,Don't know / Not sure,NA,NA
GEN24_1092513,Disagree,Agree,Agree
GEN24_1092516,Disagree,NA,NA
GEN24_1092527,Disagree,NA,NA
GEN24_1092528,Agree,Agree,Agree
GEN24_1092529,Agree,Agree,Agree
GEN24_1092535,Don't know / Not sure,Agree,Agree
GEN24_1092543,Agree,Agree,Agree
GEN24_1092545,Don't know / Not sure,Agree,Agree
GEN24_1092556,Agree,NA,NA
GEN24_1092560,Agree,Agree,Agree
GEN24_1092561,Agree,Agree,Agree
GEN24_1092562,Don't know / Not sure,Agree,Agree
GEN24_1092565,Agree,Agree,Agree
GEN24_1092572,Agree,NA,NA
GEN24_1092573,Don't know / Not sure,NA,NA
GEN24_1092576,Agree,Agree,Agree
GEN24_1092577,Don't know / Not sure,NA,NA
GEN24_1092585,Agree,NA,NA
GEN24_1092590,Disagree,NA,NA
GEN24_1092592,Agree,Agree,Agree
GEN24_1092596,Don't know / Not sure,NA,NA
GEN24_1092607,Agree,Agree,Agree
GEN24_1092609,Don't know / Not sure,NA,NA
GEN24_1092638,Agree,NA,NA
GEN24_1092639,Agree,NA,NA
GEN24_1092640,Agree,Agree,Agree
GEN24_1092653,Don't know / Not sure,NA,NA
GEN24_1092664,Agree,Disagree,Agree
GEN24_1092665,Agree,Agree,Agree
GEN24_1092672,Don't know / Not sure,NA,NA
GEN24_1092678,Disagree,NA,NA
GEN24_1092684,Agree,NA,NA
GEN24_1092685,Disagree,Agree,Agree
GEN24_1092688,Agree,Agree,Agree
GEN24_1092690,Agree,NA,NA
GEN24_1092697,Disagree,NA,NA
GEN24_1092703,Don't know / Not sure,NA,NA
GEN24_1092709,Agree,NA,Agree
GEN24_1092710,Don't know / Not sure,NA,NA
GEN24_1092712,Agree,NA,NA
GEN24_1092722,Disagree,Agree,Agree
GEN24_1092723,Agree,NA,NA
GEN24_1092727,Don't know / Not sure,Agree,Agree
GEN24_1092728,Don't know / Not sure,Agree,Agree
GEN24_1092732,Don't know / Not sure,NA,NA
GEN24_1092735,Agree,NA,NA
GEN24_1092739,Don't know / Not sure,Agree,Agree
GEN24_1092742,Don't know / Not sure,NA,NA
GEN24_1092745,Disagree,NA,NA
GEN24_1092746,Agree,NA,NA
GEN24_1092751,Disagree,Agree,Agree
GEN24_1092756,Agree,NA,NA
GEN24_1092761,Agree,NA,NA
GEN24_1092765,Agree,NA,NA
GEN24_1092773,Agree,NA,NA
GEN24_1092774,Agree,NA,NA
GEN24_1092782,Agree,Agree,Agree
GEN24_1092786,Agree,NA,NA
GEN24_1092787,Agree,NA,NA
GEN24_1092797,Don't know / Not sure,Agree,Agree
GEN24_1092798,Agree,NA,NA
GEN24_1092801,Agree,Agree,Agree
GEN24_1092806,Don't know / Not sure,NA,NA
GEN24_1092811,Agree,NA,NA
GEN24_1092812,Don't know / Not sure,NA,Agree
GEN24_1092815,Agree,NA,NA
GEN24_1092816,Don't know / Not sure,NA,NA
GEN24_1092829,Disagree,Agree,Agree
GEN24_1092832,Disagree,Agree,Agree
GEN24_1092840,Disagree,NA,NA
GEN24_1092848,Disagree,NA,NA
GEN24_1092851,Agree,NA,NA
GEN24_1092875,Agree,Agree,Agree
GEN24_1092879,Agree,Agree,Agree
GEN24_1092885,Agree,NA,NA
GEN24_1092886,Agree,Agree,Agree
GEN24_1092887,Agree,NA,NA
GEN24_1092891,Don't know / Not sure,NA,NA
GEN24_1092893,Agree,NA,NA
GEN24_1092896,Don't know / Not sure,Agree,Agree
GEN24_1092902,Agree,NA,NA
GEN24_1092912,Agree,Agree,Agree
GEN24_1092927,Disagree,NA,NA
GEN24_1092931,Agree,Agree,Agree
GEN24_1092932,Don't know / Not sure,Agree,Agree
GEN24_1092945,Disagree,NA,NA
GEN24_1092951,Agree,Agree,Agree
GEN24_1092952,Agree,Agree,Agree
GEN24_1092953,Don't know / Not sure,NA,NA
GEN24_1092957,Disagree,Agree,Agree
GEN24_1092959,Agree,Agree,Agree
GEN24_1092984,Disagree,NA,NA
GEN24_1092991,Don't know / Not sure,NA,NA
GEN24_1092994,Agree,Agree,Agree
GEN24_1092995,Agree,NA,NA
GEN24_1093011,Agree,NA,NA
GEN24_1093020,Don't know / Not sure,NA,NA
GEN24_1093023,Don't know / Not sure,NA,NA
GEN24_1093028,Disagree,NA,NA
GEN24_1093031,Agree,Agree,Agree
GEN24_1093049,Agree,Agree,Agree
GEN24_1093055,Agree,NA,NA
GEN24_1093067,Agree,Agree,Agree
GEN24_1093068,Agree,NA,NA
GEN24_1093070,Agree,NA,NA
GEN24_1093089,Don't know / Not sure,NA,NA
GEN24_1093100,Agree,Agree,Agree
GEN24_1093116,Don't know / Not sure,Agree,Agree
GEN24_1093117,Disagree,NA,NA
GEN24_1093133,Agree,Disagree,Agree
GEN24_1093135,Don't know / Not sure,Agree,Agree
GEN24_1093140,Agree,NA,NA
GEN24_1093156,Agree,NA,NA
GEN24_1093164,Don't know / Not sure,NA,NA
GEN24_1093171,Disagree,NA,NA
GEN24_1093188,Don't know / Not sure,NA,NA
GEN24_1093191,Disagree,NA,NA
GEN24_1093199,Disagree,NA,NA
GEN24_1093201,Agree,NA,NA
GEN24_1093205,Disagree,NA,NA
GEN24_1093210,Agree,Agree,Agree
GEN24_1093219,Agree,Agree,Agree
GEN24_1093232,Disagree,NA,NA
GEN24_1093236,Agree,Agree,Agree
GEN24_1093238,Don't know / Not sure,NA,NA
GEN24_1093243,Agree,NA,NA
GEN24_1093244,Agree,NA,NA
GEN24_1093245,Agree,NA,NA
GEN24_1093247,Don't know / Not sure,NA,NA
GEN24_1093260,Agree,Agree,Agree
GEN24_1093262,Agree,Disagree,Agree
GEN24_1093263,Don't know / Not sure,NA,NA
GEN24_1093264,Agree,NA,NA
GEN24_1093274,Agree,Agree,Agree
GEN24_1093279,Don't know / Not sure,NA,Agree
GEN24_1093285,Agree,NA,NA
GEN24_1093287,Agree,Agree,Agree
GEN24_1093288,Agree,Agree,Agree
GEN24_1093299,Disagree,Agree,Agree
GEN24_1093303,Agree,Agree,Agree
GEN24_1093306,Agree,NA,NA
GEN24_1093320,Don't know / Not sure,Agree,Agree
GEN24_1093331,Disagree,NA,NA
GEN24_1093336,Agree,NA,NA
GEN24_1093338,Don't know / Not sure,Agree,Agree
GEN24_1093343,Agree,Agree,Agree
GEN24_1093344,Agree,Agree,Agree
GEN24_1093359,Don't know / Not sure,Agree,Agree
GEN24_1093377,Don't know / Not sure,Agree,Agree
GEN24_1093379,Don't know / Not sure,NA,NA
GEN24_1093384,Agree,Agree,Agree
GEN24_1093386,Agree,Agree,Agree
GEN24_1093387,Agree,Agree,Agree
GEN24_1093390,Agree,NA,NA
GEN24_1093392,Agree,NA,Agree
GEN24_1093395,Agree,NA,NA
GEN24_1093398,Agree,Agree,Agree
GEN24_1093399,Disagree,NA,NA
GEN24_1093413,Don't know / Not sure,NA,NA
GEN24_1093425,Don't know / Not sure,NA,NA
GEN24_1093430,Agree,NA,NA
GEN24_1093433,Agree,Agree,Agree
GEN24_1093435,Agree,Agree,Agree
GEN24_1093437,Agree,Agree,Agree
GEN24_1093444,Don't know / Not sure,NA,NA
GEN24_1093447,Disagree,NA,NA
GEN24_1093449,Agree,Agree,Agree
GEN24_1093457,Agree,Agree,Agree
GEN24_1093462,Agree,Agree,Agree
GEN24_1093463,Don't know / Not sure,NA,NA
GEN24_1093465,Agree,Agree,Agree
GEN24_1093468,Don't know / Not sure,Agree,Agree
GEN24_1093470,Disagree,NA,NA
GEN24_1093473,Don't know / Not sure,NA,NA
GEN24_1093474,Don't know / Not sure,Agree,NA
GEN24_1093475,Agree,NA,NA
GEN24_1093479,Don't know / Not sure,NA,NA
GEN24_1093488,Don't know / Not sure,NA,NA
GEN24_1093490,Disagree,NA,NA
GEN24_1093499,Don't know / Not sure,NA,Agree
GEN24_1093500,Agree,Agree,Agree
GEN24_1093503,Agree,NA,NA
GEN24_1093506,Don't know / Not sure,Agree,Agree
GEN24_1093510,Agree,Agree,Agree
GEN24_1093517,Agree,NA,NA
GEN24_1093527,Agree,Agree,Agree
GEN24_1093528,Agree,NA,NA
GEN24_1093531,Agree,NA,NA
GEN24_1093543,Don't know / Not sure,NA,NA
GEN24_1093544,Agree,NA,NA
GEN24_1093553,Agree,Agree,Agree
GEN24_1093555,Agree,NA,NA
GEN24_1093557,Agree,Agree,Agree
GEN24_1093575,Don't know / Not sure,NA,NA
GEN24_1093577,Agree,Agree,Agree
GEN24_1093586,Agree,NA,NA
GEN24_1093590,Agree,Agree,Agree
GEN24_1093603,Don't know / Not sure,NA,NA
GEN24_1093606,Agree,Agree,Agree
GEN24_1093614,Agree,Agree,Agree
GEN24_1093616,Disagree,NA,NA
GEN24_1093640,Disagree,NA,NA
GEN24_1093648,Disagree,NA,NA
GEN24_1093653,Agree,Agree,Agree
GEN24_1093655,Agree,Disagree,Agree
GEN24_1093666,Agree,Agree,Agree
GEN24_1093667,Agree,NA,NA
GEN24_1093678,Don't know / Not sure,NA,NA
GEN24_1093709,Agree,Agree,Agree
GEN24_1093714,Don't know / Not sure,NA,NA
GEN24_1093715,Agree,NA,NA
GEN24_1093718,Agree,NA,Agree
GEN24_1093719,Disagree,NA,NA
GEN24_1093724,Disagree,NA,NA
GEN24_1093727,Agree,Agree,Agree
GEN24_1093730,Agree,Agree,Agree
GEN24_1093733,Agree,NA,NA
GEN24_1093738,Agree,Agree,Agree
GEN24_1093747,Don't know / Not sure,NA,NA
GEN24_1093748,Agree,NA,NA
GEN24_1093749,Agree,Agree,Agree
GEN24_1093758,Don't know / Not sure,NA,NA
GEN24_1093762,Agree,Agree,Agree
GEN24_1093763,Don't know / Not sure,NA,NA
GEN24_1093764,Agree,NA,NA
GEN24_1093768,Disagree,Agree,Agree
GEN24_1093773,Don't know / Not sure,NA,NA
GEN24_1093778,Don't know / Not sure,NA,NA
GEN24_1093784,Don't know / Not sure,NA,NA
GEN24_1093788,Agree,NA,NA
GEN24_1093796,Agree,Agree,Agree
GEN24_1093802,Disagree,NA,NA
GEN24_1093814,Disagree,NA,NA
GEN24_1093826,Disagree,NA,NA
GEN24_1093829,Don't know / Not sure,Agree,Agree
GEN24_1093843,Don't know / Not sure,Agree,Agree
GEN24_1093845,Disagree,NA,NA
GEN24_1093848,Agree,NA,NA
GEN24_1093849,Disagree,NA,NA
GEN24_1093852,Don't know / Not sure,NA,NA
GEN24_1093855,Agree,Agree,Agree
GEN24_1093856,Agree,NA,NA
GEN24_1093857,Don't know / Not sure,Agree,Agree
GEN24_1093867,Agree,Agree,Agree
GEN24_1093876,Agree,NA,NA
GEN24_1093879,Don't know / Not sure,NA,NA
GEN24_1093880,Agree,NA,NA
GEN24_1093890,Agree,NA,NA
GEN24_1093897,Agree,Agree,Agree
GEN24_1093902,Agree,Agree,Agree
GEN24_1093906,Agree,Agree,Agree
GEN24_1093909,Agree,NA,NA
GEN24_1093911,Agree,NA,NA
GEN24_1093913,Agree,Agree,Agree
GEN24_1093914,Agree,Agree,Agree
GEN24_1093929,Agree,Agree,Agree
GEN24_1093934,Agree,Agree,Agree
GEN24_1093936,Agree,Disagree,Disagree
GEN24_1093944,Don't know / Not sure,NA,NA
GEN24_1093945,Disagree,NA,NA
GEN24_1093962,Agree,Agree,Agree
GEN24_1093963,Disagree,NA,NA
GEN24_1093974,Don't know / Not sure,NA,NA
GEN24_1093985,Disagree,NA,NA
GEN24_1093992,Disagree,NA,NA
GEN24_1093993,Agree,Agree,Agree
GEN24_1093996,Don't know / Not sure,NA,NA
GEN24_1093998,Don't know / Not sure,NA,Agree
GEN24_1094002,Don't know / Not sure,NA,NA
GEN24_1094022,Disagree,NA,NA
GEN24_1094024,Disagree,NA,NA
GEN24_1094025,Don't know / Not sure,NA,Agree
GEN24_1094027,Disagree,NA,NA
GEN24_1094031,Disagree,NA,NA
GEN24_1094036,Agree,NA,NA
GEN24_1094042,Disagree,Agree,Agree
GEN24_1094051,Agree,NA,NA
GEN24_1094056,Agree,Agree,Agree
GEN24_1094058,Don't know / Not sure,NA,NA
GEN24_1094060,Agree,Agree,Agree
GEN24_1094064,Agree,Agree,Agree
GEN24_1094073,Don't know / Not sure,NA,NA
GEN24_1094075,Don't know / Not sure,NA,NA
GEN24_1094080,Disagree,NA,NA
GEN24_1094081,Agree,NA,NA
GEN24_1094089,Agree,Agree,Agree
GEN24_1094096,Agree,NA,NA
GEN24_1094109,Agree,Agree,Agree
GEN24_1094119,Don't know / Not sure,NA,Agree
GEN24_1094127,Disagree,NA,NA
GEN24_1094131,Agree,NA,NA
GEN24_1094132,Agree,NA,NA
GEN24_1094134,Agree,NA,NA
GEN24_1094135,Agree,Agree,Agree
GEN24_1094142,Agree,Agree,Agree
GEN24_1094147,Don't know / Not sure,Agree,Agree
GEN24_1094149,Disagree,Agree,Agree
GEN24_1094159,Agree,Agree,Agree
GEN24_1094163,Agree,Agree,Agree
GEN24_1094164,Agree,Agree,Agree
GEN24_1094177,Don't know / Not sure,Agree,NA
GEN24_1094178,Don't know / Not sure,NA,NA
GEN24_1094179,Agree,NA,NA
GEN24_1094189,Disagree,NA,NA
GEN24_1094193,Disagree,NA,NA
GEN24_1094206,Disagree,NA,NA
GEN24_1094210,Agree,NA,NA
GEN24_1094220,Agree,NA,NA
GEN24_1094223,Don't know / Not sure,NA,NA
GEN24_1094226,Agree,NA,NA
GEN24_1094232,Disagree,Agree,NA
GEN24_1094239,Don't know / Not sure,NA,NA
GEN24_1094245,Don't know / Not sure,NA,NA
GEN24_1094252,Agree,NA,NA
GEN24_1094264,Disagree,NA,NA
GEN24_1094271,Agree,NA,NA
GEN24_1094273,Agree,Agree,Agree
GEN24_1094274,Agree,Agree,Agree
GEN24_1094276,Disagree,Agree,Agree
GEN24_1094278,Agree,Agree,Agree
GEN24_1094282,Agree,Agree,Agree
GEN24_1094288,Agree,NA,NA
GEN24_1094293,Disagree,NA,NA
GEN24_1094294,Agree,Agree,Agree
GEN24_1094295,Agree,NA,NA
GEN24_1094297,Agree,NA,NA
GEN24_1094298,Disagree,Agree,Agree
GEN24_1094302,Don't know / Not sure,NA,NA
GEN24_1094317,Agree,Agree,Agree
GEN24_1094336,Disagree,NA,NA
GEN24_1094338,Don't know / Not sure,NA,NA
GEN24_1094345,Disagree,NA,NA
GEN24_1094347,Agree,Disagree,Disagree
GEN24_1094356,Agree,NA,NA
GEN24_1094357,Agree,Agree,Agree
GEN24_1094367,Agree,Agree,Agree
GEN24_1094368,Don't know / Not sure,Agree,Agree
GEN24_1094369,Disagree,Agree,Agree
GEN24_1094372,Don't know / Not sure,NA,NA
GEN24_1094376,Agree,NA,NA
GEN24_1094382,Agree,NA,NA
GEN24_1094384,Don't know / Not sure,NA,NA
GEN24_1094402,Agree,Agree,Agree
GEN24_1094406,Disagree,NA,NA
GEN24_1094414,Agree,NA,NA
GEN24_1094415,Disagree,Agree,Agree
GEN24_1094423,Disagree,NA,NA
GEN24_1094428,Agree,Agree,Agree
GEN24_1094430,Agree,Agree,Agree
GEN24_1094436,Disagree,NA,NA
GEN24_1094437,Agree,Agree,Agree
GEN24_1094438,Disagree,NA,NA
GEN24_1094439,Agree,NA,NA
GEN24_1094451,Agree,Agree,Agree
GEN24_1094454,Agree,NA,NA
GEN24_1094460,Don't know / Not sure,NA,NA
GEN24_1094462,Agree,Agree,Agree
GEN24_1094466,Agree,NA,NA
GEN24_1094470,Agree,Agree,Agree
GEN24_1094471,Agree,Agree,Agree
GEN24_1094479,Don't know / Not sure,NA,NA
GEN24_1094480,Agree,Agree,Agree
GEN24_1094489,Don't know / Not sure,NA,NA
GEN24_1094501,Agree,NA,NA
GEN24_1094515,Don't know / Not sure,NA,NA
GEN24_1094521,Disagree,Agree,Agree
GEN24_1094527,Don't know / Not sure,NA,Agree
GEN24_1094528,Agree,NA,NA
GEN24_1094531,Don't know / Not sure,NA,NA
GEN24_1094537,Don't know / Not sure,NA,NA
GEN24_1094540,Don't know / Not sure,NA,NA
GEN24_1094541,Agree,Agree,Agree
GEN24_1094558,Agree,Agree,Agree
GEN24_1094562,Agree,NA,NA
GEN24_1094568,Don't know / Not sure,Agree,Agree
GEN24_1094582,Agree,Agree,Agree
GEN24_1094586,Don't know / Not sure,NA,NA
GEN24_1094587,Disagree,NA,NA
GEN24_1094590,Disagree,NA,NA
GEN24_1094598,Agree,Agree,Agree
GEN24_1094601,Agree,Agree,Agree
GEN24_1094617,Agree,NA,NA
GEN24_1094623,Agree,NA,NA
GEN24_1094625,Disagree,NA,NA
GEN24_1094630,Agree,NA,NA
GEN24_1094638,Agree,Agree,Agree
GEN24_1094640,Agree,Disagree,Disagree
GEN24_1094648,Don't know / Not sure,NA,NA
GEN24_1094649,Agree,NA,NA
GEN24_1094651,Disagree,NA,NA
GEN24_1094652,Disagree,NA,NA
GEN24_1094654,Disagree,NA,NA
GEN24_1094656,Agree,NA,NA
GEN24_1094667,Agree,Agree,Agree
GEN24_1094668,Agree,Agree,Agree
GEN24_1094680,Agree,Agree,Agree
GEN24_1094691,Don't know / Not sure,NA,NA
GEN24_1094693,Agree,Agree,Agree
GEN24_1094696,Don't know / Not sure,NA,NA
GEN24_1094713,Agree,Disagree,Agree
GEN24_1094716,Agree,NA,NA
GEN24_1094722,Agree,Agree,Agree
GEN24_1094723,Agree,NA,NA
GEN24_1094728,Don't know / Not sure,NA,NA
GEN24_1094731,Don't know / Not sure,NA,NA
GEN24_1094735,Agree,NA,NA
GEN24_1094740,Don't know / Not sure,NA,NA
GEN24_1094745,Don't know / Not sure,NA,NA
GEN24_1094747,Agree,NA,NA
GEN24_1094749,Don't know / Not sure,NA,NA
GEN24_1094752,Agree,Agree,Agree
GEN24_1094754,Agree,NA,NA
GEN24_1094758,Disagree,NA,NA
GEN24_1094768,Agree,NA,NA
GEN24_1094777,Agree,NA,NA
GEN24_1094778,Agree,Agree,Agree
GEN24_1094781,Disagree,NA,NA
GEN24_1094789,Agree,NA,NA
GEN24_1094794,Don't know / Not sure,NA,NA
GEN24_1094798,Agree,NA,NA
GEN24_1094806,Agree,Agree,Agree
GEN24_1094816,Don't know / Not sure,Agree,Agree
GEN24_1094823,Don't know / Not sure,NA,NA
GEN24_1094838,Disagree,NA,NA
GEN24_1094839,Agree,Agree,Agree
GEN24_1094844,Agree,Agree,Agree
GEN24_1094857,Agree,Agree,Agree
GEN24_1094879,Agree,Agree,Agree
GEN24_1094886,Disagree,NA,NA
GEN24_1094901,Agree,NA,NA
GEN24_1094905,Don't know / Not sure,NA,NA
GEN24_1094910,Disagree,Agree,Agree
GEN24_1094917,Don't know / Not sure,NA,Agree
GEN24_1094926,Disagree,Agree,Agree
GEN24_1094930,Disagree,NA,NA
GEN24_1094931,Disagree,Agree,Agree
GEN24_1094932,Agree,Agree,Agree
GEN24_1094937,Disagree,NA,NA
GEN24_1094938,Disagree,Agree,Agree
GEN24_1094944,Don't know / Not sure,NA,NA
GEN24_1094955,Agree,Agree,Agree
GEN24_1094967,Agree,Agree,Disagree
GEN24_1094970,Agree,Agree,Agree
GEN24_1094974,Agree,NA,NA
GEN24_1094990,Agree,NA,Agree
GEN24_1094992,Don't know / Not sure,NA,NA
GEN24_1095006,Agree,NA,NA
GEN24_1095028,Disagree,NA,NA
GEN24_1095030,Disagree,Agree,Agree
GEN24_1095036,Agree,NA,NA
GEN24_1095045,Agree,Agree,Agree
GEN24_1095046,Agree,Agree,Disagree
GEN24_1095048,Agree,Agree,NA
GEN24_1095055,Agree,NA,NA
GEN24_1095059,Agree,NA,NA
GEN24_1095061,Disagree,Agree,Agree
GEN24_1095063,Don't know / Not sure,NA,NA
GEN24_1095071,Agree,Agree,Agree
GEN24_1095083,Agree,Agree,Agree
GEN24_1095086,Agree,NA,NA
GEN24_1095088,Agree,Agree,Agree
GEN24_1095128,Disagree,Agree,Agree
GEN24_1095129,Agree,NA,NA
GEN24_1095135,Disagree,Agree,Agree
GEN24_1095138,Don't know / Not sure,NA,NA
GEN24_1095144,Don't know / Not sure,NA,NA
GEN24_1095145,Disagree,NA,NA
GEN24_1095146,Agree,NA,NA
GEN24_1095165,Agree,NA,NA
GEN24_1095177,Agree,NA,NA
GEN24_1095180,Agree,Agree,Agree
GEN24_1095182,Agree,Agree,Agree
GEN24_1095184,Agree,Agree,Agree
GEN24_1095185,Agree,NA,NA
GEN24_1095194,Don't know / Not sure,Agree,Agree
GEN24_1095198,Disagree,NA,NA
GEN24_1095200,Agree,NA,NA
GEN24_1095202,Agree,NA,NA
GEN24_1095208,Don't know / Not sure,NA,NA
GEN24_1095211,Agree,NA,NA
GEN24_1095215,Agree,Agree,Agree
GEN24_1095232,Agree,NA,NA
GEN24_1095239,Agree,Agree,Agree
GEN24_1095240,Agree,NA,NA
GEN24_1095244,Agree,Agree,Agree
GEN24_1095248,Agree,NA,Agree
GEN24_1095251,Don't know / Not sure,NA,NA
GEN24_1095259,Don't know / Not sure,Agree,Agree
GEN24_1095260,Disagree,NA,NA
GEN24_1095267,Don't know / Not sure,NA,NA
GEN24_1095270,Agree,NA,NA
GEN24_1095283,Don't know / Not sure,NA,NA
GEN24_1095284,Don't know / Not sure,NA,NA
GEN24_1095291,Agree,NA,NA
GEN24_1095303,Disagree,NA,NA
GEN24_1095304,Disagree,Agree,Agree
GEN24_1095305,Don't know / Not sure,Agree,Agree
GEN24_1095309,Agree,Agree,Agree
GEN24_1095313,Agree,NA,NA
GEN24_1095316,Agree,NA,NA
GEN24_1095320,Agree,Agree,Agree
GEN24_1095322,Agree,Agree,Agree
GEN24_1095326,Agree,NA,NA
GEN24_1095331,Agree,NA,NA
GEN24_1095332,Disagree,Agree,Agree
GEN24_1095334,Disagree,Agree,Agree
GEN24_1095338,Disagree,Agree,Agree
GEN24_1095341,Agree,NA,NA
GEN24_1095345,Agree,NA,NA
GEN24_1095359,Agree,NA,Agree
GEN24_1095378,Agree,NA,NA
GEN24_1095385,Agree,NA,NA
GEN24_1095390,Agree,Agree,Agree
GEN24_1095394,Disagree,NA,NA
GEN24_1095397,Disagree,NA,NA
GEN24_1095413,Agree,NA,NA
GEN24_1095420,Don't know / Not sure,NA,NA
GEN24_1095423,Disagree,Agree,Agree
GEN24_1095431,Disagree,NA,NA
GEN24_1095438,Disagree,NA,NA
GEN24_1095450,Disagree,NA,NA
GEN24_1095453,Agree,NA,NA
GEN24_1095456,Disagree,NA,NA
GEN24_1095469,Disagree,NA,NA
GEN24_1095480,Agree,NA,NA
GEN24_1095481,Agree,NA,NA
GEN24_1095483,Agree,NA,NA
GEN24_1095488,Agree,NA,NA
GEN24_1095490,Don't know / Not sure,Agree,Agree
GEN24_1095492,Disagree,Agree,Agree
GEN24_1095499,Agree,Agree,Agree
GEN24_1095504,Agree,NA,NA
GEN24_1095508,Agree,Agree,Agree
GEN24_1095514,Don't know / Not sure,NA,NA
GEN24_1095515,Don't know / Not sure,NA,NA
GEN24_1095517,Agree,Agree,Agree
GEN24_1095519,Don't know / Not sure,NA,NA
GEN24_1095525,Agree,Agree,Agree
GEN24_1095529,Agree,NA,NA
GEN24_1095536,Agree,NA,NA
GEN24_1095537,Don't know / Not sure,NA,NA
GEN24_1095540,Agree,NA,Agree
GEN24_1095549,Disagree,NA,NA
GEN24_1095551,Don't know / Not sure,NA,NA
GEN24_1095552,Don't know / Not sure,NA,NA
GEN24_1095553,Agree,Agree,Agree
GEN24_1095554,Agree,NA,NA
GEN24_1095555,Disagree,NA,Agree
GEN24_1095567,Agree,NA,NA
GEN24_1095568,Agree,NA,NA
GEN24_1095571,Don't know / Not sure,NA,NA
GEN24_1095573,Don't know / Not sure,NA,NA
GEN24_1095578,Disagree,Agree,Agree
GEN24_1095580,Don't know / Not sure,NA,NA
GEN24_1095593,Don't know / Not sure,Disagree,NA
GEN24_1095617,Disagree,Agree,Agree
GEN24_1095627,Agree,NA,Agree
GEN24_1095630,Agree,Agree,NA
GEN24_1095635,Disagree,NA,NA
GEN24_1095641,Don't know / Not sure,Agree,Agree
GEN24_1095643,Agree,Agree,Agree
GEN24_1095644,Don't know / Not sure,NA,NA
GEN24_1095649,Don't know / Not sure,NA,Agree
GEN24_1095650,Agree,Agree,Agree
GEN24_1095657,Agree,NA,NA
GEN24_1095678,Agree,Agree,Agree
GEN24_1095680,Agree,NA,NA
GEN24_1095682,Agree,NA,NA
GEN24_1095687,Disagree,Agree,Disagree
GEN24_1095693,Agree,Agree,Agree
GEN24_1095700,Don't know / Not sure,Agree,NA
GEN24_1095701,Don't know / Not sure,NA,NA
GEN24_1095702,Don't know / Not sure,NA,NA
GEN24_1095718,Agree,Agree,Agree
GEN24_1095725,Agree,NA,NA
GEN24_1095726,Don't know / Not sure,NA,NA
GEN24_1095728,Don't know / Not sure,Agree,Agree
GEN24_1095729,Agree,NA,NA
GEN24_1095732,Disagree,NA,NA
GEN24_1095737,Don't know / Not sure,Agree,Agree
GEN24_1095739,Agree,NA,NA
GEN24_1095743,Don't know / Not sure,Agree,Agree
GEN24_1095751,Agree,Agree,Agree
GEN24_1095756,Agree,Agree,Agree
GEN24_1095759,Agree,Agree,Agree
GEN24_1095760,Disagree,NA,NA
GEN24_1095761,Disagree,Agree,Agree
GEN24_1095763,Agree,NA,NA
GEN24_1095767,Don't know / Not sure,NA,NA
GEN24_1095795,Agree,NA,NA
GEN24_1095801,Agree,NA,NA
GEN24_1095803,Don't know / Not sure,NA,NA
GEN24_1095810,Agree,NA,NA
GEN24_1095812,Don't know / Not sure,Agree,Agree
GEN24_1095814,Agree,Agree,Agree
GEN24_1095828,Agree,NA,NA
GEN24_1095838,Agree,NA,NA
GEN24_1095840,Agree,Agree,Agree
GEN24_1095841,Agree,NA,NA
GEN24_1095842,Agree,NA,NA
GEN24_1095844,Don't know / Not sure,NA,NA
GEN24_1095850,Agree,Agree,Agree
GEN24_1095851,Agree,Agree,Agree
GEN24_1095855,Disagree,NA,NA
GEN24_1095863,Agree,NA,NA
GEN24_1095871,Don't know / Not sure,Agree,Agree
GEN24_1095873,Agree,NA,NA
GEN24_1095874,Don't know / Not sure,NA,NA
GEN24_1095876,Don't know / Not sure,Agree,Agree
GEN24_1095881,Agree,Agree,Agree
GEN24_1095882,Agree,NA,NA
GEN24_1095884,Agree,Agree,Agree
GEN24_1095886,Agree,Agree,Agree
GEN24_1095888,Agree,Agree,Agree
GEN24_1095895,Don't know / Not sure,NA,NA
GEN24_1095900,Don't know / Not sure,NA,NA
GEN24_1095901,Agree,NA,NA
GEN24_1095913,Agree,Agree,Agree
GEN24_1095915,Don't know / Not sure,NA,NA
GEN24_1095929,Agree,Agree,Agree
GEN24_1095936,Agree,NA,NA
GEN24_1095937,Disagree,NA,NA
GEN24_1095941,Don't know / Not sure,Agree,Agree
GEN24_1095942,Agree,NA,NA
GEN24_1095943,Agree,Agree,Agree
GEN24_1095964,Don't know / Not sure,Agree,Agree
GEN24_1095992,Agree,NA,NA
GEN24_1095998,Agree,NA,Agree
GEN24_1096000,Don't know / Not sure,NA,NA
GEN24_1096001,Agree,NA,NA
GEN24_1096003,Agree,Agree,Agree
GEN24_1096009,Disagree,Agree,Agree
GEN24_1096012,Agree,NA,NA
GEN24_1096021,Agree,NA,NA
GEN24_1096026,Disagree,Agree,NA
GEN24_1096027,Agree,Agree,Agree
GEN24_1096035,Agree,NA,NA
GEN24_1096038,Disagree,NA,NA
GEN24_1096040,Disagree,Agree,Agree
GEN24_1096044,Disagree,Disagree,Agree
GEN24_1096045,Don't know / Not sure,Agree,Agree
GEN24_1096052,Agree,NA,NA
GEN24_1096053,Agree,Agree,Agree
GEN24_1096056,Agree,NA,NA
GEN24_1096057,Disagree,NA,NA
GEN24_1096059,Disagree,NA,NA
GEN24_1096066,Don't know / Not sure,NA,NA
GEN24_1096074,Don't know / Not sure,NA,NA
GEN24_1096076,Disagree,NA,NA
GEN24_1096077,Agree,Agree,Agree
GEN24_1096090,Agree,Agree,Agree
GEN24_1096096,Agree,NA,NA
GEN24_1096097,Agree,NA,NA
GEN24_1096106,Agree,NA,NA
GEN24_1096112,Agree,NA,NA
GEN24_1096123,Agree,Agree,Agree
GEN24_1096144,Agree,Agree,Agree
GEN24_1096146,Agree,NA,NA
GEN24_1096154,Agree,NA,NA
GEN24_1096156,Agree,Agree,Agree
GEN24_1096157,Disagree,NA,NA
GEN24_1096175,Agree,Agree,Agree
GEN24_1096192,Disagree,NA,NA
GEN24_1096193,Agree,NA,Agree
GEN24_1096195,Don't know / Not sure,NA,NA
GEN24_1096198,Disagree,NA,NA
GEN24_1096226,Agree,NA,NA
GEN24_1096229,Agree,Agree,Agree
GEN24_1096232,Disagree,NA,NA
GEN24_1096237,Agree,NA,NA
GEN24_1096264,Agree,Agree,Agree
GEN24_1096265,Don't know / Not sure,Agree,Agree
GEN24_1096267,Disagree,NA,NA
GEN24_1096268,Agree,Agree,Agree
GEN24_1096275,Agree,NA,NA
GEN24_1096277,Agree,Agree,Agree
GEN24_1096278,Agree,NA,NA
GEN24_1096284,Disagree,NA,NA
GEN24_1096291,Agree,Agree,Agree
GEN24_1096295,Disagree,NA,NA
GEN24_1096296,Disagree,NA,NA
GEN24_1096300,Disagree,NA,NA
GEN24_1096308,Agree,NA,NA
GEN24_1096309,Don't know / Not sure,NA,NA
GEN24_1096327,Agree,NA,NA
GEN24_1096332,Agree,NA,NA
GEN24_1096335,Disagree,NA,NA
GEN24_1096337,Disagree,NA,NA
GEN24_1096350,Agree,NA,NA
GEN24_1096365,Agree,NA,NA
GEN24_1096369,Don't know / Not sure,Agree,Agree
GEN24_1096379,Agree,NA,Agree
GEN24_1096387,Disagree,NA,NA
GEN24_1096388,Agree,Agree,Agree
GEN24_1096389,Disagree,NA,NA
GEN24_1096391,Agree,Agree,Agree
GEN24_1096393,Don't know / Not sure,NA,Agree
GEN24_1096395,Disagree,NA,NA
GEN24_1096400,Disagree,NA,NA
GEN24_1096412,Disagree,NA,NA
GEN24_1096414,Don't know / Not sure,NA,NA
GEN24_1096420,Agree,Agree,Agree
GEN24_1096422,Agree,NA,NA
GEN24_1096428,Agree,NA,NA
GEN24_1096448,Disagree,Agree,Agree
GEN24_1096456,Disagree,Agree,Agree
GEN24_1096469,Don't know / Not sure,NA,NA
GEN24_1096471,Agree,NA,NA
GEN24_1096474,Don't know / Not sure,NA,NA
GEN24_1096479,Disagree,Agree,Agree
GEN24_1096481,Agree,Agree,Agree
GEN24_1096487,Disagree,Agree,Agree
GEN24_1096488,Don't know / Not sure,NA,NA
GEN24_1096491,Disagree,NA,NA
GEN24_1096492,Agree,NA,NA
GEN24_1096494,Disagree,NA,NA
GEN24_1096506,Disagree,NA,NA
GEN24_1096509,Disagree,NA,NA
GEN24_1096532,Agree,NA,NA
GEN24_1096535,Agree,NA,NA
GEN24_1096538,Agree,Agree,Agree
GEN24_1096539,Agree,Agree,Agree
GEN24_1096545,Agree,Agree,Agree
GEN24_1096550,Agree,NA,NA
GEN24_1096551,Agree,NA,NA
GEN24_1096552,Agree,Agree,Agree
GEN24_1096555,Don't know / Not sure,NA,NA
GEN24_1096560,Don't know / Not sure,NA,NA
GEN24_1096566,Don't know / Not sure,NA,NA
GEN24_1096579,Agree,NA,NA
GEN24_1096581,Disagree,Disagree,Agree
GEN24_1096583,Don't know / Not sure,Agree,Agree
GEN24_1096586,Agree,Agree,Agree
GEN24_1096594,Don't know / Not sure,NA,NA
GEN24_1096600,Agree,NA,Agree
GEN24_1096603,Agree,Agree,Agree
GEN24_1096606,Agree,Agree,Agree
GEN24_1096611,Don't know / Not sure,NA,NA
GEN24_1096613,Disagree,Agree,Agree
GEN24_1096625,Agree,NA,NA
GEN24_1096627,Agree,Agree,Agree
GEN24_1096628,Don't know / Not sure,NA,NA
GEN24_1096636,Disagree,Agree,Agree
GEN24_1096637,Disagree,Agree,Agree
GEN24_1096638,Disagree,NA,NA
GEN24_1096645,Agree,Agree,Agree
GEN24_1096647,Agree,Agree,Agree
GEN24_1096650,Agree,Agree,Agree
GEN24_1096655,Don't know / Not sure,NA,NA
GEN24_1096657,Disagree,NA,NA
GEN24_1096661,Disagree,NA,NA
GEN24_1096679,Disagree,NA,NA
GEN24_1096685,Agree,Agree,Agree
GEN24_1096694,Don't know / Not sure,Agree,Agree
GEN24_1096698,Don't know / Not sure,NA,NA
GEN24_1096700,Disagree,Agree,Disagree
GEN24_1096705,Don't know / Not sure,NA,NA
GEN24_1096708,Agree,Agree,Agree
GEN24_1096713,Disagree,NA,NA
GEN24_1096714,Disagree,NA,NA
GEN24_1096715,Agree,NA,NA
GEN24_1096720,Don't know / Not sure,NA,NA
GEN24_1096723,Agree,Agree,Agree
GEN24_1096731,Agree,NA,NA
GEN24_1096732,Don't know / Not sure,NA,Agree
GEN24_1096736,Agree,Agree,Agree
GEN24_1096737,Don't know / Not sure,NA,NA
GEN24_1096738,Disagree,NA,NA
GEN24_1096739,Agree,NA,NA
GEN24_1096751,Agree,Agree,Agree
GEN24_1096752,Disagree,NA,NA
GEN24_1096758,Disagree,NA,NA
GEN24_1096763,Don't know / Not sure,NA,NA
GEN24_1096766,Agree,NA,NA
GEN24_1096777,Agree,Agree,Agree
GEN24_1096778,Don't know / Not sure,NA,NA
GEN24_1096791,Don't know / Not sure,NA,NA
GEN24_1096795,Disagree,NA,NA
GEN24_1096800,Agree,NA,NA
GEN24_1096806,Don't know / Not sure,NA,NA
GEN24_1096807,Agree,Agree,Agree
GEN24_1096812,Agree,Agree,Agree
GEN24_1096815,Agree,Agree,Agree
GEN24_1096823,Disagree,NA,NA
GEN24_1096828,Don't know / Not sure,NA,NA
GEN24_1096834,Agree,NA,NA
GEN24_1096835,Disagree,NA,NA
GEN24_1096836,Agree,Agree,Agree
GEN24_1096840,Disagree,NA,NA
GEN24_1096846,Agree,NA,NA
GEN24_1096847,Agree,Agree,Agree
GEN24_1096848,Agree,Agree,Agree
GEN24_1096851,Agree,Agree,Agree
GEN24_1096853,Agree,NA,NA
GEN24_1096859,Agree,Agree,Agree
GEN24_1096860,Agree,NA,NA
GEN24_1096868,Disagree,NA,NA
GEN24_1096869,Disagree,NA,NA
GEN24_1096877,Agree,NA,NA
GEN24_1096879,Agree,Agree,Agree
GEN24_1096883,Agree,NA,NA
GEN24_1096886,Don't know / Not sure,NA,NA
GEN24_1096891,Agree,Agree,Agree
GEN24_1096892,Disagree,NA,NA
GEN24_1096897,Don't know / Not sure,NA,NA
GEN24_1096900,Agree,Agree,Agree
GEN24_1096903,Disagree,NA,NA
GEN24_1096906,Don't know / Not sure,NA,NA
GEN24_1096907,Agree,Agree,Agree
GEN24_1096914,Disagree,NA,NA
GEN24_1096922,Agree,NA,NA
GEN24_1096925,Disagree,Agree,Agree
GEN24_1096934,Agree,Agree,Agree
GEN24_1096937,Agree,Agree,Agree
GEN24_1096943,Don't know / Not sure,Disagree,NA
GEN24_1096954,Don't know / Not sure,NA,NA
GEN24_1096957,Disagree,NA,Agree
GEN24_1096970,Agree,Agree,Agree
GEN24_1096975,Agree,Agree,Agree
GEN24_1096979,Don't know / Not sure,Agree,Agree
GEN24_1096981,Disagree,NA,NA
GEN24_1096988,Don't know / Not sure,Agree,Agree
GEN24_1096991,Don't know / Not sure,NA,NA
GEN24_1096992,Don't know / Not sure,NA,NA
GEN24_1096999,Agree,Agree,Agree
GEN24_1097008,Agree,Agree,Agree
GEN24_1097010,Agree,Agree,Agree
GEN24_1097012,Disagree,NA,NA
GEN24_1097021,Don't know / Not sure,Agree,NA
GEN24_1097032,Don't know / Not sure,Agree,Agree
GEN24_1097034,Don't know / Not sure,Agree,Agree
GEN24_1097037,Agree,Agree,Agree
GEN24_1097040,Don't know / Not sure,NA,Agree
GEN24_1097042,Agree,Agree,Agree
GEN24_1097047,Agree,Agree,Agree
GEN24_1097049,Don't know / Not sure,NA,Agree
GEN24_1097055,Don't know / Not sure,NA,NA
GEN24_1097060,Disagree,NA,NA
GEN24_1097066,Agree,Agree,Agree
GEN24_1097069,Don't know / Not sure,NA,NA
GEN24_1097077,Disagree,NA,NA
GEN24_1097081,Agree,Disagree,Disagree
GEN24_1097082,Agree,NA,Agree
GEN24_1097096,Agree,NA,NA
GEN24_1097107,Disagree,NA,Agree
GEN24_1097108,Agree,Agree,Agree
GEN24_1097112,Agree,NA,NA
GEN24_1097113,Agree,Agree,Agree
GEN24_1097114,Agree,Agree,Agree
GEN24_1097117,Disagree,Disagree,Agree
GEN24_1097118,Don't know / Not sure,Agree,Agree
GEN24_1097124,Disagree,NA,NA
GEN24_1097132,Disagree,NA,NA
GEN24_1097139,Agree,Agree,Agree
GEN24_1097144,Don't know / Not sure,Agree,Agree
GEN24_1097149,Agree,Agree,Agree
GEN24_1097154,Agree,Agree,Agree
GEN24_1097163,Agree,Agree,Agree
GEN24_1097165,Agree,Agree,Agree
GEN24_1097166,Agree,Agree,Agree
GEN24_1097172,Disagree,NA,NA
GEN24_1097173,Disagree,NA,NA
GEN24_1097176,Disagree,Agree,Agree
GEN24_1097178,Agree,NA,NA
GEN24_1097181,Agree,NA,NA
GEN24_1097183,Agree,Agree,Agree
GEN24_1097186,Agree,NA,NA
GEN24_1097187,Disagree,Agree,Agree
GEN24_1097189,Agree,NA,NA
GEN24_1097195,Disagree,NA,NA
GEN24_1097203,Agree,NA,NA
GEN24_1097205,Don't know / Not sure,Agree,Agree
GEN24_1097216,Agree,NA,NA
GEN24_1097218,Agree,Agree,Agree
GEN24_1097223,Don't know / Not sure,NA,NA
GEN24_1097225,Disagree,NA,NA
GEN24_1097226,Agree,NA,NA
GEN24_1097245,Disagree,NA,NA
GEN24_1097251,Agree,Agree,Agree
GEN24_1097255,Agree,Agree,Agree
GEN24_1097258,Disagree,NA,NA
GEN24_1097259,Agree,NA,NA
GEN24_1097264,Agree,NA,NA
GEN24_1097265,Disagree,NA,NA
GEN24_1097272,Agree,Agree,Agree
GEN24_1097273,Don't know / Not sure,NA,NA
GEN24_1097285,Don't know / Not sure,NA,NA
GEN24_1097287,Agree,Agree,Agree
GEN24_1097291,Agree,Agree,Agree
GEN24_1097297,Agree,Agree,Agree
GEN24_1097300,Agree,Agree,Agree
GEN24_1097309,Disagree,Agree,Agree
GEN24_1097312,Agree,NA,NA
GEN24_1097313,Don't know / Not sure,NA,NA
GEN24_1097314,Agree,Agree,Agree
GEN24_1097315,Agree,Agree,Agree
GEN24_1097317,Agree,Agree,Agree
GEN24_1097329,Agree,NA,NA
GEN24_1097336,Don't know / Not sure,Agree,Agree
GEN24_1097345,Agree,NA,NA
GEN24_1097349,Don't know / Not sure,Agree,Agree
GEN24_1097357,Disagree,Disagree,Agree
GEN24_1097359,Agree,NA,NA
GEN24_1097363,Disagree,NA,NA
GEN24_1097366,Disagree,NA,NA
GEN24_1097368,Don't know / Not sure,NA,NA
GEN24_1097372,Don't know / Not sure,NA,NA
GEN24_1097379,Disagree,NA,NA
GEN24_1097388,Agree,Agree,Agree
GEN24_1097390,Disagree,NA,NA
GEN24_1097403,Don't know / Not sure,NA,NA
GEN24_1097406,Don't know / Not sure,Agree,Agree
GEN24_1097421,Don't know / Not sure,Agree,Agree
GEN24_1097423,Agree,Agree,Agree
GEN24_1097425,Agree,NA,NA
GEN24_1097427,Agree,Agree,Agree
GEN24_1097429,Agree,NA,NA
GEN24_1097437,Agree,NA,NA
GEN24_1097440,Disagree,NA,NA
GEN24_1097442,Agree,Agree,Agree
GEN24_1097445,Disagree,Agree,Agree
GEN24_1097447,Don't know / Not sure,NA,NA
GEN24_1097451,Agree,NA,NA
GEN24_1097461,Don't know / Not sure,NA,NA
GEN24_1097466,Disagree,NA,NA
GEN24_1097471,Agree,Agree,Agree
GEN24_1097477,Agree,NA,NA
GEN24_1097482,Don't know / Not sure,NA,NA
GEN24_1097486,Don't know / Not sure,NA,NA
GEN24_1097491,Agree,NA,NA
GEN24_1097502,Agree,Agree,Agree
GEN24_1097508,Agree,Disagree,Disagree
GEN24_1097510,Agree,Agree,NA
GEN24_1097515,Agree,NA,NA
GEN24_1097518,Agree,NA,NA
GEN24_1097520,Agree,NA,NA
GEN24_1097521,Don't know / Not sure,NA,NA
GEN24_1097535,Agree,NA,NA
GEN24_1097537,Agree,NA,NA
GEN24_1097542,Agree,Agree,Agree
GEN24_1097545,Agree,NA,NA
GEN24_1097554,Agree,NA,NA
GEN24_1097559,Agree,NA,NA
GEN24_1097561,Agree,Agree,Agree
GEN24_1097569,Agree,NA,NA
GEN24_1097571,Don't know / Not sure,Agree,Agree
GEN24_1097575,Agree,Agree,Agree
GEN24_1097581,Agree,Agree,Agree
GEN24_1097588,Agree,Agree,Agree
GEN24_1097591,Disagree,NA,NA
GEN24_1097594,Agree,Agree,Agree
GEN24_1097603,Don't know / Not sure,Agree,Agree
GEN24_1097604,Agree,NA,Agree
GEN24_1097610,Agree,NA,NA
GEN24_1097614,Agree,Agree,Agree
GEN24_1097616,Disagree,Agree,Agree
GEN24_1097617,Agree,NA,NA
GEN24_1097618,Agree,NA,NA
GEN24_1097622,Don't know / Not sure,Agree,NA
GEN24_1097637,Don't know / Not sure,Agree,NA
GEN24_1097638,Agree,Agree,Agree
GEN24_1097640,Agree,Agree,Agree
GEN24_1097642,Agree,Agree,Agree
GEN24_1097660,Don't know / Not sure,NA,NA
GEN24_1097661,Agree,Agree,Agree
GEN24_1097666,Disagree,NA,NA
GEN24_1097670,Agree,NA,NA
GEN24_1097671,Don't know / Not sure,NA,NA
GEN24_1097681,Agree,NA,NA
GEN24_1097682,Agree,Agree,Agree
GEN24_1097685,Don't know / Not sure,NA,NA
GEN24_1097687,Don't know / Not sure,NA,NA
GEN24_1097689,Agree,NA,NA
GEN24_1097699,Agree,Agree,Agree
GEN24_1097704,Agree,Agree,Agree
GEN24_1097706,Disagree,NA,NA
GEN24_1097707,Agree,NA,NA
GEN24_1097711,Disagree,Agree,Agree
GEN24_1097716,Don't know / Not sure,NA,NA
GEN24_1097719,Agree,Agree,Agree
GEN24_1097721,Disagree,Agree,Agree
GEN24_1097729,Don't know / Not sure,Agree,Agree
GEN24_1097735,Agree,NA,NA
GEN24_1097737,Agree,Agree,NA
GEN24_1097750,Disagree,NA,NA
GEN24_1097751,Agree,Agree,Agree
GEN24_1097763,Disagree,Agree,Agree
GEN24_1097764,Agree,Disagree,Agree
GEN24_1097768,Agree,Agree,Agree
GEN24_1097770,Agree,Agree,Agree
GEN24_1097805,Disagree,NA,NA
GEN24_1097819,Don't know / Not sure,NA,NA
GEN24_1097826,Agree,NA,NA
GEN24_1097831,Don't know / Not sure,NA,NA
GEN24_1097835,Agree,Agree,Agree
GEN24_1097838,Disagree,Agree,Agree
GEN24_1097878,Agree,Agree,Agree
GEN24_1097882,Don't know / Not sure,NA,NA
GEN24_1097887,Agree,Disagree,NA
GEN24_1097897,Disagree,NA,NA
GEN24_1097912,Agree,Agree,Agree
GEN24_1097922,Agree,NA,NA
GEN24_1097925,Disagree,NA,NA
GEN24_1097942,Agree,Agree,Agree
GEN24_1097961,Don't know / Not sure,NA,NA
GEN24_1097980,Don't know / Not sure,NA,NA
GEN24_1097992,Disagree,NA,NA
GEN24_1097997,Agree,Agree,Agree
GEN24_1097999,Disagree,Agree,Agree
GEN24_1098000,Agree,Agree,Agree
GEN24_1098005,Don't know / Not sure,NA,NA
GEN24_1098012,Don't know / Not sure,NA,NA
GEN24_1098013,Agree,NA,NA
GEN24_1098020,Don't know / Not sure,NA,NA
GEN24_1098026,Agree,Agree,Agree
GEN24_1098028,Disagree,NA,NA
GEN24_1098037,Disagree,NA,NA
GEN24_1098040,Disagree,NA,NA
GEN24_1098050,Agree,NA,NA
GEN24_1098059,Disagree,Agree,NA
GEN24_1098060,Disagree,NA,NA
GEN24_1098067,Don't know / Not sure,Agree,Agree
GEN24_1098070,Agree,NA,NA
GEN24_1098091,Agree,Agree,Agree
GEN24_1098095,Don't know / Not sure,NA,NA
GEN24_1098097,Agree,Agree,Agree
GEN24_1098160,Don't know / Not sure,NA,NA
GEN24_1098161,Agree,Agree,Agree
GEN24_1098162,Agree,Agree,Agree
GEN24_1098164,Agree,Agree,Agree
GEN24_1098168,Agree,Agree,Agree
GEN24_1098172,Agree,Agree,Agree
GEN24_1098189,Agree,Agree,Agree
GEN24_1098194,Agree,Agree,Agree
GEN24_1098213,Agree,NA,NA
GEN24_1098215,Don't know / Not sure,Agree,Agree
GEN24_1098219,Don't know / Not sure,NA,NA
GEN24_1098222,Don't know / Not sure,NA,NA
GEN24_1098225,Disagree,NA,NA
GEN24_1098228,Agree,NA,NA
GEN24_1098247,Agree,NA,NA
GEN24_1098251,Don't know / Not sure,NA,Disagree
GEN24_1098252,Agree,Agree,Agree
GEN24_1098260,Don't know / Not sure,NA,NA
GEN24_1098261,Don't know / Not sure,NA,NA
GEN24_1098262,Disagree,Agree,Agree
GEN24_1098272,Don't know / Not sure,Agree,Agree
GEN24_1098289,Don't know / Not sure,NA,NA
GEN24_1098318,Agree,Agree,Agree
GEN24_1098322,Agree,NA,NA
GEN24_1098332,Agree,Agree,Agree
GEN24_1098333,Disagree,NA,NA
GEN24_1098340,Agree,NA,NA
GEN24_1098341,Don't know / Not sure,Agree,Agree
GEN24_1098345,Don't know / Not sure,NA,NA
GEN24_1098356,Don't know / Not sure,NA,NA
GEN24_1098357,Agree,NA,Agree
GEN24_1098358,Don't know / Not sure,NA,NA
GEN24_1098359,Agree,Agree,Agree
GEN24_1098360,Agree,Agree,Agree
GEN24_1098361,Agree,NA,NA
GEN24_1098363,Disagree,NA,NA
GEN24_1098367,Agree,NA,NA
GEN24_1098371,Agree,NA,NA
GEN24_1098372,Agree,Agree,Agree
GEN24_1098375,Agree,NA,Agree
GEN24_1098379,Agree,Agree,Agree
GEN24_1098380,Agree,Disagree,Agree
GEN24_1098406,Agree,NA,Disagree
GEN24_1098410,Disagree,Agree,Agree
GEN24_1098411,Agree,NA,NA
GEN24_1098435,Don't know / Not sure,Agree,Agree
GEN24_1098442,Agree,Agree,Agree
GEN24_1098443,Agree,Agree,Agree
GEN24_1098445,Don't know / Not sure,Agree,Agree
GEN24_1098446,Agree,Agree,Agree
GEN24_1098450,Don't know / Not sure,NA,NA
GEN24_1098453,Agree,NA,NA
GEN24_1098456,Agree,Agree,Agree
GEN24_1098465,Agree,NA,NA
GEN24_1098468,Agree,Agree,Agree
GEN24_1098481,Agree,Agree,Agree
GEN24_1098495,Agree,Agree,Agree
GEN24_1098509,Agree,NA,NA
GEN24_1098510,Agree,Agree,Agree
GEN24_1098513,Don't know / Not sure,NA,NA
GEN24_1098518,Don't know / Not sure,NA,NA
GEN24_1098529,Agree,Agree,Agree
GEN24_1098533,Don't know / Not sure,NA,Agree
GEN24_1098534,Agree,Agree,NA
GEN24_1098543,Disagree,NA,NA
GEN24_1098546,Don't know / Not sure,NA,NA
GEN24_1098554,Agree,NA,NA
GEN24_1098560,Don't know / Not sure,Agree,Agree
GEN24_1098580,Agree,Agree,Agree
GEN24_1098581,Agree,Agree,Agree
GEN24_1098590,Agree,Agree,Agree
GEN24_1098591,Agree,NA,NA
GEN24_1098592,Agree,Agree,Agree
GEN24_1098593,Don't know / Not sure,Agree,Agree
GEN24_1098597,Disagree,Agree,Agree
GEN24_1098600,Agree,Agree,Agree
GEN24_1098603,Don't know / Not sure,NA,NA
GEN24_1098640,Don't know / Not sure,NA,NA
GEN24_1098645,Agree,NA,NA
GEN24_1098648,Disagree,NA,NA
GEN24_1098669,Don't know / Not sure,NA,NA
GEN24_1098671,Disagree,Agree,Agree
GEN24_1098679,Disagree,NA,NA
GEN24_1098680,Agree,Agree,NA
GEN24_1098685,Don't know / Not sure,NA,NA
GEN24_1098687,Agree,Agree,Agree
GEN24_1098690,Don't know / Not sure,Agree,NA
GEN24_1098692,Disagree,Agree,Agree
GEN24_1098713,Don't know / Not sure,Agree,Agree
GEN24_1098723,Disagree,NA,NA
GEN24_1098726,Agree,Agree,Agree
GEN24_1098736,Agree,NA,NA
GEN24_1098737,Agree,NA,NA
GEN24_1098740,Agree,NA,NA
GEN24_1098741,Agree,Agree,Agree
GEN24_1098750,Disagree,Agree,Agree
GEN24_1098751,Don't know / Not sure,NA,NA
GEN24_1098753,Agree,NA,NA
GEN24_1098760,Agree,Agree,Agree
GEN24_1098771,Agree,NA,NA
GEN24_1098775,Agree,Agree,Agree
GEN24_1098777,Don't know / Not sure,Agree,NA
GEN24_1098787,Disagree,NA,NA
GEN24_1098788,Agree,NA,NA
GEN24_1098790,Don't know / Not sure,Agree,Agree
GEN24_1098792,Agree,Disagree,NA
GEN24_1098794,Agree,Agree,Agree
GEN24_1098797,Disagree,NA,NA
GEN24_1098801,Agree,NA,NA
GEN24_1098805,Agree,NA,NA
GEN24_1098808,Don't know / Not sure,NA,NA
GEN24_1098809,Agree,NA,NA
GEN24_1098816,Don't know / Not sure,NA,NA
GEN24_1098824,Agree,Agree,Agree
GEN24_1098825,Don't know / Not sure,Agree,Agree
GEN24_1098849,Agree,NA,NA
GEN24_1098853,Agree,Agree,Agree
GEN24_1098857,Don't know / Not sure,Agree,Agree
GEN24_1098858,Disagree,Agree,Agree
GEN24_1098867,Agree,Disagree,Agree
GEN24_1098868,Don't know / Not sure,NA,NA
GEN24_1098872,Don't know / Not sure,Agree,NA
GEN24_1098884,Agree,Agree,Agree
GEN24_1098892,Agree,NA,NA
GEN24_1098893,Agree,Agree,Agree
GEN24_1098899,Disagree,NA,NA
GEN24_1098904,Agree,Agree,Agree
GEN24_1098908,Don't know / Not sure,Agree,Agree
GEN24_1098909,Don't know / Not sure,Agree,Agree
GEN24_1098911,Agree,NA,NA
GEN24_1098919,Disagree,NA,NA
GEN24_1098927,Agree,Agree,Agree
GEN24_1098932,Agree,NA,NA
GEN24_1098935,Don't know / Not sure,NA,NA
GEN24_1098937,Disagree,NA,NA
GEN24_1098942,Don't know / Not sure,Agree,Agree
GEN24_1098953,Disagree,NA,NA
GEN24_1098957,Agree,Agree,Agree
GEN24_1098960,Don't know / Not sure,NA,NA
GEN24_1098961,Don't know / Not sure,NA,NA
GEN24_1098976,Don't know / Not sure,NA,NA
GEN24_1098978,Disagree,NA,NA
GEN24_1098980,Agree,NA,NA
GEN24_1098985,Agree,NA,NA
GEN24_1098987,Agree,NA,NA
GEN24_1098991,Agree,NA,NA
GEN24_1098996,Disagree,NA,NA
GEN24_1099006,Agree,Agree,Agree
GEN24_1099008,Agree,NA,NA
GEN24_1099016,Don't know / Not sure,NA,NA
GEN24_1099019,Agree,Agree,Agree
GEN24_1099021,Agree,NA,NA
GEN24_1099026,Disagree,NA,NA
GEN24_1099030,Agree,Agree,Agree
GEN24_1099037,Don't know / Not sure,NA,NA
GEN24_1099042,Disagree,NA,NA
GEN24_1099049,Disagree,NA,NA
GEN24_1099063,Disagree,Agree,Agree
GEN24_1099068,Agree,Agree,Agree
GEN24_1099082,Agree,Agree,Agree
GEN24_1099084,Agree,NA,NA
GEN24_1099088,Agree,Agree,Agree
GEN24_1099097,Agree,NA,NA
GEN24_1099105,Disagree,NA,NA
GEN24_1099117,Agree,NA,NA
GEN24_1099120,Agree,NA,NA
GEN24_1099138,Don't know / Not sure,NA,NA
GEN24_1099140,Disagree,NA,NA
GEN24_1099143,Agree,NA,Agree
GEN24_1099144,Agree,NA,NA
GEN24_1099145,Agree,NA,NA
GEN24_1099158,Agree,Agree,Agree
GEN24_1099165,Agree,Agree,Disagree
GEN24_1099172,Don't know / Not sure,NA,NA
GEN24_1099180,Agree,NA,NA
GEN24_1099190,Disagree,NA,NA
GEN24_1099197,Don't know / Not sure,NA,NA
GEN24_1099235,Agree,NA,NA
GEN24_1099236,Agree,NA,NA
GEN24_1099237,Don't know / Not sure,NA,NA
GEN24_1099238,Agree,NA,NA
GEN24_1099248,Disagree,NA,NA
GEN24_1099254,Don't know / Not sure,NA,NA
GEN24_1099266,Don't know / Not sure,NA,NA
GEN24_1099274,Agree,NA,NA
GEN24_1099278,Don't know / Not sure,NA,NA
GEN24_1099283,Agree,Agree,Agree
GEN24_1099284,Don't know / Not sure,NA,NA
GEN24_1099290,Agree,NA,NA
GEN24_1099291,Don't know / Not sure,NA,NA
GEN24_1099293,Agree,NA,NA
GEN24_1099301,Agree,NA,NA
GEN24_1099302,Agree,Agree,Agree
GEN24_1099306,Disagree,NA,Agree
GEN24_1099307,Agree,Agree,Agree
GEN24_1099325,Disagree,NA,NA
GEN24_1099326,Agree,NA,NA
GEN24_1099335,Don't know / Not sure,NA,NA
GEN24_1099340,Agree,NA,NA
GEN24_1099344,Agree,Agree,Agree
GEN24_1099356,Agree,NA,NA
GEN24_1099361,Don't know / Not sure,NA,NA
GEN24_1099368,Agree,Agree,Agree
GEN24_1099381,Agree,NA,NA
GEN24_1099386,Agree,NA,NA
GEN24_1099389,Disagree,NA,NA
GEN24_1099391,Agree,NA,NA
GEN24_1099397,Agree,Agree,Agree
GEN24_1099411,Agree,Agree,Agree
GEN24_1099414,Agree,Agree,Agree
GEN24_1099416,Agree,Agree,Agree
GEN24_1099418,Agree,Agree,Agree
GEN24_1099424,Agree,NA,NA
GEN24_1099427,Disagree,Agree,Agree
GEN24_1099429,Agree,NA,NA
GEN24_1099445,Agree,NA,NA
GEN24_1099446,Don't know / Not sure,NA,NA
GEN24_1099459,Agree,NA,NA
GEN24_1099461,Agree,NA,NA
GEN24_1099468,Agree,Agree,Agree
GEN24_1099472,Agree,Agree,Agree
GEN24_1099474,Agree,Agree,Agree
GEN24_1099481,Don't know / Not sure,Agree,Agree
GEN24_1099483,Agree,NA,NA
GEN24_1099491,Don't know / Not sure,NA,Agree
GEN24_1099495,Don't know / Not sure,Agree,Agree
GEN24_1099503,Don't know / Not sure,Agree,Agree
GEN24_1099531,Don't know / Not sure,NA,NA
GEN24_1099541,Agree,NA,NA
GEN24_1099549,Agree,NA,NA
GEN24_1099574,Don't know / Not sure,NA,NA
GEN24_1099586,Agree,NA,NA
GEN24_1099590,Agree,NA,NA
GEN24_1099592,Disagree,NA,NA
GEN24_1099595,Disagree,NA,NA
GEN24_1099596,Disagree,NA,NA
GEN24_1099600,Agree,NA,NA
GEN24_1099607,Agree,NA,NA
GEN24_1099619,Agree,Agree,Agree
GEN24_1099621,Disagree,Agree,Agree
GEN24_1099624,Agree,Agree,Agree
GEN24_1099629,Agree,NA,NA
GEN24_1099635,Agree,Agree,Agree
GEN24_1099641,Agree,NA,NA
GEN24_1099644,Agree,NA,NA
GEN24_1099647,Agree,NA,NA
GEN24_1099656,Agree,NA,NA
GEN24_1099658,Disagree,Agree,Agree
GEN24_1099661,Agree,NA,NA
GEN24_1099662,Agree,NA,NA
GEN24_1099667,Don't know / Not sure,Agree,Agree
GEN24_1099676,Agree,Agree,Agree
GEN24_1099703,Don't know / Not sure,NA,NA
GEN24_1099707,Disagree,NA,NA
GEN24_1099713,Agree,Agree,Agree
GEN24_1099718,Agree,NA,NA
GEN24_1099737,Agree,NA,NA
GEN24_1099739,Agree,NA,NA
GEN24_1099741,Disagree,NA,NA
GEN24_1099745,Don't know / Not sure,NA,NA
GEN24_1099747,Don't know / Not sure,Agree,Agree
GEN24_1099750,Agree,Agree,Agree
GEN24_1099758,Agree,NA,NA
GEN24_1099772,Disagree,NA,Agree
GEN24_1099773,Disagree,NA,NA
GEN24_1099785,Don't know / Not sure,NA,NA
GEN24_1099793,Agree,Agree,Agree
GEN24_1099797,Agree,Agree,Agree
GEN24_1099799,Agree,Agree,Agree
GEN24_1099801,Agree,Agree,Agree
GEN24_1099805,Agree,NA,NA
GEN24_1099806,Agree,Agree,Agree
GEN24_1099809,Don't know / Not sure,NA,NA
GEN24_1099812,Don't know / Not sure,NA,NA
GEN24_1099816,Don't know / Not sure,NA,NA
GEN24_1099817,Disagree,NA,NA
GEN24_1099819,Agree,Agree,Agree
GEN24_1099830,Agree,NA,NA
GEN24_1099840,Don't know / Not sure,NA,NA
GEN24_1099845,Agree,NA,NA
GEN24_1099846,Agree,NA,NA
GEN24_1099854,Agree,NA,NA
GEN24_1099855,Agree,NA,NA
GEN24_1099859,Agree,NA,NA
GEN24_1099860,Agree,NA,NA
GEN24_1099866,Agree,NA,NA
GEN24_1099867,Don't know / Not sure,Agree,Agree
GEN24_1099884,Agree,NA,NA
GEN24_1099889,Don't know / Not sure,NA,NA
GEN24_1099890,Disagree,NA,NA
GEN24_1099896,Don't know / Not sure,NA,Agree
GEN24_1099906,Agree,Agree,Agree
GEN24_1099919,Don't know / Not sure,Agree,Agree
GEN24_1099924,Agree,NA,NA
GEN24_1099938,Agree,Disagree,Agree
GEN24_1099956,Don't know / Not sure,NA,Agree
GEN24_1099958,Don't know / Not sure,NA,NA
GEN24_1099959,Don't know / Not sure,Agree,NA
GEN24_1099965,Don't know / Not sure,NA,NA
GEN24_1099966,Agree,Agree,Agree
GEN24_1099967,Don't know / Not sure,NA,NA
GEN24_1099974,Agree,Agree,Agree
GEN24_1099975,Don't know / Not sure,Agree,NA
GEN24_1099982,Agree,Agree,Agree
GEN24_1099988,Disagree,NA,NA
GEN24_1099993,Disagree,NA,NA
GEN24_1099998,Agree,Agree,Agree
GEN24_1100008,Agree,Agree,Agree
GEN24_1100010,Don't know / Not sure,Agree,Agree
GEN24_1100016,Agree,NA,NA
GEN24_1100025,Agree,Agree,Agree
GEN24_1100028,Agree,Agree,Agree
GEN24_1100031,Disagree,NA,NA
GEN24_1100034,Disagree,NA,NA
GEN24_1100040,Don't know / Not sure,NA,NA
GEN24_1100043,Agree,Agree,Agree
GEN24_1100048,Agree,NA,NA
GEN24_1100056,Agree,NA,NA
GEN24_1100058,Agree,Agree,Agree
GEN24_1100060,Don't know / Not sure,Disagree,Agree
GEN24_1100061,Agree,Agree,Agree
GEN24_1100074,Agree,Agree,Agree
GEN24_1100079,Disagree,NA,NA
GEN24_1100080,Disagree,NA,NA
GEN24_1100082,Agree,NA,NA
GEN24_1100083,Disagree,NA,NA
GEN24_1100088,Disagree,NA,NA
GEN24_1100094,Agree,NA,NA
GEN24_1100106,Disagree,NA,NA
GEN24_1100107,Disagree,NA,NA
GEN24_1100110,Disagree,Agree,Agree
GEN24_1100111,Agree,Agree,Agree
GEN24_1100128,Disagree,NA,NA
GEN24_1100139,Disagree,NA,NA
GEN24_1100149,Disagree,NA,NA
GEN24_1100151,Don't know / Not sure,Agree,Agree
GEN24_1100164,Disagree,NA,NA
GEN24_1100170,Agree,NA,NA
GEN24_1100176,Agree,NA,NA
GEN24_1100178,Agree,NA,NA
GEN24_1100180,Agree,Agree,NA
GEN24_1100192,Agree,NA,NA
GEN24_1100195,Agree,NA,NA
GEN24_1100196,Agree,NA,NA
GEN24_1100201,Agree,NA,NA
GEN24_1100206,Agree,NA,NA
GEN24_1100213,Agree,Agree,Agree
GEN24_1100227,Agree,Agree,Agree
GEN24_1100230,Agree,Agree,Agree
GEN24_1100243,Disagree,NA,NA
GEN24_1100247,Disagree,Agree,Agree
GEN24_1100256,Agree,Agree,Agree
GEN24_1100258,Agree,Agree,Agree
GEN24_1100259,Don't know / Not sure,NA,NA
GEN24_1100264,Agree,NA,NA
GEN24_1100290,Don't know / Not sure,NA,NA
GEN24_1100311,Disagree,NA,NA
GEN24_1100321,Agree,NA,NA
GEN24_1100325,Don't know / Not sure,Agree,Agree
GEN24_1100329,Don't know / Not sure,NA,NA
GEN24_1100331,Disagree,NA,NA
GEN24_1100337,Agree,Agree,Agree
GEN24_1100343,Agree,NA,NA
GEN24_1100347,Agree,NA,NA
GEN24_1100350,Agree,Agree,Agree
GEN24_1100372,Agree,Agree,Agree
GEN24_1100374,Agree,NA,NA
GEN24_1100376,Agree,Agree,NA
GEN24_1100382,Disagree,NA,NA
GEN24_1100384,Don't know / Not sure,NA,NA
GEN24_1100386,Agree,NA,NA
GEN24_1100396,Agree,NA,NA
GEN24_1100400,Don't know / Not sure,NA,NA
GEN24_1100401,Don't know / Not sure,NA,NA
GEN24_1100409,Disagree,NA,NA
GEN24_1100412,Don't know / Not sure,NA,NA
GEN24_1100415,Agree,NA,Agree
GEN24_1100424,Don't know / Not sure,NA,NA
GEN24_1100425,Agree,NA,NA
GEN24_1100432,Agree,NA,NA
GEN24_1100433,Don't know / Not sure,NA,NA
GEN24_1100446,Disagree,NA,Disagree
GEN24_1100451,Agree,Agree,Agree
GEN24_1100455,Don't know / Not sure,Agree,Agree
GEN24_1100463,Agree,NA,NA
GEN24_1100465,Don't know / Not sure,NA,NA
GEN24_1100468,Don't know / Not sure,NA,NA
GEN24_1100472,Agree,NA,NA
GEN24_1100480,Agree,NA,NA
GEN24_1100484,Agree,Agree,Agree
GEN24_1100495,Agree,NA,NA
GEN24_1100500,Agree,NA,NA
GEN24_1100501,Agree,Agree,Agree
GEN24_1100505,Don't know / Not sure,NA,NA
GEN24_1100512,Agree,NA,NA
GEN24_1100519,Don't know / Not sure,NA,NA
GEN24_1100520,Don't know / Not sure,Agree,Agree
GEN24_1100521,Agree,NA,NA
GEN24_1100525,Don't know / Not sure,Agree,NA
GEN24_1100531,Disagree,NA,NA
GEN24_1100548,Don't know / Not sure,NA,NA
GEN24_1100554,Agree,NA,Agree
GEN24_1100563,Agree,NA,NA
GEN24_1100570,Agree,NA,NA
GEN24_1100579,Agree,Agree,Agree
GEN24_1100582,Agree,NA,NA
GEN24_1100584,Disagree,Disagree,Disagree
GEN24_1100587,Agree,NA,NA
GEN24_1100615,Agree,NA,NA
GEN24_1100622,Agree,Agree,Agree
GEN24_1100624,Don't know / Not sure,NA,NA
GEN24_1100626,Agree,NA,NA
GEN24_1100630,Disagree,NA,NA
GEN24_1100631,Agree,Agree,Agree
GEN24_1100632,Agree,Agree,Agree
GEN24_1100634,Don't know / Not sure,Agree,Agree
GEN24_1100635,Agree,NA,NA
GEN24_1100636,Don't know / Not sure,NA,NA
GEN24_1100643,Don't know / Not sure,Agree,Agree
GEN24_1100645,Agree,NA,NA
GEN24_1100648,Disagree,NA,NA
GEN24_1100658,Disagree,NA,NA
GEN24_1100659,Don't know / Not sure,Agree,Agree
GEN24_1100660,Agree,NA,Agree
GEN24_1100666,Disagree,NA,NA
GEN24_1100667,Agree,Agree,Agree
GEN24_1100675,Agree,NA,NA
GEN24_1100679,Disagree,Agree,Agree
GEN24_1100684,Disagree,NA,NA
GEN24_1100686,Disagree,NA,NA
GEN24_1100691,Agree,Agree,Agree
GEN24_1100692,Agree,NA,NA
GEN24_1100695,Agree,Agree,Agree
GEN24_1100698,Agree,NA,NA
GEN24_1100713,Agree,NA,NA
GEN24_1100715,Agree,Agree,Agree
GEN24_1100717,Disagree,Agree,Agree
GEN24_1100731,Agree,NA,NA
GEN24_1100732,Don't know / Not sure,NA,NA
GEN24_1100733,Agree,Agree,Agree
GEN24_1100738,Agree,Agree,Agree
GEN24_1100755,Disagree,NA,NA
GEN24_1100770,Agree,NA,NA
GEN24_1100772,Don't know / Not sure,Agree,Agree
GEN24_1100774,Don't know / Not sure,Agree,Agree
GEN24_1100779,Agree,Agree,Agree
GEN24_1100795,Agree,NA,NA
GEN24_1100804,Agree,NA,NA
GEN24_1100811,Agree,Agree,Agree
GEN24_1100813,Don't know / Not sure,NA,Agree
GEN24_1100821,Agree,NA,NA
GEN24_1100827,Don't know / Not sure,NA,NA
GEN24_1100839,Don't know / Not sure,NA,NA
GEN24_1100842,Agree,NA,NA
GEN24_1100849,Don't know / Not sure,NA,NA
GEN24_1100862,Agree,NA,NA
GEN24_1100864,Agree,NA,NA
GEN24_1100880,Agree,NA,NA
GEN24_1100884,Don't know / Not sure,Agree,Agree
GEN24_1100900,Disagree,NA,NA
GEN24_1100903,Agree,NA,NA
GEN24_1100905,Don't know / Not sure,NA,NA
GEN24_1100906,Agree,Agree,Agree
GEN24_1100908,Don't know / Not sure,NA,NA
GEN24_1100909,Agree,Agree,Agree
GEN24_1100924,Disagree,NA,NA
GEN24_1100927,Disagree,NA,NA
GEN24_1100929,Don't know / Not sure,NA,Agree
GEN24_1100933,Agree,Agree,Agree
GEN24_1100935,Disagree,Agree,Agree
GEN24_1100938,Disagree,NA,NA
GEN24_1100942,Disagree,NA,NA
GEN24_1100946,Disagree,NA,NA
GEN24_1100948,Disagree,NA,NA
GEN24_1100949,Agree,Agree,Agree
GEN24_1100951,Disagree,Disagree,NA
GEN24_1100956,Agree,NA,NA
GEN24_1100961,Agree,Agree,Agree
GEN24_1100971,Agree,Agree,Agree
GEN24_1100981,Disagree,Agree,NA
GEN24_1100991,Agree,Agree,Agree
GEN24_1101002,Agree,Agree,Agree
GEN24_1101010,Agree,Agree,Agree
GEN24_1101023,Agree,NA,NA
GEN24_1101028,Disagree,NA,NA
GEN24_1101031,Agree,NA,NA
GEN24_1101040,Agree,NA,NA
GEN24_1101042,Don't know / Not sure,NA,NA
GEN24_1101043,Agree,Agree,Agree
GEN24_1101067,Agree,NA,NA
GEN24_1101069,Agree,Agree,Agree
GEN24_1101077,Agree,NA,NA
GEN24_1101080,Don't know / Not sure,Agree,Agree
GEN24_1101085,Agree,NA,NA
GEN24_1101087,Don't know / Not sure,NA,NA
GEN24_1101091,Don't know / Not sure,Disagree,Agree
GEN24_1101092,Don't know / Not sure,NA,NA
GEN24_1101102,Agree,Agree,Agree
GEN24_1101106,Agree,Agree,Agree
GEN24_1101114,Disagree,NA,NA
GEN24_1101125,Agree,Agree,Agree
GEN24_1101126,Disagree,NA,NA
GEN24_1101129,Agree,Agree,Agree
GEN24_1101137,Agree,Agree,Agree
GEN24_1101138,Disagree,NA,NA
GEN24_1101139,Don't know / Not sure,NA,Agree
GEN24_1101140,Don't know / Not sure,NA,NA
GEN24_1101141,Disagree,NA,NA
GEN24_1101142,Don't know / Not sure,Agree,Agree
GEN24_1101144,Agree,NA,NA
GEN24_1101149,Agree,Agree,Agree
GEN24_1101151,Don't know / Not sure,NA,NA
GEN24_1101162,Agree,NA,NA
GEN24_1101167,Don't know / Not sure,NA,NA
GEN24_1101168,Don't know / Not sure,NA,NA
GEN24_1101171,Agree,Agree,Agree
GEN24_1101173,Agree,NA,NA
GEN24_1101197,Don't know / Not sure,NA,NA
GEN24_1101203,Agree,NA,NA
GEN24_1101204,Don't know / Not sure,NA,NA
GEN24_1101218,Agree,NA,NA
GEN24_1101219,Don't know / Not sure,NA,NA
GEN24_1101227,Agree,NA,NA
GEN24_1101228,Agree,Agree,Agree
GEN24_1101231,Agree,NA,NA
GEN24_1101232,Agree,NA,NA
GEN24_1101234,Agree,Agree,Agree
GEN24_1101244,Agree,Agree,Agree
GEN24_1101249,Agree,Agree,NA
GEN24_1101251,Don't know / Not sure,NA,NA
GEN24_1101257,Don't know / Not sure,Agree,Agree
GEN24_1101261,Agree,Agree,Agree
GEN24_1101265,Agree,Agree,Agree
GEN24_1101269,Disagree,NA,NA
GEN24_1101271,Agree,Agree,Agree
GEN24_1101274,Don't know / Not sure,NA,NA
GEN24_1101278,Agree,NA,NA
GEN24_1101280,Agree,NA,NA
GEN24_1101282,Agree,NA,NA
GEN24_1101286,Agree,Agree,Agree
GEN24_1101289,Don't know / Not sure,NA,NA
GEN24_1101291,Agree,Agree,Disagree
GEN24_1101292,Agree,Agree,Agree
GEN24_1101297,Disagree,NA,NA
GEN24_1101301,Agree,NA,NA
GEN24_1101302,Agree,Agree,Agree
GEN24_1101307,Agree,Agree,Agree
GEN24_1101310,Agree,NA,NA
GEN24_1101311,Agree,Agree,Agree
GEN24_1101317,Don't know / Not sure,Agree,Agree
GEN24_1101318,Agree,Agree,Agree
GEN24_1101320,Disagree,NA,NA
GEN24_1101326,Disagree,NA,NA
GEN24_1101328,Disagree,NA,NA
GEN24_1101329,Agree,Agree,Agree
GEN24_1101343,Disagree,NA,NA
GEN24_1101354,Agree,Agree,Agree
GEN24_1101356,Don't know / Not sure,NA,NA
GEN24_1101358,Agree,NA,NA
GEN24_1101360,Agree,Agree,Agree
GEN24_1101362,Agree,Agree,Agree
GEN24_1101366,Don't know / Not sure,Agree,Agree
GEN24_1101374,Agree,NA,NA
GEN24_1101393,Agree,NA,NA
GEN24_1101395,Agree,Agree,Agree
GEN24_1101401,Agree,NA,NA
GEN24_1101403,Disagree,NA,NA
GEN24_1101405,Agree,NA,NA
GEN24_1101410,Agree,Agree,Agree
GEN24_1101412,Agree,Agree,Agree
GEN24_1101416,Agree,Agree,Agree
GEN24_1101419,Disagree,NA,NA
GEN24_1101425,Don't know / Not sure,NA,NA
GEN24_1101430,Agree,Agree,Agree
GEN24_1101443,Agree,NA,NA
GEN24_1101451,Agree,Agree,Agree
GEN24_1101455,Agree,NA,NA
GEN24_1101459,Agree,NA,NA
GEN24_1101462,Agree,NA,NA
GEN24_1101464,Disagree,NA,NA
GEN24_1101465,Don't know / Not sure,NA,NA
GEN24_1101470,Don't know / Not sure,NA,NA
GEN24_1101471,Agree,NA,NA
GEN24_1101479,Agree,NA,NA
GEN24_1101482,Agree,Agree,Agree
GEN24_1101487,Don't know / Not sure,NA,NA
GEN24_1101488,Disagree,NA,NA
GEN24_1101499,Disagree,NA,NA
GEN24_1101503,Agree,NA,NA
GEN24_1101512,Agree,Agree,Agree
GEN24_1101514,Disagree,Agree,Agree
GEN24_1101517,Agree,NA,NA
GEN24_1101526,Don't know / Not sure,NA,NA
GEN24_1101527,Don't know / Not sure,NA,NA
GEN24_1101529,Disagree,NA,NA
GEN24_1101532,Disagree,NA,NA
GEN24_1101533,Agree,NA,NA
GEN24_1101534,Don't know / Not sure,NA,NA
GEN24_1101537,Agree,Agree,Agree
GEN24_1101538,Agree,Agree,Agree
GEN24_1101539,Agree,NA,NA
GEN24_1101552,Agree,NA,NA
GEN24_1101555,Agree,NA,NA
GEN24_1101558,Agree,NA,NA
GEN24_1101561,Don't know / Not sure,Agree,Agree
GEN24_1101562,Agree,NA,NA
GEN24_1101564,Agree,NA,NA
GEN24_1101568,Agree,Agree,Agree
GEN24_1101569,Agree,Agree,Agree
GEN24_1101571,Disagree,NA,NA
GEN24_1101579,Agree,NA,NA
GEN24_1101580,Agree,NA,NA
GEN24_1101583,Agree,NA,NA
GEN24_1101584,Agree,NA,NA
GEN24_1101591,Don't know / Not sure,Agree,Agree
GEN24_1101598,Don't know / Not sure,NA,NA
GEN24_1101602,Disagree,NA,NA
GEN24_1101612,Agree,Agree,Agree
GEN24_1101615,Disagree,NA,NA
GEN24_1101616,Don't know / Not sure,Agree,Agree
GEN24_1101624,Don't know / Not sure,NA,Agree
GEN24_1101627,Agree,NA,NA
GEN24_1101628,Agree,Agree,Agree
GEN24_1101634,Disagree,NA,NA
GEN24_1101640,Agree,NA,NA
GEN24_1101648,Agree,Agree,Agree
GEN24_1101650,Agree,Agree,Agree
GEN24_1101651,Agree,Agree,Agree
GEN24_1101660,Don't know / Not sure,NA,NA
GEN24_1101670,Agree,Agree,Agree
GEN24_1101678,Disagree,Agree,Agree
GEN24_1101690,Don't know / Not sure,NA,NA
GEN24_1101710,Agree,NA,NA
GEN24_1101711,Agree,Agree,Agree
GEN24_1101712,Agree,NA,NA
GEN24_1101718,Agree,Agree,Agree
GEN24_1101730,Agree,NA,NA
GEN24_1101731,Agree,NA,NA
GEN24_1101734,Disagree,NA,NA
GEN24_1101737,Agree,Agree,Agree
GEN24_1101757,Agree,NA,NA
GEN24_1101772,Agree,NA,NA
GEN24_1101773,Agree,Agree,Agree
GEN24_1101776,Agree,NA,NA
GEN24_1101787,Agree,NA,NA
GEN24_1101789,Agree,NA,NA
GEN24_1101792,Don't know / Not sure,NA,NA
GEN24_1101794,Don't know / Not sure,NA,NA
GEN24_1101799,Don't know / Not sure,Agree,Agree
GEN24_1101811,Agree,Agree,Agree
GEN24_1101816,Agree,NA,NA
GEN24_1101817,Don't know / Not sure,NA,NA
GEN24_1101824,Don't know / Not sure,NA,NA
GEN24_1101827,Agree,Agree,Agree
GEN24_1101831,Disagree,Disagree,Agree
GEN24_1101844,Don't know / Not sure,NA,NA
GEN24_1101851,Agree,NA,NA
GEN24_1101854,Disagree,NA,NA
GEN24_1101864,Don't know / Not sure,Agree,Agree
GEN24_1101870,Agree,Agree,Agree
GEN24_1101874,Agree,NA,NA
GEN24_1101881,Agree,Agree,Agree
GEN24_1101887,Agree,NA,NA
GEN24_1101891,Disagree,Agree,Agree
GEN24_1101892,Agree,NA,NA
GEN24_1101895,Don't know / Not sure,Agree,Agree
GEN24_1101901,Disagree,Agree,Agree
GEN24_1101907,Don't know / Not sure,Agree,Agree
GEN24_1101910,Agree,NA,NA
GEN24_1101918,Don't know / Not sure,NA,NA
GEN24_1101919,Don't know / Not sure,NA,NA
GEN24_1101928,Agree,NA,NA
GEN24_1101929,Agree,NA,NA
GEN24_1101936,Don't know / Not sure,NA,NA
GEN24_1101949,Agree,Agree,Agree
GEN24_1101953,Agree,NA,NA
GEN24_1101957,Agree,NA,NA
GEN24_1101959,Agree,Agree,Agree
GEN24_1101966,Agree,NA,NA
GEN24_1101970,Agree,Agree,Agree
GEN24_1101981,Agree,Agree,Agree
GEN24_1101998,Don't know / Not sure,NA,NA
GEN24_1102004,Agree,Agree,Agree
GEN24_1102012,Don't know / Not sure,NA,NA
GEN24_1102014,Disagree,NA,NA
GEN24_1102016,Don't know / Not sure,Agree,Agree
GEN24_1102024,Agree,NA,NA
GEN24_1102025,Agree,Agree,Agree
GEN24_1102027,Agree,Agree,Agree
GEN24_1102031,Disagree,NA,NA
GEN24_1102034,Don't know / Not sure,NA,NA
GEN24_1102036,Agree,Agree,Agree
GEN24_1102039,Don't know / Not sure,NA,Agree
GEN24_1102040,Disagree,NA,NA
GEN24_1102052,Don't know / Not sure,NA,NA
GEN24_1102054,Agree,Agree,Agree
GEN24_1102056,Agree,Agree,Agree
GEN24_1102059,Agree,NA,NA
GEN24_1102064,Don't know / Not sure,NA,NA
GEN24_1102078,Agree,Agree,Agree
GEN24_1102082,Agree,NA,NA
GEN24_1102087,Don't know / Not sure,NA,NA
GEN24_1102090,Agree,NA,NA
GEN24_1102096,Agree,NA,NA
GEN24_1102098,Agree,NA,NA
GEN24_1102104,Don't know / Not sure,NA,NA
GEN24_1102109,Agree,NA,NA
GEN24_1102111,Don't know / Not sure,NA,NA
GEN24_1102114,Agree,NA,NA
GEN24_1102116,Don't know / Not sure,Agree,Agree
GEN24_1102117,Agree,NA,NA
GEN24_1102118,Agree,NA,NA
GEN24_1102119,Don't know / Not sure,NA,NA
GEN24_1102141,Agree,NA,NA
GEN24_1102144,Don't know / Not sure,NA,NA
GEN24_1102150,Agree,Agree,Agree
GEN24_1102152,Disagree,NA,NA
GEN24_1102161,Agree,NA,NA
GEN24_1102164,Disagree,NA,NA
GEN24_1102166,Agree,NA,NA
GEN24_1102182,Agree,NA,NA
GEN24_1102186,Don't know / Not sure,NA,NA
GEN24_1102189,Agree,Agree,Agree
GEN24_1102196,Agree,Agree,Agree
GEN24_1102197,Don't know / Not sure,NA,NA
GEN24_1102201,Agree,NA,NA
GEN24_1102202,Don't know / Not sure,NA,NA
GEN24_1102203,Don't know / Not sure,NA,NA
GEN24_1102212,Disagree,NA,NA
GEN24_1102227,Agree,Agree,Agree
GEN24_1102236,Agree,NA,NA
GEN24_1102237,Disagree,NA,NA
GEN24_1102240,Disagree,Agree,Agree
GEN24_1102254,Agree,Agree,Agree
GEN24_1102259,Agree,Agree,Agree
GEN24_1102261,Agree,NA,NA
GEN24_1102268,Agree,Agree,Agree
GEN24_1102269,Agree,NA,NA
GEN24_1102287,Don't know / Not sure,NA,NA
GEN24_1102292,Don't know / Not sure,NA,NA
GEN24_1102297,Don't know / Not sure,Agree,Agree
GEN24_1102298,Don't know / Not sure,NA,NA
GEN24_1102300,Agree,Agree,Agree
GEN24_1102309,Agree,Disagree,Agree
GEN24_1102325,Agree,Agree,Agree
GEN24_1102336,Agree,Disagree,Agree
GEN24_1102339,Agree,Agree,Agree
GEN24_1102342,Disagree,NA,NA
GEN24_1102345,Agree,NA,NA
GEN24_1102351,Agree,NA,NA
GEN24_1102354,Don't know / Not sure,Agree,Agree
GEN24_1102357,Disagree,NA,NA
GEN24_1102362,Don't know / Not sure,NA,NA
GEN24_1102363,Agree,NA,NA
GEN24_1102368,Don't know / Not sure,NA,NA
GEN24_1102369,Agree,NA,NA
GEN24_1102372,Agree,NA,NA
GEN24_1102374,Agree,NA,Disagree
GEN24_1102377,Don't know / Not sure,NA,NA
GEN24_1102397,Agree,NA,NA
GEN24_1102407,Agree,NA,NA
GEN24_1102410,Agree,NA,NA
GEN24_1102414,Agree,NA,NA
GEN24_1102416,Don't know / Not sure,NA,NA
GEN24_1102424,Agree,NA,NA
GEN24_1102431,Agree,NA,NA
GEN24_1102437,Agree,NA,NA
GEN24_1102450,Don't know / Not sure,NA,NA
GEN24_1102453,Agree,NA,NA
GEN24_1102467,Don't know / Not sure,NA,NA
GEN24_1102474,Agree,Agree,Agree
GEN24_1102479,Agree,Agree,Agree
GEN24_1102485,Agree,Agree,Agree
GEN24_1102497,Don't know / Not sure,NA,NA
GEN24_1102501,Don't know / Not sure,Agree,Agree
GEN24_1102502,Agree,Agree,Agree
GEN24_1102503,Agree,Agree,Agree
GEN24_1102504,Don't know / Not sure,Agree,Agree
GEN24_1102507,Agree,NA,NA
GEN24_1102512,Agree,NA,NA
GEN24_1102520,Agree,Agree,Agree
GEN24_1102522,Agree,NA,NA
GEN24_1102523,Agree,NA,NA
GEN24_1102526,Disagree,NA,NA
GEN24_1102528,Don't know / Not sure,NA,NA
GEN24_1102529,Agree,NA,NA
GEN24_1102532,Don't know / Not sure,NA,NA
GEN24_1102535,Agree,Agree,Agree
GEN24_1102537,Agree,NA,NA
GEN24_1102547,Don't know / Not sure,Agree,Agree
GEN24_1102552,Agree,Agree,Agree
GEN24_1102559,Agree,Agree,Agree
GEN24_1102565,Don't know / Not sure,Agree,Agree
GEN24_1102570,Agree,NA,NA
GEN24_1102576,Disagree,Agree,Agree
GEN24_1102577,Agree,NA,NA
GEN24_1102578,Agree,NA,NA
GEN24_1102581,Agree,NA,NA
GEN24_1102594,Don't know / Not sure,NA,NA
GEN24_1102595,Don't know / Not sure,NA,NA
GEN24_1102600,Disagree,NA,NA
GEN24_1102604,Agree,Agree,Agree
GEN24_1102610,Agree,Agree,Agree
GEN24_1102620,Disagree,NA,NA
GEN24_1102630,Don't know / Not sure,NA,NA
GEN24_1102631,Don't know / Not sure,NA,NA
GEN24_1102650,Agree,Agree,Agree
GEN24_1102652,Agree,NA,NA
GEN24_1102656,Agree,NA,NA
GEN24_1102667,Agree,Agree,Agree
GEN24_1102670,Disagree,NA,NA
GEN24_1102682,Agree,NA,NA
GEN24_1102695,Agree,Agree,Agree
GEN24_1102708,Agree,Agree,Agree
GEN24_1102718,Agree,NA,Agree
GEN24_1102746,Disagree,NA,NA
GEN24_1102751,Agree,Agree,Agree
GEN24_1102758,Agree,Agree,Agree
GEN24_1102759,Agree,Agree,Agree
GEN24_1102761,Agree,NA,NA
GEN24_1102762,Agree,Agree,Agree
GEN24_1102765,Agree,NA,NA
GEN24_1102766,Agree,NA,NA
GEN24_1102774,Don't know / Not sure,NA,NA
GEN24_1102776,Agree,Agree,Agree
GEN24_1102780,Agree,NA,NA
GEN24_1102788,Disagree,NA,NA
GEN24_1102790,Disagree,NA,NA
GEN24_1102792,Don't know / Not sure,NA,NA
GEN24_1102793,Disagree,NA,NA
GEN24_1102795,Agree,NA,NA
GEN24_1102805,Agree,NA,NA
GEN24_1102806,Disagree,NA,NA
GEN24_1102810,Disagree,NA,NA
GEN24_1102830,Disagree,NA,NA
GEN24_1102834,Don't know / Not sure,Agree,Agree
GEN24_1102841,Agree,Agree,Agree
GEN24_1102844,Agree,NA,NA
GEN24_1102845,Disagree,NA,NA
GEN24_1102847,Agree,Agree,Agree
GEN24_1102848,Don't know / Not sure,NA,NA
GEN24_1102852,Don't know / Not sure,NA,NA
GEN24_1102854,Disagree,NA,NA
GEN24_1102856,Disagree,NA,NA
GEN24_1102858,Agree,Agree,Disagree
GEN24_1102869,Agree,NA,NA
GEN24_1102873,Agree,NA,NA
GEN24_1102875,Agree,NA,NA
GEN24_1102881,Agree,NA,NA
GEN24_1102888,Disagree,Agree,Agree
GEN24_1102889,Agree,Agree,Agree
GEN24_1102895,Disagree,NA,NA
GEN24_1102899,Agree,NA,NA
GEN24_1102911,Disagree,NA,NA
GEN24_1102929,Agree,NA,NA
GEN24_1102932,Agree,NA,NA
GEN24_1102944,Agree,NA,NA
GEN24_1102958,Agree,Agree,Agree
GEN24_1102975,Agree,NA,NA
GEN24_1102977,Don't know / Not sure,NA,NA
GEN24_1102979,Don't know / Not sure,NA,NA
GEN24_1102987,Agree,Agree,Agree
GEN24_1102995,Agree,Agree,Agree
GEN24_1102999,Agree,NA,NA
GEN24_1103004,Don't know / Not sure,NA,NA
GEN24_1103011,Agree,NA,NA
GEN24_1103012,Agree,NA,NA
GEN24_1103014,Agree,NA,NA
GEN24_1103025,Don't know / Not sure,NA,NA
GEN24_1103035,Don't know / Not sure,NA,NA
GEN24_1103036,Agree,Agree,Agree
GEN24_1103039,Agree,NA,NA
GEN24_1103055,Agree,NA,NA
GEN24_1103056,Disagree,NA,NA
GEN24_1103062,Agree,NA,NA
GEN24_1103080,Agree,NA,NA
GEN24_1103092,Don't know / Not sure,NA,NA
GEN24_1103093,Agree,NA,NA
GEN24_1103094,Disagree,NA,Agree
GEN24_1103115,Agree,Agree,Agree
GEN24_1103132,Disagree,NA,NA
GEN24_1103134,Disagree,NA,NA
GEN24_1103143,Agree,NA,NA
GEN24_1103145,Don't know / Not sure,NA,NA
GEN24_1103147,Agree,Agree,Agree
GEN24_1103149,Agree,NA,NA
GEN24_1103155,Agree,NA,NA
GEN24_1103161,Don't know / Not sure,Agree,Agree
GEN24_1103166,Agree,Agree,Agree
GEN24_1103172,Agree,Agree,Agree
GEN24_1103207,Agree,Agree,Agree
GEN24_1103210,Disagree,NA,NA
GEN24_1103222,Agree,NA,NA
GEN24_1103224,Disagree,NA,NA
GEN24_1103227,Agree,NA,NA
GEN24_1103238,Agree,Agree,Agree
GEN24_1103239,Agree,NA,NA
GEN24_1103244,Disagree,NA,NA
GEN24_1103250,Agree,NA,NA
GEN24_1103251,Agree,NA,NA
GEN24_1103258,Disagree,NA,NA
GEN24_1103259,Disagree,Agree,Agree
GEN24_1103261,Disagree,NA,NA
GEN24_1103271,Agree,Agree,Agree
GEN24_1103273,Agree,Agree,Agree
GEN24_1103298,Don't know / Not sure,Agree,Agree
GEN24_1103304,Agree,NA,NA
GEN24_1103306,Agree,Agree,Agree
GEN24_1103307,Don't know / Not sure,Agree,Agree
GEN24_1103313,Agree,Agree,Agree
GEN24_1103334,Agree,Agree,Agree
GEN24_1103338,Agree,Agree,Agree
GEN24_1103340,Disagree,Agree,Agree
GEN24_1103342,Don't know / Not sure,NA,NA
GEN24_1103344,Disagree,NA,NA
GEN24_1103356,Agree,NA,NA
GEN24_1103362,Don't know / Not sure,NA,NA
GEN24_1103369,Agree,Agree,Agree
GEN24_1103376,Don't know / Not sure,NA,NA
GEN24_1103401,Agree,NA,NA
GEN24_1103419,Agree,NA,NA
GEN24_1103427,Don't know / Not sure,NA,NA
GEN24_1103428,Agree,NA,NA
GEN24_1103430,Agree,NA,NA
GEN24_1103431,Don't know / Not sure,NA,NA
GEN24_1103433,Agree,NA,NA
GEN24_1103435,Agree,NA,NA
GEN24_1103447,Disagree,Agree,Agree
GEN24_1103449,Agree,NA,NA
GEN24_1103455,Agree,Agree,Agree
GEN24_1103456,Disagree,NA,NA
GEN24_1103465,Don't know / Not sure,Agree,Agree
GEN24_1103467,Agree,Disagree,NA
GEN24_1103468,Agree,NA,NA
GEN24_1103477,Agree,NA,NA
GEN24_1103480,Don't know / Not sure,NA,NA
GEN24_1103485,Agree,NA,NA
GEN24_1103490,Agree,Agree,Agree
GEN24_1103492,Agree,NA,NA
GEN24_1103497,Agree,Agree,Agree
GEN24_1103500,Don't know / Not sure,Disagree,NA
GEN24_1103512,Agree,NA,NA
GEN24_1103515,Agree,Agree,Agree
GEN24_1103518,Agree,Agree,Agree
GEN24_1103519,Don't know / Not sure,NA,NA
GEN24_1103520,Agree,NA,NA
GEN24_1103521,Agree,NA,NA
GEN24_1103541,Agree,Agree,Agree
GEN24_1103546,Agree,NA,NA
GEN24_1103548,Agree,NA,NA
GEN24_1103550,Agree,NA,NA
GEN24_1103560,Agree,NA,NA
GEN24_1103564,Agree,NA,NA
GEN24_1103568,Agree,NA,NA
GEN24_1103575,Don't know / Not sure,NA,NA
GEN24_1103586,Agree,NA,NA
GEN24_1103588,Don't know / Not sure,NA,NA
GEN24_1103589,Don't know / Not sure,NA,NA
GEN24_1103596,Don't know / Not sure,Agree,Agree
GEN24_1103598,Agree,Agree,Agree
GEN24_1103599,Agree,NA,NA
GEN24_1103604,Agree,NA,NA
GEN24_1103613,Agree,Agree,Agree
GEN24_1103625,Don't know / Not sure,NA,NA
GEN24_1103630,Don't know / Not sure,Agree,Agree
GEN24_1103637,Agree,Agree,Agree
GEN24_1103645,Agree,NA,NA
GEN24_1103647,Disagree,Disagree,Disagree
GEN24_1103653,Agree,NA,NA
GEN24_1103674,Agree,Agree,Agree
GEN24_1103683,Agree,Agree,Agree
GEN24_1103688,Don't know / Not sure,NA,NA
GEN24_1103690,Disagree,NA,NA
GEN24_1103693,Disagree,NA,NA
GEN24_1103696,Don't know / Not sure,NA,NA
GEN24_1103698,Agree,NA,NA
GEN24_1103700,Agree,NA,NA
GEN24_1103701,Agree,Agree,Agree
GEN24_1103702,Disagree,NA,NA
GEN24_1103707,Agree,Agree,Agree
GEN24_1103716,Disagree,Disagree,Agree
GEN24_1103717,Agree,Agree,Agree
GEN24_1103723,Don't know / Not sure,NA,NA
GEN24_1103724,Don't know / Not sure,Agree,Agree
GEN24_1103734,Agree,NA,NA
GEN24_1103746,Agree,NA,NA
GEN24_1103753,Disagree,NA,NA
GEN24_1103759,Don't know / Not sure,NA,NA
GEN24_1103761,Agree,NA,NA
GEN24_1103780,Disagree,Agree,Disagree
GEN24_1103800,Agree,NA,NA
GEN24_1103802,Agree,NA,NA
GEN24_1103807,Agree,NA,NA
GEN24_1103809,Agree,NA,NA
GEN24_1103814,Disagree,NA,NA
GEN24_1103815,Agree,Disagree,NA
GEN24_1103820,Don't know / Not sure,Agree,Agree
GEN24_1103821,Agree,Agree,Agree
GEN24_1103827,Agree,NA,NA
GEN24_1103831,Disagree,NA,NA
GEN24_1103833,Don't know / Not sure,NA,NA
GEN24_1103837,Agree,NA,NA
GEN24_1103841,Agree,Agree,Agree
GEN24_1103851,Disagree,NA,Agree
GEN24_1103861,Agree,NA,NA
GEN24_1103862,Agree,NA,NA
GEN24_1103868,Agree,Agree,Agree
GEN24_1103882,Disagree,NA,NA
GEN24_1103884,Disagree,NA,NA
GEN24_1103897,Disagree,NA,NA
GEN24_1103910,Agree,Agree,Agree
GEN24_1103913,Agree,Agree,Agree
GEN24_1103916,Disagree,NA,NA
GEN24_1103925,Agree,NA,NA
GEN24_1103930,Agree,Disagree,Agree
GEN24_1103934,Agree,Agree,Agree
GEN24_1103938,Agree,Agree,Agree
GEN24_1103947,Agree,NA,NA
GEN24_1103951,Don't know / Not sure,NA,NA
GEN24_1103965,Agree,NA,NA
GEN24_1103969,Disagree,NA,NA
GEN24_1103973,Agree,Agree,Agree
GEN24_1103974,Agree,Agree,Agree
GEN24_1103976,Agree,NA,NA
GEN24_1103988,Agree,Agree,Agree
GEN24_1104009,Agree,NA,NA
GEN24_1104013,Agree,NA,NA
GEN24_1104015,Disagree,NA,NA
GEN24_1104037,Disagree,Agree,Agree
GEN24_1104039,Agree,Agree,Agree
GEN24_1104044,Agree,Agree,Agree
GEN24_1104047,Disagree,NA,NA
GEN24_1104049,Don't know / Not sure,NA,NA
GEN24_1104055,Agree,Agree,Agree
GEN24_1104056,Disagree,NA,NA
GEN24_1104063,Don't know / Not sure,NA,NA
GEN24_1104068,Don't know / Not sure,NA,NA
GEN24_1104074,Agree,NA,NA
GEN24_1104078,Agree,NA,NA
GEN24_1104081,Agree,Agree,Agree
GEN24_1104082,Don't know / Not sure,NA,NA
GEN24_1104085,Agree,NA,NA
GEN24_1104107,Agree,NA,NA
GEN24_1104108,Agree,Agree,Agree
GEN24_1104109,Agree,Agree,Agree
GEN24_1104110,Disagree,NA,NA
GEN24_1104117,Agree,NA,NA
GEN24_1104120,Agree,NA,NA
GEN24_1104124,Agree,Agree,Agree
GEN24_1104131,Agree,NA,NA
GEN24_1104133,Agree,Agree,Agree
GEN24_1104143,Don't know / Not sure,NA,NA
GEN24_1104150,Agree,NA,NA
GEN24_1104154,Disagree,NA,NA
GEN24_1104156,Agree,NA,NA
GEN24_1104159,Disagree,NA,NA
GEN24_1104161,Don't know / Not sure,NA,NA
GEN24_1104163,Disagree,Agree,Agree
GEN24_1104164,Agree,Agree,Agree
GEN24_1104165,Agree,NA,NA
GEN24_1104168,Agree,Agree,Agree
GEN24_1104174,Agree,NA,NA
GEN24_1104175,Don't know / Not sure,Agree,Agree
GEN24_1104179,Disagree,Agree,NA
GEN24_1104180,Agree,NA,NA
GEN24_1104207,Agree,Agree,Agree
GEN24_1104220,Don't know / Not sure,NA,NA
GEN24_1104222,Agree,Agree,Agree
GEN24_1104225,Don't know / Not sure,NA,NA
GEN24_1104226,Agree,Agree,Agree
GEN24_1104231,Agree,NA,NA
GEN24_1104244,Disagree,NA,NA
GEN24_1104246,Agree,Agree,Agree
GEN24_1104248,Agree,NA,NA
GEN24_1104251,Disagree,Disagree,Agree
GEN24_1104256,Agree,Agree,Agree
GEN24_1104257,Agree,NA,NA
GEN24_1104261,Agree,NA,NA
GEN24_1104264,Don't know / Not sure,NA,NA
GEN24_1104269,Don't know / Not sure,NA,NA
GEN24_1104270,Don't know / Not sure,NA,NA
GEN24_1104304,Agree,Agree,Agree
GEN24_1104305,Don't know / Not sure,NA,NA
GEN24_1104333,Agree,Agree,Agree
GEN24_1104354,Disagree,Agree,Agree
GEN24_1104357,Agree,NA,NA
GEN24_1104358,Agree,NA,NA
GEN24_1104359,Agree,NA,NA
GEN24_1104361,Don't know / Not sure,Agree,Agree
GEN24_1104364,Agree,Agree,Agree
GEN24_1104381,Don't know / Not sure,NA,NA
GEN24_1104389,Agree,NA,NA
GEN24_1104406,Agree,Agree,Agree
GEN24_1104408,Agree,Agree,Agree
GEN24_1104439,Agree,NA,NA
GEN24_1104452,Don't know / Not sure,NA,NA
GEN24_1104455,Agree,NA,NA
GEN24_1104457,Agree,Disagree,Disagree
GEN24_1104468,Don't know / Not sure,NA,NA
GEN24_1104470,Agree,NA,NA
GEN24_1104474,Don't know / Not sure,NA,NA
GEN24_1104489,Agree,NA,NA
GEN24_1104491,Agree,NA,NA
GEN24_1104494,Agree,NA,NA
GEN24_1104498,Agree,Agree,Agree
GEN24_1104500,Don't know / Not sure,NA,NA
GEN24_1104508,Agree,NA,NA
GEN24_1104512,Agree,NA,NA
GEN24_1104513,Agree,NA,NA
GEN24_1104514,Agree,NA,NA
GEN24_1104518,Disagree,NA,NA
GEN24_1104519,Don't know / Not sure,NA,NA
GEN24_1104521,Agree,Agree,Agree
GEN24_1104524,Disagree,NA,NA
GEN24_1104541,Don't know / Not sure,Agree,Agree
GEN24_1104545,Agree,Agree,Agree
GEN24_1104555,Don't know / Not sure,NA,NA
GEN24_1104560,Agree,Agree,Agree
GEN24_1104575,Agree,Agree,Agree
GEN24_1104583,Agree,NA,NA
GEN24_1104596,Agree,NA,NA
GEN24_1104600,Agree,NA,NA
GEN24_1104613,Agree,Agree,Agree
GEN24_1104616,Agree,Agree,Agree
GEN24_1104623,Agree,Agree,Agree
GEN24_1104633,Agree,Agree,Agree
GEN24_1104640,Agree,NA,NA
GEN24_1104646,Agree,Agree,Agree
GEN24_1104664,Agree,NA,NA
GEN24_1104665,Agree,Disagree,Agree
GEN24_1104671,Agree,Agree,Agree
GEN24_1104695,Agree,NA,NA
GEN24_1104696,Disagree,NA,NA
GEN24_1104704,Agree,Agree,Agree
GEN24_1104708,Disagree,Agree,Agree
GEN24_1104735,Don't know / Not sure,NA,NA
GEN24_1104737,Agree,NA,NA
GEN24_1104763,Disagree,NA,NA
GEN24_1104775,Agree,NA,NA
GEN24_1104799,Agree,NA,NA
GEN24_1104805,Agree,NA,NA
GEN24_1104806,Agree,Agree,Agree
GEN24_1104824,Agree,NA,NA
GEN24_1104825,Agree,NA,NA
GEN24_1104848,Agree,NA,NA
GEN24_1104852,Agree,NA,NA
GEN24_1104853,Agree,Agree,Agree
GEN24_1104857,Agree,Agree,Agree
GEN24_1104863,Agree,NA,NA
GEN24_1104866,Agree,Agree,Agree
GEN24_1104871,Agree,NA,NA
GEN24_1104874,Agree,Agree,Agree
GEN24_1104888,Don't know / Not sure,NA,NA
GEN24_1104890,Agree,NA,NA
GEN24_1104900,Agree,NA,NA
GEN24_1104905,Don't know / Not sure,Disagree,Agree
GEN24_1104906,Agree,NA,NA
GEN24_1104926,Agree,NA,NA
GEN24_1104927,Agree,NA,NA
GEN24_1104928,Disagree,NA,NA
GEN24_1104945,Agree,NA,NA
GEN24_1104958,Agree,NA,NA
GEN24_1104962,Agree,Agree,Agree
GEN24_1104967,Agree,Agree,Agree
GEN24_1104969,Agree,Agree,Agree
GEN24_1105025,Don't know / Not sure,NA,NA
GEN24_1105032,Don't know / Not sure,NA,NA
GEN24_1105033,Don't know / Not sure,NA,NA
GEN24_1105045,Don't know / Not sure,NA,NA
GEN24_1105048,Disagree,Agree,Agree
GEN24_1105049,Agree,NA,NA
GEN24_1105050,Disagree,NA,NA
GEN24_1105058,Agree,Agree,Agree
GEN24_1105075,Agree,Agree,Agree
GEN24_1105077,Disagree,NA,NA
GEN24_1105083,Agree,Agree,Agree
GEN24_1105092,Agree,Agree,Agree
GEN24_1105095,Don't know / Not sure,NA,NA
GEN24_1105106,Agree,Agree,Agree
GEN24_1105107,Agree,Agree,Agree
GEN24_1105110,Disagree,NA,NA
GEN24_1105111,Don't know / Not sure,NA,NA
GEN24_1105114,Don't know / Not sure,NA,NA
GEN24_1105117,Disagree,NA,NA
GEN24_1105129,Agree,NA,NA
GEN24_1105154,Agree,NA,NA
GEN24_1105156,Disagree,NA,NA
GEN24_1105157,Agree,NA,NA
GEN24_1105171,Agree,NA,NA
GEN24_1105178,Disagree,NA,NA
GEN24_1105189,Agree,Agree,Agree
GEN24_1105193,Agree,Agree,Agree
GEN24_1105196,Don't know / Not sure,Agree,Agree
GEN24_1105201,Agree,NA,NA
GEN24_1105204,Agree,Agree,Agree
GEN24_1105211,Agree,NA,NA
GEN24_1105231,Agree,NA,NA
GEN24_1105237,Agree,NA,NA
GEN24_1105247,Agree,Agree,Agree
GEN24_1105256,Don't know / Not sure,NA,NA
GEN24_1105257,Disagree,Agree,Agree
GEN24_1105264,Disagree,NA,NA
GEN24_1105279,Agree,Agree,Agree
GEN24_1105280,Agree,NA,NA
GEN24_1105290,Disagree,NA,NA
GEN24_1105296,Don't know / Not sure,NA,NA
GEN24_1105299,Disagree,Agree,Agree
GEN24_1105311,Agree,NA,NA
GEN24_1105312,Disagree,NA,NA
GEN24_1105322,Agree,Agree,Agree
GEN24_1105326,Agree,Agree,Agree
GEN24_1105332,Agree,Agree,Agree
GEN24_1105344,Agree,NA,NA
GEN24_1105346,Agree,NA,NA
GEN24_1105352,Agree,Agree,Agree
GEN24_1105366,Agree,NA,NA
GEN24_1105370,Agree,Agree,NA
GEN24_1105383,Disagree,NA,NA
GEN24_1105397,Agree,NA,NA
GEN24_1105413,Agree,NA,NA
GEN24_1105415,Agree,Agree,Agree
GEN24_1105426,Don't know / Not sure,NA,NA
GEN24_1105442,Agree,Agree,Agree
GEN24_1105443,Agree,NA,NA
GEN24_1105453,Agree,NA,NA
GEN24_1105459,Don't know / Not sure,NA,NA
GEN24_1105464,Agree,Agree,Agree
GEN24_1105465,Agree,NA,NA
GEN24_1105470,Agree,NA,NA
GEN24_1105471,Disagree,NA,NA
GEN24_1105476,Agree,Agree,Agree
GEN24_1105477,Don't know / Not sure,NA,NA
GEN24_1105480,Don't know / Not sure,NA,NA
GEN24_1105481,Don't know / Not sure,NA,NA
GEN24_1105492,Disagree,NA,NA
GEN24_1105498,Agree,Agree,Agree
GEN24_1105510,Agree,Agree,Agree
GEN24_1105512,Agree,Agree,Agree
GEN24_1105515,Disagree,NA,NA
GEN24_1105521,Agree,Agree,Agree
GEN24_1105546,Agree,NA,NA
GEN24_1105553,Agree,Agree,Agree
GEN24_1105564,Agree,Agree,Agree
GEN24_1105572,Agree,NA,NA
GEN24_1105587,Agree,NA,NA
GEN24_1105588,Agree,Agree,Agree
GEN24_1105589,Agree,Agree,Agree
GEN24_1105606,Agree,NA,NA
GEN24_1105611,Disagree,NA,NA
GEN24_1105624,Agree,NA,NA
GEN24_1105633,Agree,Agree,Agree
GEN24_1105642,Agree,NA,NA
GEN24_1105656,Agree,NA,NA
GEN24_1105659,Don't know / Not sure,NA,NA
GEN24_1105679,Agree,NA,NA
GEN24_1105682,Don't know / Not sure,NA,NA
GEN24_1105683,Don't know / Not sure,NA,NA
GEN24_1105685,Agree,Agree,Agree
GEN24_1105691,Agree,Agree,Agree
GEN24_1105696,Disagree,NA,NA
GEN24_1105701,Agree,Agree,Agree
GEN24_1105707,Don't know / Not sure,NA,NA
GEN24_1105710,Agree,NA,NA
GEN24_1105716,Don't know / Not sure,NA,NA
GEN24_1105720,Agree,NA,NA
GEN24_1105731,Disagree,NA,NA
GEN24_1105732,Agree,NA,NA
GEN24_1105734,Don't know / Not sure,NA,NA
GEN24_1105764,Agree,NA,NA
GEN24_1105784,Agree,NA,NA
GEN24_1105795,Don't know / Not sure,NA,NA
GEN24_1105800,Agree,Agree,Agree
GEN24_1105805,Agree,NA,NA
GEN24_1105810,Don't know / Not sure,NA,NA
GEN24_1105811,Don't know / Not sure,NA,NA
GEN24_1105822,Agree,NA,NA
GEN24_1105824,Agree,NA,NA
GEN24_1105825,Agree,NA,NA
GEN24_1105826,Don't know / Not sure,Agree,Agree
GEN24_1105828,Agree,NA,NA
GEN24_1105834,Agree,Agree,Agree
GEN24_1105846,Agree,Agree,Agree
GEN24_1105851,Agree,NA,NA
GEN24_1105854,Disagree,Agree,Agree
GEN24_1105855,Agree,NA,NA
GEN24_1105859,Disagree,Agree,Agree
GEN24_1105863,Don't know / Not sure,NA,NA
GEN24_1105865,Agree,Agree,Agree
GEN24_1105868,Don't know / Not sure,NA,NA
GEN24_1105875,Don't know / Not sure,NA,NA
GEN24_1105918,Agree,Agree,Agree
GEN24_1105922,Agree,NA,NA
GEN24_1105930,Don't know / Not sure,NA,NA
GEN24_1105931,Agree,NA,NA
GEN24_1105933,Agree,Agree,NA
GEN24_1105935,Agree,NA,NA
GEN24_1105959,Agree,NA,NA
GEN24_1105978,Disagree,Agree,Agree
GEN24_1105980,Don't know / Not sure,NA,NA
GEN24_1105994,Agree,NA,NA
GEN24_1106004,Agree,Agree,Agree
GEN24_1106007,Agree,NA,NA
GEN24_1106024,Agree,Agree,Agree
GEN24_1106051,Agree,Agree,Agree
GEN24_1106052,Don't know / Not sure,NA,NA
GEN24_1106056,Disagree,NA,NA
GEN24_1106061,Don't know / Not sure,NA,NA
GEN24_1106073,Agree,Agree,Agree
GEN24_1106074,Agree,NA,NA
GEN24_1106091,Agree,Agree,Agree
GEN24_1106096,Don't know / Not sure,NA,NA
GEN24_1106107,Don't know / Not sure,Agree,Agree
GEN24_1106122,Don't know / Not sure,NA,NA
GEN24_1106128,Agree,NA,NA
GEN24_1106131,Disagree,NA,NA
GEN24_1106134,Don't know / Not sure,NA,NA
GEN24_1106140,Don't know / Not sure,NA,NA
GEN24_1106165,Disagree,NA,NA
GEN24_1106166,Agree,Agree,Agree
GEN24_1106174,Disagree,NA,NA
GEN24_1106175,Disagree,NA,NA
GEN24_1106182,Disagree,NA,NA
GEN24_1106184,Agree,NA,NA
GEN24_1106213,Agree,NA,NA
GEN24_1106214,Don't know / Not sure,NA,NA
GEN24_1106217,Agree,NA,NA
GEN24_1106226,Disagree,NA,NA
GEN24_1106230,Don't know / Not sure,NA,NA
GEN24_1106244,Agree,Agree,Disagree
GEN24_1106260,Don't know / Not sure,NA,NA
GEN24_1106271,Disagree,NA,NA
GEN24_1106275,Don't know / Not sure,NA,NA
GEN24_1106281,Agree,Agree,Agree
GEN24_1106285,Agree,NA,NA
GEN24_1106292,Don't know / Not sure,NA,NA
GEN24_1106293,Don't know / Not sure,NA,NA
GEN24_1106294,Don't know / Not sure,Agree,Agree
GEN24_1106296,Agree,NA,NA
GEN24_1106297,Agree,NA,NA
GEN24_1106338,Agree,Agree,Agree
GEN24_1106339,Disagree,NA,NA
GEN24_1106341,Don't know / Not sure,NA,NA
GEN24_1106344,Agree,NA,NA
GEN24_1106354,Don't know / Not sure,NA,NA
GEN24_1106358,Agree,Agree,Agree
GEN24_1106367,Agree,NA,NA
GEN24_1106377,Disagree,NA,NA
GEN24_1106386,Agree,NA,NA
GEN24_1106415,Agree,NA,NA
GEN24_1106418,Disagree,Agree,Agree
GEN24_1106423,Agree,NA,NA
GEN24_1106432,Disagree,NA,NA
GEN24_1106446,Agree,NA,NA
GEN24_1106448,Don't know / Not sure,NA,NA
GEN24_1106451,Agree,NA,NA
GEN24_1106460,Disagree,NA,NA
GEN24_1106464,Disagree,NA,NA
GEN24_1106465,Don't know / Not sure,NA,Agree
GEN24_1106467,Don't know / Not sure,NA,NA
GEN24_1106469,Disagree,NA,NA
GEN24_1106473,Don't know / Not sure,NA,NA
GEN24_1106474,Agree,Agree,Agree
GEN24_1106485,Agree,Disagree,Agree
GEN24_1106489,Agree,Agree,Agree
GEN24_1106490,Disagree,NA,NA
GEN24_1106492,Agree,Agree,Agree
GEN24_1106497,Agree,NA,NA
GEN24_1106498,Agree,NA,NA
GEN24_1106506,Agree,NA,NA
GEN24_1106526,Agree,NA,NA
GEN24_1106533,Don't know / Not sure,NA,NA
GEN24_1106534,Agree,NA,NA
GEN24_1106535,Agree,Agree,Agree
GEN24_1106537,Don't know / Not sure,Disagree,Disagree
GEN24_1106538,Agree,NA,NA
GEN24_1106543,Don't know / Not sure,NA,NA
GEN24_1106545,Don't know / Not sure,Agree,Agree
GEN24_1106548,Disagree,NA,NA
GEN24_1106550,Agree,NA,NA
GEN24_1106579,Agree,Agree,Agree
GEN24_1106583,Agree,Agree,Agree
GEN24_1106584,Agree,Agree,Agree
GEN24_1106588,Agree,Agree,Agree
GEN24_1106589,Agree,NA,NA
GEN24_1106593,Agree,NA,NA
GEN24_1106596,Don't know / Not sure,Agree,Agree
GEN24_1106598,Disagree,NA,NA
GEN24_1106604,Agree,NA,NA
GEN24_1106610,Don't know / Not sure,NA,NA
GEN24_1106620,Agree,NA,NA
GEN24_1106621,Agree,NA,NA
GEN24_1106622,Agree,Agree,Agree
GEN24_1106623,Agree,Agree,Agree
GEN24_1106627,Agree,NA,NA
GEN24_1106629,Agree,Agree,Agree
GEN24_1106630,Agree,Agree,Agree
GEN24_1106641,Don't know / Not sure,NA,NA
GEN24_1106642,Agree,Agree,Agree
GEN24_1106654,Agree,Agree,Agree
GEN24_1106663,Agree,NA,NA
GEN24_1106668,Agree,Disagree,Agree
GEN24_1106669,Agree,Agree,Agree
GEN24_1106671,Agree,NA,NA
GEN24_1106675,Agree,NA,NA
GEN24_1106680,Don't know / Not sure,NA,Agree
GEN24_1106681,Don't know / Not sure,NA,NA
GEN24_1106685,Don't know / Not sure,NA,NA
GEN24_1106691,Don't know / Not sure,NA,NA
GEN24_1106692,Agree,NA,NA
GEN24_1106701,Don't know / Not sure,NA,NA
GEN24_1106704,Agree,Agree,Agree
GEN24_1106708,Agree,NA,NA
GEN24_1106724,Agree,Agree,Agree
GEN24_1106728,Agree,Agree,Agree
GEN24_1106736,Disagree,NA,NA
GEN24_1106743,Agree,NA,NA
GEN24_1106757,Agree,NA,NA
GEN24_1106758,Agree,NA,NA
GEN24_1106759,Agree,Agree,Agree
GEN24_1106780,Agree,Agree,Agree
GEN24_1106782,Agree,NA,NA
GEN24_1106788,Don't know / Not sure,NA,NA
GEN24_1106795,Agree,NA,NA
GEN24_1106808,Don't know / Not sure,NA,NA
GEN24_1106812,Disagree,NA,Agree
GEN24_1106815,Agree,Agree,Agree
GEN24_1106824,Agree,Agree,Agree
GEN24_1106833,Agree,Agree,Agree
GEN24_1106841,Don't know / Not sure,NA,NA
GEN24_1106842,Don't know / Not sure,NA,NA
GEN24_1106843,Agree,NA,NA
GEN24_1106850,Don't know / Not sure,Agree,Agree
GEN24_1106882,Agree,NA,NA
GEN24_1106885,Disagree,NA,NA
GEN24_1106890,Agree,Agree,Agree
GEN24_1106902,Agree,NA,NA
GEN24_1106909,Don't know / Not sure,NA,NA
GEN24_1106920,Disagree,NA,NA
GEN24_1106924,Disagree,Agree,Agree
GEN24_1106926,Agree,NA,NA
GEN24_1106942,Don't know / Not sure,Agree,Agree
GEN24_1106943,Agree,NA,NA
GEN24_1106944,Disagree,Agree,Agree
GEN24_1106946,Disagree,NA,NA
GEN24_1106951,Don't know / Not sure,NA,NA
GEN24_1106956,Don't know / Not sure,Agree,Agree
GEN24_1106957,Disagree,Agree,Agree
GEN24_1106965,Agree,Agree,Agree
GEN24_1106990,Agree,NA,NA
GEN24_1107006,Agree,Agree,Agree
GEN24_1107011,Don't know / Not sure,NA,NA
GEN24_1107018,Don't know / Not sure,NA,NA
GEN24_1107023,Agree,NA,NA
GEN24_1107028,Agree,NA,NA
GEN24_1107031,Don't know / Not sure,NA,NA
GEN24_1107033,Agree,NA,NA
GEN24_1107034,Agree,NA,NA
GEN24_1107035,Agree,NA,NA
GEN24_1107036,Agree,Agree,Agree
GEN24_1107037,Don't know / Not sure,NA,NA
GEN24_1107062,Don't know / Not sure,Agree,Agree
GEN24_1107065,Don't know / Not sure,NA,NA
GEN24_1107066,Agree,Agree,Agree
GEN24_1107079,Don't know / Not sure,NA,NA
GEN24_1107081,Agree,Agree,Agree
GEN24_1107086,Agree,NA,NA
GEN24_1107090,Disagree,NA,NA
GEN24_1107099,Agree,Agree,Agree
GEN24_1107100,Agree,Agree,Agree
GEN24_1107108,Disagree,NA,NA
GEN24_1107110,Disagree,NA,NA
GEN24_1107117,Agree,NA,NA
GEN24_1107119,Disagree,NA,NA
GEN24_1107121,Don't know / Not sure,NA,NA
GEN24_1107122,Don't know / Not sure,NA,NA
GEN24_1107123,Disagree,NA,NA
GEN24_1107128,Agree,Agree,Agree
GEN24_1107131,Agree,Agree,Agree
GEN24_1107133,Disagree,NA,NA
GEN24_1107137,Agree,Agree,Agree
GEN24_1107138,Don't know / Not sure,NA,NA
GEN24_1107160,Agree,NA,NA
GEN24_1107163,Disagree,NA,NA
GEN24_1107172,Agree,Agree,Agree
GEN24_1107174,Agree,Agree,Agree
GEN24_1107180,Agree,Agree,Agree
GEN24_1107184,Agree,NA,NA
GEN24_1107189,Agree,NA,NA
GEN24_1107206,Don't know / Not sure,NA,NA
GEN24_1107208,Disagree,NA,NA
GEN24_1107213,Don't know / Not sure,NA,NA
GEN24_1107227,Agree,Agree,Agree
GEN24_1107228,Don't know / Not sure,NA,Agree
GEN24_1107230,Agree,Agree,Agree
GEN24_1107234,Don't know / Not sure,Agree,Agree
GEN24_1107236,Disagree,NA,NA
GEN24_1107240,Agree,NA,NA
GEN24_1107242,Agree,NA,NA
GEN24_1107244,Agree,NA,NA
GEN24_1107248,Agree,Agree,Agree
GEN24_1107252,Disagree,NA,NA
GEN24_1107259,Agree,Agree,Agree
GEN24_1107262,Agree,NA,NA
GEN24_1107268,Agree,NA,NA
GEN24_1107270,Agree,Agree,Agree
GEN24_1107272,Agree,NA,NA
GEN24_1107276,Agree,Agree,Agree
GEN24_1107336,Don't know / Not sure,NA,NA
GEN24_1107346,Don't know / Not sure,NA,NA
GEN24_1107360,Don't know / Not sure,Agree,Agree
GEN24_1107361,Agree,NA,NA
GEN24_1107376,Agree,Agree,Agree
GEN24_1107394,Agree,Agree,Agree
GEN24_1107405,Agree,Agree,Agree
GEN24_1107406,Agree,Agree,Agree
GEN24_1107413,Don't know / Not sure,NA,NA
GEN24_1107432,Don't know / Not sure,NA,NA
GEN24_1107456,Agree,NA,Agree
GEN24_1107461,Agree,Agree,Agree
GEN24_1107478,Agree,NA,NA
GEN24_1107480,Don't know / Not sure,NA,NA
GEN24_1107482,Agree,NA,NA
GEN24_1107487,Agree,NA,NA
GEN24_1107495,Don't know / Not sure,NA,NA
GEN24_1107518,Agree,Agree,Agree
GEN24_1107529,Disagree,NA,NA
GEN24_1107531,Agree,Agree,Agree
GEN24_1107532,Disagree,NA,NA
GEN24_1107533,Agree,NA,NA
GEN24_1107535,Agree,NA,NA
GEN24_1107538,Don't know / Not sure,Agree,Agree
GEN24_1107563,Don't know / Not sure,NA,NA
GEN24_1107575,Don't know / Not sure,NA,NA
GEN24_1107586,Agree,Agree,Agree
GEN24_1107607,Agree,NA,NA
GEN24_1107612,Don't know / Not sure,Agree,NA
GEN24_1107619,Don't know / Not sure,NA,NA
GEN24_1107624,Agree,Agree,Agree
GEN24_1107628,Agree,Agree,Agree
GEN24_1107632,Agree,NA,NA
GEN24_1107633,Agree,NA,NA
GEN24_1107634,Agree,NA,NA
GEN24_1107643,Agree,Agree,Agree
GEN24_1107644,Don't know / Not sure,NA,NA
GEN24_1107652,Agree,NA,NA
GEN24_1107655,Don't know / Not sure,NA,NA
GEN24_1107658,Agree,NA,NA
GEN24_1107660,Agree,Agree,Agree
GEN24_1107665,Don't know / Not sure,NA,NA
GEN24_1107666,Agree,NA,NA
GEN24_1107671,Don't know / Not sure,NA,NA
GEN24_1107678,Agree,NA,NA
GEN24_1107681,Don't know / Not sure,NA,NA
GEN24_1107682,Agree,Agree,Agree
GEN24_1107683,Disagree,Agree,Agree
GEN24_1107691,Agree,NA,NA
GEN24_1107695,Don't know / Not sure,Agree,Agree
GEN24_1107712,Don't know / Not sure,NA,NA
GEN24_1107722,Agree,NA,NA
GEN24_1107731,Disagree,NA,NA
GEN24_1107744,Don't know / Not sure,NA,NA
GEN24_1107746,Don't know / Not sure,NA,NA
GEN24_1107756,Disagree,NA,NA
GEN24_1107757,Agree,NA,NA
GEN24_1107760,Agree,Agree,Agree
GEN24_1107764,Don't know / Not sure,Disagree,Agree
GEN24_1107765,Disagree,NA,NA
GEN24_1107768,Disagree,NA,NA
GEN24_1107775,Disagree,NA,NA
GEN24_1107782,Agree,NA,NA
GEN24_1107786,Agree,NA,NA
GEN24_1107791,Agree,NA,NA
GEN24_1107792,Disagree,NA,NA
GEN24_1107799,Disagree,Agree,Agree
GEN24_1107841,Don't know / Not sure,Agree,Agree
GEN24_1107845,Agree,NA,NA
GEN24_1107865,Disagree,NA,NA
GEN24_1107866,Agree,Agree,Agree
GEN24_1107870,Agree,Agree,Agree
GEN24_1107872,Don't know / Not sure,Agree,Agree
GEN24_1107874,Agree,Agree,Agree
GEN24_1107875,Agree,NA,NA
GEN24_1107878,Agree,NA,NA
GEN24_1107885,Don't know / Not sure,NA,NA
GEN24_1107886,Agree,Agree,Agree
GEN24_1107899,Agree,NA,NA
GEN24_1107900,Agree,NA,NA
GEN24_1107904,Agree,NA,NA
GEN24_1107908,Disagree,NA,NA
GEN24_1107912,Agree,NA,NA
GEN24_1107924,Agree,NA,NA
GEN24_1107934,Agree,NA,NA
GEN24_1107948,Agree,NA,NA
GEN24_1107952,Agree,Agree,Agree
GEN24_1107953,Agree,Agree,Agree
GEN24_1107974,Agree,NA,NA
GEN24_1107978,Don't know / Not sure,NA,NA
GEN24_1107985,Agree,NA,NA
GEN24_1107988,Agree,Agree,Agree
GEN24_1107990,Disagree,Agree,Agree
GEN24_1107991,Disagree,NA,NA
GEN24_1107999,Agree,Agree,Agree
GEN24_1108003,Agree,NA,NA
GEN24_1108008,Agree,NA,NA
GEN24_1108009,Agree,Agree,Agree
GEN24_1108017,Agree,NA,NA
GEN24_1108020,Agree,NA,NA
GEN24_1108026,Disagree,NA,NA
GEN24_1108029,Don't know / Not sure,NA,NA
GEN24_1108040,Agree,NA,NA
GEN24_1108042,Don't know / Not sure,NA,NA
GEN24_1108046,Disagree,NA,NA
GEN24_1108050,Agree,NA,NA
GEN24_1108054,Agree,NA,NA
GEN24_1108064,Agree,NA,NA
GEN24_1108086,Agree,Agree,Agree
GEN24_1108087,Disagree,NA,NA
GEN24_1108088,Agree,Agree,Agree
GEN24_1108091,Agree,Agree,Agree
GEN24_1108094,Don't know / Not sure,Agree,Agree
GEN24_1108095,Don't know / Not sure,Agree,Agree
GEN24_1108096,Don't know / Not sure,NA,NA
GEN24_1108099,Agree,Agree,Agree
GEN24_1108121,Disagree,NA,NA
GEN24_1108154,Don't know / Not sure,NA,NA
GEN24_1108158,Agree,Agree,Agree
GEN24_1108164,Disagree,NA,NA
GEN24_1108171,Agree,NA,NA
GEN24_1108175,Agree,NA,NA
GEN24_1108176,Don't know / Not sure,NA,NA
GEN24_1108178,Agree,Agree,Agree
GEN24_1108188,Agree,NA,NA
GEN24_1108189,Disagree,Agree,Agree
GEN24_1108200,Agree,Agree,Agree
GEN24_1108204,Disagree,NA,NA
GEN24_1108215,Agree,Agree,Agree
GEN24_1108221,Agree,NA,NA
GEN24_1108224,Disagree,NA,NA
GEN24_1108266,Agree,NA,NA
GEN24_1108269,Agree,NA,NA
GEN24_1108276,Don't know / Not sure,NA,NA
GEN24_1108277,Don't know / Not sure,NA,NA
GEN24_1108298,Agree,NA,NA
GEN24_1108301,Don't know / Not sure,NA,NA
GEN24_1108321,Disagree,NA,NA
GEN24_1108326,Disagree,Agree,Agree
GEN24_1108335,Agree,Agree,Agree
GEN24_1108342,Agree,Agree,Agree
GEN24_1108347,Agree,NA,NA
GEN24_1108354,Agree,NA,NA
GEN24_1108367,Agree,Agree,Agree
GEN24_1108374,Agree,NA,NA
GEN24_1108387,Agree,NA,NA
GEN24_1108399,Agree,Agree,Agree
GEN24_1108403,Disagree,NA,NA
GEN24_1108417,Disagree,Agree,Agree
GEN24_1108437,Agree,Agree,Agree
GEN24_1108440,Agree,Agree,Agree
GEN24_1108450,Agree,Agree,Agree
GEN24_1108458,Disagree,NA,NA
GEN24_1108466,Agree,Agree,Agree
GEN24_1108496,Disagree,NA,NA
GEN24_1108497,Agree,Agree,Agree
GEN24_1108503,Agree,NA,NA
GEN24_1108505,Agree,NA,NA
GEN24_1108510,Don't know / Not sure,NA,NA
GEN24_1108520,Agree,NA,NA
GEN24_1108524,Agree,NA,NA
GEN24_1108556,Agree,Agree,Agree
GEN24_1108565,Agree,NA,NA
GEN24_1108566,Agree,NA,Agree
GEN24_1108569,Agree,NA,NA
GEN24_1108580,Disagree,NA,NA
GEN24_1108590,Agree,NA,NA
GEN24_1108592,Agree,NA,NA
GEN24_1108606,Agree,Agree,Agree
GEN24_1108616,Don't know / Not sure,NA,NA
GEN24_1108623,Agree,Agree,Agree
GEN24_1108624,Agree,NA,NA
GEN24_1108634,Agree,NA,NA
GEN24_1108668,Agree,Agree,Agree
GEN24_1108674,Agree,Agree,Agree
GEN24_1108680,Agree,Agree,Agree
GEN24_1108684,Don't know / Not sure,NA,NA
GEN24_1108686,Agree,NA,NA
GEN24_1108687,Agree,NA,NA
GEN24_1108688,Agree,NA,NA
GEN24_1108698,Disagree,NA,NA
GEN24_1108704,Agree,NA,NA
GEN24_1108710,Agree,Agree,Agree
GEN24_1108718,Agree,NA,NA
GEN24_1108719,Agree,Agree,Agree
GEN24_1108729,Don't know / Not sure,NA,NA
GEN24_1108737,Agree,Agree,Agree
GEN24_1108753,Agree,NA,NA
GEN24_1108757,Agree,NA,NA
GEN24_1108764,Don't know / Not sure,NA,NA
GEN24_1108786,Agree,NA,NA
GEN24_1108791,Agree,NA,NA
GEN24_1108807,Agree,NA,NA
GEN24_1108810,Agree,Agree,NA
GEN24_1108830,Disagree,NA,NA
GEN24_1108831,Disagree,NA,NA
GEN24_1108836,Don't know / Not sure,NA,NA
GEN24_1108848,Agree,NA,NA
GEN24_1108850,Agree,NA,NA
GEN24_1108868,Don't know / Not sure,NA,NA
GEN24_1108875,Don't know / Not sure,NA,NA
GEN24_1108893,Don't know / Not sure,NA,NA
GEN24_1108895,Agree,Agree,Agree
GEN24_1108896,Agree,Agree,Agree
GEN24_1108898,Disagree,Agree,Disagree
GEN24_1108900,Don't know / Not sure,Agree,Agree
GEN24_1108927,Agree,NA,NA
GEN24_1108953,Disagree,NA,NA
GEN24_1108960,Don't know / Not sure,NA,NA
GEN24_1108968,Agree,Agree,Agree
GEN24_1108978,Don't know / Not sure,NA,NA
GEN24_1108982,Agree,NA,NA
GEN24_1108983,Agree,Agree,Agree
GEN24_1108988,Agree,Agree,Agree
GEN24_1108991,Agree,NA,NA
GEN24_1108995,Agree,Agree,Agree
GEN24_1109002,Agree,Agree,Agree
GEN24_1109011,Agree,NA,NA
GEN24_1109021,Agree,NA,NA
GEN24_1109024,Agree,NA,NA
GEN24_1109026,Agree,NA,NA
GEN24_1109039,Agree,Disagree,Agree
GEN24_1109041,Don't know / Not sure,NA,NA
GEN24_1109043,Don't know / Not sure,Agree,Agree
GEN24_1109054,Don't know / Not sure,NA,NA
GEN24_1109064,Agree,Agree,Agree
GEN24_1109068,Don't know / Not sure,NA,NA
GEN24_1109074,Agree,NA,NA
GEN24_1109091,Disagree,NA,NA
GEN24_1109095,Don't know / Not sure,NA,NA
GEN24_1109103,Agree,Agree,Agree
GEN24_1109129,Agree,NA,NA
GEN24_1109136,Don't know / Not sure,Agree,Agree
GEN24_1109138,Agree,Agree,Agree
GEN24_1109145,Agree,NA,NA
GEN24_1109146,Don't know / Not sure,NA,NA
GEN24_1109158,Disagree,Agree,Agree
GEN24_1109159,Don't know / Not sure,Agree,Agree
GEN24_1109161,Agree,NA,NA
GEN24_1109169,Agree,NA,NA
GEN24_1109173,Agree,NA,NA
GEN24_1109188,Agree,NA,NA
GEN24_1109189,Agree,NA,NA
GEN24_1109208,Agree,NA,NA
GEN24_1109237,Agree,NA,NA
GEN24_1109253,Agree,Agree,Agree
GEN24_1109254,Agree,Agree,Agree
GEN24_1109255,Agree,NA,NA
GEN24_1109259,Agree,Agree,Agree
GEN24_1109265,Agree,Agree,Agree
GEN24_1109267,Agree,Agree,Agree
GEN24_1109273,Don't know / Not sure,NA,NA
GEN24_1109276,Agree,Agree,Agree
GEN24_1109290,Agree,Agree,Agree
GEN24_1109301,Agree,NA,NA
GEN24_1109312,Agree,NA,NA
GEN24_1109319,Disagree,Agree,Agree
GEN24_1109321,Agree,NA,NA
GEN24_1109327,Agree,NA,NA
GEN24_1109328,Agree,NA,NA
GEN24_1109331,Agree,NA,NA
GEN24_1109332,Agree,NA,NA
GEN24_1109350,Agree,NA,NA
GEN24_1109355,Agree,NA,NA
GEN24_1109357,Agree,NA,NA
GEN24_1109361,Agree,NA,NA
GEN24_1109368,Agree,Agree,NA
GEN24_1109387,Disagree,Agree,Agree
GEN24_1109406,Agree,NA,NA
GEN24_1109408,Agree,NA,NA
GEN24_1109437,Agree,NA,NA
GEN24_1109445,Disagree,Agree,Agree
GEN24_1109447,Agree,Agree,Agree
GEN24_1109463,Agree,NA,NA
GEN24_1109483,Agree,NA,NA
GEN24_1109489,Agree,NA,NA
GEN24_1109493,Agree,NA,NA
GEN24_1109502,Don't know / Not sure,NA,NA
GEN24_1109503,Agree,NA,NA
GEN24_1109505,Agree,Agree,Agree
GEN24_1109506,Don't know / Not sure,Agree,NA
GEN24_1109508,Agree,Agree,Agree
GEN24_1109511,Agree,Agree,Agree
GEN24_1109517,Agree,NA,NA
GEN24_1109560,Agree,NA,NA
GEN24_1109569,Agree,NA,NA
GEN24_1109576,Agree,Agree,Agree
GEN24_1109585,Agree,NA,NA
GEN24_1109593,Don't know / Not sure,Agree,Agree
GEN24_1109595,Don't know / Not sure,NA,NA
GEN24_1109597,Agree,NA,NA
GEN24_1109606,Disagree,Agree,Agree
GEN24_1109612,Agree,NA,NA
GEN24_1109622,Agree,NA,NA
GEN24_1109629,Don't know / Not sure,NA,NA
GEN24_1109630,Agree,NA,NA
GEN24_1109633,Agree,NA,NA
GEN24_1109634,Agree,NA,NA
GEN24_1109640,Agree,Disagree,NA
GEN24_1109643,Agree,NA,NA
GEN24_1109646,Agree,NA,NA
GEN24_1109659,Disagree,Agree,Agree
GEN24_1109662,Agree,Agree,Agree
GEN24_1109667,Agree,Agree,Agree
GEN24_1109676,Agree,NA,NA
GEN24_1109677,Don't know / Not sure,NA,NA
GEN24_1109690,Don't know / Not sure,NA,NA
GEN24_1109695,Agree,Agree,Agree
GEN24_1109700,Agree,Agree,Agree
GEN24_1109702,Don't know / Not sure,NA,NA
GEN24_1109703,Disagree,NA,NA
GEN24_1109705,Agree,NA,NA
GEN24_1109714,Disagree,NA,NA
GEN24_1109715,Agree,Agree,Agree
GEN24_1109719,Agree,Agree,Agree
GEN24_1109723,Don't know / Not sure,NA,NA
GEN24_1109727,Disagree,NA,NA
GEN24_1109736,Agree,NA,NA
GEN24_1109737,Agree,NA,NA
GEN24_1109753,Agree,NA,NA
GEN24_1109769,Don't know / Not sure,NA,NA
GEN24_1109778,Agree,NA,NA
GEN24_1109785,Agree,NA,NA
GEN24_1109788,Agree,NA,NA
GEN24_1109789,Agree,NA,NA
GEN24_1109794,Don't know / Not sure,NA,NA
GEN24_1109796,Don't know / Not sure,NA,NA
GEN24_1109805,Agree,NA,NA
GEN24_1109821,Agree,NA,NA
GEN24_1109828,Don't know / Not sure,NA,NA
GEN24_1109843,Agree,Agree,Agree
GEN24_1109844,Agree,Agree,Agree
GEN24_1109854,Agree,Agree,Agree
GEN24_1109856,Don't know / Not sure,Agree,Agree
GEN24_1109859,Agree,Agree,Agree
GEN24_1109860,Agree,Agree,Agree
GEN24_1109867,Agree,NA,NA
GEN24_1109868,Agree,NA,NA
GEN24_1109877,Disagree,NA,NA
GEN24_1109879,Don't know / Not sure,NA,NA
GEN24_1109899,Disagree,Agree,Agree
GEN24_1109914,Don't know / Not sure,NA,NA
GEN24_1109919,Agree,NA,NA
GEN24_1109928,Agree,NA,NA
GEN24_1109935,Agree,NA,NA
GEN24_1109939,Agree,NA,NA
GEN24_1109940,Agree,NA,NA
GEN24_1109949,Don't know / Not sure,Disagree,NA
GEN24_1109960,Agree,Agree,Agree
GEN24_1110006,Disagree,Agree,Agree
GEN24_1110008,Disagree,NA,NA
GEN24_1110009,Agree,NA,NA
GEN24_1110013,Agree,Agree,Agree
GEN24_1110015,Don't know / Not sure,NA,NA
GEN24_1110016,Disagree,NA,NA
GEN24_1110018,Agree,NA,NA
GEN24_1110027,Disagree,NA,NA
GEN24_1110040,Don't know / Not sure,NA,NA
GEN24_1110055,Disagree,NA,NA
GEN24_1110061,Agree,Disagree,NA
GEN24_1110069,Agree,Agree,Agree
GEN24_1110079,Don't know / Not sure,NA,Agree
GEN24_1110098,Agree,Agree,Agree
GEN24_1110101,Disagree,NA,NA
GEN24_1110128,Agree,Agree,Agree
GEN24_1110134,Disagree,NA,NA
GEN24_1110135,Agree,Agree,Agree
GEN24_1110138,Disagree,Agree,Agree
GEN24_1110170,Agree,Agree,Agree
GEN24_1110184,Agree,NA,NA
GEN24_1110185,Agree,Agree,Agree
GEN24_1110190,Agree,NA,NA
GEN24_1110197,Agree,Agree,Agree
GEN24_1110199,Don't know / Not sure,NA,NA
GEN24_1110202,Agree,NA,NA
GEN24_1110216,Agree,Agree,Agree
GEN24_1110217,Agree,Agree,Agree
GEN24_1110228,Disagree,Agree,Agree
GEN24_1110259,Don't know / Not sure,NA,NA
GEN24_1110269,Don't know / Not sure,NA,NA
GEN24_1110289,Don't know / Not sure,NA,NA
GEN24_1110297,Agree,NA,NA
GEN24_1110304,Agree,NA,Agree
GEN24_1110311,Disagree,NA,NA
GEN24_1110315,Disagree,NA,NA
GEN24_1110320,Don't know / Not sure,NA,NA
GEN24_1110328,Agree,NA,NA
GEN24_1110338,Agree,NA,NA
GEN24_1110349,Don't know / Not sure,NA,NA
GEN24_1110363,Agree,NA,NA
GEN24_1110365,Agree,Agree,Agree
GEN24_1110374,Agree,NA,NA
GEN24_1110380,Don't know / Not sure,NA,NA
GEN24_1110383,Agree,Agree,Agree
GEN24_1110403,Disagree,NA,NA
GEN24_1110421,Agree,Agree,Agree
GEN24_1110426,Don't know / Not sure,NA,Agree
GEN24_1110437,Disagree,NA,NA
GEN24_1110439,Disagree,NA,NA
GEN24_1110441,Agree,Agree,Agree
GEN24_1110453,Agree,Agree,Agree
GEN24_1110458,Agree,NA,NA
GEN24_1110459,Agree,NA,NA
GEN24_1110464,Disagree,NA,NA
GEN24_1110468,Agree,NA,NA
GEN24_1110497,Agree,Agree,Agree
GEN24_1110501,Disagree,NA,NA
GEN24_1110519,Agree,Agree,Agree
GEN24_1110520,Don't know / Not sure,NA,Agree
GEN24_1110522,Agree,NA,NA
GEN24_1110524,Don't know / Not sure,NA,NA
GEN24_1110530,Don't know / Not sure,Agree,Agree
GEN24_1110531,Agree,NA,NA
GEN24_1110533,Agree,NA,NA
GEN24_1110543,Don't know / Not sure,NA,NA
GEN24_1110546,Don't know / Not sure,NA,NA
GEN24_1110564,Agree,NA,NA
GEN24_1110568,Agree,NA,NA
GEN24_1110572,Agree,NA,NA
GEN24_1110581,Agree,NA,NA
GEN24_1110591,Agree,Agree,Agree
GEN24_1110592,Agree,NA,NA
GEN24_1110603,Agree,NA,NA
GEN24_1110605,Agree,NA,NA
GEN24_1110609,Agree,NA,NA
GEN24_1110622,Agree,NA,NA
GEN24_1110627,Agree,NA,NA
GEN24_1110632,Agree,NA,NA
GEN24_1110635,Agree,Agree,Agree
GEN24_1110636,Agree,Agree,Agree
GEN24_1110665,Agree,NA,NA
GEN24_1110674,Don't know / Not sure,NA,NA
GEN24_1110716,Disagree,NA,NA
GEN24_1110718,Don't know / Not sure,Agree,Agree
GEN24_1110719,Agree,NA,Agree
GEN24_1110721,Agree,Agree,Agree
GEN24_1110741,Don't know / Not sure,NA,NA
GEN24_1110742,Agree,NA,NA
GEN24_1110753,Agree,NA,NA
GEN24_1110758,Don't know / Not sure,NA,NA
GEN24_1110759,Agree,NA,Agree
GEN24_1110761,Agree,NA,NA
GEN24_1110763,Don't know / Not sure,NA,NA
GEN24_1110771,Agree,NA,NA
GEN24_1110772,Agree,Agree,Agree
GEN24_1110773,Don't know / Not sure,NA,NA
GEN24_1110775,Agree,Agree,Agree
GEN24_1110785,Agree,Agree,Agree
GEN24_1110815,Don't know / Not sure,Agree,Agree
GEN24_1110818,Agree,NA,NA
GEN24_1110819,Agree,NA,NA
GEN24_1110832,Agree,Agree,Agree
GEN24_1110841,Agree,Agree,Agree
GEN24_1110845,Agree,NA,NA
GEN24_1110856,Agree,NA,NA
GEN24_1110857,Agree,NA,NA
GEN24_1110860,Agree,NA,NA
GEN24_1110864,Agree,NA,NA
GEN24_1110871,Agree,Agree,Agree
GEN24_1110873,Disagree,NA,NA
GEN24_1110875,Don't know / Not sure,Agree,Agree
GEN24_1110885,Agree,NA,NA
GEN24_1110906,Agree,NA,NA
GEN24_1110908,Agree,NA,NA
GEN24_1110914,Agree,NA,NA
GEN24_1110922,Agree,NA,NA
GEN24_1110927,Agree,NA,NA
GEN24_1110940,Agree,NA,NA
GEN24_1110942,Disagree,Agree,Agree
GEN24_1110949,Disagree,NA,NA
GEN24_1110963,Agree,Agree,Agree
GEN24_1110980,Agree,Agree,Agree
GEN24_1110992,Disagree,NA,NA
GEN24_1110995,Agree,NA,NA
GEN24_1110998,Agree,Agree,Agree
GEN24_1111012,Agree,Agree,Agree
GEN24_1111025,Agree,NA,NA
GEN24_1111039,Don't know / Not sure,Agree,Agree
GEN24_1111051,Agree,NA,NA
GEN24_1111053,Disagree,Disagree,Disagree
GEN24_1111056,Don't know / Not sure,NA,NA
GEN24_1111060,Disagree,NA,NA
GEN24_1111064,Agree,NA,NA
GEN24_1111068,Don't know / Not sure,Agree,NA
GEN24_1111075,Agree,NA,NA
GEN24_1111081,Don't know / Not sure,NA,NA
GEN24_1111087,Don't know / Not sure,NA,NA
GEN24_1111088,Disagree,NA,NA
GEN24_1111091,Agree,Agree,Agree
GEN24_1111097,Agree,NA,NA
GEN24_1111106,Disagree,NA,NA
GEN24_1111107,Agree,Agree,Agree
GEN24_1111114,Agree,NA,NA
GEN24_1111121,Agree,NA,NA
GEN24_1111123,Agree,Agree,Agree
GEN24_1111124,Don't know / Not sure,Agree,Agree
GEN24_1111128,Don't know / Not sure,Agree,Agree
GEN24_1111150,Agree,NA,NA
GEN24_1111152,Don't know / Not sure,NA,NA
GEN24_1111155,Agree,Agree,Agree
GEN24_1111157,Agree,NA,NA
GEN24_1111179,Disagree,Agree,Agree
GEN24_1111182,Agree,NA,NA
GEN24_1111183,Agree,NA,NA
GEN24_1111187,Don't know / Not sure,NA,NA
GEN24_1111189,Don't know / Not sure,NA,NA
GEN24_1111192,Agree,NA,NA
GEN24_1111202,Agree,Agree,Agree
GEN24_1111203,Agree,Agree,Agree
GEN24_1111218,Don't know / Not sure,NA,Agree
GEN24_1111219,Agree,NA,NA
GEN24_1111232,Agree,Agree,Agree
GEN24_1111240,Agree,Agree,Agree
GEN24_1111252,Agree,NA,NA
GEN24_1111260,Agree,NA,NA
GEN24_1111261,Agree,NA,NA
GEN24_1111281,Disagree,NA,NA
GEN24_1111295,Agree,NA,Agree
GEN24_1111296,Agree,NA,NA
GEN24_1111299,Agree,NA,Agree
GEN24_1111303,Don't know / Not sure,NA,NA
GEN24_1111331,Agree,NA,NA
GEN24_1111332,Disagree,NA,NA
GEN24_1111333,Agree,Agree,Agree
GEN24_1111338,Agree,Agree,Agree
GEN24_1111341,Don't know / Not sure,NA,NA
GEN24_1111356,Don't know / Not sure,NA,NA
GEN24_1111359,Agree,Agree,Agree
GEN24_1111365,Don't know / Not sure,NA,NA
GEN24_1111368,Agree,Agree,Agree
GEN24_1111369,Agree,Agree,Agree
GEN24_1111370,Agree,NA,NA
GEN24_1111371,Agree,Agree,Agree
GEN24_1111377,Don't know / Not sure,NA,NA
GEN24_1111384,Don't know / Not sure,Agree,Agree
GEN24_1111392,Agree,NA,NA
GEN24_1111397,Don't know / Not sure,NA,NA
GEN24_1111399,Agree,Agree,Agree
GEN24_1111400,Agree,Agree,Agree
GEN24_1111415,Disagree,Agree,Agree
GEN24_1111419,Agree,NA,NA
GEN24_1111424,Agree,NA,NA
GEN24_1111430,Agree,NA,NA
GEN24_1111453,Agree,Agree,Agree
GEN24_1111456,Don't know / Not sure,NA,NA
GEN24_1111458,Don't know / Not sure,NA,NA
GEN24_1111460,Agree,Agree,Agree
GEN24_1111466,Agree,NA,NA
GEN24_1111467,Agree,NA,NA
GEN24_1111488,Agree,NA,NA
GEN24_1111501,Agree,NA,NA
GEN24_1111507,Disagree,NA,NA
GEN24_1111520,Agree,Agree,Agree
GEN24_1111527,Disagree,Agree,Agree
GEN24_1111528,Agree,NA,NA
GEN24_1111530,Agree,NA,NA
GEN24_1111532,Don't know / Not sure,NA,NA
GEN24_1111536,Agree,NA,NA
GEN24_1111544,Disagree,NA,NA
GEN24_1111556,Don't know / Not sure,Agree,Agree
GEN24_1111560,Don't know / Not sure,Agree,Agree
GEN24_1111575,Agree,NA,NA
GEN24_1111578,Agree,NA,NA
GEN24_1111598,Agree,NA,NA
GEN24_1111602,Agree,NA,NA
GEN24_1111608,Disagree,NA,NA
GEN24_1111634,Agree,NA,NA
GEN24_1111640,Agree,NA,NA
GEN24_1111653,Disagree,NA,NA
GEN24_1111662,Agree,Agree,Agree
GEN24_1111676,Agree,NA,NA
GEN24_1111689,Agree,Agree,Agree
GEN24_1111690,Don't know / Not sure,NA,NA
GEN24_1111695,Agree,Agree,Agree
GEN24_1111699,Don't know / Not sure,Agree,Agree
GEN24_1111712,Agree,Agree,Agree
GEN24_1111733,Agree,NA,NA
GEN24_1111734,Agree,Agree,Agree
GEN24_1111736,Agree,Agree,Agree
GEN24_1111745,Agree,NA,NA
GEN24_1111751,Agree,Agree,Agree
GEN24_1111752,Agree,Agree,Agree
GEN24_1111757,Disagree,NA,NA
GEN24_1111771,Agree,NA,NA
GEN24_1111776,Agree,Agree,Agree
GEN24_1111787,Disagree,NA,NA
GEN24_1111801,Agree,NA,NA
GEN24_1111803,Don't know / Not sure,NA,NA
GEN24_1111813,Disagree,NA,NA
GEN24_1111814,Don't know / Not sure,NA,NA
GEN24_1111818,Don't know / Not sure,NA,NA
GEN24_1111834,Agree,Agree,Agree
GEN24_1111837,Disagree,Agree,Agree
GEN24_1111872,Agree,NA,NA
GEN24_1111874,Agree,NA,NA
GEN24_1111883,Agree,Agree,Agree
GEN24_1111886,Agree,NA,NA
GEN24_1111890,Don't know / Not sure,NA,NA
GEN24_1111891,Agree,Agree,Agree
GEN24_1111897,Agree,NA,NA
GEN24_1111917,Agree,Agree,Agree
GEN24_1111958,Agree,NA,NA
GEN24_1111975,Agree,NA,NA
GEN24_1111993,Don't know / Not sure,NA,NA
GEN24_1111995,Agree,NA,NA
GEN24_1111996,Agree,NA,NA
GEN24_1111999,Disagree,NA,NA
GEN24_1112003,Disagree,NA,NA
GEN24_1112008,Agree,NA,NA
GEN24_1112012,Don't know / Not sure,NA,NA
GEN24_1112014,Agree,NA,NA
GEN24_1112015,Disagree,NA,NA
GEN24_1112026,Agree,NA,NA
GEN24_1112027,Disagree,NA,NA
GEN24_1112032,Agree,NA,NA
GEN24_1112038,Agree,NA,NA
GEN24_1112041,Don't know / Not sure,Agree,NA
GEN24_1112048,Agree,Agree,Agree
GEN24_1112051,Don't know / Not sure,Agree,NA
GEN24_1112054,Agree,NA,NA
GEN24_1112076,Agree,Agree,Agree
GEN24_1112089,Agree,NA,NA
GEN24_1112091,Agree,Agree,Agree
GEN24_1112100,Agree,NA,NA
GEN24_1112101,Agree,Agree,Agree
GEN24_1112102,Don't know / Not sure,Agree,NA
GEN24_1112108,Agree,Agree,Agree
GEN24_1112131,Agree,NA,NA
GEN24_1112133,Agree,NA,NA
GEN24_1112141,Agree,NA,NA
GEN24_1112142,Agree,Agree,Agree
GEN24_1112159,Agree,NA,NA
GEN24_1112163,Agree,NA,NA
GEN24_1112174,Agree,Agree,Agree
GEN24_1112179,Don't know / Not sure,NA,NA
GEN24_1112185,Agree,NA,NA
GEN24_1112191,Disagree,NA,NA
GEN24_1112194,Agree,Agree,Agree
GEN24_1112205,Agree,NA,NA
GEN24_1112209,Agree,Agree,Agree
GEN24_1112215,Agree,NA,NA
GEN24_1112220,Agree,Agree,Agree
GEN24_1112231,Don't know / Not sure,NA,NA
GEN24_1112235,Agree,Agree,Agree
GEN24_1112242,Agree,Agree,Agree
GEN24_1112243,Agree,Agree,Agree
GEN24_1112251,Agree,NA,NA
GEN24_1112255,Agree,NA,NA
GEN24_1112265,Don't know / Not sure,NA,Agree
GEN24_1112275,Disagree,Agree,Agree
GEN24_1112276,Agree,NA,NA
GEN24_1112279,Disagree,Agree,Agree
GEN24_1112282,Agree,NA,NA
GEN24_1112297,Agree,NA,NA
GEN24_1112298,Disagree,NA,NA
GEN24_1112303,Don't know / Not sure,NA,NA
GEN24_1112321,Agree,Agree,Agree
GEN24_1112331,Agree,Agree,Agree
GEN24_1112337,Agree,NA,NA
GEN24_1112363,Agree,NA,NA
GEN24_1112370,Don't know / Not sure,NA,NA
GEN24_1112376,Disagree,Agree,Agree
GEN24_1112384,Don't know / Not sure,Agree,Agree
GEN24_1112389,Disagree,NA,NA
GEN24_1112392,Agree,Agree,Agree
GEN24_1112427,Agree,Agree,Agree
GEN24_1112428,Don't know / Not sure,NA,NA
GEN24_1112436,Don't know / Not sure,NA,NA
GEN24_1112456,Agree,Agree,Agree
GEN24_1112458,Agree,NA,NA
GEN24_1112460,Agree,Agree,Agree
GEN24_1112464,Don't know / Not sure,Agree,Agree
GEN24_1112478,Don't know / Not sure,NA,NA
GEN24_1112486,Agree,Agree,Agree
GEN24_1112489,Agree,Agree,Agree
GEN24_1112497,Don't know / Not sure,NA,Agree
GEN24_1112508,Agree,NA,NA
GEN24_1112518,Disagree,Agree,Agree
GEN24_1112519,Disagree,NA,NA
GEN24_1112527,Don't know / Not sure,NA,NA
GEN24_1112531,Agree,Agree,Agree
GEN24_1112550,Agree,NA,NA
GEN24_1112552,Don't know / Not sure,Agree,Agree
GEN24_1112575,Agree,Disagree,Disagree
GEN24_1112578,Agree,NA,NA
GEN24_1112580,Agree,NA,NA
GEN24_1112586,Agree,NA,NA
GEN24_1112601,Agree,NA,NA
GEN24_1112609,Agree,Agree,Agree
GEN24_1112610,Don't know / Not sure,NA,NA
GEN24_1112617,Agree,NA,NA
GEN24_1112621,Agree,NA,NA
GEN24_1112622,Don't know / Not sure,NA,NA
GEN24_1112628,Agree,Agree,Agree
GEN24_1112645,Disagree,Agree,Agree
GEN24_1112663,Disagree,NA,NA
GEN24_1112670,Agree,Agree,Agree
GEN24_1112683,Disagree,NA,NA
GEN24_1112684,Disagree,NA,NA
GEN24_1112690,Agree,NA,NA
GEN24_1112709,Don't know / Not sure,NA,NA
GEN24_1112713,Disagree,NA,NA
GEN24_1112714,Agree,NA,NA
GEN24_1112716,Agree,Agree,Agree
GEN24_1112734,Disagree,NA,NA
GEN24_1112735,Agree,NA,NA
GEN24_1112740,Agree,Agree,Agree
GEN24_1112745,Agree,NA,NA
GEN24_1112750,Don't know / Not sure,NA,NA
GEN24_1112755,Don't know / Not sure,Agree,Agree
GEN24_1112773,Don't know / Not sure,NA,NA
GEN24_1112774,Agree,Agree,Agree
GEN24_1112783,Agree,NA,NA
GEN24_1112789,Don't know / Not sure,NA,NA
GEN24_1112805,Agree,NA,NA
GEN24_1112807,Disagree,NA,NA
GEN24_1112811,Don't know / Not sure,NA,NA
GEN24_1112817,Agree,Agree,Agree
GEN24_1112838,Agree,NA,NA
GEN24_1112846,Agree,NA,NA
GEN24_1112850,Agree,NA,NA
GEN24_1112855,Don't know / Not sure,NA,NA
GEN24_1112862,Agree,Agree,Agree
GEN24_1112867,Disagree,NA,NA
GEN24_1112876,Don't know / Not sure,NA,NA
GEN24_1112878,Agree,Agree,Agree
GEN24_1112879,Don't know / Not sure,NA,NA
GEN24_1112882,Disagree,NA,NA
GEN24_1112887,Disagree,NA,NA
GEN24_1112888,Disagree,NA,NA
GEN24_1112890,Agree,Agree,Agree
GEN24_1112895,Disagree,NA,NA
GEN24_1112899,Don't know / Not sure,NA,NA
GEN24_1112901,Agree,NA,NA
GEN24_1112904,Agree,Agree,Agree
GEN24_1112913,Disagree,NA,NA
GEN24_1112914,Agree,NA,NA
GEN24_1112915,Agree,NA,NA
GEN24_1112920,Don't know / Not sure,Agree,Agree
GEN24_1112935,Agree,NA,NA
GEN24_1112940,Don't know / Not sure,NA,NA
GEN24_1112944,Agree,Agree,Agree
GEN24_1112945,Don't know / Not sure,Agree,Agree
GEN24_1112950,Agree,NA,NA
GEN24_1112953,Agree,NA,NA
GEN24_1112970,Agree,Agree,Agree
GEN24_1113011,Agree,NA,NA
GEN24_1113013,Agree,Agree,Agree
GEN24_1113015,Disagree,NA,NA
GEN24_1113016,Agree,Agree,Agree
GEN24_1113019,Agree,NA,NA
GEN24_1113022,Agree,Agree,Agree
GEN24_1113023,Disagree,NA,NA
GEN24_1113033,Agree,Agree,NA
GEN24_1113035,Agree,Agree,Agree
GEN24_1113037,Agree,NA,Agree
GEN24_1113048,Agree,Agree,Agree
GEN24_1113049,Agree,NA,NA
GEN24_1113053,Don't know / Not sure,NA,NA
GEN24_1113054,Agree,NA,NA
GEN24_1113056,Agree,Agree,Agree
GEN24_1113057,Agree,Agree,NA
GEN24_1113067,Agree,Agree,Agree
GEN24_1113071,Don't know / Not sure,NA,NA
GEN24_1113075,Agree,Agree,Agree
GEN24_1113076,Agree,NA,NA
GEN24_1113083,Don't know / Not sure,NA,NA
GEN24_1113089,Agree,NA,NA
GEN24_1113097,Disagree,NA,NA
GEN24_1113105,Agree,NA,Agree
GEN24_1113109,Agree,Agree,Agree
GEN24_1113116,Agree,NA,NA
GEN24_1113131,Agree,Agree,Agree
GEN24_1113136,Don't know / Not sure,NA,NA
GEN24_1113143,Agree,Agree,Agree
GEN24_1113146,Disagree,Agree,Agree
GEN24_1113148,Agree,NA,NA
GEN24_1113172,Agree,Agree,Agree
GEN24_1113175,Disagree,NA,NA
GEN24_1113187,Agree,Agree,Agree
GEN24_1113189,Don't know / Not sure,Agree,Agree
GEN24_1113195,Agree,Agree,Agree
GEN24_1113202,Disagree,NA,NA
GEN24_1113213,Agree,Agree,Agree
GEN24_1113214,Agree,NA,NA
GEN24_1113236,Agree,Agree,Agree
GEN24_1113242,Agree,NA,NA
GEN24_1113245,Agree,NA,NA
GEN24_1113246,Agree,Agree,Agree
GEN24_1113249,Agree,Agree,Agree
GEN24_1113251,Disagree,NA,NA
GEN24_1113256,Agree,Agree,Agree
GEN24_1113258,Agree,Agree,Agree
GEN24_1113261,Agree,NA,NA
GEN24_1113297,Agree,Agree,Agree
GEN24_1113328,Agree,NA,NA
GEN24_1113333,Agree,NA,NA
GEN24_1113334,Agree,Agree,Agree
GEN24_1113360,Agree,NA,NA
GEN24_1113362,Agree,NA,NA
GEN24_1113369,Disagree,NA,NA
GEN24_1113375,Disagree,NA,NA
GEN24_1113377,Don't know / Not sure,NA,NA
GEN24_1113387,Don't know / Not sure,NA,NA
GEN24_1113389,Agree,Agree,Agree
GEN24_1113396,Agree,Agree,Agree
GEN24_1113410,Disagree,NA,NA
GEN24_1113412,Agree,Agree,Agree
GEN24_1113417,Agree,NA,NA
GEN24_1113419,Agree,Agree,Agree
GEN24_1113422,Don't know / Not sure,NA,NA
GEN24_1113425,Don't know / Not sure,NA,NA
GEN24_1113428,Disagree,Agree,Agree
GEN24_1113432,Agree,NA,NA
GEN24_1113433,Agree,NA,NA
GEN24_1113446,Don't know / Not sure,Agree,Agree
GEN24_1113462,Agree,NA,NA
GEN24_1113474,Agree,Agree,Agree
GEN24_1113477,Agree,NA,NA
GEN24_1113480,Don't know / Not sure,NA,NA
GEN24_1113483,Don't know / Not sure,NA,NA
GEN24_1113486,Agree,NA,NA
GEN24_1113487,Agree,NA,NA
GEN24_1113491,Agree,NA,NA
GEN24_1113509,Agree,Agree,Agree
GEN24_1113512,Agree,Agree,Agree
GEN24_1113515,Agree,NA,NA
GEN24_1113516,Agree,NA,NA
GEN24_1113520,Agree,Agree,Agree
GEN24_1113528,Agree,Agree,Agree
GEN24_1113543,Don't know / Not sure,NA,NA
GEN24_1113547,Agree,NA,NA
GEN24_1113558,Agree,Disagree,Agree
GEN24_1113572,Agree,NA,NA
GEN24_1113573,Agree,Agree,Agree
GEN24_1113576,Agree,NA,NA
GEN24_1113577,Agree,Agree,Agree
GEN24_1113591,Agree,Agree,Agree
GEN24_1113594,Agree,Agree,Agree
GEN24_1113603,Agree,Disagree,Agree
GEN24_1113606,Disagree,NA,NA
GEN24_1113607,Agree,NA,NA
GEN24_1113613,Agree,NA,NA
GEN24_1113614,Disagree,Agree,Agree
GEN24_1113616,Disagree,NA,NA
GEN24_1113621,Don't know / Not sure,Disagree,Agree
GEN24_1113629,Don't know / Not sure,NA,NA
GEN24_1113635,Disagree,NA,NA
GEN24_1113649,Don't know / Not sure,NA,NA
GEN24_1113650,Disagree,NA,NA
GEN24_1113664,Agree,Agree,Agree
GEN24_1113671,Don't know / Not sure,NA,NA
GEN24_1113693,Agree,Disagree,Agree
GEN24_1113695,Agree,NA,NA
GEN24_1113696,Agree,Agree,Agree
GEN24_1113704,Agree,NA,NA
GEN24_1113710,Agree,NA,NA
GEN24_1113713,Agree,NA,NA
GEN24_1113726,Agree,Agree,Agree
GEN24_1113727,Agree,NA,NA
GEN24_1113731,Agree,Agree,Agree
GEN24_1113734,Disagree,NA,NA
GEN24_1113735,Agree,NA,NA
GEN24_1113737,Agree,Agree,Agree
GEN24_1113739,Agree,NA,NA
GEN24_1113768,Agree,NA,NA
GEN24_1113771,Agree,NA,NA
GEN24_1113774,Disagree,Disagree,Disagree
GEN24_1113781,Agree,NA,NA
GEN24_1113792,Agree,Agree,Agree
GEN24_1113794,Agree,NA,NA
GEN24_1113813,Agree,Agree,Agree
GEN24_1113814,Agree,NA,NA
GEN24_1113833,Disagree,NA,NA
GEN24_1113834,Agree,Agree,Agree
GEN24_1113848,Don't know / Not sure,NA,Agree
GEN24_1113854,Don't know / Not sure,NA,NA
GEN24_1113855,Agree,NA,NA
GEN24_1113864,Agree,Agree,Agree
GEN24_1113866,Disagree,NA,NA
GEN24_1113878,Agree,Agree,Agree
GEN24_1113881,Don't know / Not sure,NA,NA
GEN24_1113896,Agree,NA,NA
GEN24_1113898,Agree,Agree,Agree
GEN24_1113937,Disagree,NA,NA
GEN24_1113938,Don't know / Not sure,NA,NA
GEN24_1113942,Agree,Agree,Agree
GEN24_1113944,Agree,NA,NA
GEN24_1113945,Agree,NA,NA
GEN24_1113951,Don't know / Not sure,Agree,NA
GEN24_1113957,Agree,NA,NA
GEN24_1113969,Agree,Agree,Agree
GEN24_1113981,Don't know / Not sure,NA,NA
GEN24_1113983,Disagree,NA,NA
GEN24_1114000,Agree,NA,NA
GEN24_1114003,Disagree,NA,NA
GEN24_1114005,Agree,Agree,Agree
GEN24_1114013,Don't know / Not sure,NA,NA
GEN24_1114015,Disagree,NA,NA
GEN24_1114019,Agree,NA,NA
GEN24_1114027,Agree,Agree,Agree
GEN24_1114028,Don't know / Not sure,NA,NA
GEN24_1114039,Agree,NA,NA
GEN24_1114040,Agree,Agree,Agree
GEN24_1114043,Agree,Agree,Agree
GEN24_1114053,Don't know / Not sure,NA,NA
GEN24_1114057,Don't know / Not sure,Agree,Agree
GEN24_1114063,Agree,Agree,Agree
GEN24_1114066,Don't know / Not sure,NA,NA
GEN24_1114068,Agree,Agree,NA
GEN24_1114075,Agree,NA,NA
GEN24_1114081,Agree,Agree,Agree
GEN24_1114113,Don't know / Not sure,NA,NA
GEN24_1114120,Agree,Agree,Agree
GEN24_1114138,Don't know / Not sure,NA,NA
GEN24_1114141,Disagree,NA,NA
GEN24_1114142,Agree,Agree,Agree
GEN24_1114152,Agree,NA,NA
GEN24_1114164,Agree,Agree,Agree
GEN24_1114165,Don't know / Not sure,NA,NA
GEN24_1114166,Agree,Agree,Agree
GEN24_1114167,Agree,NA,NA
GEN24_1114178,Agree,NA,NA
GEN24_1114182,Agree,Agree,Agree
GEN24_1114190,Don't know / Not sure,Agree,Agree
GEN24_1114206,Agree,Agree,Agree
GEN24_1114210,Agree,NA,NA
GEN24_1114225,Agree,Agree,Agree
GEN24_1114270,Don't know / Not sure,Agree,Agree
GEN24_1114271,Don't know / Not sure,NA,NA
GEN24_1114273,Agree,Agree,Agree
GEN24_1114283,Disagree,NA,NA
GEN24_1114297,Agree,NA,NA
GEN24_1114302,Disagree,Agree,Agree
GEN24_20002,Agree,NA,NA
GEN24_20011,Agree,NA,NA
GEN24_20024,Don't know / Not sure,NA,NA
GEN24_20027,Agree,Agree,Agree
GEN24_20031,Don't know / Not sure,NA,NA
GEN24_20043,Disagree,NA,NA
GEN24_20045,Agree,NA,NA
GEN24_20053,Agree,Agree,Agree
GEN24_20058,Disagree,NA,NA
GEN24_20060,Agree,NA,NA
GEN24_20061,Disagree,NA,NA
GEN24_20070,Agree,NA,NA
GEN24_20078,Don't know / Not sure,NA,NA
GEN24_20081,Agree,NA,NA
GEN24_20097,Don't know / Not sure,NA,NA
GEN24_20099,Don't know / Not sure,NA,NA
GEN24_20100,Agree,NA,NA
GEN24_20101,Don't know / Not sure,NA,NA
GEN24_20120,Agree,NA,NA
GEN24_20122,Don't know / Not sure,NA,NA
GEN24_20123,Agree,NA,NA
GEN24_20125,Don't know / Not sure,NA,NA
GEN24_20129,Agree,Agree,Agree
GEN24_20131,Agree,Agree,Agree
GEN24_20132,Agree,NA,NA
GEN24_20139,Don't know / Not sure,Agree,Agree
GEN24_20141,Don't know / Not sure,NA,NA
GEN24_20142,Disagree,Disagree,Agree
GEN24_20150,Disagree,NA,NA
GEN24_20152,Agree,NA,NA
GEN24_20154,Don't know / Not sure,NA,NA
GEN24_20158,Agree,NA,NA
GEN24_20159,Don't know / Not sure,NA,NA
GEN24_20160,Agree,NA,NA
GEN24_20170,Don't know / Not sure,NA,NA
GEN24_20179,Don't know / Not sure,NA,NA
GEN24_20181,Don't know / Not sure,NA,NA
GEN24_20198,Disagree,NA,NA
GEN24_20205,Agree,NA,NA
GEN24_20209,Agree,NA,NA
GEN24_20214,Agree,Agree,Agree
GEN24_20219,Disagree,NA,NA
GEN24_20223,Disagree,NA,NA
GEN24_20225,Don't know / Not sure,NA,NA
GEN24_20228,Don't know / Not sure,NA,NA
GEN24_20230,Agree,NA,NA
GEN24_20239,Agree,NA,NA
GEN24_20240,Agree,NA,NA
GEN24_20241,Agree,NA,NA
GEN24_20248,Agree,NA,NA
GEN24_20250,Agree,NA,NA
GEN24_20259,Agree,NA,NA
GEN24_20260,Agree,NA,NA
GEN24_20272,Don't know / Not sure,NA,NA
GEN24_20273,Don't know / Not sure,NA,NA
GEN24_20281,Agree,NA,NA
GEN24_20285,Agree,NA,NA
GEN24_20298,Agree,NA,NA
GEN24_20302,Agree,Agree,Agree
GEN24_20305,Don't know / Not sure,NA,NA
GEN24_20307,Agree,NA,NA
GEN24_20316,Don't know / Not sure,NA,NA
GEN24_20324,Agree,NA,NA
GEN24_20327,Agree,NA,NA
GEN24_20328,Agree,NA,NA
GEN24_20333,Agree,NA,NA
GEN24_20339,Agree,NA,NA
GEN24_20340,Agree,Agree,Agree
GEN24_20341,Agree,NA,NA
GEN24_20342,Agree,NA,NA
GEN24_20343,Don't know / Not sure,NA,NA
GEN24_20347,Agree,Agree,Agree
GEN24_20354,Disagree,NA,NA
GEN24_20356,Agree,NA,NA
GEN24_20364,Don't know / Not sure,NA,NA
GEN24_20379,Don't know / Not sure,NA,NA
GEN24_20387,Disagree,NA,NA
GEN24_20390,Disagree,NA,NA
GEN24_20394,Agree,NA,NA
GEN24_20397,Agree,Agree,Agree
GEN24_20399,Disagree,NA,NA
GEN24_20400,Agree,NA,NA
GEN24_20414,Don't know / Not sure,NA,NA
GEN24_20415,Disagree,NA,NA
GEN24_20416,Don't know / Not sure,NA,NA
GEN24_20419,Agree,NA,NA
GEN24_20423,Agree,NA,NA
GEN24_20428,Agree,Agree,Agree
GEN24_20435,Agree,Agree,Agree
GEN24_20437,Disagree,Agree,NA
GEN24_20440,Agree,Disagree,Agree
GEN24_20443,Don't know / Not sure,NA,NA
GEN24_20456,Disagree,NA,NA
GEN24_20457,Agree,Agree,Agree
GEN24_20460,Agree,NA,NA
GEN24_20465,Disagree,NA,NA
GEN24_20468,Agree,NA,NA
GEN24_20470,Agree,Agree,Agree
GEN24_20477,Agree,NA,NA
GEN24_20480,Agree,NA,NA
GEN24_20481,Agree,NA,NA
GEN24_20485,Agree,NA,NA
GEN24_20486,Agree,NA,NA
GEN24_20487,Agree,NA,NA
GEN24_20488,Agree,NA,NA
GEN24_20491,Don't know / Not sure,NA,NA
GEN24_20493,Agree,Agree,NA
GEN24_20494,Don't know / Not sure,NA,NA
GEN24_20509,Agree,NA,NA
GEN24_20510,Agree,NA,NA
GEN24_20513,Agree,NA,NA
GEN24_20519,Disagree,NA,NA
GEN24_20533,Agree,Agree,Agree
GEN24_20537,Agree,NA,NA
GEN24_20539,Agree,Agree,Agree
GEN24_20545,Agree,NA,NA
GEN24_20546,Agree,Agree,Agree
GEN24_20548,Don't know / Not sure,NA,NA
GEN24_20552,Agree,NA,NA
GEN24_20558,Agree,Agree,Agree
GEN24_20571,Agree,Agree,Agree
GEN24_20574,Agree,NA,NA
GEN24_20585,Agree,Agree,Agree
GEN24_20586,Agree,NA,NA
GEN24_20589,Disagree,NA,NA
GEN24_20591,Don't know / Not sure,NA,NA
GEN24_20592,Don't know / Not sure,NA,NA
GEN24_20600,Agree,NA,NA
GEN24_20616,Disagree,NA,NA
GEN24_20617,Agree,NA,NA
GEN24_20618,Don't know / Not sure,NA,NA
GEN24_20632,Don't know / Not sure,NA,NA
GEN24_20633,Agree,Agree,Agree
GEN24_20647,Agree,NA,NA
GEN24_20659,Agree,NA,NA
GEN24_20660,Don't know / Not sure,NA,NA
GEN24_20668,Agree,NA,NA
GEN24_20693,Agree,NA,NA
GEN24_20698,Don't know / Not sure,NA,NA
GEN24_20707,Agree,NA,NA
GEN24_20713,Don't know / Not sure,NA,NA
GEN24_20715,Don't know / Not sure,NA,NA
GEN24_20718,Agree,NA,NA
GEN24_20721,Don't know / Not sure,NA,NA
GEN24_20722,Agree,NA,NA
GEN24_20724,Disagree,NA,NA
GEN24_20725,Disagree,NA,NA
GEN24_20727,Disagree,NA,NA
GEN24_20729,Agree,NA,NA
GEN24_20731,Agree,NA,NA
GEN24_20733,Disagree,NA,NA
GEN24_20740,Agree,Agree,Agree
GEN24_20742,Disagree,NA,NA
GEN24_20756,Agree,NA,NA
GEN24_20759,Disagree,NA,NA
GEN24_20769,Agree,Agree,Agree
GEN24_20771,Agree,NA,NA
GEN24_20776,Agree,NA,NA
GEN24_20778,Agree,NA,NA
GEN24_20779,Agree,Disagree,Agree
GEN24_20782,Don't know / Not sure,NA,NA
GEN24_20789,Agree,NA,NA
GEN24_20799,Agree,Disagree,Agree
GEN24_20801,Don't know / Not sure,NA,NA
GEN24_20817,Agree,NA,NA
GEN24_20824,Agree,NA,NA
GEN24_20825,Don't know / Not sure,NA,NA
GEN24_20827,Agree,NA,NA
GEN24_20830,Don't know / Not sure,NA,NA
GEN24_20833,Agree,NA,NA
GEN24_20840,Agree,NA,NA
GEN24_20845,Agree,Agree,Agree
GEN24_20851,Agree,NA,NA
GEN24_20852,Agree,Agree,Agree
GEN24_20862,Agree,NA,NA
GEN24_20865,Agree,NA,NA
GEN24_20873,Don't know / Not sure,NA,NA
GEN24_20876,Don't know / Not sure,NA,NA
GEN24_20877,Agree,NA,NA
GEN24_20881,Agree,NA,NA
GEN24_20883,Agree,NA,NA
GEN24_20884,Agree,NA,NA
GEN24_20904,Agree,NA,NA
GEN24_20917,Disagree,NA,NA
GEN24_20923,Don't know / Not sure,NA,NA
GEN24_20924,Don't know / Not sure,NA,NA
GEN24_20929,Agree,NA,NA
GEN24_20938,Don't know / Not sure,NA,NA
GEN24_20942,Agree,NA,NA
GEN24_20948,Agree,Agree,Agree
GEN24_20954,Agree,NA,NA
GEN24_20973,Agree,NA,NA
GEN24_20974,Agree,NA,NA
GEN24_20985,Disagree,NA,NA
GEN24_20992,Agree,NA,NA
GEN24_20994,Agree,NA,NA
GEN24_21025,Don't know / Not sure,NA,NA
GEN24_21103,Agree,NA,NA
GEN24_21142,Agree,NA,NA
GEN24_21418,Don't know / Not sure,NA,NA
GEN24_21636,Agree,Agree,Agree
GEN24_21665,Don't know / Not sure,NA,NA
GEN24_21694,Don't know / Not sure,NA,NA
GEN24_21765,Agree,Agree,Agree
GEN24_21839,Agree,NA,NA
GEN24_21880,Disagree,NA,NA
GEN24_21927,Disagree,NA,NA
GEN24_22070,Agree,NA,NA
GEN24_22075,Agree,NA,NA
GEN24_22076,Agree,NA,NA
GEN24_22084,Agree,NA,NA
GEN24_22088,Don't know / Not sure,Agree,Agree
GEN24_22094,Agree,NA,NA
GEN24_22101,Agree,Agree,Agree
GEN24_22113,Agree,NA,NA
GEN24_22114,Agree,Agree,Agree
GEN24_22120,Disagree,NA,NA
GEN24_22131,Agree,NA,NA
GEN24_22134,Don't know / Not sure,NA,NA
GEN24_22166,Agree,NA,NA
GEN24_22173,Agree,Agree,Agree
GEN24_22182,Agree,NA,Agree
GEN24_22183,Disagree,Agree,Agree
GEN24_22193,Agree,NA,NA
GEN24_22202,Don't know / Not sure,NA,NA
GEN24_22203,Agree,NA,NA
GEN24_22209,Agree,Agree,Agree
GEN24_22210,Agree,NA,NA
GEN24_22213,Agree,NA,NA
GEN24_22223,Agree,NA,NA
GEN24_22225,Agree,NA,NA
GEN24_22262,Agree,NA,NA
GEN24_22282,Don't know / Not sure,NA,NA
GEN24_22291,Agree,NA,NA
GEN24_22298,Agree,NA,NA
GEN24_22306,Disagree,NA,NA
GEN24_22326,Agree,NA,NA
GEN24_22333,Agree,NA,NA
GEN24_22335,Agree,NA,NA
GEN24_22346,Don't know / Not sure,NA,NA
GEN24_22348,Disagree,NA,Disagree
GEN24_22354,Agree,NA,NA
GEN24_22364,Agree,NA,NA
GEN24_22366,Disagree,NA,Agree
GEN24_22375,Don't know / Not sure,NA,NA
GEN24_22376,Agree,NA,NA
GEN24_22396,Agree,NA,NA
GEN24_22406,Agree,NA,NA
GEN24_22444,Agree,Agree,Agree
GEN24_22474,Agree,NA,Agree
GEN24_22496,Agree,NA,NA
GEN24_22503,Agree,Agree,Agree
GEN24_22507,Agree,NA,NA
GEN24_22516,Agree,Agree,Agree
GEN24_22523,Don't know / Not sure,NA,NA
GEN24_22524,Agree,Agree,Agree
GEN24_22526,Disagree,Agree,Agree
GEN24_22538,Agree,Agree,Agree
GEN24_22547,Agree,NA,NA
GEN24_22550,Disagree,NA,NA
GEN24_22556,Agree,Agree,Agree
GEN24_22563,Agree,NA,NA
GEN24_22574,Agree,NA,NA
GEN24_22590,Don't know / Not sure,NA,NA
GEN24_22595,Don't know / Not sure,NA,NA
GEN24_22601,Agree,NA,NA
GEN24_22607,Agree,NA,NA
GEN24_22615,Don't know / Not sure,NA,NA
GEN24_22625,Don't know / Not sure,Agree,NA
GEN24_22630,Don't know / Not sure,Agree,Agree
GEN24_22652,Disagree,NA,NA
GEN24_22663,Disagree,Agree,Agree
GEN24_22665,Disagree,NA,NA
GEN24_22680,Don't know / Not sure,NA,NA
GEN24_22698,Agree,Agree,Agree
GEN24_22706,Don't know / Not sure,NA,NA
GEN24_22711,Agree,NA,NA
GEN24_22718,Agree,NA,NA
GEN24_22726,Agree,Agree,Agree
GEN24_22734,Disagree,NA,NA
GEN24_22741,Don't know / Not sure,NA,NA
GEN24_22749,Don't know / Not sure,NA,NA
GEN24_22757,Agree,NA,NA
GEN24_22767,Disagree,NA,NA
GEN24_22770,Disagree,Agree,Agree
GEN24_22776,Agree,Agree,Agree
GEN24_22813,Agree,NA,NA
GEN24_22819,Disagree,NA,NA
GEN24_22823,Disagree,NA,NA
GEN24_22864,Agree,NA,NA
GEN24_22870,Don't know / Not sure,Agree,Agree
GEN24_22873,Disagree,NA,NA
GEN24_22895,Agree,NA,NA
GEN24_22914,Don't know / Not sure,NA,NA
GEN24_22926,Disagree,NA,NA
GEN24_22931,Agree,NA,NA
GEN24_22932,Don't know / Not sure,NA,Agree
GEN24_22954,Agree,NA,NA
GEN24_22963,Disagree,NA,NA
GEN24_22970,Disagree,NA,NA
GEN24_22981,Don't know / Not sure,Agree,Agree
GEN24_22982,Agree,NA,NA
GEN24_22987,Agree,NA,NA
GEN24_23005,Agree,NA,NA
GEN24_23023,Disagree,NA,NA
GEN24_23029,Don't know / Not sure,NA,NA
GEN24_23033,Agree,NA,NA
GEN24_23035,Disagree,Agree,Agree
GEN24_23043,Agree,Agree,Agree
GEN24_23045,Disagree,NA,NA
GEN24_23061,Agree,Agree,Agree
GEN24_23069,Don't know / Not sure,Agree,Agree
GEN24_23077,Don't know / Not sure,NA,NA
GEN24_23082,Agree,NA,NA
GEN24_23084,Don't know / Not sure,NA,NA
GEN24_23102,Agree,NA,NA
GEN24_23107,Agree,NA,NA
GEN24_23109,Don't know / Not sure,NA,NA
GEN24_23135,Agree,NA,NA
GEN24_23146,Agree,NA,NA
GEN24_23148,Agree,NA,NA
GEN24_23152,Don't know / Not sure,Agree,Agree
GEN24_23154,Don't know / Not sure,NA,NA
GEN24_23155,Agree,NA,NA
GEN24_23170,Don't know / Not sure,NA,NA
GEN24_23184,Agree,NA,NA
GEN24_23192,Agree,NA,NA
GEN24_23213,Don't know / Not sure,NA,NA
GEN24_23223,Don't know / Not sure,NA,NA
GEN24_23227,Agree,NA,NA
GEN24_23231,Don't know / Not sure,Agree,Agree
GEN24_23240,Agree,NA,NA
GEN24_23246,Don't know / Not sure,NA,NA
GEN24_23249,Agree,NA,NA
GEN24_23250,Agree,NA,NA
GEN24_23251,Don't know / Not sure,Agree,Agree
GEN24_23253,Agree,NA,NA
GEN24_23254,Agree,NA,NA
GEN24_23257,Agree,NA,Agree
GEN24_23260,Agree,Agree,Agree
GEN24_23269,Don't know / Not sure,NA,NA
GEN24_23272,Don't know / Not sure,NA,NA
GEN24_23273,Agree,NA,NA
GEN24_23274,Don't know / Not sure,NA,NA
GEN24_23275,Agree,Agree,Agree
GEN24_23277,Agree,NA,NA
GEN24_23278,Disagree,Agree,Agree
GEN24_23283,Agree,Agree,Agree
GEN24_23284,Don't know / Not sure,NA,NA
GEN24_23286,Agree,NA,Agree
GEN24_23291,Don't know / Not sure,NA,NA
GEN24_23298,Disagree,Agree,Agree
GEN24_23307,Agree,Agree,Agree
GEN24_23309,Agree,Agree,Agree
GEN24_23311,Disagree,NA,NA
GEN24_23316,Don't know / Not sure,NA,NA
GEN24_23326,Agree,NA,NA
GEN24_23327,Agree,NA,NA
GEN24_23330,Agree,NA,NA
GEN24_23332,Agree,NA,NA
GEN24_23336,Agree,Disagree,Agree
GEN24_23337,Agree,Agree,Agree
GEN24_23338,Don't know / Not sure,NA,NA
GEN24_23347,Don't know / Not sure,NA,NA
GEN24_23354,Agree,NA,NA
GEN24_23365,Agree,NA,NA
GEN24_23374,Agree,NA,NA
GEN24_23385,Agree,NA,NA
GEN24_23387,Agree,NA,NA
GEN24_23397,Don't know / Not sure,NA,NA
GEN24_23402,Don't know / Not sure,NA,NA
GEN24_23404,Agree,Agree,Agree
GEN24_23417,Disagree,NA,NA
GEN24_23420,Agree,Agree,Agree
GEN24_23464,Don't know / Not sure,NA,NA
GEN24_23470,Don't know / Not sure,NA,NA
GEN24_23488,Agree,Agree,Agree
GEN24_23491,Agree,Agree,Agree
GEN24_23498,Don't know / Not sure,NA,NA
GEN24_23505,Don't know / Not sure,NA,NA
GEN24_23509,Don't know / Not sure,NA,NA
GEN24_23512,Agree,NA,NA
GEN24_23531,Agree,Agree,Agree
GEN24_23532,Don't know / Not sure,NA,NA
GEN24_23534,Agree,NA,NA
GEN24_23535,Agree,NA,NA
GEN24_23536,Don't know / Not sure,Agree,Agree
GEN24_23538,Agree,NA,NA
GEN24_23541,Agree,Agree,Agree
GEN24_23543,Agree,Agree,Agree
GEN24_23544,Don't know / Not sure,NA,NA
GEN24_23545,Disagree,NA,NA
GEN24_23548,Disagree,NA,NA
GEN24_23550,Agree,Agree,Agree
GEN24_23551,Don't know / Not sure,NA,NA
GEN24_23555,Agree,NA,NA
GEN24_23560,Agree,NA,NA
GEN24_23561,Agree,NA,NA
GEN24_23566,Agree,NA,NA
GEN24_23567,Agree,Agree,Agree
GEN24_23568,Agree,NA,NA
GEN24_23571,Agree,NA,NA
GEN24_23574,Agree,NA,NA
GEN24_23575,Agree,NA,NA
GEN24_23581,Agree,NA,NA
GEN24_23582,Agree,NA,NA
GEN24_23585,Don't know / Not sure,NA,NA
GEN24_23586,Agree,Agree,Agree
GEN24_23587,Disagree,NA,NA
GEN24_23591,Agree,Agree,Agree
GEN24_23593,Disagree,NA,NA
GEN24_23594,Agree,Agree,Agree
GEN24_23596,Agree,NA,NA
GEN24_23597,Agree,Agree,Agree
GEN24_23599,Agree,NA,NA
GEN24_23600,Disagree,NA,NA
GEN24_23601,Agree,NA,NA
GEN24_23603,Don't know / Not sure,NA,NA
GEN24_23604,Don't know / Not sure,NA,NA
GEN24_23605,Agree,NA,NA
GEN24_23606,Agree,Agree,Agree
GEN24_23607,Don't know / Not sure,NA,NA
GEN24_23608,Agree,NA,NA
GEN24_23609,Don't know / Not sure,Agree,Agree
GEN24_23611,Don't know / Not sure,Agree,Agree
GEN24_23616,Disagree,NA,NA
GEN24_23618,Agree,NA,NA
GEN24_23619,Agree,NA,NA
GEN24_23622,Agree,NA,NA
GEN24_23623,Agree,Agree,Agree
GEN24_23624,Agree,NA,NA
GEN24_23625,Agree,Agree,Agree
GEN24_23626,Don't know / Not sure,NA,NA
GEN24_23630,Agree,NA,NA
GEN24_23632,Agree,NA,NA
GEN24_23650,Agree,NA,NA
GEN24_23660,Agree,Agree,Agree
GEN24_23661,Agree,NA,NA
GEN24_23665,Agree,NA,NA
GEN24_23667,Agree,Agree,Agree
GEN24_23671,Agree,NA,NA
GEN24_23676,Agree,NA,NA
GEN24_23679,Agree,Agree,Agree
GEN24_23689,Agree,NA,NA
GEN24_23695,Don't know / Not sure,NA,Agree
GEN24_23700,Disagree,NA,NA
GEN24_23704,Agree,NA,NA
GEN24_23708,Agree,NA,NA
GEN24_23710,Agree,Agree,Agree
GEN24_23712,Disagree,NA,NA
GEN24_23716,Agree,NA,NA
GEN24_23719,Agree,NA,NA
GEN24_23720,Agree,NA,NA
GEN24_23721,Agree,Disagree,Agree
GEN24_23728,Don't know / Not sure,NA,NA
GEN24_23729,Agree,Agree,Agree
GEN24_23731,Don't know / Not sure,NA,NA
GEN24_23733,Disagree,NA,NA
GEN24_23746,Don't know / Not sure,NA,NA
GEN24_23757,Don't know / Not sure,NA,NA
GEN24_23760,Don't know / Not sure,NA,NA
GEN24_23782,Don't know / Not sure,NA,NA
GEN24_23785,Don't know / Not sure,NA,NA
GEN24_23787,Don't know / Not sure,Agree,Agree
GEN24_23790,Don't know / Not sure,NA,NA
GEN24_23792,Don't know / Not sure,Agree,Agree
GEN24_23793,Agree,Agree,Agree
GEN24_23795,Don't know / Not sure,Agree,Agree
GEN24_23797,Don't know / Not sure,NA,NA
GEN24_23798,Don't know / Not sure,NA,NA
GEN24_23799,Don't know / Not sure,NA,NA
GEN24_23800,Don't know / Not sure,NA,NA
GEN24_23801,Don't know / Not sure,NA,NA
GEN24_23804,Don't know / Not sure,NA,NA
GEN24_23810,Don't know / Not sure,NA,NA
GEN24_23813,Don't know / Not sure,Agree,Agree
GEN24_23814,Don't know / Not sure,NA,NA
GEN24_23815,Don't know / Not sure,NA,NA
GEN24_23816,Don't know / Not sure,NA,NA
GEN24_23817,Agree,Agree,Agree
GEN24_23818,Don't know / Not sure,NA,NA
GEN24_23819,Agree,Agree,Agree
GEN24_23820,Don't know / Not sure,NA,NA
GEN24_23827,Agree,Agree,Agree
GEN24_23832,Don't know / Not sure,NA,NA
GEN24_23843,Agree,NA,NA
GEN24_23863,Agree,NA,NA
GEN24_23886,Agree,Agree,Agree
GEN24_23892,Agree,Agree,Agree
GEN24_23894,Agree,Agree,Agree
GEN24_23897,Agree,Agree,Agree
GEN24_23902,Disagree,Agree,Agree
GEN24_23908,Agree,NA,NA
GEN24_23963,Don't know / Not sure,NA,NA
GEN24_23987,Agree,NA,NA
GEN24_23991,Agree,NA,NA
GEN24_23992,Don't know / Not sure,NA,NA
GEN24_23994,Agree,NA,NA
GEN24_23995,Agree,NA,NA
GEN24_23996,Agree,NA,NA
GEN24_23997,Agree,Agree,Agree
GEN24_24001,Agree,NA,NA
GEN24_24002,Disagree,NA,NA
GEN24_24004,Agree,NA,NA
GEN24_24005,Don't know / Not sure,NA,NA
GEN24_24007,Agree,NA,NA
GEN24_24008,Agree,Agree,Agree
GEN24_24009,Agree,Agree,Agree
GEN24_24011,Disagree,Agree,Agree
GEN24_24013,Don't know / Not sure,Agree,Agree
GEN24_24015,Agree,Agree,Agree
GEN24_24018,Agree,NA,NA
GEN24_24019,Agree,NA,NA
GEN24_24029,Disagree,NA,NA
GEN24_24031,Agree,Agree,Agree
GEN24_24032,Agree,NA,NA
GEN24_24037,Agree,NA,NA
GEN24_24038,Don't know / Not sure,NA,NA
GEN24_24040,Agree,Agree,Agree
GEN24_24042,Agree,NA,Agree
GEN24_24044,Don't know / Not sure,NA,NA
GEN24_24050,Agree,NA,NA
GEN24_24051,Agree,Agree,Agree
GEN24_24053,Agree,NA,NA
GEN24_24054,Don't know / Not sure,NA,NA
GEN24_24056,Disagree,Disagree,Agree
GEN24_24058,Agree,Agree,Agree
GEN24_24059,Don't know / Not sure,NA,NA
GEN24_24061,Don't know / Not sure,NA,NA
GEN24_24063,Agree,Agree,Agree
GEN24_24064,Agree,NA,NA
GEN24_24067,Disagree,NA,NA
GEN24_24068,Don't know / Not sure,NA,NA
GEN24_24069,Agree,Agree,Agree
GEN24_24070,Agree,Agree,Agree
GEN24_24073,Agree,Agree,Agree
GEN24_24074,Don't know / Not sure,NA,NA
GEN24_24081,Don't know / Not sure,NA,NA
GEN24_24086,Agree,NA,NA
GEN24_24087,Agree,NA,NA
GEN24_24088,Agree,Agree,Agree
GEN24_24092,Don't know / Not sure,Agree,Agree
GEN24_24093,Don't know / Not sure,Agree,Agree
GEN24_24094,Agree,Agree,Agree
GEN24_24095,Agree,Agree,Agree
GEN24_24100,Agree,NA,NA
GEN24_24101,Agree,NA,NA
GEN24_24115,Agree,NA,NA
GEN24_24126,Agree,NA,Agree
GEN24_24131,Agree,Agree,Agree
GEN24_24139,Agree,Agree,Agree
GEN24_24150,Agree,NA,NA
GEN24_24151,Don't know / Not sure,NA,NA
GEN24_24166,Agree,NA,NA
GEN24_24168,Don't know / Not sure,NA,NA
GEN24_24176,Agree,NA,NA
GEN24_24179,Agree,Agree,Agree
GEN24_24188,Disagree,NA,NA
GEN24_24189,Agree,NA,NA
GEN24_24197,Agree,Agree,Agree
GEN24_24208,Don't know / Not sure,NA,NA
GEN24_24212,Don't know / Not sure,NA,NA
GEN24_24213,Agree,NA,NA
GEN24_24214,Agree,NA,NA
GEN24_24224,Agree,NA,NA
GEN24_24234,Agree,NA,Agree
GEN24_24237,Agree,Agree,Agree
GEN24_24244,Agree,NA,NA
GEN24_24245,Agree,NA,NA
GEN24_24249,Don't know / Not sure,NA,NA
GEN24_24250,Agree,NA,NA
GEN24_24251,Agree,NA,NA
GEN24_24255,Agree,Agree,Agree
GEN24_24269,Agree,NA,NA
GEN24_24273,Agree,NA,NA
GEN24_24275,Agree,NA,NA
GEN24_24284,Agree,Agree,Agree
GEN24_24285,Disagree,NA,NA
GEN24_24288,Agree,NA,NA
GEN24_24290,Agree,Disagree,Agree
GEN24_24291,Don't know / Not sure,NA,NA
GEN24_24295,Agree,NA,NA
GEN24_24297,Disagree,Agree,Agree
GEN24_24301,Agree,NA,NA
GEN24_24302,Agree,Agree,Agree
GEN24_24310,Agree,NA,NA
GEN24_24315,Agree,NA,NA
GEN24_24318,Agree,NA,NA
GEN24_24330,Agree,Agree,Agree
GEN24_24335,Agree,NA,NA
GEN24_24363,Don't know / Not sure,NA,NA
GEN24_24376,Don't know / Not sure,NA,NA
GEN24_24378,Agree,NA,NA
GEN24_24381,Agree,Agree,Agree
GEN24_24388,Disagree,NA,NA
GEN24_24409,Don't know / Not sure,Agree,Agree
GEN24_24412,Don't know / Not sure,NA,NA
GEN24_24413,Agree,NA,NA
GEN24_24419,Disagree,NA,NA
GEN24_24420,Agree,NA,NA
GEN24_24421,Don't know / Not sure,NA,NA
GEN24_24422,Agree,NA,NA
GEN24_24424,Agree,NA,NA
GEN24_24430,Agree,Agree,NA
GEN24_24432,Disagree,NA,NA
GEN24_24436,Don't know / Not sure,Agree,Agree
GEN24_24438,Agree,NA,NA
GEN24_24439,Agree,Agree,Agree
GEN24_24441,Agree,NA,NA
GEN24_24444,Agree,Agree,Agree
GEN24_24445,Agree,NA,NA
GEN24_24452,Don't know / Not sure,NA,NA
GEN24_24453,Agree,NA,NA
GEN24_24454,Disagree,NA,NA
GEN24_24458,Agree,NA,NA
GEN24_24466,Agree,Agree,Agree
GEN24_24468,Disagree,Agree,Agree
GEN24_24472,Disagree,Agree,Agree
GEN24_24473,Agree,NA,NA
GEN24_24476,Don't know / Not sure,NA,NA
GEN24_24480,Agree,NA,NA
GEN24_24481,Don't know / Not sure,NA,NA
GEN24_24482,Agree,NA,NA
GEN24_24484,Agree,NA,NA
GEN24_24485,Agree,Agree,Agree
GEN24_24487,Agree,Agree,Agree
GEN24_24489,Agree,Agree,Agree
GEN24_24504,Agree,NA,NA
GEN24_24505,Agree,NA,NA
GEN24_24509,Agree,Agree,Agree
GEN24_24512,Agree,Agree,Agree
GEN24_24516,Agree,Agree,Agree
GEN24_24527,Agree,NA,NA
GEN24_24533,Disagree,NA,NA
GEN24_24542,Agree,NA,NA
GEN24_24605,Agree,NA,NA
GEN24_24606,Don't know / Not sure,Agree,Agree
GEN24_24616,Don't know / Not sure,NA,NA
GEN24_24629,Agree,NA,NA
GEN24_24630,Don't know / Not sure,NA,NA
GEN24_24631,Agree,Agree,Agree
GEN24_24633,Disagree,NA,NA
GEN24_24636,Agree,Agree,Agree
GEN24_24637,Agree,Agree,Agree
GEN24_24639,Disagree,NA,NA
GEN24_24640,Don't know / Not sure,NA,NA
GEN24_24641,Agree,NA,NA
GEN24_24643,Don't know / Not sure,Agree,Agree
GEN24_24647,Agree,NA,Agree
GEN24_24649,Disagree,Agree,Agree
GEN24_24653,Don't know / Not sure,NA,NA
GEN24_24654,Agree,Agree,Agree
GEN24_24656,Agree,Agree,Agree
GEN24_24661,Agree,NA,NA
GEN24_24748,Don't know / Not sure,Agree,Agree
GEN24_24762,Agree,NA,NA
GEN24_24764,Disagree,Agree,Agree
GEN24_24765,Agree,NA,NA
GEN24_24767,Agree,NA,NA
GEN24_24775,Agree,NA,NA
GEN24_24794,Agree,NA,NA
GEN24_24797,Agree,NA,NA
GEN24_24801,Don't know / Not sure,NA,NA
GEN24_24803,Agree,NA,NA
GEN24_24804,Don't know / Not sure,NA,NA
GEN24_24811,Don't know / Not sure,NA,NA
GEN24_24813,Agree,NA,NA
GEN24_24814,Don't know / Not sure,Agree,Agree
GEN24_24822,Agree,Agree,Agree
GEN24_24824,Don't know / Not sure,NA,Agree
GEN24_24825,Agree,NA,NA
GEN24_24827,Don't know / Not sure,NA,NA
GEN24_24828,Agree,NA,NA
GEN24_24850,Don't know / Not sure,NA,NA
GEN24_24853,Disagree,Agree,Agree
GEN24_24856,Disagree,Agree,Agree
GEN24_24857,Agree,Agree,Agree
GEN24_24859,Don't know / Not sure,NA,NA
GEN24_24860,Agree,NA,NA
GEN24_24864,Don't know / Not sure,Agree,Agree
GEN24_24865,Don't know / Not sure,Agree,Agree
GEN24_24866,Don't know / Not sure,Agree,NA
GEN24_24867,Don't know / Not sure,NA,NA
GEN24_24870,Don't know / Not sure,NA,NA
GEN24_24873,Agree,NA,NA
GEN24_24874,Don't know / Not sure,NA,Agree
GEN24_24876,Agree,NA,NA
GEN24_24878,Agree,NA,NA
GEN24_24883,Disagree,NA,NA
GEN24_24887,Disagree,NA,NA
GEN24_24888,Disagree,NA,NA
GEN24_24889,Disagree,NA,NA
GEN24_24891,Disagree,NA,NA
GEN24_24896,Disagree,NA,NA
GEN24_24897,Agree,Agree,Agree
GEN24_24898,Agree,NA,NA
GEN24_24899,Don't know / Not sure,NA,NA
GEN24_24900,Don't know / Not sure,NA,NA
GEN24_24901,Agree,NA,NA
GEN24_24903,Don't know / Not sure,NA,NA
GEN24_24905,Agree,Agree,Agree
GEN24_24907,Agree,NA,NA
GEN24_24908,Don't know / Not sure,NA,NA
GEN24_24909,Don't know / Not sure,NA,NA
GEN24_24913,Agree,Agree,Agree
GEN24_24938,Agree,NA,NA
GEN24_24941,Agree,NA,NA
GEN24_24945,Don't know / Not sure,NA,NA
GEN24_24947,Agree,NA,NA
GEN24_24951,Agree,NA,NA
GEN24_24964,Don't know / Not sure,NA,NA
GEN24_24966,Agree,Agree,Agree
GEN24_24968,Agree,NA,NA
GEN24_24970,Agree,NA,NA
GEN24_24976,Agree,NA,NA
GEN24_25002,Agree,NA,NA
GEN24_25030,Agree,NA,NA
GEN24_25040,Agree,NA,NA
GEN24_25046,Agree,Agree,Agree
GEN24_25064,Agree,Agree,Agree
GEN24_25067,Agree,NA,NA
GEN24_25076,Agree,NA,NA
GEN24_25092,Disagree,NA,NA
GEN24_25095,Agree,Agree,Agree
GEN24_25097,Disagree,NA,NA
GEN24_25105,Disagree,NA,NA
GEN24_25110,Don't know / Not sure,NA,NA
GEN24_25112,Agree,NA,NA
GEN24_25113,Don't know / Not sure,NA,NA
GEN24_25121,Disagree,NA,NA
GEN24_25123,Agree,NA,NA
GEN24_25131,Disagree,NA,NA
GEN24_25140,Agree,NA,NA
GEN24_25144,Agree,NA,NA
GEN24_25150,Agree,NA,NA
GEN24_25163,Don't know / Not sure,NA,NA
GEN24_25169,Agree,NA,NA
GEN24_25173,Agree,NA,NA
GEN24_25177,Don't know / Not sure,NA,NA
GEN24_25181,Agree,Agree,Agree
GEN24_25182,Agree,NA,NA
GEN24_25185,Agree,NA,NA
GEN24_25199,Don't know / Not sure,Agree,Agree
GEN24_25205,Agree,NA,NA
GEN24_25207,Agree,Agree,Agree
GEN24_25210,Agree,NA,NA
GEN24_25220,Disagree,NA,NA
GEN24_25233,Don't know / Not sure,NA,NA
GEN24_25235,Disagree,NA,NA
GEN24_25241,Don't know / Not sure,NA,NA
GEN24_25247,Disagree,NA,NA
GEN24_25255,Disagree,NA,NA
GEN24_25259,Agree,NA,NA
GEN24_25262,Don't know / Not sure,NA,NA
GEN24_25269,Agree,NA,NA
GEN24_25276,Don't know / Not sure,NA,NA
GEN24_25289,Don't know / Not sure,NA,NA
GEN24_25290,Agree,NA,NA
GEN24_25297,Don't know / Not sure,NA,NA
GEN24_25304,Agree,Agree,Agree
GEN24_25305,Don't know / Not sure,Agree,Agree
GEN24_25318,Agree,Agree,Agree
GEN24_25325,Agree,Agree,Agree
GEN24_25333,Agree,NA,NA
GEN24_25357,Agree,Agree,Agree
GEN24_25358,Agree,NA,NA
GEN24_25367,Agree,NA,NA
GEN24_25372,Agree,Agree,Agree
GEN24_25374,Don't know / Not sure,NA,NA
GEN24_25383,Don't know / Not sure,Agree,Agree
GEN24_25390,Don't know / Not sure,NA,NA
GEN24_25394,Don't know / Not sure,Agree,Agree
GEN24_25395,Agree,Agree,Agree
GEN24_25397,Agree,NA,NA
GEN24_25405,Agree,NA,NA
GEN24_25407,Agree,NA,NA
GEN24_25408,Disagree,NA,NA
GEN24_25411,Disagree,NA,NA
GEN24_25412,Disagree,NA,NA
GEN24_25420,Agree,NA,NA
GEN24_25436,Agree,Agree,Agree
GEN24_25439,Agree,Agree,Agree
GEN24_25441,Disagree,NA,NA
GEN24_25451,Agree,NA,NA
GEN24_25469,Disagree,NA,NA
GEN24_25484,Don't know / Not sure,NA,NA
GEN24_25497,Don't know / Not sure,NA,NA
GEN24_25523,Agree,NA,NA
GEN24_25538,Agree,NA,NA
GEN24_25542,Agree,NA,NA
GEN24_25558,Don't know / Not sure,NA,NA
GEN24_25567,Agree,Agree,Agree
GEN24_25590,Agree,NA,NA
GEN24_25593,Don't know / Not sure,Agree,Disagree
GEN24_25610,Agree,NA,NA
GEN24_25614,Agree,Agree,Agree
GEN24_25631,Agree,NA,NA
GEN24_25637,Disagree,Agree,Agree
GEN24_25654,Agree,NA,NA
GEN24_25659,Disagree,NA,NA
GEN24_25666,Agree,NA,NA
GEN24_25669,Don't know / Not sure,Agree,Agree
GEN24_25685,Agree,Agree,Agree
GEN24_25686,Agree,NA,NA
GEN24_25696,Agree,NA,NA
GEN24_25710,Don't know / Not sure,NA,NA
GEN24_25742,Agree,NA,NA
GEN24_25764,Agree,Agree,Agree
GEN24_25770,Disagree,NA,NA
GEN24_25779,Disagree,NA,NA
GEN24_25780,Agree,Agree,Agree
GEN24_25782,Don't know / Not sure,Agree,Agree
GEN24_25784,Agree,NA,NA
GEN24_25795,Don't know / Not sure,NA,NA
GEN24_25802,Agree,NA,NA
GEN24_25803,Agree,Agree,Agree
GEN24_25809,Agree,Agree,Agree
GEN24_25811,Agree,Agree,Agree
GEN24_25827,Agree,NA,NA
GEN24_25834,Don't know / Not sure,NA,NA
GEN24_25835,Disagree,NA,NA
GEN24_25836,Don't know / Not sure,NA,NA
GEN24_25840,Disagree,NA,NA
GEN24_25854,Agree,NA,NA
GEN24_25863,Agree,Agree,Agree
GEN24_25865,Don't know / Not sure,Agree,Agree
GEN24_25868,Don't know / Not sure,NA,NA
GEN24_25882,Agree,Agree,Agree
GEN24_25891,Don't know / Not sure,NA,NA
GEN24_25896,Agree,NA,NA
GEN24_25898,Agree,Agree,Agree
GEN24_25909,Agree,Disagree,Agree
GEN24_25916,Agree,Agree,Agree
GEN24_25925,Agree,NA,NA
GEN24_25931,Agree,NA,NA
GEN24_25940,Don't know / Not sure,NA,NA
GEN24_25942,Don't know / Not sure,Agree,Agree
GEN24_25949,Agree,NA,NA
GEN24_25956,Agree,NA,NA
GEN24_25961,Agree,NA,NA
GEN24_25964,Don't know / Not sure,NA,NA
GEN24_25986,Don't know / Not sure,NA,NA
GEN24_25993,Agree,Agree,Agree
GEN24_25997,Don't know / Not sure,NA,NA
GEN24_26036,Agree,Agree,Agree
GEN24_26037,Agree,Agree,Agree
GEN24_26038,Agree,Agree,Agree
GEN24_26040,Agree,NA,NA
GEN24_26043,Don't know / Not sure,Agree,Agree
GEN24_26049,Agree,NA,NA
GEN24_26060,Agree,NA,NA
GEN24_26061,Agree,Agree,Agree
GEN24_26070,Agree,Agree,Agree
GEN24_26080,Agree,NA,NA
GEN24_26089,Disagree,Agree,Agree
GEN24_26092,Disagree,NA,NA
GEN24_26094,Agree,Agree,Agree
GEN24_26097,Agree,NA,NA
GEN24_26104,Don't know / Not sure,NA,NA
GEN24_26113,Agree,Agree,Agree
GEN24_26119,Don't know / Not sure,NA,NA
GEN24_26136,Agree,NA,NA
GEN24_26145,Agree,Agree,Agree
GEN24_26163,Agree,Agree,Agree
GEN24_26174,Agree,NA,NA
GEN24_26177,Disagree,NA,NA
GEN24_26184,Don't know / Not sure,NA,NA
GEN24_26193,Don't know / Not sure,Agree,Agree
GEN24_26196,Don't know / Not sure,Agree,Agree
GEN24_26204,Agree,NA,NA
GEN24_26219,Agree,Agree,Agree
GEN24_26220,Don't know / Not sure,NA,NA
GEN24_26225,Agree,NA,NA
GEN24_26228,Disagree,NA,NA
GEN24_26243,Agree,NA,NA
GEN24_26255,Agree,NA,NA
GEN24_26256,Agree,Agree,Agree
GEN24_26266,Disagree,NA,NA
GEN24_26272,Agree,Agree,Agree
GEN24_26281,Agree,Agree,Agree
GEN24_26285,Don't know / Not sure,NA,NA
GEN24_26295,Agree,Agree,Agree
GEN24_26311,Don't know / Not sure,NA,NA
GEN24_26325,Agree,Agree,Agree
GEN24_26327,Disagree,NA,NA
GEN24_26336,Agree,NA,NA
GEN24_26347,Don't know / Not sure,NA,NA
GEN24_26388,Agree,Agree,Agree
GEN24_26390,Don't know / Not sure,NA,NA
GEN24_26397,Agree,NA,NA
GEN24_26401,Disagree,NA,NA
GEN24_26406,Agree,NA,NA
GEN24_26418,Agree,NA,NA
GEN24_26420,Don't know / Not sure,NA,NA
GEN24_26436,Agree,NA,NA
GEN24_26446,Agree,NA,NA
GEN24_26450,Agree,NA,NA
GEN24_26453,Agree,Agree,Agree
GEN24_26456,Agree,NA,NA
GEN24_26457,Disagree,NA,NA
GEN24_26474,Agree,Agree,Agree
GEN24_26477,Agree,Agree,Agree
GEN24_26484,Don't know / Not sure,NA,NA
GEN24_26492,Don't know / Not sure,NA,NA
GEN24_26493,Agree,NA,NA
GEN24_26502,Agree,Agree,Agree
GEN24_26503,Agree,NA,NA
GEN24_26504,Don't know / Not sure,NA,NA
GEN24_26506,Don't know / Not sure,NA,NA
GEN24_26507,Agree,NA,NA
GEN24_26508,Agree,Agree,Agree
GEN24_26519,Agree,NA,NA
GEN24_26531,Don't know / Not sure,Agree,Agree
GEN24_26551,Agree,NA,NA
GEN24_26552,Agree,Agree,Agree
GEN24_26559,Agree,NA,NA
GEN24_26569,Agree,Agree,Agree
GEN24_26580,Disagree,NA,NA
GEN24_26581,Disagree,NA,NA
GEN24_26588,Agree,Agree,Agree
GEN24_26590,Agree,NA,NA
GEN24_26599,Don't know / Not sure,NA,NA
GEN24_26604,Disagree,NA,NA
GEN24_26609,Agree,NA,NA
GEN24_26627,Agree,Agree,Agree
GEN24_26633,Don't know / Not sure,Agree,Agree
GEN24_26634,Agree,Agree,Agree
GEN24_26639,Agree,Agree,Agree
GEN24_26650,Agree,NA,NA
GEN24_26658,Disagree,NA,NA
GEN24_26660,Agree,NA,NA
GEN24_26663,Don't know / Not sure,Agree,NA
GEN24_26665,Agree,Agree,Agree
GEN24_26698,Agree,Agree,Agree
GEN24_26703,Disagree,NA,NA
GEN24_26711,Agree,NA,NA
GEN24_26719,Agree,Agree,Agree
GEN24_26728,Don't know / Not sure,NA,NA
GEN24_26733,Disagree,Agree,Agree
GEN24_26743,Agree,NA,NA
GEN24_26757,Disagree,NA,NA
GEN24_26771,Agree,Agree,Agree
GEN24_26782,Don't know / Not sure,NA,NA
GEN24_26785,Disagree,Agree,Agree
GEN24_26804,Agree,Agree,Agree
GEN24_26806,Agree,Disagree,Agree
GEN24_26810,Don't know / Not sure,NA,NA
GEN24_26813,Disagree,NA,NA
GEN24_26817,Disagree,NA,NA
GEN24_26826,Don't know / Not sure,NA,NA
GEN24_26829,Don't know / Not sure,NA,NA
GEN24_26831,Agree,NA,NA
GEN24_26836,Agree,NA,NA
GEN24_26841,Disagree,Agree,Agree
GEN24_26842,Disagree,Agree,Disagree
GEN24_26852,Disagree,Agree,Agree
GEN24_26854,Agree,Agree,Agree
GEN24_26858,Disagree,NA,NA
GEN24_26867,Agree,NA,NA
GEN24_26885,Agree,Agree,Agree
GEN24_26887,Don't know / Not sure,NA,NA
GEN24_26891,Agree,NA,NA
GEN24_26902,Don't know / Not sure,NA,NA
GEN24_26906,Don't know / Not sure,NA,NA
GEN24_26924,Agree,Agree,Agree
GEN24_26931,Agree,Agree,Agree
GEN24_26946,Agree,NA,NA
GEN24_26961,Agree,NA,NA
GEN24_26964,Disagree,Agree,Agree
GEN24_26970,Disagree,NA,NA
GEN24_26973,Agree,NA,NA
GEN24_26975,Agree,Agree,Agree
GEN24_26979,Disagree,NA,NA
GEN24_26983,Agree,NA,NA
GEN24_26984,Agree,Agree,Agree
GEN24_27000,Agree,NA,NA
GEN24_27007,Don't know / Not sure,NA,NA
GEN24_27013,Don't know / Not sure,NA,NA
GEN24_27015,Don't know / Not sure,NA,NA
GEN24_27024,Don't know / Not sure,NA,NA
GEN24_27025,Agree,Agree,Agree
GEN24_27027,Agree,Agree,Agree
GEN24_27034,Don't know / Not sure,NA,NA
GEN24_27035,Don't know / Not sure,NA,NA
GEN24_27039,Agree,NA,NA
GEN24_27042,Agree,NA,NA
GEN24_27053,Agree,NA,NA
GEN24_27056,Don't know / Not sure,NA,NA
GEN24_27060,Don't know / Not sure,NA,NA
GEN24_27087,Agree,NA,NA
GEN24_27094,Agree,NA,NA
GEN24_27110,Agree,NA,NA
GEN24_27111,Don't know / Not sure,NA,NA
GEN24_27131,Agree,Agree,Agree
GEN24_27132,Agree,Agree,Agree
GEN24_27136,Agree,Agree,Agree
GEN24_27140,Agree,NA,NA
GEN24_27147,Agree,NA,NA
GEN24_27155,Agree,NA,NA
GEN24_27158,Agree,Agree,Agree
GEN24_27159,Agree,NA,NA
GEN24_27162,Don't know / Not sure,NA,NA
GEN24_27168,Agree,Agree,Agree
GEN24_27169,Agree,NA,NA
GEN24_27171,Agree,NA,NA
GEN24_27173,Disagree,NA,NA
GEN24_27186,Agree,NA,NA
GEN24_27188,Agree,NA,NA
GEN24_27191,Disagree,NA,NA
GEN24_27192,Agree,NA,NA
GEN24_27193,Agree,Agree,Agree
GEN24_27194,Disagree,Agree,Agree
GEN24_27195,Agree,Agree,Agree
GEN24_27206,Agree,Agree,Agree
GEN24_27207,Disagree,NA,NA
GEN24_27218,Agree,NA,NA
GEN24_27236,Agree,NA,NA
GEN24_27240,Don't know / Not sure,NA,NA
GEN24_27260,Agree,NA,NA
GEN24_27266,Don't know / Not sure,NA,NA
GEN24_27279,Agree,NA,NA
GEN24_27280,Disagree,NA,NA
GEN24_27282,Agree,NA,NA
GEN24_27284,Disagree,NA,NA
GEN24_27292,Don't know / Not sure,NA,NA
GEN24_27295,Agree,Agree,Agree
GEN24_27297,Agree,NA,NA
GEN24_27314,Disagree,NA,NA
GEN24_27315,Agree,Agree,Agree
GEN24_27319,Agree,Agree,Agree
GEN24_27327,Agree,NA,NA
GEN24_27328,Agree,NA,NA
GEN24_27334,Agree,NA,NA
GEN24_27339,Don't know / Not sure,NA,NA
GEN24_27341,Agree,NA,NA
GEN24_27345,Agree,NA,NA
GEN24_27352,Disagree,NA,NA
GEN24_27357,Agree,NA,NA
GEN24_27360,Agree,NA,NA
GEN24_27364,Disagree,Agree,Agree
GEN24_27374,Don't know / Not sure,NA,NA
GEN24_27380,Disagree,NA,NA
GEN24_27383,Agree,NA,NA
GEN24_27399,Agree,NA,NA
GEN24_27404,Agree,Agree,Agree
GEN24_27414,Don't know / Not sure,NA,NA
GEN24_27416,Agree,Agree,Agree
GEN24_27434,Agree,Agree,Agree
GEN24_27443,Agree,Agree,Agree
GEN24_27458,Agree,NA,NA
GEN24_27470,Agree,NA,NA
GEN24_27473,Agree,Disagree,NA
GEN24_27474,Agree,NA,NA
GEN24_27475,Agree,NA,NA
GEN24_27478,Agree,NA,NA
GEN24_27480,Agree,NA,NA
GEN24_27481,Agree,Agree,Agree
GEN24_27486,Agree,NA,NA
GEN24_27496,Don't know / Not sure,NA,NA
GEN24_27507,Don't know / Not sure,NA,NA
GEN24_27511,Don't know / Not sure,NA,NA
GEN24_27518,Agree,NA,NA
GEN24_27525,Agree,NA,NA
GEN24_27528,Disagree,NA,NA
GEN24_27544,Don't know / Not sure,NA,NA
GEN24_27546,Agree,NA,NA
GEN24_27551,Agree,NA,NA
GEN24_27556,Agree,Agree,Agree
GEN24_27570,Agree,NA,NA
GEN24_27571,Agree,NA,NA
GEN24_27573,Agree,NA,NA
GEN24_27588,Agree,Agree,Agree
GEN24_27589,Don't know / Not sure,NA,NA
GEN24_27609,Agree,NA,NA
GEN24_27610,Agree,Agree,Agree
GEN24_27611,Agree,NA,NA
GEN24_27613,Don't know / Not sure,NA,NA
GEN24_27621,Don't know / Not sure,NA,NA
GEN24_27629,Agree,Agree,Agree
GEN24_27632,Disagree,NA,NA
GEN24_27639,Disagree,Agree,Agree
GEN24_27650,Agree,Agree,Agree
GEN24_27663,Disagree,Agree,Agree
GEN24_27665,Don't know / Not sure,NA,NA
GEN24_27666,Don't know / Not sure,NA,NA
GEN24_27670,Don't know / Not sure,NA,NA
GEN24_27676,Agree,NA,NA
GEN24_27678,Don't know / Not sure,NA,NA
GEN24_27679,Agree,NA,NA
GEN24_27687,Don't know / Not sure,NA,NA
GEN24_27690,Agree,NA,NA
GEN24_27697,Don't know / Not sure,NA,NA
GEN24_27707,Disagree,NA,NA
GEN24_27716,Agree,Agree,Agree
GEN24_27732,Don't know / Not sure,NA,NA
GEN24_27736,Don't know / Not sure,NA,NA
GEN24_27740,Agree,NA,NA
GEN24_27742,Agree,NA,NA
GEN24_27749,Agree,NA,NA
GEN24_27753,Agree,NA,NA
GEN24_27757,Agree,NA,NA
GEN24_27758,Don't know / Not sure,NA,NA
GEN24_27762,Agree,Agree,Agree
GEN24_27765,Don't know / Not sure,NA,NA
GEN24_27766,Agree,NA,NA
GEN24_27770,Agree,Agree,Agree
GEN24_27771,Agree,NA,NA
GEN24_27779,Agree,NA,NA
GEN24_27782,Agree,Agree,Agree
GEN24_27786,Agree,NA,NA
GEN24_27790,Agree,NA,NA
GEN24_27791,Agree,Agree,Agree
GEN24_27799,Agree,Agree,Agree
GEN24_27800,Don't know / Not sure,Agree,Agree
GEN24_27806,Agree,NA,NA
GEN24_27809,Agree,NA,NA
GEN24_27817,Agree,NA,NA
GEN24_27820,Don't know / Not sure,NA,NA
GEN24_27827,Agree,NA,NA
GEN24_27837,Disagree,NA,NA
GEN24_27841,Disagree,NA,NA
GEN24_27842,Agree,Agree,Agree
GEN24_27843,Agree,NA,NA
GEN24_27844,Agree,NA,NA
GEN24_27846,Agree,Agree,Agree
GEN24_27850,Disagree,Disagree,Agree
GEN24_27857,Disagree,Agree,Agree
GEN24_27859,Agree,NA,NA
GEN24_27865,Agree,Agree,Agree
GEN24_27870,Don't know / Not sure,NA,NA
GEN24_27871,Agree,NA,NA
GEN24_27876,Don't know / Not sure,Disagree,Agree
GEN24_27892,Agree,Agree,Agree
GEN24_27898,Don't know / Not sure,Disagree,Disagree
GEN24_27900,Agree,Agree,Agree
GEN24_27908,Agree,Agree,Agree
GEN24_27912,Don't know / Not sure,NA,NA
GEN24_27913,Disagree,NA,NA
GEN24_27925,Disagree,Agree,Agree
GEN24_27928,Don't know / Not sure,NA,NA
GEN24_27950,Agree,NA,NA
GEN24_27954,Agree,NA,NA
GEN24_27968,Agree,Agree,Agree
GEN24_27969,Don't know / Not sure,NA,NA
GEN24_27974,Agree,Agree,Agree
GEN24_27976,Disagree,Agree,Agree
GEN24_27982,Don't know / Not sure,NA,NA
GEN24_28003,Disagree,Agree,Agree
GEN24_28009,Agree,NA,NA
GEN24_28024,Disagree,NA,NA
GEN24_28028,Don't know / Not sure,NA,NA
GEN24_28033,Don't know / Not sure,NA,NA
GEN24_28034,Agree,NA,NA
GEN24_28036,Agree,NA,NA
GEN24_28039,Don't know / Not sure,NA,NA
GEN24_28041,Don't know / Not sure,NA,NA
GEN24_28053,Disagree,NA,NA
GEN24_28065,Agree,NA,NA
GEN24_28066,Agree,NA,NA
GEN24_28072,Agree,Agree,Agree
GEN24_28082,Agree,NA,NA
GEN24_28085,Agree,NA,NA
GEN24_28109,Agree,NA,NA
GEN24_28116,Agree,NA,NA
GEN24_28127,Don't know / Not sure,NA,NA
GEN24_28128,Agree,NA,NA
GEN24_28133,Agree,NA,NA
GEN24_28145,Don't know / Not sure,NA,NA
GEN24_28147,Don't know / Not sure,Agree,Agree
GEN24_28150,Agree,Agree,Agree
GEN24_28153,Agree,Agree,Agree
GEN24_28154,Agree,NA,NA
GEN24_28157,Agree,NA,NA
GEN24_28161,Agree,NA,NA
GEN24_28164,Agree,NA,NA
GEN24_28171,Agree,NA,NA
GEN24_28222,Don't know / Not sure,NA,NA
GEN24_28226,Agree,NA,NA
GEN24_28228,Agree,Agree,Agree
GEN24_28231,Agree,NA,NA
GEN24_28232,Agree,NA,NA
GEN24_28233,Don't know / Not sure,NA,NA
GEN24_28238,Disagree,NA,NA
GEN24_28245,Don't know / Not sure,Agree,Agree
GEN24_28247,Agree,NA,NA
GEN24_28250,Agree,NA,NA
GEN24_28251,Agree,NA,NA
GEN24_28261,Disagree,NA,NA
GEN24_28268,Agree,NA,NA
GEN24_28327,Agree,Agree,Agree
GEN24_28330,Agree,Agree,Agree
GEN24_28387,Agree,Agree,Agree
GEN24_28400,Agree,Agree,Agree
GEN24_28409,Agree,Agree,Agree
GEN24_28413,Agree,NA,NA
GEN24_28418,Agree,Agree,Agree
GEN24_28419,Agree,Agree,Agree
GEN24_28421,Agree,NA,NA
GEN24_28423,Agree,NA,NA
GEN24_28425,Agree,Agree,Agree
GEN24_28427,Agree,NA,NA
GEN24_28429,Agree,NA,NA
GEN24_28434,Don't know / Not sure,NA,NA
GEN24_28439,Agree,Agree,Agree
GEN24_28477,Agree,NA,NA
GEN24_28484,Agree,Agree,Agree
GEN24_28493,Don't know / Not sure,NA,NA
GEN24_28495,Agree,NA,NA
GEN24_28496,Agree,NA,NA
GEN24_28502,Agree,NA,NA
GEN24_28505,Agree,Agree,Agree
GEN24_28514,Agree,NA,NA
GEN24_28521,Don't know / Not sure,NA,NA
GEN24_28523,Don't know / Not sure,Agree,Agree
GEN24_28526,Disagree,NA,NA
GEN24_28528,Agree,Agree,Agree
GEN24_28529,Agree,Disagree,Agree
GEN24_28532,Don't know / Not sure,NA,NA
GEN24_28557,Agree,Agree,Agree
GEN24_28558,Agree,NA,NA
GEN24_28560,Don't know / Not sure,NA,NA
GEN24_28561,Don't know / Not sure,NA,NA
GEN24_28563,Agree,Agree,Agree
GEN24_28565,Agree,Agree,Agree
GEN24_28566,Agree,Agree,Agree
GEN24_28574,Don't know / Not sure,NA,NA
GEN24_28576,Agree,Agree,Agree
GEN24_28580,Disagree,NA,NA
GEN24_28614,Disagree,NA,NA
GEN24_28670,Don't know / Not sure,NA,NA
GEN24_28691,Disagree,NA,NA
GEN24_28702,Agree,NA,NA
GEN24_28703,Agree,Agree,Agree
GEN24_28707,Don't know / Not sure,NA,NA
GEN24_28709,Agree,NA,NA
GEN24_28713,Agree,NA,NA
GEN24_28722,Don't know / Not sure,Agree,Agree
GEN24_28727,Agree,NA,NA
GEN24_28728,Agree,Agree,Agree
GEN24_28735,Agree,NA,NA
GEN24_28736,Agree,NA,NA
GEN24_28743,Agree,Agree,Agree
GEN24_28744,Agree,NA,NA
GEN24_28747,Disagree,NA,NA
GEN24_28750,Don't know / Not sure,NA,NA
GEN24_28752,Agree,NA,NA
GEN24_28753,Don't know / Not sure,NA,NA
GEN24_28754,Don't know / Not sure,NA,NA
GEN24_28755,Agree,NA,NA
GEN24_28760,Agree,NA,NA
GEN24_28761,Agree,Agree,Agree
GEN24_28763,Disagree,Agree,Agree
GEN24_28764,Agree,NA,NA
GEN24_28765,Agree,Agree,Agree
GEN24_28769,Agree,NA,NA
GEN24_28772,Agree,Agree,Agree
GEN24_28774,Agree,Agree,Agree
GEN24_28793,Agree,NA,NA
GEN24_28821,Agree,NA,NA
GEN24_28827,Disagree,Agree,Agree
GEN24_28850,Disagree,NA,NA
GEN24_28853,Don't know / Not sure,NA,NA
GEN24_28855,Agree,NA,NA
GEN24_28860,Agree,Agree,Agree
GEN24_28862,Agree,NA,NA
GEN24_28866,Don't know / Not sure,NA,NA
GEN24_28867,Don't know / Not sure,NA,NA
GEN24_28896,Agree,NA,NA
GEN24_28900,Agree,NA,NA
GEN24_28903,Disagree,NA,NA
GEN24_28904,Agree,NA,NA
GEN24_28907,Disagree,NA,NA
GEN24_28922,Don't know / Not sure,NA,NA
GEN24_28937,Agree,Agree,Agree
GEN24_28940,Don't know / Not sure,NA,NA
GEN24_28941,Don't know / Not sure,NA,NA
GEN24_28942,Don't know / Not sure,NA,NA
GEN24_28945,Agree,NA,NA
GEN24_28956,Agree,Agree,Agree
GEN24_28958,Don't know / Not sure,NA,NA
GEN24_28960,Agree,NA,NA
GEN24_28965,Agree,NA,NA
GEN24_28976,Agree,Agree,Agree
GEN24_28978,Agree,NA,NA
GEN24_28990,Disagree,NA,NA
GEN24_28996,Agree,Agree,Agree
GEN24_29009,Disagree,NA,NA
GEN24_29014,Don't know / Not sure,NA,NA
GEN24_29015,Don't know / Not sure,NA,NA
GEN24_29017,Agree,NA,NA
GEN24_29018,Disagree,NA,NA
GEN24_29021,Agree,Agree,Agree
GEN24_29022,Agree,NA,NA
GEN24_29026,Don't know / Not sure,NA,NA
GEN24_29032,Agree,NA,NA
GEN24_29035,Don't know / Not sure,NA,NA
GEN24_29037,Disagree,NA,NA
GEN24_29038,Don't know / Not sure,Agree,Agree
GEN24_29040,Agree,NA,NA
GEN24_29041,Don't know / Not sure,NA,NA
GEN24_29042,Agree,NA,NA
GEN24_29047,Agree,NA,NA
GEN24_29049,Agree,NA,NA
GEN24_29055,Agree,NA,NA
GEN24_29058,Agree,NA,NA
GEN24_29063,Agree,NA,NA
GEN24_29065,Agree,NA,NA
GEN24_29072,Agree,NA,NA
GEN24_29079,Don't know / Not sure,Disagree,NA
GEN24_29086,Agree,NA,NA
GEN24_29088,Agree,Agree,Agree
GEN24_29093,Don't know / Not sure,NA,NA
GEN24_29094,Agree,NA,NA
GEN24_29096,Don't know / Not sure,NA,NA
GEN24_29097,Agree,NA,NA
GEN24_29102,Don't know / Not sure,NA,NA
GEN24_29103,Disagree,NA,NA
GEN24_29111,Agree,NA,NA
GEN24_29112,Agree,NA,NA
GEN24_29119,Agree,NA,NA
GEN24_29131,Don't know / Not sure,NA,NA
GEN24_29148,Agree,Agree,NA
GEN24_29149,Agree,Agree,NA
GEN24_29157,Agree,NA,Agree
GEN24_29163,Disagree,NA,NA
GEN24_29170,Disagree,Agree,Agree
GEN24_29176,Disagree,NA,NA
GEN24_29190,Don't know / Not sure,Agree,NA
GEN24_29191,Disagree,Agree,Agree
GEN24_29196,Agree,NA,NA
GEN24_29202,Don't know / Not sure,Agree,Agree
GEN24_29217,Agree,NA,NA
GEN24_29219,Agree,NA,NA
GEN24_29225,Disagree,Agree,Disagree
GEN24_29230,Agree,NA,NA
GEN24_29235,Don't know / Not sure,NA,NA
GEN24_29236,Agree,NA,NA
GEN24_29238,Agree,Agree,Agree
GEN24_29242,Don't know / Not sure,NA,NA
GEN24_29260,Agree,Agree,NA
GEN24_29262,Disagree,NA,NA
GEN24_29265,Disagree,Agree,Disagree
GEN24_29269,Don't know / Not sure,NA,NA
GEN24_29275,Agree,Agree,Agree
GEN24_29278,Don't know / Not sure,NA,NA
GEN24_29279,Agree,Agree,Agree
GEN24_29280,Don't know / Not sure,NA,NA
GEN24_29284,Agree,NA,NA
GEN24_29286,Agree,Agree,Agree
GEN24_29295,Agree,NA,NA
GEN24_29309,Agree,Agree,Agree
GEN24_29313,Don't know / Not sure,NA,NA
GEN24_29318,Agree,NA,NA
GEN24_29342,Agree,Agree,Agree
GEN24_29350,Agree,NA,NA
GEN24_29358,Agree,NA,NA
GEN24_29360,Disagree,NA,NA
GEN24_29371,Don't know / Not sure,Disagree,Agree
GEN24_29374,Don't know / Not sure,NA,NA
GEN24_29375,Agree,NA,NA
GEN24_29381,Disagree,Agree,Agree
GEN24_29389,Don't know / Not sure,NA,NA
GEN24_29394,Don't know / Not sure,Agree,Agree
GEN24_29395,Agree,NA,NA
GEN24_29404,Agree,Agree,Agree
GEN24_29406,Agree,NA,NA
GEN24_29414,Agree,Agree,Agree
GEN24_29415,Agree,Agree,Agree
GEN24_29447,Agree,NA,NA
GEN24_29448,Agree,Agree,Agree
GEN24_29460,Agree,NA,NA
GEN24_29466,Agree,NA,NA
GEN24_29478,Don't know / Not sure,NA,NA
GEN24_29483,Agree,NA,NA
GEN24_29485,Disagree,Agree,Agree
GEN24_29493,Agree,NA,NA
GEN24_29497,Agree,Agree,Agree
GEN24_29499,Agree,NA,NA
GEN24_29501,Agree,NA,NA
GEN24_29505,Agree,NA,NA
GEN24_29507,Agree,Agree,Agree
GEN24_29508,Don't know / Not sure,NA,NA
GEN24_29518,Agree,NA,NA
GEN24_29542,Disagree,NA,NA
GEN24_29555,Disagree,NA,NA
GEN24_29560,Disagree,NA,NA
GEN24_29563,Don't know / Not sure,NA,NA
GEN24_29565,Agree,Agree,Agree
GEN24_29566,Agree,NA,NA
GEN24_29577,Don't know / Not sure,NA,NA
GEN24_29581,Don't know / Not sure,NA,NA
GEN24_29586,Don't know / Not sure,NA,NA
GEN24_29588,Agree,NA,NA
GEN24_29595,Agree,NA,Agree
GEN24_29605,Agree,Agree,Agree
GEN24_29607,Don't know / Not sure,NA,NA
GEN24_29622,Don't know / Not sure,NA,NA
GEN24_29625,Agree,Agree,Agree
GEN24_29637,Agree,Agree,Disagree
GEN24_29639,Don't know / Not sure,NA,NA
GEN24_29641,Don't know / Not sure,NA,NA
GEN24_29642,Agree,Agree,Agree
GEN24_29658,Agree,Agree,Agree
GEN24_29660,Don't know / Not sure,NA,Agree
GEN24_29677,Disagree,Agree,Agree
GEN24_29685,Agree,NA,NA
GEN24_29686,Don't know / Not sure,Agree,Agree
GEN24_29687,Agree,NA,NA
GEN24_29695,Don't know / Not sure,NA,NA
GEN24_29697,Agree,Agree,Agree
GEN24_29700,Don't know / Not sure,NA,NA
GEN24_29701,Agree,Disagree,Agree
GEN24_29702,Disagree,NA,NA
GEN24_29703,Don't know / Not sure,NA,NA
GEN24_29718,Agree,Agree,Agree
GEN24_29722,Agree,NA,NA
GEN24_29726,Agree,NA,NA
GEN24_29749,Disagree,NA,NA
GEN24_29751,Agree,NA,NA
GEN24_29756,Agree,NA,NA
GEN24_29759,Agree,NA,NA
GEN24_29764,Agree,Agree,NA
GEN24_29765,Don't know / Not sure,Agree,Agree
GEN24_29772,Agree,Disagree,Agree
GEN24_29774,Agree,Agree,Agree
GEN24_29776,Agree,Agree,Agree
GEN24_29795,Agree,NA,NA
GEN24_29819,Don't know / Not sure,Agree,Agree
GEN24_29823,Disagree,Agree,NA
GEN24_29827,Agree,Agree,Agree
GEN24_29830,Agree,NA,NA
GEN24_29840,Agree,NA,NA
GEN24_29845,Agree,Agree,Agree
GEN24_29859,Disagree,Agree,Agree
GEN24_29863,Agree,NA,NA
GEN24_29869,Don't know / Not sure,NA,NA
GEN24_29873,Don't know / Not sure,NA,NA
GEN24_29875,Agree,NA,NA
GEN24_29886,Agree,NA,NA
GEN24_29892,Agree,Agree,Agree
GEN24_29907,Don't know / Not sure,NA,NA
GEN24_29909,Agree,Agree,Agree
GEN24_29918,Disagree,NA,NA
GEN24_29928,Disagree,NA,Agree
GEN24_29933,Agree,NA,NA
GEN24_29935,Don't know / Not sure,NA,NA
GEN24_29951,Agree,NA,NA
GEN24_29964,Disagree,NA,NA
GEN24_29977,Agree,NA,NA
GEN24_29982,Agree,NA,NA
GEN24_29983,Agree,Agree,Agree
GEN24_30003,Agree,Agree,Agree
GEN24_30005,Agree,NA,NA
GEN24_30011,Agree,Agree,Agree
GEN24_30020,Agree,NA,NA
GEN24_30026,Don't know / Not sure,NA,NA
GEN24_30038,Agree,Agree,Agree
GEN24_30040,Don't know / Not sure,Agree,Agree
GEN24_30049,Agree,NA,NA
GEN24_30051,Agree,NA,NA
GEN24_30059,Agree,NA,NA
GEN24_30060,Agree,NA,NA
GEN24_30065,Don't know / Not sure,NA,NA
GEN24_30069,Don't know / Not sure,Agree,Agree
GEN24_30070,Don't know / Not sure,Agree,Agree
GEN24_30083,Don't know / Not sure,NA,NA
GEN24_30087,Agree,NA,NA
GEN24_30088,Disagree,NA,NA
GEN24_30091,Agree,Agree,Agree
GEN24_30096,Disagree,Agree,Agree
GEN24_30099,Don't know / Not sure,Agree,Agree
GEN24_30107,Agree,NA,NA
GEN24_30130,Don't know / Not sure,Agree,Agree
GEN24_30144,Agree,Agree,Agree
GEN24_30150,Agree,Agree,Agree
GEN24_30152,Agree,Agree,Agree
GEN24_30156,Agree,NA,NA
GEN24_30184,Disagree,Agree,Agree
GEN24_30193,Don't know / Not sure,Agree,Agree
GEN24_30199,Don't know / Not sure,NA,NA
GEN24_30204,Agree,NA,NA
GEN24_30219,Don't know / Not sure,NA,NA
GEN24_30224,Don't know / Not sure,NA,NA
GEN24_30228,Disagree,Agree,Agree
GEN24_30246,Agree,NA,Agree
GEN24_30248,Agree,NA,NA
GEN24_30257,Don't know / Not sure,NA,NA
GEN24_30266,Disagree,NA,NA
GEN24_30269,Agree,NA,NA
GEN24_30274,Agree,NA,NA
GEN24_30284,Don't know / Not sure,Agree,NA
GEN24_30295,Agree,Agree,Agree
GEN24_30296,Agree,Disagree,Disagree
GEN24_30298,Agree,NA,NA
GEN24_30307,Agree,Agree,Agree
GEN24_30308,Agree,NA,NA
GEN24_30314,Agree,NA,NA
GEN24_30319,Agree,Agree,Agree
GEN24_30330,Agree,NA,NA
GEN24_30331,Agree,NA,NA
GEN24_30334,Don't know / Not sure,NA,NA
GEN24_30338,Agree,NA,NA
GEN24_30346,Agree,NA,NA
GEN24_30347,Agree,NA,NA
GEN24_30348,Agree,NA,NA
GEN24_30352,Agree,Agree,Agree
GEN24_30354,Agree,NA,NA
GEN24_30371,Disagree,Agree,Agree
GEN24_30375,Agree,Agree,Agree
GEN24_30376,Agree,NA,NA
GEN24_30381,Disagree,NA,NA
GEN24_30382,Disagree,NA,NA
GEN24_30385,Don't know / Not sure,NA,NA
GEN24_30398,Agree,NA,NA
GEN24_30405,Agree,Agree,Agree
GEN24_30415,Agree,NA,NA
GEN24_30425,Agree,NA,NA
GEN24_30429,Agree,Agree,Agree
GEN24_30432,Agree,NA,NA
GEN24_30433,Agree,Agree,Agree
GEN24_30437,Agree,NA,NA
GEN24_30438,Agree,Agree,Agree
GEN24_30439,Agree,Agree,Agree
GEN24_30464,Agree,NA,Agree
GEN24_30465,Agree,NA,NA
GEN24_30475,Agree,Agree,Agree
GEN24_30478,Disagree,Agree,Agree
GEN24_30488,Agree,Agree,Agree
GEN24_30489,Agree,Agree,Agree
GEN24_30500,Disagree,NA,NA
GEN24_30505,Agree,NA,NA
GEN24_30511,Don't know / Not sure,NA,NA
GEN24_30515,Agree,NA,NA
GEN24_30516,Agree,NA,NA
GEN24_30518,Disagree,Agree,Agree
GEN24_30529,Disagree,Agree,Disagree
GEN24_30530,Agree,NA,NA
GEN24_30533,Don't know / Not sure,NA,Agree
GEN24_30535,Agree,NA,NA
GEN24_30537,Agree,Agree,Agree
GEN24_30541,Don't know / Not sure,NA,NA
GEN24_30542,Agree,NA,NA
GEN24_30547,Agree,NA,NA
GEN24_30550,Agree,NA,NA
GEN24_30567,Don't know / Not sure,NA,NA
GEN24_30584,Disagree,NA,NA
GEN24_30594,Disagree,NA,NA
GEN24_30610,Agree,NA,NA
GEN24_30615,Agree,NA,NA
GEN24_30624,Agree,NA,NA
GEN24_30638,Don't know / Not sure,Agree,Agree
GEN24_30640,Disagree,Agree,Agree
GEN24_30646,Agree,Agree,Agree
GEN24_30655,Agree,NA,NA
GEN24_30661,Agree,NA,NA
GEN24_30669,Agree,Agree,Agree
GEN24_30678,Agree,NA,NA
GEN24_30711,Agree,Agree,Agree
GEN24_30717,Agree,Agree,Agree
GEN24_30720,Agree,NA,NA
GEN24_30721,Agree,NA,NA
GEN24_30733,Agree,NA,NA
GEN24_30735,Disagree,NA,NA
GEN24_30738,Agree,NA,NA
GEN24_30740,Agree,Agree,Agree
GEN24_30747,Disagree,NA,NA
GEN24_30755,Disagree,NA,NA
GEN24_30762,Agree,Agree,Agree
GEN24_30764,Don't know / Not sure,NA,NA
GEN24_30773,Agree,Agree,Agree
GEN24_30777,Agree,Agree,Agree
GEN24_30781,Agree,NA,NA
GEN24_30783,Don't know / Not sure,Agree,Agree
GEN24_30787,Don't know / Not sure,Agree,Agree
GEN24_30788,Disagree,NA,NA
GEN24_30796,Don't know / Not sure,NA,NA
GEN24_30803,Don't know / Not sure,NA,NA
GEN24_30805,Disagree,NA,NA
GEN24_30807,Agree,NA,NA
GEN24_30813,Agree,NA,NA
GEN24_30815,Disagree,NA,NA
GEN24_30821,Don't know / Not sure,NA,NA
GEN24_30832,Agree,NA,NA
GEN24_30837,Don't know / Not sure,Agree,Agree
GEN24_30839,Agree,NA,NA
GEN24_30848,Don't know / Not sure,NA,NA
GEN24_30882,Don't know / Not sure,NA,NA
GEN24_30884,Agree,NA,NA
GEN24_30907,Agree,NA,NA
GEN24_30910,Don't know / Not sure,Agree,Agree
GEN24_30912,Agree,Agree,Agree
GEN24_30922,Agree,NA,NA
GEN24_30923,Don't know / Not sure,NA,NA
GEN24_30927,Don't know / Not sure,NA,NA
GEN24_30931,Disagree,NA,NA
GEN24_30943,Disagree,NA,NA
GEN24_30951,Agree,NA,NA
GEN24_30952,Agree,Agree,Agree
GEN24_30953,Agree,NA,NA
GEN24_30965,Don't know / Not sure,NA,NA
GEN24_30970,Don't know / Not sure,Agree,Agree
GEN24_30977,Agree,Agree,Agree
GEN24_30988,Agree,Agree,Agree
GEN24_31007,Agree,NA,NA
GEN24_31016,Disagree,Agree,Agree
GEN24_31022,Agree,NA,NA
GEN24_31023,Agree,NA,NA
GEN24_31032,Disagree,Agree,Agree
GEN24_31047,Agree,Agree,Agree
GEN24_31049,Agree,NA,NA
GEN24_31053,Disagree,NA,NA
GEN24_31062,Agree,NA,NA
GEN24_31064,Agree,Agree,Agree
GEN24_31065,Agree,NA,NA
GEN24_31076,Don't know / Not sure,NA,NA
GEN24_31077,Don't know / Not sure,Agree,Agree
GEN24_31086,Don't know / Not sure,Agree,Agree
GEN24_31088,Don't know / Not sure,Agree,Agree
GEN24_31095,Agree,NA,NA
GEN24_31101,Agree,NA,NA
GEN24_31105,Don't know / Not sure,NA,NA
GEN24_31113,Don't know / Not sure,NA,NA
GEN24_31116,Agree,NA,NA
GEN24_31131,Don't know / Not sure,NA,NA
GEN24_31151,Don't know / Not sure,Agree,Agree
GEN24_31153,Agree,NA,NA
GEN24_31154,Don't know / Not sure,NA,NA
GEN24_31155,Agree,Agree,Agree
GEN24_31158,Don't know / Not sure,Agree,Agree
GEN24_31167,Agree,Agree,Agree
GEN24_31171,Agree,NA,NA
GEN24_31173,Don't know / Not sure,NA,NA
GEN24_31181,Don't know / Not sure,NA,NA
GEN24_31184,Disagree,NA,NA
GEN24_31189,Disagree,NA,NA
GEN24_31193,Agree,NA,NA
GEN24_31201,Agree,NA,NA
GEN24_31206,Disagree,NA,NA
GEN24_31207,Agree,Agree,Agree
GEN24_31209,Don't know / Not sure,Agree,Agree
GEN24_31210,Don't know / Not sure,NA,NA
GEN24_31213,Don't know / Not sure,NA,NA
GEN24_31219,Disagree,NA,NA
GEN24_31223,Don't know / Not sure,NA,NA
GEN24_31225,Agree,NA,NA
GEN24_31226,Agree,NA,Agree
GEN24_31227,Don't know / Not sure,Agree,Agree
GEN24_31241,Agree,NA,NA
GEN24_31252,Agree,Agree,NA
GEN24_31261,Agree,NA,NA
GEN24_31264,Agree,NA,NA
GEN24_31268,Agree,NA,NA
GEN24_31276,Agree,Agree,Disagree
GEN24_31282,Disagree,NA,NA
GEN24_31298,Don't know / Not sure,NA,NA
GEN24_31300,Agree,NA,NA
GEN24_31307,Agree,NA,NA
GEN24_31321,Agree,Agree,Agree
GEN24_31323,Agree,Agree,Agree
GEN24_31344,Agree,Agree,Agree
GEN24_31353,Agree,NA,NA
GEN24_31355,Agree,NA,NA
GEN24_31358,Agree,Agree,Agree
GEN24_31366,Don't know / Not sure,Agree,Agree
GEN24_31367,Agree,NA,NA
GEN24_31377,Disagree,NA,NA
GEN24_31385,Agree,NA,NA
GEN24_31388,Disagree,NA,NA
GEN24_31400,Don't know / Not sure,NA,NA
GEN24_31401,Don't know / Not sure,NA,NA
GEN24_31414,Agree,NA,NA
GEN24_31415,Disagree,NA,NA
GEN24_31427,Agree,NA,NA
GEN24_31438,Agree,NA,NA
GEN24_31443,Don't know / Not sure,NA,NA
GEN24_31468,Agree,Agree,Agree
GEN24_31476,Agree,Agree,Agree
GEN24_31477,Agree,NA,NA
GEN24_31482,Agree,Agree,Agree
GEN24_31483,Agree,NA,NA
GEN24_31485,Don't know / Not sure,Agree,Agree
GEN24_31489,Disagree,NA,NA
GEN24_31509,Don't know / Not sure,NA,NA
GEN24_31510,Don't know / Not sure,NA,NA
GEN24_31515,Agree,NA,NA
GEN24_31519,Disagree,NA,NA
GEN24_31522,Agree,Agree,Agree
GEN24_31536,Don't know / Not sure,NA,NA
GEN24_31543,Don't know / Not sure,Agree,Agree
GEN24_31560,Agree,NA,NA
GEN24_31573,Agree,NA,NA
GEN24_31576,Agree,NA,NA
GEN24_31581,Agree,NA,NA
GEN24_31596,Disagree,NA,NA
GEN24_31603,Don't know / Not sure,NA,NA
GEN24_31610,Don't know / Not sure,NA,NA
GEN24_31612,Don't know / Not sure,NA,NA
GEN24_31622,Don't know / Not sure,NA,NA
GEN24_31626,Agree,NA,NA
GEN24_31631,Agree,NA,NA
GEN24_31644,Agree,NA,NA
GEN24_31649,Disagree,NA,NA
GEN24_31661,Agree,Agree,Agree
GEN24_31670,Agree,NA,NA
GEN24_31675,Agree,Agree,Agree
GEN24_31688,Agree,NA,NA
GEN24_31691,Agree,Agree,Agree
GEN24_31697,Agree,NA,NA
GEN24_31708,Don't know / Not sure,NA,NA
GEN24_31716,Agree,NA,NA
GEN24_31717,Don't know / Not sure,Agree,Agree
GEN24_31730,Disagree,Agree,Agree
GEN24_31739,Agree,Agree,Agree
GEN24_31742,Agree,NA,NA
GEN24_31749,Disagree,NA,NA
GEN24_31751,Agree,Agree,Agree
GEN24_31754,Agree,Agree,Agree
GEN24_31772,Don't know / Not sure,NA,NA
GEN24_31773,Agree,NA,NA
GEN24_31775,Don't know / Not sure,Agree,Agree
GEN24_31794,Agree,NA,NA
GEN24_31795,Disagree,NA,NA
GEN24_31814,Agree,Agree,Agree
GEN24_31816,Agree,NA,NA
GEN24_31825,Agree,Agree,Agree
GEN24_31854,Agree,Agree,Agree
GEN24_31886,Don't know / Not sure,NA,NA
GEN24_31901,Agree,NA,NA
GEN24_31903,Agree,NA,NA
GEN24_31906,Don't know / Not sure,Agree,Agree
GEN24_31915,Agree,Agree,Agree
GEN24_31919,Agree,NA,NA
GEN24_31933,Disagree,NA,NA
GEN24_31936,Agree,Agree,Agree
GEN24_31940,Agree,NA,Agree
GEN24_31943,Agree,NA,NA
GEN24_31945,Agree,NA,NA
GEN24_31955,Don't know / Not sure,Agree,Agree
GEN24_31958,Agree,Agree,Agree
GEN24_31979,Don't know / Not sure,NA,NA
GEN24_31980,Disagree,Agree,NA
GEN24_31992,Agree,Agree,Agree
GEN24_31998,Agree,NA,NA
GEN24_32003,Agree,NA,NA
GEN24_32005,Agree,NA,NA
GEN24_32007,Don't know / Not sure,NA,NA
GEN24_32008,Agree,Agree,Agree
GEN24_32010,Disagree,NA,NA
GEN24_32012,Don't know / Not sure,NA,NA
GEN24_32015,Agree,Agree,Agree
GEN24_32017,Disagree,NA,NA
GEN24_32026,Agree,NA,NA
GEN24_32027,Agree,Agree,Agree
GEN24_32034,Disagree,NA,NA
GEN24_32035,Agree,NA,NA
GEN24_32051,Don't know / Not sure,NA,NA
GEN24_32058,Disagree,NA,NA
GEN24_32062,Disagree,Agree,Agree
GEN24_32063,Agree,NA,NA
GEN24_32064,Agree,Agree,Agree
GEN24_32066,Disagree,NA,NA
GEN24_32068,Agree,NA,NA
GEN24_32073,Don't know / Not sure,NA,NA
GEN24_32074,Don't know / Not sure,NA,NA
GEN24_32082,Don't know / Not sure,NA,NA
GEN24_32086,Agree,NA,NA
GEN24_32088,Disagree,NA,NA
GEN24_32109,Agree,Agree,Agree
GEN24_32114,Don't know / Not sure,Agree,Agree
GEN24_32118,Agree,NA,NA
GEN24_32124,Agree,NA,NA
GEN24_32135,Agree,NA,NA
GEN24_32142,Agree,Agree,Agree
GEN24_32148,Agree,Agree,Agree
GEN24_32163,Don't know / Not sure,Agree,Agree
GEN24_32167,Don't know / Not sure,NA,NA
GEN24_32169,Agree,NA,NA
GEN24_32175,Agree,Agree,Agree
GEN24_32184,Don't know / Not sure,Agree,Agree
GEN24_32186,Agree,NA,NA
GEN24_32189,Agree,NA,NA
GEN24_32191,Agree,NA,NA
GEN24_32205,Don't know / Not sure,NA,NA
GEN24_32247,Don't know / Not sure,NA,NA
GEN24_32257,Agree,NA,NA
GEN24_32280,Disagree,NA,NA
GEN24_32290,Agree,Agree,Agree
GEN24_32309,Agree,NA,NA
GEN24_32332,Agree,NA,NA
GEN24_32344,Don't know / Not sure,NA,NA
GEN24_32383,Agree,NA,NA
GEN24_32396,Agree,NA,NA
GEN24_32404,Agree,NA,NA
GEN24_32427,Agree,Agree,Agree
GEN24_32452,Agree,Agree,Agree
GEN24_32468,Agree,NA,NA
GEN24_32490,Don't know / Not sure,NA,NA
GEN24_32551,Agree,Agree,Agree
GEN24_32556,Agree,Agree,Agree
GEN24_32580,Agree,NA,Agree
GEN24_32596,Agree,NA,NA
GEN24_32654,Don't know / Not sure,Agree,Agree
GEN24_32685,Don't know / Not sure,NA,NA
GEN24_32687,Disagree,NA,NA
GEN24_32773,Agree,NA,NA
GEN24_32823,Don't know / Not sure,NA,NA
GEN24_32841,Don't know / Not sure,NA,NA
GEN24_32842,Agree,NA,NA
GEN24_32867,Agree,NA,NA
GEN24_32874,Agree,Agree,Agree
GEN24_32902,Agree,NA,NA
GEN24_32910,Agree,NA,NA
GEN24_32923,Agree,NA,NA
GEN24_32935,Don't know / Not sure,NA,NA
GEN24_32947,Agree,NA,NA
GEN24_32949,Agree,Agree,Agree
GEN24_32974,Agree,NA,NA
GEN24_32979,Agree,NA,NA
GEN24_32980,Disagree,NA,NA
GEN24_32985,Agree,NA,NA
GEN24_33022,Agree,Agree,Agree
GEN24_33067,Don't know / Not sure,NA,NA
GEN24_33078,Disagree,NA,NA
GEN24_33084,Don't know / Not sure,Agree,Agree
GEN24_33115,Agree,NA,NA
Gen2_10067,Disagree,NA,NA
Gen2_10070,Disagree,NA,NA
Gen2_10077,Disagree,NA,NA
Gen2_10078,Don't know / Not sure,NA,NA
Gen2_10081,Disagree,NA,NA
Gen2_10085,Don't know / Not sure,NA,NA
Gen2_10106,Disagree,NA,NA
Gen2_1012,Disagree,Disagree,Disagree
Gen2_10122,Don't know / Not sure,NA,NA
Gen2_10127,Don't know / Not sure,Disagree,Disagree
Gen2_10129,Disagree,Disagree,Disagree
Gen2_10137,Agree,NA,NA
Gen2_10143,Disagree,Disagree,Disagree
Gen2_10145,Disagree,NA,NA
Gen2_10150,Disagree,Disagree,Disagree
Gen2_10159,Don't know / Not sure,NA,NA
Gen2_10166,Disagree,Disagree,Disagree
Gen2_10175,Don't know / Not sure,NA,NA
Gen2_10180,Agree,NA,NA
Gen2_10183,Disagree,NA,NA
Gen2_10186,Disagree,NA,NA
Gen2_102,Don't know / Not sure,Disagree,Disagree
Gen2_10212,Disagree,NA,NA
Gen2_10216,Disagree,Agree,Agree
Gen2_10217,Disagree,NA,NA
Gen2_10223,Agree,Disagree,Disagree
Gen2_10232,Disagree,Disagree,Disagree
Gen2_10234,Disagree,NA,NA
Gen2_10235,Disagree,NA,NA
Gen2_10246,Don't know / Not sure,NA,NA
Gen2_10249,Don't know / Not sure,NA,NA
Gen2_10258,Disagree,NA,NA
Gen2_10261,Disagree,NA,NA
Gen2_10263,Disagree,Disagree,Disagree
Gen2_10281,Disagree,NA,NA
Gen2_10284,Disagree,NA,NA
Gen2_10288,Disagree,NA,NA
Gen2_10292,Disagree,Disagree,Disagree
Gen2_10307,Disagree,Disagree,Disagree
Gen2_10324,Disagree,NA,NA
Gen2_10332,Don't know / Not sure,NA,NA
Gen2_10336,Disagree,NA,NA
Gen2_10337,Disagree,NA,NA
Gen2_10346,Disagree,NA,NA
Gen2_10350,Disagree,Disagree,Disagree
Gen2_10375,Disagree,NA,NA
Gen2_10391,Agree,NA,NA
Gen2_10423,Disagree,NA,NA
Gen2_10446,Agree,NA,NA
Gen2_10456,Agree,NA,NA
Gen2_10479,Disagree,Disagree,Disagree
Gen2_10504,Disagree,Disagree,Disagree
Gen2_10511,Don't know / Not sure,NA,NA
Gen2_10534,Disagree,Disagree,Disagree
Gen2_10536,Disagree,NA,NA
Gen2_10540,Agree,Disagree,NA
Gen2_10553,Disagree,Disagree,Disagree
Gen2_10555,Disagree,NA,NA
Gen2_10558,Disagree,NA,NA
Gen2_10560,Don't know / Not sure,NA,NA
Gen2_10572,Don't know / Not sure,Disagree,NA
Gen2_10586,Disagree,Disagree,Disagree
Gen2_10588,Don't know / Not sure,NA,NA
Gen2_10600,Disagree,NA,NA
Gen2_10603,Disagree,Disagree,Disagree
Gen2_10606,Don't know / Not sure,Disagree,Disagree
Gen2_10615,Agree,Disagree,Disagree
Gen2_10618,Disagree,NA,NA
Gen2_10624,Disagree,NA,NA
Gen2_10662,Disagree,NA,NA
Gen2_10665,Disagree,NA,NA
Gen2_10669,Don't know / Not sure,NA,NA
Gen2_10673,Disagree,Disagree,Disagree
Gen2_10708,Don't know / Not sure,Disagree,Disagree
Gen2_10725,Disagree,Disagree,Disagree
Gen2_10731,Disagree,NA,NA
Gen2_10750,Disagree,Disagree,Disagree
Gen2_10755,Don't know / Not sure,NA,NA
Gen2_10762,Agree,NA,NA
Gen2_10763,Disagree,Disagree,Disagree
Gen2_10765,Don't know / Not sure,NA,NA
Gen2_10769,Don't know / Not sure,NA,NA
Gen2_10779,Disagree,NA,NA
Gen2_10802,Disagree,NA,NA
Gen2_10815,Disagree,Disagree,Disagree
Gen2_10826,Don't know / Not sure,NA,NA
Gen2_10832,Disagree,NA,Disagree
Gen2_10837,Disagree,NA,NA
Gen2_10839,Disagree,NA,NA
Gen2_10843,Don't know / Not sure,NA,NA
Gen2_10851,Agree,NA,NA
Gen2_10854,Don't know / Not sure,Disagree,Disagree
Gen2_10874,Don't know / Not sure,NA,NA
Gen2_10875,Disagree,NA,NA
Gen2_10876,Disagree,NA,NA
Gen2_10879,Disagree,NA,NA
Gen2_10880,Disagree,Disagree,Disagree
Gen2_10881,Disagree,Disagree,Disagree
Gen2_10885,Don't know / Not sure,NA,NA
Gen2_10895,Disagree,Disagree,Disagree
Gen2_10901,Agree,Disagree,Disagree
Gen2_10907,Disagree,NA,NA
Gen2_10909,Don't know / Not sure,NA,NA
Gen2_10910,Agree,NA,NA
Gen2_10911,Disagree,Disagree,Disagree
Gen2_10913,Disagree,NA,NA
Gen2_10931,Disagree,NA,NA
Gen2_10935,Agree,NA,NA
Gen2_10947,Disagree,NA,NA
Gen2_10951,Don't know / Not sure,NA,NA
Gen2_10958,Don't know / Not sure,NA,NA
Gen2_10968,Agree,Disagree,Disagree
Gen2_10992,Disagree,Disagree,Disagree
Gen2_10994,Disagree,NA,NA
Gen2_11005,Don't know / Not sure,NA,NA
Gen2_11012,Disagree,Disagree,Disagree
Gen2_11049,Don't know / Not sure,NA,NA
Gen2_11083,Disagree,NA,NA
Gen2_11090,Disagree,Disagree,Disagree
Gen2_11091,Don't know / Not sure,Disagree,NA
Gen2_11096,Don't know / Not sure,NA,NA
Gen2_11102,Disagree,Disagree,Disagree
Gen2_1111,Disagree,NA,NA
Gen2_11114,Don't know / Not sure,NA,NA
Gen2_11118,Don't know / Not sure,Disagree,Disagree
Gen2_11122,Disagree,NA,NA
Gen2_11127,Disagree,Disagree,Disagree
Gen2_11130,Don't know / Not sure,NA,NA
Gen2_11136,Don't know / Not sure,NA,NA
Gen2_11139,Disagree,NA,NA
Gen2_11152,Don't know / Not sure,NA,NA
Gen2_11153,Disagree,Disagree,Disagree
Gen2_11154,Disagree,Disagree,Disagree
Gen2_11159,Disagree,Disagree,Disagree
Gen2_11167,Disagree,NA,NA
Gen2_11170,Disagree,Disagree,Disagree
Gen2_11181,Disagree,Disagree,Disagree
Gen2_11192,Don't know / Not sure,NA,NA
Gen2_11199,Don't know / Not sure,Agree,Disagree
Gen2_11208,Don't know / Not sure,Disagree,Disagree
Gen2_11217,Disagree,Disagree,Disagree
Gen2_11224,Don't know / Not sure,NA,NA
Gen2_11231,Agree,NA,NA
Gen2_11245,Disagree,Disagree,Disagree
Gen2_11257,Don't know / Not sure,Disagree,Disagree
Gen2_11274,Don't know / Not sure,NA,NA
Gen2_11284,Agree,NA,NA
Gen2_113,Disagree,NA,NA
Gen2_11319,Don't know / Not sure,NA,NA
Gen2_11327,Agree,NA,NA
Gen2_11331,Disagree,NA,NA
Gen2_11333,Don't know / Not sure,NA,NA
Gen2_11337,Don't know / Not sure,NA,NA
Gen2_11338,Disagree,NA,NA
Gen2_11346,Disagree,Disagree,Disagree
Gen2_11348,Agree,NA,NA
Gen2_11359,Agree,NA,NA
Gen2_11362,Disagree,Disagree,Disagree
Gen2_11387,Disagree,Disagree,Disagree
Gen2_11402,Disagree,NA,NA
Gen2_11412,Disagree,NA,NA
Gen2_11416,Disagree,NA,NA
Gen2_11421,Disagree,Disagree,Disagree
Gen2_11429,Don't know / Not sure,Disagree,Disagree
Gen2_11430,Agree,Disagree,Disagree
Gen2_11437,Agree,NA,NA
Gen2_11450,Disagree,NA,NA
Gen2_11501,Agree,NA,NA
Gen2_11521,Don't know / Not sure,NA,NA
Gen2_11534,Agree,NA,NA
Gen2_11539,Don't know / Not sure,NA,NA
Gen2_11542,Don't know / Not sure,NA,NA
Gen2_11543,Agree,NA,NA
Gen2_11545,Don't know / Not sure,NA,NA
Gen2_11554,Disagree,NA,NA
Gen2_11556,Agree,NA,NA
Gen2_11573,Disagree,NA,NA
Gen2_11601,Disagree,NA,NA
Gen2_1161,Agree,Disagree,Disagree
Gen2_11622,Disagree,NA,NA
Gen2_11626,Disagree,NA,NA
Gen2_11632,Disagree,Agree,Agree
Gen2_11633,Agree,NA,NA
Gen2_11637,Disagree,NA,NA
Gen2_11638,Disagree,NA,NA
Gen2_11643,Disagree,Disagree,Disagree
Gen2_11645,Disagree,NA,NA
Gen2_11649,Don't know / Not sure,Disagree,Disagree
Gen2_11650,Disagree,Disagree,Disagree
Gen2_11656,Disagree,Disagree,Disagree
Gen2_11659,Don't know / Not sure,Disagree,Disagree
Gen2_11672,Disagree,Disagree,Disagree
Gen2_11678,Disagree,NA,NA
Gen2_11680,Disagree,NA,NA
Gen2_11684,Disagree,NA,NA
Gen2_11692,Disagree,Disagree,Disagree
Gen2_11707,Disagree,Disagree,Disagree
Gen2_11718,Disagree,NA,NA
Gen2_11723,Don't know / Not sure,NA,NA
Gen2_11725,Agree,NA,NA
Gen2_11735,Agree,NA,NA
Gen2_11736,Don't know / Not sure,NA,NA
Gen2_11742,Disagree,Disagree,Disagree
Gen2_11744,Agree,NA,NA
Gen2_11753,Disagree,NA,NA
Gen2_11760,Disagree,Disagree,Disagree
Gen2_11761,Disagree,Disagree,Disagree
Gen2_11762,Agree,NA,NA
Gen2_11771,Disagree,Disagree,Disagree
Gen2_11772,Disagree,Agree,Disagree
Gen2_11782,Don't know / Not sure,NA,NA
Gen2_11788,Don't know / Not sure,NA,NA
Gen2_11791,Disagree,NA,NA
Gen2_11796,Disagree,Disagree,Disagree
Gen2_11798,Disagree,Disagree,Disagree
Gen2_11812,Disagree,NA,NA
Gen2_11822,Disagree,NA,NA
Gen2_11825,Agree,Disagree,Disagree
Gen2_11840,Disagree,NA,NA
Gen2_11847,Disagree,NA,NA
Gen2_11878,Disagree,NA,NA
Gen2_11886,Disagree,NA,NA
Gen2_11888,Disagree,NA,NA
Gen2_11895,Agree,Disagree,Disagree
Gen2_11896,Don't know / Not sure,Disagree,Disagree
Gen2_11898,Disagree,Disagree,Disagree
Gen2_11903,Don't know / Not sure,NA,NA
Gen2_11905,Agree,NA,NA
Gen2_11908,Don't know / Not sure,NA,NA
Gen2_11909,Don't know / Not sure,NA,NA
Gen2_11919,Disagree,NA,NA
Gen2_11927,Disagree,Disagree,Disagree
Gen2_11928,Disagree,Disagree,Disagree
Gen2_11930,Disagree,NA,NA
Gen2_11935,Don't know / Not sure,NA,NA
Gen2_11939,Disagree,Disagree,Disagree
Gen2_11965,Disagree,Disagree,Disagree
Gen2_11968,Don't know / Not sure,Agree,Disagree
Gen2_11970,Disagree,NA,NA
Gen2_11979,Disagree,Disagree,Disagree
Gen2_11990,Disagree,Disagree,Disagree
Gen2_11993,Disagree,Disagree,Disagree
Gen2_12003,Don't know / Not sure,Disagree,Disagree
Gen2_12013,Agree,NA,NA
Gen2_12015,Agree,NA,NA
Gen2_12016,Don't know / Not sure,NA,NA
Gen2_12022,Don't know / Not sure,Disagree,Disagree
Gen2_12024,Disagree,NA,NA
Gen2_12031,Agree,NA,NA
Gen2_12033,Disagree,NA,NA
Gen2_12040,Disagree,NA,NA
Gen2_12043,Disagree,NA,NA
Gen2_12045,Disagree,Disagree,Disagree
Gen2_12052,Agree,NA,NA
Gen2_1266,Disagree,Agree,Disagree
Gen2_1268,Disagree,NA,Disagree
Gen2_1299,Disagree,Disagree,Disagree
Gen2_1370,Disagree,NA,NA
Gen2_152,Disagree,NA,NA
Gen2_1524,Don't know / Not sure,NA,NA
Gen2_1574,Disagree,NA,NA
Gen2_1603,Disagree,NA,NA
Gen2_1605,Disagree,NA,NA
Gen2_1614,Disagree,NA,NA
Gen2_1658,Disagree,NA,NA
Gen2_1693,Disagree,NA,NA
Gen2_1699,Disagree,Disagree,Disagree
Gen2_1701,Don't know / Not sure,NA,NA
Gen2_1764,Disagree,NA,NA
Gen2_1776,Don't know / Not sure,NA,NA
Gen2_1837,Disagree,NA,NA
Gen2_1881,Don't know / Not sure,Disagree,Disagree
Gen2_1899,Disagree,NA,NA
Gen2_1909,Don't know / Not sure,NA,NA
Gen2_1916,Disagree,NA,NA
Gen2_1994,Agree,NA,NA
Gen2_1998,Disagree,NA,NA
Gen2_2029,Disagree,NA,NA
Gen2_220,Agree,NA,NA
Gen2_2275,Disagree,Disagree,Disagree
Gen2_2390,Don't know / Not sure,NA,NA
Gen2_269,Disagree,Disagree,Disagree
Gen2_45,Disagree,NA,NA
Gen2_591,Don't know / Not sure,NA,NA
Gen2_663,Don't know / Not sure,NA,NA
Gen2_684,Disagree,NA,NA
Gen2_78,Don't know / Not sure,NA,NA
Gen2_83,Disagree,Disagree,Disagree
Gen2_85,Disagree,NA,NA
Gen2_94,Agree,NA,NA
