response_id,mobility_hearing_even_if_using_a_hearing_device,mobility_remembering_or_concentrating,mobility_seeing_even_when_wearing_glasses,mobility_walking_or_climbing_stairs
GEN24_1000426,4,4,4,4
GEN24_1000430,4,4,4,4
GEN24_1000442,4,4,4,4
GEN24_1000446,4,4,4,4
GEN24_1000447,4,4,4,4
GEN24_1000456,4,4,4,4
GEN24_1000460,4,4,4,4
GEN24_1000468,4,3,4,4
GEN24_1000472,4,4,3,4
GEN24_1000474,4,4,4,4
GEN24_1000476,3,4,3,2
GEN24_1000481,4,4,4,4
GEN24_1000484,4,4,4,4
GEN24_1000485,4,4,4,4
GEN24_1000488,4,4,4,4
GEN24_1000497,4,4,4,4
GEN24_1000498,4,4,4,4
GEN24_1000502,4,4,4,4
GEN24_1000508,4,4,4,4
GEN24_1000510,4,4,4,4
GEN24_1000511,4,4,4,4
GEN24_1000512,4,4,4,4
GEN24_1000518,4,4,4,4
GEN24_1000521,4,4,4,4
GEN24_1000522,4,4,4,4
GEN24_1000523,4,4,2,4
GEN24_1000524,4,4,4,2
GEN24_1000528,4,4,4,4
GEN24_1000530,4,4,4,4
GEN24_1000534,4,4,4,4
GEN24_1000535,4,4,4,4
GEN24_1000536,3,4,4,2
GEN24_1000538,4,4,4,4
GEN24_1000539,4,4,4,4
GEN24_1000540,4,3,2,4
GEN24_1000542,4,4,4,4
GEN24_1000543,4,3,3,4
GEN24_1000549,4,4,3,3
GEN24_1000558,4,4,4,1
GEN24_1000566,4,4,4,4
GEN24_1000571,4,4,4,4
GEN24_1000574,4,4,4,4
GEN24_1000576,4,4,4,4
GEN24_1000581,4,4,4,4
GEN24_1000582,1,3,2,3
GEN24_1000589,4,4,4,4
GEN24_1000590,4,4,4,4
GEN24_1000609,4,4,4,4
GEN24_1000611,4,4,4,4
GEN24_1000612,4,4,4,4
GEN24_1000614,4,4,2,4
GEN24_1000615,4,4,4,3
GEN24_1000616,4,4,4,4
GEN24_1000621,4,4,4,3
GEN24_1000622,4,4,4,4
GEN24_1000624,4,4,4,3
GEN24_1000625,4,4,4,4
GEN24_1000626,4,4,4,3
GEN24_1000632,4,4,4,4
GEN24_1000633,4,4,3,4
GEN24_1000637,4,4,4,4
GEN24_1000643,4,4,4,4
GEN24_1000649,4,3,3,4
GEN24_1000650,4,4,3,4
GEN24_1000653,4,4,4,4
GEN24_1000655,4,4,4,4
GEN24_1000660,4,4,4,4
GEN24_1000662,4,4,4,4
GEN24_1000663,3,3,3,4
GEN24_1000664,4,4,4,4
GEN24_1000669,4,4,4,4
GEN24_1000671,4,4,4,3
GEN24_1000674,3,4,4,4
GEN24_1000676,4,3,4,4
GEN24_1000677,4,4,4,4
GEN24_1000691,4,4,4,4
GEN24_1000693,4,4,3,4
GEN24_1000697,4,4,4,4
GEN24_1000700,4,4,4,4
GEN24_1000706,4,4,4,4
GEN24_1000708,4,4,4,4
GEN24_1000711,4,4,4,3
GEN24_1000713,4,4,4,4
GEN24_1000718,4,3,4,4
GEN24_1000719,4,4,4,4
GEN24_1000720,4,4,3,4
GEN24_1000729,4,4,3,4
GEN24_1000731,4,4,4,4
GEN24_1000736,4,4,4,4
GEN24_1000739,4,4,4,4
GEN24_1000746,4,4,4,4
GEN24_1000748,3,4,4,4
GEN24_1000760,4,4,4,4
GEN24_1000766,4,4,4,4
GEN24_1000778,4,4,4,4
GEN24_1000781,4,4,4,4
GEN24_1000783,3,3,3,4
GEN24_1000788,3,2,3,4
GEN24_1000789,4,4,4,4
GEN24_1000790,4,4,4,4
GEN24_1000791,4,3,4,3
GEN24_1000792,4,4,4,4
GEN24_1000793,4,4,4,4
GEN24_1000797,3,4,2,4
GEN24_1000804,4,4,4,4
GEN24_1000807,4,4,4,4
GEN24_1000821,4,4,4,4
GEN24_1000823,4,4,4,4
GEN24_1000824,4,4,4,4
GEN24_1000826,4,4,4,4
GEN24_1000828,4,4,4,4
GEN24_1000829,4,4,4,4
GEN24_1000837,4,4,4,4
GEN24_1000844,4,4,4,4
GEN24_1000852,4,4,4,4
GEN24_1000853,4,4,4,4
GEN24_1000857,4,4,4,4
GEN24_1000864,4,4,4,4
GEN24_1000865,4,4,4,4
GEN24_1000868,4,4,3,4
GEN24_1000869,4,3,4,4
GEN24_1000870,4,4,4,3
GEN24_1000871,4,4,4,4
GEN24_1000873,4,4,4,4
GEN24_1000877,4,4,4,4
GEN24_1000879,4,4,4,4
GEN24_1000884,4,4,4,3
GEN24_1000890,4,4,4,4
GEN24_1000900,4,4,4,4
GEN24_1000902,4,4,4,4
GEN24_1000904,4,4,4,4
GEN24_1000907,4,4,4,4
GEN24_1000916,4,4,4,4
GEN24_1000918,4,3,3,4
GEN24_1000927,4,4,4,4
GEN24_1000928,4,4,4,4
GEN24_1000937,3,4,4,3
GEN24_1000938,4,4,4,4
GEN24_1000945,4,4,4,4
GEN24_1000948,4,4,4,4
GEN24_1000950,3,4,4,4
GEN24_1000963,4,4,4,4
GEN24_1000964,4,4,3,4
GEN24_1000969,4,4,4,3
GEN24_1000970,4,4,3,4
GEN24_1000977,4,4,4,4
GEN24_1000980,4,4,3,4
GEN24_1000982,4,4,4,4
GEN24_1000984,4,3,3,4
GEN24_1000986,4,4,4,4
GEN24_1000989,4,4,4,3
GEN24_1000991,4,4,3,4
GEN24_1000992,3,3,4,3
GEN24_1000998,4,4,4,4
GEN24_1001001,4,4,4,4
GEN24_1001003,3,4,4,4
GEN24_1001004,4,4,4,4
GEN24_1001011,4,4,4,4
GEN24_1001018,3,4,4,4
GEN24_1001020,4,4,4,4
GEN24_1001021,4,4,4,4
GEN24_1001023,4,4,4,4
GEN24_1001027,4,4,4,4
GEN24_1001038,4,4,3,4
GEN24_1001043,4,4,4,2
GEN24_1001047,2,4,4,4
GEN24_1001056,4,4,4,4
GEN24_1001059,4,4,4,4
GEN24_1001060,4,4,4,4
GEN24_1001061,4,4,4,4
GEN24_1001065,4,3,3,4
GEN24_1001068,3,2,4,4
GEN24_1001069,4,4,4,3
GEN24_1001074,4,3,4,4
GEN24_1001077,4,4,4,4
GEN24_1001083,4,4,4,4
GEN24_1001088,4,4,4,4
GEN24_1001089,4,4,4,4
GEN24_1001090,4,3,4,4
GEN24_1001094,4,4,4,4
GEN24_1001100,4,4,4,4
GEN24_1001106,4,4,4,4
GEN24_1001111,3,4,3,4
GEN24_1001112,4,4,4,4
GEN24_1001113,4,4,4,4
GEN24_1001116,4,4,4,4
GEN24_1001119,4,4,4,4
GEN24_1001120,4,4,4,4
GEN24_1001125,4,4,4,4
GEN24_1001130,4,4,4,3
GEN24_1001135,4,4,4,4
GEN24_1001139,4,4,4,4
GEN24_1001148,3,4,4,4
GEN24_1001151,4,4,4,4
GEN24_1001158,3,4,4,4
GEN24_1001160,4,4,4,4
GEN24_1001161,4,4,4,4
GEN24_1001164,4,4,4,4
GEN24_1001168,4,4,4,4
GEN24_1001169,4,4,3,4
GEN24_1001170,4,4,4,4
GEN24_1001176,4,4,4,4
GEN24_1001178,4,4,3,4
GEN24_1001182,4,4,4,3
GEN24_1001183,4,3,4,4
GEN24_1001187,4,4,4,4
GEN24_1001188,4,4,4,4
GEN24_1001191,4,4,4,4
GEN24_1001192,4,4,4,4
GEN24_1001193,4,4,4,4
GEN24_1001201,4,4,4,4
GEN24_1001209,4,4,3,4
GEN24_1001221,3,3,3,3
GEN24_1001223,4,4,4,4
GEN24_1001226,4,4,4,4
GEN24_1001228,4,4,4,4
GEN24_1001230,4,4,3,4
GEN24_1001234,4,4,4,4
GEN24_1001235,4,4,4,4
GEN24_1001237,4,4,4,4
GEN24_1001242,4,4,4,4
GEN24_1001245,4,4,4,4
GEN24_1001248,4,4,4,4
GEN24_1001253,4,4,4,4
GEN24_1001256,3,4,4,4
GEN24_1001257,4,4,4,4
GEN24_1001258,4,3,4,3
GEN24_1001262,4,4,4,4
GEN24_1001263,4,4,4,3
GEN24_1001267,4,4,4,4
GEN24_1001272,4,4,4,4
GEN24_1001277,4,4,4,4
GEN24_1001281,4,4,4,3
GEN24_1001282,4,4,4,4
GEN24_1001297,4,4,4,4
GEN24_1001313,4,4,4,4
GEN24_1001315,4,4,4,4
GEN24_1001316,4,4,3,4
GEN24_1001317,4,4,4,4
GEN24_1001325,4,4,4,4
GEN24_1001332,4,4,4,4
GEN24_1001336,4,4,4,4
GEN24_1001338,3,4,3,3
GEN24_1001350,3,4,3,4
GEN24_1001355,4,4,4,4
GEN24_1001362,4,4,4,4
GEN24_1001367,4,4,4,4
GEN24_1001370,4,4,4,4
GEN24_1001385,4,4,4,4
GEN24_1001386,4,4,4,4
GEN24_1001388,4,4,4,4
GEN24_1001403,4,4,4,4
GEN24_1001406,4,4,4,4
GEN24_1001407,4,4,4,4
GEN24_1001411,4,4,4,3
GEN24_1001412,4,4,4,4
GEN24_1001417,4,4,4,4
GEN24_1001423,4,4,4,4
GEN24_1001428,4,4,4,4
GEN24_1001429,4,4,4,4
GEN24_1001431,4,4,4,4
GEN24_1001432,4,4,4,4
GEN24_1001434,4,4,4,4
GEN24_1001440,4,4,4,4
GEN24_1001446,4,4,4,4
GEN24_1001447,4,4,4,4
GEN24_1001450,4,4,3,4
GEN24_1001458,4,4,4,4
GEN24_1001461,4,4,4,4
GEN24_1001465,4,4,4,4
GEN24_1001478,4,4,4,4
GEN24_1001481,4,4,4,4
GEN24_1001485,4,4,4,4
GEN24_1001488,4,4,4,4
GEN24_1001493,4,4,4,4
GEN24_1001496,4,4,4,4
GEN24_1001507,4,4,4,4
GEN24_1001511,4,4,4,4
GEN24_1001514,4,4,4,4
GEN24_1001515,4,3,4,4
GEN24_1001519,4,4,4,4
GEN24_1001520,3,4,3,3
GEN24_1001524,4,4,4,4
GEN24_1001526,4,4,4,4
GEN24_1001527,4,4,4,4
GEN24_1001534,4,4,4,4
GEN24_1001540,4,3,4,4
GEN24_1001542,4,4,4,4
GEN24_1001543,4,4,4,4
GEN24_1001547,4,4,4,4
GEN24_1001548,4,4,4,4
GEN24_1001552,4,4,4,4
GEN24_1001557,3,4,4,4
GEN24_1001558,4,4,4,4
GEN24_1001560,4,4,4,4
GEN24_1001562,4,4,3,3
GEN24_1001566,4,3,4,4
GEN24_1001569,4,4,4,4
GEN24_1001571,4,4,4,4
GEN24_1001572,4,4,4,4
GEN24_1001579,4,4,4,4
GEN24_1001587,4,4,4,4
GEN24_1001592,4,4,4,4
GEN24_1001595,4,4,4,4
GEN24_1001600,4,4,4,4
GEN24_1001610,4,4,3,4
GEN24_1001613,4,4,4,4
GEN24_1001615,4,4,4,4
GEN24_1001622,4,4,4,4
GEN24_1001623,4,4,4,3
GEN24_1001624,4,3,4,4
GEN24_1001637,4,4,4,4
GEN24_1001641,4,4,3,4
GEN24_1001646,4,4,4,4
GEN24_1001651,4,4,4,4
GEN24_1001659,4,4,4,4
GEN24_1001666,4,4,4,3
GEN24_1001667,4,4,4,4
GEN24_1001669,4,4,4,4
GEN24_1001670,4,4,4,4
GEN24_1001671,4,4,4,4
GEN24_1001675,4,4,4,4
GEN24_1001681,4,4,4,4
GEN24_1001683,4,4,4,4
GEN24_1001688,4,4,4,4
GEN24_1001693,4,4,4,4
GEN24_1001696,4,4,4,4
GEN24_1001697,4,4,4,4
GEN24_1001700,4,4,4,4
GEN24_1001701,4,4,4,4
GEN24_1001702,4,3,4,4
GEN24_1001705,4,4,4,4
GEN24_1001711,3,4,4,4
GEN24_1001717,4,3,4,4
GEN24_1001718,4,4,3,4
GEN24_1001727,3,4,4,3
GEN24_1001728,4,4,4,4
GEN24_1001733,4,4,4,4
GEN24_1001738,4,4,4,4
GEN24_1001740,4,4,4,4
GEN24_1001742,4,4,4,4
GEN24_1001746,4,4,4,4
GEN24_1001747,4,4,4,4
GEN24_1001749,4,4,3,4
GEN24_1001755,4,4,4,4
GEN24_1001757,4,4,4,4
GEN24_1001758,4,4,4,4
GEN24_1001762,4,4,3,4
GEN24_1001763,4,3,3,3
GEN24_1001764,4,4,4,4
GEN24_1001765,4,4,4,4
GEN24_1001766,4,4,4,4
GEN24_1001771,4,4,4,4
GEN24_1001773,4,4,4,4
GEN24_1001775,4,4,4,4
GEN24_1001779,4,4,4,4
GEN24_1001782,4,4,4,4
GEN24_1001785,4,4,4,4
GEN24_1001790,4,4,4,4
GEN24_1001791,4,4,4,4
GEN24_1001793,4,4,4,4
GEN24_1001794,4,4,4,4
GEN24_1001796,4,3,2,4
GEN24_1001797,4,4,4,4
GEN24_1001798,4,4,4,4
GEN24_1001803,3,4,4,4
GEN24_1001805,4,4,4,4
GEN24_1001806,4,4,4,4
GEN24_1001809,4,3,3,4
GEN24_1001810,4,4,4,4
GEN24_1001811,4,4,4,4
GEN24_1001813,4,4,4,4
GEN24_1001818,4,4,4,4
GEN24_1001819,4,4,4,4
GEN24_1001822,4,4,4,4
GEN24_1001826,4,4,4,3
GEN24_1001835,4,4,3,4
GEN24_1001841,4,4,4,4
GEN24_1001843,4,4,4,4
GEN24_1001844,4,2,2,3
GEN24_1001848,4,4,4,4
GEN24_1001851,4,4,4,4
GEN24_1001852,4,4,4,4
GEN24_1001853,4,4,4,4
GEN24_1001854,4,4,4,4
GEN24_1001855,4,3,4,3
GEN24_1001856,4,4,4,4
GEN24_1001857,4,4,4,4
GEN24_1001862,4,4,4,4
GEN24_1001864,4,4,4,4
GEN24_1001865,4,4,4,4
GEN24_1001866,4,4,4,4
GEN24_1001872,4,4,4,4
GEN24_1001881,4,4,4,4
GEN24_1001884,4,4,4,4
GEN24_1001885,4,4,4,4
GEN24_1001887,4,3,4,4
GEN24_1001889,4,4,4,4
GEN24_1001893,4,4,4,4
GEN24_1001901,4,4,3,4
GEN24_1001904,4,4,4,4
GEN24_1001906,4,4,3,4
GEN24_1001908,4,4,4,4
GEN24_1001915,4,4,4,4
GEN24_1001917,4,4,4,4
GEN24_1001918,4,4,4,4
GEN24_1001921,4,4,4,4
GEN24_1001924,4,4,4,4
GEN24_1001930,4,4,4,4
GEN24_1001932,4,4,4,4
GEN24_1001933,4,4,4,4
GEN24_1001934,4,3,4,4
GEN24_1001935,4,4,4,4
GEN24_1001936,4,4,4,4
GEN24_1001940,4,4,4,4
GEN24_1001943,4,4,4,4
GEN24_1001944,4,4,4,4
GEN24_1001945,4,4,4,4
GEN24_1001948,3,4,4,4
GEN24_1001951,4,4,4,4
GEN24_1001955,4,4,4,4
GEN24_1001961,4,4,4,4
GEN24_1001963,4,4,2,3
GEN24_1001971,4,4,4,4
GEN24_1001972,4,4,4,4
GEN24_1001975,4,4,4,3
GEN24_1001976,4,4,4,4
GEN24_1001984,4,4,4,4
GEN24_1001985,4,4,4,4
GEN24_1001986,4,4,4,4
GEN24_1001987,4,4,4,4
GEN24_1001988,4,4,4,4
GEN24_1001992,4,3,3,4
GEN24_1001993,4,4,4,4
GEN24_1001998,4,4,4,3
GEN24_1002000,4,3,4,4
GEN24_1002003,4,4,3,4
GEN24_1002005,4,4,4,4
GEN24_1002007,4,4,4,4
GEN24_1002009,4,3,4,4
GEN24_1002010,4,4,4,4
GEN24_1002011,4,4,4,4
GEN24_1002013,4,4,4,4
GEN24_1002016,4,4,3,4
GEN24_1002017,4,4,3,4
GEN24_1002018,4,4,4,4
GEN24_1002020,4,4,4,3
GEN24_1002021,4,4,4,4
GEN24_1002022,4,4,4,4
GEN24_1002025,4,4,3,4
GEN24_1002026,4,4,4,4
GEN24_1002027,4,4,4,4
GEN24_1002030,4,4,4,4
GEN24_1002031,4,4,3,4
GEN24_1002032,4,4,4,4
GEN24_1002035,4,4,4,4
GEN24_1002037,4,4,4,4
GEN24_1002039,4,4,4,4
GEN24_1002042,4,4,4,4
GEN24_1002043,4,4,4,4
GEN24_1002046,4,4,4,4
GEN24_1002050,4,4,4,4
GEN24_1002052,4,4,4,4
GEN24_1002065,4,4,4,4
GEN24_1002072,4,4,4,4
GEN24_1002074,4,4,4,4
GEN24_1002077,4,4,4,4
GEN24_1002078,4,4,4,4
GEN24_1002079,4,4,4,4
GEN24_1002083,4,4,3,4
GEN24_1002088,4,4,4,4
GEN24_1002089,4,4,3,4
GEN24_1002092,4,4,4,4
GEN24_1002093,4,4,4,4
GEN24_1002094,4,4,3,4
GEN24_1002095,4,4,4,4
GEN24_1002096,4,4,4,4
GEN24_1002110,4,4,4,4
GEN24_1002111,4,4,4,4
GEN24_1002113,4,4,4,4
GEN24_1002114,4,4,4,4
GEN24_1002119,4,4,4,4
GEN24_1002121,4,4,4,4
GEN24_1002122,4,4,4,4
GEN24_1002128,4,4,4,4
GEN24_1002130,4,4,3,4
GEN24_1002138,4,4,4,4
GEN24_1002147,4,4,4,4
GEN24_1002149,4,4,4,4
GEN24_1002157,4,4,4,4
GEN24_1002158,4,4,4,3
GEN24_1002160,4,3,4,3
GEN24_1002171,4,4,4,4
GEN24_1002172,4,4,4,4
GEN24_1002177,3,4,4,3
GEN24_1002180,4,4,4,4
GEN24_1002182,4,4,4,4
GEN24_1002191,4,4,4,4
GEN24_1002195,4,4,4,3
GEN24_1002200,4,4,4,4
GEN24_1002201,4,4,4,4
GEN24_1002210,4,4,4,4
GEN24_1002211,4,4,4,4
GEN24_1002221,4,4,4,4
GEN24_1002226,4,4,4,4
GEN24_1002229,4,4,4,4
GEN24_1002231,4,4,4,4
GEN24_1002242,4,4,4,4
GEN24_1002244,4,4,4,4
GEN24_1002250,4,4,4,4
GEN24_1002251,4,4,4,4
GEN24_1002256,4,4,4,4
GEN24_1002258,4,4,4,4
GEN24_1002259,4,4,4,4
GEN24_1002279,4,4,4,4
GEN24_1002284,3,4,3,3
GEN24_1002291,4,4,4,4
GEN24_1002297,4,4,4,4
GEN24_1002298,4,4,4,4
GEN24_1002301,4,4,4,4
GEN24_1002304,4,4,4,4
GEN24_1002306,4,4,4,4
GEN24_1002307,4,4,4,4
GEN24_1002308,4,4,4,4
GEN24_1002310,4,4,4,4
GEN24_1002312,4,4,4,4
GEN24_1002313,3,3,3,3
GEN24_1002321,4,4,4,4
GEN24_1002331,4,4,3,4
GEN24_1002334,4,4,4,4
GEN24_1002338,4,4,4,4
GEN24_1002344,3,3,3,4
GEN24_1002345,4,4,4,4
GEN24_1002346,4,4,4,4
GEN24_1002351,4,4,4,4
GEN24_1002353,4,4,4,4
GEN24_1002354,4,4,4,4
GEN24_1002361,4,4,4,4
GEN24_1002366,4,4,4,4
GEN24_1002367,4,4,4,4
GEN24_1002369,4,4,4,4
GEN24_1002370,4,4,4,4
GEN24_1002372,4,4,4,4
GEN24_1002374,4,4,4,4
GEN24_1002375,3,4,4,4
GEN24_1002380,4,4,4,4
GEN24_1002381,4,4,4,4
GEN24_1002382,4,4,4,4
GEN24_1002383,4,4,4,4
GEN24_1002384,4,4,4,4
GEN24_1002396,4,4,4,4
GEN24_1002399,4,4,4,3
GEN24_1002400,4,4,4,4
GEN24_1002403,4,4,4,4
GEN24_1002413,4,4,4,4
GEN24_1002414,4,4,4,4
GEN24_1002416,4,4,4,1
GEN24_1002426,4,4,4,4
GEN24_1002428,4,4,4,4
GEN24_1002430,4,4,3,4
GEN24_1002435,4,4,4,4
GEN24_1002436,4,4,4,4
GEN24_1002437,4,4,4,4
GEN24_1002438,4,4,4,4
GEN24_1002442,4,4,4,4
GEN24_1002443,3,3,4,4
GEN24_1002445,4,4,4,4
GEN24_1002446,4,4,4,4
GEN24_1002447,4,4,4,4
GEN24_1002450,4,4,4,4
GEN24_1002451,4,4,4,4
GEN24_1002452,4,4,4,4
GEN24_1002466,4,4,4,4
GEN24_1002470,4,4,4,4
GEN24_1002475,4,4,4,4
GEN24_1002478,4,4,4,4
GEN24_1002481,4,4,4,4
GEN24_1002488,4,4,4,4
GEN24_1002491,4,3,2,3
GEN24_1002496,4,4,4,4
GEN24_1002498,4,4,4,4
GEN24_1002505,4,4,4,4
GEN24_1002507,4,2,4,4
GEN24_1002508,4,4,4,4
GEN24_1002509,4,4,4,4
GEN24_1002510,4,4,4,4
GEN24_1002513,4,4,4,3
GEN24_1002514,4,4,4,4
GEN24_1002519,4,4,4,4
GEN24_1002524,4,4,4,4
GEN24_1002525,4,4,1,4
GEN24_1002530,4,3,4,3
GEN24_1002536,4,4,4,4
GEN24_1002538,4,4,4,4
GEN24_1002544,4,4,4,4
GEN24_1002546,4,4,4,3
GEN24_1002549,4,4,4,4
GEN24_1002550,4,4,4,4
GEN24_1002553,4,4,4,4
GEN24_1002554,4,4,4,4
GEN24_1002556,4,4,4,1
GEN24_1002559,4,4,4,4
GEN24_1002561,4,4,4,4
GEN24_1002566,4,4,4,4
GEN24_1002580,4,4,4,4
GEN24_1002582,4,4,4,4
GEN24_1002583,4,4,4,4
GEN24_1002584,4,4,4,4
GEN24_1002585,4,4,4,4
GEN24_1002588,4,4,4,4
GEN24_1002592,4,4,4,4
GEN24_1002593,4,4,4,4
GEN24_1002594,4,4,4,4
GEN24_1002597,4,4,4,4
GEN24_1002607,4,4,4,4
GEN24_1002620,4,4,4,4
GEN24_1002627,4,4,4,4
GEN24_1002629,4,4,4,4
GEN24_1002635,4,4,4,4
GEN24_1002640,4,4,4,4
GEN24_1002642,4,4,4,4
GEN24_1002666,4,4,4,4
GEN24_1002667,4,4,4,4
GEN24_1002668,4,4,3,4
GEN24_1002670,4,4,3,4
GEN24_1002671,4,4,4,4
GEN24_1002672,4,4,4,4
GEN24_1002673,4,4,4,4
GEN24_1002674,4,4,4,4
GEN24_1002677,4,4,4,4
GEN24_1002681,4,4,3,4
GEN24_1002687,4,4,4,4
GEN24_1002688,4,4,4,4
GEN24_1002694,4,4,4,4
GEN24_1002707,4,4,4,4
GEN24_1002717,4,4,4,4
GEN24_1002725,4,4,4,3
GEN24_1002727,4,4,4,4
GEN24_1002731,4,4,4,4
GEN24_1002732,4,4,4,4
GEN24_1002733,4,4,4,4
GEN24_1002741,4,4,4,4
GEN24_1002753,4,4,4,4
GEN24_1002758,4,4,4,3
GEN24_1002760,4,4,4,4
GEN24_1002762,4,4,4,4
GEN24_1002763,4,4,3,4
GEN24_1002770,4,4,4,4
GEN24_1002771,4,4,4,4
GEN24_1002774,4,4,3,4
GEN24_1002778,4,4,4,4
GEN24_1002782,4,4,4,4
GEN24_1002786,4,3,4,4
GEN24_1002794,4,4,4,4
GEN24_1002797,4,4,4,4
GEN24_1002799,4,4,4,4
GEN24_1002801,4,4,4,4
GEN24_1002803,4,4,4,2
GEN24_1002804,4,4,4,4
GEN24_1002807,4,4,4,4
GEN24_1002808,3,4,4,4
GEN24_1002812,4,4,3,4
GEN24_1002813,4,4,4,4
GEN24_1002816,4,4,4,4
GEN24_1002817,3,4,4,4
GEN24_1002819,4,3,4,4
GEN24_1002820,4,4,4,4
GEN24_1002824,4,4,4,4
GEN24_1002826,4,3,4,2
GEN24_1002836,4,4,4,4
GEN24_1002838,4,4,4,4
GEN24_1002839,3,3,4,3
GEN24_1002840,4,4,4,4
GEN24_1002848,4,4,3,3
GEN24_1002853,4,4,4,4
GEN24_1002855,4,3,4,3
GEN24_1002856,4,4,4,2
GEN24_1002858,4,4,4,4
GEN24_1002860,4,4,4,4
GEN24_1002864,4,4,4,4
GEN24_1002865,4,4,4,4
GEN24_1002874,4,4,4,4
GEN24_1002880,4,4,3,3
GEN24_1002881,4,4,4,4
GEN24_1002882,4,4,4,4
GEN24_1002883,4,4,3,4
GEN24_1002884,4,4,4,4
GEN24_1002888,4,4,4,4
GEN24_1002889,4,4,4,4
GEN24_1002892,4,4,4,3
GEN24_1002894,4,4,4,4
GEN24_1002906,4,4,4,4
GEN24_1002907,4,4,4,4
GEN24_1002912,4,4,4,4
GEN24_1002919,4,4,4,4
GEN24_1002920,3,4,3,3
GEN24_1002921,4,4,4,4
GEN24_1002922,4,4,4,4
GEN24_1002929,4,4,4,4
GEN24_1002932,4,4,4,4
GEN24_1002940,4,4,3,4
GEN24_1002943,4,4,4,4
GEN24_1002946,4,4,4,4
GEN24_1002948,4,4,4,4
GEN24_1002951,4,4,4,4
GEN24_1002952,4,4,4,4
GEN24_1002960,4,4,4,4
GEN24_1002969,4,4,4,4
GEN24_1002971,4,4,4,4
GEN24_1002974,4,4,4,4
GEN24_1002978,4,4,4,4
GEN24_1002981,4,4,4,3
GEN24_1002982,4,4,3,4
GEN24_1002984,4,4,4,4
GEN24_1002985,4,4,4,4
GEN24_1002986,4,4,4,4
GEN24_1002987,4,4,4,4
GEN24_1002988,4,4,4,4
GEN24_1002990,4,4,4,4
GEN24_1002997,4,4,4,4
GEN24_1003006,4,4,4,4
GEN24_1003021,4,4,4,4
GEN24_1003022,4,4,4,4
GEN24_1003025,4,4,4,4
GEN24_1003026,4,4,4,4
GEN24_1003029,4,4,4,4
GEN24_1003032,4,4,4,4
GEN24_1003042,4,4,4,4
GEN24_1003047,4,4,3,4
GEN24_1003058,4,4,4,4
GEN24_1003061,4,4,4,4
GEN24_1003064,4,4,4,4
GEN24_1003065,4,4,4,4
GEN24_1003066,4,4,4,4
GEN24_1003072,4,4,4,4
GEN24_1003076,4,3,4,2
GEN24_1003077,4,4,4,4
GEN24_1003079,4,4,4,4
GEN24_1003080,4,4,4,4
GEN24_1003081,4,4,4,3
GEN24_1003084,4,3,3,4
GEN24_1003092,4,4,4,4
GEN24_1003098,4,4,4,4
GEN24_1003106,4,4,3,4
GEN24_1003107,4,4,3,3
GEN24_1003109,4,4,4,4
GEN24_1003115,4,4,4,4
GEN24_1003116,4,4,4,4
GEN24_1003118,4,4,4,4
GEN24_1003129,4,4,3,4
GEN24_1003131,4,4,4,4
GEN24_1003133,4,4,4,4
GEN24_1003138,4,4,4,4
GEN24_1003142,4,4,4,4
GEN24_1003143,4,4,4,4
GEN24_1003146,4,4,4,4
GEN24_1003148,4,4,3,4
GEN24_1003149,4,4,4,4
GEN24_1003151,4,4,4,4
GEN24_1003158,4,4,4,4
GEN24_1003161,4,4,4,4
GEN24_1003162,4,4,4,4
GEN24_1003175,4,4,4,4
GEN24_1003176,4,3,3,3
GEN24_1003178,4,4,4,4
GEN24_1003181,3,4,4,3
GEN24_1003185,4,4,4,4
GEN24_1003189,4,3,4,3
GEN24_1003202,4,4,4,3
GEN24_1003203,4,4,4,4
GEN24_1003205,4,4,4,4
GEN24_1003206,4,4,4,3
GEN24_1003209,4,4,4,4
GEN24_1003214,4,4,4,4
GEN24_1003215,4,4,4,4
GEN24_1003216,4,4,4,4
GEN24_1003217,4,4,4,4
GEN24_1003221,4,4,4,4
GEN24_1003223,4,3,4,4
GEN24_1003231,4,4,4,4
GEN24_1003235,4,4,3,3
GEN24_1003240,4,4,3,3
GEN24_1003243,4,4,4,4
GEN24_1003250,4,3,3,4
GEN24_1003257,4,4,4,4
GEN24_1003259,3,4,4,3
GEN24_1003265,4,4,4,4
GEN24_1003268,4,4,4,4
GEN24_1003269,3,4,3,3
GEN24_1003273,4,4,4,4
GEN24_1003277,4,4,4,4
GEN24_1003278,4,4,4,4
GEN24_1003279,4,4,4,4
GEN24_1003280,4,4,4,4
GEN24_1003281,4,4,4,4
GEN24_1003283,4,4,4,4
GEN24_1003290,4,4,4,4
GEN24_1003297,4,4,4,4
GEN24_1003314,4,4,4,4
GEN24_1003318,4,4,4,4
GEN24_1003319,4,4,4,4
GEN24_1003320,4,4,4,4
GEN24_1003323,4,4,4,4
GEN24_1003325,4,4,4,4
GEN24_1003330,4,3,4,4
GEN24_1003337,4,4,4,4
GEN24_1003338,4,4,4,4
GEN24_1003339,4,4,4,3
GEN24_1003341,4,4,4,4
GEN24_1003345,4,4,4,4
GEN24_1003347,3,4,4,4
GEN24_1003354,4,4,4,4
GEN24_1003370,4,4,4,4
GEN24_1003371,4,4,4,4
GEN24_1003373,4,4,4,4
GEN24_1003376,4,4,4,4
GEN24_1003377,4,4,4,4
GEN24_1003378,4,4,4,4
GEN24_1003379,4,4,4,3
GEN24_1003387,4,4,4,4
GEN24_1003394,3,2,3,3
GEN24_1003398,4,4,4,4
GEN24_1003403,4,4,4,4
GEN24_1003415,4,4,4,4
GEN24_1003429,4,4,4,4
GEN24_1003430,4,4,4,4
GEN24_1003433,4,4,4,4
GEN24_1003435,4,4,4,4
GEN24_1003439,4,4,4,4
GEN24_1003445,4,4,4,4
GEN24_1003448,4,4,4,4
GEN24_1003449,4,4,4,4
GEN24_1003454,4,4,4,4
GEN24_1003456,4,4,4,4
GEN24_1003461,4,4,3,4
GEN24_1003466,4,4,4,4
GEN24_1003469,4,4,4,4
GEN24_1003470,4,2,2,4
GEN24_1003472,4,4,4,4
GEN24_1003476,4,4,4,4
GEN24_1003482,4,4,3,4
GEN24_1003486,4,4,4,4
GEN24_1003490,4,3,4,4
GEN24_1003491,4,4,4,4
GEN24_1003495,4,4,4,4
GEN24_1003498,4,4,4,4
GEN24_1003499,4,4,4,4
GEN24_1003500,4,4,4,4
GEN24_1003502,3,4,4,4
GEN24_1003503,4,4,4,4
GEN24_1003508,4,4,4,4
GEN24_1003509,4,4,3,4
GEN24_1003510,4,3,3,3
GEN24_1003511,4,4,4,4
GEN24_1003513,4,4,4,4
GEN24_1003515,4,4,4,4
GEN24_1003525,4,4,4,4
GEN24_1003527,4,4,4,4
GEN24_1003528,4,4,4,4
GEN24_1003537,4,4,4,4
GEN24_1003538,4,4,4,4
GEN24_1003542,4,4,4,4
GEN24_1003549,4,4,4,4
GEN24_1003563,4,4,3,4
GEN24_1003570,4,3,4,4
GEN24_1003577,4,4,4,4
GEN24_1003580,4,4,4,4
GEN24_1003586,4,4,4,4
GEN24_1003591,4,4,4,4
GEN24_1003593,3,4,3,3
GEN24_1003599,4,4,4,4
GEN24_1003602,4,4,3,3
GEN24_1003610,3,4,4,4
GEN24_1003611,4,4,3,4
GEN24_1003614,4,4,4,2
GEN24_1003622,4,4,4,4
GEN24_1003627,4,4,4,4
GEN24_1003629,3,3,3,4
GEN24_1003633,4,4,4,4
GEN24_1003639,4,3,4,3
GEN24_1003645,4,4,4,4
GEN24_1003647,4,4,4,4
GEN24_1003651,4,4,3,3
GEN24_1003673,4,4,4,4
GEN24_1003674,4,1,4,4
GEN24_1003678,4,4,4,4
GEN24_1003684,4,4,4,4
GEN24_1003685,4,4,4,4
GEN24_1003687,4,4,4,4
GEN24_1003688,4,4,4,4
GEN24_1003708,4,4,4,4
GEN24_1003713,4,4,3,3
GEN24_1003714,4,4,4,4
GEN24_1003722,4,4,4,4
GEN24_1003724,4,4,4,4
GEN24_1003726,4,4,4,4
GEN24_1003728,4,4,4,4
GEN24_1003730,4,4,4,4
GEN24_1003731,4,4,4,4
GEN24_1003732,4,4,4,4
GEN24_1003734,3,4,4,4
GEN24_1003735,4,4,4,4
GEN24_1003736,4,4,3,4
GEN24_1003738,4,4,4,4
GEN24_1003741,4,4,4,4
GEN24_1003742,4,4,4,4
GEN24_1003750,4,4,4,4
GEN24_1003753,4,4,4,4
GEN24_1003756,4,4,4,4
GEN24_1003759,4,4,4,4
GEN24_1003760,4,4,3,4
GEN24_1003767,4,4,4,4
GEN24_1003770,4,4,4,4
GEN24_1003773,4,4,4,4
GEN24_1003777,4,4,4,4
GEN24_1003781,3,4,4,2
GEN24_1003782,4,4,4,4
GEN24_1003783,4,4,4,4
GEN24_1003785,4,4,4,4
GEN24_1003794,4,4,4,4
GEN24_1003795,4,4,4,4
GEN24_1003803,4,4,4,4
GEN24_1003808,4,4,4,4
GEN24_1003825,4,3,4,4
GEN24_1003829,4,4,4,4
GEN24_1003834,4,4,4,4
GEN24_1003836,4,3,4,4
GEN24_1003838,4,4,3,4
GEN24_1003842,4,4,3,4
GEN24_1003844,4,4,4,4
GEN24_1003846,4,4,4,3
GEN24_1003847,4,4,4,4
GEN24_1003851,4,4,4,4
GEN24_1003853,4,4,4,4
GEN24_1003857,4,4,4,4
GEN24_1003865,4,4,4,4
GEN24_1003871,4,4,4,4
GEN24_1003872,3,3,4,4
GEN24_1003893,4,3,4,4
GEN24_1003903,4,4,4,4
GEN24_1003906,4,4,4,4
GEN24_1003907,3,3,4,4
GEN24_1003908,4,4,4,4
GEN24_1003909,4,4,4,4
GEN24_1003910,4,4,4,4
GEN24_1003911,4,4,4,4
GEN24_1003914,4,3,3,4
GEN24_1003917,4,4,4,4
GEN24_1003920,4,4,4,4
GEN24_1003922,4,4,3,4
GEN24_1003926,4,4,4,4
GEN24_1003928,4,4,4,4
GEN24_1003930,4,4,4,3
GEN24_1003936,4,4,4,4
GEN24_1003947,4,4,4,4
GEN24_1003952,4,4,4,4
GEN24_1003954,4,4,4,4
GEN24_1003955,4,4,4,4
GEN24_1003960,4,4,4,3
GEN24_1003962,4,4,4,4
GEN24_1003964,4,4,4,4
GEN24_1003968,4,3,4,4
GEN24_1003971,4,4,4,4
GEN24_1003973,4,4,4,4
GEN24_1003974,4,4,4,4
GEN24_1003975,4,4,4,4
GEN24_1003976,4,4,4,4
GEN24_1003988,4,4,4,4
GEN24_1003992,4,4,4,4
GEN24_1003994,4,4,4,4
GEN24_1003996,4,4,4,4
GEN24_1003998,4,4,4,4
GEN24_1003999,4,4,3,4
GEN24_1004005,4,4,4,4
GEN24_1004006,4,4,4,4
GEN24_1004009,4,4,4,4
GEN24_1004021,4,4,4,4
GEN24_1004022,4,4,4,4
GEN24_1004024,3,4,3,4
GEN24_1004033,4,4,3,4
GEN24_1004036,4,4,4,4
GEN24_1004039,4,4,4,4
GEN24_1004048,4,4,4,4
GEN24_1004049,4,4,4,4
GEN24_1004051,4,4,4,4
GEN24_1004054,4,4,4,4
GEN24_1004057,3,4,4,4
GEN24_1004061,4,4,4,4
GEN24_1004073,4,4,4,4
GEN24_1004074,4,4,4,4
GEN24_1004075,4,4,4,4
GEN24_1004083,4,4,4,4
GEN24_1004088,3,4,4,3
GEN24_1004090,4,4,3,4
GEN24_1004091,4,4,4,4
GEN24_1004094,4,4,4,4
GEN24_1004100,4,4,4,4
GEN24_1004109,4,4,3,3
GEN24_1004113,4,4,4,4
GEN24_1004116,4,4,3,3
GEN24_1004119,4,4,4,4
GEN24_1004124,4,4,3,4
GEN24_1004129,4,4,4,4
GEN24_1004136,4,4,4,4
GEN24_1004143,4,4,4,4
GEN24_1004147,4,4,4,4
GEN24_1004149,4,4,4,4
GEN24_1004154,4,4,4,4
GEN24_1004157,4,4,4,4
GEN24_1004158,4,4,4,4
GEN24_1004159,4,4,4,4
GEN24_1004161,4,4,4,4
GEN24_1004167,4,4,4,4
GEN24_1004169,4,4,4,4
GEN24_1004183,4,4,4,4
GEN24_1004193,4,4,3,4
GEN24_1004196,4,4,4,3
GEN24_1004198,4,4,3,4
GEN24_1004202,4,4,3,3
GEN24_1004203,4,4,4,4
GEN24_1004218,4,4,4,4
GEN24_1004234,2,4,4,4
GEN24_1004239,4,3,4,4
GEN24_1004242,4,4,4,4
GEN24_1004244,4,4,4,4
GEN24_1004245,4,4,4,4
GEN24_1004250,4,4,4,4
GEN24_1004251,4,4,3,4
GEN24_1004263,4,4,4,4
GEN24_1004264,4,4,4,4
GEN24_1004265,4,4,4,3
GEN24_1004271,4,4,4,4
GEN24_1004272,4,4,4,4
GEN24_1004275,4,4,4,4
GEN24_1004277,4,4,4,4
GEN24_1004279,4,4,3,4
GEN24_1004280,4,4,4,4
GEN24_1004282,4,4,4,4
GEN24_1004283,4,4,4,4
GEN24_1004291,4,4,4,4
GEN24_1004293,4,4,4,4
GEN24_1004294,4,4,4,4
GEN24_1004299,4,4,4,4
GEN24_1004301,4,4,4,4
GEN24_1004303,4,4,4,4
GEN24_1004307,4,4,4,4
GEN24_1004308,4,4,4,4
GEN24_1004317,4,4,4,3
GEN24_1004318,3,3,4,3
GEN24_1004322,4,4,4,4
GEN24_1004323,4,4,4,4
GEN24_1004339,4,4,4,3
GEN24_1004341,4,4,4,4
GEN24_1004344,4,3,4,4
GEN24_1004346,4,4,4,4
GEN24_1004347,3,4,4,4
GEN24_1004350,4,4,4,4
GEN24_1004351,3,4,4,4
GEN24_1004355,4,4,4,4
GEN24_1004362,4,4,4,4
GEN24_1004369,4,4,4,4
GEN24_1004374,4,4,4,4
GEN24_1004377,4,4,3,3
GEN24_1004388,4,4,3,4
GEN24_1004389,4,4,4,4
GEN24_1004390,4,4,4,4
GEN24_1004391,4,4,4,4
GEN24_1004396,4,4,4,4
GEN24_1004403,4,4,4,4
GEN24_1004416,4,4,4,4
GEN24_1004418,4,4,4,4
GEN24_1004425,4,4,4,3
GEN24_1004427,4,4,4,4
GEN24_1004432,4,4,4,2
GEN24_1004434,4,4,4,4
GEN24_1004442,4,4,4,4
GEN24_1004445,4,4,3,3
GEN24_1004447,4,4,4,4
GEN24_1004450,3,4,3,4
GEN24_1004452,4,4,4,4
GEN24_1004454,4,4,4,4
GEN24_1004455,4,4,4,4
GEN24_1004456,4,4,4,4
GEN24_1004462,4,4,3,4
GEN24_1004464,4,4,4,4
GEN24_1004465,4,4,4,4
GEN24_1004469,3,4,4,4
GEN24_1004471,4,4,4,4
GEN24_1004474,4,4,4,4
GEN24_1004476,4,4,4,4
GEN24_1004487,4,4,3,4
GEN24_1004488,4,4,4,4
GEN24_1004491,4,4,4,4
GEN24_1004492,4,4,4,4
GEN24_1004499,4,4,4,4
GEN24_1004500,4,4,4,4
GEN24_1004516,4,4,4,4
GEN24_1004517,4,4,4,4
GEN24_1004520,4,3,4,4
GEN24_1004522,4,4,4,3
GEN24_1004523,4,4,4,4
GEN24_1004524,4,4,4,4
GEN24_1004527,4,4,4,4
GEN24_1004529,4,4,4,4
GEN24_1004535,4,4,4,4
GEN24_1004541,4,4,4,4
GEN24_1004562,4,4,4,3
GEN24_1004563,4,4,4,4
GEN24_1004565,4,4,4,4
GEN24_1004569,4,4,4,4
GEN24_1004575,4,4,4,3
GEN24_1004576,4,4,4,4
GEN24_1004578,4,4,4,4
GEN24_1004583,4,4,4,3
GEN24_1004584,4,4,4,4
GEN24_1004586,4,3,4,4
GEN24_1004591,4,4,4,4
GEN24_1004592,4,4,4,4
GEN24_1004594,4,4,4,4
GEN24_1004596,4,4,4,4
GEN24_1004599,4,4,4,4
GEN24_1004603,4,4,4,4
GEN24_1004610,4,4,4,4
GEN24_1004612,4,4,3,4
GEN24_1004614,4,3,4,4
GEN24_1004617,4,4,4,3
GEN24_1004621,4,3,4,4
GEN24_1004623,3,4,4,4
GEN24_1004626,3,4,4,3
GEN24_1004628,4,4,4,4
GEN24_1004633,4,4,4,4
GEN24_1004635,3,4,4,1
GEN24_1004641,4,4,4,4
GEN24_1004642,4,4,4,4
GEN24_1004643,4,4,4,4
GEN24_1004652,4,4,4,4
GEN24_1004654,4,4,4,4
GEN24_1004655,4,4,4,4
GEN24_1004656,4,4,4,4
GEN24_1004658,4,4,4,3
GEN24_1004660,4,4,4,4
GEN24_1004664,4,4,4,4
GEN24_1004665,4,4,4,4
GEN24_1004667,4,4,4,4
GEN24_1004669,4,3,4,3
GEN24_1004670,4,4,4,4
GEN24_1004672,4,4,4,4
GEN24_1004685,4,4,4,4
GEN24_1004687,4,4,4,4
GEN24_1004689,4,3,3,4
GEN24_1004690,4,4,4,4
GEN24_1004695,4,4,4,4
GEN24_1004696,3,4,4,4
GEN24_1004699,4,4,4,4
GEN24_1004700,4,4,4,4
GEN24_1004701,4,4,4,4
GEN24_1004711,4,4,4,4
GEN24_1004721,4,4,4,4
GEN24_1004727,4,4,4,4
GEN24_1004753,4,4,4,4
GEN24_1004756,4,4,4,4
GEN24_1004758,4,4,3,3
GEN24_1004761,4,4,4,4
GEN24_1004768,4,4,4,4
GEN24_1004773,4,4,4,4
GEN24_1004777,4,4,4,4
GEN24_1004786,3,4,3,4
GEN24_1004789,4,4,4,4
GEN24_1004790,4,4,4,4
GEN24_1004795,4,4,4,4
GEN24_1004801,4,4,4,4
GEN24_1004803,4,3,4,3
GEN24_1004804,4,4,4,4
GEN24_1004808,4,3,4,4
GEN24_1004817,4,3,4,4
GEN24_1004819,4,4,4,4
GEN24_1004822,4,4,4,4
GEN24_1004826,4,4,4,4
GEN24_1004834,4,4,4,4
GEN24_1004839,4,3,3,4
GEN24_1004840,4,4,3,4
GEN24_1004847,4,4,4,4
GEN24_1004851,4,4,4,4
GEN24_1004862,4,4,4,4
GEN24_1004868,4,4,4,4
GEN24_1004869,4,4,4,4
GEN24_1004872,4,4,4,4
GEN24_1004874,4,4,4,4
GEN24_1004876,4,4,4,4
GEN24_1004877,4,4,4,4
GEN24_1004881,4,4,3,4
GEN24_1004887,4,4,4,4
GEN24_1004894,4,4,4,4
GEN24_1004902,4,4,4,4
GEN24_1004906,4,4,4,4
GEN24_1004908,4,4,4,4
GEN24_1004914,4,3,4,4
GEN24_1004920,4,4,4,4
GEN24_1004921,4,4,4,4
GEN24_1004924,3,4,3,3
GEN24_1004928,4,4,4,4
GEN24_1004932,4,4,4,4
GEN24_1004934,4,4,4,4
GEN24_1004935,4,4,4,4
GEN24_1004938,4,4,4,4
GEN24_1004939,4,4,3,4
GEN24_1004940,4,4,4,4
GEN24_1004943,4,4,4,4
GEN24_1004963,4,4,4,4
GEN24_1004966,4,4,4,4
GEN24_1004969,4,4,4,3
GEN24_1004974,4,4,4,3
GEN24_1004976,4,4,4,3
GEN24_1004978,4,4,3,4
GEN24_1004986,4,4,4,4
GEN24_1004992,4,4,4,4
GEN24_1004996,4,4,4,4
GEN24_1004997,4,4,4,4
GEN24_1005003,4,4,4,4
GEN24_1005007,4,4,4,4
GEN24_1005008,4,4,4,4
GEN24_1005009,4,4,4,4
GEN24_1005032,4,3,4,3
GEN24_1005034,4,4,4,4
GEN24_1005035,4,4,4,4
GEN24_1005036,4,4,4,4
GEN24_1005046,4,4,4,4
GEN24_1005047,4,4,4,4
GEN24_1005051,4,4,4,3
GEN24_1005052,4,4,4,4
GEN24_1005055,4,4,4,4
GEN24_1005066,4,4,3,4
GEN24_1005069,4,4,4,4
GEN24_1005071,4,4,4,4
GEN24_1005090,4,4,4,4
GEN24_1005093,4,4,4,4
GEN24_1005095,4,4,4,4
GEN24_1005098,4,4,4,4
GEN24_1005101,4,3,4,4
GEN24_1005104,4,4,4,4
GEN24_1005107,4,4,4,3
GEN24_1005111,4,4,4,4
GEN24_1005116,4,4,4,4
GEN24_1005117,4,4,4,4
GEN24_1005119,4,4,4,4
GEN24_1005124,4,4,4,4
GEN24_1005125,4,4,4,4
GEN24_1005130,4,4,4,4
GEN24_1005131,4,4,3,4
GEN24_1005136,4,4,4,4
GEN24_1005138,4,4,4,4
GEN24_1005141,4,4,4,4
GEN24_1005148,4,4,4,4
GEN24_1005150,4,4,4,4
GEN24_1005152,4,4,4,4
GEN24_1005154,4,4,4,4
GEN24_1005161,4,4,4,4
GEN24_1005164,4,4,4,4
GEN24_1005166,4,4,4,4
GEN24_1005173,4,4,4,4
GEN24_1005176,4,4,4,4
GEN24_1005179,4,4,4,3
GEN24_1005180,4,4,4,4
GEN24_1005181,4,4,4,4
GEN24_1005185,4,4,4,4
GEN24_1005189,4,4,4,4
GEN24_1005190,4,4,4,4
GEN24_1005193,4,4,4,4
GEN24_1005196,4,4,4,4
GEN24_1005200,4,4,4,4
GEN24_1005202,4,4,4,4
GEN24_1005203,4,4,4,4
GEN24_1005206,4,3,4,4
GEN24_1005208,2,4,3,4
GEN24_1005213,4,4,4,4
GEN24_1005216,4,4,4,4
GEN24_1005217,4,4,4,4
GEN24_1005218,4,4,4,4
GEN24_1005219,4,4,4,4
GEN24_1005220,4,4,4,4
GEN24_1005224,4,4,4,4
GEN24_1005226,4,4,4,4
GEN24_1005236,4,4,4,4
GEN24_1005246,4,4,4,4
GEN24_1005257,4,4,4,4
GEN24_1005272,4,4,4,4
GEN24_1005273,4,4,4,4
GEN24_1005274,4,4,4,3
GEN24_1005276,4,4,4,4
GEN24_1005280,4,4,4,4
GEN24_1005281,4,4,2,4
GEN24_1005292,4,3,4,4
GEN24_1005294,4,4,4,4
GEN24_1005296,4,4,4,4
GEN24_1005298,4,4,4,4
GEN24_1005299,4,4,4,4
GEN24_1005303,4,4,4,4
GEN24_1005308,4,4,4,4
GEN24_1005311,4,4,4,4
GEN24_1005314,4,4,4,4
GEN24_1005316,4,4,4,4
GEN24_1005324,4,4,4,4
GEN24_1005327,4,4,4,4
GEN24_1005329,4,4,4,4
GEN24_1005338,4,4,4,4
GEN24_1005343,4,4,4,4
GEN24_1005350,4,4,4,4
GEN24_1005353,4,4,4,4
GEN24_1005354,4,4,4,4
GEN24_1005358,4,4,4,4
GEN24_1005360,4,4,4,4
GEN24_1005365,4,4,4,3
GEN24_1005366,4,4,4,4
GEN24_1005367,2,4,4,3
GEN24_1005369,4,4,4,4
GEN24_1005370,4,4,4,4
GEN24_1005371,4,4,4,4
GEN24_1005372,4,4,4,4
GEN24_1005377,4,4,4,4
GEN24_1005379,3,4,4,4
GEN24_1005385,4,4,4,4
GEN24_1005394,4,4,4,4
GEN24_1005395,4,4,4,4
GEN24_1005396,4,4,4,4
GEN24_1005400,4,3,4,4
GEN24_1005402,4,4,4,4
GEN24_1005406,4,4,4,4
GEN24_1005411,4,4,4,4
GEN24_1005420,4,4,4,4
GEN24_1005424,4,4,4,4
GEN24_1005425,4,4,4,3
GEN24_1005427,4,4,4,4
GEN24_1005432,4,3,4,4
GEN24_1005436,4,4,4,4
GEN24_1005437,4,4,4,4
GEN24_1005438,4,4,4,4
GEN24_1005441,4,4,4,4
GEN24_1005446,4,4,4,4
GEN24_1005452,4,4,4,4
GEN24_1005457,4,4,4,4
GEN24_1005469,4,4,4,4
GEN24_1005470,4,4,4,4
GEN24_1005474,4,4,4,4
GEN24_1005475,4,4,4,4
GEN24_1005486,4,3,3,4
GEN24_1005506,4,4,4,4
GEN24_1005514,4,4,4,4
GEN24_1005527,4,4,3,4
GEN24_1005528,4,4,4,4
GEN24_1005529,4,4,4,4
GEN24_1005535,4,4,3,4
GEN24_1005536,4,4,4,4
GEN24_1005537,4,3,3,4
GEN24_1005538,4,4,3,4
GEN24_1005541,4,4,4,3
GEN24_1005547,4,4,4,4
GEN24_1005552,4,4,4,4
GEN24_1005581,4,4,4,4
GEN24_1005582,4,4,4,4
GEN24_1005592,4,4,4,4
GEN24_1005595,4,4,4,4
GEN24_1005599,4,4,4,4
GEN24_1005606,4,4,3,3
GEN24_1005608,4,4,4,4
GEN24_1005609,4,4,3,4
GEN24_1005611,4,4,4,4
GEN24_1005616,4,4,4,4
GEN24_1005618,4,4,4,3
GEN24_1005622,4,4,4,4
GEN24_1005627,4,4,4,4
GEN24_1005630,4,4,4,4
GEN24_1005640,4,4,4,4
GEN24_1005641,4,4,4,4
GEN24_1005642,4,4,4,4
GEN24_1005645,4,4,4,4
GEN24_1005647,4,4,4,4
GEN24_1005661,4,4,4,4
GEN24_1005667,4,4,4,4
GEN24_1005668,4,4,4,4
GEN24_1005670,4,4,4,4
GEN24_1005681,4,4,4,4
GEN24_1005683,4,4,4,4
GEN24_1005702,4,4,4,4
GEN24_1005704,4,4,4,4
GEN24_1005705,4,4,4,4
GEN24_1005708,4,4,4,4
GEN24_1005713,4,4,4,4
GEN24_1005714,4,4,3,4
GEN24_1005716,4,4,4,4
GEN24_1005722,3,4,3,4
GEN24_1005725,4,4,4,4
GEN24_1005726,4,4,4,4
GEN24_1005728,4,4,4,4
GEN24_1005729,4,4,4,4
GEN24_1005733,4,4,4,4
GEN24_1005736,4,4,4,4
GEN24_1005738,4,4,4,4
GEN24_1005745,3,4,4,4
GEN24_1005746,4,4,4,4
GEN24_1005747,3,3,3,3
GEN24_1005748,4,4,4,4
GEN24_1005749,4,4,4,4
GEN24_1005753,3,4,4,3
GEN24_1005754,4,4,4,4
GEN24_1005759,4,4,4,4
GEN24_1005763,4,4,4,4
GEN24_1005767,4,4,4,4
GEN24_1005768,4,3,4,3
GEN24_1005769,4,4,4,4
GEN24_1005774,4,4,4,4
GEN24_1005775,4,3,4,4
GEN24_1005776,4,4,4,4
GEN24_1005777,4,4,4,4
GEN24_1005779,4,3,4,4
GEN24_1005780,4,4,3,4
GEN24_1005784,4,4,4,3
GEN24_1005785,4,4,4,4
GEN24_1005792,4,4,4,4
GEN24_1005807,4,4,4,4
GEN24_1005809,4,4,4,4
GEN24_1005813,4,4,4,3
GEN24_1005817,3,4,4,4
GEN24_1005822,4,4,3,4
GEN24_1005823,4,3,4,4
GEN24_1005825,4,4,4,4
GEN24_1005830,4,4,4,4
GEN24_1005835,4,4,4,4
GEN24_1005836,4,4,4,3
GEN24_1005841,3,4,4,4
GEN24_1005842,4,4,4,4
GEN24_1005847,3,3,4,3
GEN24_1005852,4,4,3,4
GEN24_1005866,3,4,4,4
GEN24_1005869,4,4,4,4
GEN24_1005873,4,4,4,4
GEN24_1005876,4,4,4,3
GEN24_1005877,4,4,4,4
GEN24_1005878,4,4,4,4
GEN24_1005879,4,4,4,4
GEN24_1005881,4,4,4,4
GEN24_1005884,4,4,4,4
GEN24_1005889,4,4,4,3
GEN24_1005891,4,4,4,4
GEN24_1005897,4,4,4,4
GEN24_1005899,4,4,4,4
GEN24_1005901,4,4,4,4
GEN24_1005907,4,4,4,4
GEN24_1005909,4,4,4,4
GEN24_1005913,4,4,4,3
GEN24_1005914,4,4,4,4
GEN24_1005915,4,4,4,4
GEN24_1005917,3,4,3,3
GEN24_1005918,4,4,4,3
GEN24_1005919,4,4,4,4
GEN24_1005920,4,4,4,4
GEN24_1005921,4,4,3,4
GEN24_1005922,4,4,4,4
GEN24_1005925,4,4,4,3
GEN24_1005926,4,4,4,4
GEN24_1005931,4,4,4,4
GEN24_1005932,4,4,4,4
GEN24_1005936,4,4,4,4
GEN24_1005939,4,4,4,4
GEN24_1005942,4,4,4,4
GEN24_1005947,4,4,4,4
GEN24_1005948,4,4,3,4
GEN24_1005949,3,3,3,3
GEN24_1005952,4,4,4,4
GEN24_1005955,4,4,4,4
GEN24_1005956,4,4,4,4
GEN24_1005961,4,4,4,4
GEN24_1005963,4,4,4,4
GEN24_1005966,4,4,4,4
GEN24_1005973,3,4,3,4
GEN24_1005976,4,4,4,4
GEN24_1005980,4,4,4,4
GEN24_1005981,4,4,4,4
GEN24_1005982,4,4,4,3
GEN24_1005983,4,4,4,4
GEN24_1005984,4,3,3,4
GEN24_1005988,4,4,4,4
GEN24_1005989,4,4,4,4
GEN24_1006003,4,4,4,4
GEN24_1006005,4,4,4,4
GEN24_1006012,4,4,4,4
GEN24_1006017,4,4,4,4
GEN24_1006018,4,4,4,4
GEN24_1006019,4,4,4,4
GEN24_1006024,4,4,4,3
GEN24_1006025,3,3,4,4
GEN24_1006026,4,4,4,4
GEN24_1006042,4,3,4,4
GEN24_1006044,4,4,4,4
GEN24_1006046,4,4,3,4
GEN24_1006047,4,4,4,4
GEN24_1006048,4,4,4,4
GEN24_1006051,4,4,4,4
GEN24_1006056,4,4,4,4
GEN24_1006057,4,4,4,4
GEN24_1006065,4,4,4,3
GEN24_1006066,4,4,4,4
GEN24_1006071,3,4,4,4
GEN24_1006074,4,4,4,4
GEN24_1006077,4,4,4,4
GEN24_1006079,4,4,4,4
GEN24_1006082,3,3,3,4
GEN24_1006084,4,4,4,4
GEN24_1006094,4,4,4,4
GEN24_1006097,4,4,4,4
GEN24_1006098,4,4,3,4
GEN24_1006101,4,4,4,4
GEN24_1006104,4,4,4,4
GEN24_1006105,4,4,4,4
GEN24_1006114,3,4,2,4
GEN24_1006122,4,2,4,3
GEN24_1006150,4,4,3,4
GEN24_1006152,4,4,4,4
GEN24_1006161,4,4,4,4
GEN24_1006164,4,4,4,4
GEN24_1006165,4,4,4,4
GEN24_1006168,4,4,4,4
GEN24_1006169,4,4,4,4
GEN24_1006176,4,4,4,4
GEN24_1006177,4,4,4,4
GEN24_1006181,4,4,4,4
GEN24_1006182,4,4,4,4
GEN24_1006184,4,4,4,4
GEN24_1006186,4,4,4,4
GEN24_1006188,4,4,4,4
GEN24_1006190,4,4,4,3
GEN24_1006205,4,4,4,3
GEN24_1006206,4,4,4,4
GEN24_1006210,4,4,4,4
GEN24_1006219,4,4,4,4
GEN24_1006233,4,4,4,4
GEN24_1006235,4,3,4,4
GEN24_1006238,3,4,4,4
GEN24_1006240,4,4,4,4
GEN24_1006248,4,4,4,4
GEN24_1006251,4,4,4,4
GEN24_1006254,4,4,4,4
GEN24_1006255,4,4,4,4
GEN24_1006260,4,3,4,4
GEN24_1006263,4,4,4,4
GEN24_1006267,4,4,4,4
GEN24_1006278,4,4,4,4
GEN24_1006279,3,4,4,3
GEN24_1006280,4,3,4,4
GEN24_1006284,4,4,3,4
GEN24_1006285,4,4,4,4
GEN24_1006287,4,4,4,4
GEN24_1006296,4,4,4,4
GEN24_1006298,4,4,4,4
GEN24_1006300,4,4,4,4
GEN24_1006301,3,4,3,3
GEN24_1006302,4,4,4,4
GEN24_1006303,4,4,4,4
GEN24_1006311,4,2,3,4
GEN24_1006314,4,4,4,4
GEN24_1006317,4,4,4,4
GEN24_1006319,4,4,4,4
GEN24_1006320,4,4,4,4
GEN24_1006321,3,4,4,4
GEN24_1006323,4,4,4,4
GEN24_1006324,4,3,4,4
GEN24_1006334,4,4,4,3
GEN24_1006337,4,4,4,4
GEN24_1006359,4,4,4,4
GEN24_1006368,4,4,4,4
GEN24_1006374,4,4,4,4
GEN24_1006377,4,4,4,4
GEN24_1006388,4,4,4,4
GEN24_1006389,4,4,4,4
GEN24_1006390,4,4,4,4
GEN24_1006394,4,4,4,4
GEN24_1006416,4,4,4,4
GEN24_1006417,4,4,4,4
GEN24_1006421,4,4,4,4
GEN24_1006426,4,3,4,4
GEN24_1006427,4,4,4,4
GEN24_1006429,4,4,3,4
GEN24_1006443,2,4,4,4
GEN24_1006445,4,4,4,4
GEN24_1006460,4,4,4,4
GEN24_1006467,4,4,4,4
GEN24_1006469,4,4,4,4
GEN24_1006484,4,4,4,4
GEN24_1006485,4,4,4,4
GEN24_1006490,4,4,4,4
GEN24_1006497,4,4,4,4
GEN24_1006498,4,4,4,4
GEN24_1006500,4,4,4,4
GEN24_1006502,4,4,4,4
GEN24_1006506,4,4,4,4
GEN24_1006514,3,4,4,4
GEN24_1006522,4,4,4,4
GEN24_1006523,4,4,4,4
GEN24_1006524,4,4,4,3
GEN24_1006532,4,4,4,4
GEN24_1006547,4,4,4,4
GEN24_1006548,4,4,4,4
GEN24_1006555,4,4,4,4
GEN24_1006556,4,4,4,4
GEN24_1006558,4,4,4,4
GEN24_1006562,4,4,3,4
GEN24_1006582,4,4,4,4
GEN24_1006587,4,4,4,4
GEN24_1006588,4,4,4,4
GEN24_1006593,4,4,4,4
GEN24_1006594,4,4,4,4
GEN24_1006596,4,3,3,4
GEN24_1006601,4,4,4,4
GEN24_1006611,4,3,4,4
GEN24_1006613,4,4,4,4
GEN24_1006621,4,4,4,4
GEN24_1006622,4,4,4,4
GEN24_1006629,4,4,4,4
GEN24_1006635,4,4,4,4
GEN24_1006636,3,4,3,3
GEN24_1006637,4,4,4,4
GEN24_1006643,4,4,4,4
GEN24_1006644,4,3,4,4
GEN24_1006647,4,4,4,4
GEN24_1006649,4,4,4,4
GEN24_1006650,4,4,4,4
GEN24_1006652,4,4,4,4
GEN24_1006655,4,4,4,4
GEN24_1006656,4,4,3,4
GEN24_1006660,4,4,4,4
GEN24_1006661,3,4,4,4
GEN24_1006662,4,4,4,4
GEN24_1006663,4,4,4,4
GEN24_1006666,4,4,4,4
GEN24_1006670,4,4,3,4
GEN24_1006672,4,4,4,4
GEN24_1006674,4,4,4,4
GEN24_1006679,4,4,4,4
GEN24_1006687,4,4,4,4
GEN24_1006689,4,4,4,3
GEN24_1006690,4,4,3,4
GEN24_1006692,3,3,4,3
GEN24_1006693,4,4,4,4
GEN24_1006701,4,4,4,4
GEN24_1006702,4,3,4,4
GEN24_1006704,4,4,4,4
GEN24_1006712,4,4,4,4
GEN24_1006713,4,4,4,4
GEN24_1006717,4,4,3,4
GEN24_1006719,4,4,4,4
GEN24_1006721,4,4,4,4
GEN24_1006722,4,4,4,4
GEN24_1006732,4,4,4,3
GEN24_1006738,4,4,4,4
GEN24_1006740,4,4,4,4
GEN24_1006741,4,4,4,4
GEN24_1006745,4,4,4,4
GEN24_1006751,4,4,4,4
GEN24_1006752,4,4,4,4
GEN24_1006756,4,4,4,4
GEN24_1006759,4,4,4,4
GEN24_1006768,4,4,4,4
GEN24_1006770,4,4,4,4
GEN24_1006772,4,3,4,3
GEN24_1006773,4,4,4,4
GEN24_1006782,4,4,4,4
GEN24_1006791,4,4,4,4
GEN24_1006795,4,4,4,3
GEN24_1006802,4,4,4,4
GEN24_1006815,4,4,4,4
GEN24_1006816,4,4,4,4
GEN24_1006819,4,4,4,4
GEN24_1006820,4,3,4,4
GEN24_1006828,4,4,4,4
GEN24_1006836,4,4,4,4
GEN24_1006840,4,4,4,4
GEN24_1006851,4,4,4,4
GEN24_1006852,4,4,4,4
GEN24_1006854,4,4,4,4
GEN24_1006863,4,4,4,4
GEN24_1006872,4,4,4,4
GEN24_1006880,4,4,4,4
GEN24_1006881,4,4,4,4
GEN24_1006883,4,4,4,4
GEN24_1006884,4,4,4,4
GEN24_1006888,4,4,4,4
GEN24_1006891,4,4,4,4
GEN24_1006900,4,4,4,4
GEN24_1006907,4,4,4,4
GEN24_1006908,4,4,4,4
GEN24_1006914,4,4,4,4
GEN24_1006924,4,4,3,4
GEN24_1006928,4,4,4,4
GEN24_1006932,4,4,4,4
GEN24_1006937,4,4,4,4
GEN24_1006940,4,4,4,4
GEN24_1006944,4,4,4,4
GEN24_1006948,4,4,4,4
GEN24_1006949,4,4,4,4
GEN24_1006953,4,4,4,4
GEN24_1006954,4,4,4,4
GEN24_1006958,4,4,4,3
GEN24_1006960,4,4,4,3
GEN24_1006970,4,4,4,3
GEN24_1006972,4,4,4,4
GEN24_1006977,4,4,4,4
GEN24_1006984,4,4,4,4
GEN24_1006989,4,4,4,4
GEN24_1006990,4,4,3,3
GEN24_1007020,4,4,4,4
GEN24_1007023,4,4,4,4
GEN24_1007026,4,4,4,4
GEN24_1007037,4,4,3,4
GEN24_1007038,4,4,4,4
GEN24_1007044,4,4,4,4
GEN24_1007077,4,4,4,4
GEN24_1007081,4,4,4,4
GEN24_1007085,4,3,3,3
GEN24_1007086,4,4,4,4
GEN24_1007088,4,3,3,4
GEN24_1007090,4,4,4,4
GEN24_1007091,4,4,4,4
GEN24_1007092,4,4,4,4
GEN24_1007096,4,4,4,4
GEN24_1007109,4,4,4,4
GEN24_1007113,4,4,4,4
GEN24_1007115,4,4,4,3
GEN24_1007117,4,4,4,4
GEN24_1007120,4,4,4,4
GEN24_1007129,4,4,4,4
GEN24_1007132,4,4,4,4
GEN24_1007133,3,4,4,4
GEN24_1007134,4,4,4,4
GEN24_1007137,4,4,4,4
GEN24_1007140,4,4,4,4
GEN24_1007154,4,3,3,4
GEN24_1007155,4,4,4,4
GEN24_1007167,4,4,4,4
GEN24_1007168,4,4,4,4
GEN24_1007175,4,4,4,3
GEN24_1007185,4,4,4,4
GEN24_1007188,4,4,4,4
GEN24_1007189,3,3,4,2
GEN24_1007193,2,4,4,4
GEN24_1007210,4,4,4,3
GEN24_1007215,4,4,4,4
GEN24_1007219,4,4,4,4
GEN24_1007221,4,4,3,3
GEN24_1007224,4,4,4,4
GEN24_1007228,4,4,4,4
GEN24_1007232,4,4,4,4
GEN24_1007242,4,4,4,4
GEN24_1007246,4,4,4,4
GEN24_1007251,3,4,4,4
GEN24_1007253,4,4,4,4
GEN24_1007256,4,4,4,4
GEN24_1007259,4,4,4,4
GEN24_1007260,4,4,4,4
GEN24_1007265,4,3,4,4
GEN24_1007266,4,4,4,4
GEN24_1007267,4,4,4,3
GEN24_1007275,4,4,4,4
GEN24_1007276,4,4,4,4
GEN24_1007283,4,4,4,4
GEN24_1007284,4,4,4,4
GEN24_1007293,4,4,4,4
GEN24_1007294,4,4,4,4
GEN24_1007298,4,4,4,4
GEN24_1007300,4,4,4,4
GEN24_1007302,3,4,4,3
GEN24_1007310,4,4,4,4
GEN24_1007312,4,4,4,4
GEN24_1007329,4,4,4,4
GEN24_1007330,4,4,4,4
GEN24_1007332,4,4,4,4
GEN24_1007333,4,4,4,4
GEN24_1007334,4,4,4,4
GEN24_1007336,4,4,4,4
GEN24_1007339,4,4,4,4
GEN24_1007340,4,4,4,3
GEN24_1007341,3,4,4,4
GEN24_1007342,4,4,4,4
GEN24_1007343,4,4,4,4
GEN24_1007346,4,4,4,4
GEN24_1007349,4,4,4,4
GEN24_1007351,4,4,4,4
GEN24_1007354,4,3,4,3
GEN24_1007364,4,4,4,4
GEN24_1007367,4,4,4,4
GEN24_1007368,4,4,4,4
GEN24_1007370,4,4,4,4
GEN24_1007371,3,4,4,4
GEN24_1007373,4,4,4,4
GEN24_1007377,4,3,4,4
GEN24_1007384,3,3,4,4
GEN24_1007385,4,4,4,4
GEN24_1007386,4,4,4,4
GEN24_1007397,4,4,3,4
GEN24_1007398,4,4,4,4
GEN24_1007399,4,4,4,4
GEN24_1007407,4,4,4,4
GEN24_1007413,3,4,3,3
GEN24_1007416,4,4,4,4
GEN24_1007418,4,4,4,4
GEN24_1007421,4,4,4,4
GEN24_1007422,4,4,4,4
GEN24_1007423,4,4,4,4
GEN24_1007424,4,4,4,3
GEN24_1007434,4,4,4,4
GEN24_1007437,4,4,4,4
GEN24_1007454,4,4,4,4
GEN24_1007465,4,4,4,4
GEN24_1007482,4,4,4,4
GEN24_1007485,4,4,4,4
GEN24_1007486,4,4,4,4
GEN24_1007499,4,4,4,4
GEN24_1007503,4,3,3,4
GEN24_1007509,4,4,3,4
GEN24_1007518,4,4,4,4
GEN24_1007519,4,4,4,4
GEN24_1007520,4,4,4,4
GEN24_1007527,4,4,4,4
GEN24_1007528,4,4,4,4
GEN24_1007529,4,4,4,4
GEN24_1007538,4,4,4,4
GEN24_1007541,4,4,4,4
GEN24_1007543,4,4,4,4
GEN24_1007544,4,3,4,3
GEN24_1007546,4,4,4,4
GEN24_1007547,4,4,4,4
GEN24_1007558,3,4,4,3
GEN24_1007559,4,4,4,4
GEN24_1007560,4,4,4,4
GEN24_1007561,4,4,4,4
GEN24_1007564,4,4,4,4
GEN24_1007569,4,4,4,4
GEN24_1007572,4,4,4,4
GEN24_1007573,4,4,4,4
GEN24_1007574,4,4,4,4
GEN24_1007576,4,4,4,4
GEN24_1007581,4,4,4,4
GEN24_1007582,4,4,4,3
GEN24_1007583,4,4,4,4
GEN24_1007592,4,4,4,4
GEN24_1007601,4,4,4,3
GEN24_1007603,4,4,4,4
GEN24_1007611,4,4,4,4
GEN24_1007626,4,4,4,4
GEN24_1007633,4,4,4,4
GEN24_1007636,4,4,4,4
GEN24_1007638,4,4,4,4
GEN24_1007643,4,4,4,4
GEN24_1007645,4,4,4,3
GEN24_1007646,4,4,4,4
GEN24_1007647,3,4,4,3
GEN24_1007649,4,4,4,4
GEN24_1007650,4,4,3,4
GEN24_1007654,4,4,2,3
GEN24_1007656,4,4,4,3
GEN24_1007659,4,4,4,4
GEN24_1007661,4,4,4,4
GEN24_1007662,4,4,4,4
GEN24_1007688,4,4,4,4
GEN24_1007692,4,4,4,3
GEN24_1007697,4,4,4,4
GEN24_1007699,4,4,4,4
GEN24_1007703,4,4,4,4
GEN24_1007715,4,4,4,4
GEN24_1007717,4,4,4,4
GEN24_1007719,4,4,4,4
GEN24_1007722,4,4,4,4
GEN24_1007724,4,4,4,4
GEN24_1007727,4,4,4,4
GEN24_1007730,4,4,4,4
GEN24_1007731,4,4,4,4
GEN24_1007737,4,4,4,4
GEN24_1007738,4,4,4,4
GEN24_1007747,4,4,4,4
GEN24_1007750,4,3,4,4
GEN24_1007754,4,4,4,4
GEN24_1007755,4,4,4,4
GEN24_1007756,4,4,4,4
GEN24_1007757,4,4,4,4
GEN24_1007767,4,4,4,4
GEN24_1007771,4,4,4,4
GEN24_1007779,4,4,4,4
GEN24_1007781,4,4,4,4
GEN24_1007783,4,4,4,3
GEN24_1007786,4,4,4,4
GEN24_1007787,4,4,4,4
GEN24_1007791,4,4,4,4
GEN24_1007793,4,4,4,4
GEN24_1007799,4,4,4,4
GEN24_1007804,4,4,4,4
GEN24_1007811,4,4,4,4
GEN24_1007812,4,4,4,4
GEN24_1007813,4,4,3,4
GEN24_1007824,4,4,4,4
GEN24_1007826,4,4,4,4
GEN24_1007828,4,4,3,3
GEN24_1007846,4,4,4,4
GEN24_1007855,4,4,4,4
GEN24_1007856,4,4,4,4
GEN24_1007857,4,4,4,4
GEN24_1007858,4,4,4,4
GEN24_1007859,4,4,4,4
GEN24_1007861,4,4,4,4
GEN24_1007862,4,4,4,4
GEN24_1007865,4,4,4,4
GEN24_1007866,4,4,4,4
GEN24_1007868,4,4,4,4
GEN24_1007875,4,4,4,4
GEN24_1007883,4,4,4,4
GEN24_1007884,4,4,4,4
GEN24_1007902,4,4,4,4
GEN24_1007908,4,4,4,4
GEN24_1007911,4,4,4,4
GEN24_1007914,4,4,4,4
GEN24_1007917,3,3,3,4
GEN24_1007918,4,4,4,4
GEN24_1007919,4,4,4,4
GEN24_1007921,4,4,4,4
GEN24_1007925,4,4,4,4
GEN24_1007930,4,4,4,4
GEN24_1007941,4,4,4,4
GEN24_1007944,4,4,4,4
GEN24_1007947,4,4,4,4
GEN24_1007949,4,4,4,4
GEN24_1007950,4,4,4,4
GEN24_1007955,4,4,4,4
GEN24_1007958,4,4,3,4
GEN24_1007964,3,4,3,3
GEN24_1007966,4,4,4,4
GEN24_1007972,4,4,4,4
GEN24_1007975,4,4,3,4
GEN24_1007976,4,4,4,4
GEN24_1007985,4,4,4,4
GEN24_1007996,4,4,4,4
GEN24_1008000,4,4,4,4
GEN24_1008009,4,4,4,4
GEN24_1008016,4,4,3,4
GEN24_1008021,3,4,4,4
GEN24_1008027,4,4,4,4
GEN24_1008038,4,4,4,4
GEN24_1008041,4,4,4,4
GEN24_1008046,4,4,4,4
GEN24_1008049,4,4,4,4
GEN24_1008051,4,4,4,4
GEN24_1008056,4,4,4,4
GEN24_1008057,4,4,4,4
GEN24_1008061,4,4,4,4
GEN24_1008068,4,4,4,4
GEN24_1008071,4,4,4,4
GEN24_1008073,4,4,4,3
GEN24_1008075,4,4,4,4
GEN24_1008079,4,4,4,4
GEN24_1008081,4,4,4,4
GEN24_1008086,4,4,4,4
GEN24_1008089,4,4,4,4
GEN24_1008091,4,4,4,4
GEN24_1008092,4,4,4,4
GEN24_1008094,3,4,3,4
GEN24_1008103,3,3,4,4
GEN24_1008121,4,4,4,4
GEN24_1008123,4,4,4,4
GEN24_1008124,4,4,4,4
GEN24_1008132,4,4,4,3
GEN24_1008135,4,3,4,4
GEN24_1008141,4,4,4,4
GEN24_1008142,4,4,4,4
GEN24_1008143,4,4,4,3
GEN24_1008144,4,4,4,4
GEN24_1008145,4,4,3,4
GEN24_1008147,4,3,4,4
GEN24_1008148,4,4,4,4
GEN24_1008153,4,4,4,4
GEN24_1008154,4,3,4,3
GEN24_1008160,4,4,4,4
GEN24_1008164,4,4,4,4
GEN24_1008168,4,4,3,4
GEN24_1008171,4,4,3,4
GEN24_1008175,4,4,4,4
GEN24_1008176,4,4,4,3
GEN24_1008192,4,4,4,3
GEN24_1008194,4,4,4,4
GEN24_1008201,4,4,4,4
GEN24_1008214,4,4,4,4
GEN24_1008222,4,4,4,4
GEN24_1008233,4,4,4,4
GEN24_1008234,4,4,4,4
GEN24_1008236,4,4,4,3
GEN24_1008237,4,4,4,4
GEN24_1008238,4,4,4,4
GEN24_1008241,4,4,2,2
GEN24_1008255,4,4,4,4
GEN24_1008261,3,3,3,4
GEN24_1008268,4,4,4,4
GEN24_1008274,4,4,4,4
GEN24_1008277,4,3,3,3
GEN24_1008278,4,4,4,4
GEN24_1008286,4,4,4,4
GEN24_1008288,4,4,4,4
GEN24_1008298,4,4,4,4
GEN24_1008303,4,3,4,4
GEN24_1008305,4,4,4,4
GEN24_1008308,4,4,4,4
GEN24_1008309,4,4,4,3
GEN24_1008310,4,4,4,3
GEN24_1008311,4,4,4,4
GEN24_1008313,4,4,4,4
GEN24_1008317,4,4,4,4
GEN24_1008326,4,4,4,4
GEN24_1008337,4,4,4,4
GEN24_1008338,4,4,4,4
GEN24_1008339,4,4,4,4
GEN24_1008341,2,4,3,3
GEN24_1008345,4,4,4,4
GEN24_1008346,4,4,3,4
GEN24_1008347,4,4,4,4
GEN24_1008348,4,4,4,4
GEN24_1008351,4,4,3,4
GEN24_1008352,4,4,4,3
GEN24_1008354,3,3,3,4
GEN24_1008358,4,4,4,4
GEN24_1008360,4,4,4,4
GEN24_1008364,4,4,4,3
GEN24_1008365,4,4,4,4
GEN24_1008366,4,4,4,4
GEN24_1008368,4,4,4,4
GEN24_1008369,4,4,4,4
GEN24_1008371,4,4,3,4
GEN24_1008377,4,4,4,4
GEN24_1008379,4,4,4,4
GEN24_1008380,4,4,4,4
GEN24_1008386,4,4,4,4
GEN24_1008392,4,4,4,4
GEN24_1008398,4,4,3,4
GEN24_1008403,4,4,4,4
GEN24_1008404,4,4,4,4
GEN24_1008409,4,4,3,3
GEN24_1008413,4,4,4,4
GEN24_1008417,3,4,4,3
GEN24_1008427,4,4,4,4
GEN24_1008428,4,4,4,4
GEN24_1008446,2,3,4,4
GEN24_1008448,4,4,3,4
GEN24_1008453,3,4,4,4
GEN24_1008456,4,4,4,4
GEN24_1008457,4,4,4,4
GEN24_1008462,4,4,3,4
GEN24_1008463,4,4,4,4
GEN24_1008469,4,4,4,4
GEN24_1008470,4,4,4,4
GEN24_1008474,4,4,4,4
GEN24_1008475,4,4,4,4
GEN24_1008477,4,4,4,4
GEN24_1008482,4,4,4,4
GEN24_1008483,4,4,4,4
GEN24_1008488,4,4,4,4
GEN24_1008489,4,4,4,4
GEN24_1008492,4,4,4,4
GEN24_1008515,4,4,4,4
GEN24_1008519,4,4,4,4
GEN24_1008523,4,4,4,4
GEN24_1008524,4,4,4,4
GEN24_1008525,4,4,4,4
GEN24_1008530,4,4,4,3
GEN24_1008537,4,4,4,4
GEN24_1008543,4,4,4,4
GEN24_1008552,3,4,4,4
GEN24_1008573,4,4,4,4
GEN24_1008598,4,4,4,4
GEN24_1008606,4,4,4,4
GEN24_1008608,4,4,4,4
GEN24_1008636,4,4,4,3
GEN24_1008643,4,4,3,4
GEN24_1008645,4,4,4,4
GEN24_1008653,4,4,4,4
GEN24_1008679,4,4,4,4
GEN24_1008683,4,4,4,4
GEN24_1008695,4,3,4,4
GEN24_1008698,4,4,4,4
GEN24_1008706,4,4,3,4
GEN24_1008708,4,4,3,4
GEN24_1008710,4,4,4,4
GEN24_1008711,4,4,4,4
GEN24_1008715,4,4,4,4
GEN24_1008719,4,4,4,4
GEN24_1008725,4,3,3,4
GEN24_1008727,4,4,4,4
GEN24_1008728,4,4,4,4
GEN24_1008734,4,4,4,4
GEN24_1008737,4,4,4,4
GEN24_1008739,4,4,4,3
GEN24_1008741,4,4,4,4
GEN24_1008743,4,4,4,4
GEN24_1008747,4,4,4,4
GEN24_1008752,4,4,4,4
GEN24_1008753,4,4,4,4
GEN24_1008765,4,4,4,4
GEN24_1008766,4,4,4,4
GEN24_1008777,4,4,4,4
GEN24_1008783,4,4,4,4
GEN24_1008785,4,4,4,4
GEN24_1008794,4,4,4,4
GEN24_1008796,4,4,3,4
GEN24_1008798,4,4,4,4
GEN24_1008799,4,4,4,4
GEN24_1008801,3,4,3,2
GEN24_1008803,4,4,4,4
GEN24_1008804,4,4,4,4
GEN24_1008806,4,4,4,4
GEN24_1008808,4,4,4,4
GEN24_1008811,4,4,4,4
GEN24_1008818,4,4,4,4
GEN24_1008824,4,4,4,4
GEN24_1008830,4,4,4,3
GEN24_1008831,4,4,4,4
GEN24_1008832,4,4,4,4
GEN24_1008836,4,4,4,4
GEN24_1008838,4,4,4,4
GEN24_1008839,4,4,4,4
GEN24_1008840,4,4,4,4
GEN24_1008846,4,4,4,3
GEN24_1008847,4,4,4,3
GEN24_1008850,4,4,4,4
GEN24_1008861,3,4,4,4
GEN24_1008865,4,3,4,4
GEN24_1008869,4,2,4,4
GEN24_1008870,4,4,4,4
GEN24_1008878,4,4,4,4
GEN24_1008889,4,4,4,4
GEN24_1008897,3,3,3,3
GEN24_1008906,4,4,4,4
GEN24_1008914,4,4,4,4
GEN24_1008919,4,4,4,4
GEN24_1008921,4,4,4,4
GEN24_1008924,4,4,4,4
GEN24_1008925,4,4,4,4
GEN24_1008937,3,4,4,3
GEN24_1008938,4,4,4,4
GEN24_1008941,4,4,4,4
GEN24_1008947,4,4,4,4
GEN24_1008952,4,4,4,4
GEN24_1008953,4,4,4,4
GEN24_1008954,4,4,4,2
GEN24_1008955,4,4,4,4
GEN24_1008961,4,4,4,4
GEN24_1008967,4,4,4,4
GEN24_1008968,4,4,3,4
GEN24_1008969,4,3,4,3
GEN24_1008971,4,4,4,3
GEN24_1008973,4,4,4,4
GEN24_1008976,4,4,4,4
GEN24_1008979,4,4,4,4
GEN24_1008981,4,4,4,4
GEN24_1008984,4,4,4,4
GEN24_1008985,4,4,4,4
GEN24_1008990,4,4,4,4
GEN24_1008995,4,4,4,4
GEN24_1008997,4,4,3,4
GEN24_1009002,3,3,4,3
GEN24_1009004,4,4,4,4
GEN24_1009014,4,4,4,4
GEN24_1009018,4,4,4,4
GEN24_1009022,4,4,4,4
GEN24_1009034,4,3,3,4
GEN24_1009035,4,4,3,3
GEN24_1009041,4,4,4,4
GEN24_1009053,4,4,4,4
GEN24_1009055,4,4,3,4
GEN24_1009066,4,4,4,4
GEN24_1009072,4,4,4,4
GEN24_1009073,4,4,3,4
GEN24_1009075,4,4,4,4
GEN24_1009084,3,3,4,4
GEN24_1009093,3,4,4,4
GEN24_1009098,4,4,4,4
GEN24_1009100,4,4,4,4
GEN24_1009101,4,3,4,4
GEN24_1009109,4,4,4,4
GEN24_1009110,4,4,4,3
GEN24_1009126,4,4,3,4
GEN24_1009127,4,3,4,4
GEN24_1009143,3,4,4,3
GEN24_1009158,4,4,4,2
GEN24_1009159,3,4,4,3
GEN24_1009164,4,4,4,4
GEN24_1009165,4,4,4,4
GEN24_1009166,4,4,4,4
GEN24_1009170,4,3,4,2
GEN24_1009173,4,4,4,4
GEN24_1009175,4,4,4,4
GEN24_1009180,4,4,3,4
GEN24_1009190,4,4,4,4
GEN24_1009195,3,4,3,4
GEN24_1009198,4,4,4,4
GEN24_1009199,4,3,4,4
GEN24_1009206,4,4,4,4
GEN24_1009214,3,3,3,4
GEN24_1009217,4,4,4,4
GEN24_1009220,4,4,4,3
GEN24_1009226,4,4,3,4
GEN24_1009231,4,4,4,4
GEN24_1009232,4,4,4,4
GEN24_1009242,4,4,4,4
GEN24_1009247,4,4,4,4
GEN24_1009252,4,4,4,4
GEN24_1009253,4,4,4,4
GEN24_1009255,4,4,4,4
GEN24_1009268,4,4,4,4
GEN24_1009274,4,4,3,4
GEN24_1009276,4,4,4,4
GEN24_1009279,4,4,4,4
GEN24_1009282,4,4,4,4
GEN24_1009294,4,4,4,4
GEN24_1009295,4,4,4,4
GEN24_1009302,4,4,4,4
GEN24_1009303,4,2,2,3
GEN24_1009315,3,4,4,3
GEN24_1009317,4,4,4,4
GEN24_1009319,4,4,4,4
GEN24_1009331,4,4,4,4
GEN24_1009333,2,4,4,4
GEN24_1009334,3,3,4,4
GEN24_1009339,4,4,4,4
GEN24_1009340,4,4,4,4
GEN24_1009346,4,4,4,4
GEN24_1009347,4,4,4,4
GEN24_1009349,4,4,4,4
GEN24_1009350,4,4,4,4
GEN24_1009357,4,4,4,4
GEN24_1009375,4,4,4,4
GEN24_1009377,4,4,4,4
GEN24_1009390,4,4,4,4
GEN24_1009397,4,4,4,4
GEN24_1009398,4,4,4,4
GEN24_1009399,4,4,4,4
GEN24_1009400,4,4,4,4
GEN24_1009402,4,4,4,4
GEN24_1009412,4,4,4,2
GEN24_1009413,4,3,4,4
GEN24_1009417,4,4,4,4
GEN24_1009421,4,4,4,4
GEN24_1009424,4,4,4,4
GEN24_1009428,4,4,4,4
GEN24_1009433,4,4,4,4
GEN24_1009436,4,4,4,4
GEN24_1009453,4,4,3,3
GEN24_1009457,4,4,4,4
GEN24_1009460,4,4,4,4
GEN24_1009461,4,4,4,4
GEN24_1009462,4,4,4,4
GEN24_1009463,4,4,3,4
GEN24_1009465,4,4,4,1
GEN24_1009485,4,4,4,4
GEN24_1009486,4,4,4,4
GEN24_1009491,4,4,4,4
GEN24_1009492,3,4,4,4
GEN24_1009498,4,4,4,4
GEN24_1009503,4,4,4,3
GEN24_1009511,4,4,4,4
GEN24_1009516,4,4,4,4
GEN24_1009526,4,4,2,4
GEN24_1009531,4,4,4,4
GEN24_1009535,4,4,4,4
GEN24_1009536,4,4,4,4
GEN24_1009541,4,4,4,4
GEN24_1009542,4,4,4,3
GEN24_1009543,4,4,4,3
GEN24_1009544,4,4,4,4
GEN24_1009545,4,4,4,4
GEN24_1009550,4,4,4,4
GEN24_1009556,4,4,4,4
GEN24_1009558,4,4,4,4
GEN24_1009561,4,3,3,3
GEN24_1009563,4,4,4,4
GEN24_1009567,3,3,3,3
GEN24_1009571,4,4,4,4
GEN24_1009574,4,4,4,4
GEN24_1009575,4,4,4,4
GEN24_1009576,4,3,3,4
GEN24_1009595,4,4,4,4
GEN24_1009611,4,3,4,3
GEN24_1009613,4,4,4,4
GEN24_1009615,4,4,4,4
GEN24_1009616,4,4,4,4
GEN24_1009617,4,4,4,4
GEN24_1009621,4,4,4,4
GEN24_1009626,4,4,4,4
GEN24_1009641,4,4,4,3
GEN24_1009650,4,4,4,4
GEN24_1009652,4,4,4,4
GEN24_1009653,4,3,4,4
GEN24_1009657,4,4,4,4
GEN24_1009658,4,4,4,4
GEN24_1009666,3,3,3,3
GEN24_1009671,4,4,4,4
GEN24_1009675,4,3,4,4
GEN24_1009705,4,4,4,4
GEN24_1009707,4,4,4,4
GEN24_1009709,4,4,4,4
GEN24_1009715,4,4,3,4
GEN24_1009718,4,4,4,4
GEN24_1009719,4,4,4,4
GEN24_1009721,4,4,4,4
GEN24_1009723,4,3,4,4
GEN24_1009725,4,4,4,4
GEN24_1009727,4,4,4,4
GEN24_1009732,4,4,4,4
GEN24_1009742,4,4,4,3
GEN24_1009748,4,4,4,4
GEN24_1009751,4,4,4,4
GEN24_1009753,4,4,4,4
GEN24_1009755,4,4,4,4
GEN24_1009757,4,4,4,4
GEN24_1009763,4,4,4,4
GEN24_1009766,4,4,4,4
GEN24_1009767,4,4,4,4
GEN24_1009768,4,4,4,3
GEN24_1009772,4,2,4,3
GEN24_1009775,4,3,4,4
GEN24_1009776,4,4,4,4
GEN24_1009779,4,4,4,2
GEN24_1009790,4,4,4,4
GEN24_1009791,4,4,4,4
GEN24_1009792,4,4,4,4
GEN24_1009794,4,4,4,4
GEN24_1009806,4,4,4,4
GEN24_1009815,4,4,4,4
GEN24_1009826,3,4,2,4
GEN24_1009827,4,4,4,4
GEN24_1009843,3,4,3,4
GEN24_1009848,3,3,4,3
GEN24_1009850,4,4,4,4
GEN24_1009853,4,4,4,4
GEN24_1009854,4,4,4,4
GEN24_1009856,4,4,4,4
GEN24_1009857,4,4,4,4
GEN24_1009860,4,4,4,4
GEN24_1009865,4,4,4,4
GEN24_1009868,4,3,3,4
GEN24_1009870,4,4,4,4
GEN24_1009872,4,4,4,4
GEN24_1009873,4,4,4,4
GEN24_1009877,4,4,4,4
GEN24_1009884,4,4,4,3
GEN24_1009892,4,4,4,4
GEN24_1009897,4,4,4,4
GEN24_1009900,4,4,4,4
GEN24_1009902,4,4,4,4
GEN24_1009903,4,3,4,3
GEN24_1009906,4,4,4,4
GEN24_1009908,3,4,4,4
GEN24_1009909,4,4,4,3
GEN24_1009913,4,4,4,4
GEN24_1009917,4,4,4,4
GEN24_1009918,4,4,4,4
GEN24_1009919,4,4,4,4
GEN24_1009923,4,4,4,4
GEN24_1009924,4,4,4,4
GEN24_1009929,4,4,3,4
GEN24_1009930,4,4,4,4
GEN24_1009931,3,4,4,3
GEN24_1009935,4,4,4,4
GEN24_1009939,4,4,4,4
GEN24_1009942,4,4,4,4
GEN24_1009952,4,4,4,3
GEN24_1009958,4,4,4,4
GEN24_1009960,4,4,4,4
GEN24_1009962,4,4,4,4
GEN24_1009964,4,4,4,4
GEN24_1009965,4,4,4,4
GEN24_1009967,4,4,4,3
GEN24_1009970,4,4,3,4
GEN24_1009972,4,4,4,4
GEN24_1009976,4,4,4,4
GEN24_1009994,4,4,4,4
GEN24_1009997,4,4,4,4
GEN24_1009998,4,4,4,4
GEN24_1009999,4,3,3,4
GEN24_1010001,4,4,4,4
GEN24_1010002,2,4,4,4
GEN24_1010011,4,4,4,4
GEN24_1010012,4,4,4,4
GEN24_1010013,4,4,4,4
GEN24_1010018,4,4,4,4
GEN24_1010026,4,4,4,4
GEN24_1010030,2,4,4,4
GEN24_1010036,4,4,4,4
GEN24_1010040,4,4,4,4
GEN24_1010041,4,4,4,4
GEN24_1010044,4,4,4,4
GEN24_1010050,4,4,4,4
GEN24_1010051,4,4,4,3
GEN24_1010053,4,4,4,4
GEN24_1010061,4,4,3,4
GEN24_1010077,4,4,4,4
GEN24_1010090,4,4,4,4
GEN24_1010094,4,4,4,4
GEN24_1010098,4,4,4,4
GEN24_1010103,4,4,4,4
GEN24_1010106,4,3,4,4
GEN24_1010107,4,4,4,4
GEN24_1010108,3,1,1,1
GEN24_1010117,3,4,3,4
GEN24_1010127,4,4,4,4
GEN24_1010131,3,4,3,3
GEN24_1010138,4,4,4,4
GEN24_1010139,4,4,4,4
GEN24_1010141,4,4,4,4
GEN24_1010150,3,4,3,4
GEN24_1010179,4,4,4,4
GEN24_1010183,4,4,2,4
GEN24_1010187,4,3,4,4
GEN24_1010189,4,4,4,4
GEN24_1010190,4,4,4,4
GEN24_1010191,4,4,4,4
GEN24_1010192,4,4,4,4
GEN24_1010198,4,4,4,4
GEN24_1010202,4,4,3,4
GEN24_1010207,4,4,4,4
GEN24_1010208,4,4,4,4
GEN24_1010209,4,4,4,3
GEN24_1010212,4,4,4,4
GEN24_1010213,4,4,4,4
GEN24_1010218,4,4,4,4
GEN24_1010224,3,4,3,4
GEN24_1010227,4,4,4,4
GEN24_1010239,4,3,4,4
GEN24_1010241,4,4,4,4
GEN24_1010245,4,4,4,4
GEN24_1010249,4,4,4,4
GEN24_1010253,4,4,4,4
GEN24_1010258,4,4,4,4
GEN24_1010259,4,4,4,4
GEN24_1010261,4,4,4,4
GEN24_1010264,4,4,4,4
GEN24_1010265,4,4,4,4
GEN24_1010266,4,4,4,4
GEN24_1010278,4,4,4,4
GEN24_1010284,4,4,4,4
GEN24_1010289,4,4,4,4
GEN24_1010290,4,4,4,3
GEN24_1010294,4,4,4,4
GEN24_1010296,4,4,4,4
GEN24_1010299,4,4,4,4
GEN24_1010300,4,4,4,4
GEN24_1010302,4,4,4,4
GEN24_1010303,4,4,4,4
GEN24_1010310,4,3,3,4
GEN24_1010311,4,4,4,4
GEN24_1010312,4,4,4,4
GEN24_1010313,4,4,4,4
GEN24_1010314,4,4,4,3
GEN24_1010320,4,4,4,4
GEN24_1010321,4,4,3,4
GEN24_1010323,4,4,4,4
GEN24_1010326,4,4,4,4
GEN24_1010327,4,4,4,4
GEN24_1010328,4,4,4,4
GEN24_1010331,4,4,4,4
GEN24_1010337,4,4,4,4
GEN24_1010344,3,4,4,3
GEN24_1010345,4,4,4,4
GEN24_1010349,4,4,4,4
GEN24_1010351,4,4,4,3
GEN24_1010359,4,4,4,4
GEN24_1010363,4,3,4,4
GEN24_1010367,4,4,4,4
GEN24_1010376,4,4,4,4
GEN24_1010378,4,4,4,4
GEN24_1010382,4,4,4,4
GEN24_1010383,4,3,4,3
GEN24_1010387,4,4,4,4
GEN24_1010388,4,4,4,4
GEN24_1010396,4,4,4,4
GEN24_1010400,4,4,4,4
GEN24_1010403,4,4,4,4
GEN24_1010410,4,4,4,4
GEN24_1010422,4,4,4,4
GEN24_1010441,4,4,4,4
GEN24_1010442,4,3,3,4
GEN24_1010444,4,4,4,3
GEN24_1010446,4,4,4,4
GEN24_1010455,3,4,4,4
GEN24_1010459,4,4,4,4
GEN24_1010464,4,4,4,4
GEN24_1010468,4,4,4,4
GEN24_1010475,4,4,4,4
GEN24_1010480,4,4,3,3
GEN24_1010483,4,4,4,4
GEN24_1010488,4,4,4,4
GEN24_1010491,4,4,4,4
GEN24_1010492,4,4,4,4
GEN24_1010513,4,4,4,4
GEN24_1010516,4,4,4,4
GEN24_1010517,4,4,4,4
GEN24_1010519,4,4,4,4
GEN24_1010521,4,4,4,4
GEN24_1010523,3,3,4,4
GEN24_1010524,4,4,4,4
GEN24_1010525,4,4,4,4
GEN24_1010528,4,4,4,4
GEN24_1010529,4,4,4,4
GEN24_1010531,4,4,4,4
GEN24_1010532,4,4,4,4
GEN24_1010537,4,4,4,4
GEN24_1010539,4,4,4,4
GEN24_1010550,4,4,4,4
GEN24_1010553,4,4,4,4
GEN24_1010554,4,4,4,4
GEN24_1010562,4,4,4,4
GEN24_1010564,4,4,4,4
GEN24_1010571,4,4,4,4
GEN24_1010573,4,4,4,4
GEN24_1010577,4,4,4,4
GEN24_1010585,4,4,4,4
GEN24_1010588,4,4,4,4
GEN24_1010589,4,4,4,4
GEN24_1010593,4,4,4,4
GEN24_1010595,4,4,4,4
GEN24_1010597,4,4,4,4
GEN24_1010598,4,4,4,4
GEN24_1010620,4,4,4,4
GEN24_1010628,4,4,4,4
GEN24_1010629,4,4,3,4
GEN24_1010630,4,4,4,4
GEN24_1010633,4,4,4,4
GEN24_1010635,4,4,4,4
GEN24_1010643,4,4,4,4
GEN24_1010647,4,4,4,4
GEN24_1010651,2,2,4,2
GEN24_1010672,4,4,4,4
GEN24_1010674,4,4,3,4
GEN24_1010676,4,4,4,4
GEN24_1010678,4,4,4,4
GEN24_1010680,4,4,4,4
GEN24_1010681,4,4,4,4
GEN24_1010688,4,4,3,4
GEN24_1010690,4,4,4,4
GEN24_1010691,4,4,4,4
GEN24_1010695,4,4,4,4
GEN24_1010702,4,4,4,4
GEN24_1010707,3,3,3,3
GEN24_1010708,4,4,4,4
GEN24_1010714,4,4,4,4
GEN24_1010715,4,4,4,4
GEN24_1010718,4,4,3,4
GEN24_1010721,4,4,4,3
GEN24_1010723,4,4,4,4
GEN24_1010731,4,4,4,4
GEN24_1010732,4,4,4,4
GEN24_1010735,4,4,4,2
GEN24_1010749,4,4,4,3
GEN24_1010750,4,4,4,4
GEN24_1010753,4,4,3,4
GEN24_1010756,3,4,3,3
GEN24_1010764,4,4,4,4
GEN24_1010765,4,4,4,3
GEN24_1010767,4,4,4,3
GEN24_1010768,4,3,4,4
GEN24_1010771,4,4,4,4
GEN24_1010784,4,4,4,3
GEN24_1010785,4,4,4,4
GEN24_1010787,4,4,4,4
GEN24_1010788,4,4,4,4
GEN24_1010791,4,4,4,4
GEN24_1010793,4,4,4,4
GEN24_1010796,4,4,4,4
GEN24_1010798,4,4,4,4
GEN24_1010799,4,4,4,4
GEN24_1010800,4,4,4,4
GEN24_1010802,4,4,4,4
GEN24_1010804,4,4,4,4
GEN24_1010817,4,4,4,4
GEN24_1010820,3,4,4,4
GEN24_1010831,4,3,4,2
GEN24_1010837,4,4,4,4
GEN24_1010841,4,4,4,4
GEN24_1010861,4,4,4,4
GEN24_1010871,4,4,3,3
GEN24_1010872,4,4,4,4
GEN24_1010878,4,4,4,4
GEN24_1010881,4,4,4,4
GEN24_1010886,4,4,4,4
GEN24_1010888,4,4,4,4
GEN24_1010898,4,4,4,4
GEN24_1010900,4,4,4,4
GEN24_1010901,4,4,4,4
GEN24_1010904,4,4,4,3
GEN24_1010913,4,3,4,4
GEN24_1010914,4,4,4,4
GEN24_1010915,4,4,1,3
GEN24_1010922,4,4,4,4
GEN24_1010924,4,4,4,4
GEN24_1010927,4,3,3,4
GEN24_1010932,4,4,4,4
GEN24_1010935,4,4,4,4
GEN24_1010941,4,4,4,4
GEN24_1010942,3,4,4,4
GEN24_1010948,3,3,4,4
GEN24_1010954,4,4,4,4
GEN24_1010956,4,4,4,4
GEN24_1010968,4,4,4,4
GEN24_1010970,4,4,4,4
GEN24_1010972,4,4,4,4
GEN24_1010976,4,4,4,3
GEN24_1010978,4,4,4,4
GEN24_1010979,3,3,4,4
GEN24_1010980,4,4,4,4
GEN24_1010982,4,4,3,4
GEN24_1010983,4,4,4,4
GEN24_1010984,4,4,4,4
GEN24_1010988,4,4,4,4
GEN24_1010990,4,4,4,4
GEN24_1010992,4,4,4,4
GEN24_1010995,4,4,4,4
GEN24_1011000,4,4,4,4
GEN24_1011007,4,4,4,4
GEN24_1011016,4,4,4,4
GEN24_1011019,4,4,3,4
GEN24_1011021,4,4,4,4
GEN24_1011025,4,4,4,4
GEN24_1011029,4,4,4,4
GEN24_1011030,4,3,3,3
GEN24_1011034,4,4,4,4
GEN24_1011035,4,4,4,4
GEN24_1011045,3,3,4,4
GEN24_1011054,4,1,2,1
GEN24_1011055,4,4,4,4
GEN24_1011056,4,4,4,4
GEN24_1011058,4,3,4,4
GEN24_1011065,4,4,4,4
GEN24_1011069,4,4,4,4
GEN24_1011071,4,4,4,4
GEN24_1011072,4,4,4,4
GEN24_1011086,3,4,4,4
GEN24_1011088,4,4,4,4
GEN24_1011090,4,4,4,4
GEN24_1011094,4,4,4,4
GEN24_1011096,4,4,4,4
GEN24_1011097,3,4,4,4
GEN24_1011099,4,4,4,4
GEN24_1011103,4,3,4,4
GEN24_1011105,4,4,4,4
GEN24_1011106,4,4,4,4
GEN24_1011107,4,4,4,4
GEN24_1011115,4,4,4,4
GEN24_1011120,4,4,4,4
GEN24_1011122,4,4,4,4
GEN24_1011127,4,4,4,4
GEN24_1011128,4,4,4,4
GEN24_1011151,4,4,3,4
GEN24_1011152,4,4,4,4
GEN24_1011153,4,4,4,4
GEN24_1011155,4,4,4,4
GEN24_1011156,4,4,4,4
GEN24_1011157,4,4,4,4
GEN24_1011159,4,4,4,4
GEN24_1011160,4,4,4,4
GEN24_1011161,4,4,4,4
GEN24_1011164,4,4,4,4
GEN24_1011168,4,4,4,4
GEN24_1011176,4,3,3,4
GEN24_1011178,4,4,4,4
GEN24_1011181,4,4,4,2
GEN24_1011184,4,4,4,4
GEN24_1011191,4,4,4,4
GEN24_1011194,4,4,4,4
GEN24_1011198,4,3,4,4
GEN24_1011199,4,4,4,4
GEN24_1011200,4,4,4,4
GEN24_1011212,4,4,4,4
GEN24_1011213,4,4,4,4
GEN24_1011221,4,4,4,3
GEN24_1011223,4,4,3,4
GEN24_1011224,4,4,4,4
GEN24_1011225,4,4,4,4
GEN24_1011226,4,4,4,3
GEN24_1011227,3,4,4,3
GEN24_1011234,4,3,3,4
GEN24_1011250,4,4,4,4
GEN24_1011255,4,4,4,3
GEN24_1011259,4,4,4,4
GEN24_1011262,4,4,4,4
GEN24_1011272,4,4,4,4
GEN24_1011277,4,4,3,4
GEN24_1011279,4,4,4,3
GEN24_1011280,4,4,4,4
GEN24_1011284,4,4,4,4
GEN24_1011290,4,4,4,4
GEN24_1011292,4,4,4,4
GEN24_1011297,4,4,4,4
GEN24_1011299,4,4,4,4
GEN24_1011303,4,4,4,3
GEN24_1011308,4,4,4,4
GEN24_1011309,4,4,3,3
GEN24_1011315,4,4,4,4
GEN24_1011323,4,4,4,4
GEN24_1011328,4,4,4,4
GEN24_1011337,4,4,4,4
GEN24_1011338,4,4,4,4
GEN24_1011340,4,4,3,4
GEN24_1011341,4,4,4,4
GEN24_1011348,4,4,4,4
GEN24_1011349,4,4,4,4
GEN24_1011355,4,3,4,3
GEN24_1011359,4,4,4,4
GEN24_1011360,4,4,4,4
GEN24_1011364,4,4,4,4
GEN24_1011369,4,4,4,4
GEN24_1011370,4,4,4,4
GEN24_1011372,4,4,4,4
GEN24_1011383,4,4,4,4
GEN24_1011385,4,4,4,4
GEN24_1011393,4,4,4,4
GEN24_1011406,4,4,4,4
GEN24_1011408,4,4,4,4
GEN24_1011409,4,3,3,3
GEN24_1011412,4,4,4,4
GEN24_1011415,4,4,4,4
GEN24_1011436,4,4,4,4
GEN24_1011438,4,4,4,4
GEN24_1011447,4,4,4,4
GEN24_1011452,4,4,4,4
GEN24_1011465,4,4,4,4
GEN24_1011477,4,4,4,4
GEN24_1011480,3,4,3,3
GEN24_1011492,4,4,4,4
GEN24_1011495,4,4,4,4
GEN24_1011501,4,4,4,4
GEN24_1011522,4,4,4,4
GEN24_1011525,4,4,4,4
GEN24_1011527,4,4,4,3
GEN24_1011530,4,4,4,4
GEN24_1011535,4,4,4,4
GEN24_1011538,4,4,3,3
GEN24_1011541,4,4,4,4
GEN24_1011561,4,4,4,4
GEN24_1011583,4,4,4,4
GEN24_1011587,2,4,3,4
GEN24_1011607,3,4,4,4
GEN24_1011608,4,3,4,4
GEN24_1011624,4,4,3,4
GEN24_1011634,4,4,4,4
GEN24_1011639,4,4,3,3
GEN24_1011640,4,4,4,4
GEN24_1011641,4,4,4,4
GEN24_1011657,4,4,4,4
GEN24_1011665,4,4,4,4
GEN24_1011668,4,4,3,3
GEN24_1011669,4,4,4,4
GEN24_1011671,4,4,4,4
GEN24_1011680,4,4,4,4
GEN24_1011682,4,4,4,3
GEN24_1011688,4,4,4,4
GEN24_1011689,4,4,4,4
GEN24_1011692,4,4,4,4
GEN24_1011697,4,4,4,4
GEN24_1011706,4,4,4,4
GEN24_1011708,4,4,4,4
GEN24_1011709,4,4,4,4
GEN24_1011710,4,4,4,4
GEN24_1011711,4,4,4,4
GEN24_1011717,4,4,4,4
GEN24_1011728,4,4,4,4
GEN24_1011733,4,4,4,4
GEN24_1011737,4,3,3,3
GEN24_1011740,4,4,4,3
GEN24_1011744,4,4,3,4
GEN24_1011747,4,4,4,3
GEN24_1011762,4,4,4,4
GEN24_1011763,4,4,4,4
GEN24_1011764,4,4,4,4
GEN24_1011804,4,4,4,4
GEN24_1011815,4,4,4,4
GEN24_1011820,4,4,4,4
GEN24_1011823,4,4,4,4
GEN24_1011825,4,4,4,4
GEN24_1011841,4,4,4,3
GEN24_1011843,4,4,4,4
GEN24_1011853,4,4,4,4
GEN24_1011854,4,4,4,4
GEN24_1011871,4,4,4,4
GEN24_1011892,4,4,4,4
GEN24_1011897,4,4,4,4
GEN24_1011902,4,4,4,4
GEN24_1011907,4,4,4,4
GEN24_1011915,4,4,4,4
GEN24_1011916,4,4,4,4
GEN24_1011918,4,3,4,4
GEN24_1011919,4,4,4,4
GEN24_1011923,4,4,4,4
GEN24_1011946,4,4,4,4
GEN24_1011952,3,3,3,3
GEN24_1011953,4,4,4,4
GEN24_1011974,4,4,4,4
GEN24_1011976,4,4,4,3
GEN24_1011982,4,4,4,4
GEN24_1011993,4,4,4,4
GEN24_1012001,4,4,3,4
GEN24_1012031,4,3,4,4
GEN24_1012037,4,4,4,4
GEN24_1012045,4,4,4,4
GEN24_1012050,4,4,4,4
GEN24_1012052,4,3,3,4
GEN24_1012074,4,4,4,4
GEN24_1012084,4,4,4,4
GEN24_1012088,4,4,4,4
GEN24_1012091,4,4,4,4
GEN24_1012094,4,4,4,4
GEN24_1012098,4,4,4,4
GEN24_1012107,4,4,4,4
GEN24_1012108,4,3,4,3
GEN24_1012110,4,4,4,4
GEN24_1012112,4,4,4,4
GEN24_1012128,3,4,4,4
GEN24_1012169,4,4,4,4
GEN24_1012175,4,3,4,3
GEN24_1012188,4,3,4,4
GEN24_1012197,2,4,4,3
GEN24_1012198,4,4,4,4
GEN24_1012206,4,4,4,4
GEN24_1012211,4,4,4,4
GEN24_1012216,4,4,4,4
GEN24_1012218,4,4,4,3
GEN24_1012238,4,4,4,4
GEN24_1012243,4,4,4,4
GEN24_1012245,3,4,4,3
GEN24_1012268,4,4,4,4
GEN24_1012270,4,4,4,4
GEN24_1012292,4,3,4,4
GEN24_1012294,4,4,4,4
GEN24_1012295,4,4,4,4
GEN24_1012306,4,4,4,4
GEN24_1012309,4,3,4,4
GEN24_1012319,4,4,4,4
GEN24_1012331,4,4,4,4
GEN24_1012353,4,4,3,3
GEN24_1012360,4,4,4,4
GEN24_1012363,3,4,4,4
GEN24_1012364,4,4,4,4
GEN24_1012369,4,4,4,4
GEN24_1012376,4,4,4,4
GEN24_1012380,4,4,4,4
GEN24_1012391,4,4,4,4
GEN24_1012415,4,4,4,4
GEN24_1012423,4,4,4,4
GEN24_1012424,4,4,4,4
GEN24_1012426,4,4,4,4
GEN24_1012438,4,4,4,4
GEN24_1012445,4,4,3,4
GEN24_1012454,4,4,4,4
GEN24_1012460,4,4,4,4
GEN24_1012461,4,4,4,4
GEN24_1012464,4,4,4,4
GEN24_1012497,4,4,4,4
GEN24_1012498,4,4,3,4
GEN24_1012499,4,4,4,4
GEN24_1012505,4,4,4,4
GEN24_1012506,4,4,4,4
GEN24_1012508,4,4,4,4
GEN24_1012516,4,4,4,4
GEN24_1012518,4,4,4,4
GEN24_1012522,4,4,4,4
GEN24_1012523,4,4,4,4
GEN24_1012525,4,4,4,4
GEN24_1012529,4,4,4,4
GEN24_1012530,3,4,3,4
GEN24_1012540,4,4,3,4
GEN24_1012541,4,4,4,4
GEN24_1012548,4,4,4,4
GEN24_1012549,4,4,4,4
GEN24_1012587,4,4,4,4
GEN24_1012600,4,4,4,4
GEN24_1012607,3,4,4,4
GEN24_1012608,4,4,4,4
GEN24_1012610,4,4,4,4
GEN24_1012612,4,4,4,4
GEN24_1012614,4,4,4,4
GEN24_1012619,4,4,4,4
GEN24_1012620,4,4,4,4
GEN24_1012621,4,4,4,4
GEN24_1012624,4,4,4,4
GEN24_1012626,4,4,4,4
GEN24_1012630,4,3,4,4
GEN24_1012632,4,4,4,4
GEN24_1012636,4,4,4,4
GEN24_1012637,3,3,4,2
GEN24_1012640,4,4,4,4
GEN24_1012643,4,4,4,3
GEN24_1012647,4,4,4,4
GEN24_1012659,4,4,4,3
GEN24_1012661,4,4,4,4
GEN24_1012662,4,4,4,4
GEN24_1012665,4,4,4,4
GEN24_1012667,4,4,4,4
GEN24_1012669,4,4,4,4
GEN24_1012679,4,4,4,3
GEN24_1012687,4,4,4,4
GEN24_1012688,4,4,4,4
GEN24_1012691,4,4,4,4
GEN24_1012693,4,4,4,4
GEN24_1012712,4,4,4,4
GEN24_1012716,4,4,4,4
GEN24_1012727,4,4,4,4
GEN24_1012736,4,4,4,3
GEN24_1012737,4,4,4,4
GEN24_1012739,4,4,4,4
GEN24_1012743,4,4,4,4
GEN24_1012751,4,4,4,4
GEN24_1012754,4,4,4,4
GEN24_1012756,4,4,4,4
GEN24_1012765,4,4,4,2
GEN24_1012769,4,4,4,4
GEN24_1012772,4,4,4,4
GEN24_1012774,3,4,4,4
GEN24_1012777,4,4,4,4
GEN24_1012783,4,4,4,4
GEN24_1012786,4,4,4,4
GEN24_1012788,4,4,4,4
GEN24_1012793,4,4,4,4
GEN24_1012795,4,4,4,4
GEN24_1012801,4,4,4,4
GEN24_1012803,4,4,4,4
GEN24_1012806,4,4,4,4
GEN24_1012809,4,4,4,4
GEN24_1012815,4,4,4,4
GEN24_1012821,4,4,4,4
GEN24_1012825,4,4,4,4
GEN24_1012826,4,4,4,4
GEN24_1012830,4,4,4,4
GEN24_1012833,4,4,4,4
GEN24_1012834,4,4,4,4
GEN24_1012838,4,4,4,4
GEN24_1012839,4,4,4,4
GEN24_1012841,4,4,4,4
GEN24_1012844,4,4,4,4
GEN24_1012849,3,3,4,4
GEN24_1012851,4,3,4,3
GEN24_1012853,4,4,4,4
GEN24_1012854,4,4,4,4
GEN24_1012862,4,4,4,4
GEN24_1012866,4,4,3,4
GEN24_1012876,4,4,4,4
GEN24_1012877,4,3,4,4
GEN24_1012881,4,4,4,4
GEN24_1012891,4,4,4,4
GEN24_1012894,2,4,3,4
GEN24_1012900,3,4,3,4
GEN24_1012901,4,4,4,4
GEN24_1012902,4,4,4,4
GEN24_1012908,4,4,4,4
GEN24_1012909,4,4,4,4
GEN24_1012910,4,4,4,4
GEN24_1012914,4,4,4,4
GEN24_1012935,4,4,3,3
GEN24_1012939,3,4,4,4
GEN24_1012949,4,4,4,4
GEN24_1012953,4,4,4,4
GEN24_1012954,4,4,4,4
GEN24_1012960,4,4,4,4
GEN24_1012961,4,4,4,3
GEN24_1012965,4,4,4,4
GEN24_1012972,3,4,4,2
GEN24_1012980,4,4,4,4
GEN24_1012983,4,4,4,4
GEN24_1012989,4,4,4,4
GEN24_1012992,4,3,4,4
GEN24_1012996,4,4,4,4
GEN24_1012999,3,4,4,3
GEN24_1013005,4,4,4,4
GEN24_1013006,4,4,4,4
GEN24_1013019,4,4,4,4
GEN24_1013029,4,4,4,4
GEN24_1013032,4,4,4,3
GEN24_1013033,4,4,4,4
GEN24_1013035,4,4,4,4
GEN24_1013036,4,4,3,4
GEN24_1013037,4,4,4,4
GEN24_1013041,3,4,3,4
GEN24_1013045,4,4,4,4
GEN24_1013046,4,4,4,4
GEN24_1013055,4,4,4,4
GEN24_1013056,4,4,4,4
GEN24_1013058,4,4,4,4
GEN24_1013059,4,4,4,4
GEN24_1013060,4,4,4,4
GEN24_1013063,4,4,4,4
GEN24_1013068,4,4,4,4
GEN24_1013075,4,4,4,4
GEN24_1013079,4,4,4,4
GEN24_1013102,4,4,4,4
GEN24_1013103,4,4,4,3
GEN24_1013120,4,4,4,4
GEN24_1013125,4,4,4,4
GEN24_1013130,4,4,4,4
GEN24_1013140,4,4,4,4
GEN24_1013141,4,4,4,4
GEN24_1013142,4,4,4,4
GEN24_1013145,4,4,4,4
GEN24_1013151,4,4,4,4
GEN24_1013152,4,4,4,3
GEN24_1013153,4,4,4,4
GEN24_1013156,4,4,4,4
GEN24_1013158,4,4,4,4
GEN24_1013159,4,4,4,4
GEN24_1013160,4,4,4,4
GEN24_1013163,4,4,4,4
GEN24_1013165,4,4,4,4
GEN24_1013169,4,4,4,4
GEN24_1013173,4,3,3,4
GEN24_1013175,3,4,4,4
GEN24_1013176,4,4,3,4
GEN24_1013179,4,4,4,4
GEN24_1013181,4,4,4,4
GEN24_1013190,4,4,4,4
GEN24_1013192,4,4,4,4
GEN24_1013194,4,3,4,4
GEN24_1013196,4,4,4,4
GEN24_1013200,4,4,4,4
GEN24_1013201,4,3,3,2
GEN24_1013203,4,4,4,4
GEN24_1013204,4,4,4,4
GEN24_1013209,4,4,4,4
GEN24_1013220,4,4,4,4
GEN24_1013223,4,4,3,3
GEN24_1013230,4,3,4,3
GEN24_1013232,4,4,4,4
GEN24_1013252,4,4,4,4
GEN24_1013260,4,4,4,4
GEN24_1013261,4,4,4,4
GEN24_1013271,4,4,4,4
GEN24_1013278,4,4,4,3
GEN24_1013280,3,4,4,4
GEN24_1013287,4,4,4,4
GEN24_1013289,4,4,4,4
GEN24_1013291,4,4,4,4
GEN24_1013294,4,4,4,4
GEN24_1013295,4,4,4,3
GEN24_1013296,4,4,4,4
GEN24_1013304,4,4,4,4
GEN24_1013305,4,4,4,4
GEN24_1013306,4,4,4,4
GEN24_1013311,4,4,4,4
GEN24_1013318,4,4,4,4
GEN24_1013320,3,4,3,4
GEN24_1013324,4,4,4,4
GEN24_1013325,4,4,4,4
GEN24_1013326,4,4,4,4
GEN24_1013329,4,4,4,4
GEN24_1013330,4,2,3,4
GEN24_1013331,4,4,4,3
GEN24_1013337,3,3,4,4
GEN24_1013338,4,4,4,4
GEN24_1013340,4,4,4,3
GEN24_1013347,4,3,4,4
GEN24_1013355,4,4,4,4
GEN24_1013358,4,4,4,4
GEN24_1013359,4,4,4,4
GEN24_1013368,4,4,4,4
GEN24_1013374,4,4,4,4
GEN24_1013378,4,4,4,4
GEN24_1013383,4,4,4,4
GEN24_1013386,4,4,4,4
GEN24_1013392,4,4,4,4
GEN24_1013394,4,4,4,4
GEN24_1013405,4,4,4,4
GEN24_1013407,4,4,4,4
GEN24_1013414,4,4,4,4
GEN24_1013416,4,4,4,4
GEN24_1013418,4,4,4,4
GEN24_1013424,4,4,4,4
GEN24_1013435,4,4,4,4
GEN24_1013440,4,4,4,4
GEN24_1013441,4,4,4,4
GEN24_1013444,4,4,4,4
GEN24_1013450,4,4,4,4
GEN24_1013456,4,4,4,3
GEN24_1013457,4,4,4,4
GEN24_1013460,4,4,4,4
GEN24_1013464,3,3,4,4
GEN24_1013467,4,4,4,4
GEN24_1013469,4,4,4,4
GEN24_1013481,4,4,4,4
GEN24_1013482,4,4,4,4
GEN24_1013483,4,4,4,4
GEN24_1013488,4,4,4,4
GEN24_1013491,4,4,4,4
GEN24_1013499,4,4,4,4
GEN24_1013501,4,4,4,4
GEN24_1013503,4,4,4,4
GEN24_1013511,4,4,4,4
GEN24_1013513,4,3,3,4
GEN24_1013515,4,4,4,4
GEN24_1013517,4,4,4,4
GEN24_1013521,4,4,4,4
GEN24_1013523,4,4,4,4
GEN24_1013526,4,4,4,4
GEN24_1013531,4,4,4,4
GEN24_1013548,4,4,4,4
GEN24_1013551,4,4,4,4
GEN24_1013561,4,4,4,4
GEN24_1013565,4,4,4,4
GEN24_1013571,4,4,4,3
GEN24_1013579,4,4,4,4
GEN24_1013580,4,4,4,4
GEN24_1013583,4,4,4,4
GEN24_1013584,4,4,4,4
GEN24_1013585,4,4,4,4
GEN24_1013590,4,4,4,4
GEN24_1013591,4,4,4,4
GEN24_1013596,4,4,4,4
GEN24_1013604,4,4,4,3
GEN24_1013606,4,4,4,4
GEN24_1013610,4,4,4,4
GEN24_1013615,4,4,4,4
GEN24_1013616,4,4,4,4
GEN24_1013622,4,4,4,4
GEN24_1013624,4,4,4,4
GEN24_1013627,4,4,4,3
GEN24_1013630,4,4,4,4
GEN24_1013632,4,4,4,4
GEN24_1013639,4,4,4,4
GEN24_1013647,4,4,4,4
GEN24_1013649,4,4,4,4
GEN24_1013650,4,4,3,3
GEN24_1013658,4,4,4,4
GEN24_1013659,4,4,4,4
GEN24_1013662,4,3,4,4
GEN24_1013663,4,4,4,4
GEN24_1013667,4,4,4,4
GEN24_1013671,4,4,4,4
GEN24_1013677,4,4,4,4
GEN24_1013688,4,4,4,4
GEN24_1013696,4,4,4,4
GEN24_1013702,4,4,4,4
GEN24_1013707,3,3,3,4
GEN24_1013708,4,4,4,4
GEN24_1013710,4,4,4,4
GEN24_1013711,4,3,4,4
GEN24_1013718,4,4,4,4
GEN24_1013720,4,4,4,4
GEN24_1013722,4,4,4,4
GEN24_1013727,4,4,4,4
GEN24_1013737,4,4,4,3
GEN24_1013741,3,4,4,3
GEN24_1013742,4,4,4,4
GEN24_1013746,4,3,4,3
GEN24_1013747,4,4,4,4
GEN24_1013748,4,4,4,4
GEN24_1013751,4,4,4,4
GEN24_1013753,4,4,4,4
GEN24_1013754,4,4,4,4
GEN24_1013757,4,4,4,4
GEN24_1013758,4,3,4,4
GEN24_1013759,4,4,4,4
GEN24_1013761,4,4,4,4
GEN24_1013762,4,4,4,4
GEN24_1013779,4,4,4,4
GEN24_1013781,4,4,4,4
GEN24_1013788,4,4,4,4
GEN24_1013794,4,4,4,4
GEN24_1013795,4,4,4,4
GEN24_1013797,4,4,4,4
GEN24_1013798,4,4,4,4
GEN24_1013799,4,4,4,3
GEN24_1013804,4,4,4,4
GEN24_1013806,4,4,4,4
GEN24_1013815,4,4,4,4
GEN24_1013818,4,4,4,4
GEN24_1013819,4,4,4,4
GEN24_1013822,4,4,4,4
GEN24_1013823,3,4,2,3
GEN24_1013825,4,4,4,4
GEN24_1013827,4,4,4,4
GEN24_1013830,4,4,4,4
GEN24_1013831,4,4,4,4
GEN24_1013833,4,4,4,4
GEN24_1013834,4,4,4,4
GEN24_1013844,4,4,4,4
GEN24_1013849,4,4,4,4
GEN24_1013852,4,4,4,4
GEN24_1013857,4,4,4,3
GEN24_1013858,4,4,4,4
GEN24_1013859,4,4,4,4
GEN24_1013860,4,4,4,4
GEN24_1013861,4,4,4,4
GEN24_1013869,3,3,4,4
GEN24_1013872,4,4,4,4
GEN24_1013882,4,4,4,4
GEN24_1013883,4,4,4,4
GEN24_1013885,4,4,4,4
GEN24_1013886,4,4,4,3
GEN24_1013888,4,4,4,4
GEN24_1013892,4,4,4,3
GEN24_1013903,4,4,4,4
GEN24_1013907,3,4,3,4
GEN24_1013909,4,4,2,4
GEN24_1013911,4,4,4,4
GEN24_1013912,4,4,4,3
GEN24_1013913,4,4,4,4
GEN24_1013926,4,4,4,4
GEN24_1013927,4,4,4,3
GEN24_1013931,4,4,4,4
GEN24_1013932,4,4,4,4
GEN24_1013935,4,4,4,4
GEN24_1013936,4,4,4,3
GEN24_1013943,4,4,4,4
GEN24_1013946,4,4,4,3
GEN24_1013947,4,4,4,4
GEN24_1013948,4,4,4,4
GEN24_1013949,4,4,4,4
GEN24_1013951,4,4,4,4
GEN24_1013952,4,4,4,4
GEN24_1013956,3,3,4,4
GEN24_1013960,4,4,4,4
GEN24_1013963,3,4,3,4
GEN24_1013964,4,4,4,4
GEN24_1013972,4,4,4,3
GEN24_1013990,4,4,4,4
GEN24_1013994,4,4,4,4
GEN24_1013995,4,4,4,4
GEN24_1013999,4,4,4,4
GEN24_1014004,4,4,4,4
GEN24_1014007,4,4,2,4
GEN24_1014012,4,4,4,4
GEN24_1014014,4,4,4,4
GEN24_1014019,4,4,4,4
GEN24_1014022,4,4,4,4
GEN24_1014025,4,4,4,4
GEN24_1014029,4,3,3,4
GEN24_1014030,4,4,4,4
GEN24_1014032,4,4,4,4
GEN24_1014037,4,4,4,4
GEN24_1014038,4,3,4,4
GEN24_1014040,4,4,4,4
GEN24_1014043,4,4,4,3
GEN24_1014046,4,4,4,4
GEN24_1014047,4,4,4,4
GEN24_1014050,4,4,4,4
GEN24_1014054,4,4,4,4
GEN24_1014055,4,4,4,4
GEN24_1014066,4,4,4,4
GEN24_1014077,4,4,3,4
GEN24_1014086,4,4,4,3
GEN24_1014087,4,4,4,4
GEN24_1014088,4,4,4,4
GEN24_1014093,4,4,4,4
GEN24_1014094,4,4,4,4
GEN24_1014098,4,4,4,4
GEN24_1014099,4,4,4,4
GEN24_1014100,4,4,4,3
GEN24_1014104,4,4,4,4
GEN24_1014110,4,4,4,4
GEN24_1014114,4,4,4,4
GEN24_1014115,4,4,4,4
GEN24_1014116,4,4,3,4
GEN24_1014118,4,4,3,4
GEN24_1014132,3,3,3,3
GEN24_1014139,4,4,4,4
GEN24_1014140,4,4,4,4
GEN24_1014147,4,4,4,4
GEN24_1014149,4,4,4,4
GEN24_1014150,4,4,4,4
GEN24_1014153,4,4,4,4
GEN24_1014154,4,4,4,4
GEN24_1014157,4,4,4,4
GEN24_1014160,4,4,4,4
GEN24_1014161,4,4,4,4
GEN24_1014164,4,4,4,4
GEN24_1014166,4,4,4,4
GEN24_1014167,4,4,4,4
GEN24_1014170,4,4,4,4
GEN24_1014172,4,4,4,4
GEN24_1014176,4,4,4,4
GEN24_1014177,4,4,4,4
GEN24_1014187,4,4,4,4
GEN24_1014191,4,4,4,4
GEN24_1014194,4,4,4,4
GEN24_1014197,4,4,4,4
GEN24_1014201,4,4,4,4
GEN24_1014207,4,4,4,4
GEN24_1014215,4,4,3,3
GEN24_1014218,4,4,4,4
GEN24_1014219,4,4,4,4
GEN24_1014223,4,4,4,3
GEN24_1014224,4,4,4,4
GEN24_1014234,4,4,3,4
GEN24_1014236,4,4,4,4
GEN24_1014245,4,4,4,4
GEN24_1014249,4,4,3,4
GEN24_1014252,4,4,4,4
GEN24_1014253,4,4,4,4
GEN24_1014258,4,4,4,3
GEN24_1014264,4,4,4,4
GEN24_1014265,4,4,4,3
GEN24_1014274,4,3,3,4
GEN24_1014275,4,4,4,4
GEN24_1014287,3,4,4,4
GEN24_1014288,4,4,4,4
GEN24_1014290,4,4,4,4
GEN24_1014292,3,4,3,4
GEN24_1014293,4,4,4,4
GEN24_1014297,4,4,4,3
GEN24_1014298,4,4,4,4
GEN24_1014303,4,4,4,4
GEN24_1014305,4,4,4,4
GEN24_1014308,3,3,4,3
GEN24_1014309,4,4,4,4
GEN24_1014314,4,4,4,3
GEN24_1014318,4,4,4,4
GEN24_1014322,4,4,4,4
GEN24_1014327,3,4,4,4
GEN24_1014330,4,4,4,4
GEN24_1014332,4,4,4,4
GEN24_1014333,4,4,4,4
GEN24_1014344,4,4,4,4
GEN24_1014345,4,4,4,4
GEN24_1014348,4,4,4,4
GEN24_1014349,3,4,4,4
GEN24_1014350,4,4,4,4
GEN24_1014351,4,4,4,4
GEN24_1014358,4,4,4,4
GEN24_1014379,4,4,4,4
GEN24_1014382,4,4,4,4
GEN24_1014384,4,4,4,4
GEN24_1014386,4,4,4,4
GEN24_1014389,4,4,4,4
GEN24_1014392,4,4,4,4
GEN24_1014400,4,4,4,4
GEN24_1014406,4,4,4,4
GEN24_1014410,4,4,4,4
GEN24_1014418,4,4,4,4
GEN24_1014419,4,4,4,4
GEN24_1014421,4,4,4,4
GEN24_1014423,4,4,4,4
GEN24_1014424,4,4,4,4
GEN24_1014433,4,4,4,4
GEN24_1014436,4,4,4,4
GEN24_1014443,4,4,3,4
GEN24_1014444,4,4,4,4
GEN24_1014451,4,4,4,4
GEN24_1014454,4,4,4,4
GEN24_1014464,4,3,4,3
GEN24_1014466,4,4,4,4
GEN24_1014476,4,4,4,4
GEN24_1014477,4,4,4,4
GEN24_1014483,3,4,4,4
GEN24_1014491,4,4,4,4
GEN24_1014494,4,3,4,4
GEN24_1014499,4,4,4,4
GEN24_1014502,4,4,4,4
GEN24_1014505,3,4,3,4
GEN24_1014506,4,4,4,4
GEN24_1014507,4,4,4,4
GEN24_1014511,4,4,4,4
GEN24_1014513,3,4,4,4
GEN24_1014536,4,4,4,4
GEN24_1014538,4,4,4,4
GEN24_1014539,4,4,4,4
GEN24_1014540,4,4,4,4
GEN24_1014545,4,4,4,4
GEN24_1014547,4,4,4,4
GEN24_1014548,4,4,3,4
GEN24_1014552,4,4,4,4
GEN24_1014554,2,4,4,4
GEN24_1014556,4,4,4,4
GEN24_1014557,4,4,4,4
GEN24_1014559,4,4,4,4
GEN24_1014578,4,4,4,4
GEN24_1014580,4,4,4,4
GEN24_1014589,4,4,4,4
GEN24_1014594,4,4,4,4
GEN24_1014606,4,4,4,4
GEN24_1014608,4,4,4,4
GEN24_1014612,4,4,3,3
GEN24_1014614,4,4,4,4
GEN24_1014617,4,4,4,4
GEN24_1014623,4,4,3,4
GEN24_1014626,4,4,4,4
GEN24_1014630,4,4,4,4
GEN24_1014631,4,4,4,4
GEN24_1014638,4,4,4,4
GEN24_1014639,4,4,4,4
GEN24_1014642,4,4,4,4
GEN24_1014646,4,4,4,4
GEN24_1014648,4,4,4,4
GEN24_1014667,4,4,4,4
GEN24_1014672,4,4,4,4
GEN24_1014677,4,4,3,4
GEN24_1014681,4,4,4,4
GEN24_1014683,4,4,4,4
GEN24_1014685,4,4,4,3
GEN24_1014689,4,4,4,4
GEN24_1014705,4,4,4,4
GEN24_1014711,4,4,4,4
GEN24_1014716,4,4,4,4
GEN24_1014720,4,4,3,4
GEN24_1014724,4,4,4,4
GEN24_1014732,4,4,4,4
GEN24_1014735,4,4,4,2
GEN24_1014737,4,4,4,3
GEN24_1014744,4,4,4,4
GEN24_1014745,3,4,3,4
GEN24_1014746,4,4,4,4
GEN24_1014752,4,4,4,3
GEN24_1014754,4,4,4,4
GEN24_1014758,4,4,4,4
GEN24_1014761,4,4,4,4
GEN24_1014765,4,4,4,4
GEN24_1014766,4,4,4,4
GEN24_1014767,4,4,4,4
GEN24_1014772,4,4,4,4
GEN24_1014777,4,4,4,4
GEN24_1014780,4,4,2,3
GEN24_1014782,4,4,4,2
GEN24_1014783,4,4,3,4
GEN24_1014785,4,4,4,4
GEN24_1014787,4,4,4,3
GEN24_1014789,4,4,4,4
GEN24_1014791,4,4,4,4
GEN24_1014793,4,4,4,4
GEN24_1014794,4,4,4,4
GEN24_1014795,3,3,4,3
GEN24_1014802,4,4,4,4
GEN24_1014807,4,4,3,4
GEN24_1014810,4,4,3,4
GEN24_1014816,4,4,3,4
GEN24_1014823,4,4,4,4
GEN24_1014828,3,3,4,4
GEN24_1014829,4,4,4,4
GEN24_1014841,4,4,4,4
GEN24_1014843,4,4,4,4
GEN24_1014847,4,4,4,3
GEN24_1014848,4,4,3,4
GEN24_1014850,4,4,3,4
GEN24_1014861,4,4,4,4
GEN24_1014865,4,4,4,4
GEN24_1014867,4,4,2,4
GEN24_1014868,4,4,4,4
GEN24_1014869,4,4,4,4
GEN24_1014879,4,4,4,4
GEN24_1014881,4,4,4,4
GEN24_1014883,4,4,4,3
GEN24_1014884,4,4,4,4
GEN24_1014887,3,4,3,3
GEN24_1014890,4,4,4,4
GEN24_1014892,4,4,4,4
GEN24_1014895,4,4,4,4
GEN24_1014900,4,3,4,4
GEN24_1014902,4,4,4,4
GEN24_1014903,3,3,4,4
GEN24_1014906,4,4,4,4
GEN24_1014908,4,4,4,4
GEN24_1014930,4,4,4,4
GEN24_1014934,4,4,4,4
GEN24_1014939,4,4,4,3
GEN24_1014953,4,4,4,4
GEN24_1014954,4,4,3,4
GEN24_1014958,4,4,4,4
GEN24_1014959,4,4,4,4
GEN24_1014961,4,4,4,4
GEN24_1014963,2,3,4,4
GEN24_1014964,4,4,4,4
GEN24_1014965,4,4,4,4
GEN24_1014970,3,3,3,4
GEN24_1014975,4,4,4,3
GEN24_1014978,2,3,3,3
GEN24_1014980,4,4,4,4
GEN24_1014989,4,4,4,4
GEN24_1014991,4,4,4,4
GEN24_1014995,4,4,4,4
GEN24_1014997,4,4,4,4
GEN24_1015006,4,4,3,4
GEN24_1015009,4,4,4,4
GEN24_1015012,4,4,4,4
GEN24_1015013,4,4,4,4
GEN24_1015014,4,4,4,4
GEN24_1015015,4,4,4,4
GEN24_1015018,4,4,4,4
GEN24_1015026,4,4,4,4
GEN24_1015027,4,4,4,4
GEN24_1015028,4,3,3,4
GEN24_1015035,4,4,4,4
GEN24_1015038,4,4,4,4
GEN24_1015039,4,4,4,4
GEN24_1015041,4,4,4,4
GEN24_1015045,4,4,4,3
GEN24_1015050,4,4,4,4
GEN24_1015053,4,4,4,4
GEN24_1015066,4,4,4,4
GEN24_1015074,4,4,4,4
GEN24_1015076,4,4,4,4
GEN24_1015082,4,4,4,4
GEN24_1015086,3,3,4,4
GEN24_1015087,4,4,4,4
GEN24_1015112,4,1,1,4
GEN24_1015113,3,4,4,3
GEN24_1015116,4,4,4,4
GEN24_1015118,4,4,4,4
GEN24_1015131,4,3,3,3
GEN24_1015139,4,4,4,3
GEN24_1015164,4,4,4,4
GEN24_1015166,4,4,4,4
GEN24_1015170,4,4,4,4
GEN24_1015175,3,4,4,4
GEN24_1015185,4,4,4,4
GEN24_1015187,4,4,4,4
GEN24_1015189,4,4,4,4
GEN24_1015190,4,4,4,4
GEN24_1015191,4,4,4,4
GEN24_1015194,4,4,4,4
GEN24_1015198,4,4,4,4
GEN24_1015199,4,4,4,4
GEN24_1015202,4,4,4,4
GEN24_1015204,4,4,4,4
GEN24_1015207,3,4,4,4
GEN24_1015210,4,4,4,4
GEN24_1015211,4,4,4,4
GEN24_1015217,4,4,4,4
GEN24_1015219,4,4,4,4
GEN24_1015223,4,4,4,4
GEN24_1015224,4,4,4,4
GEN24_1015227,4,4,4,3
GEN24_1015230,4,4,4,4
GEN24_1015232,4,4,4,4
GEN24_1015243,4,4,4,4
GEN24_1015245,4,4,4,4
GEN24_1015249,4,4,4,4
GEN24_1015259,4,4,4,4
GEN24_1015260,4,4,4,4
GEN24_1015266,4,4,4,4
GEN24_1015270,4,4,4,4
GEN24_1015273,4,4,4,3
GEN24_1015276,4,4,4,4
GEN24_1015277,3,4,4,4
GEN24_1015283,3,4,4,4
GEN24_1015288,4,4,4,4
GEN24_1015293,4,4,4,4
GEN24_1015294,4,4,4,4
GEN24_1015295,4,4,4,4
GEN24_1015304,4,4,4,4
GEN24_1015305,4,4,4,4
GEN24_1015311,4,4,4,4
GEN24_1015317,4,4,4,4
GEN24_1015319,4,4,4,4
GEN24_1015322,4,4,4,4
GEN24_1015324,4,4,4,4
GEN24_1015325,4,4,4,4
GEN24_1015334,4,4,4,4
GEN24_1015335,3,4,4,4
GEN24_1015336,4,4,4,4
GEN24_1015338,4,4,3,4
GEN24_1015339,4,4,4,3
GEN24_1015343,4,4,4,4
GEN24_1015346,4,4,4,4
GEN24_1015349,4,3,4,4
GEN24_1015358,4,4,4,3
GEN24_1015362,4,4,4,4
GEN24_1015369,4,4,4,4
GEN24_1015372,4,4,4,4
GEN24_1015378,4,4,4,3
GEN24_1015383,4,4,4,4
GEN24_1015388,4,4,4,4
GEN24_1015397,4,4,4,4
GEN24_1015407,4,4,4,4
GEN24_1015410,4,4,4,4
GEN24_1015414,4,4,4,4
GEN24_1015416,4,4,4,4
GEN24_1015427,4,4,4,4
GEN24_1015428,4,3,4,4
GEN24_1015431,4,4,4,4
GEN24_1015438,4,4,4,3
GEN24_1015442,4,4,4,2
GEN24_1015446,4,4,4,4
GEN24_1015450,4,4,4,4
GEN24_1015452,4,4,4,4
GEN24_1015454,3,4,3,4
GEN24_1015459,4,4,4,4
GEN24_1015461,4,4,4,4
GEN24_1015463,4,4,4,4
GEN24_1015465,4,4,4,4
GEN24_1015477,4,4,4,4
GEN24_1015479,4,4,3,4
GEN24_1015480,4,4,4,4
GEN24_1015490,4,4,4,4
GEN24_1015496,4,4,4,4
GEN24_1015502,4,4,4,3
GEN24_1015506,4,4,4,4
GEN24_1015515,4,4,4,4
GEN24_1015519,4,4,4,4
GEN24_1015520,3,4,4,4
GEN24_1015521,4,4,4,4
GEN24_1015524,4,4,4,4
GEN24_1015526,4,4,4,4
GEN24_1015529,4,4,4,3
GEN24_1015530,4,4,4,4
GEN24_1015531,4,4,4,4
GEN24_1015532,4,4,4,3
GEN24_1015533,4,4,4,4
GEN24_1015535,3,4,4,3
GEN24_1015542,4,4,4,4
GEN24_1015548,4,4,4,4
GEN24_1015552,4,4,4,4
GEN24_1015562,4,3,4,3
GEN24_1015572,4,4,4,4
GEN24_1015579,4,4,4,2
GEN24_1015585,3,3,4,4
GEN24_1015587,4,4,3,4
GEN24_1015592,4,4,4,4
GEN24_1015593,4,4,4,4
GEN24_1015594,4,4,4,4
GEN24_1015596,4,4,4,4
GEN24_1015609,4,4,3,4
GEN24_1015610,4,4,4,4
GEN24_1015611,4,4,4,4
GEN24_1015618,4,4,4,4
GEN24_1015621,4,4,4,4
GEN24_1015622,4,4,4,4
GEN24_1015625,4,4,4,4
GEN24_1015627,4,3,4,4
GEN24_1015630,4,4,4,4
GEN24_1015633,4,4,4,4
GEN24_1015641,4,4,4,4
GEN24_1015645,4,4,4,4
GEN24_1015646,4,4,4,4
GEN24_1015651,4,4,4,4
GEN24_1015652,4,4,4,4
GEN24_1015653,4,4,4,4
GEN24_1015654,4,4,4,4
GEN24_1015661,4,4,4,4
GEN24_1015669,4,4,3,4
GEN24_1015673,4,4,4,4
GEN24_1015677,3,4,4,4
GEN24_1015678,4,4,4,3
GEN24_1015680,4,3,4,4
GEN24_1015681,4,4,4,4
GEN24_1015684,4,4,4,4
GEN24_1015685,4,4,4,4
GEN24_1015687,4,4,4,4
GEN24_1015689,4,4,4,4
GEN24_1015700,4,4,4,4
GEN24_1015704,4,4,4,4
GEN24_1015706,4,4,4,4
GEN24_1015710,2,4,4,3
GEN24_1015715,4,4,4,4
GEN24_1015716,4,4,4,4
GEN24_1015717,4,4,4,4
GEN24_1015723,4,4,4,4
GEN24_1015724,4,4,4,4
GEN24_1015726,4,4,4,4
GEN24_1015731,4,4,4,4
GEN24_1015734,4,4,4,4
GEN24_1015740,4,3,3,4
GEN24_1015742,4,4,4,4
GEN24_1015743,4,4,4,3
GEN24_1015745,4,4,4,4
GEN24_1015749,4,4,4,4
GEN24_1015754,4,4,4,4
GEN24_1015757,4,4,4,4
GEN24_1015762,4,3,4,4
GEN24_1015765,4,4,4,4
GEN24_1015767,4,4,4,3
GEN24_1015771,4,4,4,4
GEN24_1015773,4,4,4,4
GEN24_1015778,4,4,4,4
GEN24_1015782,3,3,3,4
GEN24_1015784,4,4,4,4
GEN24_1015787,3,4,3,4
GEN24_1015789,4,4,4,4
GEN24_1015791,3,4,4,4
GEN24_1015793,3,4,3,3
GEN24_1015795,4,4,4,4
GEN24_1015799,4,4,4,4
GEN24_1015801,4,4,4,4
GEN24_1015802,4,4,4,4
GEN24_1015803,4,4,4,4
GEN24_1015805,4,3,4,4
GEN24_1015808,4,4,4,4
GEN24_1015811,4,4,4,4
GEN24_1015817,4,4,4,4
GEN24_1015818,4,4,4,4
GEN24_1015821,4,4,3,3
GEN24_1015822,3,3,3,4
GEN24_1015842,4,4,4,4
GEN24_1015845,4,4,3,4
GEN24_1015846,4,4,4,4
GEN24_1015857,4,3,3,4
GEN24_1015859,4,4,4,4
GEN24_1015863,3,4,4,4
GEN24_1015884,4,4,4,4
GEN24_1015887,4,4,4,4
GEN24_1015890,4,4,4,4
GEN24_1015902,4,4,4,4
GEN24_1015904,4,4,4,4
GEN24_1015913,4,4,4,4
GEN24_1015922,4,4,4,4
GEN24_1015931,4,4,4,4
GEN24_1015932,3,3,3,4
GEN24_1015935,4,4,4,4
GEN24_1015937,4,4,4,4
GEN24_1015946,4,4,4,4
GEN24_1015951,4,4,4,4
GEN24_1015956,3,4,3,4
GEN24_1015963,4,4,4,4
GEN24_1015966,4,3,3,4
GEN24_1015967,4,4,4,4
GEN24_1015972,4,4,4,4
GEN24_1015973,4,4,4,4
GEN24_1015974,4,4,4,4
GEN24_1015975,4,4,4,4
GEN24_1015982,4,4,4,4
GEN24_1015984,4,4,4,4
GEN24_1015985,4,4,4,4
GEN24_1016001,3,4,4,4
GEN24_1016021,4,3,4,4
GEN24_1016027,4,4,4,4
GEN24_1016032,4,4,4,4
GEN24_1016033,4,3,4,4
GEN24_1016040,3,3,3,3
GEN24_1016049,4,4,4,4
GEN24_1016050,4,4,4,3
GEN24_1016064,4,4,4,4
GEN24_1016066,4,4,4,4
GEN24_1016068,4,3,4,3
GEN24_1016069,4,4,4,4
GEN24_1016073,4,4,4,3
GEN24_1016082,4,4,4,4
GEN24_1016085,4,4,3,3
GEN24_1016089,4,4,4,4
GEN24_1016091,4,4,4,4
GEN24_1016093,4,4,4,4
GEN24_1016095,4,4,4,4
GEN24_1016097,4,4,4,4
GEN24_1016100,4,4,4,2
GEN24_1016101,4,4,4,4
GEN24_1016104,4,4,4,4
GEN24_1016106,4,4,4,4
GEN24_1016117,4,4,4,4
GEN24_1016121,4,4,4,4
GEN24_1016125,4,4,4,4
GEN24_1016129,3,3,4,4
GEN24_1016131,4,4,4,4
GEN24_1016132,4,4,4,4
GEN24_1016135,4,4,4,4
GEN24_1016140,4,4,4,4
GEN24_1016147,4,4,4,4
GEN24_1016150,4,4,4,4
GEN24_1016152,4,4,4,4
GEN24_1016154,4,4,4,4
GEN24_1016157,4,4,4,4
GEN24_1016158,4,4,4,4
GEN24_1016159,4,4,4,4
GEN24_1016160,4,4,4,4
GEN24_1016170,4,4,4,4
GEN24_1016171,4,4,4,4
GEN24_1016174,4,3,3,4
GEN24_1016188,4,4,4,4
GEN24_1016194,4,4,4,4
GEN24_1016198,4,4,4,4
GEN24_1016200,4,4,4,4
GEN24_1016203,3,4,4,3
GEN24_1016210,4,4,4,4
GEN24_1016211,3,4,4,4
GEN24_1016216,4,4,4,4
GEN24_1016217,4,3,4,4
GEN24_1016218,4,4,4,4
GEN24_1016222,4,4,4,4
GEN24_1016223,4,3,4,4
GEN24_1016224,4,4,4,4
GEN24_1016226,4,4,4,4
GEN24_1016231,4,4,4,3
GEN24_1016242,4,4,4,4
GEN24_1016248,4,4,4,4
GEN24_1016258,4,4,4,4
GEN24_1016259,3,3,4,4
GEN24_1016261,4,4,4,4
GEN24_1016269,4,4,4,4
GEN24_1016271,4,4,4,4
GEN24_1016272,4,4,4,4
GEN24_1016274,4,4,4,4
GEN24_1016284,4,4,4,4
GEN24_1016288,4,4,4,4
GEN24_1016290,4,4,4,4
GEN24_1016293,4,4,4,3
GEN24_1016298,4,4,3,4
GEN24_1016300,4,4,4,4
GEN24_1016301,4,4,4,4
GEN24_1016302,4,4,4,4
GEN24_1016304,4,4,3,4
GEN24_1016312,4,4,4,4
GEN24_1016322,4,4,4,4
GEN24_1016325,4,4,4,4
GEN24_1016327,4,4,3,3
GEN24_1016342,4,4,4,4
GEN24_1016346,4,4,4,4
GEN24_1016356,4,4,3,4
GEN24_1016362,4,4,4,4
GEN24_1016363,4,4,4,4
GEN24_1016364,4,4,3,3
GEN24_1016366,4,4,4,4
GEN24_1016369,4,4,4,4
GEN24_1016379,4,4,4,4
GEN24_1016389,4,4,4,4
GEN24_1016392,4,4,4,4
GEN24_1016397,4,4,4,3
GEN24_1016399,4,4,4,4
GEN24_1016401,4,4,4,4
GEN24_1016411,4,4,4,4
GEN24_1016423,4,4,4,4
GEN24_1016429,4,4,4,4
GEN24_1016431,4,4,4,4
GEN24_1016433,4,4,4,4
GEN24_1016438,4,4,4,4
GEN24_1016440,4,4,4,3
GEN24_1016441,4,4,3,4
GEN24_1016447,4,4,4,3
GEN24_1016464,4,4,4,4
GEN24_1016465,4,4,4,4
GEN24_1016469,4,4,4,4
GEN24_1016470,4,4,4,4
GEN24_1016473,4,4,4,4
GEN24_1016474,4,3,4,3
GEN24_1016476,4,3,3,4
GEN24_1016478,4,4,4,4
GEN24_1016482,4,4,4,4
GEN24_1016489,4,4,3,4
GEN24_1016496,4,4,4,4
GEN24_1016497,4,4,4,4
GEN24_1016499,4,4,3,4
GEN24_1016502,4,4,4,4
GEN24_1016509,4,3,4,4
GEN24_1016514,4,4,4,4
GEN24_1016517,4,4,4,4
GEN24_1016521,4,4,4,4
GEN24_1016522,4,3,4,4
GEN24_1016525,4,4,4,3
GEN24_1016528,4,4,4,4
GEN24_1016534,4,4,4,3
GEN24_1016539,4,4,4,4
GEN24_1016556,4,4,4,4
GEN24_1016557,4,4,4,4
GEN24_1016558,4,4,4,4
GEN24_1016559,4,4,4,4
GEN24_1016567,4,4,4,4
GEN24_1016568,4,3,3,4
GEN24_1016576,4,4,4,4
GEN24_1016581,4,4,4,4
GEN24_1016589,4,4,4,4
GEN24_1016593,4,4,4,4
GEN24_1016596,4,4,4,4
GEN24_1016599,3,3,4,4
GEN24_1016600,4,4,4,4
GEN24_1016603,3,3,3,4
GEN24_1016608,3,4,4,3
GEN24_1016610,4,3,4,2
GEN24_1016615,4,4,4,3
GEN24_1016616,4,4,4,4
GEN24_1016618,4,4,4,4
GEN24_1016626,4,4,4,4
GEN24_1016627,4,4,4,4
GEN24_1016628,4,4,4,4
GEN24_1016629,4,4,4,4
GEN24_1016633,3,4,4,4
GEN24_1016645,4,4,4,4
GEN24_1016648,4,4,4,4
GEN24_1016649,4,3,3,3
GEN24_1016664,4,4,4,4
GEN24_1016668,4,4,4,4
GEN24_1016673,4,4,4,4
GEN24_1016674,4,4,3,4
GEN24_1016678,4,4,4,3
GEN24_1016679,4,4,4,4
GEN24_1016689,4,3,4,3
GEN24_1016691,4,4,4,3
GEN24_1016693,4,4,4,4
GEN24_1016695,4,4,4,4
GEN24_1016697,4,4,4,4
GEN24_1016698,4,4,4,4
GEN24_1016706,4,4,4,4
GEN24_1016710,4,4,4,4
GEN24_1016712,3,4,4,4
GEN24_1016729,2,4,4,4
GEN24_1016742,4,4,4,4
GEN24_1016743,4,4,4,4
GEN24_1016746,4,4,4,4
GEN24_1016749,4,4,4,4
GEN24_1016750,4,4,4,3
GEN24_1016751,4,4,3,4
GEN24_1016752,4,4,4,4
GEN24_1016755,4,4,4,4
GEN24_1016757,4,4,4,4
GEN24_1016766,3,4,4,4
GEN24_1016769,4,4,4,4
GEN24_1016771,4,4,4,4
GEN24_1016772,4,4,4,4
GEN24_1016776,4,4,4,4
GEN24_1016780,3,4,4,4
GEN24_1016783,4,4,4,4
GEN24_1016784,4,4,4,4
GEN24_1016787,4,4,4,4
GEN24_1016789,4,4,4,4
GEN24_1016790,4,4,4,4
GEN24_1016791,4,4,4,4
GEN24_1016792,4,4,4,4
GEN24_1016795,4,4,4,4
GEN24_1016796,4,4,4,3
GEN24_1016804,4,4,4,4
GEN24_1016809,4,4,4,4
GEN24_1016817,4,4,4,4
GEN24_1016821,4,4,4,4
GEN24_1016824,4,4,4,4
GEN24_1016827,4,4,4,4
GEN24_1016832,4,4,4,4
GEN24_1016834,4,4,4,4
GEN24_1016843,4,4,4,4
GEN24_1016848,4,3,4,4
GEN24_1016853,4,4,4,4
GEN24_1016854,4,4,4,4
GEN24_1016855,4,4,4,4
GEN24_1016859,4,4,4,3
GEN24_1016860,4,4,4,4
GEN24_1016861,4,4,4,4
GEN24_1016864,4,4,4,3
GEN24_1016869,4,4,4,4
GEN24_1016870,4,4,4,4
GEN24_1016884,4,4,4,4
GEN24_1016893,4,3,4,4
GEN24_1016895,4,4,4,4
GEN24_1016902,4,4,4,4
GEN24_1016903,4,4,4,4
GEN24_1016904,4,3,3,4
GEN24_1016906,4,4,4,4
GEN24_1016908,3,3,4,3
GEN24_1016912,4,4,4,4
GEN24_1016913,4,4,4,4
GEN24_1016915,4,4,4,4
GEN24_1016921,4,4,4,4
GEN24_1016924,4,3,4,4
GEN24_1016929,4,4,4,4
GEN24_1016935,4,4,4,4
GEN24_1016939,4,4,4,4
GEN24_1016943,4,3,4,4
GEN24_1016944,4,4,4,4
GEN24_1016949,4,4,4,4
GEN24_1016957,4,4,4,4
GEN24_1016969,4,4,4,4
GEN24_1016970,4,4,4,4
GEN24_1016972,3,4,4,4
GEN24_1016976,2,4,4,2
GEN24_1016978,4,4,4,4
GEN24_1016980,4,4,4,4
GEN24_1016982,4,4,4,4
GEN24_1016989,4,4,4,4
GEN24_1016990,4,4,4,4
GEN24_1016998,4,4,4,4
GEN24_1016999,4,4,4,4
GEN24_1017002,4,4,4,4
GEN24_1017006,4,4,4,4
GEN24_1017012,4,4,4,4
GEN24_1017014,4,4,4,4
GEN24_1017017,4,4,4,4
GEN24_1017022,4,4,4,4
GEN24_1017040,4,4,4,4
GEN24_1017044,4,3,4,3
GEN24_1017045,4,4,4,4
GEN24_1017049,4,4,4,4
GEN24_1017051,4,3,3,3
GEN24_1017056,4,4,4,4
GEN24_1017064,4,4,4,3
GEN24_1017065,4,4,4,4
GEN24_1017066,4,3,3,3
GEN24_1017072,4,4,4,3
GEN24_1017076,4,4,4,4
GEN24_1017082,4,4,4,4
GEN24_1017089,4,4,4,4
GEN24_1017096,4,4,4,4
GEN24_1017100,4,4,4,4
GEN24_1017101,4,4,4,4
GEN24_1017111,4,4,4,4
GEN24_1017114,1,4,4,4
GEN24_1017115,4,4,4,4
GEN24_1017120,4,4,4,4
GEN24_1017122,4,4,4,4
GEN24_1017131,4,4,4,4
GEN24_1017140,4,4,4,4
GEN24_1017146,4,4,4,4
GEN24_1017153,4,4,4,4
GEN24_1017155,4,3,4,4
GEN24_1017157,4,4,4,4
GEN24_1017166,4,4,4,4
GEN24_1017169,4,4,3,4
GEN24_1017175,4,4,4,4
GEN24_1017177,4,4,3,4
GEN24_1017179,4,4,4,4
GEN24_1017182,4,4,4,4
GEN24_1017192,4,4,4,4
GEN24_1017195,4,4,4,4
GEN24_1017204,4,4,4,4
GEN24_1017208,4,4,3,4
GEN24_1017212,4,4,4,4
GEN24_1017216,4,4,4,3
GEN24_1017218,4,4,4,4
GEN24_1017219,4,4,4,4
GEN24_1017234,4,4,4,4
GEN24_1017235,4,4,4,4
GEN24_1017243,4,4,4,4
GEN24_1017251,4,4,4,4
GEN24_1017261,4,4,4,3
GEN24_1017262,4,4,4,4
GEN24_1017265,4,4,4,4
GEN24_1017266,4,4,4,4
GEN24_1017270,4,4,4,4
GEN24_1017272,4,4,4,4
GEN24_1017275,4,4,4,4
GEN24_1017287,4,4,4,4
GEN24_1017295,3,4,4,3
GEN24_1017296,4,4,4,4
GEN24_1017301,4,4,4,4
GEN24_1017303,4,4,4,4
GEN24_1017304,4,4,4,4
GEN24_1017316,4,4,4,4
GEN24_1017319,4,4,4,4
GEN24_1017330,4,4,4,4
GEN24_1017332,4,4,4,4
GEN24_1017346,4,4,4,4
GEN24_1017351,4,4,4,4
GEN24_1017357,4,4,4,4
GEN24_1017374,4,4,4,4
GEN24_1017385,4,4,4,4
GEN24_1017387,4,4,4,4
GEN24_1017399,3,4,4,4
GEN24_1017400,4,4,4,4
GEN24_1017402,4,4,4,4
GEN24_1017403,3,4,4,4
GEN24_1017427,3,4,4,3
GEN24_1017444,4,4,4,4
GEN24_1017447,4,4,4,4
GEN24_1017457,4,4,3,4
GEN24_1017470,4,4,4,4
GEN24_1017477,4,4,4,4
GEN24_1017483,4,4,4,4
GEN24_1017496,4,4,4,4
GEN24_1017502,4,4,4,4
GEN24_1017509,4,4,3,4
GEN24_1017513,3,4,4,3
GEN24_1017518,4,4,4,4
GEN24_1017523,4,4,4,3
GEN24_1017539,4,4,4,3
GEN24_1017542,4,4,4,4
GEN24_1017547,4,4,4,4
GEN24_1017549,4,4,4,4
GEN24_1017550,4,4,4,4
GEN24_1017551,4,4,4,3
GEN24_1017555,4,4,4,4
GEN24_1017565,4,4,4,4
GEN24_1017579,4,4,4,4
GEN24_1017580,4,4,4,4
GEN24_1017581,4,4,4,4
GEN24_1017583,4,3,4,3
GEN24_1017584,4,4,4,4
GEN24_1017588,4,4,4,4
GEN24_1017592,4,4,4,4
GEN24_1017599,4,4,4,4
GEN24_1017600,4,4,4,4
GEN24_1017605,4,4,4,4
GEN24_1017609,4,4,4,4
GEN24_1017610,4,4,4,4
GEN24_1017612,4,4,4,4
GEN24_1017613,4,4,4,4
GEN24_1017616,4,4,4,4
GEN24_1017619,4,4,4,4
GEN24_1017625,3,4,3,4
GEN24_1017630,4,4,4,4
GEN24_1017631,4,3,4,4
GEN24_1017633,3,4,3,4
GEN24_1017635,4,4,4,4
GEN24_1017645,4,4,3,4
GEN24_1017646,4,4,4,4
GEN24_1017652,4,4,3,3
GEN24_1017654,4,4,4,4
GEN24_1017655,4,4,4,4
GEN24_1017656,4,4,4,4
GEN24_1017666,4,4,4,4
GEN24_1017669,4,4,4,4
GEN24_1017671,3,4,4,4
GEN24_1017677,4,4,4,4
GEN24_1017678,4,4,4,4
GEN24_1017679,4,4,4,4
GEN24_1017682,4,3,3,4
GEN24_1017685,4,4,4,4
GEN24_1017688,4,4,4,4
GEN24_1017693,4,4,4,4
GEN24_1017699,4,4,4,4
GEN24_1017719,4,4,4,4
GEN24_1017730,4,4,4,4
GEN24_1017733,4,4,4,4
GEN24_1017754,3,4,4,4
GEN24_1017757,4,4,4,4
GEN24_1017762,4,4,4,3
GEN24_1017763,4,4,4,3
GEN24_1017764,4,4,4,4
GEN24_1017769,4,4,4,4
GEN24_1017784,4,4,4,4
GEN24_1017785,4,4,4,4
GEN24_1017792,4,4,4,4
GEN24_1017796,4,4,4,4
GEN24_1017798,4,4,4,4
GEN24_1017800,4,4,4,4
GEN24_1017805,4,4,4,4
GEN24_1017806,4,4,4,4
GEN24_1017807,4,4,4,4
GEN24_1017812,4,4,4,4
GEN24_1017813,3,4,4,3
GEN24_1017815,4,4,4,4
GEN24_1017816,4,4,4,4
GEN24_1017817,4,4,4,4
GEN24_1017820,4,4,4,4
GEN24_1017823,4,4,4,3
GEN24_1017827,4,4,4,4
GEN24_1017828,3,4,3,3
GEN24_1017831,4,4,4,4
GEN24_1017839,4,4,4,3
GEN24_1017843,4,4,4,4
GEN24_1017844,4,4,4,4
GEN24_1017847,4,4,4,4
GEN24_1017851,4,4,4,3
GEN24_1017860,4,4,4,4
GEN24_1017863,4,4,4,4
GEN24_1017865,4,4,4,4
GEN24_1017868,4,4,4,4
GEN24_1017871,4,4,4,4
GEN24_1017872,4,4,4,4
GEN24_1017880,4,4,4,4
GEN24_1017881,4,4,4,4
GEN24_1017884,4,4,4,4
GEN24_1017885,4,4,4,3
GEN24_1017892,4,4,4,4
GEN24_1017893,4,4,4,4
GEN24_1017895,4,4,4,4
GEN24_1017909,4,4,4,4
GEN24_1017911,4,4,4,4
GEN24_1017914,3,4,3,4
GEN24_1017915,4,4,4,4
GEN24_1017919,4,4,4,4
GEN24_1017920,4,4,3,4
GEN24_1017922,4,4,4,4
GEN24_1017923,4,4,3,4
GEN24_1017924,4,4,4,4
GEN24_1017931,4,4,4,4
GEN24_1017933,4,3,4,4
GEN24_1017939,3,3,3,3
GEN24_1017946,4,4,4,4
GEN24_1017949,4,3,4,4
GEN24_1017953,4,4,4,4
GEN24_1017954,4,4,4,4
GEN24_1017955,4,4,4,4
GEN24_1017961,4,4,4,4
GEN24_1017962,4,4,3,4
GEN24_1017965,3,4,4,4
GEN24_1017973,4,4,4,4
GEN24_1017974,4,4,4,4
GEN24_1017977,4,4,4,4
GEN24_1017991,4,4,4,4
GEN24_1017997,4,4,4,4
GEN24_1018000,4,4,4,4
GEN24_1018003,4,4,4,4
GEN24_1018013,4,4,4,4
GEN24_1018014,4,4,4,4
GEN24_1018018,4,4,4,4
GEN24_1018044,4,4,4,4
GEN24_1018046,4,4,4,4
GEN24_1018051,4,4,4,4
GEN24_1018052,4,4,4,4
GEN24_1018057,4,4,4,4
GEN24_1018060,4,3,3,4
GEN24_1018062,3,4,4,3
GEN24_1018071,4,4,4,3
GEN24_1018073,4,4,2,3
GEN24_1018074,4,3,3,4
GEN24_1018084,4,4,4,4
GEN24_1018085,4,4,3,4
GEN24_1018089,4,4,4,4
GEN24_1018096,4,4,4,4
GEN24_1018101,4,4,4,3
GEN24_1018104,4,4,4,4
GEN24_1018108,4,4,4,4
GEN24_1018121,4,4,4,4
GEN24_1018122,4,4,4,4
GEN24_1018126,4,4,4,4
GEN24_1018128,4,4,4,4
GEN24_1018130,4,4,4,4
GEN24_1018131,4,4,4,4
GEN24_1018133,4,4,4,4
GEN24_1018141,4,4,4,4
GEN24_1018150,4,4,4,4
GEN24_1018154,4,4,4,3
GEN24_1018163,4,4,4,4
GEN24_1018165,4,4,4,4
GEN24_1018175,4,4,4,4
GEN24_1018189,4,4,4,4
GEN24_1018191,3,3,4,4
GEN24_1018197,3,4,4,4
GEN24_1018199,4,4,4,4
GEN24_1018216,4,4,3,4
GEN24_1018218,4,4,4,3
GEN24_1018222,4,3,4,4
GEN24_1018223,4,4,4,4
GEN24_1018226,4,4,4,4
GEN24_1018227,4,4,4,4
GEN24_1018228,4,4,4,4
GEN24_1018229,4,4,4,3
GEN24_1018237,4,4,4,4
GEN24_1018239,4,4,4,4
GEN24_1018240,4,4,4,4
GEN24_1018241,4,4,4,4
GEN24_1018247,4,4,4,3
GEN24_1018253,4,4,4,4
GEN24_1018254,4,4,4,4
GEN24_1018257,4,4,4,3
GEN24_1018260,4,4,4,4
GEN24_1018262,4,4,4,4
GEN24_1018263,4,4,4,4
GEN24_1018265,4,4,4,4
GEN24_1018268,4,4,4,4
GEN24_1018274,4,4,4,4
GEN24_1018285,4,4,4,4
GEN24_1018288,4,4,4,4
GEN24_1018293,3,4,4,4
GEN24_1018294,4,4,4,4
GEN24_1018296,4,3,3,4
GEN24_1018300,4,4,4,4
GEN24_1018301,4,4,4,4
GEN24_1018303,4,3,4,3
GEN24_1018304,4,4,4,4
GEN24_1018305,4,4,4,4
GEN24_1018307,4,4,4,4
GEN24_1018311,4,4,4,4
GEN24_1018313,4,4,4,4
GEN24_1018314,4,4,4,4
GEN24_1018319,4,4,4,4
GEN24_1018336,4,4,4,4
GEN24_1018337,3,4,4,4
GEN24_1018343,4,4,4,4
GEN24_1018344,4,4,4,4
GEN24_1018346,4,4,4,4
GEN24_1018348,4,4,4,4
GEN24_1018353,4,4,4,4
GEN24_1018354,4,4,4,4
GEN24_1018363,4,4,4,4
GEN24_1018366,4,4,4,4
GEN24_1018367,4,3,4,4
GEN24_1018368,4,3,4,4
GEN24_1018369,4,4,4,4
GEN24_1018373,4,4,4,4
GEN24_1018376,3,4,4,4
GEN24_1018377,4,4,4,4
GEN24_1018378,4,3,4,4
GEN24_1018381,4,4,4,4
GEN24_1018384,4,4,4,4
GEN24_1018390,4,4,4,4
GEN24_1018391,4,4,4,4
GEN24_1018395,3,3,4,3
GEN24_1018399,4,4,4,4
GEN24_1018404,4,2,4,4
GEN24_1018407,4,4,4,4
GEN24_1018408,4,4,4,4
GEN24_1018411,4,4,4,4
GEN24_1018452,4,4,4,4
GEN24_1018454,2,4,4,3
GEN24_1018456,4,4,4,4
GEN24_1018466,3,4,3,3
GEN24_1018467,4,4,4,4
GEN24_1018473,4,4,4,3
GEN24_1018488,3,3,4,2
GEN24_1018489,4,4,4,4
GEN24_1018496,4,4,4,4
GEN24_1018499,4,4,4,4
GEN24_1018505,4,4,4,3
GEN24_1018506,4,4,4,4
GEN24_1018507,4,4,4,4
GEN24_1018516,4,4,3,3
GEN24_1018519,4,4,3,4
GEN24_1018520,4,4,4,4
GEN24_1018524,4,4,4,4
GEN24_1018528,4,4,3,3
GEN24_1018530,4,4,4,4
GEN24_1018533,4,4,4,4
GEN24_1018537,4,4,4,3
GEN24_1018539,4,4,4,4
GEN24_1018544,4,4,3,4
GEN24_1018545,3,4,3,4
GEN24_1018546,4,4,4,4
GEN24_1018547,4,4,4,4
GEN24_1018548,4,4,3,3
GEN24_1018550,4,4,4,4
GEN24_1018551,4,4,4,4
GEN24_1018555,4,4,4,3
GEN24_1018562,4,4,4,4
GEN24_1018563,4,4,4,4
GEN24_1018567,4,4,4,4
GEN24_1018569,4,4,4,3
GEN24_1018570,4,4,4,4
GEN24_1018571,4,4,4,4
GEN24_1018574,4,4,4,4
GEN24_1018575,4,4,4,4
GEN24_1018576,4,4,4,4
GEN24_1018580,4,4,4,4
GEN24_1018581,4,4,4,4
GEN24_1018585,4,4,4,3
GEN24_1018592,4,4,4,4
GEN24_1018593,4,4,4,4
GEN24_1018594,4,4,4,4
GEN24_1018607,4,4,4,4
GEN24_1018629,4,4,3,3
GEN24_1018637,4,4,4,4
GEN24_1018642,4,4,4,4
GEN24_1018649,4,4,4,4
GEN24_1018650,4,4,4,4
GEN24_1018651,4,4,4,4
GEN24_1018652,4,4,4,4
GEN24_1018658,4,4,4,4
GEN24_1018659,4,4,4,4
GEN24_1018665,4,4,4,4
GEN24_1018670,4,4,4,4
GEN24_1018674,4,4,4,4
GEN24_1018676,4,4,4,4
GEN24_1018677,4,4,4,4
GEN24_1018681,4,4,4,4
GEN24_1018686,4,4,4,4
GEN24_1018687,4,4,4,4
GEN24_1018690,4,4,4,4
GEN24_1018695,4,4,4,4
GEN24_1018696,4,4,4,4
GEN24_1018704,4,4,4,4
GEN24_1018712,4,4,4,3
GEN24_1018714,4,4,4,4
GEN24_1018716,4,4,3,4
GEN24_1018717,4,4,4,4
GEN24_1018720,4,4,4,4
GEN24_1018721,4,4,3,4
GEN24_1018723,4,4,4,4
GEN24_1018724,4,4,4,4
GEN24_1018726,4,4,4,4
GEN24_1018730,4,4,4,4
GEN24_1018732,4,4,4,4
GEN24_1018733,4,4,3,4
GEN24_1018734,4,4,4,4
GEN24_1018735,2,3,3,1
GEN24_1018742,4,2,4,4
GEN24_1018745,4,4,4,4
GEN24_1018771,4,4,4,4
GEN24_1018785,4,4,4,4
GEN24_1018795,4,4,4,4
GEN24_1018797,4,4,4,4
GEN24_1018802,4,4,4,4
GEN24_1018804,4,4,4,4
GEN24_1018806,4,4,4,4
GEN24_1018807,4,4,4,4
GEN24_1018808,4,4,4,4
GEN24_1018817,4,4,3,3
GEN24_1018822,3,4,4,3
GEN24_1018825,4,4,4,4
GEN24_1018833,4,4,4,4
GEN24_1018836,4,4,4,4
GEN24_1018838,4,4,4,4
GEN24_1018840,4,3,4,3
GEN24_1018842,4,4,4,4
GEN24_1018844,4,4,4,4
GEN24_1018850,4,4,3,4
GEN24_1018855,4,4,4,4
GEN24_1018858,4,4,4,4
GEN24_1018862,4,4,4,4
GEN24_1018864,4,4,4,4
GEN24_1018871,4,4,4,4
GEN24_1018881,4,4,4,4
GEN24_1018887,4,4,4,4
GEN24_1018897,4,4,4,3
GEN24_1018899,4,4,4,4
GEN24_1018900,4,4,4,4
GEN24_1018907,4,4,4,3
GEN24_1018912,4,4,4,4
GEN24_1018918,4,4,4,4
GEN24_1018920,4,4,4,4
GEN24_1018927,4,4,4,4
GEN24_1018928,4,4,4,4
GEN24_1018929,4,4,4,4
GEN24_1018933,4,4,4,4
GEN24_1018935,4,4,4,4
GEN24_1018937,4,4,4,4
GEN24_1018938,4,4,4,4
GEN24_1018943,4,4,4,4
GEN24_1018945,4,4,4,4
GEN24_1018950,4,4,4,4
GEN24_1018951,4,4,4,4
GEN24_1018952,4,4,4,4
GEN24_1018954,4,4,4,4
GEN24_1018957,4,4,4,3
GEN24_1018960,4,4,4,4
GEN24_1018962,4,4,4,4
GEN24_1018965,4,4,4,4
GEN24_1018974,4,4,4,4
GEN24_1018976,4,4,4,4
GEN24_1018979,4,4,4,4
GEN24_1018981,4,4,4,4
GEN24_1018986,4,4,4,4
GEN24_1018987,4,4,4,4
GEN24_1018989,4,4,4,4
GEN24_1018991,4,4,4,4
GEN24_1018995,4,4,3,3
GEN24_1019003,4,4,4,4
GEN24_1019005,4,4,4,3
GEN24_1019009,4,3,4,3
GEN24_1019016,4,4,4,4
GEN24_1019031,4,4,4,4
GEN24_1019032,4,4,4,4
GEN24_1019035,4,4,4,4
GEN24_1019038,4,4,3,3
GEN24_1019042,4,4,3,4
GEN24_1019043,4,4,3,4
GEN24_1019048,4,4,4,3
GEN24_1019053,4,4,4,4
GEN24_1019060,4,4,4,4
GEN24_1019064,4,4,3,4
GEN24_1019067,4,4,4,4
GEN24_1019068,4,4,4,4
GEN24_1019078,4,4,4,4
GEN24_1019084,4,4,4,4
GEN24_1019091,4,4,4,4
GEN24_1019092,4,4,4,4
GEN24_1019094,4,4,4,4
GEN24_1019097,4,4,4,4
GEN24_1019116,4,4,4,4
GEN24_1019118,4,4,4,4
GEN24_1019119,3,4,4,4
GEN24_1019120,4,4,4,4
GEN24_1019122,4,4,4,4
GEN24_1019123,4,4,4,4
GEN24_1019128,4,3,3,3
GEN24_1019134,4,4,4,4
GEN24_1019140,3,4,4,4
GEN24_1019145,4,4,4,4
GEN24_1019157,4,4,4,4
GEN24_1019158,3,4,4,4
GEN24_1019165,4,4,4,4
GEN24_1019172,4,4,4,4
GEN24_1019180,4,4,4,4
GEN24_1019181,4,4,4,4
GEN24_1019184,4,4,4,4
GEN24_1019186,4,4,4,4
GEN24_1019191,4,4,4,4
GEN24_1019201,3,4,4,4
GEN24_1019203,4,4,4,4
GEN24_1019208,4,4,4,4
GEN24_1019212,4,4,4,4
GEN24_1019213,4,4,4,4
GEN24_1019214,4,4,4,4
GEN24_1019216,4,4,4,3
GEN24_1019220,4,4,4,4
GEN24_1019227,4,4,4,4
GEN24_1019229,3,3,4,2
GEN24_1019230,4,4,4,3
GEN24_1019233,4,4,4,4
GEN24_1019254,4,4,4,4
GEN24_1019255,4,4,4,4
GEN24_1019262,4,4,4,4
GEN24_1019265,4,4,4,4
GEN24_1019269,4,4,4,4
GEN24_1019271,4,4,4,4
GEN24_1019281,4,4,4,4
GEN24_1019284,4,4,4,4
GEN24_1019285,3,4,4,4
GEN24_1019286,4,4,4,4
GEN24_1019289,4,4,4,4
GEN24_1019292,4,4,4,4
GEN24_1019300,4,4,4,4
GEN24_1019306,4,4,4,4
GEN24_1019309,4,4,4,4
GEN24_1019319,4,3,3,3
GEN24_1019323,4,4,4,4
GEN24_1019324,4,4,4,4
GEN24_1019327,4,4,4,4
GEN24_1019328,4,4,4,4
GEN24_1019332,4,4,4,3
GEN24_1019335,4,4,4,4
GEN24_1019336,4,4,4,4
GEN24_1019338,4,4,4,4
GEN24_1019339,4,4,4,4
GEN24_1019345,4,4,4,4
GEN24_1019346,4,4,4,4
GEN24_1019347,4,4,4,4
GEN24_1019350,4,4,4,4
GEN24_1019354,4,4,4,4
GEN24_1019355,4,4,4,4
GEN24_1019356,3,3,3,4
GEN24_1019360,4,3,4,3
GEN24_1019361,4,4,4,4
GEN24_1019368,4,4,4,4
GEN24_1019373,4,4,4,4
GEN24_1019375,4,4,4,4
GEN24_1019381,3,3,3,4
GEN24_1019382,4,4,4,4
GEN24_1019388,4,4,4,4
GEN24_1019394,4,4,4,4
GEN24_1019397,4,4,4,4
GEN24_1019399,4,4,4,4
GEN24_1019402,4,4,4,4
GEN24_1019412,4,4,4,4
GEN24_1019416,4,4,4,4
GEN24_1019423,4,4,3,4
GEN24_1019426,4,4,4,4
GEN24_1019428,4,4,4,3
GEN24_1019429,4,4,4,4
GEN24_1019432,4,4,4,4
GEN24_1019434,4,4,4,4
GEN24_1019438,4,4,4,4
GEN24_1019439,4,4,4,4
GEN24_1019448,4,4,3,4
GEN24_1019449,4,4,4,4
GEN24_1019453,4,4,4,4
GEN24_1019454,4,4,3,4
GEN24_1019455,3,4,4,3
GEN24_1019456,4,4,4,4
GEN24_1019457,4,4,4,4
GEN24_1019460,4,4,4,4
GEN24_1019461,4,4,4,4
GEN24_1019465,4,4,4,4
GEN24_1019467,4,4,4,4
GEN24_1019470,4,4,4,4
GEN24_1019473,4,4,4,4
GEN24_1019474,3,4,4,4
GEN24_1019475,4,4,4,4
GEN24_1019477,4,4,4,4
GEN24_1019479,4,4,4,4
GEN24_1019481,4,4,3,4
GEN24_1019487,4,3,4,4
GEN24_1019490,4,2,2,1
GEN24_1019491,4,4,4,4
GEN24_1019492,4,4,4,4
GEN24_1019493,4,4,4,4
GEN24_1019495,4,4,4,4
GEN24_1019497,4,4,4,4
GEN24_1019498,4,3,3,3
GEN24_1019504,4,4,4,1
GEN24_1019509,4,4,4,4
GEN24_1019517,4,4,3,3
GEN24_1019518,4,4,4,4
GEN24_1019519,4,4,4,4
GEN24_1019520,4,4,4,4
GEN24_1019529,4,4,4,4
GEN24_1019530,4,4,4,4
GEN24_1019533,4,4,4,4
GEN24_1019534,4,4,4,4
GEN24_1019535,4,4,4,4
GEN24_1019538,4,4,4,4
GEN24_1019547,4,4,4,4
GEN24_1019548,4,4,4,4
GEN24_1019549,4,4,4,4
GEN24_1019552,4,4,4,4
GEN24_1019554,4,4,4,4
GEN24_1019556,4,4,4,3
GEN24_1019559,4,4,4,3
GEN24_1019562,4,4,4,4
GEN24_1019564,4,4,4,4
GEN24_1019566,4,4,4,4
GEN24_1019568,4,4,4,4
GEN24_1019569,4,4,4,3
GEN24_1019574,4,4,4,4
GEN24_1019576,4,4,4,4
GEN24_1019582,4,4,4,4
GEN24_1019584,4,4,4,4
GEN24_1019586,4,4,4,4
GEN24_1019593,4,4,4,3
GEN24_1019595,4,4,4,4
GEN24_1019597,4,4,4,4
GEN24_1019601,4,4,4,4
GEN24_1019603,4,4,4,4
GEN24_1019605,4,4,4,4
GEN24_1019606,4,4,4,4
GEN24_1019608,4,4,4,4
GEN24_1019609,4,4,4,3
GEN24_1019613,4,4,4,3
GEN24_1019622,3,4,4,3
GEN24_1019623,4,4,4,4
GEN24_1019626,3,4,4,3
GEN24_1019631,4,4,4,4
GEN24_1019637,4,4,4,4
GEN24_1019639,4,4,4,4
GEN24_1019642,4,4,4,4
GEN24_1019644,4,4,4,4
GEN24_1019649,4,4,4,4
GEN24_1019652,4,4,4,3
GEN24_1019653,4,4,4,3
GEN24_1019656,4,4,4,4
GEN24_1019658,4,4,4,4
GEN24_1019659,4,4,4,4
GEN24_1019665,4,4,4,4
GEN24_1019675,4,4,4,4
GEN24_1019682,4,4,4,4
GEN24_1019685,4,4,4,4
GEN24_1019697,4,3,4,3
GEN24_1019701,4,4,4,4
GEN24_1019707,4,4,4,4
GEN24_1019716,2,3,2,3
GEN24_1019717,4,4,4,4
GEN24_1019718,4,4,4,4
GEN24_1019723,4,4,4,4
GEN24_1019724,4,4,4,4
GEN24_1019728,4,4,4,4
GEN24_1019731,4,4,4,4
GEN24_1019735,3,4,4,4
GEN24_1019739,4,4,4,4
GEN24_1019740,4,4,3,4
GEN24_1019746,4,4,4,4
GEN24_1019751,4,4,4,4
GEN24_1019752,4,4,4,4
GEN24_1019754,4,4,4,4
GEN24_1019756,4,4,4,4
GEN24_1019757,4,4,4,4
GEN24_1019759,4,4,3,4
GEN24_1019761,4,4,4,4
GEN24_1019763,4,4,4,4
GEN24_1019766,4,4,3,4
GEN24_1019767,4,4,4,4
GEN24_1019768,4,4,4,4
GEN24_1019771,4,4,4,4
GEN24_1019776,4,4,4,4
GEN24_1019801,4,4,4,3
GEN24_1019802,4,4,4,4
GEN24_1019806,4,4,4,4
GEN24_1019809,4,4,4,4
GEN24_1019811,4,4,4,4
GEN24_1019821,4,4,4,4
GEN24_1019826,3,4,4,4
GEN24_1019833,4,4,4,4
GEN24_1019834,4,4,4,4
GEN24_1019837,4,4,4,4
GEN24_1019839,4,4,4,4
GEN24_1019850,4,4,4,4
GEN24_1019851,4,4,4,4
GEN24_1019854,4,4,4,4
GEN24_1019859,3,4,4,3
GEN24_1019861,4,4,4,4
GEN24_1019868,3,4,4,4
GEN24_1019869,4,4,4,4
GEN24_1019870,4,4,4,4
GEN24_1019876,4,4,4,4
GEN24_1019878,4,4,4,4
GEN24_1019879,4,4,4,4
GEN24_1019880,3,4,4,4
GEN24_1019881,4,4,4,4
GEN24_1019883,4,4,4,4
GEN24_1019884,4,4,4,4
GEN24_1019892,4,4,4,4
GEN24_1019893,4,4,4,4
GEN24_1019894,4,3,4,3
GEN24_1019896,4,4,4,4
GEN24_1019899,4,4,4,4
GEN24_1019900,4,4,4,4
GEN24_1019902,4,4,4,4
GEN24_1019907,4,4,4,4
GEN24_1019908,4,4,4,4
GEN24_1019910,4,4,4,4
GEN24_1019912,4,4,4,4
GEN24_1019914,4,4,4,4
GEN24_1019915,4,4,4,4
GEN24_1019917,3,4,4,4
GEN24_1019919,4,4,4,4
GEN24_1019920,4,4,4,4
GEN24_1019922,4,3,4,4
GEN24_1019923,4,4,4,4
GEN24_1019924,4,4,4,4
GEN24_1019926,4,4,4,4
GEN24_1019928,4,4,4,4
GEN24_1019931,4,4,4,4
GEN24_1019933,4,4,4,4
GEN24_1019935,4,4,4,4
GEN24_1019941,4,4,4,4
GEN24_1019951,4,4,4,4
GEN24_1019954,4,4,4,4
GEN24_1019962,4,4,4,4
GEN24_1019965,4,4,4,4
GEN24_1019966,4,4,4,4
GEN24_1019980,4,4,4,4
GEN24_1019987,4,4,4,3
GEN24_1019989,4,4,4,4
GEN24_1019990,3,3,4,4
GEN24_1019992,4,4,4,4
GEN24_1019994,4,4,4,4
GEN24_1019997,4,4,4,4
GEN24_1020011,4,4,4,4
GEN24_1020018,4,4,4,4
GEN24_1020022,4,4,4,4
GEN24_1020024,4,4,4,4
GEN24_1020029,3,4,4,4
GEN24_1020041,4,4,3,4
GEN24_1020042,4,4,4,4
GEN24_1020045,3,4,3,4
GEN24_1020050,4,4,4,4
GEN24_1020051,3,4,3,4
GEN24_1020059,4,4,4,4
GEN24_1020072,4,4,4,3
GEN24_1020078,4,3,4,4
GEN24_1020081,4,4,4,4
GEN24_1020086,4,4,3,4
GEN24_1020089,4,4,4,4
GEN24_1020109,4,4,4,4
GEN24_1020110,4,2,3,3
GEN24_1020124,4,4,4,3
GEN24_1020132,4,3,4,3
GEN24_1020134,4,4,4,4
GEN24_1020135,4,4,4,4
GEN24_1020147,4,4,4,4
GEN24_1020152,4,4,4,4
GEN24_1020164,4,4,4,4
GEN24_1020165,4,4,4,4
GEN24_1020174,4,4,4,4
GEN24_1020176,4,4,4,4
GEN24_1020181,4,4,4,4
GEN24_1020191,4,4,4,4
GEN24_1020195,4,4,4,2
GEN24_1020201,2,3,3,3
GEN24_1020203,4,4,4,4
GEN24_1020207,4,4,4,4
GEN24_1020208,2,4,3,3
GEN24_1020213,4,4,3,3
GEN24_1020214,4,4,4,3
GEN24_1020216,4,3,4,4
GEN24_1020224,3,4,4,4
GEN24_1020233,4,4,4,4
GEN24_1020235,4,4,4,4
GEN24_1020237,4,4,4,4
GEN24_1020243,3,4,4,4
GEN24_1020246,3,4,4,4
GEN24_1020251,4,4,3,4
GEN24_1020254,4,4,4,4
GEN24_1020257,4,4,4,4
GEN24_1020270,4,4,4,4
GEN24_1020271,4,4,4,4
GEN24_1020272,4,4,4,4
GEN24_1020276,3,4,3,4
GEN24_1020279,4,4,4,4
GEN24_1020290,4,4,4,4
GEN24_1020296,4,4,4,4
GEN24_1020300,4,4,4,4
GEN24_1020305,4,4,4,4
GEN24_1020306,4,4,4,4
GEN24_1020307,4,4,4,4
GEN24_1020310,4,4,4,4
GEN24_1020326,4,4,4,4
GEN24_1020327,4,4,4,4
GEN24_1020332,4,4,4,4
GEN24_1020338,4,4,4,4
GEN24_1020343,4,4,4,4
GEN24_1020345,4,4,4,4
GEN24_1020349,4,4,4,4
GEN24_1020355,4,4,4,4
GEN24_1020359,3,4,3,3
GEN24_1020360,4,4,4,4
GEN24_1020364,4,4,4,4
GEN24_1020365,4,4,4,4
GEN24_1020366,4,4,4,4
GEN24_1020369,4,4,4,3
GEN24_1020376,4,4,4,4
GEN24_1020387,4,4,4,4
GEN24_1020389,3,4,4,4
GEN24_1020394,4,4,3,4
GEN24_1020396,4,4,4,4
GEN24_1020407,4,4,4,4
GEN24_1020421,3,4,4,4
GEN24_1020424,4,4,4,4
GEN24_1020433,4,4,3,4
GEN24_1020436,4,4,4,4
GEN24_1020447,4,4,4,4
GEN24_1020453,4,4,4,4
GEN24_1020455,4,4,4,4
GEN24_1020457,4,4,4,4
GEN24_1020460,4,4,4,4
GEN24_1020463,4,4,4,4
GEN24_1020468,4,3,4,3
GEN24_1020474,4,4,4,4
GEN24_1020476,4,4,4,4
GEN24_1020478,4,4,4,4
GEN24_1020480,4,4,4,3
GEN24_1020482,4,4,4,4
GEN24_1020484,4,4,4,4
GEN24_1020497,4,4,4,4
GEN24_1020505,4,4,4,4
GEN24_1020518,4,4,4,4
GEN24_1020519,4,4,4,4
GEN24_1020531,2,4,4,4
GEN24_1020534,3,4,4,4
GEN24_1020538,4,4,4,4
GEN24_1020539,4,4,4,4
GEN24_1020543,4,4,3,4
GEN24_1020550,4,4,4,4
GEN24_1020552,4,4,4,4
GEN24_1020553,4,4,4,4
GEN24_1020555,3,3,3,3
GEN24_1020557,4,4,4,4
GEN24_1020558,4,4,4,4
GEN24_1020560,4,4,4,4
GEN24_1020561,4,4,4,4
GEN24_1020563,4,4,4,4
GEN24_1020566,4,4,4,4
GEN24_1020568,4,4,4,4
GEN24_1020569,4,4,4,4
GEN24_1020570,1,4,4,4
GEN24_1020572,4,4,4,4
GEN24_1020578,4,4,4,4
GEN24_1020586,4,4,4,4
GEN24_1020600,4,4,4,4
GEN24_1020601,4,4,4,4
GEN24_1020604,4,4,4,4
GEN24_1020606,4,4,4,4
GEN24_1020610,4,4,4,4
GEN24_1020611,4,4,4,4
GEN24_1020617,3,4,4,4
GEN24_1020630,4,4,4,4
GEN24_1020635,4,4,4,4
GEN24_1020636,4,4,4,4
GEN24_1020640,3,4,4,4
GEN24_1020647,4,4,4,4
GEN24_1020650,4,4,4,4
GEN24_1020660,4,4,4,4
GEN24_1020669,4,3,4,3
GEN24_1020676,4,4,4,4
GEN24_1020677,4,4,4,4
GEN24_1020678,4,4,4,4
GEN24_1020680,4,4,4,4
GEN24_1020681,4,4,4,4
GEN24_1020685,4,4,4,4
GEN24_1020686,3,4,4,3
GEN24_1020688,4,4,4,4
GEN24_1020689,4,4,4,4
GEN24_1020690,4,4,4,4
GEN24_1020691,2,2,4,4
GEN24_1020693,3,4,3,3
GEN24_1020697,4,4,4,4
GEN24_1020698,4,4,4,3
GEN24_1020699,4,4,4,3
GEN24_1020700,4,4,4,4
GEN24_1020703,4,3,3,4
GEN24_1020704,4,4,4,4
GEN24_1020717,4,4,4,4
GEN24_1020721,3,4,3,4
GEN24_1020733,4,4,4,4
GEN24_1020737,4,4,4,4
GEN24_1020741,4,4,4,4
GEN24_1020745,4,4,4,4
GEN24_1020746,4,4,4,4
GEN24_1020750,4,4,4,4
GEN24_1020751,4,4,4,4
GEN24_1020754,3,4,3,4
GEN24_1020764,4,4,4,4
GEN24_1020767,4,4,4,4
GEN24_1020768,4,4,4,4
GEN24_1020770,4,4,4,3
GEN24_1020771,4,4,4,4
GEN24_1020774,3,4,4,4
GEN24_1020789,4,4,4,4
GEN24_1020791,4,4,4,4
GEN24_1020793,4,4,4,4
GEN24_1020797,4,4,4,4
GEN24_1020799,4,4,4,4
GEN24_1020801,4,4,4,4
GEN24_1020802,4,4,4,4
GEN24_1020811,4,4,4,3
GEN24_1020814,4,4,3,4
GEN24_1020815,4,4,3,4
GEN24_1020821,4,4,4,4
GEN24_1020827,4,4,4,3
GEN24_1020829,4,4,4,4
GEN24_1020831,3,4,4,4
GEN24_1020835,4,4,4,4
GEN24_1020836,4,4,3,4
GEN24_1020839,4,4,4,3
GEN24_1020847,4,4,4,4
GEN24_1020848,4,4,4,4
GEN24_1020855,4,4,4,4
GEN24_1020858,4,4,4,3
GEN24_1020859,4,4,4,4
GEN24_1020875,4,4,4,4
GEN24_1020880,4,4,4,4
GEN24_1020881,4,4,4,4
GEN24_1020887,4,4,4,4
GEN24_1020888,4,4,4,4
GEN24_1020889,4,4,4,4
GEN24_1020892,4,4,4,4
GEN24_1020899,4,4,4,4
GEN24_1020904,4,4,4,4
GEN24_1020906,4,4,4,4
GEN24_1020920,4,4,4,4
GEN24_1020922,3,4,3,3
GEN24_1020926,4,4,4,4
GEN24_1020927,4,4,4,4
GEN24_1020930,4,4,4,4
GEN24_1020931,4,4,4,3
GEN24_1020933,4,4,4,3
GEN24_1020935,4,3,4,3
GEN24_1020941,4,4,4,4
GEN24_1020948,4,4,4,4
GEN24_1020949,4,4,4,4
GEN24_1020950,4,4,4,4
GEN24_1020954,4,4,4,4
GEN24_1020956,3,3,4,3
GEN24_1020957,4,4,4,4
GEN24_1020959,4,4,4,4
GEN24_1020970,4,4,4,4
GEN24_1020974,4,4,4,4
GEN24_1020976,4,3,4,4
GEN24_1020978,4,4,4,4
GEN24_1020979,4,4,4,4
GEN24_1020985,4,4,4,4
GEN24_1020996,4,4,4,3
GEN24_1021003,4,4,4,4
GEN24_1021022,4,4,4,4
GEN24_1021029,4,4,4,4
GEN24_1021031,4,4,4,4
GEN24_1021034,4,4,4,4
GEN24_1021038,4,4,4,4
GEN24_1021039,4,4,4,4
GEN24_1021048,4,4,4,4
GEN24_1021050,4,4,4,4
GEN24_1021052,4,4,4,4
GEN24_1021056,4,4,4,4
GEN24_1021061,4,4,4,4
GEN24_1021063,4,4,4,4
GEN24_1021067,4,4,4,4
GEN24_1021073,4,4,3,3
GEN24_1021077,4,4,4,4
GEN24_1021078,4,4,4,4
GEN24_1021079,4,4,4,4
GEN24_1021096,4,4,4,4
GEN24_1021098,4,4,4,4
GEN24_1021101,3,3,3,4
GEN24_1021114,4,4,4,3
GEN24_1021116,4,4,4,4
GEN24_1021117,4,4,4,4
GEN24_1021119,4,4,4,4
GEN24_1021126,3,4,4,4
GEN24_1021131,4,4,4,3
GEN24_1021133,3,4,4,3
GEN24_1021136,4,4,4,4
GEN24_1021139,4,4,4,4
GEN24_1021147,4,4,4,4
GEN24_1021151,4,4,4,4
GEN24_1021152,4,4,4,4
GEN24_1021161,4,4,4,4
GEN24_1021167,4,4,4,4
GEN24_1021173,4,4,4,4
GEN24_1021176,4,4,4,4
GEN24_1021180,4,4,4,4
GEN24_1021182,4,4,4,4
GEN24_1021187,4,4,4,4
GEN24_1021193,4,4,4,4
GEN24_1021194,4,4,4,4
GEN24_1021201,3,3,4,4
GEN24_1021204,4,4,4,4
GEN24_1021206,4,4,4,4
GEN24_1021207,4,4,4,4
GEN24_1021208,4,4,4,4
GEN24_1021212,3,4,3,4
GEN24_1021214,4,4,4,4
GEN24_1021218,4,4,4,4
GEN24_1021226,4,4,4,4
GEN24_1021227,4,4,4,4
GEN24_1021229,4,4,4,4
GEN24_1021232,4,4,4,4
GEN24_1021233,4,4,4,4
GEN24_1021240,4,4,4,4
GEN24_1021243,3,4,4,4
GEN24_1021248,4,4,4,4
GEN24_1021250,4,4,4,4
GEN24_1021257,4,4,4,4
GEN24_1021271,4,4,4,4
GEN24_1021273,4,4,4,4
GEN24_1021275,4,4,4,3
GEN24_1021278,4,4,4,4
GEN24_1021281,4,4,4,4
GEN24_1021287,4,4,4,4
GEN24_1021290,4,4,4,4
GEN24_1021292,4,4,4,4
GEN24_1021295,4,4,4,3
GEN24_1021296,4,3,4,4
GEN24_1021297,4,4,4,4
GEN24_1021300,4,4,4,4
GEN24_1021303,4,4,4,4
GEN24_1021308,4,4,4,4
GEN24_1021313,4,4,4,4
GEN24_1021314,4,4,4,4
GEN24_1021317,4,4,4,4
GEN24_1021321,4,4,4,4
GEN24_1021322,3,4,4,4
GEN24_1021324,4,4,4,4
GEN24_1021329,4,4,4,4
GEN24_1021330,4,3,4,3
GEN24_1021334,4,4,4,4
GEN24_1021344,3,4,4,3
GEN24_1021347,4,4,4,4
GEN24_1021348,4,4,4,4
GEN24_1021350,4,4,4,4
GEN24_1021352,4,4,4,4
GEN24_1021356,4,4,3,3
GEN24_1021362,4,4,4,4
GEN24_1021363,4,4,4,3
GEN24_1021365,3,4,4,3
GEN24_1021373,4,4,4,4
GEN24_1021383,3,2,4,4
GEN24_1021384,4,4,4,3
GEN24_1021396,4,4,3,4
GEN24_1021401,4,4,4,4
GEN24_1021403,4,4,4,4
GEN24_1021405,4,4,4,4
GEN24_1021406,4,4,4,4
GEN24_1021408,4,4,4,4
GEN24_1021409,4,4,4,4
GEN24_1021413,4,4,4,3
GEN24_1021419,4,4,4,4
GEN24_1021420,4,4,4,4
GEN24_1021428,4,4,4,4
GEN24_1021430,4,3,4,4
GEN24_1021434,4,4,4,4
GEN24_1021446,4,4,4,4
GEN24_1021460,4,4,4,4
GEN24_1021462,4,4,4,3
GEN24_1021468,4,4,3,4
GEN24_1021482,4,4,4,3
GEN24_1021485,4,4,4,4
GEN24_1021488,3,4,4,4
GEN24_1021491,4,4,4,4
GEN24_1021492,4,4,4,4
GEN24_1021495,4,4,4,3
GEN24_1021496,4,4,4,4
GEN24_1021498,4,4,4,4
GEN24_1021501,4,4,4,3
GEN24_1021505,4,4,4,4
GEN24_1021514,4,4,4,4
GEN24_1021516,4,4,4,4
GEN24_1021517,4,4,4,3
GEN24_1021518,4,4,4,4
GEN24_1021520,4,4,4,4
GEN24_1021521,4,1,4,4
GEN24_1021534,4,4,4,4
GEN24_1021539,4,4,4,3
GEN24_1021540,4,4,4,4
GEN24_1021542,3,4,4,4
GEN24_1021545,3,4,4,4
GEN24_1021546,4,4,4,4
GEN24_1021548,3,4,4,4
GEN24_1021552,4,4,4,4
GEN24_1021555,4,4,4,4
GEN24_1021558,4,4,4,4
GEN24_1021561,4,4,4,4
GEN24_1021563,4,4,4,4
GEN24_1021565,4,4,4,4
GEN24_1021567,4,4,4,4
GEN24_1021569,4,4,4,4
GEN24_1021574,4,4,4,4
GEN24_1021580,4,4,4,4
GEN24_1021586,4,4,4,3
GEN24_1021594,4,4,4,4
GEN24_1021601,4,4,4,4
GEN24_1021604,4,4,4,4
GEN24_1021607,4,4,4,4
GEN24_1021614,4,4,4,4
GEN24_1021616,4,4,4,4
GEN24_1021620,4,4,4,4
GEN24_1021636,3,4,3,4
GEN24_1021643,4,4,3,3
GEN24_1021644,4,4,4,3
GEN24_1021653,4,4,4,3
GEN24_1021657,4,4,4,4
GEN24_1021658,4,4,4,4
GEN24_1021666,4,4,4,4
GEN24_1021668,4,4,4,4
GEN24_1021672,4,4,4,4
GEN24_1021680,4,4,4,4
GEN24_1021686,4,4,4,4
GEN24_1021689,4,4,3,4
GEN24_1021691,4,4,4,4
GEN24_1021694,3,4,3,4
GEN24_1021702,4,4,4,4
GEN24_1021705,4,4,4,4
GEN24_1021708,4,4,4,4
GEN24_1021710,4,4,4,4
GEN24_1021712,4,4,4,4
GEN24_1021715,4,3,4,4
GEN24_1021716,4,4,4,4
GEN24_1021717,4,4,4,4
GEN24_1021719,4,4,4,4
GEN24_1021725,4,4,4,4
GEN24_1021729,3,3,3,3
GEN24_1021732,4,4,4,4
GEN24_1021739,4,4,4,4
GEN24_1021750,4,4,3,3
GEN24_1021751,4,4,4,4
GEN24_1021752,4,4,3,4
GEN24_1021757,4,4,4,4
GEN24_1021761,4,4,4,4
GEN24_1021766,4,4,4,4
GEN24_1021769,4,4,4,4
GEN24_1021773,3,4,4,4
GEN24_1021776,4,4,4,3
GEN24_1021780,4,4,4,4
GEN24_1021783,4,4,4,4
GEN24_1021791,4,2,4,3
GEN24_1021793,4,4,4,4
GEN24_1021795,4,4,4,4
GEN24_1021800,4,4,4,4
GEN24_1021806,4,4,4,4
GEN24_1021815,3,4,3,3
GEN24_1021821,4,4,4,3
GEN24_1021822,4,4,4,4
GEN24_1021823,4,4,4,4
GEN24_1021825,4,4,4,4
GEN24_1021826,3,4,4,4
GEN24_1021833,4,4,4,4
GEN24_1021840,4,4,4,4
GEN24_1021841,3,4,4,4
GEN24_1021846,4,4,4,4
GEN24_1021847,4,4,4,4
GEN24_1021851,4,4,4,4
GEN24_1021856,4,4,4,4
GEN24_1021858,4,4,4,4
GEN24_1021862,4,4,4,4
GEN24_1021869,4,4,4,4
GEN24_1021871,4,3,4,4
GEN24_1021874,4,4,4,4
GEN24_1021879,4,4,4,4
GEN24_1021882,4,4,4,4
GEN24_1021887,4,4,4,4
GEN24_1021892,4,4,4,4
GEN24_1021894,4,4,4,4
GEN24_1021897,4,4,4,4
GEN24_1021898,4,4,4,4
GEN24_1021901,4,4,4,4
GEN24_1021902,4,3,4,4
GEN24_1021909,3,3,4,3
GEN24_1021911,4,4,4,4
GEN24_1021913,4,4,4,4
GEN24_1021919,4,4,4,4
GEN24_1021925,4,4,4,4
GEN24_1021932,4,4,4,4
GEN24_1021942,4,4,4,4
GEN24_1021953,4,4,4,4
GEN24_1021964,4,4,4,3
GEN24_1021965,4,4,4,4
GEN24_1021968,4,4,4,4
GEN24_1021973,4,4,4,4
GEN24_1021982,4,4,4,4
GEN24_1021984,4,4,4,4
GEN24_1021985,3,4,4,4
GEN24_1021986,4,4,4,4
GEN24_1021989,4,4,4,4
GEN24_1021990,4,4,4,4
GEN24_1021992,4,4,4,4
GEN24_1021994,3,4,4,4
GEN24_1022000,4,4,4,4
GEN24_1022005,4,4,4,4
GEN24_1022006,4,4,4,4
GEN24_1022007,4,4,3,4
GEN24_1022010,4,4,4,4
GEN24_1022011,3,4,3,4
GEN24_1022016,4,4,4,4
GEN24_1022020,4,4,3,3
GEN24_1022026,4,4,4,4
GEN24_1022030,4,4,4,4
GEN24_1022033,4,4,4,4
GEN24_1022034,4,4,4,4
GEN24_1022036,4,4,4,4
GEN24_1022051,4,4,4,4
GEN24_1022056,4,4,4,4
GEN24_1022058,4,4,4,4
GEN24_1022062,4,4,4,4
GEN24_1022063,4,4,4,4
GEN24_1022066,4,4,4,4
GEN24_1022068,4,4,4,4
GEN24_1022070,4,4,4,4
GEN24_1022072,4,4,4,4
GEN24_1022075,4,4,4,4
GEN24_1022077,4,4,4,4
GEN24_1022079,3,3,4,3
GEN24_1022080,4,4,4,4
GEN24_1022082,4,4,4,4
GEN24_1022083,4,3,4,4
GEN24_1022088,4,4,4,2
GEN24_1022090,4,4,4,4
GEN24_1022094,4,4,4,4
GEN24_1022095,4,4,4,4
GEN24_1022099,4,4,4,4
GEN24_1022100,4,4,4,4
GEN24_1022104,4,4,4,4
GEN24_1022107,4,4,4,4
GEN24_1022113,4,4,4,4
GEN24_1022118,4,4,4,4
GEN24_1022120,4,3,4,4
GEN24_1022127,4,4,4,4
GEN24_1022135,4,4,4,4
GEN24_1022139,4,4,4,4
GEN24_1022142,4,4,4,4
GEN24_1022153,4,4,4,4
GEN24_1022154,4,3,3,4
GEN24_1022156,4,4,4,4
GEN24_1022159,4,4,4,3
GEN24_1022163,4,4,4,4
GEN24_1022165,4,4,4,4
GEN24_1022171,4,4,4,4
GEN24_1022175,4,4,4,4
GEN24_1022180,4,4,4,4
GEN24_1022181,4,4,4,4
GEN24_1022183,4,4,4,4
GEN24_1022186,4,4,4,4
GEN24_1022192,4,4,4,3
GEN24_1022193,4,4,4,4
GEN24_1022195,4,4,4,4
GEN24_1022196,4,4,4,4
GEN24_1022197,4,4,4,4
GEN24_1022202,4,4,4,4
GEN24_1022203,4,4,4,4
GEN24_1022206,4,4,4,4
GEN24_1022208,4,4,4,4
GEN24_1022210,4,2,4,4
GEN24_1022214,4,4,4,4
GEN24_1022219,4,4,4,4
GEN24_1022220,4,4,4,4
GEN24_1022224,4,4,4,4
GEN24_1022227,4,4,4,4
GEN24_1022235,4,4,4,4
GEN24_1022238,4,4,4,4
GEN24_1022244,4,4,4,3
GEN24_1022246,3,4,4,4
GEN24_1022247,4,4,4,3
GEN24_1022248,4,4,3,4
GEN24_1022250,4,4,4,4
GEN24_1022254,4,4,4,3
GEN24_1022260,3,4,4,4
GEN24_1022265,4,4,4,4
GEN24_1022275,4,4,4,3
GEN24_1022280,4,4,4,4
GEN24_1022281,4,4,4,4
GEN24_1022287,4,4,4,4
GEN24_1022288,4,4,4,4
GEN24_1022289,4,4,4,4
GEN24_1022290,4,4,4,4
GEN24_1022293,4,3,4,4
GEN24_1022294,4,4,4,3
GEN24_1022298,4,4,4,4
GEN24_1022300,4,4,4,4
GEN24_1022306,4,4,4,4
GEN24_1022310,4,4,4,4
GEN24_1022313,4,4,4,4
GEN24_1022318,4,4,4,4
GEN24_1022320,4,4,4,4
GEN24_1022322,4,4,4,4
GEN24_1022323,4,4,4,4
GEN24_1022324,4,4,4,4
GEN24_1022327,4,4,4,4
GEN24_1022328,3,4,4,4
GEN24_1022330,4,4,4,4
GEN24_1022331,4,4,4,4
GEN24_1022333,4,4,4,4
GEN24_1022334,4,4,4,4
GEN24_1022335,4,4,3,4
GEN24_1022339,4,4,4,4
GEN24_1022340,4,4,4,3
GEN24_1022345,4,4,4,4
GEN24_1022357,4,4,4,4
GEN24_1022358,4,4,4,4
GEN24_1022365,4,4,4,4
GEN24_1022377,4,4,4,4
GEN24_1022386,4,4,4,4
GEN24_1022388,4,4,4,4
GEN24_1022398,4,3,4,3
GEN24_1022402,4,4,4,4
GEN24_1022404,4,4,4,4
GEN24_1022411,4,4,4,4
GEN24_1022415,4,4,4,4
GEN24_1022418,4,3,3,4
GEN24_1022422,4,4,4,4
GEN24_1022423,4,4,4,4
GEN24_1022424,4,4,4,4
GEN24_1022425,4,4,3,4
GEN24_1022426,4,4,4,4
GEN24_1022436,4,4,4,4
GEN24_1022437,4,4,4,4
GEN24_1022438,3,4,4,3
GEN24_1022440,4,4,4,4
GEN24_1022442,4,4,4,4
GEN24_1022443,4,4,4,4
GEN24_1022460,4,4,4,3
GEN24_1022462,4,4,4,4
GEN24_1022463,3,4,3,4
GEN24_1022466,4,4,4,4
GEN24_1022468,4,4,4,4
GEN24_1022476,4,4,4,4
GEN24_1022477,4,4,4,4
GEN24_1022480,4,4,4,4
GEN24_1022481,4,4,4,4
GEN24_1022482,4,4,4,4
GEN24_1022484,4,4,4,4
GEN24_1022485,4,4,4,4
GEN24_1022489,4,4,4,4
GEN24_1022491,3,4,4,4
GEN24_1022494,4,4,4,4
GEN24_1022500,4,4,4,4
GEN24_1022501,4,4,4,4
GEN24_1022503,4,4,4,4
GEN24_1022509,4,4,4,3
GEN24_1022510,4,4,4,4
GEN24_1022511,4,4,4,4
GEN24_1022513,4,4,4,3
GEN24_1022515,4,4,4,4
GEN24_1022519,4,4,3,4
GEN24_1022520,4,4,4,4
GEN24_1022522,4,4,4,4
GEN24_1022523,4,4,4,4
GEN24_1022528,4,4,3,3
GEN24_1022531,4,4,4,4
GEN24_1022537,4,3,4,4
GEN24_1022543,4,4,3,4
GEN24_1022544,4,4,4,4
GEN24_1022545,4,4,4,3
GEN24_1022547,4,4,4,4
GEN24_1022549,3,4,4,4
GEN24_1022554,4,4,4,4
GEN24_1022555,4,4,4,4
GEN24_1022556,4,4,4,4
GEN24_1022557,4,4,3,3
GEN24_1022558,3,4,4,4
GEN24_1022562,4,2,4,3
GEN24_1022563,4,4,4,4
GEN24_1022566,4,4,4,4
GEN24_1022568,4,4,4,4
GEN24_1022571,4,4,4,4
GEN24_1022577,4,4,4,4
GEN24_1022582,4,4,4,4
GEN24_1022590,4,4,4,4
GEN24_1022605,4,4,4,4
GEN24_1022607,4,4,4,4
GEN24_1022618,4,4,4,4
GEN24_1022620,4,4,4,4
GEN24_1022622,4,4,4,4
GEN24_1022624,4,4,4,3
GEN24_1022626,4,4,4,4
GEN24_1022629,4,4,4,4
GEN24_1022630,4,4,4,4
GEN24_1022633,4,4,4,4
GEN24_1022645,4,4,4,4
GEN24_1022646,2,4,4,4
GEN24_1022647,3,4,4,4
GEN24_1022655,4,4,4,4
GEN24_1022660,4,4,4,4
GEN24_1022661,4,4,4,4
GEN24_1022681,4,4,4,4
GEN24_1022684,4,4,4,4
GEN24_1022687,4,4,4,4
GEN24_1022688,3,4,4,4
GEN24_1022701,4,4,4,4
GEN24_1022704,4,4,4,4
GEN24_1022714,4,4,4,4
GEN24_1022718,3,4,4,4
GEN24_1022723,4,4,4,4
GEN24_1022726,4,4,4,4
GEN24_1022727,4,4,4,4
GEN24_1022729,4,4,4,4
GEN24_1022731,4,4,4,4
GEN24_1022732,4,4,4,4
GEN24_1022734,4,4,4,4
GEN24_1022736,3,4,3,4
GEN24_1022738,4,4,4,4
GEN24_1022739,4,4,4,4
GEN24_1022740,4,4,4,4
GEN24_1022742,4,4,4,4
GEN24_1022747,4,4,4,4
GEN24_1022752,4,4,4,4
GEN24_1022755,4,4,4,4
GEN24_1022758,3,4,4,4
GEN24_1022761,4,4,4,4
GEN24_1022770,4,4,4,3
GEN24_1022772,4,4,4,4
GEN24_1022775,4,4,4,4
GEN24_1022782,4,4,4,4
GEN24_1022783,4,4,3,4
GEN24_1022786,4,4,4,4
GEN24_1022787,4,4,4,3
GEN24_1022789,3,4,4,4
GEN24_1022790,4,3,3,4
GEN24_1022791,4,4,4,4
GEN24_1022792,4,3,4,4
GEN24_1022795,4,4,4,3
GEN24_1022804,4,4,4,4
GEN24_1022805,4,4,4,4
GEN24_1022808,4,4,4,4
GEN24_1022809,4,4,4,4
GEN24_1022810,4,4,4,3
GEN24_1022813,4,4,4,4
GEN24_1022817,4,3,4,3
GEN24_1022819,4,4,4,4
GEN24_1022821,4,3,4,4
GEN24_1022833,4,4,4,4
GEN24_1022837,4,4,4,4
GEN24_1022839,4,4,3,4
GEN24_1022846,4,4,4,4
GEN24_1022849,4,4,4,4
GEN24_1022854,4,4,4,4
GEN24_1022858,4,4,3,4
GEN24_1022860,4,3,4,4
GEN24_1022867,4,4,4,4
GEN24_1022868,4,4,3,4
GEN24_1022869,4,4,4,4
GEN24_1022887,4,4,4,4
GEN24_1022888,4,4,4,4
GEN24_1022892,4,4,4,4
GEN24_1022893,4,4,4,3
GEN24_1022896,3,4,4,4
GEN24_1022899,4,4,4,4
GEN24_1022901,4,4,4,4
GEN24_1022903,4,4,4,4
GEN24_1022906,4,4,4,4
GEN24_1022907,4,4,4,4
GEN24_1022908,4,4,4,4
GEN24_1022912,4,4,3,4
GEN24_1022914,4,4,4,4
GEN24_1022918,4,4,4,4
GEN24_1022921,4,4,4,4
GEN24_1022926,4,3,4,4
GEN24_1022931,4,4,4,4
GEN24_1022933,4,4,4,4
GEN24_1022938,4,4,4,4
GEN24_1022940,4,4,4,4
GEN24_1022946,4,4,4,4
GEN24_1022948,3,4,4,3
GEN24_1022949,4,4,3,4
GEN24_1022952,4,4,4,4
GEN24_1022955,4,4,4,4
GEN24_1022957,4,4,4,4
GEN24_1022974,4,4,4,4
GEN24_1022980,4,4,3,2
GEN24_1022982,4,4,3,4
GEN24_1023004,4,4,4,4
GEN24_1023007,4,4,4,4
GEN24_1023008,4,4,4,4
GEN24_1023015,4,4,4,4
GEN24_1023024,4,4,4,3
GEN24_1023032,3,3,3,3
GEN24_1023033,4,4,4,4
GEN24_1023034,4,4,4,4
GEN24_1023039,4,4,4,3
GEN24_1023040,4,3,4,4
GEN24_1023044,4,4,4,4
GEN24_1023050,4,4,4,3
GEN24_1023051,4,4,4,4
GEN24_1023057,3,4,3,4
GEN24_1023059,4,4,4,4
GEN24_1023062,4,4,4,4
GEN24_1023063,4,4,4,4
GEN24_1023066,4,4,4,4
GEN24_1023069,4,4,4,4
GEN24_1023075,4,4,4,4
GEN24_1023083,4,4,4,4
GEN24_1023089,4,4,3,4
GEN24_1023092,4,4,4,4
GEN24_1023101,3,4,4,3
GEN24_1023104,3,4,4,3
GEN24_1023110,4,4,4,4
GEN24_1023115,4,4,4,4
GEN24_1023120,4,4,4,4
GEN24_1023121,4,4,4,4
GEN24_1023133,3,4,4,3
GEN24_1023142,4,4,4,3
GEN24_1023146,4,4,4,4
GEN24_1023147,4,4,4,4
GEN24_1023149,4,4,4,4
GEN24_1023152,4,4,4,4
GEN24_1023154,4,4,4,4
GEN24_1023158,4,4,4,4
GEN24_1023159,4,4,4,4
GEN24_1023162,4,4,4,4
GEN24_1023163,4,4,4,4
GEN24_1023166,4,4,4,4
GEN24_1023167,4,4,4,4
GEN24_1023172,4,4,4,3
GEN24_1023176,4,4,4,3
GEN24_1023180,4,4,4,4
GEN24_1023206,4,4,4,4
GEN24_1023220,4,4,4,4
GEN24_1023223,4,4,4,4
GEN24_1023225,3,4,3,3
GEN24_1023233,3,4,4,3
GEN24_1023235,4,4,4,4
GEN24_1023239,4,4,4,4
GEN24_1023241,4,3,4,4
GEN24_1023244,3,4,4,4
GEN24_1023246,4,3,4,4
GEN24_1023248,4,4,4,4
GEN24_1023255,4,4,4,4
GEN24_1023259,4,4,4,4
GEN24_1023263,4,4,4,4
GEN24_1023268,4,4,4,4
GEN24_1023283,4,4,4,4
GEN24_1023284,4,4,4,4
GEN24_1023286,4,4,3,4
GEN24_1023288,4,4,4,3
GEN24_1023290,4,4,4,3
GEN24_1023292,4,4,4,4
GEN24_1023296,4,4,4,4
GEN24_1023302,4,4,4,4
GEN24_1023307,4,4,4,3
GEN24_1023311,4,4,4,3
GEN24_1023314,4,4,4,4
GEN24_1023321,4,4,4,4
GEN24_1023330,4,4,4,4
GEN24_1023339,4,4,4,4
GEN24_1023344,4,4,4,4
GEN24_1023349,4,4,4,4
GEN24_1023350,4,4,4,4
GEN24_1023352,4,4,4,4
GEN24_1023353,4,4,4,4
GEN24_1023358,4,4,4,4
GEN24_1023359,4,4,4,4
GEN24_1023360,4,4,4,4
GEN24_1023361,4,4,4,4
GEN24_1023363,4,4,4,4
GEN24_1023367,4,3,3,4
GEN24_1023368,4,4,4,4
GEN24_1023369,4,4,4,4
GEN24_1023371,4,4,4,4
GEN24_1023397,4,4,4,4
GEN24_1023399,4,4,4,4
GEN24_1023400,4,4,4,4
GEN24_1023402,4,4,4,4
GEN24_1023405,3,4,4,4
GEN24_1023409,3,3,3,3
GEN24_1023417,4,3,4,4
GEN24_1023419,4,4,3,4
GEN24_1023420,4,4,4,4
GEN24_1023422,4,4,4,4
GEN24_1023424,4,4,4,4
GEN24_1023425,4,4,4,4
GEN24_1023428,4,4,4,4
GEN24_1023429,4,4,4,4
GEN24_1023441,4,4,4,3
GEN24_1023442,4,3,4,4
GEN24_1023452,4,4,4,4
GEN24_1023461,4,4,4,4
GEN24_1023482,4,4,4,4
GEN24_1023489,4,4,4,4
GEN24_1023500,4,4,4,4
GEN24_1023507,4,4,3,4
GEN24_1023509,4,4,4,4
GEN24_1023519,3,4,4,4
GEN24_1023520,4,4,4,4
GEN24_1023526,4,4,4,4
GEN24_1023536,4,4,4,4
GEN24_1023551,4,4,4,4
GEN24_1023559,4,4,4,4
GEN24_1023564,4,4,4,4
GEN24_1023566,4,4,4,3
GEN24_1023569,4,4,4,4
GEN24_1023577,4,4,4,4
GEN24_1023580,4,4,4,4
GEN24_1023581,3,4,3,4
GEN24_1023586,4,4,4,4
GEN24_1023591,4,4,4,4
GEN24_1023597,4,4,4,4
GEN24_1023598,4,4,4,4
GEN24_1023601,4,4,3,4
GEN24_1023602,4,4,4,4
GEN24_1023603,4,4,4,4
GEN24_1023604,4,4,4,4
GEN24_1023605,4,4,4,4
GEN24_1023606,4,4,4,4
GEN24_1023607,4,4,4,4
GEN24_1023615,4,4,4,4
GEN24_1023616,4,4,4,4
GEN24_1023618,4,4,4,4
GEN24_1023622,3,4,4,4
GEN24_1023623,4,4,4,4
GEN24_1023624,4,4,4,4
GEN24_1023625,3,3,3,4
GEN24_1023628,4,3,3,4
GEN24_1023632,4,4,4,4
GEN24_1023634,4,4,4,4
GEN24_1023635,4,4,4,4
GEN24_1023636,4,4,4,4
GEN24_1023639,4,3,4,3
GEN24_1023642,4,4,4,4
GEN24_1023644,4,4,4,4
GEN24_1023647,4,4,4,4
GEN24_1023649,4,4,4,4
GEN24_1023650,3,4,4,4
GEN24_1023653,4,4,4,4
GEN24_1023654,3,4,4,4
GEN24_1023657,4,4,4,4
GEN24_1023658,4,4,4,4
GEN24_1023662,4,4,3,4
GEN24_1023678,4,3,4,4
GEN24_1023684,4,4,4,4
GEN24_1023689,4,4,4,4
GEN24_1023700,4,4,4,4
GEN24_1023716,3,2,3,2
GEN24_1023719,4,4,4,4
GEN24_1023720,4,4,4,4
GEN24_1023728,4,4,4,4
GEN24_1023733,4,4,4,4
GEN24_1023734,4,3,4,4
GEN24_1023761,4,4,4,4
GEN24_1023762,4,4,4,4
GEN24_1023766,4,4,4,4
GEN24_1023775,4,4,4,4
GEN24_1023776,4,4,4,4
GEN24_1023777,4,4,4,4
GEN24_1023784,4,4,4,3
GEN24_1023785,4,4,4,4
GEN24_1023796,4,4,4,4
GEN24_1023799,4,4,4,4
GEN24_1023800,4,4,4,4
GEN24_1023801,4,4,4,3
GEN24_1023810,4,4,4,4
GEN24_1023812,4,3,3,4
GEN24_1023818,4,4,4,4
GEN24_1023820,4,4,4,4
GEN24_1023821,4,4,4,4
GEN24_1023822,4,4,4,4
GEN24_1023823,4,4,4,4
GEN24_1023824,4,4,4,3
GEN24_1023826,4,4,4,4
GEN24_1023827,4,4,4,4
GEN24_1023828,4,4,4,4
GEN24_1023830,4,4,4,4
GEN24_1023834,4,4,4,4
GEN24_1023837,4,4,4,4
GEN24_1023838,4,4,4,4
GEN24_1023841,4,4,4,4
GEN24_1023849,4,4,4,4
GEN24_1023851,4,3,4,4
GEN24_1023855,4,4,4,4
GEN24_1023860,4,4,4,4
GEN24_1023861,4,4,4,4
GEN24_1023871,4,4,4,3
GEN24_1023872,4,4,4,4
GEN24_1023880,4,4,4,4
GEN24_1023884,4,4,4,4
GEN24_1023886,3,4,3,4
GEN24_1023888,4,4,4,3
GEN24_1023892,4,4,4,4
GEN24_1023895,4,3,4,3
GEN24_1023897,4,4,4,4
GEN24_1023898,4,4,4,4
GEN24_1023899,4,3,3,4
GEN24_1023902,4,4,3,4
GEN24_1023903,3,4,4,4
GEN24_1023905,4,4,4,4
GEN24_1023908,4,4,4,4
GEN24_1023909,4,3,4,3
GEN24_1023911,4,4,4,4
GEN24_1023915,4,4,4,4
GEN24_1023918,4,4,4,4
GEN24_1023922,3,4,3,4
GEN24_1023923,4,4,4,4
GEN24_1023934,3,4,4,4
GEN24_1023935,3,4,4,3
GEN24_1023936,4,4,4,4
GEN24_1023940,4,4,4,4
GEN24_1023943,4,4,4,3
GEN24_1023949,4,4,4,4
GEN24_1023954,4,4,4,4
GEN24_1023955,4,4,4,3
GEN24_1023959,4,4,4,4
GEN24_1023961,4,4,4,4
GEN24_1023962,2,2,2,2
GEN24_1023963,4,4,4,3
GEN24_1023969,4,4,4,4
GEN24_1023970,4,4,4,4
GEN24_1023972,4,4,4,3
GEN24_1023978,4,4,4,4
GEN24_1023980,4,4,4,4
GEN24_1023988,4,4,4,4
GEN24_1023989,3,3,3,3
GEN24_1023991,4,3,3,4
GEN24_1023992,4,4,4,4
GEN24_1023997,4,4,4,4
GEN24_1023999,4,4,4,4
GEN24_1024001,4,4,4,4
GEN24_1024012,4,4,4,4
GEN24_1024013,4,4,4,4
GEN24_1024025,4,4,4,4
GEN24_1024033,4,4,4,4
GEN24_1024037,4,4,4,4
GEN24_1024045,4,4,4,4
GEN24_1024050,4,4,4,4
GEN24_1024056,2,4,3,4
GEN24_1024064,4,4,4,4
GEN24_1024068,4,4,4,4
GEN24_1024077,4,4,4,4
GEN24_1024078,4,4,4,4
GEN24_1024080,4,4,4,4
GEN24_1024081,4,4,4,4
GEN24_1024083,4,4,3,3
GEN24_1024086,4,4,4,4
GEN24_1024091,4,4,4,4
GEN24_1024092,4,4,4,4
GEN24_1024095,4,4,4,4
GEN24_1024098,4,4,4,4
GEN24_1024103,4,3,4,3
GEN24_1024108,4,4,4,4
GEN24_1024109,4,3,4,4
GEN24_1024116,4,4,4,4
GEN24_1024119,4,4,4,4
GEN24_1024123,4,4,4,4
GEN24_1024129,4,4,4,4
GEN24_1024135,4,3,3,3
GEN24_1024136,4,4,4,4
GEN24_1024139,4,4,4,4
GEN24_1024145,4,4,4,4
GEN24_1024147,4,4,4,4
GEN24_1024151,4,4,4,4
GEN24_1024152,4,4,4,4
GEN24_1024153,4,4,4,4
GEN24_1024155,4,4,4,3
GEN24_1024156,4,4,4,4
GEN24_1024157,3,4,3,4
GEN24_1024160,4,4,4,4
GEN24_1024161,4,4,4,4
GEN24_1024167,4,4,4,4
GEN24_1024173,4,3,3,4
GEN24_1024182,4,4,4,3
GEN24_1024184,4,4,4,4
GEN24_1024192,4,4,4,4
GEN24_1024197,4,4,4,4
GEN24_1024198,4,4,4,4
GEN24_1024199,4,4,4,4
GEN24_1024207,4,4,4,4
GEN24_1024208,4,4,4,4
GEN24_1024210,4,4,4,4
GEN24_1024211,4,4,4,4
GEN24_1024213,4,4,4,2
GEN24_1024215,4,4,4,4
GEN24_1024218,4,4,4,4
GEN24_1024219,4,4,4,4
GEN24_1024227,1,1,1,1
GEN24_1024228,3,4,4,4
GEN24_1024234,4,4,4,4
GEN24_1024236,3,4,4,3
GEN24_1024241,4,4,3,3
GEN24_1024242,4,4,4,4
GEN24_1024245,4,4,4,4
GEN24_1024246,4,4,4,4
GEN24_1024252,4,4,4,4
GEN24_1024253,4,4,4,4
GEN24_1024278,4,4,4,2
GEN24_1024281,4,3,3,4
GEN24_1024290,3,3,3,3
GEN24_1024298,4,4,4,4
GEN24_1024300,4,4,4,4
GEN24_1024307,4,4,4,4
GEN24_1024314,4,4,4,4
GEN24_1024318,4,4,4,4
GEN24_1024327,4,4,4,4
GEN24_1024333,4,4,4,3
GEN24_1024335,4,4,4,4
GEN24_1024336,4,4,4,4
GEN24_1024342,4,3,4,4
GEN24_1024345,4,4,4,4
GEN24_1024346,4,4,4,4
GEN24_1024347,4,4,4,4
GEN24_1024352,4,4,4,4
GEN24_1024357,4,4,4,4
GEN24_1024364,4,4,4,4
GEN24_1024367,4,4,4,4
GEN24_1024374,4,4,4,4
GEN24_1024379,4,4,4,4
GEN24_1024387,4,4,4,4
GEN24_1024390,4,3,4,4
GEN24_1024391,4,4,4,4
GEN24_1024392,4,4,4,4
GEN24_1024394,4,4,4,4
GEN24_1024397,4,4,4,4
GEN24_1024399,4,4,4,4
GEN24_1024400,4,3,4,4
GEN24_1024406,4,4,4,4
GEN24_1024407,4,4,4,4
GEN24_1024413,3,4,4,3
GEN24_1024427,4,4,4,3
GEN24_1024430,4,4,4,4
GEN24_1024432,4,4,4,4
GEN24_1024436,4,4,4,4
GEN24_1024445,4,4,4,4
GEN24_1024453,4,4,4,4
GEN24_1024454,4,4,4,4
GEN24_1024456,4,4,4,4
GEN24_1024463,4,4,4,4
GEN24_1024464,3,4,4,3
GEN24_1024468,4,4,4,4
GEN24_1024469,4,4,4,4
GEN24_1024474,4,4,4,4
GEN24_1024476,4,4,4,4
GEN24_1024477,4,4,4,4
GEN24_1024482,4,4,4,4
GEN24_1024493,4,4,4,4
GEN24_1024495,4,4,4,4
GEN24_1024497,4,4,2,4
GEN24_1024502,4,4,4,4
GEN24_1024505,4,4,4,4
GEN24_1024506,4,4,4,4
GEN24_1024509,4,4,4,4
GEN24_1024511,4,4,4,3
GEN24_1024518,4,4,4,4
GEN24_1024524,4,4,4,4
GEN24_1024529,3,4,4,4
GEN24_1024532,4,4,4,4
GEN24_1024536,4,3,4,4
GEN24_1024538,3,4,4,4
GEN24_1024545,4,4,4,4
GEN24_1024554,4,4,4,4
GEN24_1024559,4,4,4,4
GEN24_1024564,4,4,4,4
GEN24_1024566,4,4,4,4
GEN24_1024567,4,4,4,4
GEN24_1024570,4,4,4,4
GEN24_1024577,4,4,4,4
GEN24_1024579,4,4,4,4
GEN24_1024581,4,4,4,4
GEN24_1024596,4,4,4,4
GEN24_1024598,4,4,4,4
GEN24_1024599,4,4,4,4
GEN24_1024604,4,4,4,4
GEN24_1024607,4,3,3,4
GEN24_1024615,4,4,4,4
GEN24_1024625,4,4,4,4
GEN24_1024635,4,4,4,4
GEN24_1024639,4,4,4,4
GEN24_1024651,4,4,4,4
GEN24_1024654,4,4,4,4
GEN24_1024662,2,3,4,3
GEN24_1024663,4,4,4,4
GEN24_1024665,4,4,4,4
GEN24_1024668,4,4,4,4
GEN24_1024670,4,4,3,3
GEN24_1024680,4,4,4,3
GEN24_1024682,4,4,4,4
GEN24_1024683,4,4,4,4
GEN24_1024688,4,4,3,4
GEN24_1024691,4,4,4,4
GEN24_1024696,4,4,4,4
GEN24_1024706,4,4,4,4
GEN24_1024720,4,4,4,4
GEN24_1024722,4,4,4,4
GEN24_1024723,4,4,4,4
GEN24_1024724,4,4,4,4
GEN24_1024726,4,4,4,4
GEN24_1024729,4,4,4,4
GEN24_1024731,4,4,4,4
GEN24_1024741,4,3,4,4
GEN24_1024754,4,4,4,4
GEN24_1024756,4,4,4,4
GEN24_1024759,4,4,4,3
GEN24_1024761,4,4,4,4
GEN24_1024769,4,4,4,4
GEN24_1024772,4,4,4,4
GEN24_1024773,4,4,4,4
GEN24_1024775,4,4,4,4
GEN24_1024777,4,4,4,4
GEN24_1024778,4,4,4,4
GEN24_1024780,4,4,4,3
GEN24_1024784,4,4,4,4
GEN24_1024786,4,4,4,4
GEN24_1024789,4,4,4,4
GEN24_1024792,4,4,3,4
GEN24_1024796,4,4,4,4
GEN24_1024798,4,4,4,4
GEN24_1024800,4,4,4,4
GEN24_1024803,4,4,4,4
GEN24_1024805,4,4,4,4
GEN24_1024806,3,3,3,3
GEN24_1024821,4,4,4,4
GEN24_1024822,4,4,4,4
GEN24_1024823,4,4,4,4
GEN24_1024824,4,4,4,4
GEN24_1024825,4,4,4,4
GEN24_1024827,4,4,4,4
GEN24_1024829,4,4,4,4
GEN24_1024830,4,4,4,4
GEN24_1024831,4,4,4,4
GEN24_1024832,4,4,4,4
GEN24_1024835,4,4,4,4
GEN24_1024840,4,4,4,4
GEN24_1024841,4,4,4,4
GEN24_1024842,4,4,4,4
GEN24_1024843,4,4,4,4
GEN24_1024845,4,4,4,3
GEN24_1024850,4,4,4,4
GEN24_1024853,4,4,4,4
GEN24_1024856,4,4,4,4
GEN24_1024866,4,4,4,4
GEN24_1024867,4,4,4,4
GEN24_1024868,4,4,4,4
GEN24_1024877,4,4,4,3
GEN24_1024885,4,4,4,4
GEN24_1024889,4,4,4,4
GEN24_1024891,4,4,4,4
GEN24_1024901,4,4,4,4
GEN24_1024902,4,4,4,4
GEN24_1024904,4,4,4,4
GEN24_1024905,4,4,4,4
GEN24_1024906,4,4,4,4
GEN24_1024909,4,4,4,4
GEN24_1024910,4,4,4,4
GEN24_1024920,4,4,4,4
GEN24_1024921,4,4,4,4
GEN24_1024927,4,4,4,4
GEN24_1024931,4,4,4,4
GEN24_1024932,4,4,4,4
GEN24_1024934,4,4,3,4
GEN24_1024936,4,4,4,4
GEN24_1024937,4,4,4,4
GEN24_1024939,4,4,4,4
GEN24_1024941,4,4,4,4
GEN24_1024943,4,4,4,3
GEN24_1024944,3,3,3,4
GEN24_1024945,4,4,4,4
GEN24_1024957,4,4,4,4
GEN24_1024961,4,4,4,4
GEN24_1024965,4,4,4,3
GEN24_1024967,4,2,3,4
GEN24_1024971,4,4,4,4
GEN24_1024973,3,4,3,4
GEN24_1024976,4,4,4,4
GEN24_1024981,4,4,4,4
GEN24_1024985,4,4,4,4
GEN24_1024998,3,4,3,4
GEN24_1025001,4,4,4,4
GEN24_1025005,4,4,4,4
GEN24_1025010,4,4,4,4
GEN24_1025017,4,4,4,4
GEN24_1025021,4,4,4,4
GEN24_1025022,4,4,4,4
GEN24_1025033,3,4,4,4
GEN24_1025040,4,4,4,4
GEN24_1025042,4,4,4,4
GEN24_1025043,4,4,4,4
GEN24_1025048,4,4,4,4
GEN24_1025050,4,4,4,4
GEN24_1025052,4,4,3,4
GEN24_1025054,4,4,4,4
GEN24_1025070,4,4,4,3
GEN24_1025071,4,4,3,4
GEN24_1025076,4,4,4,4
GEN24_1025083,4,4,4,4
GEN24_1025088,4,4,4,4
GEN24_1025089,4,4,4,4
GEN24_1025095,4,4,4,3
GEN24_1025096,4,4,4,4
GEN24_1025097,4,4,4,4
GEN24_1025100,4,4,4,4
GEN24_1025107,3,3,3,3
GEN24_1025127,4,4,4,4
GEN24_1025130,4,4,4,4
GEN24_1025134,4,4,4,4
GEN24_1025137,4,4,4,4
GEN24_1025140,4,4,4,4
GEN24_1025142,3,4,4,2
GEN24_1025143,3,4,4,4
GEN24_1025144,4,4,4,4
GEN24_1025145,4,4,4,4
GEN24_1025149,4,4,4,4
GEN24_1025156,4,4,4,4
GEN24_1025163,4,4,4,4
GEN24_1025165,4,4,3,3
GEN24_1025172,4,4,4,4
GEN24_1025174,4,4,4,4
GEN24_1025178,4,4,4,4
GEN24_1025179,4,4,4,3
GEN24_1025194,4,4,4,4
GEN24_1025207,4,4,4,4
GEN24_1025211,4,4,4,4
GEN24_1025213,4,4,4,4
GEN24_1025214,4,4,4,3
GEN24_1025227,4,4,4,4
GEN24_1025230,4,4,4,4
GEN24_1025233,4,4,4,4
GEN24_1025234,4,4,4,4
GEN24_1025235,4,4,4,4
GEN24_1025239,4,4,4,4
GEN24_1025240,4,3,4,4
GEN24_1025249,4,4,4,4
GEN24_1025250,4,4,4,3
GEN24_1025252,4,4,4,4
GEN24_1025255,4,4,4,3
GEN24_1025257,4,4,3,4
GEN24_1025258,4,4,3,4
GEN24_1025263,4,4,4,3
GEN24_1025265,3,3,4,4
GEN24_1025271,4,3,4,3
GEN24_1025278,4,4,4,4
GEN24_1025284,4,3,4,3
GEN24_1025286,4,4,4,4
GEN24_1025292,4,4,4,4
GEN24_1025294,4,4,4,4
GEN24_1025296,4,4,4,4
GEN24_1025303,4,3,4,4
GEN24_1025304,4,4,4,4
GEN24_1025308,4,4,4,4
GEN24_1025328,4,4,4,3
GEN24_1025332,4,4,4,4
GEN24_1025335,4,4,4,4
GEN24_1025338,3,4,4,4
GEN24_1025360,4,4,4,3
GEN24_1025361,4,4,3,3
GEN24_1025362,4,4,4,4
GEN24_1025368,4,4,4,4
GEN24_1025369,4,4,4,4
GEN24_1025371,4,4,4,4
GEN24_1025372,4,4,4,4
GEN24_1025378,4,4,4,4
GEN24_1025379,4,4,4,3
GEN24_1025380,4,4,4,4
GEN24_1025381,4,4,3,3
GEN24_1025391,4,4,4,4
GEN24_1025395,4,4,4,4
GEN24_1025405,4,4,4,4
GEN24_1025410,4,4,4,4
GEN24_1025411,4,4,4,4
GEN24_1025412,4,4,4,4
GEN24_1025414,4,4,4,4
GEN24_1025419,4,4,4,4
GEN24_1025423,4,4,4,4
GEN24_1025428,4,4,4,4
GEN24_1025433,4,4,4,4
GEN24_1025437,4,4,4,4
GEN24_1025438,4,4,4,4
GEN24_1025440,4,4,3,4
GEN24_1025442,4,4,4,4
GEN24_1025443,3,4,4,4
GEN24_1025447,4,4,4,4
GEN24_1025451,4,4,4,4
GEN24_1025452,4,4,4,4
GEN24_1025454,4,4,4,4
GEN24_1025456,4,4,4,4
GEN24_1025463,4,4,4,4
GEN24_1025464,4,4,4,4
GEN24_1025465,4,4,4,4
GEN24_1025469,4,4,4,4
GEN24_1025473,4,4,4,4
GEN24_1025492,4,4,4,4
GEN24_1025495,4,4,4,4
GEN24_1025501,4,4,4,4
GEN24_1025505,4,4,4,4
GEN24_1025506,4,4,4,4
GEN24_1025507,4,4,4,4
GEN24_1025517,4,4,4,4
GEN24_1025523,4,4,4,4
GEN24_1025531,4,4,4,4
GEN24_1025536,4,4,4,4
GEN24_1025537,4,3,4,3
GEN24_1025542,4,4,4,4
GEN24_1025553,4,4,4,3
GEN24_1025554,4,4,4,4
GEN24_1025557,4,4,4,4
GEN24_1025558,4,4,4,4
GEN24_1025564,4,4,4,4
GEN24_1025566,4,3,4,4
GEN24_1025576,4,4,4,4
GEN24_1025583,4,4,4,3
GEN24_1025584,4,4,4,4
GEN24_1025585,4,4,3,4
GEN24_1025586,4,4,4,4
GEN24_1025588,4,4,4,4
GEN24_1025590,4,4,4,4
GEN24_1025591,4,3,3,3
GEN24_1025597,3,3,3,3
GEN24_1025602,4,4,4,4
GEN24_1025604,4,4,4,4
GEN24_1025608,4,4,3,3
GEN24_1025613,4,4,3,4
GEN24_1025620,4,4,4,4
GEN24_1025623,4,4,4,4
GEN24_1025628,4,4,4,4
GEN24_1025632,4,4,4,4
GEN24_1025633,4,4,4,4
GEN24_1025641,4,4,4,4
GEN24_1025645,4,4,3,2
GEN24_1025649,4,4,4,3
GEN24_1025650,4,4,4,4
GEN24_1025655,4,3,4,4
GEN24_1025671,4,4,4,4
GEN24_1025673,4,4,4,4
GEN24_1025674,4,3,3,4
GEN24_1025683,4,4,4,4
GEN24_1025691,4,4,4,4
GEN24_1025694,4,4,4,4
GEN24_1025698,4,4,4,4
GEN24_1025704,4,4,4,4
GEN24_1025706,4,4,4,4
GEN24_1025715,3,4,4,2
GEN24_1025716,4,4,4,4
GEN24_1025719,4,4,4,4
GEN24_1025721,4,1,1,1
GEN24_1025727,4,4,4,4
GEN24_1025742,4,4,4,4
GEN24_1025748,4,4,4,4
GEN24_1025766,4,4,4,4
GEN24_1025778,4,4,4,4
GEN24_1025780,4,4,4,4
GEN24_1025781,4,4,3,3
GEN24_1025786,4,4,4,4
GEN24_1025789,4,4,4,4
GEN24_1025799,4,4,4,3
GEN24_1025806,4,4,4,4
GEN24_1025815,4,4,4,4
GEN24_1025824,4,4,4,4
GEN24_1025843,4,4,4,4
GEN24_1025845,4,4,4,4
GEN24_1025847,4,4,4,4
GEN24_1025849,2,4,3,3
GEN24_1025853,4,4,4,4
GEN24_1025857,4,4,4,4
GEN24_1025858,4,3,3,3
GEN24_1025859,4,4,4,3
GEN24_1025861,4,4,4,4
GEN24_1025863,4,4,4,4
GEN24_1025864,3,4,4,3
GEN24_1025870,4,4,4,3
GEN24_1025873,4,4,4,4
GEN24_1025875,4,4,4,4
GEN24_1025887,4,3,4,4
GEN24_1025892,4,4,4,4
GEN24_1025894,4,4,4,2
GEN24_1025904,4,4,4,4
GEN24_1025906,4,4,4,3
GEN24_1025907,4,4,4,4
GEN24_1025914,4,4,4,4
GEN24_1025920,4,4,4,4
GEN24_1025922,4,4,4,4
GEN24_1025927,4,4,4,4
GEN24_1025929,4,4,4,4
GEN24_1025931,4,4,4,2
GEN24_1025952,4,4,4,4
GEN24_1025953,4,4,4,4
GEN24_1025958,4,4,3,3
GEN24_1025965,4,4,4,4
GEN24_1025967,4,4,4,4
GEN24_1025969,4,4,4,4
GEN24_1025971,4,4,4,4
GEN24_1025972,4,4,3,4
GEN24_1025973,4,4,4,4
GEN24_1025975,4,4,4,4
GEN24_1025976,4,4,4,4
GEN24_1025980,4,4,4,4
GEN24_1025986,4,4,4,3
GEN24_1025987,4,4,4,3
GEN24_1025989,4,4,4,4
GEN24_1026000,4,4,4,4
GEN24_1026013,4,4,4,4
GEN24_1026014,4,4,4,4
GEN24_1026016,4,4,4,4
GEN24_1026019,4,4,4,4
GEN24_1026032,4,4,4,4
GEN24_1026037,4,4,4,4
GEN24_1026048,4,4,4,4
GEN24_1026051,4,4,4,4
GEN24_1026055,4,4,4,4
GEN24_1026065,4,4,4,4
GEN24_1026067,4,4,3,4
GEN24_1026069,4,3,4,3
GEN24_1026071,4,4,4,4
GEN24_1026076,4,4,4,4
GEN24_1026078,4,4,4,4
GEN24_1026080,4,4,4,4
GEN24_1026082,4,4,4,4
GEN24_1026087,4,4,3,4
GEN24_1026089,4,4,4,4
GEN24_1026094,4,4,4,4
GEN24_1026098,4,4,4,4
GEN24_1026099,4,4,4,4
GEN24_1026104,4,4,4,4
GEN24_1026107,4,4,4,4
GEN24_1026108,4,4,3,4
GEN24_1026109,4,4,4,4
GEN24_1026113,4,4,4,4
GEN24_1026116,3,4,4,4
GEN24_1026117,4,4,4,4
GEN24_1026119,4,4,4,4
GEN24_1026130,4,4,4,4
GEN24_1026132,3,3,4,4
GEN24_1026133,4,4,4,4
GEN24_1026141,4,4,4,3
GEN24_1026145,4,4,4,4
GEN24_1026149,4,4,4,4
GEN24_1026153,3,4,4,4
GEN24_1026164,4,4,4,4
GEN24_1026177,4,4,4,4
GEN24_1026180,4,4,4,4
GEN24_1026183,4,4,4,4
GEN24_1026189,4,4,4,4
GEN24_1026192,4,4,4,4
GEN24_1026197,4,4,4,3
GEN24_1026201,4,4,4,4
GEN24_1026206,4,4,4,4
GEN24_1026209,4,3,4,4
GEN24_1026214,4,3,4,4
GEN24_1026220,4,4,4,4
GEN24_1026221,4,4,4,4
GEN24_1026223,4,4,4,4
GEN24_1026224,4,4,4,4
GEN24_1026225,4,4,4,4
GEN24_1026226,4,4,4,4
GEN24_1026234,4,4,4,4
GEN24_1026238,4,4,4,3
GEN24_1026243,4,4,4,4
GEN24_1026249,4,4,4,4
GEN24_1026257,3,3,3,4
GEN24_1026258,4,4,4,4
GEN24_1026261,4,4,3,2
GEN24_1026262,4,4,3,3
GEN24_1026264,4,4,4,4
GEN24_1026267,4,4,4,4
GEN24_1026271,4,4,4,4
GEN24_1026276,4,4,4,4
GEN24_1026282,4,4,4,4
GEN24_1026285,4,4,4,4
GEN24_1026288,4,4,4,4
GEN24_1026292,4,4,4,4
GEN24_1026295,4,4,4,4
GEN24_1026296,3,4,4,3
GEN24_1026298,4,4,4,4
GEN24_1026301,3,4,4,3
GEN24_1026302,4,2,4,4
GEN24_1026304,3,4,4,4
GEN24_1026306,4,4,4,3
GEN24_1026314,4,4,4,3
GEN24_1026315,4,4,4,4
GEN24_1026319,4,4,4,4
GEN24_1026323,3,3,4,4
GEN24_1026325,4,4,2,3
GEN24_1026327,4,4,4,4
GEN24_1026328,4,4,4,4
GEN24_1026337,4,4,4,4
GEN24_1026339,4,3,4,4
GEN24_1026346,4,4,4,3
GEN24_1026349,4,4,4,4
GEN24_1026350,4,4,4,4
GEN24_1026352,4,4,4,4
GEN24_1026354,4,4,4,3
GEN24_1026357,4,4,4,3
GEN24_1026360,4,4,4,4
GEN24_1026362,4,4,4,4
GEN24_1026363,4,4,4,4
GEN24_1026377,4,4,4,4
GEN24_1026379,4,4,4,4
GEN24_1026386,4,4,4,4
GEN24_1026389,4,4,4,4
GEN24_1026390,4,4,4,4
GEN24_1026395,4,4,4,4
GEN24_1026400,4,4,4,4
GEN24_1026402,4,4,4,4
GEN24_1026407,4,4,4,4
GEN24_1026414,3,3,4,4
GEN24_1026417,4,4,4,4
GEN24_1026419,4,4,3,4
GEN24_1026423,4,4,4,4
GEN24_1026425,4,4,4,4
GEN24_1026426,4,3,4,4
GEN24_1026427,4,4,4,4
GEN24_1026430,4,4,4,3
GEN24_1026432,4,4,4,4
GEN24_1026437,4,4,4,4
GEN24_1026440,4,4,4,4
GEN24_1026443,4,4,4,4
GEN24_1026444,4,4,4,4
GEN24_1026445,4,4,4,4
GEN24_1026451,4,4,4,4
GEN24_1026460,4,4,3,4
GEN24_1026464,4,4,4,4
GEN24_1026471,4,4,4,4
GEN24_1026472,4,4,4,4
GEN24_1026477,4,4,4,4
GEN24_1026484,4,4,3,4
GEN24_1026488,4,4,4,4
GEN24_1026489,4,4,4,4
GEN24_1026499,4,4,3,3
GEN24_1026500,4,4,4,4
GEN24_1026502,4,4,4,4
GEN24_1026504,4,4,4,4
GEN24_1026513,4,4,4,4
GEN24_1026515,4,4,4,4
GEN24_1026516,4,4,4,4
GEN24_1026520,4,4,4,4
GEN24_1026521,4,4,4,4
GEN24_1026523,4,4,4,4
GEN24_1026526,4,4,4,4
GEN24_1026528,4,4,4,3
GEN24_1026529,4,4,4,4
GEN24_1026530,4,4,4,4
GEN24_1026532,4,3,4,4
GEN24_1026542,4,4,4,4
GEN24_1026548,4,3,3,4
GEN24_1026562,4,4,4,3
GEN24_1026572,4,4,4,4
GEN24_1026574,4,4,4,4
GEN24_1026575,4,4,4,4
GEN24_1026577,4,4,4,4
GEN24_1026580,4,4,4,4
GEN24_1026581,3,3,4,4
GEN24_1026586,4,4,4,4
GEN24_1026588,4,4,4,4
GEN24_1026592,4,4,4,4
GEN24_1026598,4,4,4,4
GEN24_1026600,4,4,4,4
GEN24_1026602,4,4,4,4
GEN24_1026603,4,4,4,4
GEN24_1026605,4,4,4,4
GEN24_1026609,4,4,4,4
GEN24_1026617,4,2,3,4
GEN24_1026619,4,4,4,4
GEN24_1026621,4,4,4,4
GEN24_1026623,4,4,4,4
GEN24_1026624,4,4,4,4
GEN24_1026625,4,4,4,4
GEN24_1026628,4,4,4,4
GEN24_1026630,4,4,4,4
GEN24_1026636,4,4,4,4
GEN24_1026637,3,3,4,3
GEN24_1026640,4,4,4,4
GEN24_1026641,4,4,3,3
GEN24_1026645,4,4,4,4
GEN24_1026649,4,4,4,4
GEN24_1026652,4,4,4,4
GEN24_1026653,4,4,4,4
GEN24_1026659,4,4,4,4
GEN24_1026665,4,1,1,1
GEN24_1026669,4,4,4,4
GEN24_1026687,4,4,4,4
GEN24_1026691,4,4,4,4
GEN24_1026693,4,4,4,4
GEN24_1026699,4,4,4,4
GEN24_1026705,4,4,4,4
GEN24_1026713,4,4,4,4
GEN24_1026717,4,4,4,4
GEN24_1026737,4,4,3,4
GEN24_1026740,4,4,4,4
GEN24_1026748,4,4,4,4
GEN24_1026767,4,3,3,3
GEN24_1026772,4,4,4,4
GEN24_1026776,4,4,4,4
GEN24_1026779,4,4,4,4
GEN24_1026788,4,4,4,4
GEN24_1026793,4,4,3,4
GEN24_1026802,4,4,4,3
GEN24_1026821,4,4,3,4
GEN24_1026830,4,4,4,4
GEN24_1026837,4,4,4,4
GEN24_1026839,4,4,4,4
GEN24_1026845,4,4,4,4
GEN24_1026851,4,4,4,4
GEN24_1026858,4,4,4,4
GEN24_1026859,4,4,4,4
GEN24_1026862,4,4,4,3
GEN24_1026864,4,4,4,4
GEN24_1026868,4,4,3,4
GEN24_1026870,4,4,4,3
GEN24_1026875,4,3,4,4
GEN24_1026881,4,4,3,4
GEN24_1026885,4,4,4,4
GEN24_1026890,4,4,4,4
GEN24_1026893,4,4,4,4
GEN24_1026918,4,4,4,4
GEN24_1026927,4,4,4,4
GEN24_1026942,4,4,4,4
GEN24_1026964,4,2,4,3
GEN24_1026972,4,4,4,3
GEN24_1026973,4,4,4,4
GEN24_1026974,4,3,3,4
GEN24_1026975,4,3,4,4
GEN24_1026977,4,4,4,4
GEN24_1026981,4,4,4,4
GEN24_1026986,4,4,4,4
GEN24_1026993,4,4,4,4
GEN24_1027000,4,4,4,4
GEN24_1027002,4,4,4,4
GEN24_1027011,4,4,4,2
GEN24_1027016,4,4,3,4
GEN24_1027018,4,4,4,4
GEN24_1027028,4,4,4,4
GEN24_1027033,3,3,3,4
GEN24_1027034,4,4,4,4
GEN24_1027037,4,4,4,3
GEN24_1027038,4,4,4,4
GEN24_1027041,4,4,4,4
GEN24_1027042,4,4,4,4
GEN24_1027049,4,4,4,4
GEN24_1027060,4,4,4,4
GEN24_1027068,4,4,4,3
GEN24_1027074,4,4,4,4
GEN24_1027077,4,4,4,4
GEN24_1027082,4,4,4,4
GEN24_1027094,4,4,4,4
GEN24_1027095,4,4,4,3
GEN24_1027096,4,4,4,4
GEN24_1027099,4,4,4,4
GEN24_1027104,4,4,4,4
GEN24_1027115,4,4,4,4
GEN24_1027120,3,4,4,3
GEN24_1027127,4,4,4,4
GEN24_1027130,4,4,3,4
GEN24_1027132,4,4,4,3
GEN24_1027137,4,4,4,4
GEN24_1027140,4,4,4,4
GEN24_1027141,4,4,4,4
GEN24_1027144,4,4,4,4
GEN24_1027162,4,4,3,4
GEN24_1027164,4,4,4,4
GEN24_1027167,4,4,4,4
GEN24_1027168,4,1,4,4
GEN24_1027180,4,4,4,4
GEN24_1027181,4,3,4,4
GEN24_1027187,4,4,4,4
GEN24_1027193,4,4,4,4
GEN24_1027194,4,4,4,4
GEN24_1027197,4,4,4,4
GEN24_1027199,4,4,4,4
GEN24_1027202,4,4,4,3
GEN24_1027204,4,4,4,4
GEN24_1027209,3,4,3,4
GEN24_1027210,4,4,4,4
GEN24_1027218,4,4,4,3
GEN24_1027221,4,4,4,4
GEN24_1027222,4,4,4,4
GEN24_1027225,4,4,4,4
GEN24_1027227,4,4,4,4
GEN24_1027231,4,4,4,4
GEN24_1027253,4,4,4,4
GEN24_1027269,4,4,4,4
GEN24_1027274,4,4,4,4
GEN24_1027280,4,4,4,4
GEN24_1027281,3,4,3,4
GEN24_1027282,4,4,4,4
GEN24_1027285,4,4,4,4
GEN24_1027286,4,4,4,4
GEN24_1027300,4,3,4,4
GEN24_1027302,4,3,4,4
GEN24_1027309,4,4,4,4
GEN24_1027310,4,4,4,4
GEN24_1027313,4,3,4,4
GEN24_1027314,4,4,4,4
GEN24_1027315,4,3,4,2
GEN24_1027317,4,4,4,4
GEN24_1027321,4,4,4,4
GEN24_1027325,4,4,4,4
GEN24_1027328,4,4,4,4
GEN24_1027331,4,4,3,3
GEN24_1027332,4,4,4,4
GEN24_1027333,4,3,4,4
GEN24_1027335,4,3,3,4
GEN24_1027348,4,4,4,3
GEN24_1027352,4,4,4,4
GEN24_1027357,4,4,3,4
GEN24_1027359,3,4,4,4
GEN24_1027363,4,4,4,4
GEN24_1027393,4,4,4,4
GEN24_1027404,4,4,4,4
GEN24_1027407,4,3,3,4
GEN24_1027410,3,4,4,4
GEN24_1027411,4,4,3,4
GEN24_1027429,4,4,4,4
GEN24_1027439,4,4,4,4
GEN24_1027445,4,4,4,4
GEN24_1027451,4,4,4,4
GEN24_1027460,4,4,4,4
GEN24_1027462,4,4,4,4
GEN24_1027466,4,4,4,4
GEN24_1027474,2,4,4,4
GEN24_1027481,4,3,3,3
GEN24_1027485,4,4,4,4
GEN24_1027498,4,4,4,4
GEN24_1027499,4,4,4,4
GEN24_1027500,4,4,4,4
GEN24_1027510,4,4,4,4
GEN24_1027513,4,4,4,4
GEN24_1027522,4,4,4,4
GEN24_1027523,4,4,4,4
GEN24_1027527,4,4,4,4
GEN24_1027531,4,4,4,4
GEN24_1027533,4,4,4,4
GEN24_1027534,4,4,4,4
GEN24_1027535,4,4,4,4
GEN24_1027536,4,4,4,4
GEN24_1027541,4,4,4,4
GEN24_1027545,4,4,4,4
GEN24_1027548,4,4,4,4
GEN24_1027579,4,4,4,4
GEN24_1027582,4,4,4,3
GEN24_1027584,3,3,4,4
GEN24_1027604,4,4,4,3
GEN24_1027606,3,4,4,4
GEN24_1027608,4,4,4,3
GEN24_1027610,4,4,4,4
GEN24_1027611,4,4,4,4
GEN24_1027631,4,4,4,4
GEN24_1027636,4,4,4,4
GEN24_1027638,4,4,4,4
GEN24_1027639,4,4,4,3
GEN24_1027641,3,4,4,4
GEN24_1027642,4,4,4,4
GEN24_1027645,4,4,4,4
GEN24_1027646,4,4,4,4
GEN24_1027651,4,4,4,4
GEN24_1027658,4,4,4,4
GEN24_1027659,4,4,4,4
GEN24_1027669,4,4,4,4
GEN24_1027671,4,4,4,4
GEN24_1027675,4,4,4,4
GEN24_1027684,4,4,4,4
GEN24_1027694,4,4,4,4
GEN24_1027696,4,4,4,4
GEN24_1027700,4,4,4,4
GEN24_1027705,4,4,4,4
GEN24_1027711,4,4,4,4
GEN24_1027715,4,4,4,4
GEN24_1027718,4,4,4,4
GEN24_1027721,4,4,4,4
GEN24_1027726,4,4,4,4
GEN24_1027730,4,4,4,4
GEN24_1027731,4,4,4,4
GEN24_1027732,3,4,4,4
GEN24_1027737,4,4,4,4
GEN24_1027743,4,4,4,4
GEN24_1027746,4,4,4,4
GEN24_1027753,4,4,4,4
GEN24_1027754,4,4,4,4
GEN24_1027756,4,4,4,4
GEN24_1027759,4,4,4,4
GEN24_1027761,4,4,4,4
GEN24_1027769,4,4,4,4
GEN24_1027773,4,4,4,4
GEN24_1027782,4,4,4,4
GEN24_1027783,4,4,4,4
GEN24_1027788,4,4,4,4
GEN24_1027798,4,4,4,4
GEN24_1027805,4,4,4,4
GEN24_1027807,4,3,4,4
GEN24_1027811,4,4,4,4
GEN24_1027821,4,4,4,4
GEN24_1027822,4,4,4,4
GEN24_1027823,4,4,4,4
GEN24_1027827,4,3,3,4
GEN24_1027834,4,4,4,4
GEN24_1027835,3,4,4,3
GEN24_1027839,4,3,3,3
GEN24_1027843,4,4,4,4
GEN24_1027848,4,4,4,4
GEN24_1027850,4,4,4,4
GEN24_1027853,4,4,4,4
GEN24_1027855,4,4,4,4
GEN24_1027867,4,4,4,4
GEN24_1027868,4,4,4,4
GEN24_1027874,4,4,4,4
GEN24_1027882,4,4,4,4
GEN24_1027891,4,4,4,4
GEN24_1027892,4,4,4,4
GEN24_1027895,3,4,2,2
GEN24_1027896,4,4,4,4
GEN24_1027899,4,4,4,4
GEN24_1027902,4,3,4,4
GEN24_1027903,4,4,4,4
GEN24_1027907,4,3,3,4
GEN24_1027908,4,4,4,4
GEN24_1027918,4,4,4,3
GEN24_1027931,4,4,4,4
GEN24_1027932,4,4,4,4
GEN24_1027943,4,4,4,4
GEN24_1027944,4,4,4,4
GEN24_1027946,4,4,4,4
GEN24_1027949,4,4,3,4
GEN24_1027954,4,4,4,4
GEN24_1027955,3,3,4,3
GEN24_1027957,4,4,4,4
GEN24_1027962,4,4,4,4
GEN24_1027963,4,4,4,4
GEN24_1027964,4,4,3,4
GEN24_1027965,4,3,4,4
GEN24_1027966,4,4,4,4
GEN24_1027971,4,4,4,4
GEN24_1027972,4,4,4,3
GEN24_1027976,3,2,3,3
GEN24_1027977,3,4,4,4
GEN24_1027982,4,4,4,3
GEN24_1027986,4,4,4,4
GEN24_1027987,4,4,4,4
GEN24_1027990,4,4,4,4
GEN24_1027992,4,4,4,4
GEN24_1027994,4,4,4,4
GEN24_1027995,4,4,4,4
GEN24_1027996,4,4,3,4
GEN24_1027999,4,4,4,4
GEN24_1028000,4,4,4,4
GEN24_1028003,4,4,4,4
GEN24_1028008,4,3,4,3
GEN24_1028010,4,4,4,4
GEN24_1028013,3,4,4,4
GEN24_1028015,4,4,4,4
GEN24_1028017,4,4,4,4
GEN24_1028020,3,4,3,2
GEN24_1028021,4,4,4,4
GEN24_1028026,4,4,4,4
GEN24_1028032,4,4,3,3
GEN24_1028037,4,4,4,4
GEN24_1028040,4,4,4,4
GEN24_1028041,4,4,4,4
GEN24_1028043,3,4,3,4
GEN24_1028045,4,4,4,4
GEN24_1028048,4,4,4,4
GEN24_1028053,4,4,4,4
GEN24_1028058,4,4,4,4
GEN24_1028059,4,4,4,4
GEN24_1028071,4,4,3,4
GEN24_1028090,4,3,4,3
GEN24_1028093,4,4,4,4
GEN24_1028098,4,4,4,4
GEN24_1028100,4,4,3,3
GEN24_1028101,4,4,4,4
GEN24_1028107,4,4,4,4
GEN24_1028123,4,4,4,4
GEN24_1028126,3,4,3,3
GEN24_1028131,4,4,4,4
GEN24_1028143,4,4,4,4
GEN24_1028155,4,4,4,4
GEN24_1028157,4,4,2,4
GEN24_1028162,4,4,3,3
GEN24_1028163,4,4,4,4
GEN24_1028164,4,4,4,4
GEN24_1028166,4,4,3,4
GEN24_1028167,4,4,4,4
GEN24_1028168,3,4,3,4
GEN24_1028170,4,3,4,3
GEN24_1028172,4,4,4,4
GEN24_1028173,4,4,4,4
GEN24_1028177,4,4,4,4
GEN24_1028178,4,4,4,4
GEN24_1028186,4,4,4,4
GEN24_1028189,4,4,4,4
GEN24_1028191,4,4,4,4
GEN24_1028198,4,4,4,3
GEN24_1028199,4,4,4,4
GEN24_1028203,4,4,4,4
GEN24_1028217,4,4,4,4
GEN24_1028218,4,4,4,4
GEN24_1028224,4,4,4,4
GEN24_1028226,4,4,4,4
GEN24_1028242,4,4,4,4
GEN24_1028248,4,4,4,4
GEN24_1028250,4,4,4,3
GEN24_1028256,4,4,4,4
GEN24_1028265,4,4,3,4
GEN24_1028267,4,4,4,4
GEN24_1028276,4,4,4,4
GEN24_1028280,4,4,4,4
GEN24_1028289,4,4,4,4
GEN24_1028296,4,4,4,3
GEN24_1028302,4,4,4,4
GEN24_1028306,4,4,4,4
GEN24_1028309,4,4,4,4
GEN24_1028312,4,4,4,4
GEN24_1028317,4,4,4,4
GEN24_1028319,4,4,4,4
GEN24_1028321,4,4,4,4
GEN24_1028324,4,4,4,4
GEN24_1028325,4,4,4,4
GEN24_1028326,4,4,4,4
GEN24_1028330,4,4,4,4
GEN24_1028331,4,4,4,4
GEN24_1028335,4,4,4,4
GEN24_1028338,4,4,4,4
GEN24_1028343,4,4,4,4
GEN24_1028344,4,4,3,4
GEN24_1028347,2,3,3,3
GEN24_1028349,4,4,4,4
GEN24_1028354,4,3,3,3
GEN24_1028361,4,4,3,4
GEN24_1028368,4,4,4,4
GEN24_1028376,4,4,3,4
GEN24_1028377,4,4,4,4
GEN24_1028379,4,4,4,4
GEN24_1028380,4,4,4,4
GEN24_1028384,4,4,4,4
GEN24_1028390,4,4,4,4
GEN24_1028391,4,4,4,4
GEN24_1028393,4,4,4,4
GEN24_1028395,4,4,4,4
GEN24_1028396,4,4,4,4
GEN24_1028404,4,4,4,4
GEN24_1028407,4,4,4,4
GEN24_1028408,4,1,1,4
GEN24_1028409,4,4,4,4
GEN24_1028417,4,4,4,4
GEN24_1028434,4,4,4,4
GEN24_1028435,4,4,4,4
GEN24_1028436,4,3,4,2
GEN24_1028437,4,4,4,4
GEN24_1028440,4,4,4,4
GEN24_1028441,4,4,3,4
GEN24_1028446,4,4,4,4
GEN24_1028448,4,4,4,4
GEN24_1028451,3,3,4,4
GEN24_1028455,4,4,4,4
GEN24_1028459,4,4,4,4
GEN24_1028472,4,4,4,4
GEN24_1028476,3,4,4,3
GEN24_1028485,4,3,4,4
GEN24_1028491,4,4,4,4
GEN24_1028492,3,4,4,4
GEN24_1028496,4,4,4,4
GEN24_1028505,4,4,4,4
GEN24_1028506,4,4,4,4
GEN24_1028510,4,4,4,4
GEN24_1028517,4,4,4,4
GEN24_1028519,4,4,4,4
GEN24_1028520,4,2,4,4
GEN24_1028524,4,4,4,4
GEN24_1028529,4,4,4,4
GEN24_1028530,4,4,4,4
GEN24_1028532,4,4,4,4
GEN24_1028534,4,4,3,4
GEN24_1028535,4,4,4,4
GEN24_1028537,4,4,4,4
GEN24_1028561,4,4,4,4
GEN24_1028562,4,4,4,4
GEN24_1028575,3,4,4,4
GEN24_1028579,4,4,4,4
GEN24_1028581,4,4,4,4
GEN24_1028588,4,4,4,4
GEN24_1028599,4,4,4,4
GEN24_1028601,4,4,4,4
GEN24_1028611,4,4,4,4
GEN24_1028618,4,4,4,4
GEN24_1028629,4,4,4,4
GEN24_1028635,4,4,4,3
GEN24_1028636,3,3,3,3
GEN24_1028645,4,4,4,4
GEN24_1028648,4,4,4,4
GEN24_1028679,4,4,4,4
GEN24_1028680,4,4,4,4
GEN24_1028684,3,4,3,4
GEN24_1028688,4,4,4,4
GEN24_1028691,4,4,4,4
GEN24_1028719,4,4,4,4
GEN24_1028720,4,4,4,3
GEN24_1028722,4,4,4,4
GEN24_1028733,4,4,4,4
GEN24_1028745,4,4,4,4
GEN24_1028748,4,4,4,4
GEN24_1028750,4,3,4,3
GEN24_1028754,4,4,4,3
GEN24_1028755,4,4,4,4
GEN24_1028756,4,4,3,4
GEN24_1028760,4,3,4,4
GEN24_1028769,4,4,4,4
GEN24_1028777,4,4,4,4
GEN24_1028778,4,4,4,4
GEN24_1028783,4,4,4,3
GEN24_1028784,4,4,4,4
GEN24_1028791,3,4,4,4
GEN24_1028792,4,4,1,3
GEN24_1028793,4,4,4,4
GEN24_1028797,4,4,4,4
GEN24_1028804,2,4,4,2
GEN24_1028810,4,4,4,4
GEN24_1028824,4,4,4,4
GEN24_1028828,4,4,4,4
GEN24_1028833,4,4,4,3
GEN24_1028835,3,4,3,3
GEN24_1028837,4,4,4,4
GEN24_1028838,4,4,4,4
GEN24_1028841,4,4,4,4
GEN24_1028842,4,4,4,4
GEN24_1028852,4,3,3,3
GEN24_1028862,4,4,4,4
GEN24_1028867,4,4,4,4
GEN24_1028876,4,4,4,3
GEN24_1028887,4,4,3,4
GEN24_1028898,4,4,4,4
GEN24_1028901,4,4,4,4
GEN24_1028903,3,4,3,4
GEN24_1028908,4,4,4,4
GEN24_1028913,4,4,4,4
GEN24_1028914,4,4,4,4
GEN24_1028916,4,4,4,4
GEN24_1028919,4,4,4,4
GEN24_1028925,4,4,4,4
GEN24_1028937,4,4,4,4
GEN24_1028943,4,4,3,4
GEN24_1028945,4,3,4,4
GEN24_1028946,4,4,4,4
GEN24_1028947,4,3,4,4
GEN24_1028949,4,4,4,4
GEN24_1028950,4,4,4,4
GEN24_1028955,4,4,4,3
GEN24_1028957,4,4,4,4
GEN24_1028958,4,4,4,4
GEN24_1028967,4,4,4,4
GEN24_1028970,4,4,4,3
GEN24_1028972,4,4,4,4
GEN24_1028976,4,4,4,4
GEN24_1028977,4,4,4,4
GEN24_1028979,4,4,4,4
GEN24_1028986,4,4,3,4
GEN24_1028988,4,4,4,4
GEN24_1028989,4,4,4,4
GEN24_1028990,4,4,4,3
GEN24_1028991,4,4,4,4
GEN24_1028994,4,4,4,4
GEN24_1029000,4,4,4,4
GEN24_1029001,4,4,4,4
GEN24_1029008,4,4,4,4
GEN24_1029009,4,4,4,4
GEN24_1029010,4,4,4,4
GEN24_1029014,4,4,4,4
GEN24_1029018,4,4,4,4
GEN24_1029019,4,4,4,4
GEN24_1029025,4,4,4,4
GEN24_1029035,4,4,4,3
GEN24_1029038,4,4,4,4
GEN24_1029042,4,4,4,3
GEN24_1029043,4,4,4,4
GEN24_1029044,4,4,4,4
GEN24_1029054,3,4,4,3
GEN24_1029057,4,3,3,4
GEN24_1029062,4,4,4,3
GEN24_1029063,4,4,3,4
GEN24_1029064,4,4,4,4
GEN24_1029069,4,4,3,3
GEN24_1029072,4,4,4,4
GEN24_1029075,4,4,4,4
GEN24_1029084,4,4,4,4
GEN24_1029085,4,4,4,4
GEN24_1029086,3,4,4,4
GEN24_1029091,4,4,4,4
GEN24_1029092,4,4,4,4
GEN24_1029094,4,4,4,4
GEN24_1029097,4,4,4,4
GEN24_1029102,4,4,4,4
GEN24_1029103,4,4,4,4
GEN24_1029114,4,4,4,3
GEN24_1029125,3,3,4,4
GEN24_1029133,4,4,4,4
GEN24_1029135,4,4,4,4
GEN24_1029139,4,4,4,4
GEN24_1029141,4,4,4,4
GEN24_1029144,4,4,4,3
GEN24_1029153,4,4,4,4
GEN24_1029154,4,4,4,3
GEN24_1029156,4,4,4,4
GEN24_1029160,4,3,4,3
GEN24_1029170,4,3,4,4
GEN24_1029176,4,4,4,4
GEN24_1029179,4,4,4,4
GEN24_1029180,4,4,3,4
GEN24_1029185,4,4,4,4
GEN24_1029186,3,4,4,3
GEN24_1029199,4,4,4,3
GEN24_1029200,4,4,4,4
GEN24_1029201,4,4,3,4
GEN24_1029203,4,4,4,4
GEN24_1029206,4,4,4,4
GEN24_1029207,4,4,4,4
GEN24_1029241,4,4,3,4
GEN24_1029243,4,4,4,4
GEN24_1029247,4,4,4,3
GEN24_1029259,4,4,4,4
GEN24_1029271,4,4,4,4
GEN24_1029273,4,4,4,4
GEN24_1029279,4,4,4,4
GEN24_1029280,4,4,4,4
GEN24_1029302,4,4,4,4
GEN24_1029312,4,4,4,4
GEN24_1029319,4,4,4,3
GEN24_1029320,4,4,4,4
GEN24_1029329,4,4,4,4
GEN24_1029332,4,4,4,4
GEN24_1029333,4,4,4,4
GEN24_1029334,4,3,4,4
GEN24_1029338,4,4,4,4
GEN24_1029346,4,4,4,4
GEN24_1029348,4,4,4,4
GEN24_1029349,4,4,4,4
GEN24_1029350,4,4,4,4
GEN24_1029352,4,3,4,4
GEN24_1029355,4,4,4,4
GEN24_1029356,3,4,3,2
GEN24_1029361,4,4,4,4
GEN24_1029364,4,4,4,4
GEN24_1029366,4,4,4,4
GEN24_1029373,4,4,4,4
GEN24_1029375,4,4,4,4
GEN24_1029376,4,4,4,4
GEN24_1029381,4,4,4,4
GEN24_1029387,4,4,4,4
GEN24_1029390,4,4,4,4
GEN24_1029392,4,4,4,4
GEN24_1029393,4,4,4,4
GEN24_1029399,4,4,4,4
GEN24_1029401,4,4,4,4
GEN24_1029405,4,4,4,4
GEN24_1029428,4,4,4,4
GEN24_1029430,4,4,4,4
GEN24_1029439,4,4,4,4
GEN24_1029443,4,4,4,4
GEN24_1029448,4,4,4,4
GEN24_1029455,4,4,3,4
GEN24_1029456,4,4,4,4
GEN24_1029457,4,4,4,3
GEN24_1029465,4,4,4,3
GEN24_1029480,4,4,4,4
GEN24_1029482,4,4,4,4
GEN24_1029485,4,4,4,4
GEN24_1029492,4,3,4,4
GEN24_1029495,4,4,4,4
GEN24_1029501,4,4,4,4
GEN24_1029505,4,4,4,4
GEN24_1029506,4,4,4,4
GEN24_1029509,4,4,4,4
GEN24_1029522,4,4,4,4
GEN24_1029524,4,4,4,4
GEN24_1029526,4,4,4,4
GEN24_1029527,4,4,4,4
GEN24_1029531,4,4,4,4
GEN24_1029535,4,4,4,4
GEN24_1029540,4,4,4,4
GEN24_1029543,4,4,4,4
GEN24_1029549,4,3,3,4
GEN24_1029554,4,4,4,4
GEN24_1029555,4,4,4,4
GEN24_1029556,4,4,4,4
GEN24_1029558,4,4,4,4
GEN24_1029565,4,4,4,4
GEN24_1029566,4,3,3,3
GEN24_1029569,4,4,4,4
GEN24_1029571,4,4,4,4
GEN24_1029575,4,4,4,4
GEN24_1029577,4,4,4,4
GEN24_1029580,4,4,4,4
GEN24_1029587,4,4,4,4
GEN24_1029588,4,4,4,4
GEN24_1029590,4,4,4,3
GEN24_1029594,4,4,4,4
GEN24_1029598,3,4,4,2
GEN24_1029604,4,4,4,4
GEN24_1029610,4,4,4,3
GEN24_1029612,4,4,4,4
GEN24_1029614,3,3,4,2
GEN24_1029632,4,4,4,4
GEN24_1029633,4,4,3,4
GEN24_1029637,4,4,4,4
GEN24_1029641,4,4,4,4
GEN24_1029643,4,4,4,4
GEN24_1029656,4,4,4,4
GEN24_1029660,4,4,4,4
GEN24_1029662,4,4,4,4
GEN24_1029667,4,4,4,4
GEN24_1029669,4,4,4,4
GEN24_1029676,4,4,4,4
GEN24_1029681,4,4,4,4
GEN24_1029683,4,4,4,4
GEN24_1029687,4,4,4,4
GEN24_1029688,4,4,4,4
GEN24_1029691,4,4,4,4
GEN24_1029692,4,4,4,4
GEN24_1029693,4,4,4,4
GEN24_1029694,4,4,4,4
GEN24_1029695,4,4,4,4
GEN24_1029713,4,4,4,4
GEN24_1029723,4,4,3,4
GEN24_1029731,4,3,4,3
GEN24_1029732,4,4,3,4
GEN24_1029741,4,4,4,3
GEN24_1029748,4,4,4,4
GEN24_1029750,4,4,4,4
GEN24_1029752,4,4,4,4
GEN24_1029755,4,4,4,4
GEN24_1029767,4,4,4,4
GEN24_1029769,4,4,4,4
GEN24_1029771,4,4,4,4
GEN24_1029774,4,4,4,4
GEN24_1029775,4,4,3,4
GEN24_1029779,4,4,4,4
GEN24_1029782,3,3,3,4
GEN24_1029783,4,4,4,4
GEN24_1029787,4,4,4,4
GEN24_1029789,4,4,4,4
GEN24_1029792,4,4,4,4
GEN24_1029795,4,4,4,4
GEN24_1029833,4,4,4,4
GEN24_1029836,4,4,4,4
GEN24_1029840,4,4,4,4
GEN24_1029841,4,4,4,4
GEN24_1029842,4,4,4,4
GEN24_1029846,4,4,4,4
GEN24_1029847,4,4,4,4
GEN24_1029857,4,4,4,4
GEN24_1029858,4,4,4,4
GEN24_1029864,4,4,4,4
GEN24_1029865,4,4,3,4
GEN24_1029875,4,4,4,4
GEN24_1029876,4,4,4,4
GEN24_1029877,4,4,3,4
GEN24_1029885,4,4,3,4
GEN24_1029887,4,4,4,4
GEN24_1029891,4,4,4,4
GEN24_1029893,4,4,4,4
GEN24_1029894,4,4,4,4
GEN24_1029905,4,4,4,4
GEN24_1029911,4,4,4,4
GEN24_1029926,4,4,4,4
GEN24_1029930,4,2,4,4
GEN24_1029933,4,4,4,4
GEN24_1029950,4,3,4,4
GEN24_1029957,4,4,4,4
GEN24_1029972,4,4,4,3
GEN24_1029973,4,4,4,4
GEN24_1029980,4,4,4,4
GEN24_1029989,4,4,4,2
GEN24_1029996,4,4,4,4
GEN24_1029997,4,4,4,3
GEN24_1029998,4,4,4,4
GEN24_1029999,4,4,3,4
GEN24_1030002,4,4,4,4
GEN24_1030005,4,4,4,4
GEN24_1030010,4,4,4,4
GEN24_1030018,4,4,4,4
GEN24_1030020,4,4,3,4
GEN24_1030021,4,4,4,4
GEN24_1030029,4,4,4,4
GEN24_1030052,4,4,4,4
GEN24_1030055,4,4,4,4
GEN24_1030056,4,4,4,4
GEN24_1030059,4,4,4,4
GEN24_1030063,4,4,4,4
GEN24_1030064,3,4,4,4
GEN24_1030067,4,4,4,4
GEN24_1030076,4,4,3,4
GEN24_1030078,4,4,4,4
GEN24_1030087,4,2,4,4
GEN24_1030088,4,4,4,4
GEN24_1030094,4,4,4,4
GEN24_1030106,4,4,4,4
GEN24_1030112,4,4,4,4
GEN24_1030120,4,4,4,4
GEN24_1030121,4,4,4,4
GEN24_1030122,4,4,4,4
GEN24_1030123,4,4,3,4
GEN24_1030125,4,4,4,4
GEN24_1030128,4,4,3,4
GEN24_1030133,4,4,4,4
GEN24_1030136,4,4,4,4
GEN24_1030141,4,4,4,4
GEN24_1030148,4,4,4,4
GEN24_1030149,4,3,4,3
GEN24_1030168,4,4,4,4
GEN24_1030177,4,4,4,4
GEN24_1030183,4,4,4,4
GEN24_1030198,4,4,4,4
GEN24_1030199,4,4,4,4
GEN24_1030202,4,4,4,4
GEN24_1030220,4,4,4,4
GEN24_1030221,4,4,4,4
GEN24_1030224,4,4,4,4
GEN24_1030238,4,4,4,4
GEN24_1030241,4,4,4,4
GEN24_1030242,4,4,4,4
GEN24_1030249,4,4,4,4
GEN24_1030251,4,4,3,4
GEN24_1030253,4,4,3,4
GEN24_1030255,4,4,4,4
GEN24_1030256,4,4,4,3
GEN24_1030259,4,4,4,4
GEN24_1030261,4,4,3,4
GEN24_1030264,4,4,4,4
GEN24_1030270,4,4,4,4
GEN24_1030273,4,4,4,4
GEN24_1030287,4,4,4,4
GEN24_1030291,4,4,3,4
GEN24_1030293,4,4,4,4
GEN24_1030295,4,4,4,4
GEN24_1030296,4,4,2,4
GEN24_1030299,4,4,4,4
GEN24_1030308,4,4,4,4
GEN24_1030310,4,4,4,4
GEN24_1030312,4,4,3,4
GEN24_1030325,4,4,4,4
GEN24_1030327,3,4,4,4
GEN24_1030332,4,4,3,4
GEN24_1030337,4,4,3,4
GEN24_1030358,4,4,4,4
GEN24_1030380,4,4,4,4
GEN24_1030388,4,4,4,4
GEN24_1030389,4,4,4,3
GEN24_1030391,4,4,4,4
GEN24_1030396,4,4,3,4
GEN24_1030399,4,4,4,4
GEN24_1030400,4,4,4,4
GEN24_1030407,4,4,4,4
GEN24_1030411,4,4,4,4
GEN24_1030414,4,4,4,4
GEN24_1030419,4,4,4,4
GEN24_1030441,4,4,4,4
GEN24_1030444,3,4,4,3
GEN24_1030446,4,4,4,3
GEN24_1030453,4,4,4,4
GEN24_1030468,4,4,4,4
GEN24_1030469,4,4,4,4
GEN24_1030471,4,4,4,4
GEN24_1030474,4,4,4,4
GEN24_1030477,4,4,4,4
GEN24_1030480,4,4,4,4
GEN24_1030481,4,4,4,4
GEN24_1030483,4,4,4,4
GEN24_1030484,4,4,4,4
GEN24_1030485,4,4,4,4
GEN24_1030486,4,4,4,4
GEN24_1030489,4,4,4,4
GEN24_1030492,4,4,4,4
GEN24_1030497,4,4,4,4
GEN24_1030502,4,4,4,3
GEN24_1030525,4,4,4,4
GEN24_1030530,4,4,4,4
GEN24_1030534,4,4,4,4
GEN24_1030539,4,4,4,4
GEN24_1030542,4,4,4,4
GEN24_1030546,4,4,3,4
GEN24_1030551,4,4,4,2
GEN24_1030554,4,4,3,4
GEN24_1030557,4,4,4,3
GEN24_1030563,4,4,4,4
GEN24_1030565,4,4,4,4
GEN24_1030567,3,4,4,4
GEN24_1030569,4,4,4,4
GEN24_1030571,4,4,4,4
GEN24_1030573,4,4,4,4
GEN24_1030579,4,4,4,4
GEN24_1030580,4,4,4,4
GEN24_1030585,4,4,4,4
GEN24_1030586,4,4,4,2
GEN24_1030588,4,4,4,4
GEN24_1030592,4,4,3,3
GEN24_1030602,4,4,4,4
GEN24_1030616,4,4,4,4
GEN24_1030620,4,4,4,3
GEN24_1030623,4,4,3,4
GEN24_1030624,4,4,3,4
GEN24_1030630,4,4,4,4
GEN24_1030633,4,4,4,4
GEN24_1030636,4,4,3,4
GEN24_1030638,4,4,4,4
GEN24_1030639,4,4,4,4
GEN24_1030642,4,4,4,4
GEN24_1030645,4,4,4,3
GEN24_1030646,4,4,4,3
GEN24_1030647,4,4,4,4
GEN24_1030648,4,2,4,4
GEN24_1030651,4,4,4,3
GEN24_1030655,4,4,4,4
GEN24_1030657,4,4,4,4
GEN24_1030658,4,4,4,4
GEN24_1030661,4,4,4,4
GEN24_1030694,4,4,3,4
GEN24_1030695,4,4,4,4
GEN24_1030697,4,4,4,4
GEN24_1030704,4,3,4,4
GEN24_1030706,4,4,3,4
GEN24_1030709,4,4,4,4
GEN24_1030721,4,3,3,3
GEN24_1030725,4,4,4,4
GEN24_1030726,4,4,4,4
GEN24_1030732,4,3,4,4
GEN24_1030738,1,1,1,1
GEN24_1030755,4,4,4,4
GEN24_1030760,4,4,4,4
GEN24_1030761,4,4,4,4
GEN24_1030764,4,4,4,4
GEN24_1030765,3,4,4,4
GEN24_1030770,4,4,4,4
GEN24_1030776,4,4,4,4
GEN24_1030789,4,4,4,4
GEN24_1030797,4,4,4,4
GEN24_1030798,4,4,4,4
GEN24_1030800,4,4,4,4
GEN24_1030809,4,4,4,4
GEN24_1030812,4,4,4,4
GEN24_1030815,3,4,4,3
GEN24_1030819,4,4,4,4
GEN24_1030821,4,4,4,4
GEN24_1030835,4,4,4,4
GEN24_1030840,4,4,4,4
GEN24_1030851,2,4,4,4
GEN24_1030852,4,4,4,4
GEN24_1030855,4,4,4,4
GEN24_1030856,4,4,4,4
GEN24_1030874,4,4,4,4
GEN24_1030894,4,4,4,4
GEN24_1030900,4,4,4,4
GEN24_1030902,4,4,4,4
GEN24_1030907,4,4,4,4
GEN24_1030908,4,4,4,3
GEN24_1030909,4,4,4,4
GEN24_1030912,4,4,3,4
GEN24_1030914,4,4,4,4
GEN24_1030918,4,4,4,4
GEN24_1030927,4,4,4,4
GEN24_1030932,4,4,4,4
GEN24_1030935,4,4,4,4
GEN24_1030948,4,3,4,4
GEN24_1030951,4,4,3,4
GEN24_1030953,4,4,4,4
GEN24_1031001,4,4,3,4
GEN24_1031003,4,4,4,3
GEN24_1031013,4,4,4,4
GEN24_1031014,4,4,4,3
GEN24_1031017,4,4,3,4
GEN24_1031020,4,4,4,4
GEN24_1031025,4,4,4,4
GEN24_1031027,4,4,4,4
GEN24_1031036,4,4,4,4
GEN24_1031042,4,4,4,4
GEN24_1031044,4,4,3,3
GEN24_1031045,4,4,4,4
GEN24_1031046,4,4,4,4
GEN24_1031050,4,4,4,4
GEN24_1031060,4,4,4,4
GEN24_1031068,4,4,4,4
GEN24_1031070,4,4,4,4
GEN24_1031071,3,4,4,4
GEN24_1031075,4,4,4,4
GEN24_1031078,4,4,4,4
GEN24_1031079,4,4,4,4
GEN24_1031081,4,4,4,4
GEN24_1031082,4,4,4,4
GEN24_1031097,4,4,4,4
GEN24_1031106,4,4,4,4
GEN24_1031113,4,4,4,4
GEN24_1031114,4,4,4,4
GEN24_1031125,4,4,4,4
GEN24_1031126,4,4,4,4
GEN24_1031129,4,4,4,3
GEN24_1031135,4,4,3,4
GEN24_1031138,4,4,4,4
GEN24_1031151,4,4,4,4
GEN24_1031157,3,4,3,4
GEN24_1031161,4,4,4,4
GEN24_1031172,4,4,4,4
GEN24_1031176,4,4,4,4
GEN24_1031178,4,4,4,4
GEN24_1031179,4,4,4,4
GEN24_1031182,4,4,4,4
GEN24_1031191,4,4,4,4
GEN24_1031195,4,4,4,4
GEN24_1031199,4,4,4,4
GEN24_1031215,3,4,4,4
GEN24_1031218,4,4,4,3
GEN24_1031220,4,4,4,4
GEN24_1031223,4,4,4,4
GEN24_1031230,4,4,4,4
GEN24_1031236,4,4,4,4
GEN24_1031240,4,4,4,4
GEN24_1031242,4,4,4,4
GEN24_1031258,4,4,4,4
GEN24_1031270,3,4,4,4
GEN24_1031274,4,4,4,4
GEN24_1031280,3,4,4,4
GEN24_1031285,4,4,4,4
GEN24_1031289,3,3,4,4
GEN24_1031291,4,4,4,4
GEN24_1031305,4,3,4,2
GEN24_1031307,3,3,3,3
GEN24_1031314,3,4,4,4
GEN24_1031317,4,4,4,4
GEN24_1031329,4,4,4,4
GEN24_1031341,4,4,4,3
GEN24_1031345,4,4,4,4
GEN24_1031346,4,4,4,4
GEN24_1031352,4,4,4,4
GEN24_1031363,4,4,4,4
GEN24_1031372,4,4,4,4
GEN24_1031393,4,4,4,4
GEN24_1031397,4,4,4,4
GEN24_1031405,4,4,4,4
GEN24_1031408,2,4,4,4
GEN24_1031410,4,4,4,2
GEN24_1031414,4,4,4,4
GEN24_1031416,4,4,4,4
GEN24_1031444,4,4,4,4
GEN24_1031445,4,4,4,4
GEN24_1031448,4,4,4,4
GEN24_1031449,4,4,3,3
GEN24_1031453,4,4,4,4
GEN24_1031455,4,4,4,4
GEN24_1031461,4,4,4,4
GEN24_1031464,4,3,3,4
GEN24_1031467,4,4,4,4
GEN24_1031476,4,4,4,4
GEN24_1031479,4,4,4,4
GEN24_1031501,4,4,4,4
GEN24_1031502,4,4,4,4
GEN24_1031506,4,4,4,4
GEN24_1031507,4,4,4,4
GEN24_1031511,4,4,4,4
GEN24_1031512,4,4,4,4
GEN24_1031514,4,4,4,4
GEN24_1031519,4,4,3,4
GEN24_1031520,4,4,4,4
GEN24_1031524,4,4,4,4
GEN24_1031528,4,4,4,4
GEN24_1031529,4,4,4,4
GEN24_1031535,4,4,4,4
GEN24_1031538,4,4,4,4
GEN24_1031542,4,4,4,4
GEN24_1031545,4,3,3,4
GEN24_1031548,4,4,4,4
GEN24_1031553,4,4,4,4
GEN24_1031562,4,4,4,4
GEN24_1031566,4,4,4,4
GEN24_1031569,4,4,4,4
GEN24_1031574,4,4,4,4
GEN24_1031619,4,4,4,3
GEN24_1031630,4,4,4,4
GEN24_1031637,4,4,4,4
GEN24_1031640,4,4,4,4
GEN24_1031650,4,4,3,4
GEN24_1031670,4,4,4,4
GEN24_1031680,4,4,4,4
GEN24_1031719,4,4,4,4
GEN24_1031725,4,4,4,4
GEN24_1031744,4,4,4,4
GEN24_1031777,4,4,4,3
GEN24_1031779,4,4,4,4
GEN24_1031780,4,4,4,4
GEN24_1031784,4,4,4,4
GEN24_1031791,4,4,4,4
GEN24_1031801,4,4,4,4
GEN24_1031806,4,4,4,4
GEN24_1031828,4,4,4,4
GEN24_1031840,4,4,4,3
GEN24_1031843,4,4,3,4
GEN24_1031866,4,4,4,3
GEN24_1031869,4,4,4,4
GEN24_1031877,3,4,4,4
GEN24_1031884,4,4,4,4
GEN24_1031890,4,4,4,4
GEN24_1031895,4,4,4,4
GEN24_1031902,4,4,4,4
GEN24_1031905,4,4,4,4
GEN24_1031911,4,4,4,4
GEN24_1031912,4,4,4,4
GEN24_1031914,4,4,4,4
GEN24_1031918,4,4,4,4
GEN24_1031924,4,4,4,4
GEN24_1031931,4,4,4,4
GEN24_1031932,3,3,4,3
GEN24_1031933,3,3,4,4
GEN24_1031982,4,4,4,4
GEN24_1031983,4,3,4,4
GEN24_1032020,4,4,4,4
GEN24_1032023,4,4,4,4
GEN24_1032027,4,4,4,4
GEN24_1032030,4,4,4,4
GEN24_1032054,3,3,3,4
GEN24_1032102,3,4,4,3
GEN24_1032122,4,4,4,4
GEN24_1032125,3,4,4,4
GEN24_1032126,4,4,4,4
GEN24_1032131,4,4,4,4
GEN24_1032135,4,4,4,4
GEN24_1032137,4,4,4,4
GEN24_1032141,4,4,4,4
GEN24_1032148,4,4,4,4
GEN24_1032150,4,4,3,4
GEN24_1032152,4,4,4,3
GEN24_1032157,4,4,3,4
GEN24_1032165,4,4,4,4
GEN24_1032181,4,4,4,4
GEN24_1032202,4,4,3,3
GEN24_1032204,4,4,4,4
GEN24_1032211,4,4,4,4
GEN24_1032219,4,4,4,3
GEN24_1032224,4,4,4,4
GEN24_1032242,4,4,4,4
GEN24_1032246,4,4,4,4
GEN24_1032251,4,4,4,4
GEN24_1032259,4,4,4,4
GEN24_1032268,4,4,4,4
GEN24_1032271,4,4,4,3
GEN24_1032276,4,4,4,4
GEN24_1032278,4,4,4,4
GEN24_1032281,4,4,4,4
GEN24_1032285,4,4,4,4
GEN24_1032286,4,4,4,4
GEN24_1032288,4,4,4,4
GEN24_1032303,4,4,4,4
GEN24_1032320,4,4,4,4
GEN24_1032322,4,4,4,4
GEN24_1032325,4,4,4,4
GEN24_1032341,4,3,4,4
GEN24_1032347,4,4,4,4
GEN24_1032348,4,4,4,4
GEN24_1032355,4,4,3,4
GEN24_1032359,4,3,4,4
GEN24_1032366,4,4,3,4
GEN24_1032372,4,4,4,4
GEN24_1032382,4,4,4,4
GEN24_1032394,4,4,4,4
GEN24_1032409,4,4,4,4
GEN24_1032414,4,4,4,4
GEN24_1032421,4,4,4,4
GEN24_1032431,4,3,3,4
GEN24_1032433,4,4,4,4
GEN24_1032437,4,4,4,4
GEN24_1032438,4,4,4,4
GEN24_1032439,4,4,3,4
GEN24_1032442,4,4,4,4
GEN24_1032451,4,4,4,4
GEN24_1032456,4,4,4,4
GEN24_1032463,4,4,4,4
GEN24_1032470,4,4,4,4
GEN24_1032473,4,4,4,4
GEN24_1032477,4,4,4,4
GEN24_1032480,4,4,4,4
GEN24_1032481,4,4,4,4
GEN24_1032493,4,4,4,4
GEN24_1032495,4,4,4,4
GEN24_1032500,4,4,4,4
GEN24_1032502,4,4,4,4
GEN24_1032506,4,4,4,4
GEN24_1032511,3,4,3,4
GEN24_1032515,4,4,4,4
GEN24_1032518,4,4,4,3
GEN24_1032519,4,4,4,4
GEN24_1032528,4,3,3,3
GEN24_1032535,4,4,4,4
GEN24_1032541,4,4,4,4
GEN24_1032550,4,4,4,4
GEN24_1032558,4,4,4,4
GEN24_1032559,4,4,4,4
GEN24_1032567,4,4,4,4
GEN24_1032570,4,4,4,4
GEN24_1032580,4,4,4,3
GEN24_1032581,4,4,4,4
GEN24_1032582,4,4,4,4
GEN24_1032599,4,4,4,4
GEN24_1032613,4,4,4,4
GEN24_1032625,4,2,2,3
GEN24_1032628,4,4,4,4
GEN24_1032639,4,4,4,4
GEN24_1032643,4,4,4,4
GEN24_1032651,4,4,4,4
GEN24_1032654,4,4,4,4
GEN24_1032660,4,4,4,4
GEN24_1032666,4,4,4,4
GEN24_1032670,4,4,4,4
GEN24_1032672,4,4,4,4
GEN24_1032673,4,3,4,4
GEN24_1032679,4,4,4,4
GEN24_1032680,4,4,4,4
GEN24_1032681,4,4,4,4
GEN24_1032682,4,4,4,4
GEN24_1032683,4,4,4,4
GEN24_1032689,4,4,4,4
GEN24_1032690,4,4,4,4
GEN24_1032698,4,4,4,4
GEN24_1032700,4,4,4,4
GEN24_1032706,4,4,4,4
GEN24_1032708,4,4,4,3
GEN24_1032710,4,3,4,4
GEN24_1032713,4,4,4,4
GEN24_1032716,4,4,4,4
GEN24_1032726,4,4,4,4
GEN24_1032750,3,3,3,4
GEN24_1032755,4,4,4,4
GEN24_1032756,4,4,4,4
GEN24_1032758,4,4,4,4
GEN24_1032766,4,4,4,4
GEN24_1032770,4,4,4,4
GEN24_1032771,4,3,4,4
GEN24_1032778,4,4,4,4
GEN24_1032785,4,2,4,4
GEN24_1032787,4,4,4,3
GEN24_1032794,4,3,4,4
GEN24_1032800,4,3,3,4
GEN24_1032802,4,4,4,4
GEN24_1032827,4,4,4,4
GEN24_1032829,4,4,4,4
GEN24_1032830,4,4,4,4
GEN24_1032831,4,4,3,2
GEN24_1032835,4,4,4,4
GEN24_1032838,4,4,4,4
GEN24_1032840,4,4,4,4
GEN24_1032847,4,4,4,4
GEN24_1032852,4,4,4,4
GEN24_1032873,3,3,4,3
GEN24_1032874,4,4,3,4
GEN24_1032876,4,4,4,4
GEN24_1032881,4,4,4,4
GEN24_1032887,4,4,4,3
GEN24_1032890,4,4,4,4
GEN24_1032893,4,3,3,4
GEN24_1032907,4,4,4,4
GEN24_1032908,4,4,4,4
GEN24_1032913,4,4,4,4
GEN24_1032925,4,4,4,4
GEN24_1032926,4,4,4,4
GEN24_1032931,4,4,4,4
GEN24_1032934,4,4,4,4
GEN24_1032939,4,4,4,4
GEN24_1032946,4,4,3,3
GEN24_1032950,4,4,4,4
GEN24_1032957,4,3,3,4
GEN24_1032964,4,4,4,4
GEN24_1032966,4,4,4,4
GEN24_1032973,4,4,4,4
GEN24_1032981,4,4,3,4
GEN24_1032997,4,4,4,4
GEN24_1032998,4,4,4,4
GEN24_1033000,4,4,4,4
GEN24_1033002,4,4,4,3
GEN24_1033007,4,4,4,3
GEN24_1033010,4,3,4,4
GEN24_1033011,2,4,3,4
GEN24_1033016,4,4,4,4
GEN24_1033019,4,4,4,4
GEN24_1033026,4,4,4,4
GEN24_1033044,4,4,4,4
GEN24_1033047,4,4,4,4
GEN24_1033068,4,4,4,4
GEN24_1033071,4,4,4,4
GEN24_1033074,4,3,4,4
GEN24_1033077,4,4,4,4
GEN24_1033080,4,4,4,4
GEN24_1033082,4,4,4,4
GEN24_1033096,4,4,4,4
GEN24_1033100,4,4,4,4
GEN24_1033104,4,4,4,4
GEN24_1033105,4,4,4,4
GEN24_1033117,4,4,4,4
GEN24_1033132,4,4,4,4
GEN24_1033133,4,4,4,4
GEN24_1033134,4,4,4,4
GEN24_1033139,3,4,4,4
GEN24_1033140,3,4,4,4
GEN24_1033143,4,3,4,4
GEN24_1033146,4,4,4,4
GEN24_1033151,4,4,4,4
GEN24_1033155,4,4,4,4
GEN24_1033169,4,4,4,4
GEN24_1033173,4,4,3,4
GEN24_1033176,4,4,4,4
GEN24_1033178,4,4,4,4
GEN24_1033183,4,4,4,4
GEN24_1033189,4,4,4,4
GEN24_1033199,4,4,4,4
GEN24_1033212,4,4,4,3
GEN24_1033221,4,4,4,4
GEN24_1033248,4,4,4,4
GEN24_1033250,3,4,3,4
GEN24_1033257,4,4,4,4
GEN24_1033258,4,4,4,4
GEN24_1033260,4,4,4,4
GEN24_1033262,4,4,4,4
GEN24_1033263,4,4,4,4
GEN24_1033266,4,4,4,4
GEN24_1033267,3,4,3,4
GEN24_1033269,4,4,4,4
GEN24_1033274,4,4,4,4
GEN24_1033275,4,3,4,3
GEN24_1033312,4,4,4,4
GEN24_1033320,4,4,4,4
GEN24_1033329,4,4,4,4
GEN24_1033332,4,4,4,4
GEN24_1033333,4,4,3,3
GEN24_1033335,4,4,4,4
GEN24_1033336,4,4,4,4
GEN24_1033337,4,4,4,4
GEN24_1033338,3,4,4,3
GEN24_1033342,4,3,3,4
GEN24_1033345,4,3,2,4
GEN24_1033354,4,4,4,4
GEN24_1033356,4,4,4,4
GEN24_1033357,4,4,4,3
GEN24_1033361,4,4,4,4
GEN24_1033384,4,4,4,4
GEN24_1033411,4,4,4,4
GEN24_1033418,3,4,3,3
GEN24_1033421,4,4,4,4
GEN24_1033428,4,4,4,4
GEN24_1033436,4,4,4,4
GEN24_1033438,3,4,4,4
GEN24_1033440,4,3,4,4
GEN24_1033441,4,4,4,4
GEN24_1033445,4,4,4,3
GEN24_1033448,4,4,4,4
GEN24_1033449,4,4,4,4
GEN24_1033450,4,4,4,4
GEN24_1033452,4,3,4,4
GEN24_1033471,4,4,4,4
GEN24_1033477,4,4,4,4
GEN24_1033481,4,4,4,4
GEN24_1033482,4,3,4,3
GEN24_1033486,4,4,4,4
GEN24_1033488,4,4,4,4
GEN24_1033490,4,4,4,4
GEN24_1033493,4,4,4,4
GEN24_1033505,4,4,4,3
GEN24_1033510,4,4,4,4
GEN24_1033511,4,4,4,4
GEN24_1033523,4,4,4,4
GEN24_1033524,4,4,4,4
GEN24_1033525,4,4,4,3
GEN24_1033528,4,4,4,4
GEN24_1033529,4,4,4,4
GEN24_1033534,4,3,3,3
GEN24_1033553,4,4,4,4
GEN24_1033563,4,4,4,4
GEN24_1033565,4,4,4,4
GEN24_1033571,4,4,4,4
GEN24_1033572,4,4,4,3
GEN24_1033578,4,4,4,4
GEN24_1033601,4,4,4,4
GEN24_1033602,4,4,4,4
GEN24_1033605,3,4,4,4
GEN24_1033607,4,4,4,4
GEN24_1033616,4,4,4,4
GEN24_1033620,4,4,4,4
GEN24_1033629,4,4,4,4
GEN24_1033637,4,4,4,4
GEN24_1033641,4,4,4,4
GEN24_1033642,4,4,4,4
GEN24_1033658,4,4,4,4
GEN24_1033665,4,4,4,4
GEN24_1033667,4,4,4,4
GEN24_1033674,4,3,2,4
GEN24_1033675,4,4,4,4
GEN24_1033679,3,3,4,4
GEN24_1033680,4,4,3,4
GEN24_1033684,4,4,4,4
GEN24_1033687,4,4,4,4
GEN24_1033693,4,4,4,4
GEN24_1033716,4,4,4,4
GEN24_1033725,4,4,4,4
GEN24_1033728,4,4,4,4
GEN24_1033729,4,4,4,4
GEN24_1033743,4,4,4,4
GEN24_1033751,4,4,4,4
GEN24_1033756,4,4,4,4
GEN24_1033759,4,4,4,4
GEN24_1033761,4,4,4,4
GEN24_1033762,3,4,4,4
GEN24_1033768,4,4,4,4
GEN24_1033779,4,4,4,4
GEN24_1033780,4,4,4,4
GEN24_1033783,4,4,4,4
GEN24_1033788,4,4,4,4
GEN24_1033793,4,4,4,4
GEN24_1033798,2,3,4,3
GEN24_1033802,4,4,4,4
GEN24_1033811,4,4,4,4
GEN24_1033812,4,3,4,4
GEN24_1033816,4,4,4,3
GEN24_1033833,4,4,4,4
GEN24_1033834,4,4,4,4
GEN24_1033849,4,4,4,4
GEN24_1033856,4,4,4,4
GEN24_1033871,4,4,4,4
GEN24_1033872,4,4,4,4
GEN24_1033882,4,4,4,3
GEN24_1033884,4,4,4,4
GEN24_1033886,4,4,4,4
GEN24_1033890,4,4,4,4
GEN24_1033896,4,4,4,4
GEN24_1033902,4,4,4,4
GEN24_1033904,4,4,4,4
GEN24_1033908,4,4,4,4
GEN24_1033914,4,4,4,4
GEN24_1033916,4,4,4,4
GEN24_1033917,4,4,4,4
GEN24_1033919,4,4,4,4
GEN24_1033922,4,4,4,4
GEN24_1033923,4,4,1,4
GEN24_1033924,4,4,4,4
GEN24_1033930,4,4,4,4
GEN24_1033932,4,4,4,4
GEN24_1033958,4,4,2,4
GEN24_1033966,4,4,4,4
GEN24_1033969,4,4,4,4
GEN24_1033974,4,4,4,4
GEN24_1033979,4,4,4,4
GEN24_1033980,4,3,3,3
GEN24_1033984,4,4,4,4
GEN24_1033985,4,3,3,4
GEN24_1033990,4,4,3,4
GEN24_1034005,3,4,4,4
GEN24_1034008,4,4,4,4
GEN24_1034012,4,4,4,4
GEN24_1034022,4,4,4,4
GEN24_1034031,4,4,3,3
GEN24_1034037,3,4,4,4
GEN24_1034039,4,4,4,4
GEN24_1034040,4,4,4,4
GEN24_1034054,4,4,4,3
GEN24_1034076,4,4,4,4
GEN24_1034077,4,4,3,4
GEN24_1034080,4,4,4,4
GEN24_1034081,4,4,4,4
GEN24_1034082,4,4,4,4
GEN24_1034083,4,4,4,4
GEN24_1034084,4,4,4,4
GEN24_1034088,4,4,2,4
GEN24_1034099,3,4,4,3
GEN24_1034102,4,4,4,4
GEN24_1034103,4,4,4,4
GEN24_1034110,4,4,4,4
GEN24_1034113,4,4,4,3
GEN24_1034114,4,4,4,4
GEN24_1034115,4,4,4,4
GEN24_1034116,4,4,4,4
GEN24_1034121,4,4,4,4
GEN24_1034122,4,4,4,4
GEN24_1034125,4,3,3,4
GEN24_1034131,4,3,4,4
GEN24_1034132,4,4,4,4
GEN24_1034136,4,4,4,4
GEN24_1034137,4,4,4,4
GEN24_1034141,4,4,4,4
GEN24_1034148,4,4,4,4
GEN24_1034151,4,4,4,4
GEN24_1034159,4,4,4,4
GEN24_1034160,4,4,4,4
GEN24_1034163,4,4,4,4
GEN24_1034166,4,4,4,4
GEN24_1034167,4,4,4,4
GEN24_1034173,4,3,4,4
GEN24_1034176,4,4,4,4
GEN24_1034179,4,4,4,4
GEN24_1034182,4,4,4,4
GEN24_1034184,4,4,4,4
GEN24_1034187,4,4,4,4
GEN24_1034198,4,4,3,3
GEN24_1034205,4,4,4,4
GEN24_1034208,4,4,4,4
GEN24_1034212,4,4,4,4
GEN24_1034219,4,4,4,4
GEN24_1034220,4,4,4,4
GEN24_1034226,4,4,4,4
GEN24_1034235,4,4,4,4
GEN24_1034238,4,4,4,4
GEN24_1034239,4,4,4,4
GEN24_1034253,4,4,4,4
GEN24_1034282,4,4,4,4
GEN24_1034286,4,4,4,4
GEN24_1034287,4,4,4,4
GEN24_1034295,4,4,4,4
GEN24_1034303,3,4,4,4
GEN24_1034310,4,4,4,4
GEN24_1034312,4,3,4,4
GEN24_1034319,4,4,4,3
GEN24_1034320,4,4,4,4
GEN24_1034321,4,4,4,4
GEN24_1034323,4,3,4,4
GEN24_1034327,4,4,4,4
GEN24_1034331,4,4,4,4
GEN24_1034335,4,4,3,4
GEN24_1034336,4,4,4,4
GEN24_1034338,4,4,4,4
GEN24_1034340,4,4,4,4
GEN24_1034343,4,4,4,4
GEN24_1034356,4,4,4,4
GEN24_1034360,4,4,4,4
GEN24_1034361,4,4,4,4
GEN24_1034362,4,4,4,4
GEN24_1034382,4,4,4,4
GEN24_1034392,4,4,4,4
GEN24_1034407,4,4,4,4
GEN24_1034412,4,4,4,4
GEN24_1034417,4,4,4,4
GEN24_1034418,4,4,4,4
GEN24_1034424,4,4,4,4
GEN24_1034426,4,3,4,4
GEN24_1034427,4,4,4,4
GEN24_1034428,4,4,4,4
GEN24_1034432,4,4,4,4
GEN24_1034438,4,4,4,4
GEN24_1034442,4,4,4,4
GEN24_1034450,4,4,4,4
GEN24_1034451,4,4,4,4
GEN24_1034459,4,3,4,4
GEN24_1034472,4,4,3,4
GEN24_1034473,4,4,4,4
GEN24_1034477,4,4,4,4
GEN24_1034479,4,4,3,4
GEN24_1034480,4,4,3,4
GEN24_1034484,4,4,4,4
GEN24_1034485,4,4,4,4
GEN24_1034493,4,4,4,3
GEN24_1034494,4,4,4,4
GEN24_1034506,4,2,4,4
GEN24_1034508,4,3,4,4
GEN24_1034511,4,4,4,4
GEN24_1034515,3,4,4,3
GEN24_1034522,4,3,4,3
GEN24_1034537,4,3,4,3
GEN24_1034542,4,4,4,4
GEN24_1034556,4,3,4,4
GEN24_1034557,3,4,3,4
GEN24_1034558,4,4,4,4
GEN24_1034561,4,4,4,4
GEN24_1034562,4,4,4,4
GEN24_1034565,4,4,4,4
GEN24_1034572,4,4,4,4
GEN24_1034574,4,4,4,4
GEN24_1034585,4,4,4,4
GEN24_1034587,4,4,4,4
GEN24_1034590,4,4,4,4
GEN24_1034591,4,4,4,4
GEN24_1034598,4,4,4,4
GEN24_1034599,4,4,4,4
GEN24_1034600,4,4,4,4
GEN24_1034601,4,4,4,4
GEN24_1034623,4,4,4,4
GEN24_1034647,4,4,4,4
GEN24_1034654,4,4,4,4
GEN24_1034661,4,4,4,4
GEN24_1034677,4,4,4,4
GEN24_1034684,4,4,4,4
GEN24_1034687,4,4,4,4
GEN24_1034692,4,4,4,4
GEN24_1034702,4,4,4,4
GEN24_1034713,4,4,4,4
GEN24_1034716,4,4,4,4
GEN24_1034725,4,4,4,4
GEN24_1034726,4,4,4,4
GEN24_1034732,4,4,4,4
GEN24_1034747,4,4,4,4
GEN24_1034752,4,4,4,4
GEN24_1034755,4,4,4,4
GEN24_1034756,4,4,4,4
GEN24_1034757,4,4,4,4
GEN24_1034760,4,4,4,4
GEN24_1034771,4,3,4,4
GEN24_1034773,4,4,4,4
GEN24_1034778,4,4,4,4
GEN24_1034780,4,4,4,4
GEN24_1034794,4,4,4,4
GEN24_1034809,4,4,4,4
GEN24_1034811,4,4,4,4
GEN24_1034812,4,4,4,4
GEN24_1034820,4,4,4,4
GEN24_1034827,4,4,4,4
GEN24_1034831,4,4,4,4
GEN24_1034835,4,4,4,4
GEN24_1034839,4,4,4,4
GEN24_1034847,4,4,4,4
GEN24_1034850,4,4,4,4
GEN24_1034858,4,4,4,4
GEN24_1034861,4,4,4,3
GEN24_1034862,4,4,4,4
GEN24_1034872,4,4,4,4
GEN24_1034875,4,4,4,4
GEN24_1034876,4,4,4,4
GEN24_1034877,4,4,4,4
GEN24_1034882,4,4,4,4
GEN24_1034892,4,4,4,4
GEN24_1034896,4,4,4,4
GEN24_1034900,4,4,4,4
GEN24_1034906,4,4,4,4
GEN24_1034909,4,4,4,4
GEN24_1034923,4,4,4,4
GEN24_1034924,4,4,4,3
GEN24_1034927,3,3,3,3
GEN24_1034930,4,4,4,4
GEN24_1034935,4,4,4,4
GEN24_1034940,4,4,4,4
GEN24_1034947,4,4,4,4
GEN24_1034950,4,4,4,4
GEN24_1034952,4,4,4,4
GEN24_1034953,4,4,4,4
GEN24_1034958,4,4,4,4
GEN24_1034961,4,4,4,4
GEN24_1034970,4,4,4,4
GEN24_1034981,4,4,4,4
GEN24_1034989,4,4,4,4
GEN24_1034991,4,4,4,4
GEN24_1034996,4,4,4,4
GEN24_1034999,4,4,4,4
GEN24_1035001,4,4,4,4
GEN24_1035008,4,4,4,4
GEN24_1035022,4,4,4,4
GEN24_1035023,4,4,4,4
GEN24_1035026,2,3,3,3
GEN24_1035035,4,4,4,4
GEN24_1035041,4,4,4,4
GEN24_1035043,3,4,3,4
GEN24_1035044,4,4,4,4
GEN24_1035046,4,4,4,4
GEN24_1035047,4,4,4,4
GEN24_1035051,4,4,3,3
GEN24_1035052,4,4,4,4
GEN24_1035053,4,4,4,4
GEN24_1035056,4,4,4,4
GEN24_1035070,4,4,4,4
GEN24_1035074,4,4,4,4
GEN24_1035078,4,4,4,3
GEN24_1035079,4,4,4,4
GEN24_1035082,4,4,4,4
GEN24_1035085,4,4,4,4
GEN24_1035087,4,4,4,3
GEN24_1035089,4,4,3,4
GEN24_1035095,4,4,4,3
GEN24_1035098,4,4,4,4
GEN24_1035099,4,4,4,4
GEN24_1035102,4,4,4,4
GEN24_1035103,4,4,4,4
GEN24_1035104,4,4,4,4
GEN24_1035105,3,4,4,4
GEN24_1035106,4,4,4,4
GEN24_1035107,4,4,4,4
GEN24_1035109,4,4,4,4
GEN24_1035114,4,4,4,4
GEN24_1035116,4,4,4,4
GEN24_1035120,4,4,4,4
GEN24_1035122,4,4,3,3
GEN24_1035123,4,4,4,4
GEN24_1035125,4,4,4,4
GEN24_1035126,4,4,4,4
GEN24_1035127,4,4,4,4
GEN24_1035128,4,4,4,4
GEN24_1035130,4,4,4,4
GEN24_1035134,4,4,4,4
GEN24_1035136,4,4,4,4
GEN24_1035140,4,4,2,4
GEN24_1035149,4,4,4,4
GEN24_1035153,4,4,4,4
GEN24_1035165,4,4,4,4
GEN24_1035168,4,3,4,4
GEN24_1035171,4,4,4,4
GEN24_1035176,4,4,4,4
GEN24_1035177,4,4,4,4
GEN24_1035192,4,4,4,4
GEN24_1035196,4,3,4,4
GEN24_1035202,4,4,4,4
GEN24_1035205,4,4,4,4
GEN24_1035206,4,4,4,4
GEN24_1035209,4,4,4,4
GEN24_1035213,4,4,4,4
GEN24_1035214,4,4,4,4
GEN24_1035217,4,4,4,4
GEN24_1035222,4,4,4,4
GEN24_1035228,4,4,3,4
GEN24_1035236,4,4,4,4
GEN24_1035237,4,4,4,4
GEN24_1035242,4,4,4,3
GEN24_1035244,4,4,4,4
GEN24_1035255,4,4,4,4
GEN24_1035259,4,4,3,4
GEN24_1035270,4,4,4,4
GEN24_1035271,4,4,4,4
GEN24_1035274,4,4,4,4
GEN24_1035276,4,4,4,4
GEN24_1035280,4,4,4,4
GEN24_1035281,4,4,4,4
GEN24_1035286,4,4,4,3
GEN24_1035289,4,4,4,4
GEN24_1035294,4,4,4,4
GEN24_1035312,4,4,4,4
GEN24_1035313,4,4,4,4
GEN24_1035316,4,4,4,4
GEN24_1035324,4,4,4,4
GEN24_1035328,4,3,4,4
GEN24_1035334,4,4,4,4
GEN24_1035338,4,4,4,4
GEN24_1035343,4,4,4,4
GEN24_1035344,2,4,4,3
GEN24_1035349,4,4,4,4
GEN24_1035353,4,4,4,4
GEN24_1035355,4,4,3,4
GEN24_1035363,4,4,4,4
GEN24_1035367,4,4,3,4
GEN24_1035369,4,4,4,4
GEN24_1035370,4,4,4,3
GEN24_1035377,3,4,3,4
GEN24_1035381,4,4,4,4
GEN24_1035391,3,4,4,3
GEN24_1035392,4,4,4,4
GEN24_1035394,4,4,4,4
GEN24_1035400,4,4,4,4
GEN24_1035403,4,4,4,3
GEN24_1035412,4,4,4,4
GEN24_1035431,4,4,4,4
GEN24_1035433,4,4,4,3
GEN24_1035438,4,4,4,4
GEN24_1035445,4,4,4,4
GEN24_1035448,4,4,4,4
GEN24_1035454,4,3,4,4
GEN24_1035463,4,4,4,4
GEN24_1035468,4,4,4,4
GEN24_1035473,4,4,4,4
GEN24_1035484,4,4,4,4
GEN24_1035485,4,4,4,4
GEN24_1035490,4,4,4,4
GEN24_1035492,4,4,4,4
GEN24_1035496,4,4,4,4
GEN24_1035497,4,4,4,3
GEN24_1035500,4,3,4,4
GEN24_1035509,4,4,4,4
GEN24_1035515,4,4,4,4
GEN24_1035516,4,4,4,4
GEN24_1035525,4,4,4,4
GEN24_1035526,4,4,4,4
GEN24_1035528,4,4,4,4
GEN24_1035532,4,4,4,4
GEN24_1035533,4,4,4,4
GEN24_1035537,4,4,4,4
GEN24_1035539,4,4,4,4
GEN24_1035546,4,4,4,4
GEN24_1035547,3,3,4,4
GEN24_1035548,4,4,4,4
GEN24_1035552,4,4,4,3
GEN24_1035553,4,4,4,4
GEN24_1035554,4,4,4,4
GEN24_1035556,2,3,4,4
GEN24_1035558,4,4,4,4
GEN24_1035559,4,4,4,4
GEN24_1035570,4,4,4,4
GEN24_1035587,4,4,4,4
GEN24_1035600,3,3,3,3
GEN24_1035601,4,3,4,4
GEN24_1035602,3,4,4,4
GEN24_1035608,4,4,3,4
GEN24_1035612,4,4,4,4
GEN24_1035622,2,4,4,3
GEN24_1035625,4,4,4,4
GEN24_1035626,4,4,4,4
GEN24_1035636,4,4,4,3
GEN24_1035639,4,4,4,4
GEN24_1035641,4,4,4,4
GEN24_1035643,4,4,4,4
GEN24_1035645,4,4,4,4
GEN24_1035653,4,4,4,4
GEN24_1035654,4,4,4,4
GEN24_1035656,4,4,4,4
GEN24_1035659,4,4,4,4
GEN24_1035663,4,4,4,4
GEN24_1035671,4,4,4,4
GEN24_1035686,4,4,4,4
GEN24_1035694,4,4,4,4
GEN24_1035695,4,4,4,4
GEN24_1035707,4,4,4,4
GEN24_1035712,4,4,3,3
GEN24_1035721,4,4,4,4
GEN24_1035723,4,4,4,4
GEN24_1035725,4,4,4,4
GEN24_1035726,4,4,4,4
GEN24_1035733,4,3,4,4
GEN24_1035736,4,4,4,4
GEN24_1035743,4,4,4,4
GEN24_1035747,4,4,4,4
GEN24_1035749,4,4,4,4
GEN24_1035750,4,4,4,4
GEN24_1035751,4,4,4,4
GEN24_1035758,4,4,4,3
GEN24_1035762,4,4,4,4
GEN24_1035764,4,4,4,4
GEN24_1035773,4,4,4,4
GEN24_1035779,4,4,3,4
GEN24_1035782,3,4,3,3
GEN24_1035788,4,4,4,4
GEN24_1035791,4,4,4,4
GEN24_1035795,4,4,4,4
GEN24_1035798,4,4,4,4
GEN24_1035800,4,4,4,4
GEN24_1035801,4,4,4,4
GEN24_1035803,4,4,4,4
GEN24_1035815,4,4,3,4
GEN24_1035820,4,4,4,4
GEN24_1035821,4,4,4,4
GEN24_1035828,4,4,4,4
GEN24_1035830,4,4,4,4
GEN24_1035831,4,4,4,4
GEN24_1035836,4,4,4,4
GEN24_1035846,4,4,4,4
GEN24_1035859,4,4,4,4
GEN24_1035865,4,4,4,2
GEN24_1035866,4,4,4,4
GEN24_1035868,4,4,4,4
GEN24_1035869,4,4,3,4
GEN24_1035870,4,4,4,4
GEN24_1035871,4,4,4,4
GEN24_1035872,4,4,4,4
GEN24_1035876,4,4,4,4
GEN24_1035887,4,4,4,4
GEN24_1035889,4,4,4,4
GEN24_1035890,4,4,4,4
GEN24_1035896,4,4,4,4
GEN24_1035898,4,4,4,4
GEN24_1035908,4,4,4,4
GEN24_1035913,4,4,4,4
GEN24_1035919,4,4,4,4
GEN24_1035923,4,4,4,4
GEN24_1035925,4,4,4,4
GEN24_1035927,3,3,4,4
GEN24_1035931,4,4,4,4
GEN24_1035933,4,4,4,4
GEN24_1035936,4,4,4,4
GEN24_1035938,4,4,4,3
GEN24_1035940,4,4,4,4
GEN24_1035943,4,4,4,4
GEN24_1035944,4,3,4,4
GEN24_1035953,4,4,4,4
GEN24_1035954,4,4,4,4
GEN24_1035960,3,4,4,4
GEN24_1035970,4,4,4,4
GEN24_1035972,4,3,4,3
GEN24_1035973,4,4,4,4
GEN24_1035974,4,4,4,4
GEN24_1035977,4,4,4,4
GEN24_1035980,4,4,4,4
GEN24_1035982,4,4,4,4
GEN24_1035985,4,4,4,4
GEN24_1035993,4,4,4,4
GEN24_1035996,4,4,4,4
GEN24_1036002,4,4,4,4
GEN24_1036003,4,4,4,4
GEN24_1036009,4,4,4,4
GEN24_1036023,4,4,3,4
GEN24_1036034,4,4,4,4
GEN24_1036037,4,4,4,3
GEN24_1036040,4,4,3,3
GEN24_1036044,4,4,4,4
GEN24_1036047,4,4,4,3
GEN24_1036048,4,4,4,4
GEN24_1036049,4,4,4,4
GEN24_1036061,4,4,4,4
GEN24_1036062,4,4,4,4
GEN24_1036069,4,4,4,4
GEN24_1036072,4,4,4,4
GEN24_1036076,4,4,4,4
GEN24_1036084,4,3,4,4
GEN24_1036085,4,4,4,4
GEN24_1036089,4,4,4,4
GEN24_1036090,4,4,2,4
GEN24_1036096,4,4,4,3
GEN24_1036104,4,4,4,4
GEN24_1036105,4,4,4,4
GEN24_1036108,4,4,4,4
GEN24_1036110,4,4,4,4
GEN24_1036114,4,4,4,3
GEN24_1036116,4,4,4,4
GEN24_1036118,4,4,4,4
GEN24_1036124,4,4,4,4
GEN24_1036132,4,3,4,4
GEN24_1036146,4,4,4,4
GEN24_1036161,4,4,3,3
GEN24_1036164,4,4,4,4
GEN24_1036173,4,4,4,4
GEN24_1036180,4,4,4,4
GEN24_1036183,4,4,4,4
GEN24_1036190,4,3,4,4
GEN24_1036194,4,4,4,4
GEN24_1036195,4,4,4,4
GEN24_1036198,4,4,4,4
GEN24_1036203,3,4,3,4
GEN24_1036204,4,4,4,4
GEN24_1036206,4,3,4,4
GEN24_1036209,4,3,4,4
GEN24_1036215,4,4,4,4
GEN24_1036220,4,4,4,3
GEN24_1036223,4,3,4,4
GEN24_1036227,4,4,4,4
GEN24_1036234,3,4,3,4
GEN24_1036239,4,4,4,4
GEN24_1036250,4,4,4,3
GEN24_1036266,4,4,4,3
GEN24_1036270,4,4,4,4
GEN24_1036274,4,4,4,4
GEN24_1036275,4,4,4,4
GEN24_1036276,4,4,3,4
GEN24_1036289,4,4,4,4
GEN24_1036291,4,4,4,4
GEN24_1036293,4,4,4,4
GEN24_1036294,4,4,4,4
GEN24_1036299,4,4,4,4
GEN24_1036301,4,4,4,4
GEN24_1036302,4,4,4,4
GEN24_1036320,4,4,4,4
GEN24_1036323,4,4,4,4
GEN24_1036327,4,4,4,4
GEN24_1036346,4,4,3,4
GEN24_1036350,4,4,4,4
GEN24_1036354,4,4,4,4
GEN24_1036381,4,4,4,4
GEN24_1036382,4,4,4,4
GEN24_1036385,4,4,3,3
GEN24_1036392,4,4,4,3
GEN24_1036410,4,4,4,4
GEN24_1036427,4,4,4,4
GEN24_1036429,4,4,4,4
GEN24_1036430,4,4,4,4
GEN24_1036438,4,4,4,4
GEN24_1036440,4,4,4,4
GEN24_1036464,3,4,4,3
GEN24_1036465,4,4,4,4
GEN24_1036466,4,4,4,4
GEN24_1036497,4,4,4,4
GEN24_1036502,3,3,3,3
GEN24_1036505,4,4,4,4
GEN24_1036524,4,4,4,4
GEN24_1036526,4,4,4,4
GEN24_1036530,4,4,4,4
GEN24_1036534,4,4,4,4
GEN24_1036539,4,4,4,4
GEN24_1036550,4,4,4,4
GEN24_1036561,4,4,4,4
GEN24_1036566,4,4,4,4
GEN24_1036573,4,4,4,4
GEN24_1036574,4,4,4,4
GEN24_1036576,4,4,4,4
GEN24_1036588,3,4,4,4
GEN24_1036591,4,4,4,4
GEN24_1036595,4,4,4,4
GEN24_1036597,4,4,4,4
GEN24_1036601,4,4,4,4
GEN24_1036619,4,4,4,4
GEN24_1036628,4,4,4,4
GEN24_1036642,4,4,4,4
GEN24_1036647,4,4,4,4
GEN24_1036655,4,4,4,4
GEN24_1036663,4,4,4,4
GEN24_1036668,4,4,4,4
GEN24_1036670,4,4,4,4
GEN24_1036677,4,4,4,4
GEN24_1036686,4,4,4,4
GEN24_1036719,4,4,4,4
GEN24_1036720,4,4,4,4
GEN24_1036722,4,4,4,4
GEN24_1036724,4,3,2,3
GEN24_1036729,4,4,4,4
GEN24_1036732,4,4,4,4
GEN24_1036733,4,4,4,3
GEN24_1036734,4,4,4,4
GEN24_1036737,4,4,3,2
GEN24_1036738,4,4,4,4
GEN24_1036741,4,4,4,4
GEN24_1036742,4,4,4,4
GEN24_1036748,4,4,4,4
GEN24_1036755,4,4,4,4
GEN24_1036768,4,4,4,4
GEN24_1036771,4,4,4,4
GEN24_1036775,4,4,4,4
GEN24_1036777,4,4,4,4
GEN24_1036778,4,4,4,4
GEN24_1036780,4,4,4,4
GEN24_1036787,4,4,4,4
GEN24_1036792,4,4,4,4
GEN24_1036798,4,4,4,4
GEN24_1036806,4,4,4,4
GEN24_1036810,4,4,4,4
GEN24_1036828,4,4,4,3
GEN24_1036830,4,4,4,4
GEN24_1036843,4,4,4,4
GEN24_1036852,4,4,4,4
GEN24_1036854,4,4,4,3
GEN24_1036859,4,4,3,4
GEN24_1036860,4,4,4,4
GEN24_1036861,4,4,4,4
GEN24_1036862,4,4,4,4
GEN24_1036869,4,4,4,4
GEN24_1036874,4,4,4,4
GEN24_1036881,4,4,4,4
GEN24_1036882,4,4,4,4
GEN24_1036885,4,4,4,4
GEN24_1036886,4,4,4,4
GEN24_1036887,4,4,4,4
GEN24_1036889,4,4,4,4
GEN24_1036893,4,4,4,4
GEN24_1036905,4,4,4,4
GEN24_1036909,4,4,4,4
GEN24_1036913,4,4,4,4
GEN24_1036917,4,4,4,4
GEN24_1036918,4,4,4,4
GEN24_1036943,4,4,4,4
GEN24_1036946,4,4,4,4
GEN24_1036947,4,4,4,4
GEN24_1036949,4,4,4,4
GEN24_1036951,4,4,4,4
GEN24_1036952,4,4,4,4
GEN24_1036954,4,4,4,4
GEN24_1036960,4,4,4,4
GEN24_1036962,4,4,4,4
GEN24_1036963,4,4,4,4
GEN24_1036969,4,4,4,4
GEN24_1036971,4,4,4,4
GEN24_1036973,4,3,3,4
GEN24_1036974,4,4,4,4
GEN24_1036979,4,4,3,4
GEN24_1036984,4,4,1,4
GEN24_1036992,4,4,4,4
GEN24_1036994,4,4,4,4
GEN24_1037001,4,4,4,4
GEN24_1037008,4,4,4,4
GEN24_1037009,4,4,4,4
GEN24_1037010,4,4,4,4
GEN24_1037011,4,4,4,4
GEN24_1037018,4,4,4,4
GEN24_1037028,4,4,4,4
GEN24_1037037,3,4,4,4
GEN24_1037041,4,4,4,3
GEN24_1037043,4,4,4,4
GEN24_1037047,4,4,4,4
GEN24_1037049,4,4,4,4
GEN24_1037055,4,3,4,4
GEN24_1037060,4,4,4,4
GEN24_1037064,4,4,4,4
GEN24_1037066,4,4,4,4
GEN24_1037069,4,4,3,4
GEN24_1037078,4,4,4,4
GEN24_1037082,4,4,4,4
GEN24_1037090,4,4,4,4
GEN24_1037091,4,4,4,4
GEN24_1037095,4,4,3,3
GEN24_1037096,4,4,4,4
GEN24_1037100,4,4,4,4
GEN24_1037118,4,4,4,4
GEN24_1037122,4,4,4,4
GEN24_1037123,4,4,4,4
GEN24_1037130,4,4,4,4
GEN24_1037132,4,4,4,4
GEN24_1037137,4,4,4,4
GEN24_1037148,4,4,4,3
GEN24_1037153,4,4,4,4
GEN24_1037156,4,4,4,4
GEN24_1037157,4,4,4,4
GEN24_1037161,4,4,4,3
GEN24_1037166,4,4,4,4
GEN24_1037167,4,4,4,4
GEN24_1037169,4,4,4,3
GEN24_1037170,4,4,4,4
GEN24_1037174,4,4,4,4
GEN24_1037182,4,4,4,3
GEN24_1037189,4,4,4,4
GEN24_1037190,4,4,4,4
GEN24_1037191,4,4,4,4
GEN24_1037193,4,4,4,4
GEN24_1037196,4,4,4,4
GEN24_1037203,4,4,4,4
GEN24_1037206,1,1,1,1
GEN24_1037214,4,4,4,4
GEN24_1037216,4,4,3,4
GEN24_1037223,4,4,4,4
GEN24_1037224,4,4,4,4
GEN24_1037225,4,4,4,4
GEN24_1037230,4,4,4,4
GEN24_1037231,4,4,4,4
GEN24_1037233,4,4,4,4
GEN24_1037237,4,4,4,4
GEN24_1037238,4,4,4,4
GEN24_1037239,4,4,4,4
GEN24_1037242,4,4,4,4
GEN24_1037246,4,4,4,4
GEN24_1037249,3,3,4,3
GEN24_1037250,4,4,4,4
GEN24_1037259,4,4,4,4
GEN24_1037260,4,4,4,4
GEN24_1037261,4,4,4,4
GEN24_1037263,4,4,4,4
GEN24_1037270,4,4,4,4
GEN24_1037277,4,4,4,4
GEN24_1037280,4,4,4,4
GEN24_1037297,4,4,4,4
GEN24_1037310,4,4,4,4
GEN24_1037317,4,4,4,4
GEN24_1037329,4,4,4,4
GEN24_1037341,4,4,4,4
GEN24_1037342,4,4,4,4
GEN24_1037345,4,4,4,4
GEN24_1037349,4,4,4,4
GEN24_1037357,3,4,4,4
GEN24_1037362,2,4,4,4
GEN24_1037367,4,4,4,4
GEN24_1037373,4,4,4,4
GEN24_1037390,4,3,4,4
GEN24_1037391,4,4,4,4
GEN24_1037396,4,4,4,4
GEN24_1037399,4,4,4,4
GEN24_1037412,4,4,4,2
GEN24_1037414,4,4,4,4
GEN24_1037417,4,4,4,4
GEN24_1037418,4,4,4,4
GEN24_1037423,4,4,4,4
GEN24_1037425,3,4,4,4
GEN24_1037427,4,4,4,4
GEN24_1037431,4,4,4,4
GEN24_1037445,4,3,4,4
GEN24_1037453,4,4,4,4
GEN24_1037459,4,4,4,4
GEN24_1037460,4,4,4,4
GEN24_1037463,4,4,4,4
GEN24_1037464,2,4,3,4
GEN24_1037471,3,4,4,4
GEN24_1037474,4,4,4,4
GEN24_1037480,4,1,4,4
GEN24_1037483,2,3,4,3
GEN24_1037491,4,4,4,4
GEN24_1037493,4,4,3,3
GEN24_1037494,4,4,4,3
GEN24_1037495,4,4,4,4
GEN24_1037502,4,4,4,4
GEN24_1037507,4,4,4,4
GEN24_1037512,4,3,3,3
GEN24_1037517,3,4,3,4
GEN24_1037518,4,4,4,4
GEN24_1037523,4,4,4,3
GEN24_1037531,4,4,4,4
GEN24_1037538,4,4,4,4
GEN24_1037553,4,4,4,4
GEN24_1037565,4,4,4,4
GEN24_1037578,4,3,4,4
GEN24_1037583,4,4,4,4
GEN24_1037584,4,4,4,4
GEN24_1037589,4,4,4,4
GEN24_1037590,4,4,4,4
GEN24_1037595,4,4,4,4
GEN24_1037599,4,4,4,4
GEN24_1037602,4,4,3,4
GEN24_1037610,4,4,4,4
GEN24_1037612,4,4,4,4
GEN24_1037618,4,4,4,3
GEN24_1037621,4,4,4,4
GEN24_1037629,4,4,4,4
GEN24_1037630,4,4,4,4
GEN24_1037641,4,4,4,4
GEN24_1037648,4,4,4,4
GEN24_1037653,4,4,4,4
GEN24_1037655,4,4,4,3
GEN24_1037664,4,4,4,4
GEN24_1037666,4,4,4,4
GEN24_1037671,4,4,4,4
GEN24_1037674,4,4,4,4
GEN24_1037685,4,4,4,4
GEN24_1037689,4,4,4,4
GEN24_1037693,4,3,4,4
GEN24_1037696,4,4,4,4
GEN24_1037698,4,3,4,4
GEN24_1037700,4,4,4,4
GEN24_1037708,4,4,4,4
GEN24_1037710,4,4,4,4
GEN24_1037718,4,4,4,3
GEN24_1037720,4,4,4,4
GEN24_1037727,4,4,4,4
GEN24_1037728,4,4,4,4
GEN24_1037732,4,4,4,4
GEN24_1037739,4,4,4,4
GEN24_1037752,4,4,4,4
GEN24_1037762,4,4,4,4
GEN24_1037763,4,4,4,4
GEN24_1037772,4,4,4,4
GEN24_1037782,4,4,4,4
GEN24_1037796,3,4,4,4
GEN24_1037797,4,4,4,4
GEN24_1037801,4,4,4,4
GEN24_1037802,4,4,4,4
GEN24_1037803,4,4,4,4
GEN24_1037812,4,4,3,3
GEN24_1037819,4,4,4,4
GEN24_1037822,4,4,4,4
GEN24_1037823,4,4,4,4
GEN24_1037824,4,4,4,4
GEN24_1037831,4,4,4,4
GEN24_1037839,4,4,4,3
GEN24_1037848,4,4,4,4
GEN24_1037851,3,4,4,4
GEN24_1037852,4,4,4,2
GEN24_1037856,4,4,4,4
GEN24_1037857,4,4,4,4
GEN24_1037862,4,4,4,4
GEN24_1037863,4,4,4,4
GEN24_1037867,4,4,4,4
GEN24_1037868,4,4,3,3
GEN24_1037879,4,4,4,4
GEN24_1037888,4,4,4,4
GEN24_1037890,4,4,4,3
GEN24_1037891,4,4,4,4
GEN24_1037893,4,4,4,4
GEN24_1037895,4,4,4,4
GEN24_1037913,4,4,4,4
GEN24_1037919,4,3,4,4
GEN24_1037924,4,4,3,4
GEN24_1037932,4,3,4,4
GEN24_1037951,4,4,4,4
GEN24_1037953,3,4,4,4
GEN24_1037959,3,4,4,3
GEN24_1037965,4,4,4,3
GEN24_1037966,4,4,4,4
GEN24_1037967,4,4,4,4
GEN24_1037972,4,4,4,4
GEN24_1037975,4,4,4,4
GEN24_1037985,4,4,4,4
GEN24_1037997,3,4,4,4
GEN24_1038000,4,4,4,4
GEN24_1038002,4,4,4,4
GEN24_1038008,4,4,4,4
GEN24_1038019,4,4,4,4
GEN24_1038020,4,4,4,4
GEN24_1038021,4,4,4,4
GEN24_1038024,4,4,4,4
GEN24_1038030,4,3,3,3
GEN24_1038044,4,4,4,4
GEN24_1038050,4,4,4,3
GEN24_1038058,4,4,4,4
GEN24_1038067,4,4,4,4
GEN24_1038068,4,4,4,4
GEN24_1038075,4,4,4,4
GEN24_1038078,4,4,4,4
GEN24_1038079,4,4,4,4
GEN24_1038082,4,4,4,4
GEN24_1038083,4,4,4,4
GEN24_1038102,4,3,4,4
GEN24_1038105,4,4,4,4
GEN24_1038107,4,3,4,4
GEN24_1038112,4,4,4,4
GEN24_1038114,4,4,4,4
GEN24_1038115,4,4,3,4
GEN24_1038119,4,4,4,4
GEN24_1038123,4,4,4,4
GEN24_1038124,4,4,4,4
GEN24_1038129,4,4,4,4
GEN24_1038138,4,4,4,4
GEN24_1038147,3,4,4,4
GEN24_1038150,4,4,4,4
GEN24_1038163,4,3,4,4
GEN24_1038166,4,4,4,4
GEN24_1038167,4,4,4,4
GEN24_1038168,4,4,4,4
GEN24_1038178,4,4,4,4
GEN24_1038191,4,4,4,4
GEN24_1038193,4,4,4,4
GEN24_1038200,3,3,3,4
GEN24_1038218,4,4,4,4
GEN24_1038219,4,4,4,4
GEN24_1038233,4,4,4,4
GEN24_1038238,4,4,4,4
GEN24_1038253,4,4,4,4
GEN24_1038254,3,4,4,3
GEN24_1038256,4,4,4,4
GEN24_1038262,4,4,4,4
GEN24_1038264,3,4,4,4
GEN24_1038266,4,4,4,4
GEN24_1038280,4,4,4,4
GEN24_1038283,4,4,4,4
GEN24_1038285,4,4,4,3
GEN24_1038291,4,4,4,4
GEN24_1038294,4,4,4,4
GEN24_1038295,4,4,4,4
GEN24_1038297,4,4,4,4
GEN24_1038307,4,4,4,4
GEN24_1038309,4,4,4,3
GEN24_1038314,4,4,4,4
GEN24_1038317,4,4,4,4
GEN24_1038318,4,4,4,4
GEN24_1038328,4,4,4,4
GEN24_1038329,4,4,4,4
GEN24_1038334,4,4,2,3
GEN24_1038335,2,4,4,3
GEN24_1038342,4,4,4,4
GEN24_1038357,4,4,4,4
GEN24_1038363,4,4,4,4
GEN24_1038374,4,4,4,4
GEN24_1038377,4,4,4,4
GEN24_1038378,4,4,4,4
GEN24_1038382,4,4,4,4
GEN24_1038383,4,4,4,4
GEN24_1038385,4,4,4,4
GEN24_1038386,4,4,4,4
GEN24_1038394,4,4,4,3
GEN24_1038395,4,3,4,4
GEN24_1038397,4,4,4,4
GEN24_1038400,4,4,4,4
GEN24_1038404,4,4,4,4
GEN24_1038412,4,4,4,4
GEN24_1038425,4,4,4,4
GEN24_1038427,4,4,4,4
GEN24_1038438,4,4,4,4
GEN24_1038446,4,4,4,4
GEN24_1038463,4,4,4,4
GEN24_1038464,4,4,4,4
GEN24_1038471,4,4,4,4
GEN24_1038476,4,4,4,4
GEN24_1038477,4,4,3,4
GEN24_1038478,4,4,4,4
GEN24_1038483,4,4,4,4
GEN24_1038498,4,4,4,4
GEN24_1038513,4,4,4,4
GEN24_1038514,3,4,4,4
GEN24_1038521,4,4,4,4
GEN24_1038525,4,4,4,4
GEN24_1038526,4,4,4,4
GEN24_1038540,4,4,4,4
GEN24_1038543,4,4,4,4
GEN24_1038545,4,4,4,4
GEN24_1038547,4,4,4,4
GEN24_1038554,4,4,4,4
GEN24_1038558,4,4,4,4
GEN24_1038559,4,4,4,4
GEN24_1038561,4,4,4,4
GEN24_1038573,4,4,4,3
GEN24_1038575,4,4,4,4
GEN24_1038593,4,4,4,2
GEN24_1038596,4,4,4,3
GEN24_1038614,4,4,4,4
GEN24_1038626,3,4,4,3
GEN24_1038627,4,4,4,4
GEN24_1038628,4,4,4,4
GEN24_1038632,4,4,4,4
GEN24_1038636,4,4,4,4
GEN24_1038638,4,4,4,4
GEN24_1038640,4,4,4,4
GEN24_1038643,4,4,4,4
GEN24_1038645,4,4,4,4
GEN24_1038652,4,4,4,4
GEN24_1038654,4,4,4,4
GEN24_1038667,4,4,4,4
GEN24_1038671,4,4,4,4
GEN24_1038686,4,4,4,4
GEN24_1038689,4,4,4,4
GEN24_1038694,4,4,4,4
GEN24_1038695,4,4,4,4
GEN24_1038707,4,4,4,4
GEN24_1038710,4,4,4,3
GEN24_1038711,4,4,4,4
GEN24_1038714,4,3,4,4
GEN24_1038716,4,4,4,4
GEN24_1038719,4,4,4,4
GEN24_1038723,4,4,4,4
GEN24_1038731,4,4,4,4
GEN24_1038733,4,4,4,4
GEN24_1038734,4,4,4,4
GEN24_1038736,4,4,4,4
GEN24_1038742,4,4,4,3
GEN24_1038743,4,3,3,3
GEN24_1038747,4,4,4,4
GEN24_1038751,3,2,3,3
GEN24_1038756,4,4,4,4
GEN24_1038757,4,4,4,4
GEN24_1038766,4,4,4,3
GEN24_1038769,4,4,4,3
GEN24_1038773,4,4,4,4
GEN24_1038775,4,4,4,3
GEN24_1038781,4,3,4,3
GEN24_1038782,4,4,4,4
GEN24_1038789,3,4,4,4
GEN24_1038792,4,4,4,4
GEN24_1038796,4,3,4,3
GEN24_1038799,4,4,4,4
GEN24_1038802,4,4,4,4
GEN24_1038803,4,4,4,4
GEN24_1038804,4,4,4,4
GEN24_1038805,4,4,4,4
GEN24_1038815,4,4,4,4
GEN24_1038819,4,4,3,4
GEN24_1038820,4,4,3,4
GEN24_1038829,4,4,4,4
GEN24_1038839,4,4,4,4
GEN24_1038841,4,4,4,4
GEN24_1038842,4,4,4,4
GEN24_1038845,4,4,4,4
GEN24_1038851,4,4,4,4
GEN24_1038856,4,4,4,4
GEN24_1038857,4,4,4,4
GEN24_1038881,4,4,4,3
GEN24_1038887,3,4,4,4
GEN24_1038892,4,4,4,4
GEN24_1038900,4,4,4,4
GEN24_1038902,4,4,4,4
GEN24_1038903,4,4,4,4
GEN24_1038904,4,4,4,4
GEN24_1038906,4,4,4,4
GEN24_1038910,4,4,4,4
GEN24_1038913,4,4,4,4
GEN24_1038914,4,4,4,4
GEN24_1038916,4,4,4,4
GEN24_1038920,4,4,4,4
GEN24_1038921,4,4,4,3
GEN24_1038922,3,4,4,3
GEN24_1038925,4,4,4,4
GEN24_1038928,4,4,4,4
GEN24_1038936,4,4,4,4
GEN24_1038938,4,4,4,4
GEN24_1038941,4,4,4,4
GEN24_1038945,4,4,4,4
GEN24_1038957,4,4,3,4
GEN24_1038974,4,4,4,4
GEN24_1038980,4,4,4,4
GEN24_1038982,4,4,4,4
GEN24_1038987,4,4,4,4
GEN24_1038988,4,4,4,4
GEN24_1038991,4,4,4,4
GEN24_1038993,4,4,4,4
GEN24_1038994,4,4,4,4
GEN24_1039027,4,4,4,4
GEN24_1039033,4,4,4,4
GEN24_1039039,4,4,4,4
GEN24_1039043,4,4,4,4
GEN24_1039044,4,4,4,4
GEN24_1039047,4,4,4,4
GEN24_1039048,4,4,4,4
GEN24_1039051,4,4,4,4
GEN24_1039058,4,4,4,4
GEN24_1039069,4,4,4,4
GEN24_1039082,4,4,4,4
GEN24_1039087,4,4,4,3
GEN24_1039089,4,4,4,4
GEN24_1039093,4,4,4,4
GEN24_1039097,4,4,4,4
GEN24_1039098,4,4,4,4
GEN24_1039099,4,2,3,3
GEN24_1039104,2,3,4,4
GEN24_1039109,4,3,4,4
GEN24_1039112,4,4,4,4
GEN24_1039116,4,4,4,4
GEN24_1039117,4,4,4,3
GEN24_1039121,4,4,4,4
GEN24_1039123,4,4,4,4
GEN24_1039127,3,4,4,4
GEN24_1039129,4,4,4,4
GEN24_1039130,4,3,4,4
GEN24_1039133,4,4,4,4
GEN24_1039137,4,4,4,4
GEN24_1039139,4,3,4,4
GEN24_1039140,4,4,4,4
GEN24_1039141,4,4,4,4
GEN24_1039142,4,4,4,4
GEN24_1039148,4,4,4,4
GEN24_1039167,4,4,4,4
GEN24_1039207,4,4,4,4
GEN24_1039208,4,4,4,4
GEN24_1039211,4,4,4,4
GEN24_1039221,4,4,4,4
GEN24_1039228,4,4,4,4
GEN24_1039244,4,4,4,4
GEN24_1039250,4,3,4,4
GEN24_1039251,4,4,4,4
GEN24_1039255,4,3,4,4
GEN24_1039264,4,4,4,3
GEN24_1039280,4,3,4,4
GEN24_1039281,4,4,4,4
GEN24_1039283,4,4,4,4
GEN24_1039291,4,4,4,4
GEN24_1039309,4,4,4,4
GEN24_1039311,4,4,4,4
GEN24_1039312,4,4,4,4
GEN24_1039322,3,2,3,3
GEN24_1039327,4,4,4,4
GEN24_1039329,4,4,4,4
GEN24_1039331,4,4,4,4
GEN24_1039343,4,4,4,4
GEN24_1039346,4,4,4,4
GEN24_1039351,4,4,4,4
GEN24_1039356,3,4,4,3
GEN24_1039361,4,4,4,4
GEN24_1039378,4,4,4,4
GEN24_1039385,4,4,4,4
GEN24_1039398,4,4,4,4
GEN24_1039404,4,4,4,4
GEN24_1039406,4,4,4,3
GEN24_1039415,4,4,4,4
GEN24_1039416,4,4,4,4
GEN24_1039424,4,4,4,3
GEN24_1039425,4,4,4,4
GEN24_1039427,3,4,4,4
GEN24_1039428,4,4,3,4
GEN24_1039447,4,4,4,4
GEN24_1039452,4,3,4,4
GEN24_1039456,4,4,4,4
GEN24_1039458,4,4,4,4
GEN24_1039463,4,4,4,3
GEN24_1039464,4,4,4,4
GEN24_1039467,4,4,4,4
GEN24_1039471,4,4,4,4
GEN24_1039474,4,3,3,3
GEN24_1039483,4,4,4,4
GEN24_1039487,4,4,4,2
GEN24_1039505,4,4,3,4
GEN24_1039508,4,4,4,4
GEN24_1039516,4,4,4,4
GEN24_1039517,4,4,4,4
GEN24_1039518,4,4,4,4
GEN24_1039520,4,4,4,4
GEN24_1039524,4,4,4,4
GEN24_1039526,4,4,4,4
GEN24_1039530,4,4,4,4
GEN24_1039540,4,4,4,4
GEN24_1039550,4,4,4,4
GEN24_1039558,4,4,4,4
GEN24_1039561,4,4,4,4
GEN24_1039563,4,4,4,4
GEN24_1039565,4,4,4,4
GEN24_1039566,4,4,4,4
GEN24_1039573,4,4,4,4
GEN24_1039581,4,4,4,3
GEN24_1039589,4,4,4,4
GEN24_1039596,4,4,4,4
GEN24_1039604,4,4,4,4
GEN24_1039622,4,4,4,4
GEN24_1039633,3,4,4,4
GEN24_1039634,3,4,4,4
GEN24_1039643,4,4,4,3
GEN24_1039650,4,4,4,4
GEN24_1039653,4,4,4,4
GEN24_1039661,4,4,4,4
GEN24_1039666,4,4,4,4
GEN24_1039669,4,4,4,4
GEN24_1039670,4,4,4,4
GEN24_1039671,4,4,4,4
GEN24_1039677,4,4,4,4
GEN24_1039684,4,3,4,4
GEN24_1039685,4,4,4,4
GEN24_1039692,4,4,4,4
GEN24_1039695,4,4,4,4
GEN24_1039696,4,4,4,4
GEN24_1039699,4,4,4,4
GEN24_1039701,4,4,4,4
GEN24_1039702,4,4,4,4
GEN24_1039719,4,4,4,4
GEN24_1039724,4,4,4,4
GEN24_1039727,4,4,4,4
GEN24_1039731,4,4,4,4
GEN24_1039737,4,4,4,4
GEN24_1039738,4,4,4,4
GEN24_1039741,4,4,4,3
GEN24_1039744,4,4,4,4
GEN24_1039746,4,4,4,4
GEN24_1039750,4,4,4,4
GEN24_1039757,4,4,4,4
GEN24_1039760,4,4,4,4
GEN24_1039768,4,4,4,4
GEN24_1039786,4,4,4,4
GEN24_1039792,4,4,4,4
GEN24_1039794,4,4,4,4
GEN24_1039807,4,4,4,4
GEN24_1039819,4,4,4,4
GEN24_1039820,4,4,4,4
GEN24_1039827,4,4,4,4
GEN24_1039836,4,4,4,4
GEN24_1039837,4,4,4,4
GEN24_1039842,4,4,3,4
GEN24_1039852,4,4,4,4
GEN24_1039853,4,4,4,4
GEN24_1039855,4,4,4,4
GEN24_1039856,4,3,4,4
GEN24_1039857,4,4,4,4
GEN24_1039872,4,4,4,4
GEN24_1039873,4,4,4,4
GEN24_1039877,4,4,4,3
GEN24_1039883,4,4,4,3
GEN24_1039890,4,4,4,4
GEN24_1039906,4,4,3,2
GEN24_1039919,4,4,4,4
GEN24_1039920,4,4,4,4
GEN24_1039930,4,4,4,4
GEN24_1039933,4,4,4,3
GEN24_1039938,4,4,4,4
GEN24_1039939,4,4,4,4
GEN24_1039940,4,3,3,2
GEN24_1039942,4,4,4,4
GEN24_1039950,3,4,4,4
GEN24_1039953,4,4,4,4
GEN24_1039956,4,4,4,4
GEN24_1039961,3,3,4,4
GEN24_1039963,4,4,4,4
GEN24_1039968,4,4,4,4
GEN24_1039974,4,4,4,4
GEN24_1039975,4,4,4,4
GEN24_1039983,4,4,4,4
GEN24_1039985,4,4,4,4
GEN24_1039988,4,4,4,4
GEN24_1039990,4,3,3,4
GEN24_1039992,4,4,4,4
GEN24_1039993,4,4,4,4
GEN24_1039994,4,4,4,4
GEN24_1039995,4,4,4,4
GEN24_1039998,4,4,4,4
GEN24_1040001,4,4,4,4
GEN24_1040010,4,4,4,4
GEN24_1040011,4,4,4,4
GEN24_1040013,4,4,4,4
GEN24_1040014,4,4,4,3
GEN24_1040017,4,4,4,4
GEN24_1040018,4,4,4,4
GEN24_1040019,2,4,4,3
GEN24_1040021,4,4,4,4
GEN24_1040022,4,4,4,4
GEN24_1040027,4,4,4,4
GEN24_1040031,4,4,4,4
GEN24_1040036,4,4,4,4
GEN24_1040037,4,4,4,4
GEN24_1040046,4,4,4,4
GEN24_1040050,4,4,4,4
GEN24_1040051,4,4,4,4
GEN24_1040055,4,4,4,4
GEN24_1040063,4,4,4,4
GEN24_1040065,4,4,4,4
GEN24_1040070,4,4,4,4
GEN24_1040079,4,4,4,4
GEN24_1040081,4,4,4,2
GEN24_1040082,4,4,3,4
GEN24_1040087,4,4,4,4
GEN24_1040089,4,4,4,4
GEN24_1040101,4,4,4,4
GEN24_1040109,4,4,4,4
GEN24_1040111,4,4,4,4
GEN24_1040122,4,4,4,4
GEN24_1040124,4,4,4,4
GEN24_1040126,4,4,4,4
GEN24_1040127,4,4,4,4
GEN24_1040128,4,4,4,4
GEN24_1040129,4,4,4,4
GEN24_1040130,4,4,4,4
GEN24_1040143,4,4,4,4
GEN24_1040152,4,4,4,4
GEN24_1040166,4,4,4,4
GEN24_1040183,4,4,4,4
GEN24_1040186,4,3,4,3
GEN24_1040187,3,4,4,4
GEN24_1040189,4,4,4,4
GEN24_1040190,4,4,4,4
GEN24_1040205,4,4,4,4
GEN24_1040208,4,4,4,4
GEN24_1040209,4,4,4,4
GEN24_1040216,4,4,4,4
GEN24_1040229,4,4,4,4
GEN24_1040230,4,4,4,4
GEN24_1040237,4,3,4,3
GEN24_1040245,4,4,4,4
GEN24_1040249,4,4,3,3
GEN24_1040251,3,3,3,4
GEN24_1040252,4,4,4,4
GEN24_1040253,4,4,4,4
GEN24_1040272,4,4,4,4
GEN24_1040277,3,4,4,3
GEN24_1040280,4,4,4,4
GEN24_1040282,4,4,4,4
GEN24_1040283,3,4,4,4
GEN24_1040284,4,4,4,3
GEN24_1040285,4,4,4,3
GEN24_1040296,4,4,4,4
GEN24_1040299,4,4,4,4
GEN24_1040308,4,4,4,4
GEN24_1040315,4,4,4,4
GEN24_1040320,4,4,4,4
GEN24_1040329,4,4,4,4
GEN24_1040332,4,4,1,4
GEN24_1040336,4,4,4,4
GEN24_1040337,4,4,4,4
GEN24_1040340,4,4,4,3
GEN24_1040345,4,4,4,4
GEN24_1040347,4,4,4,4
GEN24_1040356,4,4,3,4
GEN24_1040366,4,4,4,4
GEN24_1040368,4,4,4,4
GEN24_1040369,4,4,2,4
GEN24_1040371,4,4,4,4
GEN24_1040380,4,4,4,4
GEN24_1040388,4,4,4,4
GEN24_1040389,4,4,4,4
GEN24_1040394,4,4,4,4
GEN24_1040409,4,4,4,4
GEN24_1040418,4,4,4,4
GEN24_1040435,3,4,4,3
GEN24_1040439,4,4,4,4
GEN24_1040446,4,4,4,4
GEN24_1040467,4,4,4,4
GEN24_1040474,4,4,4,4
GEN24_1040484,4,4,3,4
GEN24_1040501,4,3,4,4
GEN24_1040515,4,4,4,4
GEN24_1040529,4,4,4,4
GEN24_1040534,4,4,4,4
GEN24_1040537,4,4,3,4
GEN24_1040541,4,4,4,4
GEN24_1040546,4,4,3,4
GEN24_1040560,4,4,4,4
GEN24_1040564,4,4,4,4
GEN24_1040583,3,3,4,3
GEN24_1040589,4,4,4,4
GEN24_1040599,4,4,4,4
GEN24_1040606,4,4,4,4
GEN24_1040608,3,4,4,4
GEN24_1040615,4,4,4,4
GEN24_1040621,4,4,4,4
GEN24_1040642,4,4,4,4
GEN24_1040644,4,4,1,4
GEN24_1040655,4,4,4,4
GEN24_1040659,4,4,4,4
GEN24_1040660,4,4,4,4
GEN24_1040663,4,3,4,4
GEN24_1040664,4,4,4,3
GEN24_1040667,4,4,4,4
GEN24_1040672,4,4,4,4
GEN24_1040673,4,2,4,4
GEN24_1040674,4,4,4,4
GEN24_1040677,4,4,4,4
GEN24_1040680,4,4,4,4
GEN24_1040682,4,4,4,4
GEN24_1040688,4,4,4,4
GEN24_1040691,3,4,4,4
GEN24_1040693,4,4,4,3
GEN24_1040694,4,4,4,4
GEN24_1040696,4,4,4,4
GEN24_1040699,4,4,4,4
GEN24_1040703,4,4,4,3
GEN24_1040704,4,4,4,4
GEN24_1040705,4,4,4,4
GEN24_1040707,4,3,4,4
GEN24_1040709,4,4,4,3
GEN24_1040714,4,4,4,4
GEN24_1040716,4,4,4,4
GEN24_1040732,4,4,4,4
GEN24_1040748,4,4,4,4
GEN24_1040751,4,4,4,3
GEN24_1040754,4,4,3,4
GEN24_1040755,4,4,4,3
GEN24_1040756,4,4,4,4
GEN24_1040759,4,4,4,4
GEN24_1040760,4,2,4,4
GEN24_1040762,4,4,4,4
GEN24_1040763,4,4,4,4
GEN24_1040767,4,4,4,4
GEN24_1040768,4,4,4,4
GEN24_1040776,4,4,4,4
GEN24_1040785,4,4,3,4
GEN24_1040789,4,4,4,4
GEN24_1040791,4,4,4,4
GEN24_1040792,4,4,4,3
GEN24_1040795,3,4,4,3
GEN24_1040803,4,4,4,4
GEN24_1040804,4,4,4,4
GEN24_1040812,4,3,3,4
GEN24_1040814,4,3,4,3
GEN24_1040825,4,4,4,4
GEN24_1040829,4,4,4,4
GEN24_1040835,3,4,4,4
GEN24_1040836,3,3,3,3
GEN24_1040837,4,4,4,4
GEN24_1040839,4,4,4,4
GEN24_1040843,4,4,4,4
GEN24_1040848,4,4,4,4
GEN24_1040861,4,4,4,4
GEN24_1040862,4,3,4,4
GEN24_1040863,3,3,3,4
GEN24_1040869,4,4,4,4
GEN24_1040871,4,4,4,4
GEN24_1040872,2,3,3,3
GEN24_1040873,4,4,4,4
GEN24_1040876,4,4,3,3
GEN24_1040878,4,4,4,4
GEN24_1040882,4,4,4,4
GEN24_1040885,4,4,4,4
GEN24_1040886,4,4,4,3
GEN24_1040891,4,4,4,4
GEN24_1040893,4,4,4,4
GEN24_1040894,4,4,4,4
GEN24_1040895,4,4,4,4
GEN24_1040896,4,4,3,4
GEN24_1040899,4,4,4,4
GEN24_1040900,4,4,4,4
GEN24_1040901,4,4,4,4
GEN24_1040908,4,4,4,4
GEN24_1040914,4,4,4,4
GEN24_1040924,4,3,4,4
GEN24_1040927,4,4,4,4
GEN24_1040929,4,4,4,4
GEN24_1040931,4,4,4,4
GEN24_1040939,4,4,4,4
GEN24_1040943,3,4,3,4
GEN24_1040946,4,4,4,4
GEN24_1040948,4,4,4,4
GEN24_1040979,4,4,4,4
GEN24_1040986,4,4,4,4
GEN24_1040988,4,4,4,3
GEN24_1040993,4,4,4,4
GEN24_1040998,4,4,4,4
GEN24_1041008,4,4,4,4
GEN24_1041017,4,4,4,4
GEN24_1041018,4,4,4,4
GEN24_1041021,4,4,3,4
GEN24_1041023,4,4,4,4
GEN24_1041027,4,3,3,3
GEN24_1041030,4,4,4,4
GEN24_1041031,4,4,4,4
GEN24_1041038,4,3,4,4
GEN24_1041043,4,4,4,4
GEN24_1041044,4,4,4,4
GEN24_1041045,4,4,4,4
GEN24_1041055,4,3,4,4
GEN24_1041077,4,4,4,4
GEN24_1041078,4,3,4,4
GEN24_1041079,4,3,4,2
GEN24_1041080,4,4,4,4
GEN24_1041084,4,4,4,4
GEN24_1041094,4,4,4,4
GEN24_1041096,4,4,4,3
GEN24_1041097,4,4,4,4
GEN24_1041099,4,4,4,4
GEN24_1041103,4,4,4,4
GEN24_1041115,4,4,4,4
GEN24_1041116,4,4,4,4
GEN24_1041126,4,4,4,4
GEN24_1041128,4,4,4,3
GEN24_1041133,4,4,4,4
GEN24_1041134,4,3,4,4
GEN24_1041139,3,4,4,4
GEN24_1041140,4,4,4,4
GEN24_1041143,3,4,3,4
GEN24_1041144,4,4,4,4
GEN24_1041145,3,4,4,3
GEN24_1041148,4,4,4,3
GEN24_1041152,4,4,4,3
GEN24_1041154,1,3,1,1
GEN24_1041156,4,4,4,4
GEN24_1041159,4,4,4,4
GEN24_1041160,4,4,4,4
GEN24_1041161,4,4,4,4
GEN24_1041162,4,4,4,4
GEN24_1041168,4,4,4,3
GEN24_1041169,4,4,4,4
GEN24_1041171,3,4,4,4
GEN24_1041175,4,4,4,4
GEN24_1041181,4,4,4,4
GEN24_1041182,4,4,4,4
GEN24_1041199,4,4,4,3
GEN24_1041201,4,4,4,4
GEN24_1041205,4,4,4,4
GEN24_1041212,4,4,4,4
GEN24_1041213,4,4,4,4
GEN24_1041217,4,4,4,4
GEN24_1041224,4,4,4,4
GEN24_1041225,4,4,4,4
GEN24_1041231,4,4,4,4
GEN24_1041232,4,4,4,4
GEN24_1041237,4,4,4,4
GEN24_1041244,4,4,4,3
GEN24_1041246,4,2,4,4
GEN24_1041248,4,4,3,4
GEN24_1041251,4,4,4,4
GEN24_1041253,4,4,4,4
GEN24_1041254,4,4,4,3
GEN24_1041256,4,4,4,4
GEN24_1041265,4,4,4,4
GEN24_1041267,4,4,4,4
GEN24_1041269,4,3,4,4
GEN24_1041276,4,4,4,4
GEN24_1041279,4,4,4,4
GEN24_1041280,3,4,4,4
GEN24_1041282,4,4,4,3
GEN24_1041284,4,4,4,4
GEN24_1041285,4,4,4,4
GEN24_1041286,3,4,3,3
GEN24_1041290,4,4,4,4
GEN24_1041291,4,4,4,4
GEN24_1041292,4,4,4,4
GEN24_1041297,4,4,4,4
GEN24_1041305,4,4,4,4
GEN24_1041308,4,4,4,4
GEN24_1041316,4,4,4,4
GEN24_1041329,4,4,4,4
GEN24_1041330,4,4,4,4
GEN24_1041336,4,4,4,4
GEN24_1041339,4,4,4,4
GEN24_1041340,4,4,4,4
GEN24_1041346,4,4,4,4
GEN24_1041347,4,4,3,4
GEN24_1041361,4,4,4,4
GEN24_1041365,3,4,4,4
GEN24_1041366,4,4,4,4
GEN24_1041369,4,4,4,3
GEN24_1041374,4,4,4,4
GEN24_1041381,4,4,4,4
GEN24_1041383,4,4,4,4
GEN24_1041384,4,4,4,4
GEN24_1041391,3,4,4,4
GEN24_1041392,4,4,4,4
GEN24_1041393,4,4,4,4
GEN24_1041400,4,4,4,4
GEN24_1041401,4,4,4,4
GEN24_1041402,3,3,3,3
GEN24_1041404,4,4,4,4
GEN24_1041408,4,4,4,4
GEN24_1041410,4,4,4,3
GEN24_1041421,4,3,4,2
GEN24_1041424,4,4,4,4
GEN24_1041430,4,4,3,4
GEN24_1041432,4,4,4,4
GEN24_1041436,4,4,4,4
GEN24_1041437,4,4,4,4
GEN24_1041450,4,4,3,4
GEN24_1041473,4,4,4,4
GEN24_1041483,4,4,4,3
GEN24_1041485,4,4,4,4
GEN24_1041491,3,4,4,4
GEN24_1041492,4,4,4,4
GEN24_1041499,4,4,4,4
GEN24_1041501,3,4,4,4
GEN24_1041502,4,4,4,4
GEN24_1041506,4,4,4,3
GEN24_1041527,4,4,4,4
GEN24_1041541,4,4,4,4
GEN24_1041542,4,4,4,3
GEN24_1041559,4,4,4,4
GEN24_1041565,3,4,4,3
GEN24_1041569,3,3,4,3
GEN24_1041571,4,4,4,4
GEN24_1041572,4,4,4,4
GEN24_1041593,4,4,4,4
GEN24_1041603,4,4,4,4
GEN24_1041616,4,4,4,4
GEN24_1041628,4,4,4,4
GEN24_1041631,4,4,4,4
GEN24_1041634,4,4,4,4
GEN24_1041652,2,2,3,4
GEN24_1041654,4,4,4,4
GEN24_1041663,4,4,4,4
GEN24_1041669,4,4,4,4
GEN24_1041672,4,4,4,4
GEN24_1041675,4,4,3,4
GEN24_1041678,4,4,4,4
GEN24_1041681,4,4,4,3
GEN24_1041682,4,4,3,3
GEN24_1041684,4,4,3,4
GEN24_1041689,4,4,4,4
GEN24_1041690,4,4,4,4
GEN24_1041691,4,4,2,4
GEN24_1041692,4,4,3,4
GEN24_1041693,4,4,4,4
GEN24_1041703,4,4,4,4
GEN24_1041706,4,4,4,4
GEN24_1041711,4,4,4,4
GEN24_1041712,4,4,4,4
GEN24_1041716,4,4,4,4
GEN24_1041728,4,4,4,4
GEN24_1041738,4,3,4,4
GEN24_1041741,4,4,4,4
GEN24_1041745,4,4,4,4
GEN24_1041755,4,4,4,4
GEN24_1041760,4,4,4,4
GEN24_1041761,4,4,4,4
GEN24_1041766,4,4,4,4
GEN24_1041768,4,4,4,4
GEN24_1041769,4,4,4,4
GEN24_1041770,4,4,4,2
GEN24_1041775,4,4,4,4
GEN24_1041780,4,4,4,4
GEN24_1041785,4,4,3,4
GEN24_1041791,4,4,4,4
GEN24_1041807,4,4,4,4
GEN24_1041812,4,4,4,4
GEN24_1041815,4,4,4,4
GEN24_1041821,4,3,4,4
GEN24_1041822,4,4,4,4
GEN24_1041824,3,3,3,4
GEN24_1041825,3,4,4,4
GEN24_1041830,4,4,4,4
GEN24_1041831,4,4,4,4
GEN24_1041834,4,4,4,4
GEN24_1041836,4,4,4,4
GEN24_1041844,4,4,4,4
GEN24_1041848,3,3,3,3
GEN24_1041851,4,4,4,4
GEN24_1041868,4,4,4,4
GEN24_1041870,4,4,4,4
GEN24_1041871,4,4,4,4
GEN24_1041879,4,4,4,4
GEN24_1041881,4,4,3,4
GEN24_1041886,4,4,4,4
GEN24_1041894,3,3,4,4
GEN24_1041904,4,4,4,4
GEN24_1041906,4,4,4,4
GEN24_1041907,4,4,4,4
GEN24_1041908,4,4,4,3
GEN24_1041909,4,2,2,4
GEN24_1041910,4,4,4,3
GEN24_1041911,4,4,4,4
GEN24_1041913,4,4,4,4
GEN24_1041916,4,4,3,4
GEN24_1041918,4,4,4,4
GEN24_1041925,4,4,4,4
GEN24_1041928,4,4,4,4
GEN24_1041941,4,4,4,4
GEN24_1041942,4,4,4,4
GEN24_1041948,4,4,4,4
GEN24_1041952,4,4,4,4
GEN24_1041953,4,4,4,4
GEN24_1041959,4,4,3,4
GEN24_1041962,4,3,3,3
GEN24_1041964,4,4,4,4
GEN24_1041965,4,4,4,4
GEN24_1041970,4,4,4,4
GEN24_1041971,4,4,4,4
GEN24_1041987,4,4,4,4
GEN24_1041989,4,4,4,4
GEN24_1041990,4,4,4,4
GEN24_1042004,4,4,4,3
GEN24_1042009,4,4,4,4
GEN24_1042011,4,4,4,4
GEN24_1042016,4,4,4,4
GEN24_1042024,4,4,4,4
GEN24_1042025,4,4,4,4
GEN24_1042026,2,4,3,4
GEN24_1042029,4,4,4,4
GEN24_1042044,4,4,1,4
GEN24_1042050,4,4,4,4
GEN24_1042055,4,4,4,4
GEN24_1042061,4,4,4,4
GEN24_1042071,4,4,4,4
GEN24_1042082,4,4,4,4
GEN24_1042092,4,4,4,3
GEN24_1042094,4,4,4,3
GEN24_1042095,4,4,3,3
GEN24_1042099,4,3,4,3
GEN24_1042103,4,4,4,4
GEN24_1042107,4,4,4,4
GEN24_1042109,3,4,4,3
GEN24_1042111,4,4,4,4
GEN24_1042116,4,4,4,4
GEN24_1042120,4,4,4,4
GEN24_1042122,4,4,4,4
GEN24_1042124,4,4,4,4
GEN24_1042129,4,4,4,3
GEN24_1042130,4,4,4,4
GEN24_1042135,4,4,4,4
GEN24_1042138,4,4,4,4
GEN24_1042142,4,4,4,4
GEN24_1042148,4,4,4,4
GEN24_1042153,4,4,4,4
GEN24_1042157,4,4,4,4
GEN24_1042158,4,4,4,4
GEN24_1042170,4,4,4,4
GEN24_1042191,4,4,3,4
GEN24_1042193,4,4,4,4
GEN24_1042196,4,4,4,4
GEN24_1042198,4,2,3,4
GEN24_1042200,4,4,4,4
GEN24_1042201,4,4,3,4
GEN24_1042202,4,4,4,3
GEN24_1042207,4,4,4,4
GEN24_1042210,4,4,4,4
GEN24_1042214,4,4,4,4
GEN24_1042234,4,4,4,4
GEN24_1042246,4,4,4,4
GEN24_1042247,4,4,4,4
GEN24_1042271,4,1,4,3
GEN24_1042274,4,4,4,4
GEN24_1042276,4,4,4,4
GEN24_1042277,4,4,4,4
GEN24_1042285,1,1,1,1
GEN24_1042286,4,4,4,4
GEN24_1042299,4,4,4,3
GEN24_1042301,4,4,4,4
GEN24_1042309,4,3,4,3
GEN24_1042312,4,4,3,3
GEN24_1042316,4,4,4,4
GEN24_1042319,4,4,4,4
GEN24_1042320,4,4,4,4
GEN24_1042330,4,4,4,4
GEN24_1042341,4,4,4,4
GEN24_1042345,4,3,4,3
GEN24_1042350,4,4,4,4
GEN24_1042361,4,4,4,3
GEN24_1042362,4,4,4,4
GEN24_1042368,4,4,4,4
GEN24_1042383,4,4,4,4
GEN24_1042390,4,4,4,4
GEN24_1042391,4,4,4,4
GEN24_1042404,4,4,4,4
GEN24_1042406,4,4,4,4
GEN24_1042410,4,4,4,4
GEN24_1042414,4,4,3,4
GEN24_1042415,4,4,4,4
GEN24_1042420,4,4,4,4
GEN24_1042426,4,4,4,3
GEN24_1042432,4,3,3,4
GEN24_1042439,4,3,4,4
GEN24_1042441,4,4,4,4
GEN24_1042448,4,4,4,4
GEN24_1042449,4,4,4,4
GEN24_1042462,4,4,4,4
GEN24_1042465,4,4,4,4
GEN24_1042481,4,4,4,4
GEN24_1042483,4,4,4,4
GEN24_1042492,4,4,4,4
GEN24_1042493,4,4,4,4
GEN24_1042500,4,4,4,4
GEN24_1042502,4,4,4,4
GEN24_1042505,4,4,4,4
GEN24_1042514,4,4,4,4
GEN24_1042531,4,4,4,4
GEN24_1042533,4,4,4,4
GEN24_1042537,4,3,4,4
GEN24_1042541,3,4,4,4
GEN24_1042542,4,4,4,4
GEN24_1042556,4,4,4,4
GEN24_1042557,4,4,4,3
GEN24_1042561,4,4,4,4
GEN24_1042562,4,4,4,4
GEN24_1042570,4,4,4,3
GEN24_1042574,4,4,4,4
GEN24_1042578,4,4,4,4
GEN24_1042610,4,4,4,4
GEN24_1042617,4,4,4,4
GEN24_1042618,4,4,4,4
GEN24_1042624,4,4,4,4
GEN24_1042628,4,4,4,4
GEN24_1042630,4,4,4,4
GEN24_1042638,4,4,4,4
GEN24_1042642,4,4,4,4
GEN24_1042645,4,4,4,4
GEN24_1042648,4,4,4,4
GEN24_1042649,4,4,4,4
GEN24_1042655,4,4,4,4
GEN24_1042659,4,4,3,4
GEN24_1042665,4,4,4,4
GEN24_1042672,4,4,4,4
GEN24_1042674,4,3,3,4
GEN24_1042681,2,4,4,3
GEN24_1042686,4,4,4,4
GEN24_1042688,4,4,4,4
GEN24_1042708,3,4,4,4
GEN24_1042717,4,4,4,4
GEN24_1042721,4,4,4,4
GEN24_1042723,4,4,4,4
GEN24_1042732,4,4,4,2
GEN24_1042735,4,4,4,4
GEN24_1042767,4,4,4,4
GEN24_1042775,4,3,4,4
GEN24_1042785,4,4,4,4
GEN24_1042790,4,4,4,4
GEN24_1042791,4,4,4,4
GEN24_1042792,4,4,4,4
GEN24_1042800,4,4,4,4
GEN24_1042812,4,4,4,4
GEN24_1042820,4,4,4,4
GEN24_1042824,4,4,4,4
GEN24_1042825,4,4,4,4
GEN24_1042828,4,4,4,4
GEN24_1042838,4,4,4,4
GEN24_1042842,4,4,4,4
GEN24_1042844,4,4,4,4
GEN24_1042850,4,4,4,4
GEN24_1042852,4,4,4,4
GEN24_1042854,4,4,4,4
GEN24_1042855,4,4,4,4
GEN24_1042859,4,4,4,4
GEN24_1042867,3,4,4,4
GEN24_1042878,4,4,4,4
GEN24_1042879,4,4,4,4
GEN24_1042884,4,4,4,3
GEN24_1042893,4,4,4,4
GEN24_1042897,4,4,4,4
GEN24_1042908,4,4,4,4
GEN24_1042909,4,4,4,4
GEN24_1042911,4,4,3,4
GEN24_1042921,4,4,4,4
GEN24_1042924,3,3,4,4
GEN24_1042928,3,4,4,4
GEN24_1042932,4,4,4,4
GEN24_1042933,4,4,3,4
GEN24_1042935,4,4,4,4
GEN24_1042936,4,4,4,4
GEN24_1042943,4,4,3,4
GEN24_1042960,4,4,4,4
GEN24_1042961,3,4,4,4
GEN24_1042970,4,4,4,4
GEN24_1042982,4,4,3,4
GEN24_1042985,4,4,4,4
GEN24_1042995,4,4,4,4
GEN24_1042996,4,4,4,4
GEN24_1043012,4,4,4,3
GEN24_1043026,4,4,4,4
GEN24_1043029,4,4,4,4
GEN24_1043039,4,4,4,4
GEN24_1043044,4,4,4,4
GEN24_1043045,4,4,4,4
GEN24_1043047,4,4,4,4
GEN24_1043057,4,4,4,3
GEN24_1043058,4,4,4,4
GEN24_1043064,4,4,4,4
GEN24_1043065,3,4,4,4
GEN24_1043071,4,4,4,4
GEN24_1043073,4,4,4,4
GEN24_1043082,4,4,4,4
GEN24_1043085,4,4,4,4
GEN24_1043090,4,4,4,4
GEN24_1043091,4,4,4,4
GEN24_1043092,4,4,4,4
GEN24_1043103,4,4,4,4
GEN24_1043107,3,4,4,4
GEN24_1043109,4,4,4,4
GEN24_1043112,4,4,4,4
GEN24_1043115,4,4,4,4
GEN24_1043130,4,4,4,4
GEN24_1043131,4,4,4,4
GEN24_1043133,4,4,4,4
GEN24_1043134,3,3,4,4
GEN24_1043136,4,4,4,4
GEN24_1043137,4,4,4,4
GEN24_1043139,4,4,4,4
GEN24_1043146,3,4,4,4
GEN24_1043149,4,4,4,4
GEN24_1043156,4,3,4,4
GEN24_1043168,4,4,4,1
GEN24_1043171,4,4,4,4
GEN24_1043174,4,4,4,3
GEN24_1043176,4,4,4,3
GEN24_1043182,4,4,4,4
GEN24_1043183,4,4,4,4
GEN24_1043184,4,4,4,4
GEN24_1043189,4,4,4,4
GEN24_1043195,4,4,4,4
GEN24_1043209,4,4,4,4
GEN24_1043212,4,4,4,4
GEN24_1043213,4,4,4,4
GEN24_1043225,4,4,4,4
GEN24_1043233,4,4,4,4
GEN24_1043234,4,4,4,4
GEN24_1043236,4,4,4,4
GEN24_1043237,4,4,4,4
GEN24_1043238,4,4,4,4
GEN24_1043239,4,4,4,3
GEN24_1043240,4,4,4,4
GEN24_1043245,4,3,3,3
GEN24_1043246,4,4,4,4
GEN24_1043274,4,4,4,4
GEN24_1043280,4,4,4,4
GEN24_1043282,4,4,4,4
GEN24_1043286,4,4,4,4
GEN24_1043288,4,4,4,4
GEN24_1043297,4,4,4,4
GEN24_1043304,4,4,4,4
GEN24_1043305,4,4,4,4
GEN24_1043307,4,4,4,4
GEN24_1043308,4,4,4,4
GEN24_1043315,4,4,4,4
GEN24_1043317,4,4,4,4
GEN24_1043330,4,4,4,4
GEN24_1043332,4,4,4,4
GEN24_1043334,3,4,4,4
GEN24_1043347,4,4,4,4
GEN24_1043349,4,4,4,3
GEN24_1043350,4,4,4,2
GEN24_1043361,3,3,4,3
GEN24_1043367,4,4,4,4
GEN24_1043368,4,3,3,3
GEN24_1043372,4,4,4,4
GEN24_1043377,4,4,4,4
GEN24_1043378,4,4,4,4
GEN24_1043383,4,4,4,3
GEN24_1043387,4,4,4,4
GEN24_1043388,4,4,4,4
GEN24_1043398,4,4,4,3
GEN24_1043401,4,4,4,4
GEN24_1043403,4,4,4,4
GEN24_1043405,4,4,4,4
GEN24_1043412,4,4,3,4
GEN24_1043421,4,4,4,3
GEN24_1043424,4,4,4,3
GEN24_1043432,4,4,4,4
GEN24_1043433,4,4,4,4
GEN24_1043442,4,4,4,4
GEN24_1043444,4,4,4,4
GEN24_1043448,4,4,4,4
GEN24_1043452,4,4,4,4
GEN24_1043454,4,4,4,4
GEN24_1043470,4,4,4,4
GEN24_1043472,3,2,3,3
GEN24_1043481,4,4,4,4
GEN24_1043482,4,4,4,4
GEN24_1043484,4,4,4,4
GEN24_1043487,4,4,4,4
GEN24_1043494,4,4,4,4
GEN24_1043504,3,4,4,4
GEN24_1043505,4,4,4,4
GEN24_1043508,4,4,4,4
GEN24_1043513,4,4,4,4
GEN24_1043514,2,3,4,4
GEN24_1043515,4,4,4,4
GEN24_1043527,4,4,3,4
GEN24_1043530,4,4,4,3
GEN24_1043531,4,4,4,4
GEN24_1043535,4,4,4,4
GEN24_1043536,4,4,4,4
GEN24_1043537,4,4,4,4
GEN24_1043538,4,4,4,4
GEN24_1043548,4,3,4,3
GEN24_1043551,4,4,4,4
GEN24_1043559,4,4,4,4
GEN24_1043560,4,4,4,4
GEN24_1043562,4,4,4,3
GEN24_1043563,3,4,4,4
GEN24_1043567,4,4,4,4
GEN24_1043576,4,4,4,4
GEN24_1043578,4,4,4,4
GEN24_1043580,4,4,4,4
GEN24_1043592,3,4,4,3
GEN24_1043595,4,4,4,4
GEN24_1043597,4,4,4,4
GEN24_1043608,4,4,4,4
GEN24_1043632,4,4,4,4
GEN24_1043652,4,4,3,4
GEN24_1043658,4,3,3,3
GEN24_1043672,3,4,4,4
GEN24_1043677,4,2,4,4
GEN24_1043686,3,3,3,3
GEN24_1043692,4,3,3,4
GEN24_1043697,4,4,3,4
GEN24_1043706,4,4,4,4
GEN24_1043707,4,4,4,4
GEN24_1043708,4,4,4,4
GEN24_1043712,4,4,4,4
GEN24_1043731,4,4,3,2
GEN24_1043738,4,4,4,4
GEN24_1043747,4,4,4,4
GEN24_1043752,4,4,4,4
GEN24_1043757,4,4,4,4
GEN24_1043759,4,4,4,4
GEN24_1043763,4,4,4,4
GEN24_1043767,4,4,4,4
GEN24_1043769,4,4,4,4
GEN24_1043770,4,3,4,3
GEN24_1043771,3,4,4,4
GEN24_1043772,4,3,4,4
GEN24_1043773,4,4,4,4
GEN24_1043777,4,4,4,4
GEN24_1043782,3,4,4,4
GEN24_1043788,4,4,4,4
GEN24_1043793,4,4,3,4
GEN24_1043794,4,4,4,4
GEN24_1043797,4,4,4,4
GEN24_1043803,4,4,4,4
GEN24_1043807,4,4,4,4
GEN24_1043812,4,4,4,4
GEN24_1043821,4,4,4,4
GEN24_1043827,4,4,4,4
GEN24_1043831,4,4,4,3
GEN24_1043838,4,4,4,4
GEN24_1043841,4,4,4,4
GEN24_1043886,4,4,4,4
GEN24_1043887,4,4,4,4
GEN24_1043900,4,3,4,4
GEN24_1043924,4,4,4,4
GEN24_1043938,4,4,4,4
GEN24_1043941,4,4,4,4
GEN24_1043942,4,4,4,4
GEN24_1043952,4,3,4,4
GEN24_1043971,4,4,4,4
GEN24_1043982,2,4,4,4
GEN24_1043985,4,4,4,4
GEN24_1043991,4,4,4,4
GEN24_1043995,4,4,4,4
GEN24_1043997,4,4,4,4
GEN24_1043998,4,4,4,4
GEN24_1044002,4,4,4,4
GEN24_1044004,4,4,4,4
GEN24_1044005,4,4,4,4
GEN24_1044006,4,4,4,4
GEN24_1044007,4,3,4,4
GEN24_1044016,4,4,4,4
GEN24_1044017,4,4,4,4
GEN24_1044018,4,4,4,4
GEN24_1044019,4,4,4,4
GEN24_1044020,3,3,3,3
GEN24_1044021,4,4,4,4
GEN24_1044022,4,4,4,4
GEN24_1044024,4,4,4,4
GEN24_1044027,4,4,4,4
GEN24_1044029,4,4,4,4
GEN24_1044032,4,4,4,4
GEN24_1044033,3,4,4,4
GEN24_1044035,4,4,4,4
GEN24_1044036,4,4,4,4
GEN24_1044040,4,4,4,4
GEN24_1044043,4,4,4,4
GEN24_1044046,4,4,4,4
GEN24_1044047,4,3,4,4
GEN24_1044048,4,4,4,4
GEN24_1044050,2,4,4,4
GEN24_1044051,4,4,4,4
GEN24_1044062,4,4,4,4
GEN24_1044067,4,4,4,4
GEN24_1044073,3,4,4,3
GEN24_1044076,4,4,4,4
GEN24_1044079,4,4,4,4
GEN24_1044080,3,4,4,4
GEN24_1044098,4,4,4,4
GEN24_1044099,4,4,4,4
GEN24_1044100,4,4,4,4
GEN24_1044107,4,4,4,4
GEN24_1044111,4,4,4,4
GEN24_1044117,4,4,4,4
GEN24_1044120,4,4,4,4
GEN24_1044128,4,4,4,3
GEN24_1044131,4,4,4,4
GEN24_1044132,4,4,4,4
GEN24_1044137,4,4,4,4
GEN24_1044143,4,4,4,4
GEN24_1044149,4,4,3,4
GEN24_1044152,4,4,4,4
GEN24_1044167,4,4,4,4
GEN24_1044168,4,4,4,4
GEN24_1044171,4,4,4,4
GEN24_1044174,4,4,4,4
GEN24_1044179,4,4,3,4
GEN24_1044186,4,4,4,4
GEN24_1044190,4,4,4,4
GEN24_1044191,4,4,4,4
GEN24_1044194,4,3,3,4
GEN24_1044198,4,4,4,4
GEN24_1044203,4,4,4,4
GEN24_1044205,4,4,4,4
GEN24_1044216,4,4,4,3
GEN24_1044226,4,4,4,2
GEN24_1044232,4,4,3,4
GEN24_1044235,4,4,4,4
GEN24_1044242,4,4,3,4
GEN24_1044248,4,4,4,4
GEN24_1044252,4,4,4,4
GEN24_1044254,4,4,4,4
GEN24_1044264,3,4,4,3
GEN24_1044266,4,4,4,4
GEN24_1044270,4,4,4,4
GEN24_1044278,4,4,4,4
GEN24_1044280,4,4,4,4
GEN24_1044281,4,4,4,4
GEN24_1044287,4,4,4,4
GEN24_1044293,4,4,4,4
GEN24_1044302,4,4,4,3
GEN24_1044303,4,4,4,4
GEN24_1044316,4,4,4,4
GEN24_1044322,4,3,4,4
GEN24_1044325,4,4,4,4
GEN24_1044327,2,4,4,3
GEN24_1044329,4,4,4,4
GEN24_1044332,4,3,4,4
GEN24_1044341,4,4,4,4
GEN24_1044368,4,4,4,4
GEN24_1044370,4,4,4,4
GEN24_1044373,4,4,4,4
GEN24_1044386,4,4,4,4
GEN24_1044388,4,4,4,4
GEN24_1044397,4,4,4,4
GEN24_1044398,4,4,4,4
GEN24_1044411,4,4,4,4
GEN24_1044415,4,4,3,4
GEN24_1044422,4,4,4,4
GEN24_1044428,4,4,4,4
GEN24_1044446,4,4,4,4
GEN24_1044450,4,4,4,3
GEN24_1044454,4,4,4,4
GEN24_1044459,4,4,4,4
GEN24_1044460,4,4,4,4
GEN24_1044462,4,4,4,4
GEN24_1044477,4,4,4,4
GEN24_1044479,4,4,4,3
GEN24_1044481,4,4,4,4
GEN24_1044483,4,3,3,4
GEN24_1044484,4,4,4,4
GEN24_1044490,4,4,4,4
GEN24_1044491,4,4,4,4
GEN24_1044498,4,4,4,4
GEN24_1044506,3,4,4,4
GEN24_1044515,4,4,4,4
GEN24_1044518,4,4,4,4
GEN24_1044529,4,4,4,4
GEN24_1044533,4,4,4,4
GEN24_1044538,4,4,4,4
GEN24_1044548,4,4,4,4
GEN24_1044551,4,4,4,4
GEN24_1044555,4,4,4,4
GEN24_1044559,4,4,4,4
GEN24_1044561,4,4,4,4
GEN24_1044566,4,4,4,4
GEN24_1044569,4,3,4,4
GEN24_1044571,4,4,4,4
GEN24_1044576,4,4,4,4
GEN24_1044577,4,4,4,4
GEN24_1044581,4,3,4,4
GEN24_1044585,4,4,4,4
GEN24_1044589,4,4,4,4
GEN24_1044590,4,4,4,4
GEN24_1044592,4,4,4,4
GEN24_1044598,4,4,4,4
GEN24_1044616,4,4,4,4
GEN24_1044635,4,4,4,4
GEN24_1044645,4,4,4,4
GEN24_1044651,4,4,4,4
GEN24_1044652,4,4,4,4
GEN24_1044653,4,4,4,4
GEN24_1044656,3,4,4,2
GEN24_1044666,4,4,2,4
GEN24_1044674,4,4,4,4
GEN24_1044675,4,4,4,4
GEN24_1044676,4,3,4,4
GEN24_1044693,4,4,4,4
GEN24_1044708,4,4,4,3
GEN24_1044709,4,4,4,3
GEN24_1044723,4,3,4,4
GEN24_1044734,4,4,4,4
GEN24_1044748,4,4,4,4
GEN24_1044751,4,4,4,4
GEN24_1044758,4,4,4,3
GEN24_1044762,4,4,4,4
GEN24_1044766,4,4,4,4
GEN24_1044770,4,4,4,4
GEN24_1044775,4,4,4,4
GEN24_1044777,4,4,4,3
GEN24_1044784,4,4,4,3
GEN24_1044786,4,4,4,4
GEN24_1044797,4,4,4,4
GEN24_1044799,4,4,4,4
GEN24_1044808,4,4,4,4
GEN24_1044811,4,4,4,4
GEN24_1044843,4,4,4,4
GEN24_1044850,4,4,4,4
GEN24_1044851,4,4,4,4
GEN24_1044856,4,4,4,3
GEN24_1044859,4,4,4,4
GEN24_1044869,4,4,4,4
GEN24_1044899,4,3,4,4
GEN24_1044903,4,4,4,4
GEN24_1044910,4,3,4,3
GEN24_1044913,4,4,4,4
GEN24_1044915,4,4,4,4
GEN24_1044925,4,4,4,4
GEN24_1044930,4,4,4,4
GEN24_1044934,4,4,4,4
GEN24_1044943,4,4,4,4
GEN24_1044969,4,3,4,4
GEN24_1044970,4,4,4,4
GEN24_1044972,4,4,3,3
GEN24_1044978,4,4,4,4
GEN24_1044987,4,4,4,4
GEN24_1045001,4,2,4,4
GEN24_1045007,4,4,4,4
GEN24_1045015,4,4,4,4
GEN24_1045016,3,4,3,4
GEN24_1045026,4,4,4,4
GEN24_1045027,3,4,4,4
GEN24_1045029,4,4,4,4
GEN24_1045037,4,4,4,4
GEN24_1045042,4,4,4,4
GEN24_1045044,4,4,4,4
GEN24_1045045,4,4,4,4
GEN24_1045049,4,4,4,4
GEN24_1045058,4,4,4,4
GEN24_1045068,4,4,4,4
GEN24_1045073,4,4,4,4
GEN24_1045074,4,4,4,4
GEN24_1045080,4,3,4,4
GEN24_1045083,3,4,4,4
GEN24_1045087,4,4,4,4
GEN24_1045089,4,4,4,4
GEN24_1045090,4,4,4,4
GEN24_1045092,4,3,4,3
GEN24_1045099,4,4,4,4
GEN24_1045100,4,4,4,4
GEN24_1045116,4,4,4,4
GEN24_1045118,4,4,4,3
GEN24_1045122,4,4,4,4
GEN24_1045125,4,4,4,4
GEN24_1045135,4,4,4,4
GEN24_1045145,4,4,4,4
GEN24_1045147,4,4,4,4
GEN24_1045154,4,4,4,4
GEN24_1045156,4,4,4,4
GEN24_1045160,4,4,4,4
GEN24_1045162,4,4,4,4
GEN24_1045163,3,4,3,4
GEN24_1045164,4,4,4,4
GEN24_1045172,4,4,4,4
GEN24_1045173,4,4,4,3
GEN24_1045176,4,4,4,4
GEN24_1045182,4,4,4,3
GEN24_1045189,4,4,4,4
GEN24_1045193,4,3,4,4
GEN24_1045201,4,4,4,4
GEN24_1045203,4,4,4,4
GEN24_1045213,4,4,4,4
GEN24_1045231,4,4,4,4
GEN24_1045233,4,4,4,3
GEN24_1045252,4,4,4,4
GEN24_1045262,4,4,4,4
GEN24_1045268,4,4,4,4
GEN24_1045279,2,4,4,3
GEN24_1045280,4,3,3,3
GEN24_1045281,4,4,4,4
GEN24_1045285,4,4,4,4
GEN24_1045294,4,4,4,4
GEN24_1045295,4,4,4,4
GEN24_1045324,4,4,4,4
GEN24_1045328,4,4,4,4
GEN24_1045331,4,4,4,4
GEN24_1045340,4,4,4,4
GEN24_1045347,4,3,2,3
GEN24_1045355,4,4,4,4
GEN24_1045363,4,4,4,4
GEN24_1045365,4,4,4,4
GEN24_1045366,4,4,4,4
GEN24_1045374,4,4,4,4
GEN24_1045375,4,4,4,4
GEN24_1045379,4,4,4,4
GEN24_1045381,4,4,4,4
GEN24_1045389,4,4,4,4
GEN24_1045426,4,4,4,4
GEN24_1045427,4,4,4,4
GEN24_1045432,4,4,4,4
GEN24_1045459,3,4,4,4
GEN24_1045467,4,4,4,4
GEN24_1045475,4,4,3,4
GEN24_1045476,4,4,4,4
GEN24_1045480,4,4,4,4
GEN24_1045481,4,4,4,4
GEN24_1045487,4,4,4,4
GEN24_1045491,4,4,4,4
GEN24_1045496,4,4,4,4
GEN24_1045512,4,4,4,4
GEN24_1045518,4,4,4,4
GEN24_1045522,4,4,4,4
GEN24_1045536,4,4,4,4
GEN24_1045537,4,4,4,4
GEN24_1045540,4,4,4,4
GEN24_1045541,4,4,4,4
GEN24_1045544,4,4,4,4
GEN24_1045548,4,4,4,4
GEN24_1045554,4,4,4,4
GEN24_1045556,4,3,4,4
GEN24_1045564,4,4,4,4
GEN24_1045589,4,4,4,4
GEN24_1045593,4,4,4,4
GEN24_1045599,4,4,4,4
GEN24_1045602,4,4,4,4
GEN24_1045626,4,4,4,4
GEN24_1045629,4,3,3,4
GEN24_1045640,4,4,4,4
GEN24_1045641,4,4,4,4
GEN24_1045649,4,4,4,4
GEN24_1045668,4,4,4,4
GEN24_1045683,4,4,4,4
GEN24_1045694,4,4,3,4
GEN24_1045695,4,4,4,4
GEN24_1045696,4,4,4,4
GEN24_1045700,4,4,4,4
GEN24_1045710,4,4,4,4
GEN24_1045712,4,4,4,3
GEN24_1045716,4,4,4,4
GEN24_1045718,3,2,4,1
GEN24_1045722,4,4,4,4
GEN24_1045723,4,4,4,4
GEN24_1045726,3,4,3,3
GEN24_1045729,3,3,4,3
GEN24_1045735,4,4,4,4
GEN24_1045740,4,4,4,4
GEN24_1045757,4,4,4,4
GEN24_1045766,4,4,4,4
GEN24_1045771,4,4,4,4
GEN24_1045780,4,4,4,4
GEN24_1045782,4,4,4,4
GEN24_1045783,4,4,4,4
GEN24_1045791,3,4,4,3
GEN24_1045792,4,4,4,4
GEN24_1045793,4,4,4,4
GEN24_1045795,4,4,4,4
GEN24_1045796,4,4,4,4
GEN24_1045798,4,4,4,4
GEN24_1045802,4,4,4,4
GEN24_1045814,4,4,4,4
GEN24_1045827,3,4,4,3
GEN24_1045828,4,4,4,3
GEN24_1045863,4,4,4,4
GEN24_1045868,4,4,4,4
GEN24_1045870,4,4,4,4
GEN24_1045873,3,4,3,4
GEN24_1045877,4,4,4,4
GEN24_1045880,4,4,4,3
GEN24_1045881,4,4,4,4
GEN24_1045883,4,3,3,4
GEN24_1045886,4,4,4,2
GEN24_1045887,3,4,4,4
GEN24_1045892,4,4,4,4
GEN24_1045895,4,4,4,4
GEN24_1045896,4,4,4,4
GEN24_1045900,4,4,4,4
GEN24_1045906,4,4,4,4
GEN24_1045907,4,4,4,4
GEN24_1045909,4,4,4,4
GEN24_1045914,4,4,4,4
GEN24_1045916,4,4,4,4
GEN24_1045918,4,4,4,4
GEN24_1045925,4,4,4,4
GEN24_1045937,4,4,4,4
GEN24_1045943,4,4,4,4
GEN24_1045945,4,4,4,4
GEN24_1045946,3,3,4,4
GEN24_1045951,4,4,4,4
GEN24_1045961,4,4,4,4
GEN24_1045962,4,4,4,4
GEN24_1045965,4,4,4,4
GEN24_1045970,4,4,3,4
GEN24_1045972,4,4,4,4
GEN24_1045973,4,4,4,4
GEN24_1045974,4,4,3,4
GEN24_1045981,2,4,4,1
GEN24_1045992,4,4,4,4
GEN24_1045997,4,4,4,3
GEN24_1046000,4,4,4,4
GEN24_1046002,4,4,4,4
GEN24_1046010,4,4,4,4
GEN24_1046011,4,4,4,4
GEN24_1046015,4,4,4,4
GEN24_1046017,4,4,4,4
GEN24_1046018,4,4,4,4
GEN24_1046022,4,4,4,4
GEN24_1046026,4,4,4,4
GEN24_1046028,4,4,4,3
GEN24_1046030,4,4,4,4
GEN24_1046040,4,4,4,4
GEN24_1046057,4,4,4,4
GEN24_1046073,4,4,4,4
GEN24_1046090,4,4,4,4
GEN24_1046094,4,4,4,4
GEN24_1046102,4,4,4,3
GEN24_1046110,4,4,4,3
GEN24_1046111,4,4,4,4
GEN24_1046114,4,4,4,4
GEN24_1046122,4,4,4,4
GEN24_1046123,3,3,4,3
GEN24_1046124,4,4,4,4
GEN24_1046130,4,4,4,4
GEN24_1046144,4,4,4,3
GEN24_1046150,4,3,4,4
GEN24_1046152,4,4,4,4
GEN24_1046160,4,4,4,4
GEN24_1046161,4,4,4,4
GEN24_1046165,4,4,4,4
GEN24_1046166,3,4,3,3
GEN24_1046169,3,4,4,4
GEN24_1046171,4,4,4,4
GEN24_1046172,4,4,4,4
GEN24_1046173,4,4,4,4
GEN24_1046178,4,4,4,4
GEN24_1046183,4,4,4,4
GEN24_1046184,4,4,4,3
GEN24_1046197,4,4,4,4
GEN24_1046208,4,3,4,4
GEN24_1046209,4,4,4,4
GEN24_1046217,4,4,4,4
GEN24_1046219,4,4,4,4
GEN24_1046221,4,4,4,4
GEN24_1046228,4,4,4,4
GEN24_1046233,4,4,4,4
GEN24_1046239,3,4,4,4
GEN24_1046241,4,4,4,4
GEN24_1046242,4,4,4,4
GEN24_1046243,3,4,4,3
GEN24_1046247,4,4,4,3
GEN24_1046255,4,4,4,4
GEN24_1046258,4,4,4,3
GEN24_1046259,4,4,4,4
GEN24_1046260,4,3,4,2
GEN24_1046261,4,4,4,4
GEN24_1046265,4,4,4,4
GEN24_1046274,4,4,4,4
GEN24_1046275,4,4,4,4
GEN24_1046285,4,4,4,4
GEN24_1046287,4,4,4,4
GEN24_1046290,4,4,4,4
GEN24_1046295,4,4,4,4
GEN24_1046304,4,4,4,4
GEN24_1046305,4,4,4,4
GEN24_1046307,4,4,4,4
GEN24_1046312,4,4,4,4
GEN24_1046316,4,4,4,4
GEN24_1046328,4,4,4,4
GEN24_1046332,4,4,4,4
GEN24_1046345,4,4,4,4
GEN24_1046353,4,4,4,3
GEN24_1046356,4,4,4,3
GEN24_1046360,4,4,4,4
GEN24_1046363,4,4,4,4
GEN24_1046367,4,4,4,4
GEN24_1046381,4,3,3,2
GEN24_1046382,4,3,4,4
GEN24_1046385,4,4,4,4
GEN24_1046389,4,4,4,3
GEN24_1046390,4,4,4,4
GEN24_1046391,4,4,4,4
GEN24_1046395,4,4,4,4
GEN24_1046400,4,4,4,4
GEN24_1046421,4,4,4,4
GEN24_1046425,4,4,4,4
GEN24_1046432,4,4,4,4
GEN24_1046434,4,3,4,4
GEN24_1046437,4,4,4,4
GEN24_1046442,4,4,4,4
GEN24_1046458,4,4,4,4
GEN24_1046466,4,4,4,4
GEN24_1046472,4,4,4,4
GEN24_1046477,4,4,4,4
GEN24_1046483,4,3,3,3
GEN24_1046484,4,4,4,4
GEN24_1046522,4,4,4,4
GEN24_1046525,4,4,4,4
GEN24_1046527,4,4,4,4
GEN24_1046530,3,4,3,3
GEN24_1046540,4,4,4,4
GEN24_1046543,4,4,4,4
GEN24_1046547,3,4,3,4
GEN24_1046550,4,4,4,4
GEN24_1046562,4,4,4,4
GEN24_1046563,4,4,4,4
GEN24_1046564,4,4,4,4
GEN24_1046565,4,4,4,4
GEN24_1046574,4,4,4,4
GEN24_1046576,4,4,4,3
GEN24_1046578,4,4,4,4
GEN24_1046581,4,4,4,4
GEN24_1046588,4,3,4,4
GEN24_1046589,4,4,4,4
GEN24_1046591,4,4,4,4
GEN24_1046592,4,4,4,4
GEN24_1046593,4,4,3,4
GEN24_1046603,4,3,3,4
GEN24_1046611,4,4,4,3
GEN24_1046614,4,4,4,4
GEN24_1046621,4,4,4,4
GEN24_1046628,4,4,4,4
GEN24_1046630,4,4,4,4
GEN24_1046643,4,4,4,4
GEN24_1046644,4,4,4,4
GEN24_1046666,4,4,3,4
GEN24_1046678,4,4,4,4
GEN24_1046687,4,4,4,4
GEN24_1046691,4,4,4,2
GEN24_1046692,4,4,4,4
GEN24_1046704,4,4,4,3
GEN24_1046708,4,4,4,4
GEN24_1046713,4,2,3,3
GEN24_1046715,4,4,4,3
GEN24_1046725,4,4,3,3
GEN24_1046735,4,4,4,4
GEN24_1046740,4,4,4,4
GEN24_1046743,4,4,4,4
GEN24_1046746,4,4,4,4
GEN24_1046749,4,4,3,4
GEN24_1046752,4,3,4,4
GEN24_1046753,4,4,4,4
GEN24_1046754,4,4,4,4
GEN24_1046757,4,3,3,4
GEN24_1046761,4,4,4,4
GEN24_1046762,4,4,4,4
GEN24_1046767,4,4,4,4
GEN24_1046769,4,4,4,4
GEN24_1046775,4,4,4,4
GEN24_1046779,4,4,4,4
GEN24_1046787,4,4,4,4
GEN24_1046791,4,4,4,4
GEN24_1046793,4,4,4,4
GEN24_1046796,4,4,4,4
GEN24_1046797,4,4,4,4
GEN24_1046798,4,4,4,4
GEN24_1046800,4,4,3,4
GEN24_1046802,4,4,4,4
GEN24_1046804,4,4,4,4
GEN24_1046818,4,4,4,4
GEN24_1046839,4,4,4,4
GEN24_1046841,4,4,4,4
GEN24_1046842,4,4,4,3
GEN24_1046843,4,4,4,4
GEN24_1046844,4,4,4,3
GEN24_1046850,4,4,3,4
GEN24_1046872,4,4,4,4
GEN24_1046874,4,4,4,4
GEN24_1046889,4,4,4,4
GEN24_1046900,4,4,4,4
GEN24_1046902,4,4,4,4
GEN24_1046909,4,4,4,4
GEN24_1046913,4,4,4,4
GEN24_1046923,4,4,4,4
GEN24_1046926,4,4,3,4
GEN24_1046928,4,4,4,4
GEN24_1046930,4,4,3,4
GEN24_1046938,4,4,4,4
GEN24_1046942,4,3,4,2
GEN24_1046954,4,4,4,4
GEN24_1046957,4,4,4,4
GEN24_1046960,4,4,4,4
GEN24_1046961,4,4,4,4
GEN24_1046965,4,4,4,4
GEN24_1046972,4,4,4,4
GEN24_1046974,4,4,4,4
GEN24_1046976,4,4,4,4
GEN24_1046978,4,3,4,4
GEN24_1046980,4,4,4,4
GEN24_1046981,4,4,4,4
GEN24_1046985,4,4,4,4
GEN24_1046986,2,4,4,4
GEN24_1046988,4,4,4,4
GEN24_1046992,4,4,4,4
GEN24_1046994,4,4,4,4
GEN24_1046999,4,4,4,4
GEN24_1047000,4,4,4,4
GEN24_1047009,4,3,4,4
GEN24_1047014,4,4,4,4
GEN24_1047019,4,4,4,3
GEN24_1047023,4,4,4,4
GEN24_1047026,4,4,4,4
GEN24_1047037,4,4,4,4
GEN24_1047039,4,3,4,4
GEN24_1047042,4,4,4,4
GEN24_1047047,4,4,4,4
GEN24_1047048,4,4,4,4
GEN24_1047049,3,4,4,4
GEN24_1047050,4,4,3,4
GEN24_1047060,4,4,4,4
GEN24_1047061,4,4,4,4
GEN24_1047063,4,4,4,4
GEN24_1047065,4,4,4,4
GEN24_1047071,4,4,4,3
GEN24_1047072,4,3,4,3
GEN24_1047074,4,4,4,4
GEN24_1047076,4,4,4,4
GEN24_1047078,4,4,4,4
GEN24_1047080,4,4,4,4
GEN24_1047083,4,4,4,4
GEN24_1047092,4,4,4,4
GEN24_1047094,4,4,4,4
GEN24_1047101,4,4,4,3
GEN24_1047108,4,4,4,4
GEN24_1047118,4,4,4,4
GEN24_1047131,4,4,4,4
GEN24_1047134,4,4,4,4
GEN24_1047136,4,3,3,3
GEN24_1047141,4,4,4,4
GEN24_1047143,4,4,4,4
GEN24_1047144,4,4,4,4
GEN24_1047147,4,4,4,4
GEN24_1047152,4,4,4,4
GEN24_1047156,4,4,4,4
GEN24_1047158,4,4,4,3
GEN24_1047163,4,4,4,4
GEN24_1047164,4,3,4,4
GEN24_1047169,4,4,4,4
GEN24_1047170,4,4,4,4
GEN24_1047173,4,3,4,3
GEN24_1047176,4,4,4,4
GEN24_1047181,4,4,4,4
GEN24_1047186,4,4,4,4
GEN24_1047187,4,4,4,3
GEN24_1047188,4,3,3,4
GEN24_1047189,4,4,4,4
GEN24_1047191,4,4,4,4
GEN24_1047193,4,4,3,4
GEN24_1047195,4,4,4,4
GEN24_1047197,4,4,4,4
GEN24_1047208,4,4,4,4
GEN24_1047209,4,4,4,4
GEN24_1047211,4,4,4,4
GEN24_1047213,4,4,4,4
GEN24_1047218,4,4,4,4
GEN24_1047220,4,4,4,4
GEN24_1047221,4,4,4,4
GEN24_1047222,4,4,4,3
GEN24_1047225,4,4,4,4
GEN24_1047228,4,4,4,3
GEN24_1047232,4,4,4,4
GEN24_1047233,4,4,3,3
GEN24_1047238,4,4,4,4
GEN24_1047250,4,4,4,4
GEN24_1047253,4,4,4,4
GEN24_1047261,4,4,4,4
GEN24_1047262,4,4,4,4
GEN24_1047266,4,4,4,4
GEN24_1047271,4,4,4,3
GEN24_1047282,4,3,4,3
GEN24_1047284,4,4,4,4
GEN24_1047285,4,4,4,4
GEN24_1047295,4,4,4,4
GEN24_1047296,4,4,4,4
GEN24_1047298,4,4,4,4
GEN24_1047300,4,4,4,4
GEN24_1047305,4,4,4,4
GEN24_1047308,4,4,4,4
GEN24_1047325,4,4,4,4
GEN24_1047359,3,4,4,4
GEN24_1047361,4,4,4,4
GEN24_1047373,4,4,4,4
GEN24_1047375,4,4,4,4
GEN24_1047386,4,4,4,4
GEN24_1047388,4,3,3,2
GEN24_1047392,3,4,4,3
GEN24_1047394,4,4,4,4
GEN24_1047396,4,4,4,4
GEN24_1047404,4,4,4,4
GEN24_1047417,4,4,4,4
GEN24_1047418,4,4,4,4
GEN24_1047427,4,2,4,4
GEN24_1047428,4,4,4,4
GEN24_1047430,3,4,4,4
GEN24_1047432,4,4,4,4
GEN24_1047435,4,4,4,4
GEN24_1047438,4,4,4,4
GEN24_1047440,4,4,4,4
GEN24_1047445,4,4,4,4
GEN24_1047453,4,4,3,4
GEN24_1047454,4,4,4,4
GEN24_1047456,4,4,4,4
GEN24_1047459,4,4,4,4
GEN24_1047460,4,4,3,4
GEN24_1047462,4,4,4,4
GEN24_1047466,4,4,4,4
GEN24_1047467,4,4,4,3
GEN24_1047470,4,4,4,4
GEN24_1047481,4,4,4,4
GEN24_1047483,4,4,4,4
GEN24_1047486,4,4,4,4
GEN24_1047489,4,4,4,4
GEN24_1047490,4,4,4,4
GEN24_1047491,4,4,4,3
GEN24_1047493,4,4,4,3
GEN24_1047497,4,4,4,4
GEN24_1047500,4,4,4,4
GEN24_1047513,4,4,4,4
GEN24_1047517,4,4,4,4
GEN24_1047518,4,4,4,4
GEN24_1047528,4,4,4,4
GEN24_1047530,4,4,4,4
GEN24_1047536,4,4,4,4
GEN24_1047558,4,4,3,3
GEN24_1047567,4,4,4,4
GEN24_1047569,3,3,3,4
GEN24_1047573,4,4,4,4
GEN24_1047575,4,4,4,4
GEN24_1047581,4,4,4,3
GEN24_1047588,4,4,3,4
GEN24_1047602,4,4,4,4
GEN24_1047607,4,4,4,4
GEN24_1047633,4,4,4,4
GEN24_1047638,4,4,4,4
GEN24_1047646,4,4,3,4
GEN24_1047656,4,4,4,4
GEN24_1047658,4,4,4,4
GEN24_1047661,4,4,4,4
GEN24_1047662,4,4,4,4
GEN24_1047665,4,4,4,4
GEN24_1047669,4,4,4,4
GEN24_1047687,4,4,4,3
GEN24_1047708,4,4,4,4
GEN24_1047709,4,4,4,4
GEN24_1047720,4,4,4,4
GEN24_1047721,4,4,4,4
GEN24_1047725,4,3,4,4
GEN24_1047727,4,4,4,4
GEN24_1047729,4,4,4,4
GEN24_1047730,4,4,4,4
GEN24_1047731,4,4,4,4
GEN24_1047732,4,4,4,4
GEN24_1047739,3,4,2,3
GEN24_1047740,4,4,4,4
GEN24_1047748,2,4,4,4
GEN24_1047752,4,3,4,4
GEN24_1047766,4,4,4,4
GEN24_1047767,4,4,4,3
GEN24_1047774,4,4,4,4
GEN24_1047776,4,4,4,4
GEN24_1047784,4,4,4,3
GEN24_1047785,4,4,4,3
GEN24_1047786,4,4,4,4
GEN24_1047789,4,4,3,4
GEN24_1047790,4,4,4,4
GEN24_1047795,4,4,4,2
GEN24_1047799,4,3,4,4
GEN24_1047817,4,4,4,4
GEN24_1047820,4,4,4,4
GEN24_1047830,4,4,4,4
GEN24_1047831,4,4,4,4
GEN24_1047843,4,4,4,4
GEN24_1047844,4,4,3,4
GEN24_1047854,4,4,4,4
GEN24_1047855,4,4,4,4
GEN24_1047867,4,4,4,4
GEN24_1047869,4,3,4,4
GEN24_1047876,4,4,4,4
GEN24_1047877,4,4,4,4
GEN24_1047888,4,4,4,4
GEN24_1047895,4,4,4,4
GEN24_1047899,4,4,4,4
GEN24_1047923,4,4,4,4
GEN24_1047927,4,4,4,4
GEN24_1047929,4,4,4,4
GEN24_1047934,4,4,4,4
GEN24_1047937,4,4,4,4
GEN24_1047946,4,4,4,4
GEN24_1047947,4,4,4,4
GEN24_1047948,4,4,4,4
GEN24_1047955,4,4,4,4
GEN24_1047966,4,4,4,4
GEN24_1047972,4,4,4,4
GEN24_1047973,4,4,4,4
GEN24_1047978,3,4,4,4
GEN24_1047986,4,4,4,4
GEN24_1047994,4,4,3,4
GEN24_1048009,4,4,4,4
GEN24_1048012,4,4,4,4
GEN24_1048013,4,4,4,4
GEN24_1048016,3,4,4,4
GEN24_1048018,4,4,3,4
GEN24_1048020,4,4,4,4
GEN24_1048021,4,4,4,4
GEN24_1048024,4,4,4,4
GEN24_1048025,4,4,4,4
GEN24_1048026,4,4,4,3
GEN24_1048027,4,4,4,4
GEN24_1048034,4,4,3,4
GEN24_1048035,4,4,4,4
GEN24_1048047,4,4,4,3
GEN24_1048051,4,4,4,4
GEN24_1048052,4,4,3,4
GEN24_1048061,4,4,4,4
GEN24_1048064,4,4,4,4
GEN24_1048067,4,4,4,4
GEN24_1048068,4,4,4,4
GEN24_1048071,4,4,4,4
GEN24_1048072,4,4,4,4
GEN24_1048078,4,4,4,4
GEN24_1048079,4,4,4,4
GEN24_1048080,4,4,4,4
GEN24_1048081,4,4,4,4
GEN24_1048083,2,4,4,4
GEN24_1048085,4,4,4,4
GEN24_1048087,4,4,4,4
GEN24_1048089,4,4,4,4
GEN24_1048090,4,4,4,3
GEN24_1048103,4,4,4,4
GEN24_1048104,4,4,4,4
GEN24_1048105,4,4,4,4
GEN24_1048123,4,4,4,4
GEN24_1048128,4,4,4,4
GEN24_1048135,4,3,4,3
GEN24_1048142,4,4,4,4
GEN24_1048143,4,4,4,4
GEN24_1048151,4,4,4,4
GEN24_1048154,3,4,4,4
GEN24_1048162,4,4,4,4
GEN24_1048163,4,4,4,4
GEN24_1048164,4,4,4,4
GEN24_1048167,4,3,4,4
GEN24_1048168,4,4,4,4
GEN24_1048169,4,4,4,4
GEN24_1048215,4,4,4,4
GEN24_1048221,4,4,3,4
GEN24_1048226,4,4,4,4
GEN24_1048227,4,4,4,3
GEN24_1048240,4,4,4,4
GEN24_1048248,4,4,4,4
GEN24_1048265,4,4,4,3
GEN24_1048267,4,4,4,4
GEN24_1048269,4,4,4,4
GEN24_1048275,4,4,3,4
GEN24_1048276,4,4,4,4
GEN24_1048279,4,4,4,4
GEN24_1048282,4,4,4,3
GEN24_1048284,4,4,4,4
GEN24_1048294,4,4,4,4
GEN24_1048295,4,4,4,4
GEN24_1048296,4,4,4,4
GEN24_1048304,4,4,4,4
GEN24_1048305,2,4,4,4
GEN24_1048307,4,4,4,4
GEN24_1048308,4,4,4,4
GEN24_1048311,4,4,4,4
GEN24_1048314,4,4,4,4
GEN24_1048325,4,4,4,4
GEN24_1048326,4,4,4,4
GEN24_1048327,4,4,4,4
GEN24_1048335,3,3,4,3
GEN24_1048340,1,4,4,3
GEN24_1048344,4,4,4,4
GEN24_1048351,4,4,4,4
GEN24_1048356,4,4,4,4
GEN24_1048362,4,4,4,3
GEN24_1048369,4,4,4,4
GEN24_1048370,4,4,4,4
GEN24_1048374,4,4,4,3
GEN24_1048378,4,4,4,4
GEN24_1048379,4,4,4,4
GEN24_1048382,4,4,4,3
GEN24_1048383,4,4,4,4
GEN24_1048385,3,4,4,3
GEN24_1048392,4,4,4,4
GEN24_1048396,4,4,4,4
GEN24_1048397,4,4,4,4
GEN24_1048400,4,4,4,4
GEN24_1048401,4,4,4,4
GEN24_1048404,4,4,4,4
GEN24_1048412,4,4,4,4
GEN24_1048425,4,4,4,3
GEN24_1048426,4,4,4,4
GEN24_1048429,4,4,4,4
GEN24_1048430,4,4,4,4
GEN24_1048433,4,4,4,4
GEN24_1048435,4,3,2,3
GEN24_1048436,2,4,4,4
GEN24_1048442,4,4,4,4
GEN24_1048444,4,4,4,4
GEN24_1048445,4,4,4,4
GEN24_1048452,4,4,3,4
GEN24_1048459,4,4,4,4
GEN24_1048464,4,4,3,2
GEN24_1048465,4,4,4,4
GEN24_1048468,4,4,4,3
GEN24_1048470,4,4,4,4
GEN24_1048473,2,3,4,4
GEN24_1048477,4,4,4,4
GEN24_1048479,4,4,4,4
GEN24_1048485,4,3,4,4
GEN24_1048486,4,4,3,4
GEN24_1048487,4,4,4,4
GEN24_1048488,4,4,4,4
GEN24_1048495,4,4,4,4
GEN24_1048497,4,4,4,4
GEN24_1048498,4,4,4,4
GEN24_1048499,4,4,4,4
GEN24_1048500,4,4,4,4
GEN24_1048502,4,4,4,4
GEN24_1048505,4,4,4,4
GEN24_1048506,4,4,4,4
GEN24_1048507,4,4,4,4
GEN24_1048510,4,4,4,4
GEN24_1048517,4,4,4,4
GEN24_1048523,4,4,4,4
GEN24_1048532,4,4,4,4
GEN24_1048535,4,4,4,4
GEN24_1048539,3,4,4,4
GEN24_1048542,4,4,4,4
GEN24_1048548,4,4,4,4
GEN24_1048549,4,4,4,4
GEN24_1048552,4,4,4,4
GEN24_1048553,4,4,3,4
GEN24_1048554,4,4,4,4
GEN24_1048557,4,4,4,4
GEN24_1048569,4,4,4,4
GEN24_1048573,4,4,4,4
GEN24_1048577,4,4,4,4
GEN24_1048578,3,4,4,4
GEN24_1048587,3,4,4,4
GEN24_1048591,4,4,4,4
GEN24_1048597,4,4,4,4
GEN24_1048599,4,4,4,4
GEN24_1048600,4,4,4,4
GEN24_1048604,4,4,4,4
GEN24_1048605,4,4,4,4
GEN24_1048608,4,4,4,4
GEN24_1048617,4,4,4,4
GEN24_1048624,4,3,4,4
GEN24_1048627,4,4,4,4
GEN24_1048628,4,4,4,4
GEN24_1048634,4,4,4,4
GEN24_1048641,4,4,4,4
GEN24_1048643,4,4,4,4
GEN24_1048649,4,4,4,4
GEN24_1048650,4,4,4,4
GEN24_1048651,4,4,4,4
GEN24_1048658,4,4,4,4
GEN24_1048668,4,4,4,4
GEN24_1048670,4,4,4,4
GEN24_1048674,4,4,4,4
GEN24_1048693,4,4,4,4
GEN24_1048695,4,4,4,4
GEN24_1048703,4,4,4,4
GEN24_1048709,4,4,3,4
GEN24_1048712,4,4,4,4
GEN24_1048713,4,4,4,4
GEN24_1048715,4,4,4,4
GEN24_1048736,3,4,4,4
GEN24_1048739,4,4,4,4
GEN24_1048749,4,4,4,4
GEN24_1048752,4,4,4,4
GEN24_1048754,4,4,4,4
GEN24_1048755,4,4,4,4
GEN24_1048760,4,4,4,4
GEN24_1048762,4,4,4,4
GEN24_1048770,4,4,4,4
GEN24_1048780,4,4,4,4
GEN24_1048784,4,4,4,4
GEN24_1048787,4,4,4,4
GEN24_1048790,4,4,4,4
GEN24_1048802,4,4,4,4
GEN24_1048818,4,4,4,4
GEN24_1048820,4,3,3,4
GEN24_1048827,4,4,4,4
GEN24_1048833,4,4,3,4
GEN24_1048840,4,4,4,4
GEN24_1048847,4,4,4,4
GEN24_1048848,3,4,3,3
GEN24_1048852,4,4,4,4
GEN24_1048853,4,4,4,4
GEN24_1048854,3,3,4,4
GEN24_1048861,4,3,4,4
GEN24_1048868,4,4,4,4
GEN24_1048881,4,4,4,4
GEN24_1048882,4,4,4,4
GEN24_1048883,4,4,4,4
GEN24_1048885,4,4,4,4
GEN24_1048886,4,4,3,4
GEN24_1048888,4,4,4,4
GEN24_1048889,4,4,4,4
GEN24_1048894,4,4,4,4
GEN24_1048895,4,4,4,3
GEN24_1048897,4,4,3,4
GEN24_1048898,3,4,4,4
GEN24_1048899,3,4,4,4
GEN24_1048902,4,4,4,4
GEN24_1048904,4,4,4,3
GEN24_1048906,4,4,4,4
GEN24_1048910,4,4,4,3
GEN24_1048913,4,4,4,4
GEN24_1048916,4,4,4,4
GEN24_1048917,4,3,4,4
GEN24_1048920,4,4,4,4
GEN24_1048923,4,3,3,3
GEN24_1048932,4,4,4,4
GEN24_1048933,3,4,4,4
GEN24_1048940,4,3,4,4
GEN24_1048943,4,4,4,4
GEN24_1048945,4,4,4,4
GEN24_1048949,4,4,3,4
GEN24_1048954,4,4,4,4
GEN24_1048955,4,4,4,3
GEN24_1048965,4,4,4,4
GEN24_1048966,4,4,4,4
GEN24_1048973,4,4,4,3
GEN24_1048977,4,4,4,4
GEN24_1048980,4,4,4,4
GEN24_1048985,4,4,4,4
GEN24_1048990,3,4,4,3
GEN24_1048998,4,4,4,3
GEN24_1049002,4,4,4,4
GEN24_1049004,4,4,4,4
GEN24_1049008,4,4,4,4
GEN24_1049016,4,4,4,3
GEN24_1049020,3,4,4,4
GEN24_1049025,4,4,4,4
GEN24_1049032,4,4,4,4
GEN24_1049034,4,4,4,4
GEN24_1049039,4,4,3,4
GEN24_1049040,4,4,4,4
GEN24_1049041,4,4,4,4
GEN24_1049043,4,4,4,4
GEN24_1049050,4,3,4,4
GEN24_1049057,4,4,4,3
GEN24_1049062,4,4,4,4
GEN24_1049065,4,4,4,3
GEN24_1049071,4,4,4,4
GEN24_1049075,3,4,4,4
GEN24_1049079,4,4,4,4
GEN24_1049080,4,4,4,4
GEN24_1049089,3,4,3,3
GEN24_1049116,4,2,4,4
GEN24_1049121,4,4,3,4
GEN24_1049135,4,4,4,4
GEN24_1049138,4,4,4,4
GEN24_1049146,4,4,4,3
GEN24_1049157,4,4,4,4
GEN24_1049159,4,4,4,4
GEN24_1049161,4,4,4,4
GEN24_1049174,3,3,3,3
GEN24_1049178,4,4,4,4
GEN24_1049182,4,4,4,4
GEN24_1049195,3,4,3,3
GEN24_1049196,4,4,4,4
GEN24_1049204,4,4,4,4
GEN24_1049209,4,4,4,4
GEN24_1049213,4,4,4,4
GEN24_1049214,4,4,4,3
GEN24_1049215,4,4,4,4
GEN24_1049216,4,4,4,4
GEN24_1049217,4,4,4,4
GEN24_1049220,4,4,4,4
GEN24_1049227,4,4,4,3
GEN24_1049228,4,4,4,4
GEN24_1049233,4,4,4,4
GEN24_1049236,4,4,4,4
GEN24_1049242,4,4,4,4
GEN24_1049244,4,4,4,4
GEN24_1049251,4,4,4,4
GEN24_1049260,4,4,4,4
GEN24_1049262,4,4,4,4
GEN24_1049263,4,4,4,4
GEN24_1049264,4,4,4,4
GEN24_1049265,4,4,3,4
GEN24_1049266,4,4,4,4
GEN24_1049281,4,4,4,4
GEN24_1049282,4,4,4,4
GEN24_1049284,4,4,4,4
GEN24_1049305,4,4,4,4
GEN24_1049319,4,4,4,4
GEN24_1049322,4,4,4,4
GEN24_1049328,4,4,4,4
GEN24_1049330,4,4,4,4
GEN24_1049333,4,4,4,4
GEN24_1049334,4,4,4,4
GEN24_1049335,4,4,4,4
GEN24_1049339,4,4,4,4
GEN24_1049347,4,4,4,4
GEN24_1049349,4,4,4,4
GEN24_1049355,4,4,4,4
GEN24_1049356,4,3,4,3
GEN24_1049357,4,4,4,4
GEN24_1049361,4,4,4,4
GEN24_1049362,4,4,4,4
GEN24_1049364,4,4,4,4
GEN24_1049365,4,4,4,4
GEN24_1049371,4,4,4,4
GEN24_1049385,4,4,4,4
GEN24_1049387,4,4,4,3
GEN24_1049405,3,3,3,3
GEN24_1049414,4,4,4,4
GEN24_1049419,4,4,4,4
GEN24_1049423,4,4,3,4
GEN24_1049429,4,4,4,2
GEN24_1049430,4,4,4,4
GEN24_1049441,4,4,4,4
GEN24_1049443,4,4,4,4
GEN24_1049447,4,4,3,4
GEN24_1049448,4,4,4,4
GEN24_1049455,4,4,4,4
GEN24_1049459,4,4,4,4
GEN24_1049461,4,4,4,3
GEN24_1049467,3,4,4,3
GEN24_1049489,4,4,4,4
GEN24_1049496,4,4,4,4
GEN24_1049498,4,4,4,4
GEN24_1049500,4,4,4,4
GEN24_1049501,4,4,4,4
GEN24_1049504,4,4,4,4
GEN24_1049521,4,4,4,4
GEN24_1049524,4,4,4,3
GEN24_1049527,3,4,4,4
GEN24_1049528,4,4,4,4
GEN24_1049538,4,4,3,4
GEN24_1049544,4,4,4,4
GEN24_1049551,4,4,4,4
GEN24_1049554,4,4,4,4
GEN24_1049555,4,4,4,4
GEN24_1049571,4,4,4,4
GEN24_1049588,4,4,4,4
GEN24_1049589,4,4,4,4
GEN24_1049594,4,4,4,4
GEN24_1049595,4,4,4,4
GEN24_1049604,4,4,4,3
GEN24_1049623,4,4,4,4
GEN24_1049631,4,4,4,2
GEN24_1049644,4,4,4,4
GEN24_1049657,4,4,4,4
GEN24_1049659,4,4,4,4
GEN24_1049661,4,4,4,4
GEN24_1049663,4,4,4,4
GEN24_1049665,4,4,4,4
GEN24_1049666,4,4,4,4
GEN24_1049667,3,4,3,3
GEN24_1049668,3,3,3,3
GEN24_1049678,4,4,1,4
GEN24_1049679,4,4,3,4
GEN24_1049681,4,4,4,4
GEN24_1049686,3,4,4,4
GEN24_1049688,4,4,4,4
GEN24_1049690,4,4,4,4
GEN24_1049695,4,2,3,4
GEN24_1049696,4,4,4,1
GEN24_1049703,3,4,4,4
GEN24_1049705,4,4,4,4
GEN24_1049706,4,4,4,4
GEN24_1049718,4,4,4,4
GEN24_1049720,4,4,4,4
GEN24_1049723,4,4,3,4
GEN24_1049726,4,4,4,4
GEN24_1049735,4,4,4,4
GEN24_1049736,4,4,4,4
GEN24_1049746,4,4,4,4
GEN24_1049747,4,4,4,4
GEN24_1049749,4,4,4,4
GEN24_1049782,4,4,4,4
GEN24_1049789,4,4,4,4
GEN24_1049800,4,4,4,4
GEN24_1049808,4,4,4,4
GEN24_1049810,4,4,4,4
GEN24_1049823,4,4,4,4
GEN24_1049827,4,4,4,4
GEN24_1049829,3,3,3,4
GEN24_1049832,4,4,4,4
GEN24_1049834,4,4,4,4
GEN24_1049835,4,4,4,4
GEN24_1049844,3,4,4,4
GEN24_1049845,4,4,4,4
GEN24_1049846,4,4,4,4
GEN24_1049847,4,4,4,4
GEN24_1049858,4,4,4,3
GEN24_1049859,4,3,4,3
GEN24_1049863,4,4,4,4
GEN24_1049872,4,4,4,4
GEN24_1049890,3,3,3,4
GEN24_1049898,4,4,4,4
GEN24_1049900,4,4,4,4
GEN24_1049902,3,4,2,2
GEN24_1049903,4,4,4,4
GEN24_1049911,4,4,4,4
GEN24_1049912,4,4,4,4
GEN24_1049913,4,4,4,4
GEN24_1049918,4,4,4,4
GEN24_1049919,4,4,4,4
GEN24_1049922,3,3,3,4
GEN24_1049923,4,3,4,3
GEN24_1049924,4,4,4,4
GEN24_1049925,4,4,4,4
GEN24_1049928,4,4,4,4
GEN24_1049936,4,4,4,3
GEN24_1049940,4,4,4,4
GEN24_1049957,3,4,4,4
GEN24_1049959,4,4,3,3
GEN24_1049967,4,4,4,4
GEN24_1049972,4,4,4,4
GEN24_1049973,4,4,4,4
GEN24_1049981,4,4,4,4
GEN24_1049985,4,4,4,4
GEN24_1049986,4,4,4,3
GEN24_1049987,4,4,4,4
GEN24_1049988,4,4,4,4
GEN24_1049994,4,4,4,4
GEN24_1049996,4,4,4,4
GEN24_1050006,2,3,3,3
GEN24_1050008,4,4,4,4
GEN24_1050009,3,3,4,4
GEN24_1050010,4,4,4,4
GEN24_1050013,4,2,4,4
GEN24_1050014,4,4,4,4
GEN24_1050017,4,4,3,4
GEN24_1050022,4,4,4,4
GEN24_1050023,4,4,4,4
GEN24_1050025,3,4,4,4
GEN24_1050026,4,4,4,3
GEN24_1050030,4,4,4,4
GEN24_1050033,4,4,4,4
GEN24_1050034,4,4,4,4
GEN24_1050046,4,4,4,4
GEN24_1050051,4,4,4,4
GEN24_1050054,4,4,4,4
GEN24_1050060,4,4,4,4
GEN24_1050070,3,4,4,4
GEN24_1050071,4,4,4,4
GEN24_1050076,4,4,4,4
GEN24_1050082,4,4,4,4
GEN24_1050083,4,4,3,4
GEN24_1050085,4,4,4,4
GEN24_1050086,4,4,4,4
GEN24_1050087,4,4,4,4
GEN24_1050088,4,4,4,4
GEN24_1050089,4,4,4,4
GEN24_1050094,4,4,4,3
GEN24_1050098,4,4,4,4
GEN24_1050105,1,4,4,4
GEN24_1050107,4,4,4,4
GEN24_1050117,4,4,4,4
GEN24_1050118,4,4,4,4
GEN24_1050128,3,4,4,4
GEN24_1050135,4,4,4,4
GEN24_1050139,4,4,4,4
GEN24_1050142,4,4,4,4
GEN24_1050163,4,4,4,4
GEN24_1050164,4,4,4,4
GEN24_1050183,4,4,4,4
GEN24_1050188,4,4,4,4
GEN24_1050192,4,4,3,4
GEN24_1050195,3,4,4,4
GEN24_1050200,4,4,4,3
GEN24_1050201,4,4,4,4
GEN24_1050210,4,4,4,4
GEN24_1050230,4,4,4,4
GEN24_1050245,4,4,4,4
GEN24_1050250,4,4,4,4
GEN24_1050251,4,4,4,4
GEN24_1050252,4,4,4,4
GEN24_1050254,4,4,2,4
GEN24_1050259,4,4,4,3
GEN24_1050262,4,4,4,4
GEN24_1050270,4,4,4,4
GEN24_1050272,3,4,3,3
GEN24_1050278,4,4,4,4
GEN24_1050280,4,4,4,3
GEN24_1050285,3,4,3,3
GEN24_1050291,4,4,4,3
GEN24_1050294,4,4,4,3
GEN24_1050298,4,4,4,4
GEN24_1050301,4,4,4,4
GEN24_1050302,4,4,4,3
GEN24_1050307,4,4,4,4
GEN24_1050310,4,4,4,4
GEN24_1050337,4,4,4,4
GEN24_1050348,3,4,4,3
GEN24_1050351,4,4,4,4
GEN24_1050355,3,4,4,4
GEN24_1050361,4,4,4,4
GEN24_1050383,4,4,4,4
GEN24_1050409,4,4,4,4
GEN24_1050413,4,4,4,4
GEN24_1050415,4,4,4,4
GEN24_1050420,4,4,4,4
GEN24_1050422,4,4,4,4
GEN24_1050425,4,4,4,4
GEN24_1050432,4,3,4,4
GEN24_1050447,4,4,4,4
GEN24_1050450,4,4,4,4
GEN24_1050455,4,4,4,4
GEN24_1050468,4,3,4,4
GEN24_1050469,4,4,4,2
GEN24_1050473,4,4,4,4
GEN24_1050475,4,4,4,4
GEN24_1050477,4,4,4,4
GEN24_1050485,4,4,4,4
GEN24_1050486,4,4,4,4
GEN24_1050492,4,4,4,4
GEN24_1050507,4,4,4,4
GEN24_1050508,3,4,4,4
GEN24_1050509,4,4,4,4
GEN24_1050516,4,4,4,4
GEN24_1050525,4,4,4,4
GEN24_1050526,4,4,4,4
GEN24_1050533,4,4,3,4
GEN24_1050534,4,2,3,4
GEN24_1050548,4,4,4,4
GEN24_1050549,4,4,4,4
GEN24_1050551,4,4,4,4
GEN24_1050552,4,4,4,4
GEN24_1050554,4,4,4,4
GEN24_1050555,4,4,4,4
GEN24_1050557,4,4,4,4
GEN24_1050561,4,4,3,3
GEN24_1050564,4,4,4,4
GEN24_1050566,4,4,4,4
GEN24_1050567,4,4,4,4
GEN24_1050568,4,3,4,4
GEN24_1050571,4,4,4,4
GEN24_1050574,4,4,4,4
GEN24_1050580,4,4,4,4
GEN24_1050584,4,4,4,4
GEN24_1050588,3,4,4,4
GEN24_1050589,4,4,4,4
GEN24_1050594,4,4,4,4
GEN24_1050597,4,4,4,4
GEN24_1050606,4,4,3,3
GEN24_1050613,4,4,4,4
GEN24_1050619,4,4,4,4
GEN24_1050632,4,4,4,4
GEN24_1050635,4,4,4,4
GEN24_1050639,4,4,4,4
GEN24_1050648,4,4,4,4
GEN24_1050650,4,4,4,4
GEN24_1050662,4,4,4,4
GEN24_1050663,4,4,4,4
GEN24_1050667,4,4,4,4
GEN24_1050668,4,4,4,4
GEN24_1050670,4,4,4,4
GEN24_1050677,4,4,4,4
GEN24_1050679,4,4,4,4
GEN24_1050682,4,4,4,4
GEN24_1050685,4,4,4,4
GEN24_1050686,4,4,4,4
GEN24_1050692,4,4,4,4
GEN24_1050694,4,4,4,4
GEN24_1050695,4,4,4,4
GEN24_1050696,4,4,4,4
GEN24_1050698,4,4,4,4
GEN24_1050701,4,4,4,4
GEN24_1050705,4,4,4,4
GEN24_1050706,4,4,4,4
GEN24_1050708,4,4,3,3
GEN24_1050711,4,4,4,3
GEN24_1050716,4,3,3,2
GEN24_1050718,4,4,4,4
GEN24_1050720,4,4,4,4
GEN24_1050723,4,4,4,4
GEN24_1050725,4,3,3,4
GEN24_1050731,4,4,4,4
GEN24_1050732,3,4,4,4
GEN24_1050733,4,4,4,4
GEN24_1050734,4,4,4,4
GEN24_1050735,4,4,4,4
GEN24_1050736,4,4,4,4
GEN24_1050740,4,4,4,4
GEN24_1050742,4,4,4,4
GEN24_1050755,4,4,4,4
GEN24_1050761,4,3,3,4
GEN24_1050762,4,4,4,4
GEN24_1050765,4,4,4,4
GEN24_1050768,4,4,4,4
GEN24_1050777,4,4,4,4
GEN24_1050783,3,4,4,3
GEN24_1050786,4,4,4,3
GEN24_1050802,4,4,4,4
GEN24_1050805,4,4,4,4
GEN24_1050808,4,4,4,4
GEN24_1050813,4,4,4,3
GEN24_1050814,4,4,4,3
GEN24_1050816,4,4,4,4
GEN24_1050817,4,4,4,4
GEN24_1050821,4,4,4,4
GEN24_1050822,4,4,4,4
GEN24_1050827,4,4,4,4
GEN24_1050828,4,4,4,4
GEN24_1050839,4,4,4,4
GEN24_1050849,4,4,4,4
GEN24_1050862,4,4,4,4
GEN24_1050868,4,4,3,4
GEN24_1050869,4,4,4,4
GEN24_1050870,4,4,4,4
GEN24_1050872,4,4,4,4
GEN24_1050875,4,4,4,4
GEN24_1050876,4,4,4,4
GEN24_1050877,4,4,4,4
GEN24_1050882,4,4,4,4
GEN24_1050888,4,4,4,4
GEN24_1050889,4,4,4,4
GEN24_1050890,4,4,4,3
GEN24_1050894,4,4,4,4
GEN24_1050904,3,4,4,4
GEN24_1050917,4,4,4,4
GEN24_1050918,4,4,4,4
GEN24_1050920,4,4,4,4
GEN24_1050921,4,4,4,4
GEN24_1050928,4,4,3,2
GEN24_1050937,4,4,4,4
GEN24_1050941,4,4,4,3
GEN24_1050942,4,4,2,4
GEN24_1050943,4,4,4,4
GEN24_1050955,4,4,4,4
GEN24_1050956,4,4,4,4
GEN24_1050959,3,4,4,4
GEN24_1050960,4,4,4,4
GEN24_1050970,4,4,4,4
GEN24_1050972,4,4,4,4
GEN24_1050978,4,4,4,4
GEN24_1050982,4,4,4,4
GEN24_1050989,4,4,4,4
GEN24_1050992,3,4,4,4
GEN24_1050995,4,4,4,4
GEN24_1050998,4,4,4,4
GEN24_1051000,4,4,4,4
GEN24_1051002,4,4,4,4
GEN24_1051004,4,4,4,4
GEN24_1051009,4,4,4,4
GEN24_1051019,4,4,4,4
GEN24_1051022,4,4,3,3
GEN24_1051025,4,4,4,4
GEN24_1051030,4,4,4,4
GEN24_1051031,4,4,4,4
GEN24_1051039,4,4,4,4
GEN24_1051046,4,4,4,4
GEN24_1051048,4,3,4,4
GEN24_1051061,4,4,4,4
GEN24_1051062,4,4,4,3
GEN24_1051064,4,4,4,3
GEN24_1051067,4,4,4,4
GEN24_1051081,4,4,4,4
GEN24_1051084,4,4,4,4
GEN24_1051090,4,4,4,4
GEN24_1051091,4,4,4,4
GEN24_1051093,4,4,4,4
GEN24_1051095,4,3,4,4
GEN24_1051096,3,4,4,4
GEN24_1051102,3,3,4,4
GEN24_1051103,4,4,4,4
GEN24_1051105,4,4,4,4
GEN24_1051127,4,4,4,4
GEN24_1051135,4,4,4,4
GEN24_1051136,4,4,4,4
GEN24_1051140,4,4,4,3
GEN24_1051142,4,4,4,4
GEN24_1051143,4,4,4,4
GEN24_1051145,3,4,4,4
GEN24_1051146,4,4,4,3
GEN24_1051149,4,4,4,4
GEN24_1051150,4,4,4,4
GEN24_1051155,3,4,3,4
GEN24_1051169,4,4,4,4
GEN24_1051171,4,4,4,4
GEN24_1051178,4,4,4,4
GEN24_1051180,4,4,4,4
GEN24_1051182,4,4,4,3
GEN24_1051184,4,4,4,4
GEN24_1051187,4,3,3,2
GEN24_1051192,4,4,4,4
GEN24_1051193,4,4,4,4
GEN24_1051196,4,4,4,4
GEN24_1051198,4,4,4,4
GEN24_1051200,4,4,4,3
GEN24_1051203,4,4,4,4
GEN24_1051207,4,4,4,3
GEN24_1051209,4,4,4,4
GEN24_1051212,4,4,4,4
GEN24_1051213,4,4,4,4
GEN24_1051222,4,4,4,4
GEN24_1051227,4,4,4,4
GEN24_1051230,4,4,4,4
GEN24_1051231,4,4,4,4
GEN24_1051236,4,4,4,4
GEN24_1051239,4,4,4,4
GEN24_1051248,4,4,4,4
GEN24_1051250,4,4,4,3
GEN24_1051251,3,4,4,4
GEN24_1051252,4,4,4,4
GEN24_1051254,4,4,4,3
GEN24_1051260,4,4,4,4
GEN24_1051267,4,4,3,4
GEN24_1051271,4,4,3,4
GEN24_1051278,4,4,4,4
GEN24_1051279,4,4,4,4
GEN24_1051280,4,4,4,4
GEN24_1051283,4,3,3,3
GEN24_1051284,4,4,4,4
GEN24_1051286,3,4,4,4
GEN24_1051294,4,3,4,4
GEN24_1051302,4,4,4,4
GEN24_1051304,4,3,4,4
GEN24_1051305,4,4,4,4
GEN24_1051306,4,4,4,4
GEN24_1051309,4,4,4,4
GEN24_1051313,4,4,4,4
GEN24_1051318,4,4,4,4
GEN24_1051319,3,4,3,3
GEN24_1051320,4,4,4,4
GEN24_1051324,4,4,4,4
GEN24_1051335,4,4,4,4
GEN24_1051348,4,4,4,4
GEN24_1051350,4,4,4,4
GEN24_1051351,4,4,4,4
GEN24_1051352,4,4,4,3
GEN24_1051356,4,4,4,4
GEN24_1051358,4,4,4,4
GEN24_1051365,4,4,4,4
GEN24_1051375,4,4,4,3
GEN24_1051378,4,3,3,3
GEN24_1051380,3,3,4,4
GEN24_1051382,4,4,4,4
GEN24_1051383,4,4,4,4
GEN24_1051386,4,4,4,4
GEN24_1051393,4,4,4,4
GEN24_1051394,4,4,4,4
GEN24_1051396,4,4,4,4
GEN24_1051407,3,4,3,4
GEN24_1051409,4,4,4,4
GEN24_1051426,4,4,4,4
GEN24_1051429,4,3,4,3
GEN24_1051431,4,4,4,4
GEN24_1051433,4,4,4,4
GEN24_1051436,3,4,4,3
GEN24_1051455,4,4,4,4
GEN24_1051458,4,4,4,4
GEN24_1051471,4,4,4,3
GEN24_1051472,4,4,4,4
GEN24_1051475,4,3,4,4
GEN24_1051479,4,4,4,3
GEN24_1051483,4,4,4,4
GEN24_1051490,4,4,4,4
GEN24_1051497,4,4,4,4
GEN24_1051502,4,4,4,4
GEN24_1051511,4,4,4,3
GEN24_1051514,4,4,4,4
GEN24_1051553,4,4,4,4
GEN24_1051558,4,4,4,4
GEN24_1051559,3,4,4,4
GEN24_1051567,4,4,4,4
GEN24_1051568,4,4,3,4
GEN24_1051569,4,4,4,4
GEN24_1051577,4,4,4,4
GEN24_1051578,4,4,4,4
GEN24_1051583,4,4,4,4
GEN24_1051584,4,4,4,4
GEN24_1051590,4,4,4,3
GEN24_1051591,4,4,4,4
GEN24_1051596,4,4,4,4
GEN24_1051598,4,4,4,4
GEN24_1051599,4,4,4,4
GEN24_1051600,4,4,4,4
GEN24_1051602,4,4,4,4
GEN24_1051604,4,4,4,4
GEN24_1051605,4,4,4,4
GEN24_1051614,4,4,4,4
GEN24_1051615,4,4,4,4
GEN24_1051618,4,4,4,4
GEN24_1051632,4,4,4,4
GEN24_1051634,4,4,4,4
GEN24_1051650,4,4,4,4
GEN24_1051651,4,4,4,4
GEN24_1051661,4,4,4,4
GEN24_1051662,4,4,4,4
GEN24_1051668,4,4,4,4
GEN24_1051669,4,4,4,4
GEN24_1051670,4,4,4,4
GEN24_1051674,4,4,4,4
GEN24_1051686,4,4,4,4
GEN24_1051687,3,4,4,4
GEN24_1051688,4,4,4,4
GEN24_1051699,4,4,4,4
GEN24_1051704,4,4,4,4
GEN24_1051709,4,4,4,4
GEN24_1051710,4,4,3,3
GEN24_1051712,4,4,4,4
GEN24_1051714,4,4,4,4
GEN24_1051716,4,4,4,4
GEN24_1051718,4,4,4,4
GEN24_1051719,4,4,4,4
GEN24_1051723,4,4,4,4
GEN24_1051734,4,4,4,4
GEN24_1051736,4,4,4,4
GEN24_1051752,4,4,4,4
GEN24_1051761,4,4,4,4
GEN24_1051765,4,4,4,4
GEN24_1051771,4,4,4,4
GEN24_1051772,4,4,4,4
GEN24_1051774,4,4,4,4
GEN24_1051778,4,4,4,4
GEN24_1051779,4,3,4,3
GEN24_1051781,4,4,4,4
GEN24_1051783,4,4,4,4
GEN24_1051784,4,4,4,4
GEN24_1051795,4,4,4,4
GEN24_1051800,4,4,4,4
GEN24_1051804,4,3,4,3
GEN24_1051805,4,4,4,4
GEN24_1051807,4,4,4,3
GEN24_1051813,4,4,4,4
GEN24_1051816,4,4,4,4
GEN24_1051817,4,4,4,4
GEN24_1051819,4,4,4,4
GEN24_1051820,4,4,4,4
GEN24_1051823,4,4,4,4
GEN24_1051826,4,4,4,4
GEN24_1051827,4,4,4,4
GEN24_1051830,4,4,4,4
GEN24_1051832,4,4,4,4
GEN24_1051833,4,4,4,4
GEN24_1051834,4,4,4,4
GEN24_1051836,4,4,4,4
GEN24_1051838,4,4,4,2
GEN24_1051839,3,3,4,3
GEN24_1051841,4,4,3,4
GEN24_1051844,4,4,4,3
GEN24_1051845,4,4,4,4
GEN24_1051851,4,4,4,4
GEN24_1051855,4,4,4,4
GEN24_1051857,4,4,4,4
GEN24_1051858,4,3,4,3
GEN24_1051859,4,4,4,4
GEN24_1051863,4,4,4,4
GEN24_1051864,4,4,4,4
GEN24_1051867,4,4,4,4
GEN24_1051868,4,4,4,4
GEN24_1051879,4,4,4,4
GEN24_1051880,4,4,4,4
GEN24_1051881,4,4,4,4
GEN24_1051882,4,4,4,4
GEN24_1051886,4,4,4,4
GEN24_1051887,4,4,4,4
GEN24_1051889,4,4,4,4
GEN24_1051900,4,4,3,4
GEN24_1051901,4,3,3,3
GEN24_1051952,4,4,4,4
GEN24_1051955,4,3,4,4
GEN24_1051956,4,4,4,4
GEN24_1051957,4,4,4,4
GEN24_1051961,4,4,4,4
GEN24_1051963,4,4,4,4
GEN24_1051966,4,4,4,4
GEN24_1051968,4,4,3,4
GEN24_1051969,4,4,4,4
GEN24_1051972,4,4,4,4
GEN24_1051973,4,4,4,4
GEN24_1051976,4,4,4,4
GEN24_1051978,4,4,4,4
GEN24_1051979,4,4,4,4
GEN24_1051983,4,4,4,4
GEN24_1051987,4,4,4,4
GEN24_1051989,4,4,4,4
GEN24_1051998,4,3,4,4
GEN24_1052000,4,4,4,4
GEN24_1052006,4,4,4,4
GEN24_1052007,4,4,3,3
GEN24_1052010,4,4,4,4
GEN24_1052011,4,4,4,4
GEN24_1052014,4,4,4,4
GEN24_1052015,4,4,4,4
GEN24_1052027,4,4,4,3
GEN24_1052028,4,4,4,4
GEN24_1052034,4,4,4,4
GEN24_1052035,4,3,3,4
GEN24_1052045,4,4,4,4
GEN24_1052047,4,4,4,4
GEN24_1052062,4,4,4,4
GEN24_1052070,4,4,4,4
GEN24_1052071,4,4,4,4
GEN24_1052074,4,4,4,4
GEN24_1052076,4,3,4,4
GEN24_1052078,4,4,4,4
GEN24_1052080,4,4,4,4
GEN24_1052088,4,4,4,4
GEN24_1052091,4,4,4,4
GEN24_1052100,4,3,3,3
GEN24_1052101,4,4,4,4
GEN24_1052104,4,4,4,4
GEN24_1052107,4,4,4,4
GEN24_1052111,3,4,4,4
GEN24_1052115,4,4,4,4
GEN24_1052120,4,3,4,4
GEN24_1052133,4,4,4,4
GEN24_1052138,3,4,4,4
GEN24_1052139,4,4,4,4
GEN24_1052145,4,4,4,2
GEN24_1052146,4,4,4,4
GEN24_1052148,4,4,4,4
GEN24_1052155,4,4,4,4
GEN24_1052159,4,4,4,4
GEN24_1052166,4,4,4,4
GEN24_1052168,4,4,4,4
GEN24_1052170,4,4,3,4
GEN24_1052173,4,4,4,4
GEN24_1052188,4,4,4,4
GEN24_1052193,4,4,4,4
GEN24_1052194,4,4,4,4
GEN24_1052197,4,4,4,4
GEN24_1052199,4,4,4,4
GEN24_1052207,3,4,4,4
GEN24_1052211,4,3,3,4
GEN24_1052214,3,4,4,3
GEN24_1052217,4,4,3,4
GEN24_1052220,4,4,4,4
GEN24_1052231,4,4,4,4
GEN24_1052241,4,4,4,3
GEN24_1052251,4,4,3,4
GEN24_1052256,4,4,4,4
GEN24_1052259,4,4,4,4
GEN24_1052271,3,4,4,4
GEN24_1052272,4,4,4,4
GEN24_1052275,4,4,4,4
GEN24_1052277,4,4,4,3
GEN24_1052286,4,4,4,4
GEN24_1052287,4,4,4,4
GEN24_1052292,4,4,4,4
GEN24_1052293,4,4,4,4
GEN24_1052295,3,4,4,4
GEN24_1052299,4,4,4,4
GEN24_1052302,4,4,4,4
GEN24_1052305,4,4,4,4
GEN24_1052307,4,4,4,4
GEN24_1052322,4,4,4,4
GEN24_1052323,4,4,4,4
GEN24_1052326,4,4,4,4
GEN24_1052338,4,4,4,4
GEN24_1052341,4,4,4,4
GEN24_1052342,4,4,4,3
GEN24_1052351,4,4,4,4
GEN24_1052355,4,4,4,4
GEN24_1052361,4,4,4,4
GEN24_1052366,4,4,4,4
GEN24_1052381,4,4,4,4
GEN24_1052382,4,4,4,4
GEN24_1052385,4,4,4,4
GEN24_1052386,4,4,4,4
GEN24_1052393,4,4,4,4
GEN24_1052394,4,4,4,4
GEN24_1052401,4,4,4,4
GEN24_1052408,4,4,4,4
GEN24_1052415,4,4,4,4
GEN24_1052417,4,4,4,4
GEN24_1052420,4,4,4,4
GEN24_1052421,4,4,4,3
GEN24_1052424,4,4,4,4
GEN24_1052431,4,4,4,4
GEN24_1052440,4,4,4,4
GEN24_1052447,4,4,4,4
GEN24_1052449,4,4,4,4
GEN24_1052460,4,4,4,4
GEN24_1052462,4,4,4,4
GEN24_1052466,4,4,3,4
GEN24_1052467,4,4,4,4
GEN24_1052468,4,4,4,4
GEN24_1052471,4,4,4,4
GEN24_1052473,4,4,4,4
GEN24_1052474,4,4,4,4
GEN24_1052477,4,4,4,4
GEN24_1052489,4,4,4,4
GEN24_1052493,4,4,4,4
GEN24_1052497,4,4,4,4
GEN24_1052499,4,4,4,4
GEN24_1052501,3,3,4,3
GEN24_1052510,4,4,4,3
GEN24_1052512,4,4,4,4
GEN24_1052515,4,4,4,4
GEN24_1052517,4,4,4,4
GEN24_1052520,4,4,4,4
GEN24_1052524,3,4,4,4
GEN24_1052525,4,4,4,4
GEN24_1052539,4,4,4,4
GEN24_1052541,4,4,4,4
GEN24_1052553,4,4,4,4
GEN24_1052554,4,4,4,4
GEN24_1052558,4,4,4,4
GEN24_1052563,4,4,4,4
GEN24_1052568,4,4,4,4
GEN24_1052571,4,4,4,4
GEN24_1052572,4,4,4,4
GEN24_1052573,4,4,4,4
GEN24_1052576,4,4,4,4
GEN24_1052578,4,3,4,4
GEN24_1052579,4,4,4,4
GEN24_1052584,4,4,4,4
GEN24_1052586,4,4,4,4
GEN24_1052589,4,4,4,4
GEN24_1052593,4,4,4,4
GEN24_1052595,4,4,4,4
GEN24_1052596,4,4,4,4
GEN24_1052602,4,4,4,4
GEN24_1052616,4,4,4,4
GEN24_1052632,4,4,4,4
GEN24_1052635,4,4,4,4
GEN24_1052637,4,4,4,4
GEN24_1052643,4,4,4,4
GEN24_1052648,4,4,4,4
GEN24_1052652,4,4,4,4
GEN24_1052659,3,3,4,4
GEN24_1052668,3,4,4,4
GEN24_1052673,4,4,4,4
GEN24_1052678,4,4,4,4
GEN24_1052682,4,4,4,4
GEN24_1052684,4,4,4,4
GEN24_1052688,4,4,4,4
GEN24_1052696,4,4,4,4
GEN24_1052704,4,4,4,4
GEN24_1052709,4,4,4,4
GEN24_1052713,4,4,4,4
GEN24_1052715,4,4,4,4
GEN24_1052718,4,4,4,4
GEN24_1052719,4,4,4,4
GEN24_1052723,4,4,4,4
GEN24_1052726,4,4,4,4
GEN24_1052729,4,4,4,4
GEN24_1052730,4,4,4,3
GEN24_1052731,4,4,4,4
GEN24_1052732,4,4,4,4
GEN24_1052733,4,4,4,4
GEN24_1052735,4,3,4,4
GEN24_1052745,4,4,4,4
GEN24_1052750,4,4,4,4
GEN24_1052752,4,4,4,4
GEN24_1052753,4,4,4,4
GEN24_1052756,4,4,4,4
GEN24_1052757,3,4,4,3
GEN24_1052763,4,4,4,3
GEN24_1052766,4,4,4,4
GEN24_1052767,4,4,4,4
GEN24_1052768,4,4,4,4
GEN24_1052777,4,4,4,4
GEN24_1052781,4,4,4,4
GEN24_1052785,4,4,4,4
GEN24_1052789,4,4,4,4
GEN24_1052793,4,3,4,3
GEN24_1052794,4,4,4,4
GEN24_1052796,3,4,3,3
GEN24_1052798,4,4,4,4
GEN24_1052802,4,4,4,4
GEN24_1052808,4,4,4,4
GEN24_1052809,4,4,4,4
GEN24_1052817,4,4,4,4
GEN24_1052819,4,4,4,4
GEN24_1052823,4,4,4,4
GEN24_1052830,4,4,4,4
GEN24_1052831,3,4,4,4
GEN24_1052837,4,4,4,4
GEN24_1052845,4,4,4,4
GEN24_1052852,3,4,4,3
GEN24_1052855,4,4,4,3
GEN24_1052857,4,4,4,1
GEN24_1052863,4,4,3,4
GEN24_1052869,4,4,4,4
GEN24_1052871,4,4,4,4
GEN24_1052872,4,4,4,4
GEN24_1052878,4,4,4,4
GEN24_1052884,4,4,4,4
GEN24_1052887,4,4,3,4
GEN24_1052890,4,4,4,4
GEN24_1052899,4,4,4,4
GEN24_1052904,4,4,4,4
GEN24_1052905,4,4,4,3
GEN24_1052917,4,4,4,4
GEN24_1052922,4,4,4,4
GEN24_1052925,4,4,4,3
GEN24_1052926,3,4,4,4
GEN24_1052929,4,4,4,4
GEN24_1052930,4,4,4,4
GEN24_1052933,4,4,4,4
GEN24_1052936,4,4,4,4
GEN24_1052941,4,4,4,4
GEN24_1052949,4,4,4,4
GEN24_1052952,4,4,4,4
GEN24_1052954,4,4,4,4
GEN24_1052955,4,4,4,4
GEN24_1052958,3,3,3,3
GEN24_1052968,4,4,4,3
GEN24_1052979,4,4,4,4
GEN24_1052980,4,4,4,4
GEN24_1052981,4,4,4,4
GEN24_1052983,4,4,4,4
GEN24_1052984,4,4,4,4
GEN24_1052987,4,4,4,4
GEN24_1052992,4,4,4,4
GEN24_1053019,4,4,4,4
GEN24_1053023,4,4,4,4
GEN24_1053024,4,4,4,4
GEN24_1053033,4,4,4,4
GEN24_1053045,4,4,4,4
GEN24_1053046,3,4,4,4
GEN24_1053050,4,4,4,3
GEN24_1053053,4,4,4,4
GEN24_1053061,4,4,4,4
GEN24_1053068,4,4,4,4
GEN24_1053070,4,4,4,4
GEN24_1053074,4,4,4,4
GEN24_1053081,4,4,4,4
GEN24_1053082,4,4,4,4
GEN24_1053083,4,4,4,4
GEN24_1053085,4,4,4,4
GEN24_1053086,4,4,4,4
GEN24_1053090,4,4,4,4
GEN24_1053091,4,4,4,4
GEN24_1053094,4,4,4,4
GEN24_1053097,4,4,4,4
GEN24_1053101,4,4,4,4
GEN24_1053109,4,4,4,4
GEN24_1053110,4,4,4,4
GEN24_1053114,4,4,4,4
GEN24_1053115,4,4,4,4
GEN24_1053125,4,4,3,4
GEN24_1053126,4,4,4,4
GEN24_1053131,4,4,4,4
GEN24_1053139,4,4,4,3
GEN24_1053142,4,4,4,4
GEN24_1053147,4,4,4,4
GEN24_1053149,4,4,4,3
GEN24_1053150,4,4,3,4
GEN24_1053151,4,4,4,4
GEN24_1053152,4,4,4,4
GEN24_1053155,4,4,4,4
GEN24_1053162,4,4,3,4
GEN24_1053163,4,4,2,4
GEN24_1053165,4,4,4,4
GEN24_1053166,4,4,4,4
GEN24_1053168,4,4,3,4
GEN24_1053171,4,4,3,4
GEN24_1053172,4,4,4,4
GEN24_1053174,4,4,4,4
GEN24_1053186,4,4,4,4
GEN24_1053187,4,4,4,4
GEN24_1053192,4,4,4,4
GEN24_1053195,4,4,4,4
GEN24_1053203,4,4,4,4
GEN24_1053207,4,4,4,4
GEN24_1053213,3,3,3,4
GEN24_1053220,3,4,4,4
GEN24_1053221,4,4,4,4
GEN24_1053222,4,4,4,4
GEN24_1053227,4,4,4,4
GEN24_1053228,4,4,4,4
GEN24_1053241,4,4,4,4
GEN24_1053245,4,4,4,3
GEN24_1053246,4,4,4,4
GEN24_1053250,4,4,4,4
GEN24_1053255,4,3,3,4
GEN24_1053260,4,4,4,4
GEN24_1053264,3,4,4,4
GEN24_1053268,4,4,4,4
GEN24_1053269,4,4,3,4
GEN24_1053271,4,4,3,4
GEN24_1053272,4,3,4,4
GEN24_1053273,4,4,4,4
GEN24_1053276,4,4,4,4
GEN24_1053279,4,4,4,4
GEN24_1053284,4,4,4,4
GEN24_1053288,4,4,4,4
GEN24_1053290,4,4,4,4
GEN24_1053292,4,4,4,4
GEN24_1053301,4,4,4,3
GEN24_1053304,4,4,4,4
GEN24_1053305,4,4,4,4
GEN24_1053308,4,4,3,4
GEN24_1053310,4,4,4,3
GEN24_1053312,4,4,4,4
GEN24_1053315,4,4,4,4
GEN24_1053316,4,4,4,4
GEN24_1053321,3,3,4,4
GEN24_1053327,4,4,4,4
GEN24_1053340,4,4,4,4
GEN24_1053345,4,4,4,4
GEN24_1053354,4,4,4,4
GEN24_1053355,4,4,4,4
GEN24_1053364,4,4,4,4
GEN24_1053366,4,4,4,4
GEN24_1053367,4,4,4,4
GEN24_1053372,4,4,4,4
GEN24_1053373,4,4,4,4
GEN24_1053374,4,4,4,4
GEN24_1053383,4,4,4,4
GEN24_1053384,4,4,4,3
GEN24_1053385,4,4,4,4
GEN24_1053390,4,4,4,3
GEN24_1053399,4,4,4,4
GEN24_1053400,4,4,4,4
GEN24_1053403,4,4,4,4
GEN24_1053404,4,4,4,4
GEN24_1053405,4,4,3,4
GEN24_1053410,4,4,4,4
GEN24_1053411,4,4,4,4
GEN24_1053412,4,4,4,4
GEN24_1053413,4,4,3,4
GEN24_1053419,4,4,4,4
GEN24_1053423,4,4,4,4
GEN24_1053432,4,3,4,4
GEN24_1053437,4,4,4,4
GEN24_1053438,4,4,4,4
GEN24_1053439,4,4,4,4
GEN24_1053443,4,4,4,4
GEN24_1053444,4,4,4,4
GEN24_1053451,4,4,4,4
GEN24_1053453,4,4,4,4
GEN24_1053454,4,4,4,4
GEN24_1053456,4,4,4,4
GEN24_1053457,4,4,4,4
GEN24_1053459,4,4,4,4
GEN24_1053470,4,4,4,4
GEN24_1053477,4,4,4,4
GEN24_1053482,4,4,4,4
GEN24_1053485,4,4,4,4
GEN24_1053495,4,4,4,4
GEN24_1053502,4,4,4,4
GEN24_1053503,4,4,4,4
GEN24_1053507,4,4,4,4
GEN24_1053508,4,4,4,4
GEN24_1053509,4,4,4,4
GEN24_1053516,4,4,3,3
GEN24_1053530,4,4,4,4
GEN24_1053539,4,4,3,3
GEN24_1053540,4,4,4,4
GEN24_1053542,4,4,4,3
GEN24_1053546,4,4,4,4
GEN24_1053549,4,3,4,4
GEN24_1053555,3,3,4,3
GEN24_1053567,4,4,4,4
GEN24_1053573,4,4,4,4
GEN24_1053575,4,4,4,4
GEN24_1053588,4,4,3,3
GEN24_1053591,4,4,4,3
GEN24_1053598,4,4,4,4
GEN24_1053599,4,4,4,4
GEN24_1053601,4,4,4,4
GEN24_1053603,4,4,4,4
GEN24_1053607,4,4,4,4
GEN24_1053609,4,4,4,4
GEN24_1053612,4,4,4,4
GEN24_1053615,3,4,4,4
GEN24_1053620,4,4,4,4
GEN24_1053621,1,1,1,1
GEN24_1053623,4,4,4,4
GEN24_1053624,4,4,3,4
GEN24_1053625,3,4,3,4
GEN24_1053626,4,4,4,4
GEN24_1053627,4,4,4,4
GEN24_1053629,4,4,4,3
GEN24_1053641,4,4,4,4
GEN24_1053644,4,4,4,4
GEN24_1053647,4,4,4,4
GEN24_1053648,4,4,4,2
GEN24_1053653,4,4,4,4
GEN24_1053655,4,4,3,4
GEN24_1053660,4,4,4,4
GEN24_1053662,4,4,4,4
GEN24_1053664,4,4,4,4
GEN24_1053666,3,3,3,3
GEN24_1053668,4,4,4,4
GEN24_1053671,3,4,2,3
GEN24_1053680,4,4,4,4
GEN24_1053689,4,4,4,4
GEN24_1053690,4,4,4,4
GEN24_1053693,4,4,4,4
GEN24_1053697,4,4,4,4
GEN24_1053705,3,4,3,3
GEN24_1053709,4,4,4,4
GEN24_1053715,3,4,4,4
GEN24_1053718,4,4,4,4
GEN24_1053723,4,4,4,4
GEN24_1053730,4,4,4,4
GEN24_1053734,4,4,4,4
GEN24_1053735,4,4,4,4
GEN24_1053738,4,4,4,4
GEN24_1053744,4,4,4,4
GEN24_1053746,4,4,4,4
GEN24_1053753,4,4,4,4
GEN24_1053765,4,4,4,4
GEN24_1053774,3,3,3,3
GEN24_1053777,4,4,4,4
GEN24_1053778,4,3,4,4
GEN24_1053797,4,4,4,4
GEN24_1053798,3,4,3,4
GEN24_1053802,4,4,4,4
GEN24_1053803,4,4,4,4
GEN24_1053808,4,4,4,4
GEN24_1053810,4,4,4,4
GEN24_1053816,4,4,4,4
GEN24_1053819,4,4,4,4
GEN24_1053821,4,4,4,4
GEN24_1053822,4,4,4,4
GEN24_1053823,4,4,4,4
GEN24_1053825,4,4,4,4
GEN24_1053834,3,4,3,4
GEN24_1053835,4,4,4,4
GEN24_1053836,4,4,4,4
GEN24_1053843,4,4,4,4
GEN24_1053844,4,4,4,4
GEN24_1053846,4,4,4,4
GEN24_1053851,4,4,4,4
GEN24_1053853,4,4,4,4
GEN24_1053866,4,4,4,4
GEN24_1053871,4,4,4,4
GEN24_1053873,4,4,4,4
GEN24_1053874,4,4,4,4
GEN24_1053878,3,4,4,4
GEN24_1053883,4,4,4,4
GEN24_1053886,4,4,4,4
GEN24_1053891,3,4,4,4
GEN24_1053895,4,4,4,4
GEN24_1053896,4,4,4,4
GEN24_1053900,4,4,4,4
GEN24_1053905,4,4,4,4
GEN24_1053906,4,4,4,4
GEN24_1053914,4,4,4,4
GEN24_1053915,4,4,4,4
GEN24_1053917,4,4,4,4
GEN24_1053927,3,4,4,4
GEN24_1053930,4,4,4,4
GEN24_1053932,4,4,4,4
GEN24_1053939,4,4,4,3
GEN24_1053940,4,4,4,4
GEN24_1053945,4,4,4,4
GEN24_1053949,4,4,4,4
GEN24_1053957,4,4,4,4
GEN24_1053962,4,4,4,4
GEN24_1053965,4,4,4,4
GEN24_1053973,4,4,4,4
GEN24_1053976,4,4,4,4
GEN24_1053977,4,4,3,2
GEN24_1053980,4,4,4,3
GEN24_1053981,4,4,4,4
GEN24_1053986,4,4,4,4
GEN24_1053993,4,4,4,4
GEN24_1053996,4,4,4,4
GEN24_1054010,4,4,4,3
GEN24_1054013,4,4,4,4
GEN24_1054031,3,3,4,3
GEN24_1054033,4,4,4,4
GEN24_1054039,4,4,4,4
GEN24_1054041,4,4,4,3
GEN24_1054043,4,4,4,4
GEN24_1054045,4,4,4,4
GEN24_1054052,4,4,4,4
GEN24_1054056,4,4,4,4
GEN24_1054057,3,4,4,4
GEN24_1054058,4,4,4,4
GEN24_1054060,3,4,4,3
GEN24_1054062,4,4,4,4
GEN24_1054063,4,4,4,4
GEN24_1054064,4,4,4,4
GEN24_1054065,4,4,4,4
GEN24_1054066,4,4,4,4
GEN24_1054067,4,4,4,4
GEN24_1054071,4,4,4,4
GEN24_1054073,2,4,4,4
GEN24_1054076,4,4,4,4
GEN24_1054077,4,4,4,4
GEN24_1054084,4,4,4,4
GEN24_1054086,4,4,3,4
GEN24_1054090,4,4,4,3
GEN24_1054094,4,4,4,4
GEN24_1054095,4,4,4,4
GEN24_1054100,4,4,4,3
GEN24_1054103,4,3,4,3
GEN24_1054105,4,4,3,4
GEN24_1054106,4,4,4,4
GEN24_1054111,4,4,4,4
GEN24_1054113,3,4,4,4
GEN24_1054116,4,4,4,4
GEN24_1054117,4,4,4,4
GEN24_1054121,4,4,4,4
GEN24_1054126,4,4,4,4
GEN24_1054130,4,4,4,4
GEN24_1054131,3,4,4,4
GEN24_1054135,3,4,4,4
GEN24_1054136,4,4,4,4
GEN24_1054142,4,4,4,4
GEN24_1054146,4,4,4,4
GEN24_1054149,4,4,4,4
GEN24_1054153,4,3,3,3
GEN24_1054158,4,4,3,3
GEN24_1054168,4,4,4,4
GEN24_1054171,4,3,3,4
GEN24_1054174,4,4,4,4
GEN24_1054180,4,3,3,4
GEN24_1054183,4,3,4,4
GEN24_1054187,4,4,4,4
GEN24_1054188,4,4,4,4
GEN24_1054197,4,4,4,4
GEN24_1054201,4,4,4,4
GEN24_1054205,3,4,4,4
GEN24_1054213,4,4,3,4
GEN24_1054214,4,4,4,4
GEN24_1054215,3,4,4,4
GEN24_1054218,4,4,4,4
GEN24_1054226,4,4,3,4
GEN24_1054236,4,4,4,4
GEN24_1054239,4,4,4,4
GEN24_1054244,4,4,4,4
GEN24_1054246,4,4,4,4
GEN24_1054247,4,4,4,4
GEN24_1054248,4,4,4,4
GEN24_1054251,4,4,4,4
GEN24_1054261,4,4,4,4
GEN24_1054269,3,4,3,4
GEN24_1054275,4,4,4,4
GEN24_1054276,4,4,4,4
GEN24_1054281,4,4,4,4
GEN24_1054289,4,4,4,4
GEN24_1054293,4,4,4,4
GEN24_1054294,4,4,4,4
GEN24_1054295,4,4,4,4
GEN24_1054296,4,4,4,4
GEN24_1054312,4,4,4,3
GEN24_1054319,4,4,4,4
GEN24_1054322,4,4,4,4
GEN24_1054327,3,4,4,4
GEN24_1054328,4,4,4,4
GEN24_1054333,4,4,4,4
GEN24_1054353,4,4,4,4
GEN24_1054354,4,4,4,4
GEN24_1054357,4,4,4,4
GEN24_1054362,4,4,3,4
GEN24_1054364,4,4,4,3
GEN24_1054373,4,4,4,4
GEN24_1054376,4,4,4,4
GEN24_1054377,4,3,4,4
GEN24_1054380,4,4,4,4
GEN24_1054391,4,4,4,4
GEN24_1054400,4,4,4,4
GEN24_1054403,3,4,3,3
GEN24_1054404,4,4,4,4
GEN24_1054411,4,4,4,4
GEN24_1054415,4,3,4,4
GEN24_1054422,4,4,4,4
GEN24_1054424,4,4,4,4
GEN24_1054426,4,3,4,4
GEN24_1054429,4,4,4,4
GEN24_1054434,4,4,4,4
GEN24_1054438,4,4,4,4
GEN24_1054440,4,4,4,4
GEN24_1054443,4,4,4,4
GEN24_1054446,4,4,4,3
GEN24_1054449,4,4,4,4
GEN24_1054450,4,4,4,4
GEN24_1054456,4,4,4,4
GEN24_1054465,4,4,4,4
GEN24_1054472,4,3,4,4
GEN24_1054474,4,4,4,4
GEN24_1054475,4,4,4,4
GEN24_1054479,4,4,4,4
GEN24_1054483,4,4,4,4
GEN24_1054485,4,3,4,4
GEN24_1054488,4,4,4,4
GEN24_1054504,4,4,4,4
GEN24_1054509,4,4,4,4
GEN24_1054512,4,4,4,4
GEN24_1054518,4,4,4,4
GEN24_1054520,3,4,4,4
GEN24_1054528,4,4,4,4
GEN24_1054531,4,4,4,4
GEN24_1054536,4,4,4,4
GEN24_1054545,4,4,4,4
GEN24_1054555,4,4,4,3
GEN24_1054557,4,4,4,4
GEN24_1054560,3,4,4,4
GEN24_1054568,4,4,3,4
GEN24_1054574,4,4,4,3
GEN24_1054579,4,4,4,4
GEN24_1054581,4,4,4,4
GEN24_1054590,4,4,4,3
GEN24_1054602,4,4,4,4
GEN24_1054603,4,4,4,4
GEN24_1054604,4,4,4,4
GEN24_1054610,4,4,4,3
GEN24_1054612,4,4,4,4
GEN24_1054616,4,4,4,4
GEN24_1054626,4,4,4,4
GEN24_1054629,4,4,4,4
GEN24_1054632,3,4,4,3
GEN24_1054641,4,4,4,4
GEN24_1054643,4,4,4,4
GEN24_1054645,4,4,4,4
GEN24_1054650,4,4,4,4
GEN24_1054651,4,4,4,4
GEN24_1054653,4,4,4,4
GEN24_1054655,4,4,4,3
GEN24_1054656,4,4,4,4
GEN24_1054658,4,4,4,4
GEN24_1054669,4,4,4,4
GEN24_1054670,4,4,4,4
GEN24_1054674,4,4,3,4
GEN24_1054675,4,4,4,4
GEN24_1054676,4,4,4,4
GEN24_1054682,4,4,4,4
GEN24_1054687,4,4,4,4
GEN24_1054688,4,4,4,4
GEN24_1054694,4,4,4,3
GEN24_1054695,3,4,4,4
GEN24_1054698,4,4,4,4
GEN24_1054700,4,4,4,4
GEN24_1054701,4,4,4,4
GEN24_1054703,4,4,4,4
GEN24_1054705,4,4,4,4
GEN24_1054707,4,4,4,4
GEN24_1054709,4,4,4,4
GEN24_1054713,4,4,4,3
GEN24_1054716,4,4,4,4
GEN24_1054717,4,4,4,4
GEN24_1054723,4,4,4,4
GEN24_1054738,4,4,4,4
GEN24_1054749,4,4,4,4
GEN24_1054755,4,4,4,4
GEN24_1054759,4,4,4,4
GEN24_1054762,4,4,3,4
GEN24_1054765,4,4,4,4
GEN24_1054766,4,4,4,4
GEN24_1054768,4,4,4,4
GEN24_1054769,4,4,4,4
GEN24_1054786,3,3,3,3
GEN24_1054787,4,4,4,4
GEN24_1054788,4,4,4,4
GEN24_1054789,4,4,3,4
GEN24_1054792,3,4,4,3
GEN24_1054793,4,4,4,4
GEN24_1054794,4,4,4,4
GEN24_1054795,4,4,4,4
GEN24_1054798,4,4,4,4
GEN24_1054807,4,4,4,4
GEN24_1054812,2,4,4,3
GEN24_1054813,4,4,4,4
GEN24_1054815,4,4,4,4
GEN24_1054816,4,4,4,4
GEN24_1054817,3,4,3,4
GEN24_1054821,4,4,4,3
GEN24_1054822,4,3,4,4
GEN24_1054833,4,4,4,3
GEN24_1054835,4,4,4,4
GEN24_1054838,4,4,4,4
GEN24_1054842,3,4,4,4
GEN24_1054845,3,4,4,4
GEN24_1054847,4,4,4,4
GEN24_1054848,3,4,3,4
GEN24_1054850,4,4,4,4
GEN24_1054865,4,4,4,4
GEN24_1054868,4,4,4,4
GEN24_1054871,4,4,4,3
GEN24_1054881,4,4,4,4
GEN24_1054882,4,4,4,4
GEN24_1054895,4,4,4,4
GEN24_1054898,4,4,4,3
GEN24_1054915,4,4,4,4
GEN24_1054920,4,4,4,4
GEN24_1054925,4,4,4,4
GEN24_1054928,4,4,4,4
GEN24_1054929,4,4,3,4
GEN24_1054934,4,4,4,4
GEN24_1054940,4,4,4,4
GEN24_1054943,4,4,4,4
GEN24_1054958,4,4,4,4
GEN24_1054960,4,4,4,4
GEN24_1054963,4,4,4,4
GEN24_1054969,3,4,4,4
GEN24_1054970,4,4,4,3
GEN24_1054974,4,4,4,4
GEN24_1054980,4,4,4,4
GEN24_1054983,4,4,4,4
GEN24_1055003,4,4,4,4
GEN24_1055009,4,4,4,4
GEN24_1055014,4,4,4,3
GEN24_1055023,4,4,4,4
GEN24_1055029,4,4,4,4
GEN24_1055032,4,4,4,4
GEN24_1055033,4,4,4,4
GEN24_1055036,4,4,4,4
GEN24_1055039,4,4,4,4
GEN24_1055040,4,4,4,4
GEN24_1055041,4,4,4,4
GEN24_1055042,4,4,4,4
GEN24_1055048,4,4,4,4
GEN24_1055058,4,4,4,4
GEN24_1055061,4,4,4,4
GEN24_1055069,4,4,4,4
GEN24_1055072,4,4,4,4
GEN24_1055078,4,4,4,4
GEN24_1055094,3,4,4,4
GEN24_1055096,4,4,4,4
GEN24_1055101,4,4,4,4
GEN24_1055105,4,4,4,4
GEN24_1055117,4,4,4,3
GEN24_1055118,4,4,4,4
GEN24_1055121,4,4,4,4
GEN24_1055122,3,4,4,4
GEN24_1055127,4,4,4,4
GEN24_1055128,4,4,4,4
GEN24_1055134,4,4,4,4
GEN24_1055136,4,4,4,4
GEN24_1055138,4,4,4,3
GEN24_1055145,4,4,4,4
GEN24_1055150,4,4,4,4
GEN24_1055151,4,4,4,3
GEN24_1055159,4,4,4,4
GEN24_1055161,4,4,4,4
GEN24_1055187,4,4,3,4
GEN24_1055190,3,4,4,4
GEN24_1055200,4,4,4,4
GEN24_1055205,4,4,4,4
GEN24_1055206,4,4,4,4
GEN24_1055211,4,4,4,4
GEN24_1055221,4,4,4,4
GEN24_1055231,4,4,4,4
GEN24_1055232,4,4,4,4
GEN24_1055236,4,4,3,4
GEN24_1055237,4,4,4,4
GEN24_1055238,4,4,4,4
GEN24_1055241,4,4,4,3
GEN24_1055242,4,4,4,4
GEN24_1055249,4,4,4,4
GEN24_1055250,4,4,4,4
GEN24_1055254,4,4,4,4
GEN24_1055256,4,4,4,4
GEN24_1055260,4,4,4,4
GEN24_1055270,4,4,4,4
GEN24_1055274,4,4,4,4
GEN24_1055276,4,4,3,4
GEN24_1055277,4,4,4,4
GEN24_1055279,4,4,4,4
GEN24_1055286,4,4,4,4
GEN24_1055293,4,4,4,3
GEN24_1055296,4,4,3,4
GEN24_1055297,4,4,4,4
GEN24_1055298,4,4,4,4
GEN24_1055303,4,4,4,4
GEN24_1055308,4,4,4,4
GEN24_1055330,4,4,4,4
GEN24_1055335,3,3,4,4
GEN24_1055339,4,4,4,4
GEN24_1055343,4,4,4,4
GEN24_1055344,4,4,4,4
GEN24_1055345,4,4,4,4
GEN24_1055347,4,4,4,4
GEN24_1055352,4,4,4,4
GEN24_1055354,3,4,4,4
GEN24_1055355,4,4,4,4
GEN24_1055360,4,4,4,3
GEN24_1055363,4,4,4,4
GEN24_1055364,4,4,4,4
GEN24_1055365,4,4,4,4
GEN24_1055368,4,4,4,4
GEN24_1055370,4,4,4,4
GEN24_1055375,4,4,4,4
GEN24_1055376,4,4,4,4
GEN24_1055379,4,4,4,3
GEN24_1055383,4,4,4,4
GEN24_1055384,4,4,4,4
GEN24_1055389,4,4,4,4
GEN24_1055393,4,4,4,4
GEN24_1055399,4,4,4,4
GEN24_1055409,4,3,4,4
GEN24_1055415,4,4,4,4
GEN24_1055422,4,4,4,4
GEN24_1055431,4,4,3,3
GEN24_1055432,4,4,4,4
GEN24_1055433,4,4,4,4
GEN24_1055438,4,4,4,4
GEN24_1055441,4,4,3,3
GEN24_1055447,4,4,4,4
GEN24_1055448,4,4,4,4
GEN24_1055450,4,4,3,4
GEN24_1055451,4,4,4,4
GEN24_1055454,3,4,4,3
GEN24_1055456,4,4,4,4
GEN24_1055458,4,4,4,3
GEN24_1055459,4,4,4,4
GEN24_1055462,4,4,4,4
GEN24_1055464,4,4,3,3
GEN24_1055465,4,4,4,4
GEN24_1055468,4,4,4,4
GEN24_1055469,4,4,4,4
GEN24_1055477,4,4,4,4
GEN24_1055480,4,4,4,4
GEN24_1055482,4,4,4,3
GEN24_1055485,4,4,4,4
GEN24_1055486,4,4,4,4
GEN24_1055495,4,4,4,4
GEN24_1055499,2,4,4,4
GEN24_1055502,4,4,4,4
GEN24_1055507,4,4,4,4
GEN24_1055508,4,4,4,4
GEN24_1055512,4,4,4,4
GEN24_1055514,4,4,4,4
GEN24_1055517,4,4,4,4
GEN24_1055519,4,4,4,4
GEN24_1055522,4,4,4,4
GEN24_1055524,4,4,4,4
GEN24_1055527,4,4,3,3
GEN24_1055529,4,4,3,4
GEN24_1055531,3,4,4,4
GEN24_1055532,4,4,4,4
GEN24_1055544,4,4,4,4
GEN24_1055550,4,4,4,4
GEN24_1055565,4,4,4,4
GEN24_1055569,4,4,4,4
GEN24_1055582,3,4,4,4
GEN24_1055585,4,4,4,4
GEN24_1055586,4,4,4,4
GEN24_1055590,4,4,4,4
GEN24_1055593,4,4,4,4
GEN24_1055595,4,4,4,4
GEN24_1055596,4,4,4,4
GEN24_1055600,4,4,4,4
GEN24_1055603,4,4,4,4
GEN24_1055608,4,4,4,4
GEN24_1055613,4,4,4,3
GEN24_1055624,4,4,4,4
GEN24_1055627,4,4,4,4
GEN24_1055628,4,4,4,4
GEN24_1055629,4,4,4,4
GEN24_1055630,4,4,4,3
GEN24_1055631,4,4,4,4
GEN24_1055636,4,4,4,4
GEN24_1055637,4,4,4,4
GEN24_1055643,4,4,4,3
GEN24_1055646,4,4,4,4
GEN24_1055657,4,4,4,4
GEN24_1055659,4,4,4,4
GEN24_1055666,4,4,4,4
GEN24_1055670,3,4,4,3
GEN24_1055674,4,4,4,4
GEN24_1055686,4,4,4,4
GEN24_1055691,4,4,4,4
GEN24_1055695,4,4,4,4
GEN24_1055696,4,4,4,4
GEN24_1055712,4,4,4,4
GEN24_1055716,4,4,4,4
GEN24_1055717,4,4,4,4
GEN24_1055722,4,3,3,3
GEN24_1055724,4,4,4,4
GEN24_1055731,4,4,4,4
GEN24_1055734,4,4,4,4
GEN24_1055735,4,4,4,4
GEN24_1055739,4,4,4,4
GEN24_1055743,4,4,4,4
GEN24_1055744,4,4,4,3
GEN24_1055747,4,4,4,4
GEN24_1055757,4,4,4,4
GEN24_1055759,4,4,4,4
GEN24_1055766,4,4,4,4
GEN24_1055768,4,4,4,4
GEN24_1055773,4,4,4,4
GEN24_1055776,4,4,4,4
GEN24_1055777,4,3,3,4
GEN24_1055785,4,4,4,3
GEN24_1055786,4,4,4,4
GEN24_1055788,4,4,4,4
GEN24_1055789,3,4,4,4
GEN24_1055790,4,4,4,4
GEN24_1055794,4,4,4,4
GEN24_1055799,4,4,4,4
GEN24_1055808,4,4,4,4
GEN24_1055810,4,4,4,4
GEN24_1055813,4,4,4,4
GEN24_1055829,4,4,4,4
GEN24_1055835,4,4,4,4
GEN24_1055840,4,4,4,4
GEN24_1055841,4,4,4,4
GEN24_1055849,4,3,4,3
GEN24_1055852,4,4,4,4
GEN24_1055856,3,4,4,4
GEN24_1055863,4,4,4,4
GEN24_1055864,4,4,4,4
GEN24_1055865,4,4,4,4
GEN24_1055866,4,4,4,4
GEN24_1055869,4,4,4,4
GEN24_1055870,4,4,4,4
GEN24_1055875,4,4,4,4
GEN24_1055880,4,4,4,4
GEN24_1055885,4,4,4,4
GEN24_1055886,4,4,4,4
GEN24_1055889,4,4,4,4
GEN24_1055890,4,4,4,4
GEN24_1055897,4,4,4,4
GEN24_1055899,4,4,4,4
GEN24_1055905,4,4,4,4
GEN24_1055906,4,4,4,4
GEN24_1055908,4,4,4,4
GEN24_1055914,4,4,4,4
GEN24_1055915,4,4,4,3
GEN24_1055916,4,4,4,4
GEN24_1055917,4,4,4,3
GEN24_1055925,4,4,4,3
GEN24_1055933,4,4,4,4
GEN24_1055936,4,4,4,4
GEN24_1055940,4,4,4,4
GEN24_1055943,4,4,4,4
GEN24_1055957,4,4,4,4
GEN24_1055958,4,4,4,4
GEN24_1055959,4,4,4,4
GEN24_1055961,4,4,4,2
GEN24_1055983,4,4,4,4
GEN24_1055985,4,4,3,3
GEN24_1055986,4,4,4,4
GEN24_1055987,4,4,4,4
GEN24_1055990,4,4,4,4
GEN24_1055992,4,4,4,3
GEN24_1055999,4,4,4,3
GEN24_1056005,4,3,4,4
GEN24_1056006,4,4,4,4
GEN24_1056011,4,4,4,4
GEN24_1056015,4,4,4,4
GEN24_1056016,4,4,4,4
GEN24_1056018,4,4,4,4
GEN24_1056023,4,4,4,4
GEN24_1056026,4,4,3,4
GEN24_1056034,4,4,4,2
GEN24_1056038,3,3,3,4
GEN24_1056048,4,4,4,4
GEN24_1056052,4,4,4,4
GEN24_1056057,4,4,4,4
GEN24_1056058,4,4,4,4
GEN24_1056060,4,4,4,4
GEN24_1056062,4,4,4,4
GEN24_1056063,4,4,4,4
GEN24_1056064,4,3,4,4
GEN24_1056068,3,3,4,4
GEN24_1056069,4,4,4,3
GEN24_1056071,4,4,4,4
GEN24_1056077,4,3,4,4
GEN24_1056079,4,4,4,4
GEN24_1056082,4,4,4,4
GEN24_1056086,4,4,3,4
GEN24_1056095,4,4,4,4
GEN24_1056099,4,4,4,4
GEN24_1056102,4,4,4,4
GEN24_1056104,4,4,3,4
GEN24_1056109,4,4,4,4
GEN24_1056110,4,4,4,4
GEN24_1056111,4,4,4,4
GEN24_1056112,4,4,4,4
GEN24_1056113,4,4,4,4
GEN24_1056114,4,4,4,4
GEN24_1056119,4,4,4,4
GEN24_1056125,4,4,4,4
GEN24_1056126,4,4,4,4
GEN24_1056133,4,4,4,4
GEN24_1056160,4,4,4,4
GEN24_1056163,4,4,4,4
GEN24_1056164,4,4,4,4
GEN24_1056170,4,3,4,4
GEN24_1056171,4,4,4,4
GEN24_1056179,3,4,4,4
GEN24_1056186,3,3,4,4
GEN24_1056189,4,4,4,4
GEN24_1056204,4,4,4,4
GEN24_1056211,4,4,4,4
GEN24_1056212,4,4,4,4
GEN24_1056217,4,4,4,4
GEN24_1056219,4,4,4,4
GEN24_1056227,4,4,4,4
GEN24_1056234,4,4,4,4
GEN24_1056236,4,4,4,4
GEN24_1056241,4,4,3,4
GEN24_1056244,4,4,4,3
GEN24_1056249,4,4,4,4
GEN24_1056250,4,4,4,4
GEN24_1056260,4,4,4,4
GEN24_1056261,4,4,4,3
GEN24_1056266,4,4,4,4
GEN24_1056267,4,4,4,4
GEN24_1056270,4,4,4,4
GEN24_1056272,4,4,4,4
GEN24_1056273,4,4,4,4
GEN24_1056286,4,4,4,4
GEN24_1056291,4,4,4,4
GEN24_1056297,4,4,4,4
GEN24_1056299,4,4,4,4
GEN24_1056308,4,4,4,4
GEN24_1056321,4,4,4,4
GEN24_1056340,4,4,4,4
GEN24_1056344,4,4,4,4
GEN24_1056346,4,4,4,4
GEN24_1056347,4,4,4,4
GEN24_1056354,4,4,4,4
GEN24_1056356,4,4,4,4
GEN24_1056357,4,4,4,4
GEN24_1056364,4,4,4,4
GEN24_1056376,4,4,4,4
GEN24_1056380,4,4,4,4
GEN24_1056381,4,4,4,4
GEN24_1056392,4,3,4,4
GEN24_1056393,4,4,4,4
GEN24_1056399,4,4,4,4
GEN24_1056411,4,4,4,4
GEN24_1056414,4,4,4,4
GEN24_1056419,4,4,3,4
GEN24_1056430,4,4,4,4
GEN24_1056441,4,4,4,4
GEN24_1056443,4,4,4,3
GEN24_1056453,4,4,4,4
GEN24_1056454,4,4,4,4
GEN24_1056459,4,4,4,3
GEN24_1056460,4,4,4,4
GEN24_1056461,4,4,4,4
GEN24_1056462,4,4,4,2
GEN24_1056464,4,4,4,4
GEN24_1056466,4,4,4,4
GEN24_1056467,4,4,3,3
GEN24_1056473,4,4,4,3
GEN24_1056475,4,4,4,4
GEN24_1056479,4,3,4,3
GEN24_1056480,4,4,4,3
GEN24_1056483,4,4,4,4
GEN24_1056488,4,4,4,4
GEN24_1056491,4,3,4,4
GEN24_1056493,4,4,4,4
GEN24_1056495,4,4,4,4
GEN24_1056498,4,4,4,4
GEN24_1056499,4,4,4,4
GEN24_1056501,4,4,4,4
GEN24_1056502,4,4,4,4
GEN24_1056511,4,4,4,4
GEN24_1056513,4,4,4,4
GEN24_1056520,4,4,4,4
GEN24_1056523,4,4,4,4
GEN24_1056529,4,4,4,4
GEN24_1056530,4,4,4,4
GEN24_1056533,4,4,4,4
GEN24_1056536,4,4,4,4
GEN24_1056538,4,4,4,4
GEN24_1056546,4,4,4,4
GEN24_1056547,4,4,4,3
GEN24_1056550,4,4,3,4
GEN24_1056557,4,4,4,4
GEN24_1056565,4,4,4,4
GEN24_1056568,4,4,4,4
GEN24_1056570,4,4,4,3
GEN24_1056580,4,3,4,4
GEN24_1056582,4,4,4,4
GEN24_1056594,4,4,4,4
GEN24_1056596,4,4,4,3
GEN24_1056598,4,4,4,4
GEN24_1056604,4,4,4,4
GEN24_1056613,4,4,4,4
GEN24_1056616,4,4,4,4
GEN24_1056620,4,4,4,4
GEN24_1056624,4,4,4,4
GEN24_1056626,4,4,4,3
GEN24_1056629,4,4,4,4
GEN24_1056635,4,4,4,4
GEN24_1056636,4,4,4,4
GEN24_1056644,4,4,4,4
GEN24_1056649,4,4,4,4
GEN24_1056651,4,4,4,4
GEN24_1056652,4,4,4,4
GEN24_1056655,4,4,3,4
GEN24_1056656,4,4,4,4
GEN24_1056658,4,4,4,4
GEN24_1056662,4,3,4,4
GEN24_1056666,4,4,4,4
GEN24_1056678,4,4,4,4
GEN24_1056682,4,4,4,4
GEN24_1056684,4,4,4,4
GEN24_1056691,4,4,4,4
GEN24_1056698,4,4,3,4
GEN24_1056700,4,4,4,3
GEN24_1056701,4,4,4,4
GEN24_1056703,4,4,4,4
GEN24_1056720,4,4,4,4
GEN24_1056721,3,4,4,4
GEN24_1056723,4,4,4,4
GEN24_1056734,4,4,4,4
GEN24_1056735,4,4,4,4
GEN24_1056739,4,4,4,4
GEN24_1056745,4,4,4,3
GEN24_1056746,4,4,4,4
GEN24_1056753,4,4,4,4
GEN24_1056760,4,4,4,4
GEN24_1056763,4,4,4,3
GEN24_1056769,4,4,4,4
GEN24_1056773,4,4,4,4
GEN24_1056775,4,4,4,3
GEN24_1056776,4,4,4,4
GEN24_1056778,4,4,4,4
GEN24_1056780,4,4,4,4
GEN24_1056782,4,4,4,4
GEN24_1056784,4,4,4,4
GEN24_1056787,4,4,4,4
GEN24_1056789,4,3,4,3
GEN24_1056795,4,4,4,4
GEN24_1056796,4,4,4,2
GEN24_1056800,4,4,4,4
GEN24_1056804,4,4,4,2
GEN24_1056806,4,4,4,4
GEN24_1056807,4,4,4,4
GEN24_1056809,4,4,4,4
GEN24_1056811,4,4,4,4
GEN24_1056812,4,4,3,2
GEN24_1056814,4,4,4,4
GEN24_1056818,4,4,4,4
GEN24_1056821,4,4,4,4
GEN24_1056822,4,4,4,4
GEN24_1056823,4,4,4,4
GEN24_1056825,4,4,4,4
GEN24_1056831,4,4,4,4
GEN24_1056835,4,4,4,4
GEN24_1056839,4,4,4,4
GEN24_1056843,4,4,4,4
GEN24_1056850,4,4,3,4
GEN24_1056859,4,4,4,4
GEN24_1056865,4,4,4,4
GEN24_1056870,4,4,4,3
GEN24_1056889,4,4,4,4
GEN24_1056896,4,4,4,4
GEN24_1056897,4,4,4,4
GEN24_1056903,4,4,4,4
GEN24_1056907,4,3,3,4
GEN24_1056913,4,4,4,4
GEN24_1056916,4,4,4,4
GEN24_1056919,4,4,4,4
GEN24_1056922,4,4,4,4
GEN24_1056935,4,4,4,4
GEN24_1056936,4,4,4,4
GEN24_1056944,4,3,4,4
GEN24_1056946,4,4,4,4
GEN24_1056947,4,4,4,4
GEN24_1056957,4,4,4,4
GEN24_1056960,4,4,4,4
GEN24_1056962,4,4,4,4
GEN24_1056963,4,4,4,4
GEN24_1056989,4,4,3,4
GEN24_1056990,3,4,4,3
GEN24_1056998,4,4,4,4
GEN24_1056999,4,4,4,4
GEN24_1057001,4,3,4,4
GEN24_1057014,4,4,4,4
GEN24_1057022,4,4,4,4
GEN24_1057033,3,3,4,4
GEN24_1057037,4,4,4,4
GEN24_1057039,4,4,4,4
GEN24_1057041,4,4,3,4
GEN24_1057043,3,3,3,4
GEN24_1057045,4,4,4,4
GEN24_1057048,4,3,4,3
GEN24_1057050,4,4,4,4
GEN24_1057053,3,4,4,2
GEN24_1057055,4,4,4,4
GEN24_1057059,4,4,3,3
GEN24_1057065,4,4,4,4
GEN24_1057081,4,4,4,4
GEN24_1057085,4,4,4,4
GEN24_1057086,4,3,4,4
GEN24_1057088,4,4,4,4
GEN24_1057094,4,4,4,4
GEN24_1057096,4,4,4,4
GEN24_1057097,4,4,4,4
GEN24_1057099,4,4,3,4
GEN24_1057101,4,4,4,4
GEN24_1057104,4,4,3,4
GEN24_1057113,4,4,4,4
GEN24_1057130,4,3,3,2
GEN24_1057134,4,4,4,4
GEN24_1057140,4,4,4,4
GEN24_1057141,4,4,4,4
GEN24_1057142,4,3,4,4
GEN24_1057155,3,4,3,3
GEN24_1057156,4,4,4,4
GEN24_1057163,4,4,4,4
GEN24_1057166,4,4,4,4
GEN24_1057169,4,4,4,4
GEN24_1057174,4,4,4,4
GEN24_1057178,4,4,3,4
GEN24_1057185,4,4,4,4
GEN24_1057187,4,4,4,3
GEN24_1057197,4,4,4,4
GEN24_1057199,4,4,4,4
GEN24_1057202,4,4,4,3
GEN24_1057204,4,4,3,4
GEN24_1057208,4,4,4,4
GEN24_1057216,3,4,4,3
GEN24_1057219,4,4,4,4
GEN24_1057230,4,4,4,3
GEN24_1057232,4,4,4,4
GEN24_1057234,4,4,4,4
GEN24_1057235,4,4,4,4
GEN24_1057239,4,4,4,4
GEN24_1057245,4,4,4,4
GEN24_1057251,4,4,4,4
GEN24_1057255,4,4,4,4
GEN24_1057256,4,3,4,4
GEN24_1057262,4,4,4,4
GEN24_1057287,4,4,4,4
GEN24_1057289,4,4,4,4
GEN24_1057293,4,4,4,4
GEN24_1057295,4,4,4,4
GEN24_1057299,4,3,4,3
GEN24_1057309,4,4,4,4
GEN24_1057317,4,4,4,4
GEN24_1057320,3,4,4,3
GEN24_1057329,4,4,4,3
GEN24_1057331,3,4,4,4
GEN24_1057341,4,4,4,4
GEN24_1057346,4,3,4,4
GEN24_1057347,4,4,4,4
GEN24_1057348,4,4,4,4
GEN24_1057355,4,4,4,3
GEN24_1057361,4,4,4,4
GEN24_1057364,4,4,4,4
GEN24_1057381,4,4,4,4
GEN24_1057394,4,4,4,3
GEN24_1057399,4,4,4,4
GEN24_1057401,4,4,4,4
GEN24_1057404,4,4,4,4
GEN24_1057405,4,4,4,4
GEN24_1057406,4,4,4,3
GEN24_1057407,4,4,4,4
GEN24_1057417,4,4,4,4
GEN24_1057418,4,4,4,4
GEN24_1057419,4,4,4,4
GEN24_1057421,3,4,3,4
GEN24_1057424,4,4,4,4
GEN24_1057425,4,4,4,4
GEN24_1057426,4,4,4,4
GEN24_1057428,4,4,4,4
GEN24_1057430,4,4,3,4
GEN24_1057433,4,4,4,4
GEN24_1057434,4,4,4,4
GEN24_1057436,4,4,4,4
GEN24_1057439,4,4,4,4
GEN24_1057442,4,4,4,4
GEN24_1057443,4,3,4,4
GEN24_1057445,4,4,4,4
GEN24_1057450,4,4,4,4
GEN24_1057451,4,4,4,4
GEN24_1057457,4,4,4,3
GEN24_1057460,4,4,4,4
GEN24_1057463,4,4,4,4
GEN24_1057465,4,4,4,4
GEN24_1057467,3,4,4,4
GEN24_1057474,4,4,4,4
GEN24_1057476,4,4,4,4
GEN24_1057478,4,4,3,3
GEN24_1057479,4,4,4,3
GEN24_1057480,4,4,4,4
GEN24_1057490,4,4,4,4
GEN24_1057494,4,4,4,4
GEN24_1057495,4,4,4,4
GEN24_1057496,4,4,4,4
GEN24_1057513,4,4,4,3
GEN24_1057515,4,4,4,4
GEN24_1057518,4,4,4,4
GEN24_1057519,4,4,4,4
GEN24_1057531,4,4,4,3
GEN24_1057537,4,4,4,4
GEN24_1057544,4,4,4,4
GEN24_1057547,4,4,4,4
GEN24_1057552,4,4,4,4
GEN24_1057563,4,4,4,4
GEN24_1057580,4,4,4,4
GEN24_1057581,4,4,4,4
GEN24_1057582,4,4,4,4
GEN24_1057586,3,4,3,3
GEN24_1057587,4,4,4,4
GEN24_1057593,4,4,3,4
GEN24_1057598,4,4,4,4
GEN24_1057599,4,4,4,4
GEN24_1057605,4,4,4,4
GEN24_1057607,4,4,4,4
GEN24_1057611,4,4,4,4
GEN24_1057613,4,4,4,4
GEN24_1057614,4,4,4,4
GEN24_1057635,3,4,4,4
GEN24_1057637,4,4,4,4
GEN24_1057648,4,4,4,4
GEN24_1057659,4,4,4,4
GEN24_1057678,2,4,4,4
GEN24_1057687,4,4,4,4
GEN24_1057690,4,4,4,4
GEN24_1057702,4,4,3,4
GEN24_1057707,4,4,4,4
GEN24_1057709,4,4,4,4
GEN24_1057715,4,4,4,4
GEN24_1057720,4,4,4,4
GEN24_1057723,4,4,3,4
GEN24_1057740,4,4,4,4
GEN24_1057744,4,4,4,4
GEN24_1057748,4,4,4,4
GEN24_1057749,4,4,4,4
GEN24_1057752,4,4,4,4
GEN24_1057755,4,4,4,4
GEN24_1057757,4,4,4,4
GEN24_1057775,4,4,4,4
GEN24_1057782,3,4,4,3
GEN24_1057785,4,4,4,4
GEN24_1057788,4,4,4,4
GEN24_1057800,4,4,4,4
GEN24_1057803,4,4,4,4
GEN24_1057814,4,4,4,4
GEN24_1057823,4,4,3,4
GEN24_1057830,4,4,4,4
GEN24_1057834,4,4,4,4
GEN24_1057843,4,4,4,4
GEN24_1057848,4,4,4,4
GEN24_1057849,4,4,3,4
GEN24_1057866,4,4,4,4
GEN24_1057868,4,4,4,4
GEN24_1057870,4,4,4,3
GEN24_1057884,4,4,4,4
GEN24_1057890,4,4,4,4
GEN24_1057891,4,4,4,4
GEN24_1057895,4,4,4,4
GEN24_1057902,4,4,4,4
GEN24_1057903,3,4,4,4
GEN24_1057906,4,4,4,4
GEN24_1057914,4,4,4,4
GEN24_1057916,4,4,4,4
GEN24_1057918,4,4,3,3
GEN24_1057920,4,4,4,4
GEN24_1057921,4,4,4,3
GEN24_1057927,3,4,3,4
GEN24_1057928,4,4,4,3
GEN24_1057934,4,4,4,4
GEN24_1057935,4,4,4,4
GEN24_1057939,4,4,4,4
GEN24_1057944,4,3,4,4
GEN24_1057945,4,4,3,4
GEN24_1057950,4,4,4,4
GEN24_1057952,3,4,4,4
GEN24_1057953,4,4,4,4
GEN24_1057954,4,4,4,4
GEN24_1057956,3,4,4,2
GEN24_1057957,4,4,4,4
GEN24_1057961,4,4,3,4
GEN24_1057963,4,4,4,3
GEN24_1057968,4,4,4,4
GEN24_1057970,4,4,4,4
GEN24_1057981,4,4,1,4
GEN24_1057983,4,4,4,4
GEN24_1057989,4,4,4,4
GEN24_1058004,4,4,4,4
GEN24_1058005,4,4,4,4
GEN24_1058008,4,4,4,4
GEN24_1058009,4,4,4,4
GEN24_1058011,4,4,4,4
GEN24_1058016,4,4,4,4
GEN24_1058020,4,3,3,4
GEN24_1058030,4,3,4,4
GEN24_1058057,4,4,4,4
GEN24_1058059,4,3,4,4
GEN24_1058061,4,4,4,3
GEN24_1058068,4,4,4,4
GEN24_1058069,3,3,4,4
GEN24_1058071,4,4,4,4
GEN24_1058078,4,4,4,4
GEN24_1058088,4,4,4,4
GEN24_1058094,4,4,4,4
GEN24_1058106,4,4,4,3
GEN24_1058108,4,4,4,4
GEN24_1058111,3,4,3,3
GEN24_1058118,4,4,4,4
GEN24_1058119,4,4,4,4
GEN24_1058123,4,4,4,4
GEN24_1058128,4,3,4,3
GEN24_1058135,4,4,4,4
GEN24_1058139,4,4,4,4
GEN24_1058140,4,4,4,4
GEN24_1058146,3,4,4,3
GEN24_1058148,3,4,4,3
GEN24_1058153,4,4,3,4
GEN24_1058156,4,4,4,4
GEN24_1058160,4,4,4,4
GEN24_1058167,4,4,4,4
GEN24_1058171,4,4,4,4
GEN24_1058190,4,4,3,4
GEN24_1058195,4,4,4,4
GEN24_1058202,4,4,3,4
GEN24_1058223,4,4,4,4
GEN24_1058228,4,4,4,4
GEN24_1058233,4,4,4,4
GEN24_1058243,4,4,4,4
GEN24_1058247,4,4,4,4
GEN24_1058259,4,4,4,4
GEN24_1058264,4,4,4,4
GEN24_1058272,4,4,4,4
GEN24_1058276,4,4,4,4
GEN24_1058277,4,4,4,4
GEN24_1058281,4,3,4,4
GEN24_1058282,3,4,3,4
GEN24_1058285,4,4,4,4
GEN24_1058286,4,4,4,4
GEN24_1058287,4,4,4,4
GEN24_1058291,4,4,4,4
GEN24_1058292,4,4,3,4
GEN24_1058297,4,4,4,4
GEN24_1058298,4,4,4,4
GEN24_1058299,4,4,4,4
GEN24_1058300,4,4,4,4
GEN24_1058312,4,4,4,4
GEN24_1058316,4,4,3,4
GEN24_1058331,4,4,4,4
GEN24_1058334,4,4,4,4
GEN24_1058337,4,4,4,4
GEN24_1058341,4,4,4,4
GEN24_1058342,4,4,4,4
GEN24_1058346,4,4,4,4
GEN24_1058350,4,4,4,4
GEN24_1058354,4,3,4,3
GEN24_1058362,4,4,4,3
GEN24_1058370,4,4,4,4
GEN24_1058371,4,4,3,4
GEN24_1058372,4,3,4,4
GEN24_1058376,4,4,4,4
GEN24_1058381,4,4,4,4
GEN24_1058400,4,3,4,4
GEN24_1058406,4,4,4,4
GEN24_1058420,4,4,4,3
GEN24_1058421,4,4,4,4
GEN24_1058423,4,4,4,4
GEN24_1058425,4,4,4,4
GEN24_1058428,4,4,4,4
GEN24_1058429,4,4,3,4
GEN24_1058441,4,4,4,4
GEN24_1058442,4,4,4,4
GEN24_1058449,4,4,4,4
GEN24_1058455,4,4,4,4
GEN24_1058456,4,4,4,3
GEN24_1058458,3,4,4,4
GEN24_1058459,4,4,4,4
GEN24_1058469,4,4,4,4
GEN24_1058471,4,4,4,4
GEN24_1058472,4,4,4,4
GEN24_1058475,4,4,4,4
GEN24_1058477,4,4,3,3
GEN24_1058480,4,4,4,4
GEN24_1058485,4,4,4,4
GEN24_1058486,4,4,4,4
GEN24_1058489,4,4,4,4
GEN24_1058491,4,4,4,4
GEN24_1058503,4,4,3,4
GEN24_1058505,4,4,4,4
GEN24_1058513,4,4,4,4
GEN24_1058514,4,4,4,4
GEN24_1058521,4,4,4,3
GEN24_1058525,4,4,4,4
GEN24_1058533,1,1,1,3
GEN24_1058536,4,4,3,4
GEN24_1058541,4,4,4,4
GEN24_1058543,4,4,4,4
GEN24_1058571,4,4,4,4
GEN24_1058573,3,4,4,4
GEN24_1058575,4,4,4,4
GEN24_1058576,4,4,4,4
GEN24_1058577,4,4,4,4
GEN24_1058580,3,4,3,4
GEN24_1058581,4,4,4,4
GEN24_1058582,4,4,3,4
GEN24_1058588,3,3,4,4
GEN24_1058592,4,4,4,4
GEN24_1058593,4,4,4,4
GEN24_1058597,4,4,4,4
GEN24_1058598,4,4,4,4
GEN24_1058609,4,4,4,4
GEN24_1058630,4,4,4,4
GEN24_1058649,4,4,4,4
GEN24_1058651,4,4,4,4
GEN24_1058652,4,4,4,4
GEN24_1058666,4,4,4,4
GEN24_1058675,4,4,4,4
GEN24_1058681,4,4,4,4
GEN24_1058682,3,4,4,4
GEN24_1058691,4,4,4,4
GEN24_1058702,4,4,4,4
GEN24_1058708,4,4,4,4
GEN24_1058719,4,4,4,4
GEN24_1058720,3,3,4,2
GEN24_1058721,4,4,4,4
GEN24_1058747,4,4,4,4
GEN24_1058752,4,3,4,4
GEN24_1058753,3,4,4,3
GEN24_1058756,4,4,4,4
GEN24_1058759,4,4,4,4
GEN24_1058766,3,4,4,4
GEN24_1058768,4,4,4,4
GEN24_1058769,4,4,4,4
GEN24_1058770,3,3,4,4
GEN24_1058780,4,4,4,4
GEN24_1058788,4,4,4,4
GEN24_1058789,4,4,4,4
GEN24_1058795,4,4,4,4
GEN24_1058801,4,4,4,3
GEN24_1058809,4,4,4,4
GEN24_1058833,4,4,4,4
GEN24_1058850,4,4,4,4
GEN24_1058852,4,4,4,4
GEN24_1058858,4,4,4,3
GEN24_1058861,4,4,4,4
GEN24_1058862,4,4,4,4
GEN24_1058864,4,4,4,4
GEN24_1058866,4,3,4,4
GEN24_1058868,3,3,3,3
GEN24_1058870,4,4,4,4
GEN24_1058880,4,4,4,4
GEN24_1058891,4,4,4,4
GEN24_1058893,4,3,4,4
GEN24_1058898,4,4,4,4
GEN24_1058899,4,4,4,3
GEN24_1058905,4,4,4,4
GEN24_1058908,4,4,4,4
GEN24_1058912,4,4,4,4
GEN24_1058916,4,4,4,4
GEN24_1058921,4,4,4,4
GEN24_1058933,4,4,4,4
GEN24_1058934,3,4,4,3
GEN24_1058935,4,4,4,4
GEN24_1058938,4,4,4,4
GEN24_1058940,4,4,4,4
GEN24_1058942,4,4,4,4
GEN24_1058961,4,4,4,4
GEN24_1058972,4,4,4,4
GEN24_1058979,4,4,4,4
GEN24_1058993,4,4,4,4
GEN24_1058995,4,4,4,4
GEN24_1058997,4,4,4,4
GEN24_1059005,4,4,4,2
GEN24_1059006,4,4,4,4
GEN24_1059007,4,4,4,4
GEN24_1059014,4,4,4,4
GEN24_1059015,4,3,4,3
GEN24_1059017,4,4,4,4
GEN24_1059021,4,4,4,4
GEN24_1059022,4,4,4,4
GEN24_1059023,4,4,4,4
GEN24_1059032,4,2,4,3
GEN24_1059035,4,4,4,4
GEN24_1059040,4,4,3,3
GEN24_1059047,4,4,4,4
GEN24_1059048,4,4,4,4
GEN24_1059049,4,4,3,4
GEN24_1059059,3,4,3,3
GEN24_1059071,4,4,4,4
GEN24_1059072,4,4,4,4
GEN24_1059073,4,4,4,2
GEN24_1059075,4,4,4,4
GEN24_1059076,4,4,4,4
GEN24_1059079,4,4,4,4
GEN24_1059083,4,4,4,4
GEN24_1059085,4,4,4,4
GEN24_1059086,4,4,4,4
GEN24_1059089,4,4,4,4
GEN24_1059090,4,4,3,4
GEN24_1059092,4,4,4,4
GEN24_1059094,4,4,4,4
GEN24_1059098,4,4,4,4
GEN24_1059103,4,4,4,4
GEN24_1059104,4,4,4,4
GEN24_1059106,4,4,4,4
GEN24_1059107,4,4,4,3
GEN24_1059111,4,4,4,2
GEN24_1059122,4,4,4,4
GEN24_1059131,4,4,4,4
GEN24_1059162,4,4,4,4
GEN24_1059171,4,4,4,3
GEN24_1059174,4,4,4,4
GEN24_1059176,4,4,4,4
GEN24_1059178,4,4,4,4
GEN24_1059180,4,4,4,4
GEN24_1059181,4,3,4,4
GEN24_1059192,4,4,4,3
GEN24_1059193,4,4,3,4
GEN24_1059195,4,4,4,4
GEN24_1059214,4,4,4,4
GEN24_1059217,4,4,4,4
GEN24_1059218,4,4,4,4
GEN24_1059221,3,4,4,4
GEN24_1059225,3,4,4,4
GEN24_1059233,4,4,4,4
GEN24_1059235,4,4,4,4
GEN24_1059238,4,4,4,4
GEN24_1059243,4,4,4,4
GEN24_1059252,4,4,4,4
GEN24_1059255,4,4,4,4
GEN24_1059265,4,4,4,4
GEN24_1059278,4,4,3,3
GEN24_1059280,4,4,4,4
GEN24_1059291,3,3,4,4
GEN24_1059292,4,4,4,4
GEN24_1059293,4,4,4,4
GEN24_1059294,4,4,4,4
GEN24_1059296,4,4,4,4
GEN24_1059321,4,4,3,4
GEN24_1059322,4,4,4,4
GEN24_1059340,4,4,4,4
GEN24_1059342,4,4,4,4
GEN24_1059354,4,4,4,4
GEN24_1059359,4,4,4,4
GEN24_1059360,2,4,4,4
GEN24_1059361,4,4,4,4
GEN24_1059374,4,4,4,4
GEN24_1059375,4,4,4,4
GEN24_1059377,4,4,4,4
GEN24_1059390,4,4,4,4
GEN24_1059391,4,4,4,4
GEN24_1059393,4,4,4,4
GEN24_1059397,4,4,4,4
GEN24_1059401,4,4,4,4
GEN24_1059410,3,3,4,3
GEN24_1059415,4,4,4,4
GEN24_1059418,3,4,4,4
GEN24_1059419,4,4,4,4
GEN24_1059420,4,4,4,4
GEN24_1059421,4,4,4,2
GEN24_1059422,4,4,4,3
GEN24_1059423,3,3,4,3
GEN24_1059430,4,4,4,4
GEN24_1059434,4,4,4,4
GEN24_1059435,4,4,4,4
GEN24_1059436,4,4,3,3
GEN24_1059446,4,4,3,4
GEN24_1059456,4,4,4,4
GEN24_1059458,4,4,3,4
GEN24_1059470,4,4,4,4
GEN24_1059478,4,4,4,4
GEN24_1059496,4,3,4,2
GEN24_1059498,4,4,4,4
GEN24_1059513,4,4,4,4
GEN24_1059529,4,4,4,3
GEN24_1059538,4,4,4,4
GEN24_1059558,4,4,4,4
GEN24_1059570,4,4,4,4
GEN24_1059582,4,3,4,3
GEN24_1059584,4,4,3,4
GEN24_1059588,4,4,4,4
GEN24_1059593,4,4,4,4
GEN24_1059594,4,4,4,4
GEN24_1059604,3,3,4,3
GEN24_1059611,4,4,4,4
GEN24_1059616,4,4,4,3
GEN24_1059621,4,4,4,4
GEN24_1059627,4,4,4,4
GEN24_1059639,4,4,4,4
GEN24_1059644,4,4,4,4
GEN24_1059650,4,4,4,4
GEN24_1059672,3,4,3,4
GEN24_1059677,4,3,4,3
GEN24_1059678,4,4,4,4
GEN24_1059689,4,4,4,4
GEN24_1059692,4,4,4,4
GEN24_1059695,4,4,4,4
GEN24_1059701,4,4,4,4
GEN24_1059702,4,4,3,4
GEN24_1059705,4,4,4,4
GEN24_1059706,3,3,3,3
GEN24_1059707,4,4,4,4
GEN24_1059708,4,4,4,4
GEN24_1059709,3,4,4,3
GEN24_1059717,4,4,4,4
GEN24_1059720,4,4,4,4
GEN24_1059723,4,4,4,4
GEN24_1059725,4,3,4,4
GEN24_1059729,4,4,4,4
GEN24_1059740,4,4,4,4
GEN24_1059744,4,4,4,4
GEN24_1059748,4,4,4,4
GEN24_1059751,4,4,4,4
GEN24_1059752,4,3,4,4
GEN24_1059753,4,4,4,4
GEN24_1059754,4,4,4,4
GEN24_1059755,4,4,4,4
GEN24_1059756,4,4,4,4
GEN24_1059765,4,4,4,4
GEN24_1059767,4,4,4,4
GEN24_1059769,4,4,4,4
GEN24_1059771,4,4,4,4
GEN24_1059778,4,4,4,4
GEN24_1059785,4,4,4,3
GEN24_1059789,4,4,4,4
GEN24_1059791,4,4,4,4
GEN24_1059816,4,4,3,4
GEN24_1059823,4,4,4,4
GEN24_1059829,3,4,4,4
GEN24_1059831,4,4,4,4
GEN24_1059838,4,4,4,4
GEN24_1059853,4,4,4,4
GEN24_1059856,4,4,4,4
GEN24_1059863,4,4,4,4
GEN24_1059864,4,4,4,4
GEN24_1059866,3,4,4,3
GEN24_1059870,4,4,4,4
GEN24_1059871,4,4,4,4
GEN24_1059878,4,4,4,4
GEN24_1059879,4,4,4,4
GEN24_1059882,4,4,4,4
GEN24_1059883,4,4,4,4
GEN24_1059888,4,4,4,4
GEN24_1059889,4,4,3,4
GEN24_1059890,4,4,3,4
GEN24_1059901,4,4,4,4
GEN24_1059909,4,4,4,4
GEN24_1059914,4,4,4,4
GEN24_1059924,4,4,4,4
GEN24_1059930,4,4,4,4
GEN24_1059931,4,4,4,4
GEN24_1059933,4,4,3,4
GEN24_1059939,4,4,4,3
GEN24_1059944,3,2,3,3
GEN24_1059946,3,4,3,3
GEN24_1059951,4,4,4,4
GEN24_1059959,4,4,4,4
GEN24_1059984,4,4,4,4
GEN24_1059992,4,4,3,3
GEN24_1060009,4,4,4,4
GEN24_1060010,3,4,4,4
GEN24_1060020,4,3,3,4
GEN24_1060023,4,4,4,3
GEN24_1060027,4,4,4,4
GEN24_1060031,4,4,4,4
GEN24_1060037,4,4,4,4
GEN24_1060039,4,4,4,4
GEN24_1060049,4,4,4,3
GEN24_1060050,4,4,4,4
GEN24_1060054,4,4,4,3
GEN24_1060055,4,4,4,4
GEN24_1060061,4,4,4,4
GEN24_1060063,4,4,4,4
GEN24_1060067,4,4,4,4
GEN24_1060068,4,4,4,4
GEN24_1060073,4,4,4,4
GEN24_1060086,4,4,4,4
GEN24_1060087,4,4,4,4
GEN24_1060090,4,4,4,4
GEN24_1060100,4,4,4,4
GEN24_1060105,4,4,4,4
GEN24_1060117,4,4,4,4
GEN24_1060118,4,4,4,4
GEN24_1060120,4,4,4,4
GEN24_1060142,4,4,4,4
GEN24_1060148,4,4,4,4
GEN24_1060156,4,4,4,4
GEN24_1060161,4,4,4,4
GEN24_1060163,4,4,4,4
GEN24_1060165,4,4,3,4
GEN24_1060170,4,4,4,4
GEN24_1060180,4,4,4,4
GEN24_1060189,4,4,4,4
GEN24_1060191,4,4,4,4
GEN24_1060195,4,4,4,4
GEN24_1060198,4,4,4,4
GEN24_1060201,3,4,4,2
GEN24_1060203,4,4,4,3
GEN24_1060204,4,4,4,4
GEN24_1060217,4,4,4,4
GEN24_1060218,4,4,4,4
GEN24_1060220,4,4,4,4
GEN24_1060223,4,4,4,4
GEN24_1060226,4,4,4,4
GEN24_1060230,4,4,4,4
GEN24_1060231,3,4,3,3
GEN24_1060238,4,4,4,4
GEN24_1060242,4,3,4,4
GEN24_1060284,4,4,4,4
GEN24_1060296,4,4,4,4
GEN24_1060309,4,4,4,4
GEN24_1060318,4,4,4,4
GEN24_1060328,4,4,3,3
GEN24_1060329,4,4,4,3
GEN24_1060341,4,4,4,4
GEN24_1060348,4,4,1,4
GEN24_1060352,4,4,4,4
GEN24_1060356,4,4,4,4
GEN24_1060367,4,4,4,4
GEN24_1060369,4,3,3,3
GEN24_1060370,4,4,4,4
GEN24_1060374,4,4,4,4
GEN24_1060383,4,4,4,4
GEN24_1060386,4,4,4,4
GEN24_1060391,4,4,4,4
GEN24_1060399,4,4,4,4
GEN24_1060403,3,4,3,4
GEN24_1060404,4,4,4,4
GEN24_1060405,4,4,3,4
GEN24_1060410,4,3,4,4
GEN24_1060412,4,4,4,3
GEN24_1060414,4,4,4,3
GEN24_1060416,4,3,4,3
GEN24_1060418,4,4,4,4
GEN24_1060420,4,4,4,4
GEN24_1060424,4,4,4,4
GEN24_1060425,4,4,4,4
GEN24_1060429,4,4,4,2
GEN24_1060435,4,4,4,4
GEN24_1060437,4,4,4,4
GEN24_1060439,4,4,4,3
GEN24_1060441,4,4,4,4
GEN24_1060447,4,4,4,4
GEN24_1060451,4,4,4,4
GEN24_1060459,4,4,4,4
GEN24_1060463,4,4,4,4
GEN24_1060468,4,4,3,3
GEN24_1060481,4,4,4,4
GEN24_1060486,4,4,4,4
GEN24_1060498,4,4,4,3
GEN24_1060507,4,4,4,4
GEN24_1060510,4,4,4,4
GEN24_1060516,4,4,4,4
GEN24_1060519,4,4,4,4
GEN24_1060522,4,4,4,4
GEN24_1060527,4,4,4,4
GEN24_1060528,3,4,3,2
GEN24_1060529,3,3,4,4
GEN24_1060548,4,4,4,4
GEN24_1060552,4,4,4,4
GEN24_1060571,3,3,4,3
GEN24_1060574,4,4,4,4
GEN24_1060587,4,4,4,4
GEN24_1060589,4,4,4,4
GEN24_1060609,4,4,4,4
GEN24_1060619,4,4,4,4
GEN24_1060626,4,3,4,4
GEN24_1060634,4,4,4,4
GEN24_1060636,4,4,4,4
GEN24_1060641,4,4,4,4
GEN24_1060653,4,4,4,4
GEN24_1060655,4,4,4,4
GEN24_1060658,4,4,4,4
GEN24_1060661,4,4,4,4
GEN24_1060667,4,4,4,4
GEN24_1060670,4,4,4,4
GEN24_1060671,4,4,4,4
GEN24_1060677,4,4,4,4
GEN24_1060679,4,4,4,4
GEN24_1060686,4,4,4,4
GEN24_1060688,4,4,4,4
GEN24_1060694,4,4,4,4
GEN24_1060698,4,4,4,4
GEN24_1060700,4,4,4,4
GEN24_1060701,4,4,4,4
GEN24_1060703,4,4,4,4
GEN24_1060704,4,4,4,4
GEN24_1060710,4,4,4,4
GEN24_1060713,4,4,4,2
GEN24_1060723,4,4,4,4
GEN24_1060742,4,3,4,4
GEN24_1060745,4,4,4,4
GEN24_1060753,4,4,4,4
GEN24_1060766,4,4,4,4
GEN24_1060771,4,4,4,4
GEN24_1060777,4,4,4,4
GEN24_1060780,4,4,4,4
GEN24_1060783,4,4,4,4
GEN24_1060784,4,4,4,4
GEN24_1060788,4,4,4,4
GEN24_1060790,4,4,4,4
GEN24_1060802,4,4,4,4
GEN24_1060809,4,4,4,4
GEN24_1060812,4,4,4,4
GEN24_1060829,4,4,4,4
GEN24_1060830,4,4,4,3
GEN24_1060837,4,4,4,4
GEN24_1060843,4,4,4,4
GEN24_1060848,4,4,4,4
GEN24_1060861,3,4,4,4
GEN24_1060871,3,4,4,4
GEN24_1060872,4,4,4,3
GEN24_1060880,4,4,4,4
GEN24_1060881,4,4,4,3
GEN24_1060890,4,4,4,4
GEN24_1060908,4,4,4,4
GEN24_1060910,4,4,4,4
GEN24_1060911,4,4,4,4
GEN24_1060913,4,4,4,4
GEN24_1060914,4,4,4,4
GEN24_1060915,4,4,4,4
GEN24_1060917,4,4,4,4
GEN24_1060918,4,4,4,4
GEN24_1060924,4,4,1,4
GEN24_1060937,4,4,4,4
GEN24_1060940,4,4,4,4
GEN24_1060941,4,4,3,3
GEN24_1060947,4,4,4,4
GEN24_1060948,4,4,4,4
GEN24_1060950,4,4,4,4
GEN24_1060951,4,4,4,4
GEN24_1060956,4,4,4,4
GEN24_1060959,4,4,4,4
GEN24_1060960,4,4,4,3
GEN24_1060962,4,4,4,3
GEN24_1060963,4,4,4,4
GEN24_1060968,4,4,4,4
GEN24_1060971,4,4,4,4
GEN24_1060972,3,4,3,4
GEN24_1060974,4,4,4,4
GEN24_1060981,4,4,3,4
GEN24_1060985,4,4,4,4
GEN24_1060995,4,4,4,4
GEN24_1061000,4,3,3,3
GEN24_1061001,4,4,4,4
GEN24_1061004,4,4,4,4
GEN24_1061023,4,4,4,4
GEN24_1061031,4,4,4,3
GEN24_1061048,4,4,4,4
GEN24_1061065,4,4,3,4
GEN24_1061067,4,4,4,4
GEN24_1061084,4,4,3,4
GEN24_1061088,4,4,4,4
GEN24_1061105,4,4,4,4
GEN24_1061106,4,4,4,4
GEN24_1061117,4,4,4,4
GEN24_1061122,4,4,4,4
GEN24_1061138,4,4,4,4
GEN24_1061139,4,4,4,4
GEN24_1061203,4,3,4,4
GEN24_1061207,4,4,3,4
GEN24_1061211,4,3,4,4
GEN24_1061234,4,4,4,4
GEN24_1061236,4,4,3,4
GEN24_1061247,4,4,4,4
GEN24_1061248,4,4,3,4
GEN24_1061252,4,4,4,4
GEN24_1061255,4,4,4,4
GEN24_1061263,4,4,4,4
GEN24_1061265,4,4,4,4
GEN24_1061267,4,4,4,3
GEN24_1061290,4,3,4,4
GEN24_1061294,4,4,4,4
GEN24_1061300,4,4,4,4
GEN24_1061301,4,4,4,4
GEN24_1061304,4,4,4,4
GEN24_1061306,4,3,4,2
GEN24_1061313,4,4,4,4
GEN24_1061314,4,4,4,4
GEN24_1061329,4,4,3,3
GEN24_1061334,4,4,4,4
GEN24_1061335,4,4,4,4
GEN24_1061337,4,4,4,4
GEN24_1061344,4,4,4,4
GEN24_1061348,4,4,4,4
GEN24_1061359,4,4,4,4
GEN24_1061363,4,4,4,4
GEN24_1061368,4,4,4,4
GEN24_1061370,4,4,4,3
GEN24_1061371,4,4,4,4
GEN24_1061372,4,4,4,4
GEN24_1061380,4,4,4,4
GEN24_1061382,4,2,4,2
GEN24_1061392,4,4,4,3
GEN24_1061395,4,3,4,4
GEN24_1061398,4,4,4,4
GEN24_1061410,4,4,4,4
GEN24_1061417,4,4,4,4
GEN24_1061418,4,4,4,3
GEN24_1061426,4,4,4,4
GEN24_1061436,4,4,4,4
GEN24_1061437,4,4,4,4
GEN24_1061441,4,4,4,3
GEN24_1061444,4,4,4,4
GEN24_1061461,4,4,4,4
GEN24_1061463,4,4,4,4
GEN24_1061471,4,4,4,4
GEN24_1061478,4,4,4,4
GEN24_1061479,4,4,4,4
GEN24_1061498,4,4,4,4
GEN24_1061513,4,4,3,4
GEN24_1061514,4,4,4,4
GEN24_1061516,4,4,3,4
GEN24_1061518,4,4,4,4
GEN24_1061535,4,4,4,4
GEN24_1061564,4,4,4,4
GEN24_1061575,4,4,4,4
GEN24_1061592,4,4,4,4
GEN24_1061595,4,4,4,4
GEN24_1061657,4,4,4,4
GEN24_1061659,4,4,4,4
GEN24_1061670,4,4,4,4
GEN24_1061672,4,4,4,4
GEN24_1061673,4,4,4,4
GEN24_1061676,4,3,4,3
GEN24_1061690,4,4,4,4
GEN24_1061703,4,4,4,4
GEN24_1061710,4,4,4,4
GEN24_1061729,4,4,4,4
GEN24_1061731,4,4,4,4
GEN24_1061748,4,4,3,3
GEN24_1061750,4,4,3,4
GEN24_1061755,4,3,3,3
GEN24_1061756,4,4,4,4
GEN24_1061757,4,4,4,4
GEN24_1061758,4,4,4,4
GEN24_1061760,4,3,3,4
GEN24_1061768,4,4,4,3
GEN24_1061775,4,4,4,4
GEN24_1061783,4,4,4,4
GEN24_1061786,4,3,3,4
GEN24_1061791,4,4,3,3
GEN24_1061793,4,4,3,4
GEN24_1061794,4,4,4,4
GEN24_1061816,3,4,4,4
GEN24_1061821,4,4,4,4
GEN24_1061827,4,4,4,4
GEN24_1061829,4,4,4,4
GEN24_1061833,4,4,4,4
GEN24_1061834,4,4,4,4
GEN24_1061835,4,4,4,4
GEN24_1061836,4,4,4,4
GEN24_1061840,3,3,3,4
GEN24_1061843,4,3,3,3
GEN24_1061847,4,4,3,4
GEN24_1061862,4,4,4,4
GEN24_1061865,4,4,4,4
GEN24_1061866,4,4,4,3
GEN24_1061871,4,4,3,3
GEN24_1061874,4,4,4,4
GEN24_1061876,4,3,3,4
GEN24_1061878,4,4,4,4
GEN24_1061893,4,4,4,4
GEN24_1061895,3,3,4,4
GEN24_1061902,4,4,3,3
GEN24_1061904,4,4,4,4
GEN24_1061907,4,4,4,4
GEN24_1061912,4,4,4,4
GEN24_1061956,4,4,4,4
GEN24_1061969,4,4,4,4
GEN24_1061970,4,4,4,4
GEN24_1061972,4,2,4,4
GEN24_1061977,4,4,4,4
GEN24_1061982,4,4,4,4
GEN24_1061986,4,4,4,4
GEN24_1061993,4,4,4,3
GEN24_1062000,3,4,3,3
GEN24_1062006,4,4,4,4
GEN24_1062008,3,4,4,4
GEN24_1062037,4,4,4,4
GEN24_1062038,4,4,3,2
GEN24_1062045,4,4,4,4
GEN24_1062061,4,4,4,4
GEN24_1062076,4,4,4,4
GEN24_1062085,4,4,4,4
GEN24_1062088,4,4,4,4
GEN24_1062089,4,4,4,4
GEN24_1062091,4,4,4,4
GEN24_1062106,4,4,4,4
GEN24_1062108,4,4,4,4
GEN24_1062110,4,4,4,4
GEN24_1062112,4,4,4,4
GEN24_1062115,4,4,4,4
GEN24_1062123,4,4,4,3
GEN24_1062154,4,4,4,4
GEN24_1062156,4,4,4,4
GEN24_1062161,4,4,4,4
GEN24_1062187,4,4,4,4
GEN24_1062190,4,4,4,4
GEN24_1062202,4,4,4,4
GEN24_1062204,4,4,3,4
GEN24_1062208,4,4,3,4
GEN24_1062210,4,4,4,4
GEN24_1062213,4,4,4,4
GEN24_1062215,4,3,3,4
GEN24_1062218,3,3,4,4
GEN24_1062220,2,2,4,4
GEN24_1062235,4,4,4,4
GEN24_1062243,4,4,3,4
GEN24_1062244,4,4,3,4
GEN24_1062250,4,4,4,4
GEN24_1062260,3,4,3,2
GEN24_1062263,4,4,4,3
GEN24_1062287,4,4,4,4
GEN24_1062290,4,4,4,4
GEN24_1062293,4,4,4,4
GEN24_1062294,4,4,4,4
GEN24_1062306,4,4,4,4
GEN24_1062311,4,4,4,4
GEN24_1062333,3,3,3,4
GEN24_1062338,4,4,4,4
GEN24_1062341,4,4,4,4
GEN24_1062346,4,4,4,4
GEN24_1062358,3,4,4,4
GEN24_1062362,4,4,4,4
GEN24_1062366,4,4,3,4
GEN24_1062369,4,4,4,4
GEN24_1062370,4,4,4,4
GEN24_1062373,4,4,4,4
GEN24_1062406,3,4,3,4
GEN24_1062413,4,4,4,3
GEN24_1062415,4,4,4,4
GEN24_1062423,4,4,4,4
GEN24_1062427,4,4,4,4
GEN24_1062435,4,4,4,4
GEN24_1062446,4,4,4,4
GEN24_1062449,4,4,4,3
GEN24_1062451,4,4,4,4
GEN24_1062452,4,4,4,4
GEN24_1062454,4,4,4,4
GEN24_1062460,4,4,4,4
GEN24_1062463,4,3,4,2
GEN24_1062482,4,4,4,4
GEN24_1062484,4,4,4,4
GEN24_1062486,4,4,4,4
GEN24_1062494,4,4,4,4
GEN24_1062516,4,4,4,4
GEN24_1062523,4,4,4,3
GEN24_1062524,4,4,4,4
GEN24_1062525,4,4,4,4
GEN24_1062537,4,4,4,4
GEN24_1062540,3,4,3,4
GEN24_1062541,4,3,4,4
GEN24_1062546,4,4,4,3
GEN24_1062547,4,3,4,3
GEN24_1062556,4,4,4,4
GEN24_1062561,4,4,4,4
GEN24_1062565,4,4,4,4
GEN24_1062570,4,4,4,4
GEN24_1062584,4,4,4,4
GEN24_1062587,4,4,4,4
GEN24_1062596,4,4,4,3
GEN24_1062600,4,4,4,4
GEN24_1062602,4,4,3,4
GEN24_1062605,4,3,4,4
GEN24_1062617,4,4,4,4
GEN24_1062635,4,4,4,3
GEN24_1062636,4,4,3,4
GEN24_1062655,4,4,4,4
GEN24_1062674,4,4,4,4
GEN24_1062688,4,4,3,3
GEN24_1062693,4,4,4,4
GEN24_1062709,4,4,3,4
GEN24_1062714,4,4,4,4
GEN24_1062715,4,4,4,4
GEN24_1062720,4,4,4,4
GEN24_1062725,4,4,4,4
GEN24_1062730,4,4,4,4
GEN24_1062731,4,4,4,4
GEN24_1062733,4,4,4,4
GEN24_1062734,4,4,4,4
GEN24_1062736,4,4,4,3
GEN24_1062742,4,3,4,2
GEN24_1062759,4,4,4,4
GEN24_1062768,4,4,4,4
GEN24_1062776,4,4,4,4
GEN24_1062782,4,4,4,4
GEN24_1062795,4,4,4,4
GEN24_1062796,4,4,4,4
GEN24_1062805,4,4,4,4
GEN24_1062823,3,4,3,4
GEN24_1062825,4,2,4,3
GEN24_1062832,3,4,3,4
GEN24_1062842,4,4,4,4
GEN24_1062848,4,4,4,3
GEN24_1062849,4,4,4,4
GEN24_1062850,4,4,4,4
GEN24_1062852,4,4,4,4
GEN24_1062855,4,4,4,4
GEN24_1062864,4,4,4,4
GEN24_1062868,4,3,4,4
GEN24_1062869,4,4,4,4
GEN24_1062871,4,4,4,4
GEN24_1062878,4,4,4,4
GEN24_1062883,4,4,3,4
GEN24_1062887,4,4,4,4
GEN24_1062888,4,4,4,4
GEN24_1062895,4,4,4,4
GEN24_1062899,4,4,4,4
GEN24_1062907,4,4,4,4
GEN24_1062916,4,4,4,4
GEN24_1062926,4,4,4,4
GEN24_1062936,4,4,4,4
GEN24_1062938,4,4,4,4
GEN24_1062944,4,4,4,3
GEN24_1062945,4,4,4,4
GEN24_1062955,4,4,4,4
GEN24_1062956,4,4,4,4
GEN24_1062969,4,4,4,4
GEN24_1062972,4,4,4,3
GEN24_1062985,4,4,4,4
GEN24_1062990,4,4,4,4
GEN24_1062992,4,4,4,3
GEN24_1063000,4,4,4,4
GEN24_1063002,4,4,4,4
GEN24_1063006,4,4,4,4
GEN24_1063018,4,4,4,4
GEN24_1063019,4,4,3,4
GEN24_1063020,4,4,4,4
GEN24_1063022,4,4,4,4
GEN24_1063031,3,3,4,3
GEN24_1063038,4,4,4,4
GEN24_1063051,4,2,4,4
GEN24_1063087,4,4,4,3
GEN24_1063091,4,4,4,4
GEN24_1063107,4,4,4,4
GEN24_1063115,3,4,3,4
GEN24_1063117,4,3,4,4
GEN24_1063127,4,4,4,4
GEN24_1063130,4,4,4,4
GEN24_1063131,4,4,3,4
GEN24_1063145,4,4,4,4
GEN24_1063147,4,4,4,4
GEN24_1063153,3,4,4,4
GEN24_1063155,4,4,4,4
GEN24_1063159,4,4,4,4
GEN24_1063174,4,4,4,4
GEN24_1063177,4,4,4,4
GEN24_1063183,4,4,4,4
GEN24_1063191,4,4,4,4
GEN24_1063199,4,3,3,3
GEN24_1063200,4,4,4,4
GEN24_1063205,4,4,4,4
GEN24_1063207,3,4,4,4
GEN24_1063208,3,4,4,4
GEN24_1063212,4,4,4,4
GEN24_1063225,4,4,4,4
GEN24_1063227,4,3,4,4
GEN24_1063231,4,4,4,4
GEN24_1063232,4,4,4,4
GEN24_1063236,4,4,4,3
GEN24_1063238,4,4,3,4
GEN24_1063245,4,4,4,4
GEN24_1063304,4,4,3,4
GEN24_1063308,4,4,4,4
GEN24_1063330,4,4,4,4
GEN24_1063337,4,4,4,3
GEN24_1063341,4,4,3,4
GEN24_1063344,4,3,4,3
GEN24_1063346,4,3,4,3
GEN24_1063348,4,4,4,4
GEN24_1063384,4,4,4,4
GEN24_1063404,4,4,4,4
GEN24_1063407,4,4,4,4
GEN24_1063409,4,4,4,4
GEN24_1063410,4,4,4,4
GEN24_1063411,4,4,4,4
GEN24_1063424,4,4,4,4
GEN24_1063426,4,4,4,4
GEN24_1063428,4,4,3,4
GEN24_1063435,4,4,4,4
GEN24_1063451,4,4,4,4
GEN24_1063460,4,4,4,4
GEN24_1063461,4,4,4,4
GEN24_1063468,4,4,4,4
GEN24_1063471,4,4,4,4
GEN24_1063480,4,4,4,4
GEN24_1063487,4,4,4,4
GEN24_1063496,4,3,4,4
GEN24_1063498,4,4,4,4
GEN24_1063511,4,4,3,3
GEN24_1063517,4,4,4,4
GEN24_1063518,4,4,4,4
GEN24_1063528,4,4,4,4
GEN24_1063547,4,4,4,4
GEN24_1063554,4,4,4,4
GEN24_1063564,4,4,4,4
GEN24_1063569,4,4,4,4
GEN24_1063571,4,4,3,4
GEN24_1063572,4,4,4,4
GEN24_1063577,4,4,4,4
GEN24_1063583,4,4,4,4
GEN24_1063585,4,4,4,4
GEN24_1063597,4,3,3,4
GEN24_1063601,4,4,4,3
GEN24_1063603,4,4,4,4
GEN24_1063606,3,4,4,4
GEN24_1063609,4,4,3,4
GEN24_1063633,1,1,1,4
GEN24_1063642,4,4,4,4
GEN24_1063661,4,4,4,1
GEN24_1063662,4,4,4,4
GEN24_1063670,4,4,4,4
GEN24_1063673,4,4,4,4
GEN24_1063684,4,4,4,4
GEN24_1063688,4,3,3,3
GEN24_1063691,4,4,4,3
GEN24_1063693,4,4,4,4
GEN24_1063695,4,4,4,4
GEN24_1063702,4,4,4,4
GEN24_1063705,4,4,4,4
GEN24_1063706,4,4,4,4
GEN24_1063708,4,4,4,4
GEN24_1063730,3,3,3,4
GEN24_1063735,4,4,4,4
GEN24_1063741,4,4,4,4
GEN24_1063742,4,3,3,4
GEN24_1063753,3,4,4,4
GEN24_1063763,4,4,3,4
GEN24_1063764,4,4,4,4
GEN24_1063769,4,4,4,4
GEN24_1063770,4,3,4,3
GEN24_1063773,4,4,4,4
GEN24_1063778,4,4,4,3
GEN24_1063780,4,4,4,4
GEN24_1063785,4,4,4,4
GEN24_1063786,4,4,4,4
GEN24_1063795,4,4,4,4
GEN24_1063804,4,4,4,4
GEN24_1063816,4,4,4,4
GEN24_1063823,4,4,4,4
GEN24_1063824,4,4,4,4
GEN24_1063829,4,4,4,4
GEN24_1063832,4,4,3,4
GEN24_1063833,4,4,4,4
GEN24_1063845,4,4,4,4
GEN24_1063846,4,2,4,4
GEN24_1063853,4,4,4,4
GEN24_1063855,4,4,4,4
GEN24_1063862,4,4,4,4
GEN24_1063864,4,4,4,3
GEN24_1063867,3,4,3,4
GEN24_1063871,4,4,4,4
GEN24_1063872,4,4,3,4
GEN24_1063874,4,3,3,4
GEN24_1063875,4,4,4,4
GEN24_1063876,4,4,4,4
GEN24_1063877,4,4,4,4
GEN24_1063880,4,4,4,4
GEN24_1063891,4,3,4,4
GEN24_1063892,4,3,3,4
GEN24_1063900,4,4,4,4
GEN24_1063901,4,4,4,4
GEN24_1063908,4,4,3,4
GEN24_1063910,4,4,4,4
GEN24_1063916,4,4,4,4
GEN24_1063930,4,4,3,3
GEN24_1063936,4,4,4,3
GEN24_1063937,4,4,4,4
GEN24_1063967,4,4,4,4
GEN24_1063968,4,4,4,4
GEN24_1063971,4,4,4,4
GEN24_1063974,4,4,4,4
GEN24_1063976,4,4,4,4
GEN24_1063977,2,3,4,3
GEN24_1063979,4,4,4,4
GEN24_1064006,4,4,4,4
GEN24_1064012,4,4,4,4
GEN24_1064015,4,4,3,3
GEN24_1064023,4,4,4,4
GEN24_1064025,4,4,4,4
GEN24_1064033,4,4,4,4
GEN24_1064048,4,4,4,4
GEN24_1064069,4,3,4,4
GEN24_1064074,4,2,4,3
GEN24_1064077,4,4,3,4
GEN24_1064084,4,4,4,4
GEN24_1064087,4,4,4,3
GEN24_1064105,4,4,4,4
GEN24_1064126,4,4,4,4
GEN24_1064127,4,4,4,4
GEN24_1064135,4,4,4,4
GEN24_1064182,4,4,4,4
GEN24_1064196,4,4,4,4
GEN24_1064210,4,4,4,4
GEN24_1064255,4,4,4,4
GEN24_1064259,4,4,4,4
GEN24_1064265,3,4,4,4
GEN24_1064266,4,4,4,4
GEN24_1064274,4,4,4,4
GEN24_1064275,4,4,4,4
GEN24_1064285,4,4,4,4
GEN24_1064304,4,4,4,4
GEN24_1064306,4,4,4,4
GEN24_1064312,4,4,4,4
GEN24_1064326,4,4,4,4
GEN24_1064327,4,4,3,4
GEN24_1064336,4,4,4,4
GEN24_1064338,4,4,4,4
GEN24_1064355,4,4,4,3
GEN24_1064377,4,4,4,3
GEN24_1064392,4,4,4,2
GEN24_1064393,4,4,3,3
GEN24_1064394,4,3,4,3
GEN24_1064399,4,4,4,4
GEN24_1064408,4,4,4,4
GEN24_1064414,4,4,4,4
GEN24_1064418,4,4,4,4
GEN24_1064428,4,4,4,4
GEN24_1064430,4,2,4,4
GEN24_1064433,4,4,4,2
GEN24_1064444,4,4,3,4
GEN24_1064474,4,4,4,4
GEN24_1064496,4,4,4,4
GEN24_1064507,4,4,4,4
GEN24_1064520,4,4,4,4
GEN24_1064522,4,3,4,3
GEN24_1064529,4,4,4,4
GEN24_1064531,4,4,4,4
GEN24_1064532,4,4,4,4
GEN24_1064534,4,4,4,4
GEN24_1064535,4,4,4,3
GEN24_1064536,4,4,4,4
GEN24_1064540,4,4,4,4
GEN24_1064543,4,4,4,4
GEN24_1064544,4,4,4,4
GEN24_1064559,4,4,4,4
GEN24_1064567,4,4,4,3
GEN24_1064573,3,3,3,4
GEN24_1064583,4,4,4,1
GEN24_1064585,4,4,4,4
GEN24_1064611,4,4,4,4
GEN24_1064617,4,4,4,4
GEN24_1064666,4,4,4,4
GEN24_1064669,4,4,4,4
GEN24_1064671,4,4,4,4
GEN24_1064672,4,4,4,4
GEN24_1064727,4,4,4,4
GEN24_1064732,4,4,4,3
GEN24_1064742,3,3,4,4
GEN24_1064748,4,4,4,4
GEN24_1064754,4,4,4,4
GEN24_1064763,4,4,4,4
GEN24_1064788,4,4,4,4
GEN24_1064796,4,4,3,4
GEN24_1064797,4,4,3,4
GEN24_1064809,4,4,4,4
GEN24_1064831,4,4,4,4
GEN24_1064837,4,3,4,4
GEN24_1064844,4,4,4,3
GEN24_1064854,4,4,4,4
GEN24_1064855,4,4,4,4
GEN24_1064878,4,3,4,4
GEN24_1064894,4,4,4,4
GEN24_1064902,4,4,3,4
GEN24_1064903,4,4,4,3
GEN24_1064908,4,4,4,4
GEN24_1064913,4,4,4,4
GEN24_1064941,4,4,4,4
GEN24_1064951,4,4,4,4
GEN24_1064962,4,4,4,4
GEN24_1064963,4,4,4,4
GEN24_1064988,4,4,4,4
GEN24_1064991,4,4,4,4
GEN24_1065007,4,4,4,4
GEN24_1065011,4,4,4,4
GEN24_1065016,3,4,4,3
GEN24_1065024,4,4,4,4
GEN24_1065038,4,4,4,4
GEN24_1065049,4,4,4,4
GEN24_1065071,4,3,4,4
GEN24_1065072,4,4,4,4
GEN24_1065083,4,4,4,4
GEN24_1065085,4,4,4,4
GEN24_1065090,4,4,4,4
GEN24_1065112,4,3,3,4
GEN24_1065122,4,4,4,4
GEN24_1065123,4,4,4,4
GEN24_1065146,4,4,4,4
GEN24_1065149,4,4,4,4
GEN24_1065152,4,4,4,4
GEN24_1065157,4,4,4,4
GEN24_1065184,4,4,4,4
GEN24_1065188,4,4,4,3
GEN24_1065196,2,2,4,2
GEN24_1065214,4,4,4,4
GEN24_1065216,4,4,4,4
GEN24_1065220,4,4,4,4
GEN24_1065226,4,4,4,4
GEN24_1065263,4,4,4,4
GEN24_1065279,4,4,4,4
GEN24_1065287,4,4,4,4
GEN24_1065298,4,4,4,3
GEN24_1065300,4,4,4,4
GEN24_1065307,4,4,4,4
GEN24_1065324,4,4,4,4
GEN24_1065325,4,4,4,4
GEN24_1065330,4,4,4,4
GEN24_1065331,4,4,4,4
GEN24_1065336,4,4,4,4
GEN24_1065345,4,4,4,4
GEN24_1065350,4,4,4,4
GEN24_1065361,4,4,4,4
GEN24_1065389,4,4,4,4
GEN24_1065393,4,4,4,4
GEN24_1065420,4,4,4,4
GEN24_1065421,4,4,4,4
GEN24_1065433,4,4,4,4
GEN24_1065445,4,4,4,4
GEN24_1065465,4,4,4,4
GEN24_1065512,4,4,4,4
GEN24_1065517,4,4,4,4
GEN24_1065525,4,4,4,3
GEN24_1065526,4,4,4,4
GEN24_1065527,4,4,4,4
GEN24_1065539,4,4,3,3
GEN24_1065543,4,4,3,4
GEN24_1065547,4,4,4,4
GEN24_1065548,4,4,4,4
GEN24_1065550,4,4,4,4
GEN24_1065579,4,3,4,2
GEN24_1065583,3,3,4,4
GEN24_1065592,4,4,4,3
GEN24_1065610,4,3,4,3
GEN24_1065621,4,4,4,4
GEN24_1065627,4,4,4,4
GEN24_1065632,4,4,4,4
GEN24_1065643,4,4,4,4
GEN24_1065648,4,4,4,4
GEN24_1065677,4,3,4,4
GEN24_1065679,4,4,4,4
GEN24_1065680,4,4,4,4
GEN24_1065689,4,3,3,4
GEN24_1065728,4,3,4,3
GEN24_1065733,3,4,4,4
GEN24_1065749,4,2,4,4
GEN24_1065753,3,4,4,2
GEN24_1065754,4,4,4,4
GEN24_1065769,4,4,4,4
GEN24_1065781,4,4,4,4
GEN24_1065786,4,4,4,4
GEN24_1065808,4,4,4,4
GEN24_1065813,4,4,4,4
GEN24_1065858,4,4,4,4
GEN24_1065861,4,4,4,3
GEN24_1065876,4,4,4,4
GEN24_1065904,4,4,4,2
GEN24_1065910,4,4,4,4
GEN24_1065935,4,4,4,4
GEN24_1065936,4,4,4,4
GEN24_1065940,4,4,4,3
GEN24_1065950,4,4,4,4
GEN24_1065963,4,3,3,4
GEN24_1065966,4,4,4,4
GEN24_1065978,4,4,2,4
GEN24_1065980,3,4,4,4
GEN24_1065982,4,4,4,3
GEN24_1065984,4,4,4,4
GEN24_1065987,4,4,4,4
GEN24_1065989,4,4,4,4
GEN24_1065996,4,4,4,4
GEN24_1065999,4,4,4,4
GEN24_1066025,4,4,4,4
GEN24_1066027,4,3,4,3
GEN24_1066028,4,4,4,4
GEN24_1066034,4,4,4,4
GEN24_1066049,4,4,4,4
GEN24_1066067,4,4,4,4
GEN24_1066079,4,4,3,4
GEN24_1066085,4,4,4,4
GEN24_1066087,4,4,4,4
GEN24_1066090,4,4,4,4
GEN24_1066095,4,4,4,4
GEN24_1066115,4,4,4,4
GEN24_1066122,4,4,4,4
GEN24_1066127,4,4,4,4
GEN24_1066167,4,4,4,4
GEN24_1066168,4,4,4,4
GEN24_1066173,4,4,4,4
GEN24_1066183,4,4,4,4
GEN24_1066184,4,4,4,4
GEN24_1066186,4,4,4,4
GEN24_1066188,4,4,4,4
GEN24_1066190,4,4,4,4
GEN24_1066192,4,4,4,3
GEN24_1066196,4,4,4,4
GEN24_1066198,4,4,4,4
GEN24_1066209,4,3,4,4
GEN24_1066210,4,4,4,4
GEN24_1066211,4,4,4,4
GEN24_1066214,4,4,4,4
GEN24_1066215,4,4,4,4
GEN24_1066237,4,4,4,4
GEN24_1066261,4,4,4,4
GEN24_1066267,4,4,4,4
GEN24_1066272,4,4,4,4
GEN24_1066286,4,4,4,4
GEN24_1066287,4,4,4,4
GEN24_1066292,4,4,4,4
GEN24_1066293,4,4,4,4
GEN24_1066308,4,4,4,4
GEN24_1066309,4,4,4,4
GEN24_1066319,4,4,4,4
GEN24_1066327,4,4,4,4
GEN24_1066339,4,4,4,4
GEN24_1066361,4,4,4,4
GEN24_1066368,4,4,3,4
GEN24_1066388,4,4,4,4
GEN24_1066391,4,4,4,4
GEN24_1066405,4,4,4,4
GEN24_1066407,4,4,4,4
GEN24_1066413,4,4,4,4
GEN24_1066414,4,4,4,4
GEN24_1066421,4,4,4,4
GEN24_1066422,4,4,4,4
GEN24_1066425,4,3,4,4
GEN24_1066437,4,4,4,4
GEN24_1066443,4,4,4,4
GEN24_1066455,4,4,4,4
GEN24_1066461,3,4,4,4
GEN24_1066465,4,4,4,4
GEN24_1066466,4,4,3,4
GEN24_1066486,4,4,4,4
GEN24_1066489,4,4,4,3
GEN24_1066491,4,4,4,4
GEN24_1066498,4,4,4,4
GEN24_1066509,4,4,3,4
GEN24_1066519,4,4,4,4
GEN24_1066535,3,2,4,1
GEN24_1066556,4,4,4,4
GEN24_1066586,4,4,4,4
GEN24_1066598,4,4,4,3
GEN24_1066603,4,4,4,4
GEN24_1066608,4,4,4,4
GEN24_1066617,4,3,3,4
GEN24_1066619,4,4,4,4
GEN24_1066621,3,4,4,4
GEN24_1066663,4,4,4,4
GEN24_1066665,4,4,4,4
GEN24_1066695,4,4,4,4
GEN24_1066698,4,4,4,4
GEN24_1066699,3,4,4,4
GEN24_1066702,4,4,4,3
GEN24_1066704,4,4,4,4
GEN24_1066725,2,4,3,2
GEN24_1066728,4,4,3,3
GEN24_1066732,4,4,4,4
GEN24_1066742,4,4,3,4
GEN24_1066747,4,4,4,4
GEN24_1066749,4,4,4,4
GEN24_1066753,4,4,4,4
GEN24_1066756,4,4,4,4
GEN24_1066776,3,4,4,3
GEN24_1066797,4,3,4,3
GEN24_1066800,4,4,4,4
GEN24_1066805,3,4,3,3
GEN24_1066807,4,4,4,4
GEN24_1066817,4,4,4,4
GEN24_1066818,4,3,4,3
GEN24_1066824,4,4,4,4
GEN24_1066827,4,4,4,4
GEN24_1066835,4,4,4,4
GEN24_1066846,4,4,4,4
GEN24_1066861,4,4,4,4
GEN24_1066863,4,3,4,4
GEN24_1066869,4,4,4,4
GEN24_1066873,4,4,4,4
GEN24_1066887,4,4,4,4
GEN24_1066894,4,4,4,4
GEN24_1066898,4,4,4,4
GEN24_1066901,4,4,4,4
GEN24_1066933,4,4,4,4
GEN24_1066946,4,4,3,2
GEN24_1066953,4,4,4,4
GEN24_1066957,4,4,4,4
GEN24_1066958,1,1,3,4
GEN24_1066961,4,4,4,4
GEN24_1066967,4,4,4,3
GEN24_1066980,4,4,3,4
GEN24_1066981,4,4,4,4
GEN24_1066987,4,4,4,4
GEN24_1067012,4,4,4,4
GEN24_1067015,4,4,2,3
GEN24_1067018,4,4,4,4
GEN24_1067023,4,4,4,4
GEN24_1067025,4,4,4,4
GEN24_1067034,4,4,4,4
GEN24_1067050,4,4,4,4
GEN24_1067054,4,3,4,3
GEN24_1067059,4,4,4,3
GEN24_1067063,4,4,4,4
GEN24_1067066,4,4,4,4
GEN24_1067074,4,4,4,4
GEN24_1067081,4,4,4,4
GEN24_1067088,4,4,4,4
GEN24_1067091,4,4,4,4
GEN24_1067094,4,3,3,4
GEN24_1067111,4,4,4,4
GEN24_1067115,4,4,4,4
GEN24_1067133,4,4,3,4
GEN24_1067134,4,4,4,3
GEN24_1067137,4,3,4,3
GEN24_1067156,4,4,4,4
GEN24_1067157,4,4,4,4
GEN24_1067171,4,4,4,4
GEN24_1067177,4,4,4,4
GEN24_1067181,4,4,4,4
GEN24_1067194,4,4,4,4
GEN24_1067198,4,4,4,4
GEN24_1067209,3,4,4,3
GEN24_1067215,4,4,4,4
GEN24_1067217,4,4,4,4
GEN24_1067230,4,4,4,4
GEN24_1067233,4,4,4,4
GEN24_1067236,4,4,3,4
GEN24_1067257,4,4,4,4
GEN24_1067263,4,4,4,4
GEN24_1067272,4,4,4,4
GEN24_1067284,4,4,4,4
GEN24_1067286,4,4,4,4
GEN24_1067290,4,4,4,4
GEN24_1067295,3,2,4,4
GEN24_1067297,4,4,4,4
GEN24_1067298,4,4,4,4
GEN24_1067299,4,4,3,3
GEN24_1067302,4,4,3,3
GEN24_1067304,4,4,4,4
GEN24_1067312,4,4,4,3
GEN24_1067313,4,4,4,4
GEN24_1067317,4,4,3,4
GEN24_1067323,4,4,4,4
GEN24_1067335,4,3,4,4
GEN24_1067341,4,4,4,4
GEN24_1067392,4,4,4,4
GEN24_1067408,4,4,3,3
GEN24_1067412,4,4,4,4
GEN24_1067415,4,4,4,4
GEN24_1067419,4,3,3,3
GEN24_1067424,3,4,4,3
GEN24_1067425,4,4,3,4
GEN24_1067426,4,4,4,4
GEN24_1067437,4,4,4,4
GEN24_1067438,4,4,4,4
GEN24_1067446,4,4,4,4
GEN24_1067449,4,4,4,4
GEN24_1067456,4,4,4,4
GEN24_1067457,4,4,4,4
GEN24_1067460,4,4,4,4
GEN24_1067467,4,4,4,4
GEN24_1067468,4,4,4,4
GEN24_1067479,4,4,4,4
GEN24_1067485,4,4,4,4
GEN24_1067495,4,3,3,3
GEN24_1067498,4,4,4,4
GEN24_1067512,4,4,4,4
GEN24_1067521,4,4,4,4
GEN24_1067531,4,4,4,4
GEN24_1067535,4,4,4,4
GEN24_1067538,4,4,4,4
GEN24_1067540,3,4,3,4
GEN24_1067546,4,4,3,4
GEN24_1067561,4,4,4,3
GEN24_1067565,4,4,4,4
GEN24_1067568,4,4,4,4
GEN24_1067587,4,3,4,4
GEN24_1067595,4,4,4,4
GEN24_1067596,4,3,4,4
GEN24_1067605,4,4,4,4
GEN24_1067629,4,4,4,4
GEN24_1067643,4,4,4,4
GEN24_1067646,4,4,4,4
GEN24_1067655,4,4,4,4
GEN24_1067689,4,4,4,4
GEN24_1067716,4,4,4,4
GEN24_1067719,4,4,4,4
GEN24_1067728,4,4,4,4
GEN24_1067736,4,4,4,4
GEN24_1067738,4,3,4,4
GEN24_1067742,4,4,4,4
GEN24_1067744,4,4,4,4
GEN24_1067764,4,4,4,4
GEN24_1067771,4,4,4,4
GEN24_1067772,4,4,4,4
GEN24_1067776,4,4,4,4
GEN24_1067782,4,4,4,4
GEN24_1067797,4,3,4,4
GEN24_1067803,4,4,4,4
GEN24_1067804,4,3,4,4
GEN24_1067818,4,4,4,4
GEN24_1067821,4,4,4,4
GEN24_1067822,4,4,3,4
GEN24_1067824,4,4,4,4
GEN24_1067825,4,4,4,4
GEN24_1067826,4,4,4,4
GEN24_1067828,3,4,4,4
GEN24_1067830,4,4,4,4
GEN24_1067831,4,4,4,4
GEN24_1067834,3,3,3,4
GEN24_1067835,4,4,4,4
GEN24_1067836,4,4,4,4
GEN24_1067841,4,4,4,4
GEN24_1067844,4,4,4,4
GEN24_1067845,4,4,4,4
GEN24_1067853,4,4,4,4
GEN24_1067859,4,4,4,4
GEN24_1067860,4,4,4,4
GEN24_1067869,4,4,4,4
GEN24_1067873,3,4,2,2
GEN24_1067890,4,4,4,4
GEN24_1067904,4,4,4,4
GEN24_1067907,4,4,4,4
GEN24_1067910,4,4,4,4
GEN24_1067918,4,3,4,3
GEN24_1067925,4,4,4,4
GEN24_1067926,4,3,3,3
GEN24_1067929,4,4,4,4
GEN24_1067941,4,4,4,3
GEN24_1067943,4,4,4,4
GEN24_1067948,4,4,4,4
GEN24_1067958,4,4,4,4
GEN24_1067968,4,4,4,4
GEN24_1067969,4,4,4,4
GEN24_1067972,4,4,4,4
GEN24_1067974,4,4,4,4
GEN24_1067982,4,4,4,4
GEN24_1067993,4,4,3,3
GEN24_1067998,4,4,4,4
GEN24_1068025,4,4,3,4
GEN24_1068032,4,4,4,4
GEN24_1068056,4,4,4,4
GEN24_1068057,4,3,4,3
GEN24_1068072,4,4,4,4
GEN24_1068077,4,4,4,3
GEN24_1068079,4,4,3,4
GEN24_1068080,4,4,3,4
GEN24_1068092,4,4,4,2
GEN24_1068096,4,4,4,3
GEN24_1068099,4,4,4,4
GEN24_1068104,4,4,4,3
GEN24_1068130,4,4,4,4
GEN24_1068136,4,4,4,4
GEN24_1068142,3,4,4,4
GEN24_1068163,4,4,4,3
GEN24_1068164,3,3,3,4
GEN24_1068170,4,4,4,4
GEN24_1068173,4,4,4,4
GEN24_1068192,3,4,3,3
GEN24_1068193,4,4,4,4
GEN24_1068216,4,4,4,4
GEN24_1068222,4,4,4,4
GEN24_1068224,4,4,4,4
GEN24_1068225,4,4,4,4
GEN24_1068226,4,4,4,4
GEN24_1068243,4,4,4,4
GEN24_1068261,4,4,4,4
GEN24_1068277,4,4,4,4
GEN24_1068281,4,4,4,4
GEN24_1068285,3,3,3,3
GEN24_1068286,4,4,4,4
GEN24_1068299,4,4,4,4
GEN24_1068301,4,4,4,4
GEN24_1068304,4,4,4,4
GEN24_1068308,4,4,4,4
GEN24_1068310,3,3,3,4
GEN24_1068318,4,4,4,4
GEN24_1068321,4,1,4,4
GEN24_1068323,4,4,4,4
GEN24_1068324,4,4,4,4
GEN24_1068340,4,4,4,4
GEN24_1068344,4,4,4,4
GEN24_1068350,4,4,4,4
GEN24_1068362,4,4,4,4
GEN24_1068374,4,3,4,4
GEN24_1068383,4,4,4,4
GEN24_1068384,4,4,4,4
GEN24_1068400,4,4,4,4
GEN24_1068410,4,4,4,4
GEN24_1068418,4,4,4,4
GEN24_1068434,3,2,4,4
GEN24_1068443,4,4,4,4
GEN24_1068451,4,4,4,4
GEN24_1068461,3,4,4,4
GEN24_1068463,4,4,4,4
GEN24_1068483,4,4,4,4
GEN24_1068485,4,4,4,4
GEN24_1068496,4,4,4,4
GEN24_1068498,4,4,4,4
GEN24_1068499,4,4,4,4
GEN24_1068501,4,4,4,4
GEN24_1068503,4,4,4,4
GEN24_1068508,4,4,4,4
GEN24_1068521,4,4,3,4
GEN24_1068525,4,4,4,4
GEN24_1068554,4,4,4,4
GEN24_1068557,4,4,4,4
GEN24_1068571,4,4,4,4
GEN24_1068579,4,4,4,4
GEN24_1068582,4,4,4,4
GEN24_1068595,4,4,4,4
GEN24_1068599,4,4,4,4
GEN24_1068602,4,4,4,4
GEN24_1068604,4,4,4,4
GEN24_1068608,4,4,4,3
GEN24_1068609,4,4,4,3
GEN24_1068615,4,4,4,3
GEN24_1068620,4,4,4,4
GEN24_1068622,4,4,4,4
GEN24_1068629,4,4,4,4
GEN24_1068631,4,4,4,4
GEN24_1068656,4,4,4,4
GEN24_1068658,4,4,3,4
GEN24_1068661,4,4,4,4
GEN24_1068663,3,4,4,3
GEN24_1068664,4,4,4,3
GEN24_1068665,4,4,4,4
GEN24_1068675,4,4,4,4
GEN24_1068681,4,4,4,4
GEN24_1068683,4,4,4,4
GEN24_1068692,4,4,4,4
GEN24_1068703,4,4,4,4
GEN24_1068706,4,4,4,4
GEN24_1068724,4,4,4,4
GEN24_1068725,4,4,4,4
GEN24_1068727,4,4,4,4
GEN24_1068743,4,4,4,3
GEN24_1068757,4,4,4,4
GEN24_1068776,4,4,4,4
GEN24_1068777,4,4,4,4
GEN24_1068780,4,4,4,4
GEN24_1068784,4,4,4,4
GEN24_1068791,4,4,4,4
GEN24_1068792,4,4,4,4
GEN24_1068794,4,4,4,4
GEN24_1068809,4,4,4,4
GEN24_1068829,4,4,4,4
GEN24_1068832,4,4,4,4
GEN24_1068835,4,4,4,4
GEN24_1068852,3,4,3,3
GEN24_1068865,4,3,4,3
GEN24_1068876,4,4,4,3
GEN24_1068878,4,4,4,4
GEN24_1068888,4,4,3,4
GEN24_1068890,4,4,4,4
GEN24_1068897,4,3,4,3
GEN24_1068899,4,3,3,3
GEN24_1068905,4,4,4,4
GEN24_1068912,4,4,4,4
GEN24_1068917,4,4,4,4
GEN24_1068927,4,4,4,4
GEN24_1068928,4,4,4,4
GEN24_1068933,4,3,4,3
GEN24_1068946,4,4,4,4
GEN24_1068952,4,4,4,4
GEN24_1068965,4,4,4,4
GEN24_1068967,4,4,4,4
GEN24_1068969,4,4,4,4
GEN24_1068976,4,4,4,4
GEN24_1068979,4,4,4,4
GEN24_1068982,4,4,4,4
GEN24_1068989,4,4,3,4
GEN24_1068991,4,4,4,4
GEN24_1069004,4,4,4,4
GEN24_1069008,4,4,4,4
GEN24_1069010,4,4,4,4
GEN24_1069020,4,4,4,4
GEN24_1069022,4,4,4,4
GEN24_1069042,3,3,3,4
GEN24_1069052,4,4,4,4
GEN24_1069071,4,4,4,4
GEN24_1069073,4,4,4,3
GEN24_1069089,4,4,4,4
GEN24_1069093,4,4,4,4
GEN24_1069095,4,4,4,4
GEN24_1069105,4,4,4,4
GEN24_1069106,4,4,4,4
GEN24_1069113,4,4,4,4
GEN24_1069115,4,4,4,4
GEN24_1069133,4,4,4,4
GEN24_1069136,4,4,4,4
GEN24_1069141,4,4,4,4
GEN24_1069154,4,3,4,4
GEN24_1069159,4,4,4,4
GEN24_1069163,4,4,4,4
GEN24_1069184,4,4,4,4
GEN24_1069185,4,4,4,4
GEN24_1069191,4,4,4,4
GEN24_1069194,4,4,4,4
GEN24_1069195,4,4,4,4
GEN24_1069201,4,4,4,4
GEN24_1069207,4,4,4,4
GEN24_1069217,4,3,4,4
GEN24_1069229,4,4,4,4
GEN24_1069259,4,4,4,4
GEN24_1069265,4,4,4,4
GEN24_1069269,4,4,4,4
GEN24_1069277,4,4,4,3
GEN24_1069278,3,3,4,3
GEN24_1069284,4,4,4,4
GEN24_1069307,4,3,3,3
GEN24_1069313,4,4,4,4
GEN24_1069324,4,4,4,4
GEN24_1069325,4,4,4,4
GEN24_1069339,4,4,4,4
GEN24_1069346,4,4,4,4
GEN24_1069350,4,4,4,4
GEN24_1069356,4,4,4,4
GEN24_1069370,4,4,4,4
GEN24_1069376,4,4,4,4
GEN24_1069389,4,4,3,4
GEN24_1069394,4,2,4,4
GEN24_1069395,4,4,4,4
GEN24_1069399,3,4,4,4
GEN24_1069401,4,4,4,4
GEN24_1069420,4,4,2,2
GEN24_1069428,4,4,4,4
GEN24_1069432,4,4,4,4
GEN24_1069435,4,4,4,4
GEN24_1069445,4,4,4,4
GEN24_1069472,3,3,4,4
GEN24_1069485,4,4,4,4
GEN24_1069495,4,4,4,4
GEN24_1069498,4,4,4,4
GEN24_1069530,4,4,4,4
GEN24_1069534,4,4,4,4
GEN24_1069535,4,4,4,4
GEN24_1069540,4,4,4,4
GEN24_1069548,4,4,4,4
GEN24_1069556,4,4,4,4
GEN24_1069557,3,3,2,2
GEN24_1069565,4,4,4,4
GEN24_1069582,4,3,4,4
GEN24_1069597,4,4,4,4
GEN24_1069601,4,4,4,4
GEN24_1069612,4,4,4,4
GEN24_1069615,4,4,4,4
GEN24_1069624,4,4,4,4
GEN24_1069631,4,4,4,4
GEN24_1069640,4,4,4,4
GEN24_1069646,4,4,4,4
GEN24_1069658,4,4,4,4
GEN24_1069663,4,4,4,4
GEN24_1069666,4,4,4,4
GEN24_1069687,4,4,4,4
GEN24_1069699,4,4,4,4
GEN24_1069702,4,4,4,4
GEN24_1069703,3,3,3,3
GEN24_1069705,4,4,4,4
GEN24_1069716,4,4,3,4
GEN24_1069717,4,4,4,4
GEN24_1069725,4,4,4,4
GEN24_1069726,4,4,4,4
GEN24_1069727,4,4,4,3
GEN24_1069738,4,4,4,4
GEN24_1069739,4,4,4,4
GEN24_1069744,4,3,3,3
GEN24_1069757,4,4,4,4
GEN24_1069760,4,4,4,4
GEN24_1069770,4,4,4,4
GEN24_1069777,4,4,4,3
GEN24_1069779,4,4,4,3
GEN24_1069781,4,4,4,4
GEN24_1069785,4,4,4,4
GEN24_1069791,4,4,4,4
GEN24_1069799,4,4,4,4
GEN24_1069815,4,4,4,4
GEN24_1069820,4,3,3,4
GEN24_1069837,4,4,4,4
GEN24_1069843,4,4,4,4
GEN24_1069846,3,4,3,4
GEN24_1069854,4,4,4,4
GEN24_1069855,4,4,4,4
GEN24_1069860,4,4,4,4
GEN24_1069862,4,4,4,4
GEN24_1069866,4,4,4,4
GEN24_1069869,4,4,4,4
GEN24_1069870,4,4,4,4
GEN24_1069874,4,4,4,4
GEN24_1069879,4,4,4,4
GEN24_1069883,4,4,4,4
GEN24_1069890,4,4,4,4
GEN24_1069892,4,4,4,3
GEN24_1069896,4,4,4,3
GEN24_1069902,4,4,4,1
GEN24_1069907,4,4,4,4
GEN24_1069911,4,4,4,4
GEN24_1069924,4,4,4,4
GEN24_1069927,4,4,4,4
GEN24_1069936,4,4,3,3
GEN24_1069970,3,4,4,3
GEN24_1069977,4,4,4,4
GEN24_1069979,4,4,4,4
GEN24_1069983,4,4,4,4
GEN24_1069985,4,4,4,3
GEN24_1069989,4,4,4,4
GEN24_1069990,4,4,4,3
GEN24_1069991,4,4,4,4
GEN24_1069994,4,4,4,4
GEN24_1069996,4,4,4,4
GEN24_1070008,4,4,4,3
GEN24_1070013,4,4,4,4
GEN24_1070034,4,4,3,4
GEN24_1070036,4,4,4,4
GEN24_1070041,4,4,4,4
GEN24_1070045,4,4,4,4
GEN24_1070046,2,4,2,4
GEN24_1070047,4,4,4,4
GEN24_1070048,4,4,4,4
GEN24_1070049,4,4,4,4
GEN24_1070051,4,4,4,4
GEN24_1070056,4,4,4,4
GEN24_1070059,4,3,4,4
GEN24_1070061,4,4,4,4
GEN24_1070068,4,3,4,4
GEN24_1070073,4,4,4,4
GEN24_1070076,4,4,4,4
GEN24_1070077,4,4,4,4
GEN24_1070079,4,4,4,4
GEN24_1070088,4,4,4,4
GEN24_1070092,4,4,4,4
GEN24_1070096,4,4,4,4
GEN24_1070100,3,4,4,3
GEN24_1070102,4,4,4,4
GEN24_1070108,4,4,4,4
GEN24_1070124,4,4,4,4
GEN24_1070125,4,4,4,4
GEN24_1070128,4,4,4,4
GEN24_1070129,4,4,4,4
GEN24_1070136,4,4,4,4
GEN24_1070138,4,4,4,4
GEN24_1070139,4,4,4,4
GEN24_1070144,4,4,4,4
GEN24_1070148,4,4,4,3
GEN24_1070149,4,3,4,4
GEN24_1070151,4,4,4,4
GEN24_1070161,4,4,4,4
GEN24_1070177,4,4,4,4
GEN24_1070178,4,4,4,4
GEN24_1070187,4,4,4,4
GEN24_1070191,4,4,4,2
GEN24_1070205,4,4,4,4
GEN24_1070208,4,4,4,4
GEN24_1070209,4,4,4,4
GEN24_1070220,4,4,4,4
GEN24_1070230,4,4,4,4
GEN24_1070249,4,4,4,4
GEN24_1070250,4,4,4,4
GEN24_1070252,4,4,4,4
GEN24_1070254,4,4,4,4
GEN24_1070257,4,4,4,4
GEN24_1070262,4,4,4,4
GEN24_1070264,4,4,4,4
GEN24_1070269,4,4,4,4
GEN24_1070274,4,4,4,4
GEN24_1070282,4,4,4,4
GEN24_1070291,4,4,4,4
GEN24_1070292,4,4,4,4
GEN24_1070295,4,4,4,4
GEN24_1070298,4,4,4,4
GEN24_1070299,4,4,4,4
GEN24_1070301,4,4,4,4
GEN24_1070310,4,4,4,4
GEN24_1070311,4,4,4,4
GEN24_1070312,4,4,4,4
GEN24_1070313,4,4,4,4
GEN24_1070322,4,4,4,4
GEN24_1070332,4,4,4,4
GEN24_1070336,4,4,3,4
GEN24_1070354,4,4,4,4
GEN24_1070360,4,4,4,4
GEN24_1070366,4,4,4,4
GEN24_1070368,4,4,4,4
GEN24_1070370,4,4,4,4
GEN24_1070375,4,4,4,4
GEN24_1070385,4,4,4,4
GEN24_1070390,4,4,4,4
GEN24_1070395,4,4,4,4
GEN24_1070406,4,4,4,4
GEN24_1070407,4,4,4,4
GEN24_1070409,4,4,3,4
GEN24_1070426,4,4,4,4
GEN24_1070430,4,4,4,4
GEN24_1070436,4,4,4,4
GEN24_1070443,4,3,4,4
GEN24_1070449,4,4,4,4
GEN24_1070456,4,4,4,4
GEN24_1070480,4,4,4,4
GEN24_1070487,4,4,4,4
GEN24_1070489,4,4,4,4
GEN24_1070493,4,4,4,4
GEN24_1070502,4,4,3,4
GEN24_1070509,3,4,4,4
GEN24_1070517,4,4,4,3
GEN24_1070518,4,4,4,3
GEN24_1070529,4,4,4,4
GEN24_1070547,4,4,4,4
GEN24_1070549,4,3,4,3
GEN24_1070551,4,4,4,4
GEN24_1070553,1,4,4,1
GEN24_1070557,4,4,4,4
GEN24_1070559,4,4,4,4
GEN24_1070565,4,4,4,4
GEN24_1070569,4,4,4,4
GEN24_1070574,4,4,4,4
GEN24_1070586,4,4,4,4
GEN24_1070591,4,4,4,4
GEN24_1070594,4,4,4,4
GEN24_1070597,4,4,4,4
GEN24_1070601,4,4,4,4
GEN24_1070606,4,4,4,4
GEN24_1070612,4,4,4,4
GEN24_1070615,4,3,4,4
GEN24_1070617,4,4,4,3
GEN24_1070618,4,4,4,4
GEN24_1070619,4,4,4,4
GEN24_1070631,4,4,4,4
GEN24_1070632,4,4,3,4
GEN24_1070639,4,4,4,4
GEN24_1070645,4,4,4,4
GEN24_1070646,4,4,4,4
GEN24_1070662,4,4,4,2
GEN24_1070663,4,4,4,4
GEN24_1070668,4,4,4,4
GEN24_1070673,4,4,4,4
GEN24_1070674,4,4,4,4
GEN24_1070677,4,4,4,4
GEN24_1070689,4,4,4,4
GEN24_1070690,4,4,4,4
GEN24_1070715,4,4,4,4
GEN24_1070722,4,4,4,4
GEN24_1070724,4,4,4,4
GEN24_1070727,4,3,4,4
GEN24_1070731,4,4,4,4
GEN24_1070737,4,4,4,4
GEN24_1070747,4,4,4,4
GEN24_1070752,4,4,4,4
GEN24_1070753,4,4,4,4
GEN24_1070755,4,4,4,4
GEN24_1070759,4,4,4,4
GEN24_1070762,4,4,4,4
GEN24_1070765,4,4,4,4
GEN24_1070769,4,4,4,4
GEN24_1070785,4,4,4,4
GEN24_1070792,4,4,4,4
GEN24_1070794,4,4,4,4
GEN24_1070795,4,4,4,4
GEN24_1070796,4,4,4,4
GEN24_1070799,4,4,4,4
GEN24_1070800,4,4,3,4
GEN24_1070801,4,4,4,4
GEN24_1070820,4,4,4,4
GEN24_1070828,4,4,4,4
GEN24_1070832,4,4,4,4
GEN24_1070842,4,4,4,4
GEN24_1070843,4,4,4,4
GEN24_1070851,4,3,4,4
GEN24_1070861,4,4,4,4
GEN24_1070874,4,4,4,4
GEN24_1070884,4,4,4,4
GEN24_1070894,4,4,4,4
GEN24_1070897,4,3,4,2
GEN24_1070905,4,4,4,4
GEN24_1070911,4,4,4,3
GEN24_1070920,3,1,3,3
GEN24_1070924,4,4,3,4
GEN24_1070940,4,4,4,4
GEN24_1070943,4,4,4,4
GEN24_1070946,4,3,3,4
GEN24_1070957,4,4,4,4
GEN24_1070960,3,4,4,4
GEN24_1070965,4,4,4,4
GEN24_1070970,4,4,4,4
GEN24_1070983,4,4,4,4
GEN24_1070992,4,4,4,4
GEN24_1070999,4,4,4,4
GEN24_1071002,4,4,3,3
GEN24_1071006,4,4,4,3
GEN24_1071018,4,4,4,4
GEN24_1071024,4,4,4,4
GEN24_1071031,4,4,4,4
GEN24_1071037,4,4,4,4
GEN24_1071039,3,4,4,4
GEN24_1071041,4,4,4,4
GEN24_1071045,4,4,4,4
GEN24_1071053,4,4,4,4
GEN24_1071055,4,4,4,4
GEN24_1071056,4,4,4,4
GEN24_1071058,4,4,4,3
GEN24_1071105,4,4,4,4
GEN24_1071108,4,4,4,4
GEN24_1071110,4,4,4,4
GEN24_1071115,4,4,4,4
GEN24_1071122,4,4,4,4
GEN24_1071123,4,3,4,3
GEN24_1071126,4,4,4,4
GEN24_1071132,4,4,4,4
GEN24_1071134,4,4,4,4
GEN24_1071135,4,4,4,4
GEN24_1071141,4,4,4,4
GEN24_1071152,4,4,4,4
GEN24_1071157,4,4,4,4
GEN24_1071160,4,4,4,4
GEN24_1071161,4,4,4,4
GEN24_1071164,4,4,4,4
GEN24_1071174,4,4,4,4
GEN24_1071191,3,4,4,3
GEN24_1071203,4,4,4,4
GEN24_1071207,4,4,4,4
GEN24_1071210,4,4,4,4
GEN24_1071213,4,4,4,4
GEN24_1071225,4,4,4,4
GEN24_1071233,4,4,4,4
GEN24_1071234,4,4,4,4
GEN24_1071236,3,4,4,4
GEN24_1071238,4,4,4,4
GEN24_1071248,4,4,4,4
GEN24_1071256,4,4,4,4
GEN24_1071257,4,4,4,4
GEN24_1071259,4,4,4,4
GEN24_1071268,4,4,4,4
GEN24_1071271,4,4,4,4
GEN24_1071280,4,4,4,4
GEN24_1071287,4,4,3,4
GEN24_1071288,4,4,4,4
GEN24_1071289,4,4,4,4
GEN24_1071312,4,4,4,4
GEN24_1071325,4,4,4,4
GEN24_1071340,4,4,4,4
GEN24_1071342,4,4,4,4
GEN24_1071353,4,4,4,3
GEN24_1071360,4,4,4,4
GEN24_1071363,4,4,4,4
GEN24_1071379,4,4,4,4
GEN24_1071394,4,4,4,4
GEN24_1071397,4,4,4,4
GEN24_1071398,4,3,4,4
GEN24_1071401,4,4,4,4
GEN24_1071403,4,4,4,4
GEN24_1071408,4,3,4,3
GEN24_1071409,4,4,4,4
GEN24_1071410,4,4,3,4
GEN24_1071422,4,4,4,4
GEN24_1071428,4,4,4,4
GEN24_1071435,4,4,4,4
GEN24_1071440,4,4,4,4
GEN24_1071443,4,4,4,4
GEN24_1071444,4,4,4,4
GEN24_1071447,4,4,4,4
GEN24_1071451,4,4,4,4
GEN24_1071457,4,4,4,4
GEN24_1071458,4,4,4,4
GEN24_1071466,4,4,4,4
GEN24_1071474,4,4,4,3
GEN24_1071476,4,4,4,4
GEN24_1071479,4,3,3,4
GEN24_1071488,4,4,4,4
GEN24_1071509,4,4,4,4
GEN24_1071514,4,4,4,4
GEN24_1071515,4,4,4,4
GEN24_1071521,4,3,3,4
GEN24_1071522,4,4,4,4
GEN24_1071524,3,2,3,3
GEN24_1071527,4,3,4,4
GEN24_1071532,4,4,4,4
GEN24_1071536,4,4,4,4
GEN24_1071538,4,4,4,4
GEN24_1071547,4,4,4,4
GEN24_1071554,4,4,4,4
GEN24_1071558,4,4,4,4
GEN24_1071565,4,4,4,4
GEN24_1071572,4,4,4,4
GEN24_1071575,4,4,4,3
GEN24_1071580,4,4,4,4
GEN24_1071591,4,4,4,4
GEN24_1071594,4,4,4,4
GEN24_1071600,4,4,4,4
GEN24_1071604,4,4,4,4
GEN24_1071610,3,4,3,3
GEN24_1071626,4,4,4,4
GEN24_1071628,4,4,4,4
GEN24_1071629,4,4,4,4
GEN24_1071633,4,4,4,4
GEN24_1071637,4,4,4,4
GEN24_1071645,4,4,3,4
GEN24_1071651,4,4,4,4
GEN24_1071659,4,4,4,4
GEN24_1071667,4,4,4,3
GEN24_1071676,4,4,4,4
GEN24_1071692,4,4,4,4
GEN24_1071693,4,3,4,4
GEN24_1071694,4,4,4,4
GEN24_1071696,4,4,4,4
GEN24_1071698,4,4,4,4
GEN24_1071702,4,4,4,4
GEN24_1071706,4,4,3,4
GEN24_1071709,4,4,4,4
GEN24_1071710,4,4,4,4
GEN24_1071717,4,4,4,3
GEN24_1071728,4,4,4,4
GEN24_1071744,4,4,4,4
GEN24_1071745,4,3,4,4
GEN24_1071748,4,4,4,4
GEN24_1071753,4,4,4,4
GEN24_1071755,4,4,4,4
GEN24_1071758,4,4,4,4
GEN24_1071761,4,4,4,4
GEN24_1071763,4,4,4,3
GEN24_1071766,4,4,4,4
GEN24_1071768,4,4,4,4
GEN24_1071776,4,4,4,4
GEN24_1071789,4,4,4,4
GEN24_1071790,4,4,4,4
GEN24_1071795,4,4,4,4
GEN24_1071799,4,4,4,3
GEN24_1071800,3,4,4,4
GEN24_1071802,4,4,4,4
GEN24_1071806,4,4,4,4
GEN24_1071811,4,4,4,4
GEN24_1071812,4,4,4,4
GEN24_1071815,4,3,4,4
GEN24_1071830,4,4,4,4
GEN24_1071831,4,4,4,4
GEN24_1071839,4,4,4,4
GEN24_1071841,4,4,2,4
GEN24_1071842,4,4,4,4
GEN24_1071849,4,4,4,4
GEN24_1071850,4,4,4,4
GEN24_1071879,4,4,4,4
GEN24_1071881,4,4,4,4
GEN24_1071884,4,3,4,4
GEN24_1071886,4,4,3,4
GEN24_1071899,4,4,4,4
GEN24_1071907,4,4,4,4
GEN24_1071910,4,4,4,4
GEN24_1071913,4,3,3,4
GEN24_1071914,4,4,4,4
GEN24_1071921,4,4,4,4
GEN24_1071924,4,4,4,4
GEN24_1071930,4,4,4,4
GEN24_1071934,4,3,4,4
GEN24_1071937,4,4,4,4
GEN24_1071940,4,4,4,4
GEN24_1071942,4,4,4,4
GEN24_1071943,4,4,4,4
GEN24_1071953,4,4,4,4
GEN24_1071956,4,4,4,4
GEN24_1071957,4,4,4,4
GEN24_1071958,4,4,4,4
GEN24_1071961,4,4,4,4
GEN24_1071962,4,4,4,3
GEN24_1071966,3,4,4,4
GEN24_1071977,3,4,4,4
GEN24_1071979,4,4,4,4
GEN24_1071982,4,4,4,4
GEN24_1071984,4,4,4,4
GEN24_1071991,4,4,4,4
GEN24_1071999,4,4,4,4
GEN24_1072004,4,4,4,4
GEN24_1072035,4,4,4,4
GEN24_1072039,4,4,4,4
GEN24_1072043,4,4,4,3
GEN24_1072049,4,4,4,4
GEN24_1072050,4,3,4,4
GEN24_1072052,4,4,4,4
GEN24_1072055,4,4,4,4
GEN24_1072064,4,4,4,4
GEN24_1072073,4,4,4,4
GEN24_1072096,4,4,4,4
GEN24_1072099,4,4,4,4
GEN24_1072112,4,4,4,4
GEN24_1072141,4,4,4,4
GEN24_1072143,4,4,3,4
GEN24_1072146,4,4,4,4
GEN24_1072147,4,4,4,3
GEN24_1072159,4,4,4,3
GEN24_1072163,4,4,4,4
GEN24_1072171,4,4,4,4
GEN24_1072172,4,4,4,3
GEN24_1072174,4,4,4,4
GEN24_1072180,4,4,4,4
GEN24_1072189,4,4,4,4
GEN24_1072193,4,4,4,4
GEN24_1072195,4,4,4,4
GEN24_1072217,4,4,4,4
GEN24_1072237,4,4,4,4
GEN24_1072270,4,4,4,4
GEN24_1072273,4,4,4,4
GEN24_1072281,4,4,4,4
GEN24_1072282,4,3,4,4
GEN24_1072283,4,4,4,4
GEN24_1072286,4,4,4,4
GEN24_1072287,4,4,4,4
GEN24_1072288,4,4,4,3
GEN24_1072290,4,4,4,3
GEN24_1072292,4,4,4,4
GEN24_1072293,4,4,4,4
GEN24_1072298,4,4,4,3
GEN24_1072301,4,4,4,4
GEN24_1072309,4,4,4,4
GEN24_1072312,4,4,4,4
GEN24_1072313,4,4,3,3
GEN24_1072317,4,3,3,4
GEN24_1072323,4,4,4,4
GEN24_1072324,3,4,3,3
GEN24_1072328,3,4,4,4
GEN24_1072339,4,4,4,4
GEN24_1072343,4,4,4,4
GEN24_1072345,4,4,1,4
GEN24_1072355,4,4,4,4
GEN24_1072356,4,4,3,3
GEN24_1072368,4,4,4,4
GEN24_1072376,3,3,4,4
GEN24_1072378,4,4,4,4
GEN24_1072379,4,4,4,4
GEN24_1072380,4,4,4,4
GEN24_1072390,4,4,4,4
GEN24_1072408,4,4,4,4
GEN24_1072424,4,4,4,4
GEN24_1072433,4,4,3,4
GEN24_1072439,4,4,4,4
GEN24_1072440,3,2,3,4
GEN24_1072441,4,4,4,4
GEN24_1072453,4,4,4,4
GEN24_1072455,4,4,4,4
GEN24_1072456,4,3,4,4
GEN24_1072462,4,4,3,2
GEN24_1072465,4,4,4,4
GEN24_1072467,4,4,3,4
GEN24_1072506,4,4,4,4
GEN24_1072512,4,4,4,4
GEN24_1072514,4,3,4,4
GEN24_1072517,4,4,4,4
GEN24_1072532,4,4,4,4
GEN24_1072535,3,4,3,3
GEN24_1072541,4,4,4,4
GEN24_1072543,4,4,4,4
GEN24_1072552,4,4,4,4
GEN24_1072556,4,4,4,4
GEN24_1072570,4,4,4,4
GEN24_1072571,4,4,4,3
GEN24_1072575,4,4,4,4
GEN24_1072578,4,4,4,4
GEN24_1072583,4,4,4,4
GEN24_1072588,4,4,4,4
GEN24_1072590,4,3,3,4
GEN24_1072594,4,4,4,4
GEN24_1072601,4,4,4,4
GEN24_1072602,4,3,4,4
GEN24_1072604,4,4,4,4
GEN24_1072607,4,4,4,4
GEN24_1072620,4,3,4,3
GEN24_1072622,4,4,3,4
GEN24_1072624,4,4,4,3
GEN24_1072629,4,4,4,3
GEN24_1072635,4,3,4,3
GEN24_1072644,4,4,4,3
GEN24_1072659,4,4,4,4
GEN24_1072670,3,4,4,4
GEN24_1072672,4,4,4,4
GEN24_1072675,4,4,4,4
GEN24_1072678,4,4,4,4
GEN24_1072713,4,4,4,4
GEN24_1072714,4,4,4,3
GEN24_1072719,4,4,3,4
GEN24_1072723,4,4,4,4
GEN24_1072725,4,4,4,4
GEN24_1072730,4,4,4,4
GEN24_1072737,4,4,4,4
GEN24_1072750,4,4,4,4
GEN24_1072765,4,4,4,4
GEN24_1072777,3,3,4,4
GEN24_1072778,4,4,4,4
GEN24_1072787,4,4,4,4
GEN24_1072788,4,4,4,4
GEN24_1072800,4,4,4,4
GEN24_1072802,4,4,4,4
GEN24_1072804,4,4,4,4
GEN24_1072808,4,4,4,4
GEN24_1072809,4,4,4,4
GEN24_1072814,4,4,4,4
GEN24_1072820,4,4,4,4
GEN24_1072830,4,4,4,4
GEN24_1072831,4,4,4,4
GEN24_1072832,4,4,4,4
GEN24_1072835,4,4,4,4
GEN24_1072837,3,3,3,3
GEN24_1072839,4,4,4,4
GEN24_1072846,4,4,4,4
GEN24_1072872,4,4,4,4
GEN24_1072882,4,4,3,3
GEN24_1072885,4,4,4,4
GEN24_1072894,4,4,4,4
GEN24_1072896,4,4,4,4
GEN24_1072898,4,4,4,4
GEN24_1072903,4,4,3,4
GEN24_1072907,4,4,4,4
GEN24_1072908,4,4,3,4
GEN24_1072909,4,4,3,4
GEN24_1072913,4,3,3,4
GEN24_1072921,3,4,4,4
GEN24_1072922,4,4,4,4
GEN24_1072926,4,4,4,4
GEN24_1072932,4,4,4,4
GEN24_1072937,4,4,4,4
GEN24_1072938,4,4,4,3
GEN24_1072944,3,4,4,4
GEN24_1072948,4,4,4,4
GEN24_1072953,4,4,4,4
GEN24_1072954,4,3,4,4
GEN24_1072968,4,4,4,4
GEN24_1072969,4,4,4,4
GEN24_1072970,4,4,4,4
GEN24_1072971,4,4,4,4
GEN24_1072973,4,4,4,4
GEN24_1072986,4,4,4,4
GEN24_1072992,4,4,4,4
GEN24_1072995,3,4,4,4
GEN24_1073002,4,4,4,4
GEN24_1073011,4,3,4,4
GEN24_1073022,4,4,4,4
GEN24_1073037,4,4,4,4
GEN24_1073038,4,4,4,4
GEN24_1073039,4,4,4,4
GEN24_1073046,4,4,4,4
GEN24_1073058,4,4,3,4
GEN24_1073059,4,4,4,4
GEN24_1073066,4,3,3,3
GEN24_1073068,4,4,4,4
GEN24_1073070,4,4,4,4
GEN24_1073091,3,4,4,4
GEN24_1073093,4,4,4,4
GEN24_1073096,4,4,4,4
GEN24_1073102,4,4,4,4
GEN24_1073107,4,4,4,4
GEN24_1073122,4,4,4,4
GEN24_1073130,4,4,4,4
GEN24_1073133,4,4,4,4
GEN24_1073135,4,4,4,4
GEN24_1073137,4,4,4,4
GEN24_1073140,4,4,4,3
GEN24_1073144,4,4,4,4
GEN24_1073150,4,4,4,4
GEN24_1073153,4,4,4,4
GEN24_1073154,4,4,4,4
GEN24_1073158,4,4,4,4
GEN24_1073161,4,4,4,4
GEN24_1073163,4,4,4,4
GEN24_1073170,3,3,4,3
GEN24_1073171,4,4,4,4
GEN24_1073176,4,4,4,4
GEN24_1073181,4,4,4,4
GEN24_1073184,4,4,4,4
GEN24_1073187,4,4,4,4
GEN24_1073190,4,4,4,4
GEN24_1073191,4,4,4,4
GEN24_1073195,4,4,4,4
GEN24_1073200,4,4,4,4
GEN24_1073205,4,4,4,4
GEN24_1073230,4,4,4,4
GEN24_1073259,4,4,4,4
GEN24_1073260,4,4,4,4
GEN24_1073262,4,4,4,3
GEN24_1073276,4,4,4,4
GEN24_1073277,4,4,4,4
GEN24_1073281,4,4,4,4
GEN24_1073287,4,4,4,4
GEN24_1073289,4,4,4,4
GEN24_1073297,4,4,4,4
GEN24_1073299,4,4,4,4
GEN24_1073304,4,4,4,4
GEN24_1073309,4,4,4,4
GEN24_1073314,4,4,4,4
GEN24_1073318,4,4,4,4
GEN24_1073322,4,4,4,4
GEN24_1073363,4,4,4,4
GEN24_1073367,4,4,3,3
GEN24_1073374,4,4,4,3
GEN24_1073376,4,4,4,3
GEN24_1073380,4,4,4,4
GEN24_1073382,4,4,4,4
GEN24_1073383,4,4,4,4
GEN24_1073385,4,4,4,4
GEN24_1073388,4,4,4,4
GEN24_1073389,4,4,4,4
GEN24_1073392,4,4,4,4
GEN24_1073393,4,4,4,4
GEN24_1073402,4,3,4,4
GEN24_1073406,4,4,4,4
GEN24_1073416,4,4,4,4
GEN24_1073418,4,3,4,4
GEN24_1073421,3,4,4,4
GEN24_1073433,4,4,4,4
GEN24_1073442,4,4,4,4
GEN24_1073443,4,4,4,3
GEN24_1073450,4,4,4,4
GEN24_1073458,4,4,4,4
GEN24_1073466,4,4,4,4
GEN24_1073478,4,4,4,4
GEN24_1073492,4,4,4,4
GEN24_1073494,4,4,4,4
GEN24_1073514,4,4,4,4
GEN24_1073517,4,4,4,4
GEN24_1073521,4,4,4,4
GEN24_1073526,4,4,2,3
GEN24_1073529,4,4,4,4
GEN24_1073533,4,4,4,4
GEN24_1073534,4,4,4,4
GEN24_1073539,4,3,4,4
GEN24_1073549,4,4,4,4
GEN24_1073560,4,4,4,4
GEN24_1073569,4,4,4,4
GEN24_1073588,4,4,4,4
GEN24_1073589,4,4,4,4
GEN24_1073593,4,4,4,4
GEN24_1073599,4,4,4,4
GEN24_1073604,4,4,4,4
GEN24_1073617,4,4,4,4
GEN24_1073625,4,4,4,4
GEN24_1073628,4,4,4,4
GEN24_1073629,4,4,4,4
GEN24_1073631,4,4,4,4
GEN24_1073632,4,4,4,4
GEN24_1073636,4,4,4,4
GEN24_1073638,4,4,4,4
GEN24_1073639,4,4,4,4
GEN24_1073650,4,4,4,4
GEN24_1073670,4,4,4,4
GEN24_1073671,4,4,4,4
GEN24_1073695,4,4,4,4
GEN24_1073712,4,4,4,4
GEN24_1073713,4,4,4,4
GEN24_1073722,4,4,4,4
GEN24_1073732,4,4,4,4
GEN24_1073797,4,4,4,4
GEN24_1073828,4,4,4,4
GEN24_1073839,4,4,4,4
GEN24_1073843,4,4,4,4
GEN24_1073844,4,4,4,4
GEN24_1073849,4,4,4,4
GEN24_1073875,4,4,4,4
GEN24_1073887,3,4,4,4
GEN24_1073894,3,4,4,4
GEN24_1073906,4,3,4,4
GEN24_1073929,4,4,4,4
GEN24_1073962,4,4,4,4
GEN24_1073969,4,4,4,4
GEN24_1073972,4,4,4,4
GEN24_1073974,4,4,3,4
GEN24_1073976,4,4,4,4
GEN24_1073980,4,4,4,4
GEN24_1073990,4,4,4,4
GEN24_1074005,4,4,4,4
GEN24_1074008,4,4,4,4
GEN24_1074019,4,4,4,4
GEN24_1074024,3,4,2,2
GEN24_1074025,4,4,4,4
GEN24_1074049,4,4,4,4
GEN24_1074058,4,4,4,4
GEN24_1074065,4,3,4,4
GEN24_1074066,4,4,4,4
GEN24_1074076,4,4,4,4
GEN24_1074081,4,4,4,4
GEN24_1074082,4,4,4,4
GEN24_1074097,4,4,4,4
GEN24_1074105,4,4,4,4
GEN24_1074133,4,4,4,4
GEN24_1074139,3,4,4,3
GEN24_1074145,4,4,4,4
GEN24_1074161,4,3,3,4
GEN24_1074165,4,4,4,4
GEN24_1074192,3,3,4,2
GEN24_1074199,4,4,4,4
GEN24_1074204,4,4,4,4
GEN24_1074220,4,3,4,4
GEN24_1074222,4,4,4,4
GEN24_1074224,4,4,4,4
GEN24_1074230,4,4,4,4
GEN24_1074231,4,4,4,4
GEN24_1074235,4,4,4,4
GEN24_1074236,4,4,4,4
GEN24_1074237,4,4,4,4
GEN24_1074239,4,4,4,4
GEN24_1074240,4,4,4,4
GEN24_1074241,4,4,4,4
GEN24_1074242,4,4,4,4
GEN24_1074243,4,4,4,4
GEN24_1074245,4,4,4,4
GEN24_1074246,4,4,4,4
GEN24_1074247,4,4,4,4
GEN24_1074265,4,3,3,3
GEN24_1074268,4,4,4,4
GEN24_1074275,4,4,4,4
GEN24_1074289,4,4,4,4
GEN24_1074296,4,4,4,4
GEN24_1074304,4,4,4,4
GEN24_1074318,4,4,4,3
GEN24_1074321,4,4,4,4
GEN24_1074324,4,4,4,4
GEN24_1074333,4,4,4,4
GEN24_1074337,4,4,4,4
GEN24_1074339,4,4,4,4
GEN24_1074355,4,4,4,4
GEN24_1074366,4,4,4,4
GEN24_1074370,4,4,3,4
GEN24_1074373,4,4,4,4
GEN24_1074374,4,4,4,4
GEN24_1074388,4,4,4,4
GEN24_1074391,3,4,4,4
GEN24_1074398,4,4,4,4
GEN24_1074401,4,4,4,3
GEN24_1074438,4,4,4,4
GEN24_1074448,4,4,4,4
GEN24_1074455,4,4,4,4
GEN24_1074456,4,4,4,3
GEN24_1074465,4,4,4,4
GEN24_1074474,4,4,4,4
GEN24_1074493,4,4,4,3
GEN24_1074494,3,4,4,4
GEN24_1074495,4,4,4,3
GEN24_1074504,4,4,4,4
GEN24_1074512,3,4,4,3
GEN24_1074514,4,4,4,4
GEN24_1074525,4,4,4,3
GEN24_1074532,4,4,4,4
GEN24_1074533,4,4,4,4
GEN24_1074564,4,4,4,3
GEN24_1074566,4,4,3,4
GEN24_1074569,4,4,4,4
GEN24_1074574,4,4,4,4
GEN24_1074577,4,4,4,4
GEN24_1074581,3,4,4,3
GEN24_1074587,4,4,4,4
GEN24_1074590,4,4,4,4
GEN24_1074591,4,4,4,4
GEN24_1074597,4,4,4,4
GEN24_1074598,4,4,4,4
GEN24_1074600,4,4,4,4
GEN24_1074602,4,4,4,4
GEN24_1074603,4,4,4,4
GEN24_1074612,4,4,4,4
GEN24_1074627,4,4,4,3
GEN24_1074629,4,4,4,4
GEN24_1074630,4,4,4,4
GEN24_1074644,4,4,4,4
GEN24_1074651,3,4,3,3
GEN24_1074653,4,4,4,4
GEN24_1074654,4,4,4,4
GEN24_1074657,4,4,4,4
GEN24_1074663,4,4,4,4
GEN24_1074671,4,4,3,4
GEN24_1074678,4,4,4,4
GEN24_1074701,4,4,4,4
GEN24_1074709,4,4,4,4
GEN24_1074713,4,4,4,3
GEN24_1074714,4,4,4,4
GEN24_1074717,4,4,4,4
GEN24_1074726,4,4,4,4
GEN24_1074727,4,4,4,4
GEN24_1074736,4,4,4,4
GEN24_1074740,4,4,4,4
GEN24_1074746,4,4,4,4
GEN24_1074750,4,4,3,4
GEN24_1074759,4,4,4,4
GEN24_1074761,4,4,4,4
GEN24_1074765,4,4,4,3
GEN24_1074767,4,4,4,4
GEN24_1074774,4,4,4,4
GEN24_1074780,4,4,4,4
GEN24_1074805,4,4,4,4
GEN24_1074812,4,4,4,4
GEN24_1074814,4,4,4,4
GEN24_1074816,4,4,4,4
GEN24_1074819,3,3,3,3
GEN24_1074820,4,4,4,4
GEN24_1074821,4,4,4,3
GEN24_1074870,4,4,4,4
GEN24_1074886,4,4,4,4
GEN24_1074891,4,4,4,4
GEN24_1074892,4,4,4,4
GEN24_1074893,4,4,4,4
GEN24_1074906,4,4,4,4
GEN24_1074910,4,4,4,4
GEN24_1074914,4,4,4,4
GEN24_1074917,4,4,4,4
GEN24_1074934,4,4,4,4
GEN24_1074939,4,4,4,4
GEN24_1074950,4,4,4,4
GEN24_1074957,4,4,4,4
GEN24_1074966,4,4,4,4
GEN24_1074972,3,3,4,2
GEN24_1074987,4,4,4,4
GEN24_1075002,4,4,4,4
GEN24_1075018,4,4,4,4
GEN24_1075023,4,4,4,4
GEN24_1075024,4,4,4,4
GEN24_1075028,4,4,4,4
GEN24_1075030,4,4,4,4
GEN24_1075036,4,3,3,4
GEN24_1075038,4,4,4,4
GEN24_1075040,4,4,4,4
GEN24_1075053,4,4,4,4
GEN24_1075065,4,4,4,4
GEN24_1075066,4,4,4,4
GEN24_1075074,4,4,4,4
GEN24_1075091,4,4,4,4
GEN24_1075120,4,4,4,4
GEN24_1075128,4,4,4,4
GEN24_1075130,4,4,4,4
GEN24_1075134,3,3,4,3
GEN24_1075135,4,4,4,4
GEN24_1075141,4,4,4,4
GEN24_1075145,4,4,4,4
GEN24_1075147,4,4,3,4
GEN24_1075150,4,4,4,4
GEN24_1075164,4,4,4,4
GEN24_1075201,4,4,4,3
GEN24_1075211,3,4,3,3
GEN24_1075216,4,4,4,3
GEN24_1075221,4,4,4,4
GEN24_1075224,4,4,4,4
GEN24_1075228,4,4,4,4
GEN24_1075246,4,4,4,4
GEN24_1075250,4,4,4,4
GEN24_1075254,4,4,4,4
GEN24_1075262,4,4,3,4
GEN24_1075266,4,4,4,4
GEN24_1075267,4,4,4,4
GEN24_1075269,4,4,4,4
GEN24_1075272,4,4,4,4
GEN24_1075276,4,4,4,4
GEN24_1075296,4,4,4,4
GEN24_1075299,4,4,4,4
GEN24_1075301,4,4,4,3
GEN24_1075303,4,4,4,4
GEN24_1075305,4,4,4,4
GEN24_1075307,4,4,4,4
GEN24_1075327,4,4,4,4
GEN24_1075329,4,4,4,4
GEN24_1075334,4,4,4,4
GEN24_1075340,4,4,4,4
GEN24_1075343,4,4,4,4
GEN24_1075344,4,4,3,4
GEN24_1075346,4,4,4,3
GEN24_1075348,4,4,4,4
GEN24_1075349,4,4,4,4
GEN24_1075350,4,4,4,4
GEN24_1075353,4,4,4,4
GEN24_1075360,4,4,4,3
GEN24_1075364,4,4,4,4
GEN24_1075384,4,4,4,4
GEN24_1075403,4,4,4,4
GEN24_1075408,4,4,4,4
GEN24_1075425,3,4,3,3
GEN24_1075431,4,4,4,4
GEN24_1075437,4,4,4,4
GEN24_1075438,4,4,4,4
GEN24_1075445,4,4,4,4
GEN24_1075448,4,4,4,4
GEN24_1075451,4,4,3,4
GEN24_1075453,4,4,4,4
GEN24_1075460,4,4,4,4
GEN24_1075464,4,4,4,4
GEN24_1075474,4,4,3,3
GEN24_1075479,3,4,4,4
GEN24_1075506,4,4,4,4
GEN24_1075521,4,4,3,4
GEN24_1075539,4,4,4,4
GEN24_1075553,4,4,4,4
GEN24_1075555,4,4,4,4
GEN24_1075564,4,4,3,4
GEN24_1075575,4,4,4,4
GEN24_1075578,4,4,4,4
GEN24_1075591,4,4,4,4
GEN24_1075593,4,4,4,4
GEN24_1075594,4,4,4,3
GEN24_1075601,4,4,4,4
GEN24_1075610,4,3,3,3
GEN24_1075618,4,4,4,4
GEN24_1075622,4,4,4,4
GEN24_1075623,4,4,4,3
GEN24_1075643,4,3,4,4
GEN24_1075646,4,4,4,4
GEN24_1075647,4,4,4,4
GEN24_1075662,4,4,4,4
GEN24_1075663,4,4,4,4
GEN24_1075689,4,4,4,4
GEN24_1075701,4,4,4,4
GEN24_1075720,4,4,4,4
GEN24_1075725,4,4,4,4
GEN24_1075738,4,4,4,4
GEN24_1075741,4,4,4,4
GEN24_1075751,4,4,4,4
GEN24_1075792,4,4,4,4
GEN24_1075797,3,3,3,4
GEN24_1075839,4,4,4,4
GEN24_1075841,4,4,4,4
GEN24_1075844,4,4,4,4
GEN24_1075849,4,4,4,4
GEN24_1075853,4,4,4,4
GEN24_1075855,4,4,4,4
GEN24_1075861,4,4,4,4
GEN24_1075865,4,4,4,4
GEN24_1075866,4,4,4,4
GEN24_1075872,4,3,4,4
GEN24_1075881,4,4,4,4
GEN24_1075882,4,4,4,4
GEN24_1075888,4,4,4,4
GEN24_1075891,4,4,4,4
GEN24_1075893,4,4,4,4
GEN24_1075901,4,4,4,4
GEN24_1075914,4,4,3,4
GEN24_1075930,4,4,4,4
GEN24_1075936,4,4,4,4
GEN24_1075941,4,4,4,4
GEN24_1075951,4,4,4,4
GEN24_1075953,3,4,4,4
GEN24_1075955,4,4,4,4
GEN24_1075956,4,4,4,4
GEN24_1075957,4,4,4,4
GEN24_1075965,4,4,4,4
GEN24_1075970,4,4,4,4
GEN24_1075981,4,3,2,3
GEN24_1075985,4,3,4,3
GEN24_1075986,4,4,4,4
GEN24_1075997,4,4,4,4
GEN24_1076008,4,4,4,4
GEN24_1076013,4,3,4,4
GEN24_1076016,4,4,4,4
GEN24_1076044,4,4,4,4
GEN24_1076051,4,4,4,4
GEN24_1076058,4,3,4,4
GEN24_1076076,4,4,4,4
GEN24_1076094,4,4,4,4
GEN24_1076118,4,4,4,4
GEN24_1076125,4,4,2,4
GEN24_1076126,4,4,4,4
GEN24_1076139,4,4,4,4
GEN24_1076144,4,4,4,3
GEN24_1076160,4,3,3,4
GEN24_1076164,4,4,4,4
GEN24_1076174,3,4,3,3
GEN24_1076190,4,4,4,3
GEN24_1076215,4,4,4,4
GEN24_1076219,4,4,3,4
GEN24_1076222,4,4,4,4
GEN24_1076229,4,4,4,4
GEN24_1076251,4,4,4,4
GEN24_1076255,4,4,4,4
GEN24_1076280,4,4,4,4
GEN24_1076282,4,4,4,4
GEN24_1076283,4,4,4,4
GEN24_1076287,4,4,4,4
GEN24_1076294,4,4,4,4
GEN24_1076298,4,4,4,4
GEN24_1076299,4,4,4,4
GEN24_1076300,4,4,4,4
GEN24_1076308,4,3,4,4
GEN24_1076310,4,4,4,4
GEN24_1076313,4,4,4,4
GEN24_1076321,4,4,3,4
GEN24_1076323,4,4,4,4
GEN24_1076327,4,4,4,4
GEN24_1076339,4,4,4,4
GEN24_1076346,4,4,4,4
GEN24_1076348,4,4,4,4
GEN24_1076353,4,4,4,4
GEN24_1076358,4,4,4,3
GEN24_1076361,4,4,4,3
GEN24_1076369,4,4,4,4
GEN24_1076373,4,4,4,4
GEN24_1076375,4,4,4,4
GEN24_1076379,4,4,4,4
GEN24_1076384,4,4,4,4
GEN24_1076392,4,4,4,4
GEN24_1076397,4,4,4,4
GEN24_1076407,4,4,4,4
GEN24_1076420,4,4,4,4
GEN24_1076430,4,4,4,4
GEN24_1076431,4,4,4,4
GEN24_1076442,4,4,4,4
GEN24_1076444,4,4,4,4
GEN24_1076448,4,4,4,4
GEN24_1076455,4,4,4,4
GEN24_1076462,4,4,4,4
GEN24_1076465,4,4,4,4
GEN24_1076468,4,4,4,4
GEN24_1076481,4,4,4,4
GEN24_1076490,4,4,4,4
GEN24_1076499,4,4,4,4
GEN24_1076505,4,4,4,4
GEN24_1076514,4,4,3,4
GEN24_1076516,4,4,4,4
GEN24_1076526,4,4,4,4
GEN24_1076552,4,4,3,4
GEN24_1076558,4,4,4,4
GEN24_1076571,4,4,4,4
GEN24_1076572,4,4,4,4
GEN24_1076574,4,4,4,4
GEN24_1076583,3,4,3,4
GEN24_1076601,4,4,4,3
GEN24_1076606,4,4,4,4
GEN24_1076609,4,4,4,4
GEN24_1076613,4,4,4,4
GEN24_1076628,4,4,4,4
GEN24_1076629,3,3,3,3
GEN24_1076630,4,4,4,4
GEN24_1076639,4,4,4,4
GEN24_1076649,4,4,4,4
GEN24_1076665,4,4,4,4
GEN24_1076666,4,4,4,4
GEN24_1076667,4,4,4,4
GEN24_1076673,4,4,4,4
GEN24_1076675,4,4,4,4
GEN24_1076676,4,4,4,4
GEN24_1076677,4,4,3,4
GEN24_1076681,4,4,4,3
GEN24_1076688,4,4,4,4
GEN24_1076690,4,4,4,4
GEN24_1076691,4,4,3,2
GEN24_1076698,4,4,4,4
GEN24_1076701,4,4,4,4
GEN24_1076703,4,4,4,4
GEN24_1076705,4,4,4,4
GEN24_1076717,2,4,3,4
GEN24_1076723,4,4,4,4
GEN24_1076726,4,3,4,4
GEN24_1076736,4,4,4,3
GEN24_1076738,4,4,4,2
GEN24_1076743,4,4,4,4
GEN24_1076744,3,4,4,4
GEN24_1076745,4,4,4,4
GEN24_1076751,4,4,4,4
GEN24_1076752,4,4,4,4
GEN24_1076753,4,4,4,4
GEN24_1076754,4,3,3,4
GEN24_1076756,4,4,4,4
GEN24_1076765,4,4,4,3
GEN24_1076767,4,4,4,4
GEN24_1076771,4,3,4,4
GEN24_1076773,4,4,4,4
GEN24_1076776,4,4,4,4
GEN24_1076779,2,3,3,3
GEN24_1076786,4,4,4,4
GEN24_1076799,4,4,4,4
GEN24_1076803,4,4,4,4
GEN24_1076824,3,3,4,4
GEN24_1076827,4,4,4,4
GEN24_1076831,4,4,4,4
GEN24_1076837,4,4,4,4
GEN24_1076843,4,4,4,4
GEN24_1076853,4,4,4,4
GEN24_1076859,4,4,4,3
GEN24_1076863,4,4,4,4
GEN24_1076873,4,4,4,4
GEN24_1076899,4,4,4,2
GEN24_1076900,4,4,4,4
GEN24_1076902,4,4,4,4
GEN24_1076913,4,4,4,4
GEN24_1076945,4,4,4,4
GEN24_1076946,4,4,4,3
GEN24_1076956,4,4,4,4
GEN24_1076957,4,4,4,4
GEN24_1076964,4,4,4,4
GEN24_1076965,4,4,4,4
GEN24_1076968,4,4,4,4
GEN24_1076969,4,4,3,4
GEN24_1076970,4,4,4,4
GEN24_1076973,4,4,4,4
GEN24_1076981,4,4,4,4
GEN24_1076988,4,4,4,4
GEN24_1076997,4,4,4,4
GEN24_1077000,4,4,4,4
GEN24_1077001,4,4,4,4
GEN24_1077008,4,3,4,3
GEN24_1077025,4,4,4,4
GEN24_1077032,4,4,4,4
GEN24_1077040,3,4,4,3
GEN24_1077042,4,4,4,4
GEN24_1077047,4,4,4,4
GEN24_1077065,4,4,4,4
GEN24_1077086,4,4,4,4
GEN24_1077097,4,4,4,3
GEN24_1077099,4,4,4,4
GEN24_1077105,4,4,4,4
GEN24_1077112,4,4,4,4
GEN24_1077123,4,3,4,3
GEN24_1077129,4,4,4,4
GEN24_1077134,4,4,4,4
GEN24_1077139,3,3,3,3
GEN24_1077153,4,4,4,3
GEN24_1077158,4,4,4,4
GEN24_1077162,4,3,4,4
GEN24_1077169,4,4,4,4
GEN24_1077173,4,4,4,4
GEN24_1077180,4,4,4,4
GEN24_1077181,4,3,4,3
GEN24_1077183,4,4,4,4
GEN24_1077185,4,4,4,4
GEN24_1077187,4,4,4,4
GEN24_1077188,4,4,3,4
GEN24_1077189,4,4,4,4
GEN24_1077190,4,4,4,4
GEN24_1077197,3,4,3,4
GEN24_1077199,4,4,3,4
GEN24_1077202,4,4,4,4
GEN24_1077204,4,4,4,4
GEN24_1077205,4,4,4,4
GEN24_1077209,4,4,4,4
GEN24_1077210,4,4,4,4
GEN24_1077213,4,4,4,4
GEN24_1077214,4,4,4,4
GEN24_1077217,4,4,4,3
GEN24_1077218,4,4,4,4
GEN24_1077222,4,4,4,4
GEN24_1077243,4,4,4,4
GEN24_1077246,4,4,4,4
GEN24_1077248,4,4,4,4
GEN24_1077249,4,4,4,3
GEN24_1077251,4,4,4,3
GEN24_1077258,4,4,4,4
GEN24_1077264,4,4,4,4
GEN24_1077292,4,4,4,3
GEN24_1077295,4,3,3,3
GEN24_1077305,4,4,4,4
GEN24_1077319,4,4,4,4
GEN24_1077329,4,4,4,4
GEN24_1077333,4,4,4,4
GEN24_1077341,4,3,4,4
GEN24_1077350,4,4,4,4
GEN24_1077358,4,4,4,4
GEN24_1077369,4,4,4,4
GEN24_1077374,4,4,4,4
GEN24_1077380,4,4,4,4
GEN24_1077393,4,4,4,3
GEN24_1077397,4,4,4,4
GEN24_1077399,3,4,4,4
GEN24_1077400,4,4,4,4
GEN24_1077417,4,3,4,4
GEN24_1077425,4,4,4,3
GEN24_1077429,4,4,4,4
GEN24_1077432,4,4,4,3
GEN24_1077444,4,4,4,4
GEN24_1077446,4,4,4,4
GEN24_1077447,4,4,3,4
GEN24_1077453,4,4,4,4
GEN24_1077456,4,4,4,4
GEN24_1077462,4,4,4,4
GEN24_1077479,4,4,4,4
GEN24_1077481,4,4,4,4
GEN24_1077485,4,4,4,4
GEN24_1077530,4,4,4,4
GEN24_1077540,4,4,4,4
GEN24_1077544,4,4,4,4
GEN24_1077552,4,4,4,4
GEN24_1077560,3,3,3,3
GEN24_1077564,4,4,4,4
GEN24_1077568,4,4,4,4
GEN24_1077595,4,4,4,3
GEN24_1077600,4,4,4,4
GEN24_1077609,4,4,4,4
GEN24_1077613,4,4,4,4
GEN24_1077614,4,4,4,4
GEN24_1077615,4,4,4,4
GEN24_1077627,4,4,4,3
GEN24_1077630,4,4,4,4
GEN24_1077632,4,4,4,4
GEN24_1077636,4,4,4,4
GEN24_1077639,4,4,4,4
GEN24_1077645,4,4,4,4
GEN24_1077648,4,4,4,4
GEN24_1077649,3,4,4,4
GEN24_1077650,3,4,4,4
GEN24_1077652,4,4,4,4
GEN24_1077656,3,3,4,4
GEN24_1077671,4,4,4,4
GEN24_1077683,4,4,4,4
GEN24_1077691,4,4,4,4
GEN24_1077726,4,4,4,4
GEN24_1077743,4,4,4,4
GEN24_1077747,3,4,4,4
GEN24_1077749,4,4,4,4
GEN24_1077760,4,4,4,4
GEN24_1077768,4,4,4,3
GEN24_1077771,4,4,4,4
GEN24_1077778,4,4,4,4
GEN24_1077781,4,4,4,4
GEN24_1077783,4,4,4,4
GEN24_1077805,4,4,4,4
GEN24_1077810,4,4,4,4
GEN24_1077818,3,4,4,3
GEN24_1077822,4,4,4,4
GEN24_1077827,4,4,4,4
GEN24_1077838,3,4,4,4
GEN24_1077839,4,4,4,4
GEN24_1077840,4,4,4,4
GEN24_1077843,4,4,4,4
GEN24_1077851,4,4,4,4
GEN24_1077853,4,4,4,3
GEN24_1077857,3,4,4,4
GEN24_1077858,4,4,4,4
GEN24_1077864,4,4,3,4
GEN24_1077865,3,3,4,4
GEN24_1077866,4,4,4,3
GEN24_1077867,4,4,4,4
GEN24_1077870,4,4,4,4
GEN24_1077876,4,4,4,4
GEN24_1077880,4,4,4,4
GEN24_1077884,4,4,4,4
GEN24_1077889,4,4,4,4
GEN24_1077890,4,4,4,4
GEN24_1077896,4,1,4,1
GEN24_1077900,4,4,4,4
GEN24_1077935,4,4,4,4
GEN24_1077936,4,4,4,4
GEN24_1077937,4,4,4,4
GEN24_1077941,4,4,4,4
GEN24_1077943,4,3,4,4
GEN24_1077969,3,4,4,4
GEN24_1077972,3,3,4,4
GEN24_1077996,4,4,3,4
GEN24_1078002,4,4,4,4
GEN24_1078006,4,4,4,4
GEN24_1078020,4,4,4,4
GEN24_1078021,4,4,4,4
GEN24_1078024,4,4,4,4
GEN24_1078030,4,4,4,4
GEN24_1078033,4,4,4,4
GEN24_1078034,4,4,4,4
GEN24_1078065,4,4,4,3
GEN24_1078070,4,4,4,4
GEN24_1078098,4,4,4,4
GEN24_1078101,4,4,4,4
GEN24_1078110,4,4,4,4
GEN24_1078119,4,4,4,4
GEN24_1078124,4,4,4,4
GEN24_1078135,4,4,4,4
GEN24_1078136,4,4,4,4
GEN24_1078137,4,4,4,4
GEN24_1078139,4,4,4,3
GEN24_1078145,3,4,4,4
GEN24_1078157,4,4,4,4
GEN24_1078162,4,4,4,4
GEN24_1078168,4,4,3,4
GEN24_1078169,1,4,4,3
GEN24_1078176,4,4,4,4
GEN24_1078179,4,4,4,4
GEN24_1078182,4,4,4,3
GEN24_1078185,3,4,4,4
GEN24_1078187,4,4,4,4
GEN24_1078192,4,4,4,4
GEN24_1078194,4,4,3,4
GEN24_1078196,4,4,4,4
GEN24_1078204,4,4,4,4
GEN24_1078219,4,4,4,4
GEN24_1078220,4,4,4,4
GEN24_1078222,4,4,4,4
GEN24_1078223,4,4,4,4
GEN24_1078225,4,4,4,4
GEN24_1078231,4,4,4,4
GEN24_1078259,4,4,4,4
GEN24_1078264,4,4,4,4
GEN24_1078267,4,4,4,4
GEN24_1078271,4,4,3,4
GEN24_1078281,4,4,4,4
GEN24_1078284,3,4,4,4
GEN24_1078286,4,4,4,4
GEN24_1078289,4,4,4,4
GEN24_1078296,4,4,4,4
GEN24_1078307,4,4,4,4
GEN24_1078316,4,4,4,4
GEN24_1078318,4,4,4,4
GEN24_1078322,4,4,3,4
GEN24_1078323,4,3,4,4
GEN24_1078324,4,4,4,4
GEN24_1078327,4,3,4,3
GEN24_1078330,4,4,4,4
GEN24_1078336,4,4,4,4
GEN24_1078353,3,4,4,4
GEN24_1078367,4,4,4,4
GEN24_1078368,4,4,4,4
GEN24_1078370,4,3,4,4
GEN24_1078374,4,4,4,4
GEN24_1078375,4,4,4,4
GEN24_1078387,4,4,4,4
GEN24_1078390,4,4,4,3
GEN24_1078395,4,4,4,4
GEN24_1078396,4,4,4,4
GEN24_1078408,4,4,4,4
GEN24_1078411,4,4,4,4
GEN24_1078423,4,4,4,4
GEN24_1078424,4,4,4,3
GEN24_1078428,4,4,4,4
GEN24_1078431,4,4,4,4
GEN24_1078432,3,3,4,4
GEN24_1078445,4,4,4,4
GEN24_1078448,4,4,2,4
GEN24_1078475,4,4,4,4
GEN24_1078485,3,3,3,3
GEN24_1078487,4,2,3,4
GEN24_1078490,4,4,4,4
GEN24_1078491,4,4,4,4
GEN24_1078498,4,4,4,4
GEN24_1078501,4,4,4,4
GEN24_1078509,3,4,4,4
GEN24_1078511,3,4,4,4
GEN24_1078519,4,4,4,4
GEN24_1078520,4,4,4,4
GEN24_1078522,4,4,4,4
GEN24_1078525,4,4,4,4
GEN24_1078544,4,3,4,4
GEN24_1078545,4,3,4,3
GEN24_1078546,4,4,4,4
GEN24_1078557,3,4,4,4
GEN24_1078561,4,4,4,3
GEN24_1078583,4,4,4,4
GEN24_1078594,4,4,4,4
GEN24_1078612,4,4,4,4
GEN24_1078619,4,3,4,4
GEN24_1078620,4,4,4,4
GEN24_1078633,4,4,4,4
GEN24_1078648,4,4,4,4
GEN24_1078651,4,4,4,4
GEN24_1078652,4,4,4,4
GEN24_1078663,4,3,4,4
GEN24_1078669,3,4,4,4
GEN24_1078675,4,4,4,4
GEN24_1078682,4,4,4,4
GEN24_1078683,4,4,4,4
GEN24_1078684,4,4,4,4
GEN24_1078686,4,4,4,4
GEN24_1078691,4,4,4,4
GEN24_1078698,4,4,4,4
GEN24_1078716,4,4,4,4
GEN24_1078719,4,4,4,4
GEN24_1078720,4,4,3,4
GEN24_1078722,4,4,4,4
GEN24_1078723,3,3,3,3
GEN24_1078743,4,4,4,4
GEN24_1078747,4,4,4,4
GEN24_1078768,4,4,4,4
GEN24_1078769,4,4,4,4
GEN24_1078771,4,4,4,4
GEN24_1078775,4,4,4,4
GEN24_1078777,4,4,4,4
GEN24_1078779,4,4,4,4
GEN24_1078788,4,4,4,4
GEN24_1078794,4,4,4,4
GEN24_1078799,4,4,4,4
GEN24_1078802,4,4,4,4
GEN24_1078803,4,4,4,4
GEN24_1078804,3,3,3,3
GEN24_1078805,4,4,4,4
GEN24_1078813,4,4,4,3
GEN24_1078816,4,4,4,4
GEN24_1078822,4,3,4,3
GEN24_1078823,3,4,4,4
GEN24_1078824,4,4,4,4
GEN24_1078829,4,4,4,4
GEN24_1078835,4,4,4,4
GEN24_1078845,4,4,4,4
GEN24_1078854,4,3,4,4
GEN24_1078861,4,4,4,4
GEN24_1078864,4,4,4,4
GEN24_1078881,4,4,4,4
GEN24_1078890,4,4,4,3
GEN24_1078895,4,4,4,4
GEN24_1078898,4,4,3,4
GEN24_1078923,4,4,4,4
GEN24_1078939,4,4,4,4
GEN24_1078940,4,4,4,4
GEN24_1078954,2,3,4,2
GEN24_1078956,4,4,4,4
GEN24_1078962,4,4,4,4
GEN24_1079007,4,4,4,4
GEN24_1079012,4,3,4,3
GEN24_1079020,4,4,4,4
GEN24_1079022,4,4,4,4
GEN24_1079029,4,4,4,4
GEN24_1079031,3,4,4,4
GEN24_1079037,4,4,4,4
GEN24_1079043,4,4,4,4
GEN24_1079045,4,4,4,4
GEN24_1079050,4,4,4,4
GEN24_1079052,4,4,4,4
GEN24_1079053,4,4,4,4
GEN24_1079057,4,4,3,4
GEN24_1079058,4,4,4,4
GEN24_1079069,4,4,4,4
GEN24_1079070,3,4,4,4
GEN24_1079072,4,4,4,3
GEN24_1079080,4,4,4,4
GEN24_1079081,4,4,4,4
GEN24_1079087,4,4,4,4
GEN24_1079088,4,4,4,4
GEN24_1079090,4,4,4,4
GEN24_1079091,4,4,4,4
GEN24_1079094,4,4,4,4
GEN24_1079099,4,4,4,4
GEN24_1079101,4,4,4,4
GEN24_1079107,4,4,4,4
GEN24_1079115,3,4,4,3
GEN24_1079118,4,4,4,4
GEN24_1079120,4,4,4,4
GEN24_1079147,4,4,4,4
GEN24_1079157,4,4,4,4
GEN24_1079164,4,4,4,4
GEN24_1079181,4,4,4,4
GEN24_1079190,4,4,4,4
GEN24_1079200,4,4,4,4
GEN24_1079204,4,4,4,4
GEN24_1079207,4,3,4,4
GEN24_1079219,4,4,4,4
GEN24_1079222,4,4,4,4
GEN24_1079229,4,4,4,4
GEN24_1079233,4,4,4,4
GEN24_1079243,4,4,3,4
GEN24_1079245,4,4,4,4
GEN24_1079249,4,4,4,4
GEN24_1079251,4,4,4,4
GEN24_1079254,4,4,4,4
GEN24_1079266,4,4,4,3
GEN24_1079269,4,4,4,4
GEN24_1079276,4,4,4,4
GEN24_1079299,4,4,4,4
GEN24_1079317,4,3,4,3
GEN24_1079328,4,4,4,4
GEN24_1079343,4,4,4,4
GEN24_1079346,4,4,4,4
GEN24_1079348,4,3,4,4
GEN24_1079357,4,4,4,4
GEN24_1079359,4,4,3,4
GEN24_1079360,4,4,4,4
GEN24_1079362,4,4,4,4
GEN24_1079366,4,4,4,4
GEN24_1079381,4,4,4,3
GEN24_1079382,4,4,4,4
GEN24_1079383,4,4,4,4
GEN24_1079389,4,4,4,4
GEN24_1079394,4,4,4,4
GEN24_1079398,4,4,4,4
GEN24_1079399,4,4,4,3
GEN24_1079410,4,4,4,4
GEN24_1079411,4,4,4,4
GEN24_1079421,4,3,4,4
GEN24_1079426,4,4,4,3
GEN24_1079427,3,4,2,2
GEN24_1079434,4,4,4,4
GEN24_1079435,4,4,4,4
GEN24_1079437,4,4,4,4
GEN24_1079443,4,3,4,3
GEN24_1079444,4,4,4,3
GEN24_1079445,4,4,3,4
GEN24_1079468,4,4,4,4
GEN24_1079469,4,3,4,4
GEN24_1079470,4,4,4,4
GEN24_1079471,4,4,4,4
GEN24_1079473,4,4,4,4
GEN24_1079482,4,4,4,3
GEN24_1079484,4,4,4,4
GEN24_1079488,4,4,4,4
GEN24_1079489,3,3,3,3
GEN24_1079494,4,4,4,4
GEN24_1079497,3,4,3,4
GEN24_1079520,4,4,4,4
GEN24_1079523,4,3,4,4
GEN24_1079525,4,4,4,4
GEN24_1079527,4,4,4,4
GEN24_1079529,4,4,4,4
GEN24_1079534,4,4,4,4
GEN24_1079536,4,4,4,4
GEN24_1079537,3,4,4,4
GEN24_1079554,4,4,4,4
GEN24_1079563,4,4,4,4
GEN24_1079564,4,4,4,4
GEN24_1079565,4,4,4,4
GEN24_1079577,4,4,4,4
GEN24_1079578,4,4,4,4
GEN24_1079581,4,4,4,4
GEN24_1079585,4,4,3,4
GEN24_1079597,4,4,4,4
GEN24_1079600,4,4,4,4
GEN24_1079609,4,4,4,4
GEN24_1079633,4,4,4,4
GEN24_1079637,4,4,4,4
GEN24_1079639,4,4,4,4
GEN24_1079642,4,4,4,4
GEN24_1079650,4,4,4,4
GEN24_1079652,3,4,4,4
GEN24_1079661,4,4,4,4
GEN24_1079663,4,4,4,4
GEN24_1079664,4,3,3,3
GEN24_1079674,4,4,4,4
GEN24_1079681,4,4,4,4
GEN24_1079706,4,4,3,4
GEN24_1079727,4,4,4,3
GEN24_1079742,4,4,3,3
GEN24_1079745,4,4,4,4
GEN24_1079748,4,3,3,4
GEN24_1079754,3,4,4,4
GEN24_1079755,4,4,4,4
GEN24_1079756,4,4,4,4
GEN24_1079773,4,4,4,4
GEN24_1079779,3,4,4,4
GEN24_1079782,4,4,4,4
GEN24_1079783,3,3,4,3
GEN24_1079786,4,4,4,4
GEN24_1079787,4,4,4,4
GEN24_1079793,4,4,3,4
GEN24_1079794,4,4,4,4
GEN24_1079795,4,4,4,4
GEN24_1079803,4,4,4,4
GEN24_1079809,4,4,4,4
GEN24_1079812,4,4,4,4
GEN24_1079820,3,4,3,3
GEN24_1079822,4,4,4,3
GEN24_1079830,4,4,4,4
GEN24_1079831,4,4,4,4
GEN24_1079835,3,4,3,4
GEN24_1079837,4,4,4,4
GEN24_1079841,4,4,3,3
GEN24_1079843,4,4,4,4
GEN24_1079844,3,4,4,3
GEN24_1079847,4,4,4,4
GEN24_1079855,4,4,4,4
GEN24_1079865,4,4,4,4
GEN24_1079866,4,3,4,4
GEN24_1079869,4,4,4,4
GEN24_1079874,4,4,4,4
GEN24_1079877,4,4,4,4
GEN24_1079882,3,3,3,3
GEN24_1079914,4,4,4,3
GEN24_1079921,4,4,4,4
GEN24_1079924,4,4,4,4
GEN24_1079934,4,4,4,4
GEN24_1079951,4,4,4,4
GEN24_1079959,4,4,4,4
GEN24_1079964,4,3,4,4
GEN24_1079966,4,4,4,4
GEN24_1079967,4,4,4,4
GEN24_1079969,4,4,4,4
GEN24_1079971,4,4,3,4
GEN24_1079972,4,4,4,3
GEN24_1079973,4,4,4,4
GEN24_1079989,4,4,3,4
GEN24_1080011,4,4,4,4
GEN24_1080012,4,4,4,4
GEN24_1080021,4,4,4,4
GEN24_1080024,4,4,4,4
GEN24_1080036,4,4,4,4
GEN24_1080039,3,3,2,3
GEN24_1080041,4,4,4,4
GEN24_1080045,4,4,4,3
GEN24_1080048,4,4,4,4
GEN24_1080051,4,4,4,4
GEN24_1080057,4,3,3,4
GEN24_1080068,4,4,4,4
GEN24_1080071,3,4,4,4
GEN24_1080072,4,4,4,4
GEN24_1080074,4,4,4,4
GEN24_1080076,4,4,4,4
GEN24_1080080,4,4,4,4
GEN24_1080083,4,4,4,4
GEN24_1080084,4,4,4,4
GEN24_1080088,4,4,4,4
GEN24_1080089,4,4,4,4
GEN24_1080116,4,4,4,4
GEN24_1080118,4,4,4,4
GEN24_1080128,4,4,3,4
GEN24_1080143,4,4,4,4
GEN24_1080173,4,4,4,4
GEN24_1080183,4,4,4,4
GEN24_1080184,3,4,4,4
GEN24_1080186,4,4,4,4
GEN24_1080187,4,4,4,3
GEN24_1080188,4,4,4,4
GEN24_1080190,4,4,4,4
GEN24_1080191,4,4,4,4
GEN24_1080197,4,4,4,4
GEN24_1080202,4,4,4,4
GEN24_1080209,4,4,4,4
GEN24_1080217,4,4,3,4
GEN24_1080222,3,4,4,4
GEN24_1080229,4,3,4,4
GEN24_1080232,4,4,3,2
GEN24_1080233,4,4,4,4
GEN24_1080234,4,4,4,4
GEN24_1080237,4,4,4,4
GEN24_1080257,4,4,4,4
GEN24_1080264,4,4,4,4
GEN24_1080279,4,4,4,4
GEN24_1080285,3,4,3,3
GEN24_1080292,4,4,4,4
GEN24_1080308,4,4,4,4
GEN24_1080314,4,4,4,4
GEN24_1080315,4,4,4,4
GEN24_1080322,4,4,4,4
GEN24_1080323,4,4,4,4
GEN24_1080331,4,4,4,4
GEN24_1080332,4,4,4,3
GEN24_1080346,4,3,4,2
GEN24_1080348,4,4,3,4
GEN24_1080358,4,4,4,3
GEN24_1080364,4,4,4,4
GEN24_1080366,4,4,4,3
GEN24_1080368,4,4,4,4
GEN24_1080371,4,4,4,4
GEN24_1080375,4,4,4,4
GEN24_1080377,4,4,4,4
GEN24_1080378,4,4,4,4
GEN24_1080379,4,4,4,3
GEN24_1080381,4,4,4,4
GEN24_1080389,1,3,4,4
GEN24_1080396,4,4,4,4
GEN24_1080408,4,4,4,4
GEN24_1080410,4,4,3,4
GEN24_1080422,4,4,4,4
GEN24_1080443,4,4,4,4
GEN24_1080449,4,4,4,4
GEN24_1080458,4,4,4,4
GEN24_1080466,4,4,4,4
GEN24_1080475,4,4,4,4
GEN24_1080478,4,4,4,4
GEN24_1080482,4,4,4,4
GEN24_1080484,4,4,4,4
GEN24_1080496,4,4,4,4
GEN24_1080498,4,4,4,4
GEN24_1080500,4,4,4,4
GEN24_1080501,4,4,4,4
GEN24_1080502,4,4,4,3
GEN24_1080505,4,4,4,4
GEN24_1080508,4,3,3,4
GEN24_1080510,4,4,4,4
GEN24_1080523,4,4,4,4
GEN24_1080537,4,4,4,4
GEN24_1080541,4,4,4,4
GEN24_1080543,4,4,4,4
GEN24_1080555,4,4,4,4
GEN24_1080557,4,4,4,4
GEN24_1080570,4,4,4,4
GEN24_1080571,4,4,4,3
GEN24_1080575,4,4,4,4
GEN24_1080579,4,4,4,4
GEN24_1080583,4,4,4,4
GEN24_1080587,4,4,4,4
GEN24_1080607,4,4,4,4
GEN24_1080609,4,4,3,4
GEN24_1080610,4,4,4,4
GEN24_1080616,4,4,3,4
GEN24_1080623,4,4,4,4
GEN24_1080627,4,4,4,4
GEN24_1080628,4,4,4,4
GEN24_1080629,4,4,4,4
GEN24_1080630,4,4,4,4
GEN24_1080633,4,4,4,3
GEN24_1080635,4,4,4,4
GEN24_1080640,4,4,4,4
GEN24_1080657,4,4,3,4
GEN24_1080658,4,4,4,4
GEN24_1080664,4,4,4,4
GEN24_1080666,4,4,4,4
GEN24_1080677,4,4,4,4
GEN24_1080678,4,4,4,4
GEN24_1080687,4,4,4,4
GEN24_1080690,4,4,4,4
GEN24_1080692,4,4,4,4
GEN24_1080693,4,4,4,4
GEN24_1080694,4,4,4,4
GEN24_1080700,4,4,4,4
GEN24_1080708,4,4,4,4
GEN24_1080733,4,4,4,4
GEN24_1080742,4,4,3,4
GEN24_1080746,4,4,4,4
GEN24_1080766,4,4,4,4
GEN24_1080774,4,4,4,4
GEN24_1080782,4,4,4,3
GEN24_1080783,4,4,4,4
GEN24_1080790,4,4,3,4
GEN24_1080793,4,4,4,4
GEN24_1080797,4,4,4,4
GEN24_1080817,4,4,4,3
GEN24_1080825,4,4,4,4
GEN24_1080828,3,3,4,4
GEN24_1080829,4,4,4,3
GEN24_1080833,4,3,3,4
GEN24_1080849,4,4,4,4
GEN24_1080861,3,4,4,4
GEN24_1080863,4,4,4,4
GEN24_1080871,4,4,4,4
GEN24_1080872,4,4,4,4
GEN24_1080877,4,4,4,4
GEN24_1080880,4,4,4,4
GEN24_1080882,4,4,4,4
GEN24_1080884,4,4,4,4
GEN24_1080909,4,4,4,4
GEN24_1080915,4,4,4,4
GEN24_1080916,4,4,4,4
GEN24_1080917,4,4,4,4
GEN24_1080932,4,2,2,4
GEN24_1080936,4,4,4,4
GEN24_1080943,4,4,4,3
GEN24_1080952,4,4,4,4
GEN24_1080954,4,4,4,4
GEN24_1080957,4,4,4,4
GEN24_1080963,4,4,3,4
GEN24_1080970,4,4,4,4
GEN24_1080973,4,4,4,4
GEN24_1080977,4,4,4,4
GEN24_1080981,4,4,4,4
GEN24_1080986,4,4,4,4
GEN24_1080996,3,4,4,4
GEN24_1081000,4,4,4,4
GEN24_1081003,4,4,4,4
GEN24_1081004,4,4,4,4
GEN24_1081006,4,4,4,4
GEN24_1081009,4,4,4,4
GEN24_1081014,2,3,3,2
GEN24_1081028,3,3,4,3
GEN24_1081038,4,4,4,4
GEN24_1081045,4,4,4,4
GEN24_1081049,4,4,4,4
GEN24_1081053,4,4,4,4
GEN24_1081054,4,4,4,4
GEN24_1081056,4,4,4,4
GEN24_1081057,4,4,4,3
GEN24_1081060,4,4,4,4
GEN24_1081065,4,3,4,3
GEN24_1081075,4,4,4,4
GEN24_1081081,4,4,4,4
GEN24_1081096,4,4,4,4
GEN24_1081098,4,4,4,4
GEN24_1081099,4,4,4,4
GEN24_1081110,4,4,4,4
GEN24_1081133,4,3,4,3
GEN24_1081134,3,4,4,3
GEN24_1081137,4,3,4,4
GEN24_1081139,4,4,4,4
GEN24_1081140,4,4,4,3
GEN24_1081143,3,4,4,4
GEN24_1081144,4,4,4,4
GEN24_1081147,4,4,4,4
GEN24_1081156,4,4,4,4
GEN24_1081158,4,4,4,4
GEN24_1081167,4,4,3,4
GEN24_1081170,4,4,4,4
GEN24_1081179,4,4,4,4
GEN24_1081180,4,4,4,4
GEN24_1081183,4,4,4,4
GEN24_1081184,4,4,4,4
GEN24_1081187,3,4,4,1
GEN24_1081190,4,4,4,4
GEN24_1081193,4,4,4,4
GEN24_1081197,4,4,3,4
GEN24_1081199,4,4,4,4
GEN24_1081203,4,4,4,4
GEN24_1081219,4,4,4,4
GEN24_1081236,4,4,4,4
GEN24_1081238,4,4,4,4
GEN24_1081240,4,4,4,4
GEN24_1081241,4,4,4,4
GEN24_1081243,4,4,4,3
GEN24_1081252,4,4,4,4
GEN24_1081253,4,3,4,4
GEN24_1081262,4,4,4,4
GEN24_1081278,4,4,4,4
GEN24_1081286,4,4,4,4
GEN24_1081302,4,4,4,2
GEN24_1081303,4,4,4,4
GEN24_1081315,4,4,4,4
GEN24_1081323,4,4,4,4
GEN24_1081325,4,4,4,4
GEN24_1081342,4,4,4,4
GEN24_1081351,4,4,4,4
GEN24_1081357,4,4,4,4
GEN24_1081362,4,4,4,4
GEN24_1081365,4,3,4,4
GEN24_1081369,4,4,4,4
GEN24_1081379,4,4,4,4
GEN24_1081395,4,4,4,4
GEN24_1081401,4,4,4,4
GEN24_1081403,4,4,4,4
GEN24_1081406,4,3,4,4
GEN24_1081410,4,4,4,4
GEN24_1081422,4,4,4,4
GEN24_1081435,4,4,4,4
GEN24_1081437,4,4,4,4
GEN24_1081440,2,4,4,4
GEN24_1081442,4,4,4,4
GEN24_1081443,4,4,4,4
GEN24_1081445,4,4,4,4
GEN24_1081454,3,4,3,4
GEN24_1081456,4,4,4,4
GEN24_1081458,4,4,4,4
GEN24_1081459,4,4,4,4
GEN24_1081461,4,4,4,4
GEN24_1081463,4,3,4,3
GEN24_1081486,4,4,4,4
GEN24_1081491,4,4,4,4
GEN24_1081502,4,4,4,3
GEN24_1081510,4,4,4,4
GEN24_1081516,4,4,4,4
GEN24_1081519,4,4,4,4
GEN24_1081521,4,4,4,4
GEN24_1081525,4,4,4,3
GEN24_1081528,4,4,4,4
GEN24_1081531,4,4,4,4
GEN24_1081532,4,4,4,4
GEN24_1081533,4,4,4,4
GEN24_1081536,4,4,4,4
GEN24_1081548,4,2,4,4
GEN24_1081556,4,4,3,4
GEN24_1081559,4,4,4,4
GEN24_1081565,4,4,4,4
GEN24_1081571,4,4,4,4
GEN24_1081574,4,4,4,4
GEN24_1081591,4,4,4,4
GEN24_1081596,4,4,4,4
GEN24_1081597,3,4,3,2
GEN24_1081601,3,4,4,3
GEN24_1081610,4,4,4,4
GEN24_1081615,4,4,4,4
GEN24_1081616,4,4,4,4
GEN24_1081622,4,4,4,4
GEN24_1081624,4,4,4,4
GEN24_1081625,4,4,3,4
GEN24_1081636,4,4,4,4
GEN24_1081638,4,4,4,4
GEN24_1081639,4,4,4,4
GEN24_1081640,4,4,4,4
GEN24_1081647,4,4,4,4
GEN24_1081648,4,4,4,4
GEN24_1081649,4,4,4,2
GEN24_1081650,4,3,3,3
GEN24_1081653,4,4,4,4
GEN24_1081654,4,4,4,4
GEN24_1081658,4,4,4,4
GEN24_1081666,4,4,4,4
GEN24_1081668,4,4,4,4
GEN24_1081675,4,4,4,4
GEN24_1081676,4,4,4,4
GEN24_1081690,4,4,3,4
GEN24_1081691,4,4,4,3
GEN24_1081701,4,4,4,3
GEN24_1081711,4,4,4,4
GEN24_1081714,4,4,4,4
GEN24_1081726,4,4,4,4
GEN24_1081729,4,4,4,4
GEN24_1081731,4,4,4,4
GEN24_1081742,4,4,4,4
GEN24_1081757,4,4,4,4
GEN24_1081780,4,4,4,4
GEN24_1081784,4,4,4,4
GEN24_1081821,4,4,4,4
GEN24_1081826,4,4,4,3
GEN24_1081827,4,4,4,4
GEN24_1081829,4,4,4,4
GEN24_1081831,4,4,4,4
GEN24_1081833,4,4,3,2
GEN24_1081851,3,4,4,3
GEN24_1081855,4,4,4,4
GEN24_1081868,4,4,4,4
GEN24_1081869,3,4,4,4
GEN24_1081870,4,4,4,3
GEN24_1081872,4,4,4,4
GEN24_1081875,4,4,4,4
GEN24_1081881,4,4,4,4
GEN24_1081888,4,4,4,4
GEN24_1081891,4,4,4,4
GEN24_1081899,4,3,4,3
GEN24_1081911,4,4,4,4
GEN24_1081913,3,4,4,4
GEN24_1081937,4,4,4,4
GEN24_1081939,4,4,4,4
GEN24_1081942,4,4,4,4
GEN24_1081944,4,4,4,4
GEN24_1081946,4,4,4,4
GEN24_1081951,3,4,3,4
GEN24_1081952,4,4,4,4
GEN24_1081960,4,4,4,3
GEN24_1081961,4,4,4,4
GEN24_1081977,4,4,4,4
GEN24_1081978,4,4,3,3
GEN24_1081981,4,4,4,4
GEN24_1081990,4,4,4,4
GEN24_1081994,4,4,4,4
GEN24_1081999,4,4,4,4
GEN24_1082023,4,4,4,4
GEN24_1082026,4,4,4,4
GEN24_1082027,3,4,4,3
GEN24_1082028,4,4,4,4
GEN24_1082029,4,4,4,4
GEN24_1082056,4,4,4,4
GEN24_1082058,4,4,4,4
GEN24_1082063,4,4,4,4
GEN24_1082064,4,4,4,4
GEN24_1082066,4,4,4,4
GEN24_1082103,4,4,4,4
GEN24_1082106,4,4,4,4
GEN24_1082115,4,4,4,4
GEN24_1082118,4,4,4,4
GEN24_1082125,4,3,4,4
GEN24_1082127,4,4,4,4
GEN24_1082144,4,4,4,4
GEN24_1082154,4,3,4,4
GEN24_1082155,4,4,4,3
GEN24_1082156,4,4,4,4
GEN24_1082175,4,4,4,4
GEN24_1082177,4,4,4,4
GEN24_1082216,4,4,3,3
GEN24_1082217,4,4,3,3
GEN24_1082222,4,4,4,4
GEN24_1082224,4,4,4,4
GEN24_1082254,4,4,4,4
GEN24_1082261,4,4,4,4
GEN24_1082265,4,4,4,4
GEN24_1082266,4,4,4,4
GEN24_1082268,4,4,4,4
GEN24_1082269,4,2,4,4
GEN24_1082281,4,4,4,4
GEN24_1082286,4,4,4,4
GEN24_1082296,4,4,3,4
GEN24_1082302,4,4,4,4
GEN24_1082308,4,4,4,4
GEN24_1082309,4,4,4,4
GEN24_1082327,4,4,4,4
GEN24_1082335,4,4,4,4
GEN24_1082347,4,4,4,4
GEN24_1082352,4,4,4,4
GEN24_1082373,4,4,4,4
GEN24_1082376,4,4,4,4
GEN24_1082379,4,4,4,4
GEN24_1082387,4,4,4,4
GEN24_1082389,4,4,4,4
GEN24_1082412,4,4,4,4
GEN24_1082413,4,4,4,4
GEN24_1082426,4,4,4,4
GEN24_1082437,4,4,4,4
GEN24_1082448,4,4,4,3
GEN24_1082451,4,4,3,3
GEN24_1082457,4,4,4,4
GEN24_1082462,4,3,3,4
GEN24_1082480,3,4,4,3
GEN24_1082506,4,3,3,3
GEN24_1082508,4,4,4,4
GEN24_1082511,4,4,4,4
GEN24_1082517,4,4,4,4
GEN24_1082519,4,4,4,4
GEN24_1082526,4,4,4,4
GEN24_1082529,4,3,3,3
GEN24_1082539,4,4,4,4
GEN24_1082541,4,4,4,4
GEN24_1082542,4,4,4,4
GEN24_1082550,3,4,3,3
GEN24_1082561,4,4,4,4
GEN24_1082562,4,4,4,4
GEN24_1082566,4,4,4,4
GEN24_1082579,4,4,4,4
GEN24_1082585,4,3,4,4
GEN24_1082589,4,4,4,4
GEN24_1082602,4,4,4,4
GEN24_1082607,4,4,4,4
GEN24_1082610,4,4,4,4
GEN24_1082611,4,4,4,4
GEN24_1082621,4,4,3,4
GEN24_1082628,4,4,4,4
GEN24_1082632,4,4,4,4
GEN24_1082641,4,4,4,4
GEN24_1082645,4,4,4,4
GEN24_1082647,4,4,4,4
GEN24_1082650,4,4,4,4
GEN24_1082652,4,4,4,4
GEN24_1082654,4,4,4,4
GEN24_1082662,4,4,4,4
GEN24_1082669,4,4,4,4
GEN24_1082698,4,4,4,4
GEN24_1082700,4,4,4,4
GEN24_1082702,4,4,4,4
GEN24_1082709,4,4,4,3
GEN24_1082715,4,3,4,3
GEN24_1082729,4,4,4,4
GEN24_1082731,4,4,4,4
GEN24_1082733,4,4,4,4
GEN24_1082735,3,4,4,3
GEN24_1082758,4,4,4,4
GEN24_1082768,4,4,4,4
GEN24_1082774,4,4,4,4
GEN24_1082775,4,4,4,4
GEN24_1082776,4,4,4,4
GEN24_1082777,4,4,4,4
GEN24_1082780,4,4,4,4
GEN24_1082782,4,4,4,4
GEN24_1082790,4,4,4,4
GEN24_1082797,2,4,4,3
GEN24_1082801,4,4,4,4
GEN24_1082802,4,4,4,4
GEN24_1082808,4,4,4,4
GEN24_1082809,4,4,4,4
GEN24_1082813,4,4,4,4
GEN24_1082817,4,4,4,4
GEN24_1082820,4,4,4,4
GEN24_1082823,4,4,4,4
GEN24_1082824,1,1,1,3
GEN24_1082860,4,4,4,4
GEN24_1082864,4,2,4,4
GEN24_1082870,4,4,4,4
GEN24_1082879,4,4,4,4
GEN24_1082886,4,4,4,4
GEN24_1082902,4,4,4,4
GEN24_1082916,4,4,4,4
GEN24_1082921,4,4,4,4
GEN24_1082924,4,4,4,4
GEN24_1082939,3,4,4,4
GEN24_1082950,4,4,4,3
GEN24_1082955,4,4,4,4
GEN24_1082958,4,4,4,4
GEN24_1082960,4,4,3,3
GEN24_1082964,4,4,4,4
GEN24_1082974,4,4,4,4
GEN24_1082977,4,4,4,3
GEN24_1082985,4,4,4,3
GEN24_1082986,4,4,4,4
GEN24_1082988,4,4,4,4
GEN24_1082992,3,4,4,3
GEN24_1082995,4,4,4,4
GEN24_1083002,4,4,4,4
GEN24_1083005,4,4,4,4
GEN24_1083012,4,4,3,4
GEN24_1083026,4,4,4,4
GEN24_1083038,3,4,4,4
GEN24_1083065,4,4,4,4
GEN24_1083089,4,4,3,4
GEN24_1083094,4,4,4,4
GEN24_1083102,4,4,4,4
GEN24_1083103,4,4,4,4
GEN24_1083108,4,4,4,4
GEN24_1083115,4,4,4,4
GEN24_1083123,4,4,4,4
GEN24_1083131,4,4,4,4
GEN24_1083135,4,4,4,4
GEN24_1083139,4,4,4,4
GEN24_1083150,4,4,4,4
GEN24_1083160,4,4,4,4
GEN24_1083170,4,4,4,4
GEN24_1083182,4,4,4,2
GEN24_1083189,4,4,4,4
GEN24_1083193,4,4,4,4
GEN24_1083194,3,4,4,3
GEN24_1083203,4,4,4,4
GEN24_1083208,4,4,3,4
GEN24_1083212,4,4,4,4
GEN24_1083216,4,4,4,4
GEN24_1083218,4,3,3,4
GEN24_1083221,4,4,4,4
GEN24_1083223,4,4,4,4
GEN24_1083231,4,4,4,4
GEN24_1083232,4,4,4,4
GEN24_1083233,4,4,4,4
GEN24_1083245,4,4,4,4
GEN24_1083250,4,4,4,4
GEN24_1083252,4,4,3,4
GEN24_1083255,4,4,4,4
GEN24_1083260,4,4,4,4
GEN24_1083265,4,4,4,4
GEN24_1083268,4,4,4,4
GEN24_1083271,4,4,4,4
GEN24_1083279,4,3,3,4
GEN24_1083286,4,4,4,4
GEN24_1083287,4,4,4,4
GEN24_1083307,4,4,4,3
GEN24_1083327,4,4,4,4
GEN24_1083332,4,3,3,3
GEN24_1083334,4,4,4,4
GEN24_1083335,4,4,4,4
GEN24_1083358,4,4,3,4
GEN24_1083372,3,4,4,4
GEN24_1083388,4,4,4,3
GEN24_1083397,4,4,4,4
GEN24_1083402,4,4,4,4
GEN24_1083404,4,4,3,4
GEN24_1083413,4,4,4,4
GEN24_1083418,4,4,4,4
GEN24_1083423,3,4,3,4
GEN24_1083426,4,3,4,4
GEN24_1083429,4,4,4,4
GEN24_1083436,4,4,4,4
GEN24_1083437,4,4,4,4
GEN24_1083449,4,4,4,4
GEN24_1083468,4,4,4,4
GEN24_1083470,4,4,3,3
GEN24_1083473,4,4,4,4
GEN24_1083475,4,4,4,4
GEN24_1083481,4,4,4,4
GEN24_1083488,4,4,4,4
GEN24_1083495,4,4,4,4
GEN24_1083500,4,4,4,4
GEN24_1083505,4,4,4,4
GEN24_1083506,4,4,4,4
GEN24_1083508,4,4,4,4
GEN24_1083510,4,4,4,4
GEN24_1083514,4,4,4,4
GEN24_1083520,4,4,4,4
GEN24_1083521,4,4,3,4
GEN24_1083522,4,4,4,4
GEN24_1083530,4,4,4,4
GEN24_1083532,4,3,4,4
GEN24_1083539,4,4,4,4
GEN24_1083541,4,4,4,4
GEN24_1083545,3,4,4,4
GEN24_1083550,3,4,4,4
GEN24_1083553,4,4,4,4
GEN24_1083564,4,4,4,4
GEN24_1083571,4,4,4,4
GEN24_1083575,4,4,4,4
GEN24_1083581,4,4,4,4
GEN24_1083590,4,3,4,4
GEN24_1083591,4,4,4,4
GEN24_1083604,4,4,4,4
GEN24_1083610,4,4,4,4
GEN24_1083634,4,4,4,4
GEN24_1083644,4,4,4,4
GEN24_1083658,4,4,4,4
GEN24_1083665,4,4,4,4
GEN24_1083676,4,4,4,4
GEN24_1083677,4,4,4,4
GEN24_1083685,3,3,4,3
GEN24_1083686,4,4,4,4
GEN24_1083688,4,4,4,4
GEN24_1083689,4,4,4,4
GEN24_1083691,4,4,4,4
GEN24_1083692,4,4,4,4
GEN24_1083693,4,4,4,4
GEN24_1083703,4,4,4,4
GEN24_1083707,4,4,4,4
GEN24_1083710,4,4,4,4
GEN24_1083729,4,4,4,4
GEN24_1083731,4,3,4,4
GEN24_1083732,4,4,4,4
GEN24_1083735,4,3,4,4
GEN24_1083736,4,4,4,4
GEN24_1083737,3,4,4,4
GEN24_1083738,4,4,4,4
GEN24_1083758,4,4,4,4
GEN24_1083764,4,4,4,4
GEN24_1083766,4,4,4,4
GEN24_1083790,4,3,4,4
GEN24_1083818,4,4,4,4
GEN24_1083825,4,4,4,4
GEN24_1083826,4,4,4,4
GEN24_1083835,4,4,4,4
GEN24_1083846,4,4,4,4
GEN24_1083858,4,4,4,4
GEN24_1083865,4,4,4,4
GEN24_1083868,4,4,4,4
GEN24_1083872,4,4,4,4
GEN24_1083879,4,4,4,4
GEN24_1083898,4,4,4,4
GEN24_1083899,4,4,4,4
GEN24_1083911,4,4,4,4
GEN24_1083921,4,4,4,4
GEN24_1083931,4,4,4,3
GEN24_1083934,4,4,4,4
GEN24_1083942,4,4,4,4
GEN24_1083944,4,4,4,4
GEN24_1083966,4,3,4,4
GEN24_1083971,4,4,4,4
GEN24_1083979,4,3,3,3
GEN24_1083981,4,4,3,4
GEN24_1084005,3,3,4,4
GEN24_1084011,4,4,4,3
GEN24_1084016,4,4,4,4
GEN24_1084037,4,4,4,4
GEN24_1084044,4,4,4,4
GEN24_1084050,4,4,4,4
GEN24_1084056,4,4,3,4
GEN24_1084063,4,4,4,4
GEN24_1084066,4,4,4,4
GEN24_1084072,4,4,4,4
GEN24_1084075,4,4,4,4
GEN24_1084083,4,4,4,4
GEN24_1084084,4,4,4,3
GEN24_1084089,4,3,4,4
GEN24_1084095,4,4,3,4
GEN24_1084104,4,4,4,4
GEN24_1084111,4,4,4,4
GEN24_1084117,4,4,4,4
GEN24_1084119,4,4,4,4
GEN24_1084121,4,4,4,4
GEN24_1084122,4,4,3,3
GEN24_1084126,4,4,4,4
GEN24_1084132,4,3,4,4
GEN24_1084138,4,4,4,4
GEN24_1084140,4,4,4,4
GEN24_1084148,4,4,4,4
GEN24_1084155,4,4,4,4
GEN24_1084165,4,4,4,3
GEN24_1084186,4,4,4,4
GEN24_1084187,4,4,4,4
GEN24_1084192,4,4,4,4
GEN24_1084193,4,4,4,4
GEN24_1084237,4,4,4,4
GEN24_1084247,4,4,4,4
GEN24_1084248,4,4,4,4
GEN24_1084255,4,4,4,4
GEN24_1084259,4,4,4,4
GEN24_1084263,4,4,4,4
GEN24_1084284,4,4,4,4
GEN24_1084285,4,4,4,4
GEN24_1084286,4,4,4,4
GEN24_1084288,4,4,4,3
GEN24_1084291,4,4,4,4
GEN24_1084294,4,4,4,4
GEN24_1084295,4,4,4,4
GEN24_1084297,4,4,4,4
GEN24_1084304,4,4,4,4
GEN24_1084308,4,4,4,4
GEN24_1084312,4,4,4,4
GEN24_1084313,4,3,1,4
GEN24_1084325,4,3,3,3
GEN24_1084326,4,4,4,4
GEN24_1084327,4,4,2,3
GEN24_1084333,4,4,4,4
GEN24_1084335,4,4,4,4
GEN24_1084337,4,4,4,4
GEN24_1084345,4,4,4,4
GEN24_1084365,3,4,3,4
GEN24_1084367,4,4,4,4
GEN24_1084370,4,4,4,3
GEN24_1084382,4,4,4,4
GEN24_1084386,4,4,4,4
GEN24_1084390,4,4,4,4
GEN24_1084398,4,4,4,4
GEN24_1084403,4,4,4,4
GEN24_1084418,4,4,4,4
GEN24_1084421,4,4,4,4
GEN24_1084439,4,4,4,4
GEN24_1084442,4,4,3,4
GEN24_1084464,4,4,4,4
GEN24_1084471,4,4,4,4
GEN24_1084481,4,4,4,4
GEN24_1084485,4,4,4,4
GEN24_1084486,4,4,4,4
GEN24_1084494,4,4,3,3
GEN24_1084496,4,3,4,4
GEN24_1084500,4,4,4,4
GEN24_1084516,4,4,4,4
GEN24_1084524,2,3,3,3
GEN24_1084533,4,4,4,4
GEN24_1084542,4,4,4,4
GEN24_1084558,4,4,4,4
GEN24_1084563,4,4,4,4
GEN24_1084578,4,4,4,4
GEN24_1084583,4,4,4,4
GEN24_1084586,4,4,4,4
GEN24_1084590,4,4,4,4
GEN24_1084600,4,4,4,4
GEN24_1084601,4,4,4,4
GEN24_1084602,4,4,4,4
GEN24_1084616,4,3,4,4
GEN24_1084622,4,4,4,4
GEN24_1084623,4,4,4,4
GEN24_1084631,4,4,4,4
GEN24_1084634,4,4,4,4
GEN24_1084641,4,4,4,2
GEN24_1084649,4,4,4,4
GEN24_1084653,4,4,4,4
GEN24_1084670,4,4,4,4
GEN24_1084673,4,4,4,4
GEN24_1084675,4,4,4,4
GEN24_1084677,4,4,4,4
GEN24_1084688,3,4,3,4
GEN24_1084690,1,1,1,1
GEN24_1084698,4,4,4,3
GEN24_1084700,4,4,4,3
GEN24_1084703,4,4,4,4
GEN24_1084706,4,4,4,4
GEN24_1084715,4,4,4,4
GEN24_1084716,4,4,4,4
GEN24_1084719,4,4,4,4
GEN24_1084727,4,4,4,4
GEN24_1084735,4,4,4,4
GEN24_1084738,4,4,4,4
GEN24_1084745,4,4,4,4
GEN24_1084747,4,4,4,4
GEN24_1084756,4,4,4,4
GEN24_1084760,4,4,4,4
GEN24_1084766,4,4,4,4
GEN24_1084776,4,4,4,4
GEN24_1084785,4,4,4,4
GEN24_1084792,4,4,4,4
GEN24_1084804,4,4,4,4
GEN24_1084806,4,4,4,4
GEN24_1084808,4,4,4,4
GEN24_1084811,4,4,4,4
GEN24_1084820,4,4,4,3
GEN24_1084822,4,4,4,4
GEN24_1084830,4,4,4,4
GEN24_1084836,4,3,4,4
GEN24_1084841,4,4,4,4
GEN24_1084845,4,4,4,4
GEN24_1084854,4,4,4,4
GEN24_1084857,4,4,4,4
GEN24_1084858,4,4,4,4
GEN24_1084884,4,4,4,4
GEN24_1084885,4,4,4,4
GEN24_1084902,4,4,4,3
GEN24_1084904,4,4,4,4
GEN24_1084922,4,4,2,4
GEN24_1084970,4,4,4,4
GEN24_1084971,4,4,4,4
GEN24_1084977,4,4,4,4
GEN24_1084996,4,4,4,4
GEN24_1084997,4,4,4,4
GEN24_1085009,4,4,4,4
GEN24_1085013,4,4,4,4
GEN24_1085016,4,4,4,4
GEN24_1085025,4,4,4,4
GEN24_1085042,4,4,4,4
GEN24_1085069,4,4,4,4
GEN24_1085074,4,4,4,4
GEN24_1085077,4,4,4,4
GEN24_1085078,4,4,4,4
GEN24_1085086,4,4,4,4
GEN24_1085091,3,4,4,4
GEN24_1085096,4,4,2,2
GEN24_1085102,4,4,4,4
GEN24_1085103,4,4,4,3
GEN24_1085104,4,4,3,4
GEN24_1085107,4,4,4,4
GEN24_1085118,4,3,4,4
GEN24_1085123,4,4,4,4
GEN24_1085125,4,4,4,4
GEN24_1085130,4,4,4,4
GEN24_1085137,4,4,4,4
GEN24_1085147,4,4,4,4
GEN24_1085151,4,4,4,4
GEN24_1085152,4,4,4,4
GEN24_1085153,4,4,4,4
GEN24_1085158,4,4,4,4
GEN24_1085163,4,4,4,4
GEN24_1085165,4,4,4,4
GEN24_1085168,4,4,4,3
GEN24_1085176,4,4,4,4
GEN24_1085177,4,4,4,4
GEN24_1085182,3,3,3,3
GEN24_1085189,4,4,4,4
GEN24_1085228,4,4,4,4
GEN24_1085238,4,3,3,2
GEN24_1085241,4,4,4,4
GEN24_1085242,4,4,4,4
GEN24_1085249,4,4,4,4
GEN24_1085259,4,4,4,4
GEN24_1085261,4,4,4,4
GEN24_1085267,4,4,4,2
GEN24_1085279,4,4,4,4
GEN24_1085280,4,4,4,4
GEN24_1085284,4,4,4,4
GEN24_1085286,3,4,3,4
GEN24_1085287,4,4,4,4
GEN24_1085293,4,4,4,4
GEN24_1085296,4,4,4,4
GEN24_1085297,4,4,4,4
GEN24_1085301,4,4,4,4
GEN24_1085302,4,4,4,4
GEN24_1085304,4,4,4,4
GEN24_1085307,4,3,4,3
GEN24_1085329,4,4,3,3
GEN24_1085341,4,4,4,4
GEN24_1085348,4,3,3,3
GEN24_1085349,4,4,4,4
GEN24_1085367,4,4,4,3
GEN24_1085376,4,4,4,4
GEN24_1085384,4,4,4,4
GEN24_1085386,4,4,4,4
GEN24_1085393,3,4,4,4
GEN24_1085394,4,4,4,4
GEN24_1085396,4,4,4,4
GEN24_1085398,4,4,4,4
GEN24_1085400,4,4,3,4
GEN24_1085403,4,4,4,4
GEN24_1085404,4,4,4,4
GEN24_1085412,4,4,4,4
GEN24_1085420,4,4,4,3
GEN24_1085425,4,4,4,4
GEN24_1085437,4,3,4,4
GEN24_1085442,4,4,4,4
GEN24_1085446,4,4,4,4
GEN24_1085447,4,4,4,4
GEN24_1085448,4,4,4,4
GEN24_1085450,4,4,4,4
GEN24_1085454,4,4,4,4
GEN24_1085467,4,4,1,4
GEN24_1085470,4,4,4,4
GEN24_1085472,4,4,4,4
GEN24_1085475,4,4,4,4
GEN24_1085480,4,4,4,4
GEN24_1085491,4,4,4,4
GEN24_1085496,4,4,4,4
GEN24_1085525,4,4,4,4
GEN24_1085526,3,4,4,4
GEN24_1085527,4,4,4,4
GEN24_1085533,3,3,4,4
GEN24_1085534,4,4,4,4
GEN24_1085536,4,4,4,4
GEN24_1085543,4,4,4,4
GEN24_1085548,4,4,4,4
GEN24_1085549,4,4,4,4
GEN24_1085550,4,4,4,4
GEN24_1085553,4,4,4,4
GEN24_1085558,4,4,4,4
GEN24_1085561,4,4,4,4
GEN24_1085562,4,4,4,4
GEN24_1085564,4,4,4,4
GEN24_1085570,4,4,4,4
GEN24_1085571,4,4,4,4
GEN24_1085574,4,4,4,4
GEN24_1085575,4,4,4,4
GEN24_1085579,4,4,4,4
GEN24_1085595,4,4,4,4
GEN24_1085596,4,4,4,4
GEN24_1085597,4,4,4,4
GEN24_1085601,4,4,4,3
GEN24_1085603,4,4,4,4
GEN24_1085604,4,4,3,4
GEN24_1085606,4,4,4,4
GEN24_1085610,4,4,4,4
GEN24_1085623,4,4,4,4
GEN24_1085629,4,4,4,4
GEN24_1085633,4,3,4,4
GEN24_1085638,4,4,4,4
GEN24_1085642,4,4,4,4
GEN24_1085645,4,4,4,4
GEN24_1085650,4,4,4,4
GEN24_1085658,4,4,4,4
GEN24_1085663,4,4,4,4
GEN24_1085666,4,4,3,4
GEN24_1085676,4,4,4,4
GEN24_1085696,4,4,4,3
GEN24_1085704,4,4,4,4
GEN24_1085705,4,3,4,4
GEN24_1085710,4,4,4,4
GEN24_1085720,4,4,4,3
GEN24_1085721,3,3,4,3
GEN24_1085722,4,4,4,4
GEN24_1085729,4,4,4,4
GEN24_1085730,4,4,4,4
GEN24_1085732,4,4,4,4
GEN24_1085733,4,4,4,4
GEN24_1085734,4,4,4,4
GEN24_1085736,4,4,4,4
GEN24_1085739,4,4,4,4
GEN24_1085743,4,4,4,4
GEN24_1085745,3,4,4,4
GEN24_1085746,3,4,4,4
GEN24_1085755,4,4,4,4
GEN24_1085756,4,4,4,4
GEN24_1085757,4,4,4,4
GEN24_1085759,4,4,4,4
GEN24_1085766,4,4,4,4
GEN24_1085773,4,4,4,4
GEN24_1085777,4,4,4,4
GEN24_1085786,3,4,3,4
GEN24_1085787,4,4,4,4
GEN24_1085788,4,3,3,4
GEN24_1085789,4,4,4,4
GEN24_1085793,4,4,4,4
GEN24_1085798,4,4,4,4
GEN24_1085806,4,4,4,3
GEN24_1085807,4,4,4,4
GEN24_1085828,4,4,3,4
GEN24_1085836,4,4,4,4
GEN24_1085846,4,4,4,4
GEN24_1085860,4,4,4,4
GEN24_1085884,4,4,4,4
GEN24_1085893,2,4,4,3
GEN24_1085895,4,4,4,4
GEN24_1085902,4,4,4,4
GEN24_1085903,4,4,4,4
GEN24_1085906,4,4,4,3
GEN24_1085921,4,4,4,4
GEN24_1085938,4,4,4,4
GEN24_1085942,4,4,4,3
GEN24_1085958,4,4,4,4
GEN24_1085961,4,4,4,4
GEN24_1085964,4,4,4,4
GEN24_1085971,4,4,4,4
GEN24_1085977,4,4,4,4
GEN24_1085978,4,4,4,4
GEN24_1085984,4,4,4,4
GEN24_1085994,4,4,4,4
GEN24_1085999,4,3,4,4
GEN24_1086008,4,4,4,4
GEN24_1086028,4,4,4,3
GEN24_1086032,4,4,4,4
GEN24_1086053,4,4,4,4
GEN24_1086055,4,3,4,4
GEN24_1086075,4,4,4,4
GEN24_1086088,4,4,4,4
GEN24_1086092,4,4,4,4
GEN24_1086094,4,4,4,4
GEN24_1086102,4,4,4,4
GEN24_1086117,4,4,4,4
GEN24_1086119,3,4,4,4
GEN24_1086123,4,4,4,4
GEN24_1086130,4,4,4,3
GEN24_1086131,4,4,4,4
GEN24_1086140,4,4,4,4
GEN24_1086208,4,3,4,3
GEN24_1086214,4,4,4,4
GEN24_1086219,4,4,4,4
GEN24_1086241,3,3,4,3
GEN24_1086242,3,4,4,4
GEN24_1086244,4,4,4,4
GEN24_1086249,3,4,4,4
GEN24_1086252,4,4,4,4
GEN24_1086255,4,4,4,4
GEN24_1086264,4,4,4,4
GEN24_1086268,4,4,4,4
GEN24_1086270,4,4,4,4
GEN24_1086273,4,4,4,4
GEN24_1086276,4,4,4,4
GEN24_1086286,4,4,4,4
GEN24_1086289,4,4,4,4
GEN24_1086293,4,4,4,4
GEN24_1086296,4,4,4,4
GEN24_1086306,4,4,4,4
GEN24_1086307,4,4,4,4
GEN24_1086313,4,4,4,4
GEN24_1086321,4,4,4,4
GEN24_1086322,4,4,4,4
GEN24_1086330,4,4,4,4
GEN24_1086338,2,4,3,2
GEN24_1086346,4,4,4,4
GEN24_1086360,4,4,4,3
GEN24_1086363,4,4,4,4
GEN24_1086374,4,4,4,3
GEN24_1086406,4,4,4,3
GEN24_1086418,4,4,4,4
GEN24_1086441,4,4,4,2
GEN24_1086451,4,4,4,4
GEN24_1086452,4,4,4,4
GEN24_1086453,4,4,4,4
GEN24_1086454,4,4,4,4
GEN24_1086467,4,4,4,3
GEN24_1086482,4,4,4,4
GEN24_1086488,4,4,4,4
GEN24_1086499,4,4,3,4
GEN24_1086502,4,4,3,4
GEN24_1086504,4,3,3,4
GEN24_1086507,4,4,4,4
GEN24_1086522,4,4,4,4
GEN24_1086523,2,4,4,4
GEN24_1086536,4,4,4,4
GEN24_1086544,4,3,2,4
GEN24_1086547,4,4,4,3
GEN24_1086561,4,4,4,4
GEN24_1086562,4,4,4,4
GEN24_1086572,4,4,4,4
GEN24_1086595,4,2,3,2
GEN24_1086599,4,4,4,4
GEN24_1086605,4,4,4,3
GEN24_1086611,4,4,4,4
GEN24_1086619,4,4,4,4
GEN24_1086632,4,4,4,4
GEN24_1086642,3,3,3,3
GEN24_1086643,4,4,4,4
GEN24_1086650,4,4,4,4
GEN24_1086652,4,4,4,4
GEN24_1086654,4,4,4,3
GEN24_1086656,4,4,4,4
GEN24_1086659,4,4,4,3
GEN24_1086673,4,4,3,3
GEN24_1086676,4,4,4,3
GEN24_1086682,4,4,4,4
GEN24_1086688,4,4,4,4
GEN24_1086694,4,4,4,4
GEN24_1086695,4,4,4,4
GEN24_1086696,4,4,4,4
GEN24_1086700,4,4,3,4
GEN24_1086707,4,4,4,4
GEN24_1086715,4,4,4,4
GEN24_1086716,4,4,4,4
GEN24_1086722,4,4,4,4
GEN24_1086725,4,4,4,2
GEN24_1086731,4,4,4,4
GEN24_1086739,4,4,4,4
GEN24_1086740,4,4,4,4
GEN24_1086758,4,4,4,4
GEN24_1086760,4,4,4,4
GEN24_1086767,4,4,4,4
GEN24_1086778,4,4,3,3
GEN24_1086798,4,4,4,4
GEN24_1086813,3,4,4,3
GEN24_1086823,4,4,4,4
GEN24_1086833,4,4,3,3
GEN24_1086839,4,4,4,4
GEN24_1086843,4,4,4,4
GEN24_1086847,4,3,4,4
GEN24_1086849,4,4,4,4
GEN24_1086851,4,4,4,4
GEN24_1086855,4,4,4,4
GEN24_1086858,4,4,4,4
GEN24_1086861,4,4,4,4
GEN24_1086871,4,4,4,4
GEN24_1086872,4,4,4,4
GEN24_1086873,4,4,4,4
GEN24_1086875,4,1,4,1
GEN24_1086876,4,4,4,4
GEN24_1086878,4,4,4,4
GEN24_1086894,4,4,3,3
GEN24_1086908,4,4,4,3
GEN24_1086917,4,4,4,4
GEN24_1086932,4,4,4,4
GEN24_1086948,4,4,4,4
GEN24_1086950,4,4,4,4
GEN24_1086952,4,4,3,4
GEN24_1086960,4,4,4,4
GEN24_1086965,4,4,4,4
GEN24_1086968,4,4,4,4
GEN24_1086969,4,4,4,4
GEN24_1086973,4,4,3,3
GEN24_1086974,4,4,4,3
GEN24_1086975,4,4,4,4
GEN24_1086977,4,4,4,4
GEN24_1086985,4,4,4,4
GEN24_1086998,4,4,4,3
GEN24_1087002,4,4,4,4
GEN24_1087004,4,4,3,4
GEN24_1087012,4,4,4,4
GEN24_1087022,4,4,4,4
GEN24_1087027,4,4,4,4
GEN24_1087034,4,4,3,4
GEN24_1087040,4,4,2,3
GEN24_1087043,4,4,4,4
GEN24_1087044,4,4,4,4
GEN24_1087049,4,4,4,4
GEN24_1087050,3,4,4,4
GEN24_1087051,4,4,4,3
GEN24_1087052,4,4,4,4
GEN24_1087055,4,4,4,4
GEN24_1087057,4,4,4,4
GEN24_1087059,4,4,4,4
GEN24_1087061,4,4,4,4
GEN24_1087064,4,4,4,4
GEN24_1087065,4,4,4,4
GEN24_1087070,3,4,4,4
GEN24_1087087,4,4,4,4
GEN24_1087102,4,4,4,4
GEN24_1087132,4,4,4,4
GEN24_1087140,4,4,4,4
GEN24_1087141,4,4,4,4
GEN24_1087142,4,4,4,4
GEN24_1087144,4,4,4,4
GEN24_1087153,4,4,4,4
GEN24_1087169,4,4,4,4
GEN24_1087178,4,4,4,4
GEN24_1087181,4,4,4,4
GEN24_1087183,4,4,4,4
GEN24_1087184,4,3,4,4
GEN24_1087197,4,4,4,4
GEN24_1087203,4,4,4,4
GEN24_1087215,4,4,4,3
GEN24_1087219,4,4,4,4
GEN24_1087229,4,4,4,4
GEN24_1087230,4,4,4,4
GEN24_1087247,4,4,3,4
GEN24_1087253,4,4,4,3
GEN24_1087259,4,4,4,4
GEN24_1087263,4,4,4,4
GEN24_1087269,4,4,4,4
GEN24_1087281,4,4,4,4
GEN24_1087291,4,4,4,4
GEN24_1087307,4,4,4,4
GEN24_1087312,4,4,4,2
GEN24_1087324,3,4,3,4
GEN24_1087360,4,4,4,4
GEN24_1087363,4,4,4,4
GEN24_1087369,4,3,4,4
GEN24_1087372,4,4,4,4
GEN24_1087374,4,4,4,4
GEN24_1087387,4,4,4,4
GEN24_1087390,4,4,4,4
GEN24_1087391,4,4,4,4
GEN24_1087401,4,4,4,4
GEN24_1087407,4,4,4,4
GEN24_1087423,4,4,4,4
GEN24_1087430,4,4,4,4
GEN24_1087431,4,4,4,4
GEN24_1087443,4,4,4,4
GEN24_1087488,4,4,4,4
GEN24_1087504,4,4,4,4
GEN24_1087515,4,4,4,4
GEN24_1087531,4,3,4,4
GEN24_1087532,4,4,4,4
GEN24_1087542,4,4,4,4
GEN24_1087547,4,4,4,3
GEN24_1087558,4,4,4,4
GEN24_1087568,4,4,4,4
GEN24_1087569,4,4,4,4
GEN24_1087576,4,4,4,4
GEN24_1087578,4,4,4,3
GEN24_1087600,4,4,3,4
GEN24_1087602,4,4,4,3
GEN24_1087605,4,4,4,4
GEN24_1087611,4,4,2,4
GEN24_1087619,4,4,4,3
GEN24_1087622,4,4,4,3
GEN24_1087625,3,4,4,3
GEN24_1087630,4,4,3,4
GEN24_1087631,4,4,4,3
GEN24_1087634,4,4,3,4
GEN24_1087635,4,4,4,4
GEN24_1087638,3,4,4,4
GEN24_1087642,4,4,4,4
GEN24_1087661,4,4,4,4
GEN24_1087681,4,4,4,4
GEN24_1087685,4,3,4,4
GEN24_1087696,4,4,4,4
GEN24_1087698,4,4,4,4
GEN24_1087701,4,4,4,4
GEN24_1087723,4,4,4,4
GEN24_1087725,4,4,4,3
GEN24_1087729,4,4,4,4
GEN24_1087733,4,4,4,4
GEN24_1087735,4,4,4,4
GEN24_1087740,4,4,4,4
GEN24_1087741,4,3,4,4
GEN24_1087743,4,4,4,3
GEN24_1087746,3,4,4,3
GEN24_1087747,4,4,3,4
GEN24_1087748,4,4,4,4
GEN24_1087758,4,4,4,4
GEN24_1087763,4,4,4,4
GEN24_1087764,4,4,4,4
GEN24_1087772,4,4,4,4
GEN24_1087774,4,4,4,4
GEN24_1087778,4,4,4,4
GEN24_1087781,4,4,4,4
GEN24_1087783,4,4,4,3
GEN24_1087793,4,4,4,4
GEN24_1087824,4,4,4,4
GEN24_1087827,4,4,4,4
GEN24_1087852,4,4,4,4
GEN24_1087853,3,4,4,3
GEN24_1087854,4,4,4,4
GEN24_1087868,4,4,4,4
GEN24_1087869,4,4,4,4
GEN24_1087872,4,4,4,4
GEN24_1087874,4,4,4,4
GEN24_1087875,4,4,4,4
GEN24_1087890,4,4,4,4
GEN24_1087892,4,4,4,4
GEN24_1087893,4,4,4,4
GEN24_1087899,4,4,4,4
GEN24_1087905,3,4,4,4
GEN24_1087909,4,4,4,4
GEN24_1087912,4,4,4,4
GEN24_1087914,4,4,4,4
GEN24_1087916,4,4,4,4
GEN24_1087924,4,4,4,4
GEN24_1087931,4,4,4,4
GEN24_1087938,4,3,4,4
GEN24_1087940,4,4,4,4
GEN24_1087983,4,4,4,4
GEN24_1087984,4,4,4,4
GEN24_1087989,4,4,4,4
GEN24_1087995,4,4,4,4
GEN24_1088010,4,4,4,4
GEN24_1088025,4,3,4,3
GEN24_1088039,4,4,4,4
GEN24_1088041,4,4,4,4
GEN24_1088051,4,4,4,4
GEN24_1088062,4,4,4,4
GEN24_1088067,4,4,4,4
GEN24_1088070,4,4,3,4
GEN24_1088076,4,4,4,4
GEN24_1088078,4,4,4,4
GEN24_1088080,4,4,4,4
GEN24_1088085,4,4,4,4
GEN24_1088092,4,4,4,4
GEN24_1088099,4,4,4,3
GEN24_1088103,4,4,4,4
GEN24_1088113,4,3,3,3
GEN24_1088116,4,4,4,4
GEN24_1088135,4,4,4,4
GEN24_1088141,4,4,4,3
GEN24_1088146,3,3,3,3
GEN24_1088149,3,4,4,4
GEN24_1088156,4,4,4,4
GEN24_1088216,4,4,4,4
GEN24_1088220,4,3,3,3
GEN24_1088222,4,4,4,4
GEN24_1088223,4,4,4,4
GEN24_1088232,4,3,4,4
GEN24_1088238,4,3,4,4
GEN24_1088246,4,4,4,4
GEN24_1088256,4,4,4,4
GEN24_1088265,4,4,4,4
GEN24_1088267,4,4,4,4
GEN24_1088272,4,4,4,4
GEN24_1088287,4,4,4,3
GEN24_1088288,4,4,4,4
GEN24_1088296,4,4,3,4
GEN24_1088297,4,4,4,4
GEN24_1088299,4,4,4,4
GEN24_1088309,4,4,4,4
GEN24_1088334,4,4,4,4
GEN24_1088339,4,4,4,4
GEN24_1088342,4,4,4,4
GEN24_1088361,4,4,4,4
GEN24_1088373,4,4,4,4
GEN24_1088376,4,4,4,4
GEN24_1088382,4,4,4,4
GEN24_1088418,4,4,4,4
GEN24_1088422,3,4,2,4
GEN24_1088435,4,4,4,4
GEN24_1088443,4,4,4,4
GEN24_1088449,4,4,4,4
GEN24_1088452,4,4,4,4
GEN24_1088454,4,4,4,4
GEN24_1088459,4,4,4,4
GEN24_1088461,4,4,4,4
GEN24_1088466,4,4,4,4
GEN24_1088467,3,3,4,3
GEN24_1088468,4,4,4,4
GEN24_1088473,4,4,4,4
GEN24_1088478,4,4,4,4
GEN24_1088484,4,4,4,4
GEN24_1088485,4,4,4,4
GEN24_1088490,4,4,4,4
GEN24_1088504,4,4,4,4
GEN24_1088517,4,4,4,4
GEN24_1088521,4,4,4,4
GEN24_1088534,4,4,4,4
GEN24_1088535,4,4,4,4
GEN24_1088536,4,4,4,4
GEN24_1088538,4,4,4,4
GEN24_1088540,4,4,4,3
GEN24_1088548,4,4,4,4
GEN24_1088563,4,3,3,4
GEN24_1088569,4,4,3,3
GEN24_1088573,3,3,4,3
GEN24_1088592,4,4,4,4
GEN24_1088596,4,4,4,4
GEN24_1088602,4,4,4,4
GEN24_1088610,4,4,4,4
GEN24_1088622,4,4,4,4
GEN24_1088628,4,4,4,4
GEN24_1088638,4,4,4,4
GEN24_1088644,4,4,3,4
GEN24_1088645,4,4,4,4
GEN24_1088648,4,4,4,4
GEN24_1088652,4,4,4,4
GEN24_1088655,4,4,4,4
GEN24_1088660,4,4,4,3
GEN24_1088663,4,3,4,4
GEN24_1088674,4,4,4,4
GEN24_1088677,4,3,4,4
GEN24_1088680,4,4,4,4
GEN24_1088684,4,4,4,4
GEN24_1088693,4,4,4,4
GEN24_1088695,4,4,4,4
GEN24_1088696,4,4,4,4
GEN24_1088699,4,4,4,4
GEN24_1088700,4,4,4,4
GEN24_1088702,4,4,4,4
GEN24_1088704,4,4,4,4
GEN24_1088705,4,4,3,4
GEN24_1088732,4,4,4,4
GEN24_1088740,4,4,4,4
GEN24_1088756,3,4,4,4
GEN24_1088758,4,4,4,4
GEN24_1088765,4,4,4,4
GEN24_1088769,4,4,4,4
GEN24_1088779,4,4,4,4
GEN24_1088780,4,4,4,4
GEN24_1088781,4,4,4,4
GEN24_1088782,4,4,4,4
GEN24_1088790,4,4,4,4
GEN24_1088791,4,4,4,4
GEN24_1088819,4,4,3,4
GEN24_1088825,4,4,4,4
GEN24_1088828,4,4,4,4
GEN24_1088840,4,4,4,4
GEN24_1088841,4,4,4,4
GEN24_1088846,4,4,4,3
GEN24_1088849,4,4,4,4
GEN24_1088860,4,4,4,4
GEN24_1088877,4,4,4,4
GEN24_1088881,4,4,4,4
GEN24_1088888,4,4,4,4
GEN24_1088904,4,4,4,4
GEN24_1088912,4,4,4,4
GEN24_1088914,4,3,4,4
GEN24_1088918,4,4,4,4
GEN24_1088920,4,4,4,4
GEN24_1088923,4,4,4,3
GEN24_1088928,4,4,4,4
GEN24_1088933,4,4,4,4
GEN24_1088934,4,3,3,3
GEN24_1088937,4,4,4,4
GEN24_1088953,4,4,4,4
GEN24_1088958,4,4,4,4
GEN24_1088961,4,4,4,4
GEN24_1088964,4,4,4,4
GEN24_1088988,4,4,4,4
GEN24_1088994,4,4,4,4
GEN24_1088999,4,4,4,4
GEN24_1089000,4,4,2,4
GEN24_1089002,4,4,4,4
GEN24_1089016,4,3,4,4
GEN24_1089017,4,4,4,4
GEN24_1089019,4,4,4,4
GEN24_1089043,3,3,3,3
GEN24_1089051,4,4,4,4
GEN24_1089059,4,4,4,4
GEN24_1089062,4,4,4,4
GEN24_1089067,4,4,4,3
GEN24_1089071,4,4,4,4
GEN24_1089073,4,4,4,4
GEN24_1089075,4,4,4,4
GEN24_1089084,4,4,4,4
GEN24_1089092,4,4,4,4
GEN24_1089093,4,4,4,4
GEN24_1089097,4,4,4,4
GEN24_1089109,3,4,4,3
GEN24_1089128,4,4,4,4
GEN24_1089129,4,4,3,4
GEN24_1089148,4,4,4,4
GEN24_1089157,4,4,4,4
GEN24_1089160,4,4,4,4
GEN24_1089163,4,4,4,4
GEN24_1089166,4,4,4,4
GEN24_1089175,4,3,4,3
GEN24_1089180,4,4,4,4
GEN24_1089183,4,4,4,4
GEN24_1089189,4,4,4,4
GEN24_1089195,4,4,4,4
GEN24_1089202,4,4,4,4
GEN24_1089229,4,4,4,4
GEN24_1089258,4,4,4,4
GEN24_1089267,3,4,4,4
GEN24_1089270,4,4,3,3
GEN24_1089276,4,4,4,4
GEN24_1089278,4,4,4,4
GEN24_1089279,4,4,4,4
GEN24_1089280,4,4,4,4
GEN24_1089283,4,4,4,4
GEN24_1089284,4,4,4,4
GEN24_1089296,4,3,4,4
GEN24_1089304,3,4,4,4
GEN24_1089307,4,4,4,3
GEN24_1089319,4,4,4,4
GEN24_1089325,4,4,4,4
GEN24_1089327,4,4,4,4
GEN24_1089330,4,4,4,4
GEN24_1089339,4,4,4,4
GEN24_1089344,4,4,4,4
GEN24_1089349,4,4,4,4
GEN24_1089351,4,4,4,4
GEN24_1089359,4,4,4,4
GEN24_1089389,4,4,4,3
GEN24_1089396,4,4,4,4
GEN24_1089409,4,4,4,4
GEN24_1089410,4,4,4,4
GEN24_1089418,4,4,4,4
GEN24_1089423,4,4,4,4
GEN24_1089424,4,3,4,4
GEN24_1089425,4,4,4,4
GEN24_1089429,4,4,4,3
GEN24_1089431,4,4,4,4
GEN24_1089432,4,4,4,4
GEN24_1089434,3,4,4,4
GEN24_1089438,4,4,4,4
GEN24_1089442,4,4,4,3
GEN24_1089443,4,4,4,4
GEN24_1089444,4,4,4,4
GEN24_1089446,4,4,4,4
GEN24_1089447,4,4,4,4
GEN24_1089452,4,4,4,4
GEN24_1089453,4,4,4,4
GEN24_1089458,4,4,4,4
GEN24_1089462,4,4,4,4
GEN24_1089467,4,4,4,4
GEN24_1089470,4,4,4,4
GEN24_1089471,4,4,4,4
GEN24_1089473,4,4,4,4
GEN24_1089475,4,4,4,4
GEN24_1089477,4,4,4,4
GEN24_1089478,4,4,4,3
GEN24_1089483,3,4,4,4
GEN24_1089497,4,4,4,4
GEN24_1089501,4,3,4,4
GEN24_1089505,4,4,3,4
GEN24_1089507,4,4,4,4
GEN24_1089512,4,4,4,4
GEN24_1089515,4,4,4,4
GEN24_1089522,4,4,4,4
GEN24_1089523,4,4,4,4
GEN24_1089526,4,4,4,4
GEN24_1089529,4,4,4,4
GEN24_1089533,4,4,4,4
GEN24_1089534,4,4,4,4
GEN24_1089550,4,4,4,4
GEN24_1089552,4,4,4,4
GEN24_1089556,4,4,4,4
GEN24_1089560,4,4,4,4
GEN24_1089561,4,4,4,4
GEN24_1089572,4,4,3,4
GEN24_1089596,4,4,4,4
GEN24_1089601,4,4,4,4
GEN24_1089602,3,4,4,4
GEN24_1089603,4,3,4,4
GEN24_1089604,4,4,4,4
GEN24_1089623,4,4,4,4
GEN24_1089630,4,4,3,4
GEN24_1089639,4,4,4,4
GEN24_1089644,4,4,4,4
GEN24_1089658,4,4,4,4
GEN24_1089660,4,4,4,4
GEN24_1089666,4,4,4,4
GEN24_1089671,4,4,4,4
GEN24_1089676,4,4,4,4
GEN24_1089677,4,3,4,4
GEN24_1089683,1,4,4,4
GEN24_1089690,4,4,4,4
GEN24_1089691,4,4,3,4
GEN24_1089695,4,4,4,4
GEN24_1089697,4,4,4,4
GEN24_1089699,4,4,4,4
GEN24_1089702,4,4,4,4
GEN24_1089708,4,4,4,4
GEN24_1089716,4,4,4,4
GEN24_1089719,4,4,4,4
GEN24_1089723,4,4,4,4
GEN24_1089746,4,4,4,4
GEN24_1089748,4,4,4,4
GEN24_1089749,4,4,4,4
GEN24_1089750,4,4,4,4
GEN24_1089754,4,4,4,4
GEN24_1089776,4,4,4,4
GEN24_1089779,4,4,4,4
GEN24_1089783,3,4,4,3
GEN24_1089790,4,4,4,4
GEN24_1089793,4,4,4,3
GEN24_1089806,4,4,4,4
GEN24_1089807,4,4,4,4
GEN24_1089818,4,4,3,4
GEN24_1089822,3,3,4,3
GEN24_1089830,4,4,4,4
GEN24_1089836,4,4,3,4
GEN24_1089853,4,4,4,4
GEN24_1089857,4,4,4,4
GEN24_1089858,4,4,4,4
GEN24_1089861,4,4,4,4
GEN24_1089892,4,4,4,4
GEN24_1089894,4,4,4,4
GEN24_1089895,4,4,4,4
GEN24_1089896,3,4,4,4
GEN24_1089903,4,4,4,3
GEN24_1089907,3,4,4,4
GEN24_1089908,4,4,4,4
GEN24_1089913,4,4,4,4
GEN24_1089916,4,4,4,4
GEN24_1089918,4,4,4,4
GEN24_1089926,4,4,4,4
GEN24_1089929,4,4,4,4
GEN24_1089931,4,4,4,4
GEN24_1089932,4,4,4,4
GEN24_1089934,4,4,4,4
GEN24_1089935,4,4,4,4
GEN24_1089949,4,4,4,4
GEN24_1089960,4,4,4,4
GEN24_1089984,4,4,4,4
GEN24_1089986,4,4,4,4
GEN24_1090002,4,4,3,4
GEN24_1090007,4,4,4,4
GEN24_1090011,4,3,4,4
GEN24_1090014,4,4,4,4
GEN24_1090021,4,4,4,3
GEN24_1090026,4,4,4,4
GEN24_1090036,4,4,4,4
GEN24_1090042,4,4,4,4
GEN24_1090052,4,4,4,4
GEN24_1090058,4,4,4,4
GEN24_1090059,4,4,4,4
GEN24_1090063,4,4,4,4
GEN24_1090065,4,4,4,3
GEN24_1090068,4,4,4,4
GEN24_1090072,4,4,4,4
GEN24_1090082,4,4,4,4
GEN24_1090086,4,4,4,4
GEN24_1090091,4,4,4,4
GEN24_1090092,4,4,4,4
GEN24_1090102,3,4,4,4
GEN24_1090104,4,4,4,4
GEN24_1090107,4,4,4,3
GEN24_1090111,4,4,4,4
GEN24_1090115,4,4,4,4
GEN24_1090149,4,4,4,4
GEN24_1090170,4,4,4,4
GEN24_1090174,4,4,4,4
GEN24_1090177,4,4,4,4
GEN24_1090182,4,4,4,4
GEN24_1090185,4,4,4,4
GEN24_1090192,4,4,4,4
GEN24_1090196,4,4,4,4
GEN24_1090205,4,4,4,4
GEN24_1090206,4,4,4,4
GEN24_1090208,4,4,4,4
GEN24_1090209,4,4,4,4
GEN24_1090210,4,4,4,4
GEN24_1090217,4,4,4,4
GEN24_1090224,4,4,4,4
GEN24_1090226,3,4,3,3
GEN24_1090232,4,3,3,3
GEN24_1090237,4,4,4,4
GEN24_1090248,4,4,4,4
GEN24_1090252,3,4,4,4
GEN24_1090255,4,4,4,4
GEN24_1090262,4,4,4,4
GEN24_1090274,4,4,4,4
GEN24_1090283,4,4,4,4
GEN24_1090287,4,4,4,4
GEN24_1090290,4,4,4,4
GEN24_1090292,4,4,4,4
GEN24_1090294,4,4,4,4
GEN24_1090297,4,4,4,4
GEN24_1090299,4,4,4,3
GEN24_1090302,4,4,4,4
GEN24_1090303,4,4,4,4
GEN24_1090313,4,4,4,4
GEN24_1090321,4,4,4,4
GEN24_1090335,4,4,4,4
GEN24_1090338,4,4,4,4
GEN24_1090340,4,4,4,4
GEN24_1090348,4,4,4,2
GEN24_1090354,4,4,4,4
GEN24_1090361,4,4,3,3
GEN24_1090362,4,4,4,4
GEN24_1090374,4,4,4,4
GEN24_1090376,4,4,4,4
GEN24_1090381,4,4,4,4
GEN24_1090385,4,4,4,4
GEN24_1090386,4,4,4,4
GEN24_1090391,4,4,4,4
GEN24_1090394,4,4,4,4
GEN24_1090396,4,4,4,4
GEN24_1090400,4,4,4,4
GEN24_1090402,4,4,4,4
GEN24_1090403,4,4,4,4
GEN24_1090406,4,4,4,4
GEN24_1090411,4,4,3,4
GEN24_1090417,4,4,4,4
GEN24_1090424,4,4,4,4
GEN24_1090425,4,4,4,4
GEN24_1090428,4,4,4,3
GEN24_1090432,4,3,3,3
GEN24_1090433,4,4,4,4
GEN24_1090436,4,4,4,4
GEN24_1090440,4,4,4,4
GEN24_1090442,3,4,4,4
GEN24_1090447,4,4,4,4
GEN24_1090452,4,3,4,4
GEN24_1090453,4,4,4,4
GEN24_1090455,4,4,3,4
GEN24_1090457,4,4,4,4
GEN24_1090460,4,4,4,4
GEN24_1090461,4,4,3,4
GEN24_1090464,4,3,4,4
GEN24_1090467,4,4,4,4
GEN24_1090471,3,4,4,4
GEN24_1090473,4,4,4,4
GEN24_1090477,4,4,4,4
GEN24_1090487,4,4,4,4
GEN24_1090512,4,4,4,4
GEN24_1090528,4,4,4,3
GEN24_1090529,4,4,4,3
GEN24_1090534,4,4,4,4
GEN24_1090535,4,4,4,4
GEN24_1090538,4,4,4,4
GEN24_1090539,4,4,4,4
GEN24_1090541,4,3,3,4
GEN24_1090545,4,4,4,3
GEN24_1090558,4,4,4,4
GEN24_1090568,4,4,4,4
GEN24_1090578,3,4,4,4
GEN24_1090582,4,4,3,4
GEN24_1090592,4,4,4,4
GEN24_1090593,4,4,4,4
GEN24_1090598,4,4,4,4
GEN24_1090599,4,4,4,4
GEN24_1090605,4,3,4,4
GEN24_1090608,4,3,4,4
GEN24_1090611,4,4,4,4
GEN24_1090619,4,4,4,4
GEN24_1090620,4,4,4,4
GEN24_1090623,4,4,4,4
GEN24_1090632,3,4,4,4
GEN24_1090646,4,4,4,4
GEN24_1090651,4,4,4,4
GEN24_1090667,3,4,4,4
GEN24_1090668,3,4,4,3
GEN24_1090670,4,4,4,4
GEN24_1090676,4,4,4,4
GEN24_1090677,4,4,4,4
GEN24_1090682,4,4,4,4
GEN24_1090684,4,4,4,4
GEN24_1090685,3,4,4,4
GEN24_1090688,4,4,4,4
GEN24_1090690,4,4,4,2
GEN24_1090691,4,4,4,4
GEN24_1090693,4,4,4,4
GEN24_1090695,4,2,4,2
GEN24_1090696,4,4,4,4
GEN24_1090697,4,4,4,4
GEN24_1090698,4,4,4,4
GEN24_1090701,4,4,4,4
GEN24_1090703,4,4,4,4
GEN24_1090707,4,4,4,3
GEN24_1090714,4,4,4,4
GEN24_1090720,4,4,4,4
GEN24_1090722,4,4,4,4
GEN24_1090739,3,4,4,4
GEN24_1090742,4,4,4,4
GEN24_1090744,4,4,4,4
GEN24_1090749,4,3,4,2
GEN24_1090755,4,4,4,4
GEN24_1090760,4,4,4,4
GEN24_1090763,4,4,4,4
GEN24_1090765,4,4,4,4
GEN24_1090767,4,4,4,4
GEN24_1090773,4,4,4,4
GEN24_1090779,4,4,4,4
GEN24_1090781,4,4,4,4
GEN24_1090782,4,4,4,3
GEN24_1090783,4,4,4,4
GEN24_1090787,4,4,4,4
GEN24_1090791,4,4,4,4
GEN24_1090795,4,4,4,4
GEN24_1090801,4,4,4,4
GEN24_1090809,4,4,4,4
GEN24_1090812,4,4,4,4
GEN24_1090818,4,4,4,4
GEN24_1090824,4,4,4,4
GEN24_1090833,4,4,4,4
GEN24_1090843,4,4,4,4
GEN24_1090866,3,4,4,4
GEN24_1090893,4,4,4,4
GEN24_1090896,4,4,4,3
GEN24_1090897,4,4,4,4
GEN24_1090898,4,4,4,4
GEN24_1090902,4,4,4,4
GEN24_1090920,4,4,4,4
GEN24_1090930,4,4,4,4
GEN24_1090936,4,4,4,4
GEN24_1090939,4,4,4,4
GEN24_1090940,4,4,4,4
GEN24_1090941,4,4,4,4
GEN24_1090948,4,4,2,3
GEN24_1090949,4,3,4,4
GEN24_1090950,4,4,4,4
GEN24_1090953,4,4,4,4
GEN24_1090955,4,4,4,4
GEN24_1090957,4,4,4,4
GEN24_1090958,4,4,4,4
GEN24_1090968,4,4,4,4
GEN24_1090970,4,4,4,4
GEN24_1090977,4,4,4,4
GEN24_1090979,4,4,4,4
GEN24_1090980,4,4,4,4
GEN24_1090987,4,4,4,4
GEN24_1091003,4,4,4,4
GEN24_1091006,4,3,4,4
GEN24_1091008,4,4,3,4
GEN24_1091009,4,4,4,4
GEN24_1091019,4,4,4,4
GEN24_1091022,4,4,4,4
GEN24_1091026,3,4,3,3
GEN24_1091028,4,4,4,4
GEN24_1091029,4,4,4,4
GEN24_1091043,3,4,3,4
GEN24_1091046,3,4,4,4
GEN24_1091048,4,4,4,4
GEN24_1091049,4,4,4,4
GEN24_1091050,4,4,3,4
GEN24_1091082,4,4,4,4
GEN24_1091085,4,4,4,4
GEN24_1091089,4,3,3,4
GEN24_1091126,4,4,4,4
GEN24_1091130,4,3,4,4
GEN24_1091132,4,4,4,4
GEN24_1091133,4,4,4,4
GEN24_1091136,4,4,4,4
GEN24_1091138,4,4,4,4
GEN24_1091140,4,4,4,4
GEN24_1091146,4,4,4,4
GEN24_1091151,4,4,4,4
GEN24_1091160,4,4,4,4
GEN24_1091163,3,4,4,3
GEN24_1091164,4,4,4,3
GEN24_1091175,4,4,4,4
GEN24_1091176,4,4,4,4
GEN24_1091178,4,3,4,4
GEN24_1091183,4,4,4,4
GEN24_1091190,4,4,4,4
GEN24_1091198,4,4,4,4
GEN24_1091200,4,4,4,4
GEN24_1091201,4,4,4,4
GEN24_1091208,3,3,4,4
GEN24_1091212,4,4,4,4
GEN24_1091214,4,3,4,4
GEN24_1091217,4,4,4,4
GEN24_1091224,4,4,4,4
GEN24_1091226,3,4,4,4
GEN24_1091227,4,4,4,4
GEN24_1091228,4,4,4,4
GEN24_1091235,4,4,4,4
GEN24_1091242,4,4,4,4
GEN24_1091247,4,4,4,4
GEN24_1091255,4,4,4,4
GEN24_1091259,3,4,4,3
GEN24_1091270,4,4,4,4
GEN24_1091271,3,4,4,3
GEN24_1091294,4,4,3,4
GEN24_1091301,4,4,4,4
GEN24_1091304,4,4,3,4
GEN24_1091313,4,4,4,3
GEN24_1091324,2,4,4,4
GEN24_1091331,4,4,4,4
GEN24_1091337,4,4,4,4
GEN24_1091342,4,4,4,4
GEN24_1091343,4,3,3,4
GEN24_1091346,4,4,4,4
GEN24_1091354,4,4,3,4
GEN24_1091355,4,4,4,4
GEN24_1091363,4,4,4,4
GEN24_1091365,4,3,4,4
GEN24_1091372,4,4,4,3
GEN24_1091374,4,4,4,4
GEN24_1091381,4,4,4,2
GEN24_1091388,4,4,4,4
GEN24_1091396,4,4,4,4
GEN24_1091398,4,4,4,4
GEN24_1091402,4,4,4,4
GEN24_1091408,4,4,4,4
GEN24_1091424,4,4,4,4
GEN24_1091425,4,4,4,4
GEN24_1091442,4,4,4,4
GEN24_1091443,4,4,4,4
GEN24_1091444,4,4,4,4
GEN24_1091458,4,4,4,4
GEN24_1091463,4,4,4,4
GEN24_1091465,4,4,3,4
GEN24_1091466,4,4,4,4
GEN24_1091476,4,4,4,4
GEN24_1091478,4,4,4,3
GEN24_1091480,4,4,4,4
GEN24_1091487,4,4,4,4
GEN24_1091495,4,4,4,4
GEN24_1091509,4,4,4,4
GEN24_1091512,3,4,4,4
GEN24_1091547,4,4,4,3
GEN24_1091555,4,4,4,4
GEN24_1091560,4,4,4,4
GEN24_1091568,4,3,3,3
GEN24_1091569,4,4,4,2
GEN24_1091571,4,4,4,4
GEN24_1091574,4,3,4,4
GEN24_1091575,4,4,4,4
GEN24_1091577,4,4,4,4
GEN24_1091582,4,4,4,4
GEN24_1091606,4,4,4,3
GEN24_1091608,3,4,4,4
GEN24_1091609,4,4,4,4
GEN24_1091624,4,4,4,4
GEN24_1091625,4,4,4,3
GEN24_1091627,4,4,4,4
GEN24_1091643,4,4,4,4
GEN24_1091644,4,4,4,4
GEN24_1091650,4,4,4,4
GEN24_1091656,4,4,4,4
GEN24_1091658,4,4,4,4
GEN24_1091664,4,4,4,4
GEN24_1091665,4,3,3,4
GEN24_1091670,4,4,4,4
GEN24_1091674,4,4,4,4
GEN24_1091686,4,3,4,4
GEN24_1091690,4,4,4,4
GEN24_1091693,4,4,4,4
GEN24_1091705,4,4,4,4
GEN24_1091719,4,4,3,4
GEN24_1091724,4,4,4,4
GEN24_1091729,4,4,4,4
GEN24_1091731,4,4,4,4
GEN24_1091732,4,4,4,4
GEN24_1091733,4,4,4,4
GEN24_1091737,4,4,4,4
GEN24_1091738,4,4,4,4
GEN24_1091751,4,4,4,4
GEN24_1091756,3,4,4,3
GEN24_1091768,4,4,4,4
GEN24_1091773,4,4,4,4
GEN24_1091781,4,4,4,4
GEN24_1091782,4,4,4,4
GEN24_1091783,4,4,4,4
GEN24_1091796,1,1,1,1
GEN24_1091797,4,4,4,4
GEN24_1091798,4,4,4,4
GEN24_1091816,4,4,3,4
GEN24_1091819,4,4,4,4
GEN24_1091821,4,4,3,4
GEN24_1091824,4,3,4,4
GEN24_1091831,4,4,4,4
GEN24_1091844,4,4,4,4
GEN24_1091845,4,4,4,4
GEN24_1091849,4,4,4,4
GEN24_1091855,4,4,4,4
GEN24_1091882,4,4,4,4
GEN24_1091890,4,4,4,4
GEN24_1091894,4,4,4,4
GEN24_1091898,4,4,4,4
GEN24_1091901,3,4,3,4
GEN24_1091905,4,3,3,3
GEN24_1091909,4,4,4,4
GEN24_1091911,4,4,4,4
GEN24_1091913,4,4,4,4
GEN24_1091917,4,4,4,4
GEN24_1091923,4,4,4,4
GEN24_1091928,4,4,4,4
GEN24_1091933,4,4,4,4
GEN24_1091944,4,4,4,4
GEN24_1091953,4,4,4,4
GEN24_1091954,4,4,4,4
GEN24_1091955,4,4,4,4
GEN24_1091978,4,4,4,4
GEN24_1091979,4,4,3,4
GEN24_1091982,4,4,4,4
GEN24_1091989,4,4,4,4
GEN24_1091991,4,4,4,4
GEN24_1092002,4,4,4,4
GEN24_1092004,4,4,4,4
GEN24_1092010,3,4,4,4
GEN24_1092013,4,4,4,4
GEN24_1092015,4,4,3,3
GEN24_1092021,4,4,4,4
GEN24_1092022,4,4,3,4
GEN24_1092023,4,4,4,3
GEN24_1092033,4,4,4,4
GEN24_1092056,4,3,4,4
GEN24_1092083,4,4,4,3
GEN24_1092100,4,4,4,4
GEN24_1092104,4,4,4,3
GEN24_1092108,4,4,4,4
GEN24_1092113,4,4,4,3
GEN24_1092118,4,4,4,3
GEN24_1092124,4,4,4,4
GEN24_1092126,4,4,4,4
GEN24_1092129,4,4,3,3
GEN24_1092134,4,4,4,4
GEN24_1092137,4,4,4,4
GEN24_1092138,4,4,4,4
GEN24_1092140,4,4,4,4
GEN24_1092142,3,4,4,3
GEN24_1092148,4,4,4,4
GEN24_1092157,4,4,4,4
GEN24_1092158,4,4,4,4
GEN24_1092161,4,4,4,4
GEN24_1092168,3,4,4,3
GEN24_1092169,4,4,4,4
GEN24_1092173,4,3,4,4
GEN24_1092177,4,4,4,4
GEN24_1092184,4,4,4,4
GEN24_1092192,4,4,4,3
GEN24_1092195,4,4,4,4
GEN24_1092205,4,4,4,4
GEN24_1092210,3,4,3,4
GEN24_1092213,4,4,4,4
GEN24_1092214,4,4,4,4
GEN24_1092215,3,4,4,4
GEN24_1092224,4,4,4,4
GEN24_1092228,4,4,4,4
GEN24_1092235,4,3,3,3
GEN24_1092245,4,4,4,4
GEN24_1092259,4,4,4,4
GEN24_1092261,4,4,4,4
GEN24_1092264,4,4,4,4
GEN24_1092274,4,4,4,4
GEN24_1092275,4,4,4,4
GEN24_1092286,4,4,4,4
GEN24_1092299,4,4,4,3
GEN24_1092300,4,4,4,4
GEN24_1092307,4,4,4,4
GEN24_1092316,3,4,4,4
GEN24_1092323,3,3,3,4
GEN24_1092327,4,4,4,4
GEN24_1092330,4,4,4,4
GEN24_1092331,4,3,4,4
GEN24_1092333,4,4,3,4
GEN24_1092337,4,3,4,4
GEN24_1092338,4,4,4,4
GEN24_1092352,4,4,3,4
GEN24_1092353,4,4,4,4
GEN24_1092354,4,4,4,4
GEN24_1092357,4,4,4,4
GEN24_1092367,4,4,4,4
GEN24_1092370,4,4,4,4
GEN24_1092373,4,4,4,4
GEN24_1092377,4,4,4,4
GEN24_1092403,4,4,4,4
GEN24_1092419,4,4,4,4
GEN24_1092436,4,4,4,4
GEN24_1092441,4,4,4,4
GEN24_1092445,3,4,4,4
GEN24_1092454,4,4,4,4
GEN24_1092456,4,4,4,4
GEN24_1092464,4,4,4,4
GEN24_1092470,4,4,4,4
GEN24_1092472,4,4,4,4
GEN24_1092473,4,4,4,4
GEN24_1092476,4,3,3,4
GEN24_1092479,4,4,4,4
GEN24_1092496,4,4,4,4
GEN24_1092498,4,4,4,4
GEN24_1092504,3,4,2,2
GEN24_1092511,3,4,2,2
GEN24_1092512,4,4,4,3
GEN24_1092513,4,4,4,4
GEN24_1092516,3,4,3,3
GEN24_1092527,3,4,4,4
GEN24_1092528,4,4,4,4
GEN24_1092529,4,4,4,4
GEN24_1092535,4,4,4,4
GEN24_1092543,4,4,4,4
GEN24_1092545,4,4,4,4
GEN24_1092556,4,4,4,4
GEN24_1092560,4,3,4,3
GEN24_1092561,3,4,4,4
GEN24_1092562,4,4,4,4
GEN24_1092565,4,4,4,4
GEN24_1092572,4,4,4,4
GEN24_1092573,4,4,4,4
GEN24_1092576,4,4,4,4
GEN24_1092577,4,4,4,4
GEN24_1092585,4,4,4,3
GEN24_1092590,4,4,4,3
GEN24_1092592,4,3,4,4
GEN24_1092596,3,3,3,3
GEN24_1092607,4,4,4,3
GEN24_1092609,4,4,4,4
GEN24_1092638,4,4,4,4
GEN24_1092639,4,4,4,4
GEN24_1092640,4,4,4,4
GEN24_1092653,3,4,4,4
GEN24_1092664,4,4,4,4
GEN24_1092665,4,4,4,4
GEN24_1092672,4,4,4,4
GEN24_1092678,4,4,4,4
GEN24_1092684,4,4,4,4
GEN24_1092685,4,4,4,4
GEN24_1092688,4,4,4,4
GEN24_1092690,4,4,4,4
GEN24_1092697,4,4,3,4
GEN24_1092703,4,4,4,4
GEN24_1092709,4,4,4,4
GEN24_1092710,4,4,4,4
GEN24_1092712,1,1,1,1
GEN24_1092722,4,4,4,4
GEN24_1092723,4,4,4,4
GEN24_1092727,4,4,4,4
GEN24_1092728,4,4,4,4
GEN24_1092732,4,4,4,4
GEN24_1092735,4,4,4,4
GEN24_1092739,4,4,4,3
GEN24_1092742,4,4,4,4
GEN24_1092745,4,4,4,3
GEN24_1092746,4,4,4,4
GEN24_1092751,4,4,4,4
GEN24_1092756,4,4,4,4
GEN24_1092761,4,4,4,4
GEN24_1092765,4,4,4,4
GEN24_1092773,4,4,4,4
GEN24_1092774,4,4,4,4
GEN24_1092782,4,3,4,4
GEN24_1092786,4,4,4,4
GEN24_1092787,4,4,4,4
GEN24_1092797,4,4,4,4
GEN24_1092798,3,4,4,4
GEN24_1092801,4,4,4,4
GEN24_1092806,4,4,4,4
GEN24_1092811,4,4,4,4
GEN24_1092812,4,4,4,4
GEN24_1092815,4,4,4,4
GEN24_1092816,4,4,4,4
GEN24_1092829,4,4,4,4
GEN24_1092832,4,4,4,4
GEN24_1092840,4,4,4,4
GEN24_1092842,4,4,4,4
GEN24_1092848,4,4,4,4
GEN24_1092851,4,4,4,4
GEN24_1092875,4,4,4,4
GEN24_1092879,4,4,4,4
GEN24_1092885,4,4,4,4
GEN24_1092886,4,4,4,4
GEN24_1092887,4,4,4,4
GEN24_1092891,4,4,4,4
GEN24_1092893,3,3,2,2
GEN24_1092896,4,4,4,4
GEN24_1092902,4,3,4,4
GEN24_1092912,4,4,4,4
GEN24_1092927,4,4,3,4
GEN24_1092931,4,4,4,4
GEN24_1092932,4,4,4,4
GEN24_1092945,4,4,4,4
GEN24_1092951,3,3,4,4
GEN24_1092952,4,4,4,4
GEN24_1092953,4,3,4,4
GEN24_1092954,4,4,4,4
GEN24_1092957,4,4,4,4
GEN24_1092959,4,4,4,3
GEN24_1092984,4,4,4,4
GEN24_1092991,4,4,4,4
GEN24_1092994,4,4,4,4
GEN24_1092995,4,4,4,4
GEN24_1093011,4,4,4,4
GEN24_1093020,4,4,4,4
GEN24_1093023,4,4,4,4
GEN24_1093028,4,4,4,4
GEN24_1093031,4,4,4,4
GEN24_1093049,4,4,4,4
GEN24_1093055,4,4,4,4
GEN24_1093067,4,4,4,4
GEN24_1093068,4,4,4,4
GEN24_1093070,4,4,4,4
GEN24_1093089,3,4,4,4
GEN24_1093100,4,4,4,4
GEN24_1093116,4,4,4,3
GEN24_1093117,4,4,4,4
GEN24_1093133,4,4,4,4
GEN24_1093135,4,4,4,4
GEN24_1093140,3,2,4,3
GEN24_1093156,4,4,4,4
GEN24_1093164,4,4,3,4
GEN24_1093171,4,4,4,4
GEN24_1093188,4,4,4,4
GEN24_1093191,4,4,4,4
GEN24_1093199,4,4,4,4
GEN24_1093201,4,4,4,4
GEN24_1093205,4,4,4,4
GEN24_1093210,4,3,4,3
GEN24_1093219,4,4,4,4
GEN24_1093232,4,4,4,4
GEN24_1093236,2,3,3,4
GEN24_1093238,4,4,4,4
GEN24_1093243,4,4,4,4
GEN24_1093244,3,3,4,4
GEN24_1093245,4,4,4,3
GEN24_1093247,4,4,4,4
GEN24_1093260,4,4,4,4
GEN24_1093262,4,4,4,3
GEN24_1093263,4,4,4,3
GEN24_1093264,4,4,4,4
GEN24_1093274,4,4,4,3
GEN24_1093279,4,4,4,4
GEN24_1093285,4,4,4,4
GEN24_1093287,4,4,4,4
GEN24_1093288,4,3,4,4
GEN24_1093299,4,4,4,4
GEN24_1093303,4,4,4,4
GEN24_1093306,4,4,4,4
GEN24_1093320,4,4,4,4
GEN24_1093328,2,4,4,4
GEN24_1093331,4,4,4,4
GEN24_1093336,4,4,4,4
GEN24_1093338,3,4,4,4
GEN24_1093343,4,3,4,4
GEN24_1093344,4,4,4,4
GEN24_1093359,4,4,4,4
GEN24_1093377,4,4,4,4
GEN24_1093379,4,4,4,4
GEN24_1093384,3,4,4,4
GEN24_1093386,4,4,4,4
GEN24_1093387,4,4,4,4
GEN24_1093390,4,4,4,2
GEN24_1093392,3,4,4,2
GEN24_1093395,4,4,4,4
GEN24_1093398,4,4,4,4
GEN24_1093399,4,4,4,4
GEN24_1093413,4,4,4,4
GEN24_1093425,4,4,4,4
GEN24_1093430,4,4,4,4
GEN24_1093433,4,4,4,4
GEN24_1093435,4,4,4,4
GEN24_1093437,4,4,4,4
GEN24_1093444,3,4,4,4
GEN24_1093447,3,4,4,3
GEN24_1093449,4,4,4,4
GEN24_1093457,4,4,4,4
GEN24_1093462,4,4,4,4
GEN24_1093463,4,4,4,4
GEN24_1093465,3,4,4,4
GEN24_1093468,3,4,4,4
GEN24_1093470,4,4,4,4
GEN24_1093473,4,4,3,4
GEN24_1093474,4,4,4,3
GEN24_1093475,4,4,4,4
GEN24_1093479,4,3,4,4
GEN24_1093488,4,4,4,4
GEN24_1093490,4,4,4,4
GEN24_1093499,4,4,4,4
GEN24_1093500,4,4,4,4
GEN24_1093503,4,4,4,4
GEN24_1093506,4,4,4,4
GEN24_1093510,4,4,4,4
GEN24_1093517,4,4,4,4
GEN24_1093527,4,3,4,4
GEN24_1093528,4,4,4,4
GEN24_1093531,4,4,4,4
GEN24_1093541,4,4,4,4
GEN24_1093543,4,4,4,4
GEN24_1093544,4,4,3,4
GEN24_1093553,4,4,3,4
GEN24_1093555,4,4,4,4
GEN24_1093557,4,4,4,4
GEN24_1093575,4,4,4,4
GEN24_1093577,4,4,4,4
GEN24_1093585,4,4,4,4
GEN24_1093586,4,4,4,4
GEN24_1093590,4,4,4,4
GEN24_1093603,4,4,4,4
GEN24_1093606,4,4,4,4
GEN24_1093612,4,4,4,4
GEN24_1093614,4,4,4,4
GEN24_1093616,4,4,4,4
GEN24_1093640,4,4,4,3
GEN24_1093643,4,4,4,4
GEN24_1093648,4,4,4,4
GEN24_1093653,4,4,4,4
GEN24_1093655,3,4,4,3
GEN24_1093666,4,4,4,4
GEN24_1093667,4,4,4,4
GEN24_1093678,4,4,4,4
GEN24_1093709,3,3,3,4
GEN24_1093714,4,4,4,4
GEN24_1093715,4,4,3,3
GEN24_1093718,4,4,4,4
GEN24_1093719,4,4,4,4
GEN24_1093724,4,3,4,4
GEN24_1093727,4,4,4,4
GEN24_1093730,4,4,4,4
GEN24_1093733,3,3,3,3
GEN24_1093738,4,3,3,4
GEN24_1093747,4,4,4,4
GEN24_1093748,4,4,4,4
GEN24_1093749,4,4,4,4
GEN24_1093752,4,4,4,4
GEN24_1093758,4,4,4,4
GEN24_1093762,4,4,3,4
GEN24_1093763,4,4,4,4
GEN24_1093764,4,4,4,3
GEN24_1093768,4,4,4,4
GEN24_1093773,4,4,4,4
GEN24_1093778,4,4,4,4
GEN24_1093784,4,4,4,4
GEN24_1093788,4,4,4,4
GEN24_1093796,4,4,4,4
GEN24_1093802,4,4,4,4
GEN24_1093814,4,4,4,4
GEN24_1093826,3,4,4,3
GEN24_1093828,4,4,4,4
GEN24_1093829,4,4,4,4
GEN24_1093843,4,3,4,4
GEN24_1093845,4,4,4,4
GEN24_1093848,4,4,4,4
GEN24_1093849,4,4,4,4
GEN24_1093852,4,4,4,4
GEN24_1093855,4,3,4,3
GEN24_1093856,4,4,4,4
GEN24_1093857,4,4,4,4
GEN24_1093867,4,4,4,4
GEN24_1093876,4,4,4,4
GEN24_1093879,4,4,3,3
GEN24_1093880,4,4,4,4
GEN24_1093890,4,4,4,4
GEN24_1093897,4,4,4,4
GEN24_1093902,4,4,4,4
GEN24_1093906,4,4,4,4
GEN24_1093909,4,4,4,4
GEN24_1093911,4,4,4,4
GEN24_1093913,4,2,4,3
GEN24_1093914,4,2,4,4
GEN24_1093929,4,4,4,4
GEN24_1093934,4,4,4,4
GEN24_1093936,4,3,3,4
GEN24_1093944,4,4,4,4
GEN24_1093945,4,4,4,4
GEN24_1093962,3,4,4,4
GEN24_1093963,4,4,4,3
GEN24_1093974,4,4,4,3
GEN24_1093985,4,4,4,4
GEN24_1093992,4,4,4,4
GEN24_1093993,3,4,4,3
GEN24_1093996,4,4,4,4
GEN24_1093998,4,4,3,4
GEN24_1094002,4,4,4,4
GEN24_1094007,4,4,3,4
GEN24_1094022,4,4,4,3
GEN24_1094024,4,4,4,4
GEN24_1094025,4,4,4,4
GEN24_1094027,4,4,4,4
GEN24_1094029,4,4,4,4
GEN24_1094031,4,4,4,4
GEN24_1094036,4,4,4,4
GEN24_1094042,4,4,4,4
GEN24_1094051,4,4,4,4
GEN24_1094056,4,4,4,4
GEN24_1094058,4,4,4,4
GEN24_1094060,4,4,4,4
GEN24_1094064,4,4,4,4
GEN24_1094073,4,4,4,4
GEN24_1094075,4,4,4,4
GEN24_1094080,4,4,4,4
GEN24_1094081,4,4,4,4
GEN24_1094089,4,3,4,4
GEN24_1094096,4,4,4,3
GEN24_1094109,4,4,4,4
GEN24_1094119,4,4,4,4
GEN24_1094127,4,4,4,4
GEN24_1094131,2,4,2,3
GEN24_1094132,4,4,4,4
GEN24_1094134,4,4,4,4
GEN24_1094135,4,4,4,4
GEN24_1094142,4,4,4,4
GEN24_1094147,3,4,4,4
GEN24_1094149,4,4,4,4
GEN24_1094159,4,4,4,3
GEN24_1094163,4,4,4,4
GEN24_1094164,4,4,4,4
GEN24_1094177,4,4,4,4
GEN24_1094178,4,4,4,4
GEN24_1094179,4,4,4,4
GEN24_1094189,4,4,4,4
GEN24_1094193,4,4,4,4
GEN24_1094206,4,4,4,4
GEN24_1094210,4,4,4,4
GEN24_1094220,4,4,4,3
GEN24_1094223,4,4,4,4
GEN24_1094226,4,4,3,4
GEN24_1094232,4,4,4,4
GEN24_1094239,4,4,4,4
GEN24_1094245,3,4,4,4
GEN24_1094252,4,4,4,4
GEN24_1094264,4,4,4,4
GEN24_1094271,4,4,3,3
GEN24_1094273,4,4,4,4
GEN24_1094274,4,4,4,4
GEN24_1094276,4,4,4,4
GEN24_1094278,4,4,4,4
GEN24_1094282,4,4,4,4
GEN24_1094288,4,4,4,4
GEN24_1094293,4,4,4,4
GEN24_1094294,4,4,4,4
GEN24_1094295,3,4,4,4
GEN24_1094297,4,4,4,4
GEN24_1094298,4,4,4,4
GEN24_1094302,4,4,4,4
GEN24_1094317,4,4,4,3
GEN24_1094336,4,4,4,4
GEN24_1094338,4,4,3,3
GEN24_1094345,4,4,4,4
GEN24_1094347,4,4,4,4
GEN24_1094356,4,4,4,4
GEN24_1094357,4,4,4,4
GEN24_1094367,4,4,4,4
GEN24_1094368,4,4,4,4
GEN24_1094369,4,4,3,4
GEN24_1094372,4,4,4,4
GEN24_1094376,3,4,4,4
GEN24_1094382,4,3,3,4
GEN24_1094384,3,4,4,4
GEN24_1094402,4,4,4,3
GEN24_1094406,4,4,4,3
GEN24_1094414,4,4,4,4
GEN24_1094415,3,4,4,4
GEN24_1094423,4,4,4,4
GEN24_1094428,4,4,4,4
GEN24_1094430,4,4,4,4
GEN24_1094436,4,4,4,4
GEN24_1094437,4,4,4,3
GEN24_1094438,4,4,4,4
GEN24_1094439,4,4,4,4
GEN24_1094451,4,4,4,4
GEN24_1094454,4,4,4,4
GEN24_1094460,4,4,4,4
GEN24_1094462,4,4,4,3
GEN24_1094466,4,4,4,4
GEN24_1094470,4,4,4,4
GEN24_1094471,4,4,4,4
GEN24_1094479,4,4,4,4
GEN24_1094480,4,4,4,4
GEN24_1094489,4,4,4,4
GEN24_1094501,4,3,3,2
GEN24_1094515,4,4,4,3
GEN24_1094521,4,4,4,4
GEN24_1094527,4,4,4,4
GEN24_1094528,4,4,4,4
GEN24_1094531,4,4,4,4
GEN24_1094537,4,4,4,4
GEN24_1094540,4,4,4,4
GEN24_1094541,4,4,4,4
GEN24_1094558,4,4,4,4
GEN24_1094562,4,4,4,4
GEN24_1094568,3,3,4,3
GEN24_1094582,4,4,3,4
GEN24_1094586,4,4,4,4
GEN24_1094587,4,4,4,4
GEN24_1094590,4,4,4,4
GEN24_1094598,4,4,4,4
GEN24_1094601,4,4,4,4
GEN24_1094617,4,4,4,4
GEN24_1094623,4,4,4,4
GEN24_1094625,4,4,4,4
GEN24_1094630,4,4,3,4
GEN24_1094638,4,4,4,4
GEN24_1094640,4,4,4,4
GEN24_1094648,4,4,4,4
GEN24_1094649,4,4,4,4
GEN24_1094651,4,4,4,3
GEN24_1094652,4,4,4,4
GEN24_1094654,4,4,4,4
GEN24_1094656,4,4,4,4
GEN24_1094667,3,4,4,4
GEN24_1094668,4,4,4,4
GEN24_1094680,4,4,4,4
GEN24_1094691,4,4,4,4
GEN24_1094693,4,4,4,4
GEN24_1094696,4,4,4,4
GEN24_1094713,4,4,4,4
GEN24_1094716,4,4,4,4
GEN24_1094719,4,4,4,4
GEN24_1094722,4,4,4,4
GEN24_1094723,4,4,4,4
GEN24_1094728,4,4,4,4
GEN24_1094729,4,4,4,4
GEN24_1094731,4,4,4,4
GEN24_1094735,4,4,4,4
GEN24_1094740,4,4,4,4
GEN24_1094745,4,4,4,4
GEN24_1094747,4,4,4,4
GEN24_1094749,4,4,4,4
GEN24_1094752,4,4,4,4
GEN24_1094754,4,4,4,4
GEN24_1094755,4,4,4,4
GEN24_1094758,4,4,4,4
GEN24_1094768,4,4,4,4
GEN24_1094777,4,4,4,4
GEN24_1094778,4,4,4,4
GEN24_1094781,4,4,4,4
GEN24_1094789,4,4,4,4
GEN24_1094794,4,4,4,4
GEN24_1094798,4,4,4,4
GEN24_1094806,3,4,4,4
GEN24_1094816,4,4,4,4
GEN24_1094823,4,4,4,4
GEN24_1094838,4,4,4,4
GEN24_1094839,4,4,4,3
GEN24_1094844,4,4,3,4
GEN24_1094857,3,4,4,4
GEN24_1094879,4,4,4,4
GEN24_1094886,4,4,4,4
GEN24_1094901,4,3,4,4
GEN24_1094905,4,4,4,4
GEN24_1094910,4,4,4,4
GEN24_1094917,4,4,4,4
GEN24_1094926,4,4,4,4
GEN24_1094929,4,4,4,4
GEN24_1094930,4,4,4,4
GEN24_1094931,4,4,4,3
GEN24_1094932,4,4,4,4
GEN24_1094937,4,4,4,3
GEN24_1094938,4,4,4,4
GEN24_1094944,4,4,4,4
GEN24_1094955,4,4,4,4
GEN24_1094967,4,3,4,4
GEN24_1094970,4,4,4,4
GEN24_1094974,4,4,4,4
GEN24_1094990,4,3,4,3
GEN24_1094992,4,4,4,4
GEN24_1095006,4,4,4,4
GEN24_1095028,3,4,4,4
GEN24_1095030,4,4,4,3
GEN24_1095036,3,4,4,4
GEN24_1095045,4,4,4,4
GEN24_1095046,4,4,4,4
GEN24_1095048,4,4,4,4
GEN24_1095055,4,4,4,4
GEN24_1095059,4,4,4,4
GEN24_1095061,4,4,4,4
GEN24_1095063,3,4,3,3
GEN24_1095071,4,4,4,4
GEN24_1095083,4,4,4,4
GEN24_1095086,4,4,4,3
GEN24_1095088,4,2,4,4
GEN24_1095128,4,4,4,4
GEN24_1095129,4,4,4,4
GEN24_1095135,4,4,4,4
GEN24_1095138,4,4,4,4
GEN24_1095144,4,4,4,4
GEN24_1095145,4,4,4,4
GEN24_1095146,4,4,4,4
GEN24_1095165,4,4,4,4
GEN24_1095177,4,4,4,4
GEN24_1095180,4,4,4,4
GEN24_1095182,4,4,4,4
GEN24_1095184,4,4,4,4
GEN24_1095185,4,4,4,4
GEN24_1095194,4,4,4,4
GEN24_1095198,4,4,4,4
GEN24_1095200,4,4,4,3
GEN24_1095202,4,4,3,3
GEN24_1095208,4,4,4,4
GEN24_1095211,4,4,4,4
GEN24_1095215,4,4,4,4
GEN24_1095232,4,4,4,4
GEN24_1095239,4,4,4,4
GEN24_1095240,4,4,3,4
GEN24_1095244,4,4,4,4
GEN24_1095248,4,4,4,4
GEN24_1095251,4,4,4,4
GEN24_1095259,4,4,4,4
GEN24_1095260,4,4,4,4
GEN24_1095267,4,4,4,4
GEN24_1095270,4,4,4,4
GEN24_1095283,4,4,4,4
GEN24_1095284,4,4,4,4
GEN24_1095291,4,4,4,4
GEN24_1095303,4,4,4,4
GEN24_1095304,4,4,4,4
GEN24_1095305,3,4,4,4
GEN24_1095309,4,3,4,4
GEN24_1095313,4,4,4,4
GEN24_1095316,3,3,4,4
GEN24_1095320,4,4,4,4
GEN24_1095322,4,4,4,4
GEN24_1095326,4,4,4,4
GEN24_1095331,4,4,4,4
GEN24_1095332,4,4,4,4
GEN24_1095334,4,4,4,4
GEN24_1095338,4,4,4,4
GEN24_1095341,4,4,4,4
GEN24_1095345,4,4,4,4
GEN24_1095359,4,4,4,4
GEN24_1095378,4,4,4,4
GEN24_1095385,4,4,4,4
GEN24_1095390,4,4,4,4
GEN24_1095394,4,4,4,4
GEN24_1095397,4,4,4,4
GEN24_1095413,4,4,4,4
GEN24_1095420,4,4,4,4
GEN24_1095423,3,4,4,4
GEN24_1095431,4,4,4,4
GEN24_1095438,4,4,4,4
GEN24_1095450,4,4,4,3
GEN24_1095453,4,4,4,4
GEN24_1095456,4,4,4,4
GEN24_1095469,4,4,4,4
GEN24_1095480,4,4,4,4
GEN24_1095481,4,4,4,4
GEN24_1095483,4,4,4,4
GEN24_1095488,4,4,4,4
GEN24_1095490,3,4,4,4
GEN24_1095492,4,4,4,4
GEN24_1095499,4,4,4,4
GEN24_1095504,4,4,4,4
GEN24_1095508,4,4,4,4
GEN24_1095514,4,4,3,4
GEN24_1095515,3,4,4,4
GEN24_1095517,4,4,4,4
GEN24_1095519,4,3,4,3
GEN24_1095520,4,4,4,4
GEN24_1095525,4,4,4,4
GEN24_1095529,4,4,4,4
GEN24_1095536,4,4,4,4
GEN24_1095537,4,4,4,4
GEN24_1095540,4,3,4,4
GEN24_1095549,4,4,4,4
GEN24_1095551,4,4,4,4
GEN24_1095552,4,4,3,4
GEN24_1095553,4,4,4,4
GEN24_1095554,4,4,4,4
GEN24_1095555,4,4,4,4
GEN24_1095567,4,4,4,4
GEN24_1095568,4,4,4,4
GEN24_1095571,4,4,4,4
GEN24_1095573,4,4,3,4
GEN24_1095578,4,4,4,4
GEN24_1095580,4,4,4,3
GEN24_1095593,4,4,4,4
GEN24_1095616,4,4,4,4
GEN24_1095617,4,4,4,4
GEN24_1095627,4,4,4,4
GEN24_1095630,4,4,4,2
GEN24_1095635,4,4,4,4
GEN24_1095641,4,4,4,4
GEN24_1095643,3,3,4,4
GEN24_1095644,4,4,4,4
GEN24_1095649,3,4,4,4
GEN24_1095650,4,4,4,4
GEN24_1095657,4,4,4,4
GEN24_1095678,4,4,4,4
GEN24_1095680,4,4,4,4
GEN24_1095682,4,4,4,4
GEN24_1095687,4,4,4,4
GEN24_1095693,4,4,4,3
GEN24_1095700,4,4,4,4
GEN24_1095701,4,4,4,4
GEN24_1095702,4,4,4,4
GEN24_1095718,4,4,4,4
GEN24_1095725,4,4,4,4
GEN24_1095726,4,4,4,4
GEN24_1095728,4,4,4,4
GEN24_1095729,3,4,4,4
GEN24_1095731,4,4,4,4
GEN24_1095732,4,4,4,4
GEN24_1095737,4,4,4,4
GEN24_1095739,4,4,4,4
GEN24_1095743,4,4,4,4
GEN24_1095751,4,4,4,4
GEN24_1095756,4,4,4,4
GEN24_1095759,4,4,4,4
GEN24_1095760,4,4,4,4
GEN24_1095761,4,4,4,4
GEN24_1095763,4,4,4,4
GEN24_1095767,4,4,4,4
GEN24_1095795,4,4,4,4
GEN24_1095801,4,4,4,4
GEN24_1095803,4,4,3,4
GEN24_1095810,4,4,4,4
GEN24_1095812,4,4,4,4
GEN24_1095814,4,4,4,4
GEN24_1095828,4,4,4,4
GEN24_1095838,4,4,4,4
GEN24_1095840,4,4,4,4
GEN24_1095841,4,4,4,4
GEN24_1095842,4,4,4,4
GEN24_1095844,4,4,4,4
GEN24_1095850,4,4,4,4
GEN24_1095851,3,4,4,4
GEN24_1095855,4,4,4,4
GEN24_1095863,4,4,4,4
GEN24_1095871,4,4,4,4
GEN24_1095873,4,4,4,4
GEN24_1095874,4,4,4,4
GEN24_1095876,4,4,4,4
GEN24_1095881,4,4,3,4
GEN24_1095882,4,4,4,4
GEN24_1095884,4,4,4,4
GEN24_1095886,4,4,4,4
GEN24_1095888,4,4,4,4
GEN24_1095895,4,4,4,4
GEN24_1095900,4,4,4,3
GEN24_1095901,4,4,4,4
GEN24_1095913,4,4,4,4
GEN24_1095915,4,4,4,4
GEN24_1095921,4,4,4,4
GEN24_1095929,4,4,4,4
GEN24_1095936,4,4,4,4
GEN24_1095937,4,4,4,3
GEN24_1095941,4,4,4,4
GEN24_1095942,4,4,4,4
GEN24_1095943,4,4,4,4
GEN24_1095964,4,4,4,4
GEN24_1095988,4,4,4,4
GEN24_1095992,4,4,4,4
GEN24_1095998,3,4,4,4
GEN24_1096000,4,4,4,4
GEN24_1096001,4,4,4,4
GEN24_1096003,4,4,4,4
GEN24_1096009,4,4,4,4
GEN24_1096012,4,4,4,4
GEN24_1096021,4,4,4,4
GEN24_1096022,3,4,3,2
GEN24_1096026,3,4,4,3
GEN24_1096027,4,4,4,4
GEN24_1096035,4,4,4,4
GEN24_1096038,4,4,4,4
GEN24_1096040,4,4,3,4
GEN24_1096044,4,4,4,4
GEN24_1096045,4,4,3,4
GEN24_1096052,4,4,4,4
GEN24_1096053,4,4,4,3
GEN24_1096056,4,4,4,4
GEN24_1096057,4,3,3,4
GEN24_1096059,4,4,4,4
GEN24_1096066,4,4,4,4
GEN24_1096074,4,4,4,4
GEN24_1096076,4,4,4,4
GEN24_1096077,4,4,4,4
GEN24_1096086,4,4,4,4
GEN24_1096090,4,4,4,4
GEN24_1096096,4,4,4,3
GEN24_1096097,4,4,4,4
GEN24_1096106,4,4,4,4
GEN24_1096112,1,1,1,1
GEN24_1096123,4,4,4,4
GEN24_1096144,3,4,3,4
GEN24_1096146,4,4,4,4
GEN24_1096154,4,3,4,4
GEN24_1096156,4,4,4,4
GEN24_1096157,4,4,4,4
GEN24_1096175,4,4,4,4
GEN24_1096192,4,4,4,4
GEN24_1096193,4,4,4,4
GEN24_1096195,4,4,4,4
GEN24_1096198,4,4,4,4
GEN24_1096226,4,4,4,4
GEN24_1096229,4,4,4,4
GEN24_1096232,4,4,4,3
GEN24_1096237,4,4,4,4
GEN24_1096264,4,4,4,4
GEN24_1096265,4,4,4,4
GEN24_1096267,4,4,4,4
GEN24_1096268,4,4,4,4
GEN24_1096275,4,4,4,4
GEN24_1096277,3,3,4,4
GEN24_1096278,4,4,4,4
GEN24_1096281,4,4,4,4
GEN24_1096284,4,4,4,4
GEN24_1096291,4,4,3,4
GEN24_1096295,4,4,4,4
GEN24_1096296,4,3,3,4
GEN24_1096300,4,4,4,4
GEN24_1096308,3,3,3,4
GEN24_1096309,4,4,4,4
GEN24_1096327,4,4,4,4
GEN24_1096332,4,4,4,4
GEN24_1096335,4,4,4,4
GEN24_1096337,4,4,3,4
GEN24_1096350,3,4,4,4
GEN24_1096365,2,3,4,3
GEN24_1096369,4,4,4,4
GEN24_1096379,4,4,4,4
GEN24_1096387,4,4,4,4
GEN24_1096388,4,4,4,4
GEN24_1096389,4,4,4,4
GEN24_1096391,4,4,4,4
GEN24_1096393,4,4,4,4
GEN24_1096395,4,4,4,4
GEN24_1096400,4,4,4,4
GEN24_1096412,3,4,4,4
GEN24_1096414,4,4,4,4
GEN24_1096420,4,4,4,4
GEN24_1096422,4,4,4,4
GEN24_1096428,3,4,4,3
GEN24_1096448,4,4,4,4
GEN24_1096456,4,4,4,4
GEN24_1096469,4,4,4,4
GEN24_1096471,4,4,4,4
GEN24_1096474,4,4,4,3
GEN24_1096479,4,4,4,4
GEN24_1096481,4,4,4,4
GEN24_1096487,4,4,4,4
GEN24_1096488,3,4,4,4
GEN24_1096491,4,4,4,4
GEN24_1096492,4,4,4,3
GEN24_1096494,4,4,3,4
GEN24_1096506,4,4,4,4
GEN24_1096509,3,4,4,4
GEN24_1096532,4,4,4,4
GEN24_1096535,4,4,4,4
GEN24_1096538,4,4,4,4
GEN24_1096539,4,4,4,4
GEN24_1096545,4,4,4,4
GEN24_1096550,3,4,4,4
GEN24_1096551,4,4,4,4
GEN24_1096552,4,4,4,4
GEN24_1096555,4,4,4,4
GEN24_1096560,4,4,4,4
GEN24_1096563,4,4,4,4
GEN24_1096566,4,4,4,4
GEN24_1096579,4,4,4,4
GEN24_1096581,3,3,3,3
GEN24_1096583,4,4,4,4
GEN24_1096586,4,4,4,4
GEN24_1096594,4,4,4,4
GEN24_1096600,4,4,4,4
GEN24_1096603,4,4,4,4
GEN24_1096606,4,4,4,4
GEN24_1096611,4,4,4,4
GEN24_1096613,4,4,4,4
GEN24_1096625,4,4,4,4
GEN24_1096627,4,4,4,4
GEN24_1096628,4,4,4,4
GEN24_1096636,4,4,4,4
GEN24_1096637,4,4,3,3
GEN24_1096638,4,4,4,4
GEN24_1096645,4,4,4,4
GEN24_1096647,4,4,4,4
GEN24_1096650,4,4,4,4
GEN24_1096655,4,4,4,3
GEN24_1096657,4,4,4,4
GEN24_1096661,4,4,4,4
GEN24_1096679,4,4,4,4
GEN24_1096685,4,4,4,4
GEN24_1096694,4,4,4,4
GEN24_1096698,4,4,4,4
GEN24_1096700,4,4,4,4
GEN24_1096705,4,4,4,4
GEN24_1096708,4,4,4,3
GEN24_1096713,4,4,4,4
GEN24_1096714,4,4,4,4
GEN24_1096715,4,4,4,4
GEN24_1096720,4,4,4,4
GEN24_1096723,4,4,4,4
GEN24_1096731,4,4,4,4
GEN24_1096732,4,4,4,4
GEN24_1096736,4,4,4,4
GEN24_1096737,4,4,4,4
GEN24_1096738,4,4,4,4
GEN24_1096739,4,4,4,4
GEN24_1096751,4,4,4,4
GEN24_1096752,4,4,4,4
GEN24_1096758,4,4,4,4
GEN24_1096763,4,4,4,4
GEN24_1096766,4,4,4,4
GEN24_1096777,4,4,4,4
GEN24_1096778,4,4,4,4
GEN24_1096791,4,4,4,4
GEN24_1096795,4,4,4,4
GEN24_1096800,4,4,4,4
GEN24_1096806,4,4,3,4
GEN24_1096807,4,3,3,3
GEN24_1096812,4,4,4,4
GEN24_1096813,4,4,4,4
GEN24_1096815,4,4,4,4
GEN24_1096823,4,4,4,4
GEN24_1096828,4,4,4,4
GEN24_1096834,4,4,4,4
GEN24_1096835,3,4,4,4
GEN24_1096836,4,4,3,4
GEN24_1096840,2,4,3,3
GEN24_1096846,4,4,4,4
GEN24_1096847,4,4,4,4
GEN24_1096848,4,4,4,4
GEN24_1096851,4,4,4,4
GEN24_1096853,4,4,4,4
GEN24_1096859,4,4,4,4
GEN24_1096860,4,4,4,4
GEN24_1096868,4,3,4,4
GEN24_1096869,4,4,4,4
GEN24_1096877,4,4,4,4
GEN24_1096879,4,4,4,4
GEN24_1096883,4,4,4,4
GEN24_1096886,4,4,4,4
GEN24_1096891,4,4,4,4
GEN24_1096892,4,4,4,4
GEN24_1096897,4,4,4,4
GEN24_1096900,4,4,4,4
GEN24_1096903,4,4,4,4
GEN24_1096906,4,4,4,4
GEN24_1096907,4,4,4,4
GEN24_1096914,4,4,4,4
GEN24_1096922,4,4,4,4
GEN24_1096925,3,4,4,4
GEN24_1096934,4,4,4,4
GEN24_1096937,4,4,4,4
GEN24_1096943,4,4,4,3
GEN24_1096954,4,4,4,3
GEN24_1096957,4,4,4,3
GEN24_1096970,4,4,4,4
GEN24_1096975,4,4,4,4
GEN24_1096979,4,4,4,4
GEN24_1096981,4,4,4,4
GEN24_1096988,4,4,4,4
GEN24_1096991,4,4,4,4
GEN24_1096992,4,4,4,4
GEN24_1096999,4,4,3,4
GEN24_1097008,4,4,4,4
GEN24_1097010,4,4,4,4
GEN24_1097012,4,4,4,4
GEN24_1097021,4,4,4,4
GEN24_1097032,4,4,4,4
GEN24_1097034,4,4,4,4
GEN24_1097037,4,4,4,4
GEN24_1097040,4,4,4,4
GEN24_1097042,4,4,3,3
GEN24_1097047,4,4,4,4
GEN24_1097049,3,4,3,3
GEN24_1097055,4,4,4,4
GEN24_1097060,4,4,3,3
GEN24_1097066,4,4,4,3
GEN24_1097069,4,4,4,4
GEN24_1097077,4,4,4,4
GEN24_1097081,4,4,4,4
GEN24_1097082,4,4,4,3
GEN24_1097096,4,4,4,4
GEN24_1097107,4,4,4,4
GEN24_1097108,4,4,4,4
GEN24_1097112,4,4,4,4
GEN24_1097113,4,4,4,4
GEN24_1097114,4,4,4,4
GEN24_1097117,4,4,4,4
GEN24_1097118,4,4,4,3
GEN24_1097124,4,4,4,4
GEN24_1097132,4,4,4,4
GEN24_1097139,4,4,4,4
GEN24_1097144,4,4,4,3
GEN24_1097149,4,4,4,4
GEN24_1097154,4,3,4,3
GEN24_1097163,4,4,4,4
GEN24_1097165,4,4,4,4
GEN24_1097166,4,4,4,4
GEN24_1097169,4,4,4,4
GEN24_1097172,4,4,4,4
GEN24_1097173,4,4,4,3
GEN24_1097176,4,4,4,4
GEN24_1097177,4,4,4,4
GEN24_1097178,4,4,4,4
GEN24_1097181,4,3,4,4
GEN24_1097183,4,4,4,3
GEN24_1097186,4,4,4,4
GEN24_1097187,4,4,3,3
GEN24_1097189,4,4,4,4
GEN24_1097195,4,4,4,4
GEN24_1097203,4,4,4,4
GEN24_1097205,4,4,4,4
GEN24_1097210,4,4,4,4
GEN24_1097216,4,4,4,4
GEN24_1097218,4,3,4,4
GEN24_1097223,4,4,4,4
GEN24_1097225,4,4,3,4
GEN24_1097226,4,4,4,4
GEN24_1097245,4,4,4,4
GEN24_1097251,4,4,4,4
GEN24_1097255,4,4,4,3
GEN24_1097258,4,4,4,4
GEN24_1097259,2,2,3,2
GEN24_1097264,4,4,4,4
GEN24_1097265,4,4,4,4
GEN24_1097272,4,4,4,4
GEN24_1097273,3,4,4,4
GEN24_1097285,2,4,3,3
GEN24_1097287,4,4,4,4
GEN24_1097291,4,4,4,4
GEN24_1097297,4,4,4,4
GEN24_1097300,4,4,3,4
GEN24_1097309,4,4,4,4
GEN24_1097312,4,4,4,4
GEN24_1097313,4,4,4,4
GEN24_1097314,3,4,3,4
GEN24_1097315,4,4,4,3
GEN24_1097317,4,4,4,4
GEN24_1097329,4,4,4,4
GEN24_1097336,4,4,4,4
GEN24_1097345,4,4,4,4
GEN24_1097349,4,4,4,3
GEN24_1097357,4,4,4,4
GEN24_1097359,4,4,4,4
GEN24_1097363,4,4,4,4
GEN24_1097366,4,4,4,4
GEN24_1097368,4,4,4,4
GEN24_1097372,4,4,4,4
GEN24_1097379,4,4,4,3
GEN24_1097388,4,4,4,4
GEN24_1097390,4,4,4,2
GEN24_1097393,4,4,4,4
GEN24_1097403,4,3,4,4
GEN24_1097406,4,4,4,4
GEN24_1097421,4,4,4,4
GEN24_1097423,4,4,4,4
GEN24_1097425,4,4,4,4
GEN24_1097427,4,4,4,4
GEN24_1097429,4,4,4,4
GEN24_1097437,4,4,4,4
GEN24_1097440,4,4,4,4
GEN24_1097442,4,4,4,4
GEN24_1097445,3,3,3,3
GEN24_1097447,4,4,4,4
GEN24_1097451,4,4,4,4
GEN24_1097461,4,4,4,4
GEN24_1097466,4,4,4,4
GEN24_1097471,4,4,4,4
GEN24_1097477,4,4,4,4
GEN24_1097482,4,4,4,4
GEN24_1097486,4,4,4,4
GEN24_1097491,4,4,4,4
GEN24_1097502,4,4,4,4
GEN24_1097508,4,4,4,4
GEN24_1097510,4,3,4,4
GEN24_1097515,4,4,4,3
GEN24_1097518,4,4,4,4
GEN24_1097520,4,4,4,4
GEN24_1097521,4,4,4,4
GEN24_1097535,4,4,4,4
GEN24_1097537,4,4,4,4
GEN24_1097542,4,4,4,4
GEN24_1097545,4,4,4,4
GEN24_1097554,4,4,4,4
GEN24_1097559,3,4,4,4
GEN24_1097561,4,4,4,4
GEN24_1097569,4,4,4,4
GEN24_1097571,4,4,4,4
GEN24_1097575,4,4,4,4
GEN24_1097581,4,4,4,4
GEN24_1097588,4,4,4,4
GEN24_1097591,4,4,4,4
GEN24_1097594,4,4,4,4
GEN24_1097603,4,4,4,4
GEN24_1097604,4,4,4,4
GEN24_1097610,4,4,4,4
GEN24_1097614,4,3,4,4
GEN24_1097616,4,4,4,4
GEN24_1097617,4,4,4,4
GEN24_1097618,3,3,4,3
GEN24_1097622,4,4,4,4
GEN24_1097637,4,3,4,4
GEN24_1097638,4,4,4,4
GEN24_1097640,4,4,4,4
GEN24_1097642,4,4,4,4
GEN24_1097660,4,4,4,4
GEN24_1097661,4,4,4,4
GEN24_1097666,4,4,4,4
GEN24_1097670,4,4,4,4
GEN24_1097671,4,4,4,4
GEN24_1097681,4,4,4,4
GEN24_1097682,3,4,4,4
GEN24_1097685,4,4,4,4
GEN24_1097687,4,4,4,4
GEN24_1097689,4,3,4,3
GEN24_1097699,4,4,4,4
GEN24_1097704,4,4,4,3
GEN24_1097706,4,4,4,4
GEN24_1097707,3,4,4,4
GEN24_1097711,4,4,4,4
GEN24_1097716,4,4,4,4
GEN24_1097719,4,4,4,4
GEN24_1097721,4,4,4,4
GEN24_1097729,4,4,4,4
GEN24_1097735,4,4,4,4
GEN24_1097737,4,4,4,4
GEN24_1097750,4,4,4,4
GEN24_1097751,4,4,4,4
GEN24_1097763,4,4,4,4
GEN24_1097764,4,4,4,4
GEN24_1097768,3,3,4,4
GEN24_1097770,1,1,4,4
GEN24_1097799,4,4,4,4
GEN24_1097805,4,4,4,4
GEN24_1097815,4,4,4,2
GEN24_1097819,4,4,4,3
GEN24_1097826,4,4,4,4
GEN24_1097831,4,4,4,4
GEN24_1097835,3,4,4,4
GEN24_1097838,4,4,4,4
GEN24_1097878,4,4,4,4
GEN24_1097882,4,4,4,4
GEN24_1097887,4,4,4,3
GEN24_1097897,4,3,3,3
GEN24_1097912,4,4,3,4
GEN24_1097922,4,4,4,4
GEN24_1097925,4,4,4,4
GEN24_1097942,4,4,4,4
GEN24_1097961,4,4,4,4
GEN24_1097980,4,4,4,4
GEN24_1097986,4,3,4,4
GEN24_1097992,4,4,4,4
GEN24_1097997,4,4,4,4
GEN24_1097999,4,4,4,4
GEN24_1098000,4,4,4,3
GEN24_1098005,4,4,4,4
GEN24_1098012,4,4,4,4
GEN24_1098013,4,4,3,4
GEN24_1098020,4,4,3,4
GEN24_1098026,4,4,4,4
GEN24_1098028,4,4,4,4
GEN24_1098037,4,4,4,4
GEN24_1098038,4,4,4,4
GEN24_1098040,4,3,3,4
GEN24_1098050,4,4,4,4
GEN24_1098059,4,4,4,4
GEN24_1098060,4,4,4,4
GEN24_1098067,4,4,4,4
GEN24_1098070,4,4,4,4
GEN24_1098091,4,2,4,4
GEN24_1098095,4,4,4,4
GEN24_1098097,4,4,2,4
GEN24_1098160,4,3,4,4
GEN24_1098161,4,4,4,4
GEN24_1098162,4,4,4,3
GEN24_1098164,4,4,4,4
GEN24_1098168,4,4,4,4
GEN24_1098172,4,4,4,4
GEN24_1098189,4,4,4,4
GEN24_1098194,4,4,4,4
GEN24_1098213,4,4,4,4
GEN24_1098215,3,4,4,4
GEN24_1098219,4,4,4,3
GEN24_1098222,4,4,4,3
GEN24_1098225,4,4,4,4
GEN24_1098228,4,4,4,3
GEN24_1098232,4,4,4,4
GEN24_1098247,4,4,4,4
GEN24_1098251,4,4,4,4
GEN24_1098252,4,4,4,4
GEN24_1098260,4,4,4,4
GEN24_1098261,4,4,4,4
GEN24_1098262,4,4,4,4
GEN24_1098272,4,4,4,4
GEN24_1098289,4,4,4,4
GEN24_1098318,4,4,4,4
GEN24_1098322,4,4,4,4
GEN24_1098332,4,4,4,4
GEN24_1098333,4,4,4,4
GEN24_1098335,4,4,4,4
GEN24_1098340,4,4,4,4
GEN24_1098341,4,4,4,4
GEN24_1098345,4,4,4,4
GEN24_1098356,4,4,4,4
GEN24_1098357,4,4,4,4
GEN24_1098358,4,4,3,3
GEN24_1098359,3,4,4,3
GEN24_1098360,4,4,3,3
GEN24_1098361,4,4,4,3
GEN24_1098363,4,4,4,4
GEN24_1098367,4,3,4,4
GEN24_1098371,4,3,3,4
GEN24_1098372,4,4,4,4
GEN24_1098375,4,4,4,4
GEN24_1098379,4,4,4,3
GEN24_1098380,4,4,4,4
GEN24_1098389,4,4,4,4
GEN24_1098406,4,4,4,4
GEN24_1098410,4,4,4,4
GEN24_1098411,4,4,4,4
GEN24_1098435,4,4,4,4
GEN24_1098442,4,4,4,4
GEN24_1098443,4,4,4,4
GEN24_1098445,4,4,4,4
GEN24_1098446,4,3,4,4
GEN24_1098450,4,4,4,4
GEN24_1098453,4,4,4,4
GEN24_1098456,4,4,3,4
GEN24_1098465,4,4,4,4
GEN24_1098468,4,4,4,4
GEN24_1098481,4,3,3,4
GEN24_1098495,4,4,4,4
GEN24_1098509,4,4,4,4
GEN24_1098510,4,4,4,4
GEN24_1098513,4,4,4,4
GEN24_1098518,3,3,4,4
GEN24_1098529,4,4,3,4
GEN24_1098533,4,3,4,4
GEN24_1098534,4,4,4,4
GEN24_1098543,4,4,4,4
GEN24_1098546,4,4,4,4
GEN24_1098554,4,3,3,4
GEN24_1098560,4,4,4,4
GEN24_1098580,4,4,3,4
GEN24_1098581,4,4,4,4
GEN24_1098590,4,4,4,4
GEN24_1098591,4,4,4,4
GEN24_1098592,4,4,3,4
GEN24_1098593,4,4,4,4
GEN24_1098597,4,4,3,3
GEN24_1098600,4,4,4,4
GEN24_1098603,4,4,4,4
GEN24_1098640,4,4,4,4
GEN24_1098645,4,4,4,3
GEN24_1098648,4,4,4,3
GEN24_1098669,4,4,4,4
GEN24_1098671,4,4,4,4
GEN24_1098679,4,4,4,4
GEN24_1098680,4,3,4,4
GEN24_1098685,4,4,4,4
GEN24_1098687,4,4,4,4
GEN24_1098690,4,3,4,4
GEN24_1098692,4,4,3,4
GEN24_1098713,4,4,4,4
GEN24_1098723,4,4,2,3
GEN24_1098726,4,4,4,4
GEN24_1098736,4,4,4,4
GEN24_1098737,4,4,4,4
GEN24_1098740,4,4,4,4
GEN24_1098741,4,4,4,4
GEN24_1098750,4,4,4,4
GEN24_1098751,4,4,4,2
GEN24_1098753,4,4,4,4
GEN24_1098760,4,4,4,3
GEN24_1098771,4,4,4,4
GEN24_1098775,4,4,4,4
GEN24_1098777,4,4,4,4
GEN24_1098787,4,4,4,4
GEN24_1098788,4,3,4,4
GEN24_1098790,4,4,4,4
GEN24_1098792,4,4,4,4
GEN24_1098794,4,4,4,4
GEN24_1098797,4,4,4,4
GEN24_1098801,4,4,4,4
GEN24_1098805,4,4,4,4
GEN24_1098808,4,4,4,4
GEN24_1098809,4,4,4,4
GEN24_1098816,4,4,4,4
GEN24_1098824,4,4,4,4
GEN24_1098825,4,4,4,4
GEN24_1098849,4,4,4,4
GEN24_1098853,4,4,4,4
GEN24_1098857,4,3,4,4
GEN24_1098858,4,4,4,3
GEN24_1098867,4,4,4,4
GEN24_1098868,4,4,4,4
GEN24_1098872,4,4,4,4
GEN24_1098884,3,3,3,3
GEN24_1098892,4,4,4,3
GEN24_1098893,4,4,4,4
GEN24_1098899,2,4,4,4
GEN24_1098904,3,4,3,4
GEN24_1098908,4,4,4,4
GEN24_1098909,4,4,4,4
GEN24_1098911,4,3,4,4
GEN24_1098919,4,4,4,4
GEN24_1098927,4,4,4,4
GEN24_1098932,4,4,4,4
GEN24_1098935,1,1,1,1
GEN24_1098937,4,4,4,4
GEN24_1098942,4,4,4,4
GEN24_1098953,4,4,4,4
GEN24_1098957,2,4,4,3
GEN24_1098960,4,4,4,4
GEN24_1098961,4,4,4,4
GEN24_1098976,4,4,4,4
GEN24_1098978,4,4,4,4
GEN24_1098980,4,4,4,4
GEN24_1098985,4,4,4,4
GEN24_1098987,3,3,3,3
GEN24_1098991,4,4,4,4
GEN24_1098996,4,4,4,4
GEN24_1099006,3,3,4,4
GEN24_1099008,4,4,4,3
GEN24_1099016,4,4,4,4
GEN24_1099019,4,4,4,4
GEN24_1099021,4,3,4,4
GEN24_1099026,4,4,4,3
GEN24_1099030,4,4,4,3
GEN24_1099037,4,4,4,4
GEN24_1099042,4,4,4,4
GEN24_1099049,4,4,4,4
GEN24_1099063,4,4,4,4
GEN24_1099068,4,4,4,4
GEN24_1099082,4,4,4,4
GEN24_1099084,4,4,4,4
GEN24_1099088,4,4,4,3
GEN24_1099097,3,4,4,4
GEN24_1099105,4,4,4,4
GEN24_1099117,4,4,4,4
GEN24_1099120,4,4,4,4
GEN24_1099138,4,4,4,4
GEN24_1099140,4,4,4,4
GEN24_1099143,4,3,4,4
GEN24_1099144,4,4,4,4
GEN24_1099145,4,4,4,4
GEN24_1099158,4,4,4,4
GEN24_1099165,4,4,4,4
GEN24_1099172,4,4,4,4
GEN24_1099180,4,4,4,4
GEN24_1099190,4,4,4,4
GEN24_1099197,4,4,4,4
GEN24_1099235,4,4,4,4
GEN24_1099236,4,4,3,3
GEN24_1099237,4,4,4,4
GEN24_1099238,4,4,4,4
GEN24_1099248,4,4,4,4
GEN24_1099254,4,3,4,4
GEN24_1099266,4,4,4,4
GEN24_1099269,4,3,4,4
GEN24_1099274,4,4,3,4
GEN24_1099278,4,4,4,4
GEN24_1099283,4,4,4,4
GEN24_1099284,4,4,4,4
GEN24_1099290,4,4,4,3
GEN24_1099291,4,4,4,4
GEN24_1099293,4,4,3,4
GEN24_1099301,4,4,4,4
GEN24_1099302,4,4,4,4
GEN24_1099306,4,4,4,4
GEN24_1099307,4,4,4,4
GEN24_1099325,4,4,4,4
GEN24_1099326,4,4,4,4
GEN24_1099335,4,4,4,4
GEN24_1099340,4,4,4,4
GEN24_1099344,4,4,4,4
GEN24_1099356,4,4,4,3
GEN24_1099361,4,3,4,4
GEN24_1099368,4,4,4,4
GEN24_1099381,4,4,4,2
GEN24_1099386,4,4,4,4
GEN24_1099389,4,4,4,4
GEN24_1099391,4,4,4,4
GEN24_1099397,4,4,4,4
GEN24_1099411,4,4,4,4
GEN24_1099414,4,4,4,4
GEN24_1099416,4,4,4,4
GEN24_1099418,4,4,4,4
GEN24_1099424,4,4,4,4
GEN24_1099427,4,4,4,4
GEN24_1099429,4,4,4,4
GEN24_1099445,4,4,4,4
GEN24_1099446,4,4,4,4
GEN24_1099459,4,4,4,4
GEN24_1099461,4,4,4,4
GEN24_1099468,4,4,4,4
GEN24_1099472,4,4,4,4
GEN24_1099474,4,4,4,4
GEN24_1099477,4,4,4,4
GEN24_1099481,4,4,3,4
GEN24_1099483,4,4,4,4
GEN24_1099491,4,4,4,4
GEN24_1099495,4,4,4,4
GEN24_1099503,4,4,4,4
GEN24_1099531,4,4,4,4
GEN24_1099541,4,4,4,4
GEN24_1099549,4,4,3,4
GEN24_1099574,3,4,4,3
GEN24_1099586,4,4,4,4
GEN24_1099590,4,4,4,4
GEN24_1099592,4,4,4,3
GEN24_1099595,4,4,4,4
GEN24_1099596,4,4,4,4
GEN24_1099600,4,4,4,4
GEN24_1099607,4,4,4,4
GEN24_1099619,4,4,4,4
GEN24_1099621,4,3,4,4
GEN24_1099624,4,4,4,4
GEN24_1099629,4,4,3,3
GEN24_1099635,4,4,4,4
GEN24_1099641,4,4,4,4
GEN24_1099644,4,4,4,4
GEN24_1099647,4,4,4,4
GEN24_1099656,4,4,4,3
GEN24_1099658,4,4,4,4
GEN24_1099661,4,4,4,4
GEN24_1099662,4,4,4,4
GEN24_1099667,3,4,4,3
GEN24_1099676,4,4,4,4
GEN24_1099703,2,3,3,4
GEN24_1099707,4,4,4,4
GEN24_1099713,4,4,4,4
GEN24_1099718,4,4,4,4
GEN24_1099737,4,4,4,4
GEN24_1099739,4,3,4,2
GEN24_1099741,4,4,4,4
GEN24_1099745,4,4,4,4
GEN24_1099747,3,4,3,4
GEN24_1099750,4,4,4,4
GEN24_1099758,4,4,4,4
GEN24_1099772,4,3,4,3
GEN24_1099773,4,4,2,2
GEN24_1099785,4,4,4,4
GEN24_1099793,4,4,4,4
GEN24_1099797,4,4,4,4
GEN24_1099799,4,4,4,4
GEN24_1099801,4,4,4,3
GEN24_1099805,4,4,4,4
GEN24_1099806,4,4,4,4
GEN24_1099809,4,4,4,4
GEN24_1099812,4,4,4,4
GEN24_1099816,4,4,4,4
GEN24_1099817,4,4,4,4
GEN24_1099819,4,4,4,4
GEN24_1099830,4,4,4,4
GEN24_1099840,4,4,4,3
GEN24_1099845,4,4,4,4
GEN24_1099846,4,4,4,4
GEN24_1099854,4,4,4,4
GEN24_1099855,4,4,4,4
GEN24_1099859,4,4,3,4
GEN24_1099860,4,4,4,3
GEN24_1099866,4,4,4,4
GEN24_1099867,3,4,4,4
GEN24_1099884,4,4,4,4
GEN24_1099889,4,4,4,4
GEN24_1099890,4,4,4,4
GEN24_1099896,4,4,3,4
GEN24_1099903,4,4,4,4
GEN24_1099906,4,4,4,4
GEN24_1099919,4,4,4,4
GEN24_1099924,4,4,4,4
GEN24_1099938,4,4,3,3
GEN24_1099956,4,4,4,4
GEN24_1099958,4,4,4,4
GEN24_1099959,4,4,4,4
GEN24_1099965,4,4,4,4
GEN24_1099966,4,4,4,4
GEN24_1099967,4,4,4,4
GEN24_1099974,3,4,4,4
GEN24_1099975,4,4,3,3
GEN24_1099982,4,4,4,4
GEN24_1099988,4,4,4,4
GEN24_1099993,4,4,4,4
GEN24_1099998,4,4,4,4
GEN24_1100008,4,4,3,3
GEN24_1100010,4,4,4,4
GEN24_1100016,4,4,4,4
GEN24_1100025,4,4,4,4
GEN24_1100028,4,4,4,4
GEN24_1100031,4,4,4,4
GEN24_1100034,4,4,4,4
GEN24_1100040,4,4,4,4
GEN24_1100043,4,4,4,4
GEN24_1100048,4,4,4,4
GEN24_1100052,4,4,4,4
GEN24_1100056,4,3,3,4
GEN24_1100058,4,4,4,4
GEN24_1100060,4,4,4,4
GEN24_1100061,4,4,4,3
GEN24_1100074,4,4,4,3
GEN24_1100079,4,4,4,3
GEN24_1100080,4,4,4,4
GEN24_1100082,4,4,4,4
GEN24_1100083,4,4,4,3
GEN24_1100088,4,4,4,4
GEN24_1100094,4,4,4,3
GEN24_1100106,4,4,4,4
GEN24_1100107,4,4,4,4
GEN24_1100110,4,4,4,4
GEN24_1100111,4,4,4,4
GEN24_1100128,4,4,4,3
GEN24_1100139,4,4,4,4
GEN24_1100149,4,4,4,3
GEN24_1100151,3,4,3,1
GEN24_1100164,4,4,4,4
GEN24_1100170,4,4,4,4
GEN24_1100176,4,4,4,4
GEN24_1100178,4,4,4,4
GEN24_1100180,4,4,4,4
GEN24_1100192,4,4,4,4
GEN24_1100193,4,4,4,4
GEN24_1100195,4,4,4,4
GEN24_1100196,4,4,4,4
GEN24_1100201,4,4,4,4
GEN24_1100206,4,4,4,4
GEN24_1100213,4,4,3,4
GEN24_1100227,4,4,4,4
GEN24_1100230,4,4,4,4
GEN24_1100243,4,4,4,4
GEN24_1100247,4,4,4,3
GEN24_1100256,4,4,4,4
GEN24_1100258,4,4,4,4
GEN24_1100259,4,4,4,4
GEN24_1100264,4,4,4,4
GEN24_1100290,4,4,4,4
GEN24_1100300,4,4,4,4
GEN24_1100311,4,4,4,4
GEN24_1100321,4,4,4,4
GEN24_1100325,3,4,4,4
GEN24_1100329,4,4,4,4
GEN24_1100331,4,4,4,4
GEN24_1100337,4,4,4,4
GEN24_1100343,4,4,4,4
GEN24_1100347,4,4,4,4
GEN24_1100350,4,4,4,4
GEN24_1100372,1,1,1,1
GEN24_1100374,4,4,4,4
GEN24_1100376,4,4,4,4
GEN24_1100382,4,4,4,4
GEN24_1100384,4,4,4,4
GEN24_1100386,4,4,4,4
GEN24_1100396,4,4,4,4
GEN24_1100400,4,4,4,4
GEN24_1100401,4,4,4,4
GEN24_1100409,4,4,4,4
GEN24_1100412,4,4,4,4
GEN24_1100415,4,4,4,4
GEN24_1100424,4,4,4,3
GEN24_1100425,4,4,4,4
GEN24_1100432,3,4,4,2
GEN24_1100433,4,4,4,4
GEN24_1100446,4,4,4,4
GEN24_1100451,4,4,4,4
GEN24_1100455,4,4,4,4
GEN24_1100463,4,4,4,4
GEN24_1100465,4,4,3,4
GEN24_1100468,3,4,4,4
GEN24_1100472,4,4,4,4
GEN24_1100480,4,4,3,4
GEN24_1100484,4,4,4,4
GEN24_1100495,4,4,4,4
GEN24_1100500,4,4,4,4
GEN24_1100501,4,4,4,4
GEN24_1100505,4,4,4,4
GEN24_1100512,4,4,4,4
GEN24_1100519,4,4,3,4
GEN24_1100520,3,3,4,3
GEN24_1100521,4,4,4,4
GEN24_1100525,4,4,4,4
GEN24_1100531,4,4,4,4
GEN24_1100548,4,4,4,4
GEN24_1100554,4,4,4,4
GEN24_1100563,4,4,4,4
GEN24_1100570,4,4,4,4
GEN24_1100579,3,3,4,3
GEN24_1100582,4,4,4,4
GEN24_1100584,3,3,4,3
GEN24_1100587,4,4,4,4
GEN24_1100610,4,4,4,4
GEN24_1100615,4,4,4,4
GEN24_1100622,4,4,4,4
GEN24_1100624,4,4,4,4
GEN24_1100626,4,4,4,4
GEN24_1100630,4,4,3,4
GEN24_1100631,4,4,4,4
GEN24_1100632,4,4,4,4
GEN24_1100634,4,4,4,4
GEN24_1100635,4,4,4,4
GEN24_1100636,4,4,4,4
GEN24_1100643,4,4,4,3
GEN24_1100645,4,4,4,4
GEN24_1100648,4,4,4,4
GEN24_1100658,4,4,4,4
GEN24_1100659,4,4,4,4
GEN24_1100660,4,4,4,4
GEN24_1100666,4,4,4,4
GEN24_1100667,3,4,4,4
GEN24_1100675,4,4,4,4
GEN24_1100679,4,4,4,4
GEN24_1100684,4,4,4,4
GEN24_1100686,3,4,3,4
GEN24_1100691,3,4,4,4
GEN24_1100692,4,4,4,4
GEN24_1100695,4,4,4,4
GEN24_1100698,4,4,3,4
GEN24_1100713,4,4,4,4
GEN24_1100715,4,4,4,4
GEN24_1100717,4,4,4,4
GEN24_1100731,4,4,4,4
GEN24_1100732,4,4,4,4
GEN24_1100733,4,4,4,3
GEN24_1100738,3,4,3,4
GEN24_1100755,4,4,4,4
GEN24_1100770,4,4,4,4
GEN24_1100772,4,4,4,4
GEN24_1100774,4,4,4,4
GEN24_1100779,4,4,4,4
GEN24_1100783,4,4,4,4
GEN24_1100795,4,4,4,4
GEN24_1100804,4,4,4,4
GEN24_1100811,4,4,3,4
GEN24_1100813,4,4,4,4
GEN24_1100821,4,4,4,4
GEN24_1100827,4,4,4,4
GEN24_1100839,4,4,4,4
GEN24_1100842,4,4,4,4
GEN24_1100849,4,4,4,4
GEN24_1100862,4,4,4,3
GEN24_1100864,4,4,3,4
GEN24_1100880,4,4,4,1
GEN24_1100884,4,4,4,4
GEN24_1100900,4,4,4,4
GEN24_1100903,4,3,3,2
GEN24_1100905,4,4,4,4
GEN24_1100906,3,4,4,4
GEN24_1100908,4,4,4,3
GEN24_1100909,4,3,4,3
GEN24_1100924,4,4,4,4
GEN24_1100927,4,4,4,4
GEN24_1100929,4,4,4,4
GEN24_1100933,4,4,4,4
GEN24_1100935,4,4,4,4
GEN24_1100938,4,4,4,3
GEN24_1100942,4,4,4,4
GEN24_1100946,3,3,4,4
GEN24_1100948,4,3,3,3
GEN24_1100949,4,4,4,4
GEN24_1100951,4,4,4,4
GEN24_1100956,4,4,3,4
GEN24_1100961,4,4,4,4
GEN24_1100971,4,4,4,4
GEN24_1100981,4,4,4,4
GEN24_1100991,4,4,4,4
GEN24_1101002,4,4,4,4
GEN24_1101010,4,3,4,4
GEN24_1101023,4,4,4,4
GEN24_1101028,4,4,4,3
GEN24_1101031,4,4,4,4
GEN24_1101040,4,4,4,4
GEN24_1101042,4,4,4,4
GEN24_1101043,4,4,4,4
GEN24_1101067,4,4,4,4
GEN24_1101069,3,3,3,4
GEN24_1101077,4,4,4,4
GEN24_1101080,4,4,4,4
GEN24_1101085,4,4,4,4
GEN24_1101087,4,3,4,4
GEN24_1101091,4,4,4,4
GEN24_1101092,4,4,4,4
GEN24_1101102,4,4,4,4
GEN24_1101106,4,4,3,4
GEN24_1101114,4,4,4,4
GEN24_1101125,4,4,4,4
GEN24_1101126,4,4,4,4
GEN24_1101129,4,4,4,3
GEN24_1101137,4,4,4,4
GEN24_1101138,4,4,4,4
GEN24_1101139,4,4,4,3
GEN24_1101140,4,4,4,4
GEN24_1101141,4,4,4,4
GEN24_1101142,4,4,4,4
GEN24_1101144,4,4,3,4
GEN24_1101149,4,4,3,4
GEN24_1101151,4,4,4,3
GEN24_1101162,4,4,4,4
GEN24_1101167,4,3,4,4
GEN24_1101168,4,4,4,3
GEN24_1101171,4,4,4,4
GEN24_1101173,4,4,4,4
GEN24_1101197,4,3,3,3
GEN24_1101203,4,4,4,4
GEN24_1101204,4,4,4,4
GEN24_1101218,4,4,4,4
GEN24_1101219,4,4,4,4
GEN24_1101227,4,4,4,4
GEN24_1101228,4,4,4,4
GEN24_1101231,4,4,4,4
GEN24_1101232,4,4,4,4
GEN24_1101234,4,4,4,4
GEN24_1101244,3,4,3,4
GEN24_1101249,4,4,4,4
GEN24_1101251,4,4,4,4
GEN24_1101257,4,4,4,4
GEN24_1101261,4,4,2,4
GEN24_1101265,4,4,4,4
GEN24_1101269,4,4,4,4
GEN24_1101271,4,4,4,4
GEN24_1101274,4,4,4,4
GEN24_1101278,4,4,4,4
GEN24_1101280,4,4,4,4
GEN24_1101282,4,4,3,4
GEN24_1101286,4,3,4,4
GEN24_1101289,4,4,4,4
GEN24_1101291,4,4,4,4
GEN24_1101292,4,4,4,4
GEN24_1101297,4,3,4,4
GEN24_1101301,1,1,1,1
GEN24_1101302,4,4,4,4
GEN24_1101307,4,4,4,4
GEN24_1101310,4,4,4,4
GEN24_1101311,4,4,4,4
GEN24_1101317,4,4,4,4
GEN24_1101318,4,4,4,3
GEN24_1101320,4,4,4,4
GEN24_1101326,4,4,4,4
GEN24_1101328,4,4,4,4
GEN24_1101329,4,4,4,4
GEN24_1101343,4,4,4,4
GEN24_1101354,4,4,4,4
GEN24_1101356,4,4,4,4
GEN24_1101358,4,4,4,3
GEN24_1101360,4,4,4,4
GEN24_1101362,4,4,4,4
GEN24_1101366,4,4,4,4
GEN24_1101374,4,4,4,4
GEN24_1101389,4,4,4,4
GEN24_1101393,3,4,4,4
GEN24_1101395,4,4,4,3
GEN24_1101401,4,4,4,4
GEN24_1101403,1,4,2,3
GEN24_1101405,4,4,4,4
GEN24_1101410,4,3,4,4
GEN24_1101412,4,3,4,4
GEN24_1101416,4,4,4,4
GEN24_1101419,4,4,4,4
GEN24_1101425,4,4,4,4
GEN24_1101430,4,4,4,4
GEN24_1101443,4,4,4,3
GEN24_1101451,4,4,4,3
GEN24_1101455,4,4,4,4
GEN24_1101459,4,4,4,4
GEN24_1101462,4,4,4,4
GEN24_1101464,4,4,4,4
GEN24_1101465,4,4,4,4
GEN24_1101470,4,4,4,4
GEN24_1101471,4,4,4,4
GEN24_1101479,4,4,4,4
GEN24_1101482,4,3,4,3
GEN24_1101487,4,4,4,4
GEN24_1101488,3,3,4,4
GEN24_1101499,4,4,4,4
GEN24_1101503,4,4,4,4
GEN24_1101512,4,4,4,4
GEN24_1101514,4,4,4,4
GEN24_1101517,4,4,3,4
GEN24_1101526,4,4,4,4
GEN24_1101527,4,4,4,4
GEN24_1101529,4,4,4,4
GEN24_1101532,4,4,3,2
GEN24_1101533,4,4,4,4
GEN24_1101534,4,4,4,4
GEN24_1101537,4,4,4,4
GEN24_1101538,4,4,4,4
GEN24_1101539,4,3,4,4
GEN24_1101552,4,4,4,4
GEN24_1101555,4,4,4,4
GEN24_1101558,4,4,4,4
GEN24_1101561,4,3,4,4
GEN24_1101562,4,4,4,4
GEN24_1101564,4,4,4,4
GEN24_1101568,4,4,4,4
GEN24_1101569,4,4,4,4
GEN24_1101571,3,4,4,4
GEN24_1101579,2,4,4,2
GEN24_1101580,4,4,4,4
GEN24_1101583,4,4,4,4
GEN24_1101584,4,4,4,4
GEN24_1101591,4,4,4,3
GEN24_1101598,4,4,4,4
GEN24_1101602,4,4,4,4
GEN24_1101612,4,4,4,4
GEN24_1101615,4,4,4,4
GEN24_1101616,4,4,4,4
GEN24_1101624,4,2,4,2
GEN24_1101627,4,4,4,4
GEN24_1101628,4,4,4,4
GEN24_1101634,4,4,4,4
GEN24_1101640,4,4,4,4
GEN24_1101648,3,4,4,2
GEN24_1101650,4,4,3,3
GEN24_1101651,4,4,4,4
GEN24_1101660,4,4,4,4
GEN24_1101670,4,4,4,4
GEN24_1101678,4,4,4,4
GEN24_1101690,4,4,4,4
GEN24_1101710,4,4,4,4
GEN24_1101711,4,4,4,4
GEN24_1101712,3,2,3,4
GEN24_1101718,4,4,4,4
GEN24_1101730,4,4,4,4
GEN24_1101731,4,4,4,4
GEN24_1101734,4,4,4,4
GEN24_1101737,4,4,4,4
GEN24_1101757,4,4,4,3
GEN24_1101772,4,4,4,4
GEN24_1101773,4,4,4,4
GEN24_1101776,4,4,4,4
GEN24_1101787,4,4,4,4
GEN24_1101789,4,4,4,4
GEN24_1101792,4,4,4,4
GEN24_1101794,4,4,4,4
GEN24_1101799,4,4,4,4
GEN24_1101811,4,4,4,4
GEN24_1101816,4,4,4,4
GEN24_1101817,4,4,4,4
GEN24_1101824,4,4,4,4
GEN24_1101827,4,4,4,4
GEN24_1101831,4,4,4,4
GEN24_1101844,4,4,4,4
GEN24_1101851,4,4,4,4
GEN24_1101854,3,3,3,3
GEN24_1101864,4,4,4,4
GEN24_1101870,4,4,4,4
GEN24_1101874,4,4,4,4
GEN24_1101881,4,4,4,4
GEN24_1101887,4,4,4,3
GEN24_1101891,4,4,4,4
GEN24_1101892,4,4,4,4
GEN24_1101895,4,4,4,4
GEN24_1101901,4,4,4,4
GEN24_1101907,4,4,4,4
GEN24_1101910,4,4,4,4
GEN24_1101918,4,4,4,4
GEN24_1101919,4,4,4,4
GEN24_1101928,4,4,4,4
GEN24_1101929,4,4,4,3
GEN24_1101936,4,4,4,4
GEN24_1101949,4,4,4,3
GEN24_1101953,4,4,4,4
GEN24_1101957,4,4,4,4
GEN24_1101959,4,4,4,4
GEN24_1101966,4,4,4,4
GEN24_1101970,4,4,4,4
GEN24_1101981,3,4,3,4
GEN24_1101998,4,4,4,4
GEN24_1102004,4,4,4,4
GEN24_1102012,4,4,3,4
GEN24_1102014,4,4,4,4
GEN24_1102016,4,4,4,4
GEN24_1102024,4,4,4,4
GEN24_1102025,4,4,4,4
GEN24_1102027,4,4,4,4
GEN24_1102031,4,4,4,4
GEN24_1102034,4,4,4,4
GEN24_1102036,4,4,4,4
GEN24_1102039,3,4,4,3
GEN24_1102040,4,4,4,4
GEN24_1102052,4,4,4,4
GEN24_1102054,4,4,4,3
GEN24_1102056,4,4,4,4
GEN24_1102059,4,4,4,4
GEN24_1102064,4,4,4,4
GEN24_1102078,4,4,4,4
GEN24_1102082,4,4,4,4
GEN24_1102087,4,4,4,3
GEN24_1102090,4,4,4,4
GEN24_1102096,4,4,4,4
GEN24_1102098,4,4,4,4
GEN24_1102104,4,3,4,3
GEN24_1102109,4,4,4,4
GEN24_1102111,4,4,4,4
GEN24_1102114,4,3,3,3
GEN24_1102116,4,4,4,3
GEN24_1102117,4,4,4,4
GEN24_1102118,4,3,4,4
GEN24_1102119,4,4,4,4
GEN24_1102141,3,2,4,4
GEN24_1102144,4,4,4,4
GEN24_1102150,4,4,4,4
GEN24_1102152,4,4,4,4
GEN24_1102161,4,4,4,4
GEN24_1102164,4,4,4,4
GEN24_1102166,4,4,4,4
GEN24_1102171,4,4,4,4
GEN24_1102182,4,3,4,3
GEN24_1102186,4,4,4,4
GEN24_1102189,4,4,4,4
GEN24_1102196,4,4,3,3
GEN24_1102197,4,4,4,4
GEN24_1102201,4,4,4,4
GEN24_1102202,4,4,3,4
GEN24_1102203,4,4,4,4
GEN24_1102212,4,4,4,4
GEN24_1102227,4,4,4,4
GEN24_1102236,4,4,4,2
GEN24_1102237,4,3,4,3
GEN24_1102240,4,3,4,4
GEN24_1102254,4,4,3,4
GEN24_1102259,4,4,3,4
GEN24_1102261,4,4,4,4
GEN24_1102268,4,4,4,4
GEN24_1102269,4,4,4,4
GEN24_1102287,4,4,4,4
GEN24_1102292,4,4,4,4
GEN24_1102297,4,4,4,4
GEN24_1102298,4,4,4,4
GEN24_1102300,4,4,4,3
GEN24_1102309,4,4,4,4
GEN24_1102325,4,4,4,4
GEN24_1102336,4,4,4,3
GEN24_1102339,4,2,3,4
GEN24_1102342,4,4,4,4
GEN24_1102345,4,4,4,4
GEN24_1102351,3,4,4,2
GEN24_1102354,4,4,4,4
GEN24_1102357,4,4,4,4
GEN24_1102362,4,4,3,4
GEN24_1102363,4,4,4,4
GEN24_1102368,4,4,4,4
GEN24_1102369,3,3,4,3
GEN24_1102372,4,4,4,4
GEN24_1102374,4,3,4,4
GEN24_1102377,4,4,4,4
GEN24_1102397,4,4,4,4
GEN24_1102407,4,4,4,4
GEN24_1102410,4,4,4,4
GEN24_1102414,4,4,4,4
GEN24_1102416,4,4,4,3
GEN24_1102424,4,4,4,4
GEN24_1102431,4,4,3,4
GEN24_1102437,4,4,4,4
GEN24_1102450,4,4,4,4
GEN24_1102453,4,4,4,4
GEN24_1102467,4,4,4,4
GEN24_1102474,4,4,4,3
GEN24_1102479,4,4,4,4
GEN24_1102485,4,4,4,4
GEN24_1102497,4,4,4,4
GEN24_1102501,4,4,4,4
GEN24_1102502,4,4,4,4
GEN24_1102503,4,4,4,4
GEN24_1102504,4,4,4,4
GEN24_1102507,4,4,4,4
GEN24_1102512,3,4,4,3
GEN24_1102520,4,4,4,4
GEN24_1102522,4,4,4,4
GEN24_1102523,4,4,4,4
GEN24_1102526,4,4,4,4
GEN24_1102528,4,4,4,4
GEN24_1102529,4,4,4,4
GEN24_1102532,4,3,4,4
GEN24_1102535,4,4,4,4
GEN24_1102537,4,3,3,3
GEN24_1102547,4,3,4,4
GEN24_1102552,4,4,4,4
GEN24_1102559,4,4,4,4
GEN24_1102565,4,4,4,4
GEN24_1102570,4,4,4,4
GEN24_1102576,3,4,4,2
GEN24_1102577,3,4,4,4
GEN24_1102578,4,4,4,4
GEN24_1102581,4,4,4,4
GEN24_1102594,4,4,4,4
GEN24_1102595,4,4,4,4
GEN24_1102600,4,4,4,4
GEN24_1102604,4,4,4,4
GEN24_1102610,4,4,4,4
GEN24_1102620,4,4,4,4
GEN24_1102630,4,4,4,4
GEN24_1102631,4,3,3,3
GEN24_1102650,4,4,4,4
GEN24_1102652,4,4,4,4
GEN24_1102656,4,4,4,4
GEN24_1102667,4,4,4,4
GEN24_1102670,4,4,3,4
GEN24_1102682,4,4,3,4
GEN24_1102695,4,4,4,3
GEN24_1102708,3,4,4,3
GEN24_1102718,4,4,4,3
GEN24_1102746,4,4,4,4
GEN24_1102751,4,4,4,4
GEN24_1102758,4,4,4,4
GEN24_1102759,4,4,4,4
GEN24_1102761,4,4,4,4
GEN24_1102762,4,4,4,3
GEN24_1102765,4,4,3,4
GEN24_1102766,4,4,4,4
GEN24_1102774,4,4,4,4
GEN24_1102776,4,4,4,4
GEN24_1102780,4,4,4,4
GEN24_1102788,4,3,4,2
GEN24_1102790,3,3,3,4
GEN24_1102792,4,4,4,3
GEN24_1102793,2,4,4,3
GEN24_1102795,3,3,4,4
GEN24_1102805,4,4,4,4
GEN24_1102806,4,4,3,4
GEN24_1102810,4,4,4,4
GEN24_1102830,4,4,4,4
GEN24_1102832,4,4,4,4
GEN24_1102834,4,4,4,4
GEN24_1102841,4,4,4,4
GEN24_1102844,4,4,4,4
GEN24_1102845,4,4,4,4
GEN24_1102847,4,4,4,4
GEN24_1102848,4,4,4,4
GEN24_1102852,4,4,4,4
GEN24_1102854,4,4,4,4
GEN24_1102856,4,4,4,4
GEN24_1102858,4,3,3,2
GEN24_1102869,4,4,4,3
GEN24_1102873,4,4,4,4
GEN24_1102875,4,4,4,4
GEN24_1102881,4,4,4,4
GEN24_1102888,4,4,4,4
GEN24_1102889,4,4,4,4
GEN24_1102895,4,4,4,4
GEN24_1102899,4,4,4,4
GEN24_1102911,4,4,4,4
GEN24_1102929,4,3,4,3
GEN24_1102932,4,4,4,4
GEN24_1102944,4,4,4,4
GEN24_1102958,4,4,4,4
GEN24_1102975,3,4,4,4
GEN24_1102977,4,4,4,4
GEN24_1102979,4,3,3,3
GEN24_1102987,4,4,4,4
GEN24_1102995,4,4,4,4
GEN24_1102999,4,4,4,4
GEN24_1103004,4,4,4,4
GEN24_1103011,4,4,4,4
GEN24_1103012,4,4,4,4
GEN24_1103014,4,4,4,4
GEN24_1103025,4,4,4,4
GEN24_1103035,4,4,4,4
GEN24_1103036,4,4,4,4
GEN24_1103039,4,4,4,4
GEN24_1103055,4,4,4,4
GEN24_1103056,4,4,4,4
GEN24_1103062,4,4,4,3
GEN24_1103080,3,4,4,4
GEN24_1103092,4,4,4,4
GEN24_1103093,4,4,4,4
GEN24_1103094,4,4,4,4
GEN24_1103115,4,4,4,4
GEN24_1103132,4,4,4,4
GEN24_1103134,4,4,3,4
GEN24_1103143,4,4,4,4
GEN24_1103145,4,4,4,4
GEN24_1103147,4,4,4,4
GEN24_1103149,4,3,3,3
GEN24_1103155,4,4,4,4
GEN24_1103161,4,4,4,4
GEN24_1103166,4,4,4,4
GEN24_1103172,4,4,4,4
GEN24_1103207,4,4,4,4
GEN24_1103210,4,4,4,4
GEN24_1103222,4,4,4,4
GEN24_1103224,4,4,4,4
GEN24_1103227,4,4,4,4
GEN24_1103238,4,4,3,3
GEN24_1103239,4,4,4,4
GEN24_1103244,4,4,4,4
GEN24_1103250,4,4,4,4
GEN24_1103251,4,4,4,4
GEN24_1103258,4,3,4,4
GEN24_1103259,4,4,4,4
GEN24_1103261,4,4,4,3
GEN24_1103271,4,3,4,4
GEN24_1103273,4,4,4,4
GEN24_1103298,4,4,4,4
GEN24_1103304,4,4,4,4
GEN24_1103306,3,4,4,4
GEN24_1103307,4,4,4,4
GEN24_1103313,4,4,4,4
GEN24_1103334,4,4,4,3
GEN24_1103338,4,4,4,4
GEN24_1103340,3,3,3,4
GEN24_1103342,4,4,4,4
GEN24_1103344,4,4,4,4
GEN24_1103356,4,4,4,4
GEN24_1103362,4,4,4,4
GEN24_1103369,4,4,4,3
GEN24_1103371,4,4,4,4
GEN24_1103375,4,4,4,4
GEN24_1103376,4,4,4,3
GEN24_1103401,4,4,4,3
GEN24_1103419,4,4,4,4
GEN24_1103422,4,4,4,4
GEN24_1103427,4,4,4,4
GEN24_1103428,4,4,4,4
GEN24_1103430,4,4,4,4
GEN24_1103431,4,4,4,4
GEN24_1103433,4,4,4,4
GEN24_1103435,4,4,4,4
GEN24_1103447,4,3,4,4
GEN24_1103449,4,4,4,4
GEN24_1103455,4,4,4,4
GEN24_1103456,4,4,4,4
GEN24_1103465,4,4,4,4
GEN24_1103467,4,4,4,4
GEN24_1103468,4,4,4,4
GEN24_1103477,4,4,4,4
GEN24_1103480,4,4,4,4
GEN24_1103485,4,4,4,4
GEN24_1103490,4,4,4,4
GEN24_1103492,4,4,4,4
GEN24_1103497,4,4,4,4
GEN24_1103500,4,4,4,4
GEN24_1103512,4,4,4,4
GEN24_1103515,4,4,4,4
GEN24_1103518,4,4,4,4
GEN24_1103519,4,4,4,4
GEN24_1103520,4,4,4,4
GEN24_1103521,4,4,4,4
GEN24_1103541,4,4,4,4
GEN24_1103546,4,4,4,4
GEN24_1103548,4,4,4,4
GEN24_1103550,4,4,4,3
GEN24_1103560,4,4,4,3
GEN24_1103564,4,4,4,4
GEN24_1103568,4,4,4,4
GEN24_1103575,4,4,4,4
GEN24_1103586,4,4,4,4
GEN24_1103588,4,4,4,4
GEN24_1103589,4,4,4,4
GEN24_1103596,4,4,4,4
GEN24_1103598,4,4,4,4
GEN24_1103599,4,4,4,3
GEN24_1103604,4,4,4,4
GEN24_1103613,4,4,4,4
GEN24_1103625,4,4,4,3
GEN24_1103630,4,4,4,4
GEN24_1103637,4,4,4,3
GEN24_1103645,4,4,4,4
GEN24_1103647,4,4,4,4
GEN24_1103653,4,4,4,4
GEN24_1103670,4,4,4,4
GEN24_1103674,4,4,4,3
GEN24_1103683,4,4,4,3
GEN24_1103688,4,3,4,4
GEN24_1103690,4,4,4,4
GEN24_1103693,4,4,4,4
GEN24_1103696,4,4,4,4
GEN24_1103698,4,4,4,4
GEN24_1103700,4,4,4,4
GEN24_1103701,4,4,4,4
GEN24_1103702,4,4,4,4
GEN24_1103707,4,4,4,3
GEN24_1103716,4,4,3,4
GEN24_1103717,4,4,4,4
GEN24_1103723,4,4,4,4
GEN24_1103724,4,4,4,3
GEN24_1103734,4,4,4,4
GEN24_1103746,4,4,4,4
GEN24_1103753,3,4,2,2
GEN24_1103759,4,4,4,4
GEN24_1103761,4,4,4,4
GEN24_1103780,4,4,4,4
GEN24_1103797,4,4,4,4
GEN24_1103800,4,4,4,3
GEN24_1103802,4,4,4,4
GEN24_1103807,4,4,4,4
GEN24_1103809,4,4,4,4
GEN24_1103814,4,4,4,4
GEN24_1103815,4,4,4,3
GEN24_1103820,4,3,4,3
GEN24_1103821,4,4,4,3
GEN24_1103827,4,4,4,4
GEN24_1103831,4,4,4,4
GEN24_1103833,4,4,4,4
GEN24_1103837,4,4,4,4
GEN24_1103841,4,2,4,4
GEN24_1103851,4,4,4,4
GEN24_1103861,4,4,4,4
GEN24_1103862,4,4,4,4
GEN24_1103868,4,4,4,4
GEN24_1103882,4,4,4,4
GEN24_1103884,4,3,4,4
GEN24_1103897,4,4,4,4
GEN24_1103910,4,4,4,4
GEN24_1103913,4,4,4,4
GEN24_1103916,4,4,4,4
GEN24_1103925,4,4,4,4
GEN24_1103930,4,4,4,4
GEN24_1103934,4,4,4,4
GEN24_1103938,4,4,4,4
GEN24_1103947,4,4,4,4
GEN24_1103951,4,4,4,4
GEN24_1103965,4,4,4,4
GEN24_1103969,4,4,4,4
GEN24_1103973,4,4,4,4
GEN24_1103974,4,4,4,3
GEN24_1103976,4,4,4,4
GEN24_1103988,4,4,4,4
GEN24_1104009,4,4,4,4
GEN24_1104013,4,4,4,3
GEN24_1104015,4,4,4,4
GEN24_1104037,4,4,4,4
GEN24_1104039,4,4,4,3
GEN24_1104044,4,4,4,4
GEN24_1104047,4,4,3,4
GEN24_1104049,4,4,4,4
GEN24_1104055,4,4,4,4
GEN24_1104056,4,4,3,4
GEN24_1104063,4,4,3,4
GEN24_1104068,4,4,4,4
GEN24_1104074,2,4,4,4
GEN24_1104078,4,4,4,4
GEN24_1104081,4,4,4,4
GEN24_1104082,4,4,4,4
GEN24_1104085,4,4,4,4
GEN24_1104107,4,4,4,4
GEN24_1104108,4,4,4,4
GEN24_1104109,4,4,4,4
GEN24_1104110,4,4,4,4
GEN24_1104117,4,4,4,4
GEN24_1104120,4,4,4,4
GEN24_1104124,4,4,4,4
GEN24_1104131,4,4,4,4
GEN24_1104133,4,4,4,4
GEN24_1104143,4,4,4,2
GEN24_1104150,4,4,4,4
GEN24_1104154,4,4,4,4
GEN24_1104156,4,4,4,4
GEN24_1104159,4,4,4,4
GEN24_1104161,4,4,4,4
GEN24_1104163,4,4,4,4
GEN24_1104164,4,4,4,4
GEN24_1104165,4,4,3,4
GEN24_1104168,4,4,4,3
GEN24_1104174,4,4,4,4
GEN24_1104175,4,4,4,4
GEN24_1104179,4,4,4,4
GEN24_1104180,4,4,4,4
GEN24_1104207,4,4,4,4
GEN24_1104220,4,4,4,4
GEN24_1104222,4,4,4,4
GEN24_1104223,4,4,4,4
GEN24_1104225,4,4,4,4
GEN24_1104226,4,4,4,4
GEN24_1104231,4,4,4,4
GEN24_1104244,4,4,4,4
GEN24_1104246,4,4,4,4
GEN24_1104248,4,4,4,3
GEN24_1104251,3,4,4,3
GEN24_1104256,4,4,4,4
GEN24_1104257,4,4,4,3
GEN24_1104261,4,4,4,4
GEN24_1104264,4,4,4,4
GEN24_1104269,3,4,4,4
GEN24_1104270,4,4,4,4
GEN24_1104304,4,4,4,4
GEN24_1104305,4,4,4,3
GEN24_1104333,4,4,4,4
GEN24_1104354,3,3,3,3
GEN24_1104357,4,4,4,4
GEN24_1104358,4,4,4,4
GEN24_1104359,4,4,4,4
GEN24_1104361,4,4,4,4
GEN24_1104364,4,4,4,4
GEN24_1104381,4,4,4,3
GEN24_1104389,4,4,4,4
GEN24_1104391,4,4,4,4
GEN24_1104406,4,4,4,4
GEN24_1104408,4,4,4,4
GEN24_1104439,4,4,4,4
GEN24_1104452,4,4,4,4
GEN24_1104455,4,4,3,4
GEN24_1104457,4,4,4,4
GEN24_1104466,4,4,4,4
GEN24_1104468,4,4,4,4
GEN24_1104470,4,3,4,4
GEN24_1104474,4,4,4,4
GEN24_1104489,4,2,4,3
GEN24_1104491,4,4,4,4
GEN24_1104494,4,4,4,3
GEN24_1104498,4,4,4,4
GEN24_1104500,4,4,4,4
GEN24_1104508,4,4,4,4
GEN24_1104512,4,4,4,4
GEN24_1104513,4,4,4,4
GEN24_1104514,4,4,4,3
GEN24_1104518,4,4,4,4
GEN24_1104519,4,4,4,4
GEN24_1104521,3,3,4,4
GEN24_1104524,4,4,4,4
GEN24_1104541,4,4,4,4
GEN24_1104545,4,4,4,4
GEN24_1104555,4,4,4,3
GEN24_1104560,4,4,4,4
GEN24_1104575,4,4,3,3
GEN24_1104583,3,4,4,4
GEN24_1104596,3,4,4,4
GEN24_1104600,4,4,4,4
GEN24_1104613,4,4,4,4
GEN24_1104616,4,4,4,4
GEN24_1104623,4,3,4,4
GEN24_1104633,4,3,3,2
GEN24_1104640,4,4,4,4
GEN24_1104646,4,4,4,4
GEN24_1104664,4,4,4,4
GEN24_1104665,4,4,4,4
GEN24_1104671,4,4,4,4
GEN24_1104682,4,4,4,4
GEN24_1104695,4,4,4,4
GEN24_1104696,4,4,4,4
GEN24_1104704,4,4,4,4
GEN24_1104708,4,4,4,4
GEN24_1104711,4,4,4,4
GEN24_1104735,4,4,4,4
GEN24_1104737,4,4,4,3
GEN24_1104763,4,4,4,4
GEN24_1104775,4,2,3,3
GEN24_1104799,4,4,4,4
GEN24_1104805,4,4,4,4
GEN24_1104806,4,4,3,3
GEN24_1104824,4,4,4,3
GEN24_1104825,4,4,4,4
GEN24_1104848,4,4,4,4
GEN24_1104852,4,4,4,4
GEN24_1104853,4,4,4,4
GEN24_1104856,3,4,4,4
GEN24_1104857,4,4,4,4
GEN24_1104863,4,4,4,4
GEN24_1104866,3,3,4,4
GEN24_1104871,4,4,3,3
GEN24_1104874,4,4,4,4
GEN24_1104888,4,4,4,4
GEN24_1104890,4,4,3,4
GEN24_1104900,4,4,4,4
GEN24_1104903,4,4,4,4
GEN24_1104905,4,4,4,4
GEN24_1104906,4,4,4,3
GEN24_1104926,4,4,4,4
GEN24_1104927,4,4,4,3
GEN24_1104928,4,4,4,4
GEN24_1104945,4,3,3,4
GEN24_1104958,4,4,4,4
GEN24_1104962,4,2,4,4
GEN24_1104967,4,4,4,4
GEN24_1104969,4,4,4,4
GEN24_1104982,3,4,3,4
GEN24_1105025,4,4,3,4
GEN24_1105032,4,4,4,4
GEN24_1105033,4,4,4,4
GEN24_1105045,4,4,4,4
GEN24_1105048,4,4,4,4
GEN24_1105049,4,4,4,4
GEN24_1105050,4,4,4,4
GEN24_1105058,4,4,4,4
GEN24_1105075,4,4,4,4
GEN24_1105077,3,4,4,2
GEN24_1105083,4,4,4,4
GEN24_1105092,4,4,4,4
GEN24_1105095,4,4,4,4
GEN24_1105106,4,4,4,4
GEN24_1105107,4,4,4,4
GEN24_1105110,4,4,4,4
GEN24_1105111,4,4,4,4
GEN24_1105114,4,4,4,4
GEN24_1105117,4,4,4,4
GEN24_1105129,4,4,4,4
GEN24_1105154,4,4,4,4
GEN24_1105156,4,4,4,4
GEN24_1105157,3,3,4,3
GEN24_1105171,4,4,4,4
GEN24_1105178,4,4,4,4
GEN24_1105189,4,4,4,4
GEN24_1105193,4,4,4,4
GEN24_1105196,4,4,4,4
GEN24_1105201,4,4,4,4
GEN24_1105204,4,4,4,4
GEN24_1105211,4,4,4,4
GEN24_1105231,4,4,4,4
GEN24_1105237,4,4,4,4
GEN24_1105247,4,4,4,4
GEN24_1105256,4,4,4,4
GEN24_1105257,4,4,4,4
GEN24_1105264,4,4,3,4
GEN24_1105279,4,4,4,4
GEN24_1105280,4,4,3,4
GEN24_1105290,4,4,4,4
GEN24_1105296,4,4,4,4
GEN24_1105299,4,4,4,4
GEN24_1105311,4,4,4,4
GEN24_1105312,4,4,4,4
GEN24_1105322,4,4,4,4
GEN24_1105326,4,4,4,4
GEN24_1105332,4,4,4,4
GEN24_1105344,4,4,4,4
GEN24_1105346,4,4,4,4
GEN24_1105352,4,4,4,4
GEN24_1105366,4,4,4,3
GEN24_1105370,4,4,4,4
GEN24_1105383,4,4,4,4
GEN24_1105397,4,4,4,4
GEN24_1105413,4,4,4,4
GEN24_1105415,4,4,4,4
GEN24_1105426,4,4,3,4
GEN24_1105440,4,4,4,4
GEN24_1105442,4,4,4,4
GEN24_1105443,4,4,4,4
GEN24_1105453,4,4,4,4
GEN24_1105459,4,4,4,4
GEN24_1105464,4,4,4,4
GEN24_1105465,4,4,4,4
GEN24_1105470,4,4,4,3
GEN24_1105471,4,4,4,4
GEN24_1105476,4,4,4,4
GEN24_1105477,4,4,4,4
GEN24_1105480,4,4,4,3
GEN24_1105481,4,4,4,4
GEN24_1105492,4,4,4,4
GEN24_1105498,4,4,4,4
GEN24_1105508,4,4,4,4
GEN24_1105510,4,4,4,3
GEN24_1105512,4,4,4,4
GEN24_1105515,3,4,4,4
GEN24_1105521,3,4,4,4
GEN24_1105546,4,4,4,4
GEN24_1105550,4,4,4,4
GEN24_1105553,4,4,4,4
GEN24_1105564,4,4,4,4
GEN24_1105572,4,4,4,4
GEN24_1105587,4,4,4,4
GEN24_1105588,4,4,4,4
GEN24_1105589,4,4,4,3
GEN24_1105606,3,4,4,4
GEN24_1105609,4,4,4,4
GEN24_1105611,2,4,4,4
GEN24_1105624,4,4,4,4
GEN24_1105633,4,4,4,4
GEN24_1105642,4,4,4,3
GEN24_1105656,4,4,4,4
GEN24_1105659,4,4,3,4
GEN24_1105679,4,4,4,4
GEN24_1105682,4,4,4,4
GEN24_1105683,4,4,4,4
GEN24_1105685,4,4,4,4
GEN24_1105691,4,3,4,4
GEN24_1105696,4,4,3,4
GEN24_1105701,4,4,4,4
GEN24_1105707,4,4,4,4
GEN24_1105710,4,4,4,3
GEN24_1105716,4,4,4,4
GEN24_1105720,4,4,4,4
GEN24_1105731,4,4,4,4
GEN24_1105732,4,4,4,4
GEN24_1105734,4,4,4,4
GEN24_1105764,4,4,4,4
GEN24_1105784,4,4,4,4
GEN24_1105795,4,4,4,4
GEN24_1105800,4,4,4,4
GEN24_1105805,4,4,4,4
GEN24_1105810,4,4,4,4
GEN24_1105811,4,4,4,4
GEN24_1105822,4,4,4,4
GEN24_1105824,4,4,4,4
GEN24_1105825,4,4,4,4
GEN24_1105826,3,4,4,4
GEN24_1105828,4,4,4,4
GEN24_1105834,4,3,4,4
GEN24_1105846,4,4,4,4
GEN24_1105851,4,4,4,4
GEN24_1105854,4,4,4,4
GEN24_1105855,4,4,4,4
GEN24_1105859,4,4,4,3
GEN24_1105863,4,4,4,4
GEN24_1105865,4,4,4,4
GEN24_1105868,4,4,4,4
GEN24_1105875,4,4,4,4
GEN24_1105918,4,3,4,4
GEN24_1105922,4,4,4,4
GEN24_1105930,4,4,4,4
GEN24_1105931,4,2,4,4
GEN24_1105933,4,4,4,3
GEN24_1105935,4,4,4,4
GEN24_1105959,4,4,4,4
GEN24_1105978,4,4,4,4
GEN24_1105980,4,4,4,4
GEN24_1105994,4,4,4,4
GEN24_1106001,4,4,4,4
GEN24_1106004,4,4,4,4
GEN24_1106007,4,4,4,4
GEN24_1106024,4,4,3,4
GEN24_1106051,4,4,4,4
GEN24_1106052,4,4,4,3
GEN24_1106056,4,4,4,4
GEN24_1106061,3,4,4,3
GEN24_1106073,4,4,4,4
GEN24_1106074,4,4,4,4
GEN24_1106091,4,4,4,4
GEN24_1106096,4,3,4,3
GEN24_1106107,4,4,4,4
GEN24_1106122,4,4,4,4
GEN24_1106128,4,4,4,4
GEN24_1106131,4,4,4,4
GEN24_1106134,4,4,4,4
GEN24_1106140,4,4,4,4
GEN24_1106157,4,4,4,4
GEN24_1106165,3,3,4,3
GEN24_1106166,4,3,4,4
GEN24_1106174,4,4,4,4
GEN24_1106175,4,4,3,4
GEN24_1106182,4,4,4,4
GEN24_1106184,4,4,4,4
GEN24_1106213,4,4,3,4
GEN24_1106214,4,4,4,4
GEN24_1106217,4,4,4,4
GEN24_1106226,4,4,4,4
GEN24_1106230,4,4,4,4
GEN24_1106244,4,4,4,4
GEN24_1106246,4,4,4,4
GEN24_1106260,4,4,4,4
GEN24_1106271,3,3,3,4
GEN24_1106275,4,4,3,3
GEN24_1106281,4,4,4,4
GEN24_1106285,4,4,4,3
GEN24_1106292,4,4,4,4
GEN24_1106293,4,4,4,4
GEN24_1106294,4,4,4,4
GEN24_1106296,4,3,4,2
GEN24_1106297,4,4,4,4
GEN24_1106338,4,4,4,4
GEN24_1106339,4,4,4,4
GEN24_1106341,4,4,4,4
GEN24_1106344,4,4,4,4
GEN24_1106354,4,4,4,4
GEN24_1106358,4,4,4,4
GEN24_1106367,4,4,4,4
GEN24_1106377,4,4,4,4
GEN24_1106386,4,4,4,4
GEN24_1106390,4,4,4,4
GEN24_1106415,3,4,4,4
GEN24_1106418,4,4,4,4
GEN24_1106423,4,4,4,4
GEN24_1106432,4,4,4,4
GEN24_1106446,4,4,4,4
GEN24_1106448,4,4,4,4
GEN24_1106451,4,4,4,4
GEN24_1106460,4,4,4,4
GEN24_1106464,4,4,4,4
GEN24_1106465,4,4,4,4
GEN24_1106467,4,4,4,4
GEN24_1106469,4,4,4,4
GEN24_1106473,4,4,4,4
GEN24_1106474,4,4,4,4
GEN24_1106485,4,4,4,4
GEN24_1106489,4,4,4,4
GEN24_1106490,4,4,4,4
GEN24_1106492,4,4,4,4
GEN24_1106497,3,3,4,4
GEN24_1106498,4,4,3,4
GEN24_1106506,4,4,4,4
GEN24_1106526,4,3,4,4
GEN24_1106533,4,4,4,4
GEN24_1106534,3,3,4,4
GEN24_1106535,4,4,4,4
GEN24_1106537,4,4,4,4
GEN24_1106538,4,4,4,4
GEN24_1106543,4,4,4,4
GEN24_1106545,4,4,4,4
GEN24_1106548,2,4,3,3
GEN24_1106550,4,4,4,4
GEN24_1106565,4,4,4,4
GEN24_1106579,4,3,3,3
GEN24_1106583,4,4,4,4
GEN24_1106584,4,4,4,4
GEN24_1106588,4,4,4,4
GEN24_1106589,4,4,4,4
GEN24_1106593,4,4,4,3
GEN24_1106596,4,4,4,4
GEN24_1106598,4,4,4,4
GEN24_1106604,4,4,4,4
GEN24_1106610,4,4,4,3
GEN24_1106620,4,4,3,3
GEN24_1106621,4,4,4,4
GEN24_1106622,4,4,4,3
GEN24_1106623,4,4,4,4
GEN24_1106627,4,4,4,3
GEN24_1106629,4,4,4,4
GEN24_1106630,4,4,4,4
GEN24_1106632,4,4,4,3
GEN24_1106641,4,4,4,4
GEN24_1106642,4,4,4,3
GEN24_1106654,4,4,4,4
GEN24_1106655,4,3,4,4
GEN24_1106663,4,4,4,4
GEN24_1106668,4,4,4,3
GEN24_1106669,4,4,4,4
GEN24_1106671,4,4,4,3
GEN24_1106675,4,4,4,4
GEN24_1106680,4,4,4,4
GEN24_1106681,4,4,4,4
GEN24_1106685,3,4,3,3
GEN24_1106691,4,4,4,4
GEN24_1106692,3,4,4,4
GEN24_1106701,4,4,3,4
GEN24_1106704,4,4,4,4
GEN24_1106708,4,4,4,4
GEN24_1106724,4,3,4,4
GEN24_1106728,4,4,4,4
GEN24_1106736,4,4,4,4
GEN24_1106743,4,4,4,3
GEN24_1106757,4,3,4,4
GEN24_1106758,3,4,4,4
GEN24_1106759,4,4,3,4
GEN24_1106780,4,4,4,4
GEN24_1106782,4,4,4,4
GEN24_1106788,4,4,4,4
GEN24_1106795,4,4,4,4
GEN24_1106808,4,4,4,4
GEN24_1106812,3,4,4,2
GEN24_1106815,4,3,3,4
GEN24_1106824,4,3,4,3
GEN24_1106833,3,4,3,2
GEN24_1106841,4,4,4,4
GEN24_1106842,4,4,4,4
GEN24_1106843,4,4,4,4
GEN24_1106850,4,4,4,4
GEN24_1106882,4,4,4,4
GEN24_1106885,4,4,4,4
GEN24_1106890,4,4,4,4
GEN24_1106902,4,4,4,4
GEN24_1106905,4,4,3,4
GEN24_1106909,4,4,4,4
GEN24_1106912,4,4,4,4
GEN24_1106920,4,4,4,4
GEN24_1106924,4,4,4,4
GEN24_1106926,4,4,4,4
GEN24_1106942,4,4,4,4
GEN24_1106943,4,4,4,4
GEN24_1106944,4,4,4,4
GEN24_1106946,4,4,4,4
GEN24_1106951,4,3,3,2
GEN24_1106956,4,4,4,4
GEN24_1106957,4,4,4,4
GEN24_1106965,4,4,4,4
GEN24_1106990,4,4,3,4
GEN24_1106997,4,4,4,4
GEN24_1107006,4,4,4,4
GEN24_1107011,4,4,4,4
GEN24_1107018,4,4,4,4
GEN24_1107023,4,4,4,4
GEN24_1107028,4,4,4,4
GEN24_1107031,4,4,4,4
GEN24_1107033,4,4,4,4
GEN24_1107034,3,4,4,3
GEN24_1107035,4,4,4,4
GEN24_1107036,3,3,3,4
GEN24_1107037,4,4,4,4
GEN24_1107053,4,4,4,4
GEN24_1107062,4,4,4,4
GEN24_1107065,4,4,4,4
GEN24_1107066,3,4,3,4
GEN24_1107079,4,4,4,4
GEN24_1107081,4,4,4,4
GEN24_1107086,4,4,4,4
GEN24_1107090,4,4,4,4
GEN24_1107099,4,3,4,4
GEN24_1107100,4,3,4,4
GEN24_1107108,3,4,3,3
GEN24_1107110,4,4,4,4
GEN24_1107117,4,4,4,4
GEN24_1107119,4,4,4,4
GEN24_1107121,4,4,4,4
GEN24_1107122,4,4,4,4
GEN24_1107123,4,4,4,4
GEN24_1107128,4,4,4,4
GEN24_1107131,4,4,4,4
GEN24_1107133,4,4,4,4
GEN24_1107137,4,4,4,4
GEN24_1107138,4,4,4,4
GEN24_1107141,4,4,4,4
GEN24_1107160,4,4,4,4
GEN24_1107163,4,4,4,4
GEN24_1107172,4,2,4,4
GEN24_1107174,4,4,4,4
GEN24_1107180,4,4,4,4
GEN24_1107184,3,4,4,4
GEN24_1107189,4,4,4,4
GEN24_1107206,4,4,4,4
GEN24_1107208,4,3,3,4
GEN24_1107213,4,4,4,3
GEN24_1107227,4,4,4,4
GEN24_1107228,4,4,4,4
GEN24_1107230,4,4,3,4
GEN24_1107234,4,4,4,4
GEN24_1107236,4,4,4,4
GEN24_1107240,4,4,4,4
GEN24_1107242,4,4,4,4
GEN24_1107244,4,4,4,4
GEN24_1107248,4,4,3,3
GEN24_1107252,4,4,4,4
GEN24_1107259,4,4,4,4
GEN24_1107262,4,4,4,4
GEN24_1107268,4,4,4,3
GEN24_1107270,4,4,4,4
GEN24_1107272,4,4,4,4
GEN24_1107276,4,4,4,4
GEN24_1107305,4,4,4,4
GEN24_1107307,4,4,4,4
GEN24_1107336,4,4,4,4
GEN24_1107346,4,4,3,4
GEN24_1107360,4,4,4,4
GEN24_1107361,4,4,4,4
GEN24_1107376,4,4,4,4
GEN24_1107394,4,4,4,4
GEN24_1107405,4,4,4,4
GEN24_1107406,4,4,4,4
GEN24_1107413,4,4,4,4
GEN24_1107432,4,4,4,4
GEN24_1107456,3,4,4,4
GEN24_1107461,4,4,4,4
GEN24_1107478,4,4,4,4
GEN24_1107480,4,4,4,4
GEN24_1107482,4,4,4,3
GEN24_1107487,4,4,4,4
GEN24_1107495,4,4,4,3
GEN24_1107518,4,4,4,4
GEN24_1107529,4,4,4,4
GEN24_1107531,4,4,4,4
GEN24_1107532,4,4,4,4
GEN24_1107533,4,4,4,4
GEN24_1107535,1,1,4,1
GEN24_1107538,4,4,4,4
GEN24_1107563,4,4,3,4
GEN24_1107575,4,3,2,4
GEN24_1107586,4,4,4,4
GEN24_1107607,4,4,4,4
GEN24_1107612,4,2,4,4
GEN24_1107619,4,4,4,4
GEN24_1107624,4,4,4,4
GEN24_1107628,4,4,4,4
GEN24_1107632,4,4,4,4
GEN24_1107633,4,4,4,4
GEN24_1107634,4,4,4,4
GEN24_1107643,4,4,3,4
GEN24_1107644,4,4,4,4
GEN24_1107652,4,4,4,4
GEN24_1107655,4,4,4,3
GEN24_1107658,4,4,4,4
GEN24_1107660,4,4,3,2
GEN24_1107665,4,4,4,4
GEN24_1107666,4,4,4,4
GEN24_1107671,4,4,4,4
GEN24_1107678,4,4,4,4
GEN24_1107680,4,4,4,4
GEN24_1107681,4,4,4,4
GEN24_1107682,4,4,4,4
GEN24_1107683,4,3,4,3
GEN24_1107691,3,3,4,4
GEN24_1107695,4,4,4,4
GEN24_1107712,4,4,4,4
GEN24_1107722,4,4,4,4
GEN24_1107731,4,4,2,4
GEN24_1107744,4,4,4,4
GEN24_1107746,4,4,4,4
GEN24_1107756,4,3,4,4
GEN24_1107757,4,4,3,4
GEN24_1107760,4,4,4,3
GEN24_1107764,4,4,4,3
GEN24_1107765,4,4,4,3
GEN24_1107768,4,3,4,4
GEN24_1107775,4,4,4,4
GEN24_1107778,3,4,4,3
GEN24_1107780,4,4,4,4
GEN24_1107782,4,4,3,4
GEN24_1107786,4,4,4,4
GEN24_1107791,4,4,3,3
GEN24_1107792,4,4,4,4
GEN24_1107799,4,4,4,4
GEN24_1107841,4,4,4,4
GEN24_1107845,4,4,4,4
GEN24_1107865,4,4,4,3
GEN24_1107866,4,4,4,4
GEN24_1107870,4,3,4,3
GEN24_1107872,4,4,4,4
GEN24_1107874,4,4,4,4
GEN24_1107875,4,4,4,4
GEN24_1107878,4,4,4,4
GEN24_1107885,4,4,4,4
GEN24_1107886,4,4,4,4
GEN24_1107899,4,4,4,4
GEN24_1107900,4,4,4,4
GEN24_1107904,4,4,4,4
GEN24_1107908,4,4,4,4
GEN24_1107912,4,4,4,4
GEN24_1107924,4,4,3,4
GEN24_1107934,4,4,4,4
GEN24_1107940,4,4,4,4
GEN24_1107948,4,4,4,4
GEN24_1107952,4,4,4,4
GEN24_1107953,4,4,4,4
GEN24_1107974,4,4,4,4
GEN24_1107978,4,4,3,4
GEN24_1107985,4,4,4,4
GEN24_1107988,4,4,4,4
GEN24_1107990,4,4,4,4
GEN24_1107991,4,4,4,4
GEN24_1107999,4,4,4,4
GEN24_1108003,4,4,4,4
GEN24_1108008,4,4,4,2
GEN24_1108009,4,4,4,4
GEN24_1108017,4,4,4,4
GEN24_1108020,4,4,4,4
GEN24_1108026,4,4,4,4
GEN24_1108029,4,4,4,4
GEN24_1108040,4,4,4,4
GEN24_1108042,4,3,4,4
GEN24_1108046,4,4,4,4
GEN24_1108050,4,4,4,4
GEN24_1108054,4,3,4,4
GEN24_1108064,4,4,4,4
GEN24_1108086,4,4,4,4
GEN24_1108087,4,4,4,4
GEN24_1108088,4,4,4,4
GEN24_1108090,4,4,4,4
GEN24_1108091,4,3,3,4
GEN24_1108094,4,4,4,4
GEN24_1108095,4,4,4,4
GEN24_1108096,4,4,4,4
GEN24_1108099,4,4,4,4
GEN24_1108121,4,4,4,4
GEN24_1108154,3,4,3,4
GEN24_1108158,4,4,4,4
GEN24_1108164,4,4,4,4
GEN24_1108171,4,4,3,4
GEN24_1108175,4,4,4,3
GEN24_1108176,4,4,3,3
GEN24_1108178,4,3,4,4
GEN24_1108188,4,4,4,4
GEN24_1108189,4,4,4,4
GEN24_1108200,4,4,4,4
GEN24_1108204,4,4,4,4
GEN24_1108215,4,4,4,4
GEN24_1108221,4,4,4,4
GEN24_1108224,4,4,4,4
GEN24_1108266,4,4,4,4
GEN24_1108269,4,4,4,4
GEN24_1108276,4,4,4,4
GEN24_1108277,4,4,4,4
GEN24_1108298,4,4,4,4
GEN24_1108301,4,4,4,4
GEN24_1108321,3,4,3,3
GEN24_1108326,4,4,4,4
GEN24_1108335,4,4,4,4
GEN24_1108342,4,4,4,4
GEN24_1108347,4,4,4,4
GEN24_1108354,4,4,4,4
GEN24_1108367,4,4,4,4
GEN24_1108374,4,4,4,3
GEN24_1108387,4,4,4,4
GEN24_1108399,4,4,4,4
GEN24_1108403,4,4,4,3
GEN24_1108417,4,4,4,4
GEN24_1108418,4,4,4,4
GEN24_1108437,4,4,4,4
GEN24_1108440,4,4,3,4
GEN24_1108450,4,4,4,3
GEN24_1108458,4,4,4,4
GEN24_1108466,4,4,4,4
GEN24_1108468,4,4,3,3
GEN24_1108496,4,4,4,4
GEN24_1108497,4,4,4,4
GEN24_1108503,4,4,4,4
GEN24_1108505,4,4,4,4
GEN24_1108510,4,4,4,3
GEN24_1108520,4,4,4,4
GEN24_1108524,4,4,4,4
GEN24_1108556,4,4,4,4
GEN24_1108565,4,4,4,4
GEN24_1108566,4,4,4,4
GEN24_1108569,4,4,4,4
GEN24_1108571,4,4,4,4
GEN24_1108580,4,4,4,4
GEN24_1108590,4,4,4,4
GEN24_1108592,4,4,4,4
GEN24_1108606,4,4,4,4
GEN24_1108616,4,4,4,4
GEN24_1108623,4,4,4,3
GEN24_1108624,4,4,4,3
GEN24_1108634,4,3,3,4
GEN24_1108668,4,4,4,4
GEN24_1108674,4,4,4,4
GEN24_1108680,4,4,3,4
GEN24_1108684,4,4,4,4
GEN24_1108686,4,4,4,4
GEN24_1108687,4,4,4,4
GEN24_1108688,4,4,3,4
GEN24_1108698,4,4,4,4
GEN24_1108704,4,4,4,4
GEN24_1108710,4,4,4,4
GEN24_1108718,4,4,4,4
GEN24_1108719,4,4,4,4
GEN24_1108729,4,4,4,4
GEN24_1108737,4,4,4,4
GEN24_1108753,4,4,4,4
GEN24_1108757,4,4,4,4
GEN24_1108764,4,4,4,4
GEN24_1108786,4,4,4,3
GEN24_1108791,4,4,4,4
GEN24_1108807,4,4,4,4
GEN24_1108810,4,4,4,4
GEN24_1108830,4,4,4,4
GEN24_1108831,4,4,4,4
GEN24_1108836,4,4,4,4
GEN24_1108848,4,4,4,4
GEN24_1108850,4,4,4,4
GEN24_1108868,4,4,4,4
GEN24_1108875,3,3,4,3
GEN24_1108893,4,4,4,4
GEN24_1108895,4,4,4,4
GEN24_1108896,4,4,4,3
GEN24_1108898,4,4,4,4
GEN24_1108900,4,4,4,3
GEN24_1108927,4,4,4,4
GEN24_1108953,4,4,4,4
GEN24_1108960,4,4,4,4
GEN24_1108968,4,4,4,3
GEN24_1108978,4,4,4,4
GEN24_1108982,4,4,4,4
GEN24_1108983,4,4,4,4
GEN24_1108988,4,4,4,4
GEN24_1108991,4,3,4,4
GEN24_1108995,4,4,4,4
GEN24_1109002,4,4,4,4
GEN24_1109011,4,4,4,4
GEN24_1109021,4,4,4,3
GEN24_1109024,4,4,3,3
GEN24_1109026,4,4,4,4
GEN24_1109039,4,4,4,4
GEN24_1109041,4,4,4,4
GEN24_1109043,4,4,4,4
GEN24_1109054,4,4,4,4
GEN24_1109064,4,4,4,4
GEN24_1109068,4,4,4,4
GEN24_1109074,4,4,4,4
GEN24_1109091,4,4,4,3
GEN24_1109095,4,4,4,4
GEN24_1109103,4,4,4,4
GEN24_1109129,4,4,4,4
GEN24_1109136,4,4,4,4
GEN24_1109138,4,4,4,4
GEN24_1109145,4,4,4,4
GEN24_1109146,4,4,4,4
GEN24_1109158,4,4,4,4
GEN24_1109159,3,4,3,4
GEN24_1109161,4,4,4,4
GEN24_1109169,4,4,4,4
GEN24_1109173,4,4,4,4
GEN24_1109178,3,4,4,4
GEN24_1109188,4,4,4,4
GEN24_1109189,4,4,4,4
GEN24_1109196,4,4,4,3
GEN24_1109208,4,4,4,4
GEN24_1109237,4,4,4,4
GEN24_1109253,4,4,4,4
GEN24_1109254,4,4,4,3
GEN24_1109255,4,4,4,4
GEN24_1109259,4,4,4,4
GEN24_1109265,4,4,4,4
GEN24_1109267,4,4,4,4
GEN24_1109273,4,4,4,4
GEN24_1109276,4,4,4,4
GEN24_1109282,4,4,4,4
GEN24_1109290,4,4,4,4
GEN24_1109301,4,4,4,4
GEN24_1109312,4,4,4,3
GEN24_1109319,4,3,4,4
GEN24_1109321,4,4,4,4
GEN24_1109327,4,4,4,4
GEN24_1109328,4,4,4,4
GEN24_1109331,4,4,4,3
GEN24_1109332,4,4,4,4
GEN24_1109350,4,4,3,3
GEN24_1109355,4,4,4,4
GEN24_1109357,4,4,4,4
GEN24_1109361,4,4,4,4
GEN24_1109368,4,4,4,4
GEN24_1109384,4,4,3,3
GEN24_1109387,4,4,4,4
GEN24_1109406,4,4,4,4
GEN24_1109408,4,4,3,4
GEN24_1109437,4,4,4,4
GEN24_1109445,4,4,4,4
GEN24_1109447,4,4,4,4
GEN24_1109463,3,4,4,4
GEN24_1109483,4,4,4,4
GEN24_1109489,4,4,4,4
GEN24_1109493,4,4,4,4
GEN24_1109502,4,4,4,4
GEN24_1109503,4,4,4,4
GEN24_1109505,4,4,3,4
GEN24_1109506,4,4,4,4
GEN24_1109508,4,3,3,2
GEN24_1109511,4,4,4,4
GEN24_1109517,4,3,4,4
GEN24_1109560,4,4,4,4
GEN24_1109569,3,3,2,4
GEN24_1109576,4,4,4,4
GEN24_1109585,1,4,4,1
GEN24_1109593,4,4,4,4
GEN24_1109595,4,4,4,4
GEN24_1109597,4,4,4,4
GEN24_1109606,4,4,4,4
GEN24_1109612,4,4,4,4
GEN24_1109622,4,4,4,4
GEN24_1109629,4,4,4,4
GEN24_1109630,4,4,4,4
GEN24_1109633,4,4,4,4
GEN24_1109634,4,4,4,4
GEN24_1109640,4,4,4,4
GEN24_1109643,4,4,4,3
GEN24_1109646,4,4,4,4
GEN24_1109659,4,4,4,4
GEN24_1109662,4,3,4,3
GEN24_1109667,4,4,4,4
GEN24_1109676,4,4,4,4
GEN24_1109677,4,4,4,4
GEN24_1109690,4,4,4,3
GEN24_1109695,4,4,4,4
GEN24_1109700,4,3,4,3
GEN24_1109702,4,4,4,4
GEN24_1109703,4,4,4,4
GEN24_1109705,4,4,4,4
GEN24_1109714,4,4,4,4
GEN24_1109715,4,4,3,4
GEN24_1109719,4,4,4,4
GEN24_1109723,4,4,4,4
GEN24_1109727,4,4,4,4
GEN24_1109736,4,4,4,4
GEN24_1109737,4,3,4,4
GEN24_1109753,4,4,4,4
GEN24_1109769,4,4,4,4
GEN24_1109778,4,4,4,4
GEN24_1109779,4,4,4,4
GEN24_1109785,4,4,4,4
GEN24_1109788,4,4,4,4
GEN24_1109789,4,4,4,4
GEN24_1109794,4,4,4,4
GEN24_1109796,4,4,4,4
GEN24_1109805,4,4,4,4
GEN24_1109821,4,4,4,4
GEN24_1109828,3,4,4,3
GEN24_1109843,4,4,4,4
GEN24_1109844,4,4,4,4
GEN24_1109854,4,4,4,4
GEN24_1109856,4,4,4,4
GEN24_1109859,4,4,4,4
GEN24_1109860,4,4,4,4
GEN24_1109867,4,4,4,4
GEN24_1109868,4,4,4,3
GEN24_1109877,4,4,4,4
GEN24_1109879,3,4,4,4
GEN24_1109899,4,4,4,4
GEN24_1109900,4,4,4,4
GEN24_1109912,4,4,4,4
GEN24_1109914,4,4,4,4
GEN24_1109919,4,4,4,4
GEN24_1109928,4,4,4,3
GEN24_1109935,4,4,4,4
GEN24_1109939,4,4,4,4
GEN24_1109940,4,3,3,4
GEN24_1109949,4,4,4,4
GEN24_1109960,4,4,4,4
GEN24_1110006,4,4,4,4
GEN24_1110008,4,4,4,4
GEN24_1110009,4,4,4,4
GEN24_1110013,4,4,4,3
GEN24_1110015,4,4,4,4
GEN24_1110016,4,4,4,4
GEN24_1110018,4,4,4,4
GEN24_1110027,4,4,4,4
GEN24_1110040,4,4,4,4
GEN24_1110055,4,4,4,4
GEN24_1110061,4,4,4,4
GEN24_1110069,4,4,4,4
GEN24_1110079,4,4,4,4
GEN24_1110098,4,4,4,4
GEN24_1110101,4,4,4,4
GEN24_1110128,4,4,4,4
GEN24_1110134,4,4,4,4
GEN24_1110135,4,4,4,4
GEN24_1110138,4,4,4,3
GEN24_1110170,4,4,4,4
GEN24_1110184,4,4,4,4
GEN24_1110185,4,4,4,3
GEN24_1110190,4,4,4,4
GEN24_1110197,4,4,3,4
GEN24_1110199,4,4,4,4
GEN24_1110202,4,4,4,4
GEN24_1110216,3,4,4,2
GEN24_1110217,4,4,4,4
GEN24_1110228,4,4,4,4
GEN24_1110259,4,4,4,4
GEN24_1110266,4,4,4,4
GEN24_1110269,4,4,4,4
GEN24_1110289,4,4,4,4
GEN24_1110297,4,4,4,4
GEN24_1110304,4,3,4,4
GEN24_1110311,4,4,4,4
GEN24_1110315,4,4,3,4
GEN24_1110320,4,4,4,4
GEN24_1110328,4,4,4,3
GEN24_1110338,4,4,4,4
GEN24_1110349,4,4,4,4
GEN24_1110363,4,4,4,4
GEN24_1110365,4,4,4,4
GEN24_1110374,4,4,4,4
GEN24_1110380,4,4,4,4
GEN24_1110383,4,4,4,4
GEN24_1110403,4,4,4,4
GEN24_1110421,4,4,4,4
GEN24_1110426,4,4,4,4
GEN24_1110437,4,4,4,4
GEN24_1110439,4,4,4,3
GEN24_1110441,4,4,4,4
GEN24_1110453,4,4,4,4
GEN24_1110458,3,4,4,3
GEN24_1110459,4,4,4,4
GEN24_1110464,4,4,4,3
GEN24_1110468,4,4,4,4
GEN24_1110475,4,4,4,4
GEN24_1110497,4,3,2,4
GEN24_1110501,4,4,4,4
GEN24_1110519,4,4,4,4
GEN24_1110520,4,4,4,4
GEN24_1110522,4,4,4,4
GEN24_1110524,4,4,4,4
GEN24_1110530,4,4,4,3
GEN24_1110531,4,4,4,3
GEN24_1110533,4,4,4,4
GEN24_1110543,4,3,4,4
GEN24_1110544,4,4,4,4
GEN24_1110546,4,4,4,4
GEN24_1110564,4,4,4,4
GEN24_1110568,4,4,4,4
GEN24_1110572,4,4,4,4
GEN24_1110581,4,4,4,4
GEN24_1110591,4,4,4,4
GEN24_1110592,4,4,4,4
GEN24_1110603,4,3,3,3
GEN24_1110605,4,4,4,4
GEN24_1110609,4,4,4,4
GEN24_1110622,4,4,4,4
GEN24_1110627,4,4,4,4
GEN24_1110632,4,4,4,4
GEN24_1110635,4,4,4,4
GEN24_1110636,4,4,4,4
GEN24_1110665,4,4,4,4
GEN24_1110674,4,4,4,4
GEN24_1110716,3,3,4,2
GEN24_1110718,4,4,4,4
GEN24_1110719,4,4,4,3
GEN24_1110721,4,4,4,4
GEN24_1110741,4,4,4,4
GEN24_1110742,4,4,4,4
GEN24_1110753,4,4,4,4
GEN24_1110758,4,4,4,3
GEN24_1110759,4,4,4,4
GEN24_1110761,4,4,4,4
GEN24_1110763,4,4,4,3
GEN24_1110771,4,4,4,4
GEN24_1110772,4,4,4,4
GEN24_1110773,4,4,4,4
GEN24_1110775,4,4,4,4
GEN24_1110785,4,4,4,4
GEN24_1110815,4,4,4,4
GEN24_1110818,3,4,3,2
GEN24_1110819,4,4,4,4
GEN24_1110830,4,4,4,4
GEN24_1110832,4,4,4,4
GEN24_1110841,3,3,3,3
GEN24_1110845,4,4,4,4
GEN24_1110856,4,4,4,4
GEN24_1110857,4,4,4,4
GEN24_1110860,4,4,4,4
GEN24_1110864,4,4,4,4
GEN24_1110871,4,4,4,4
GEN24_1110873,4,4,4,4
GEN24_1110875,4,4,4,4
GEN24_1110885,4,4,4,4
GEN24_1110906,3,3,1,3
GEN24_1110908,4,4,4,4
GEN24_1110914,4,4,4,4
GEN24_1110922,4,4,3,4
GEN24_1110927,4,4,4,4
GEN24_1110940,4,4,4,4
GEN24_1110942,4,4,4,4
GEN24_1110949,4,4,4,4
GEN24_1110962,4,4,3,4
GEN24_1110963,4,4,4,4
GEN24_1110980,4,4,4,4
GEN24_1110992,4,4,4,4
GEN24_1110995,4,4,4,4
GEN24_1110998,4,4,4,4
GEN24_1111012,4,4,4,3
GEN24_1111025,3,3,4,4
GEN24_1111039,4,4,3,4
GEN24_1111051,4,4,4,4
GEN24_1111053,4,4,4,4
GEN24_1111056,4,4,4,4
GEN24_1111060,4,4,3,4
GEN24_1111064,4,4,4,4
GEN24_1111068,4,4,4,4
GEN24_1111075,4,4,4,3
GEN24_1111081,4,4,4,4
GEN24_1111087,4,4,4,4
GEN24_1111088,4,4,4,4
GEN24_1111091,4,4,4,4
GEN24_1111097,4,4,3,4
GEN24_1111106,4,4,4,4
GEN24_1111107,4,4,4,4
GEN24_1111114,4,4,4,4
GEN24_1111121,4,3,4,4
GEN24_1111123,4,4,4,4
GEN24_1111124,4,4,4,4
GEN24_1111128,4,4,4,4
GEN24_1111150,4,4,4,4
GEN24_1111152,4,4,4,4
GEN24_1111155,3,3,3,3
GEN24_1111156,4,4,4,4
GEN24_1111157,4,4,4,4
GEN24_1111176,4,4,4,4
GEN24_1111179,4,4,4,4
GEN24_1111182,4,4,4,4
GEN24_1111183,4,4,4,4
GEN24_1111187,4,4,4,4
GEN24_1111189,4,4,4,4
GEN24_1111192,4,4,4,4
GEN24_1111202,4,4,4,4
GEN24_1111203,4,4,4,4
GEN24_1111218,4,4,3,3
GEN24_1111219,4,4,4,4
GEN24_1111232,4,4,3,4
GEN24_1111240,4,4,3,4
GEN24_1111252,4,4,4,4
GEN24_1111260,4,4,3,4
GEN24_1111261,4,4,4,4
GEN24_1111281,4,4,4,4
GEN24_1111295,4,4,4,4
GEN24_1111296,4,4,4,4
GEN24_1111299,4,4,4,4
GEN24_1111303,4,4,4,4
GEN24_1111310,4,4,4,4
GEN24_1111331,4,4,4,3
GEN24_1111332,4,4,4,4
GEN24_1111333,4,4,4,4
GEN24_1111338,4,4,3,4
GEN24_1111341,4,4,4,4
GEN24_1111356,4,4,4,4
GEN24_1111359,4,4,4,4
GEN24_1111365,4,4,3,4
GEN24_1111368,4,4,4,4
GEN24_1111369,4,4,4,4
GEN24_1111370,4,4,4,4
GEN24_1111371,4,4,4,4
GEN24_1111377,4,4,4,4
GEN24_1111384,4,4,4,4
GEN24_1111392,4,4,4,4
GEN24_1111397,4,4,3,3
GEN24_1111399,4,4,4,4
GEN24_1111400,4,4,4,4
GEN24_1111415,4,4,4,4
GEN24_1111419,4,4,4,4
GEN24_1111424,4,4,4,4
GEN24_1111430,4,4,4,4
GEN24_1111453,4,4,4,4
GEN24_1111456,4,4,4,4
GEN24_1111458,4,4,4,4
GEN24_1111460,4,4,4,4
GEN24_1111466,4,4,3,4
GEN24_1111467,4,4,4,4
GEN24_1111488,4,4,4,4
GEN24_1111501,4,4,4,3
GEN24_1111507,4,4,4,4
GEN24_1111520,4,4,3,4
GEN24_1111527,4,4,4,4
GEN24_1111528,4,4,4,4
GEN24_1111530,4,4,4,4
GEN24_1111532,4,4,4,4
GEN24_1111536,4,4,4,4
GEN24_1111544,4,4,4,4
GEN24_1111556,4,4,4,4
GEN24_1111560,4,4,4,4
GEN24_1111575,2,3,3,3
GEN24_1111578,4,4,4,4
GEN24_1111598,4,3,3,3
GEN24_1111602,4,3,3,3
GEN24_1111608,4,4,4,4
GEN24_1111626,4,4,4,4
GEN24_1111634,4,3,3,3
GEN24_1111640,4,4,4,4
GEN24_1111650,4,4,4,3
GEN24_1111653,4,4,4,4
GEN24_1111662,4,4,4,4
GEN24_1111676,4,4,4,3
GEN24_1111689,4,3,4,4
GEN24_1111690,4,4,3,4
GEN24_1111695,4,4,4,4
GEN24_1111699,4,4,4,4
GEN24_1111712,4,4,4,4
GEN24_1111733,4,4,4,4
GEN24_1111734,4,4,4,4
GEN24_1111736,4,4,3,4
GEN24_1111745,4,4,4,4
GEN24_1111751,4,4,3,4
GEN24_1111752,4,4,4,4
GEN24_1111757,4,4,4,4
GEN24_1111771,4,3,4,3
GEN24_1111776,4,4,4,2
GEN24_1111787,4,4,4,4
GEN24_1111801,4,4,4,4
GEN24_1111803,4,4,4,4
GEN24_1111813,4,4,4,4
GEN24_1111814,4,4,3,4
GEN24_1111818,4,4,4,4
GEN24_1111834,4,4,4,4
GEN24_1111837,4,4,4,4
GEN24_1111872,4,4,4,4
GEN24_1111874,4,3,3,4
GEN24_1111883,4,4,4,4
GEN24_1111886,4,4,4,4
GEN24_1111890,4,4,4,4
GEN24_1111891,4,4,4,4
GEN24_1111897,4,4,3,4
GEN24_1111917,3,4,2,4
GEN24_1111958,4,4,4,4
GEN24_1111975,4,4,4,4
GEN24_1111989,4,4,4,4
GEN24_1111993,4,4,4,4
GEN24_1111995,4,4,4,4
GEN24_1111996,4,3,4,4
GEN24_1111999,4,4,4,4
GEN24_1112003,4,4,4,4
GEN24_1112008,4,4,4,4
GEN24_1112012,4,4,3,4
GEN24_1112014,4,4,4,4
GEN24_1112015,4,4,3,4
GEN24_1112026,4,4,4,4
GEN24_1112027,4,4,4,4
GEN24_1112032,4,4,4,4
GEN24_1112038,4,4,4,4
GEN24_1112041,4,4,4,4
GEN24_1112048,4,4,4,4
GEN24_1112051,4,4,4,4
GEN24_1112054,4,4,4,4
GEN24_1112076,4,4,4,4
GEN24_1112089,4,4,4,4
GEN24_1112091,4,4,3,3
GEN24_1112100,4,4,4,4
GEN24_1112101,4,4,3,4
GEN24_1112102,4,4,4,3
GEN24_1112108,4,4,4,4
GEN24_1112131,4,4,4,4
GEN24_1112133,4,4,4,4
GEN24_1112141,4,4,3,4
GEN24_1112142,4,4,4,3
GEN24_1112159,4,4,4,4
GEN24_1112163,4,3,4,4
GEN24_1112174,4,4,4,4
GEN24_1112179,4,4,4,4
GEN24_1112185,4,4,4,4
GEN24_1112191,4,4,4,4
GEN24_1112194,4,4,3,4
GEN24_1112205,4,4,4,4
GEN24_1112209,4,3,3,4
GEN24_1112215,4,4,4,4
GEN24_1112220,4,4,4,4
GEN24_1112231,4,3,4,4
GEN24_1112235,4,4,4,4
GEN24_1112242,4,3,4,3
GEN24_1112243,4,4,4,4
GEN24_1112251,4,4,4,4
GEN24_1112255,4,4,4,4
GEN24_1112265,3,3,3,4
GEN24_1112275,4,4,3,4
GEN24_1112276,4,4,4,4
GEN24_1112279,4,4,4,4
GEN24_1112282,4,4,4,4
GEN24_1112297,4,4,4,4
GEN24_1112298,4,4,4,4
GEN24_1112303,4,4,4,4
GEN24_1112321,4,4,4,4
GEN24_1112331,4,4,4,4
GEN24_1112337,4,4,4,4
GEN24_1112363,4,4,4,4
GEN24_1112366,4,4,4,4
GEN24_1112370,4,4,4,4
GEN24_1112376,4,4,4,4
GEN24_1112384,4,4,4,4
GEN24_1112389,4,4,4,4
GEN24_1112392,4,4,4,4
GEN24_1112427,4,4,4,4
GEN24_1112428,4,4,4,4
GEN24_1112436,4,4,4,4
GEN24_1112456,4,4,4,4
GEN24_1112458,4,4,4,4
GEN24_1112460,4,4,4,4
GEN24_1112464,3,4,4,4
GEN24_1112478,4,4,4,4
GEN24_1112486,4,4,4,4
GEN24_1112489,4,4,3,4
GEN24_1112497,4,4,4,4
GEN24_1112508,4,4,4,4
GEN24_1112518,4,4,2,4
GEN24_1112519,3,4,4,4
GEN24_1112527,4,4,3,4
GEN24_1112531,4,4,4,4
GEN24_1112550,4,4,4,4
GEN24_1112552,4,4,4,4
GEN24_1112575,4,4,4,4
GEN24_1112578,4,4,4,4
GEN24_1112580,4,4,4,4
GEN24_1112586,4,4,4,4
GEN24_1112601,4,4,4,4
GEN24_1112609,4,4,4,4
GEN24_1112610,4,4,4,4
GEN24_1112617,4,4,4,4
GEN24_1112621,4,4,4,4
GEN24_1112622,4,4,4,4
GEN24_1112628,4,4,4,4
GEN24_1112645,4,4,4,4
GEN24_1112663,4,4,4,4
GEN24_1112670,4,4,4,4
GEN24_1112683,4,4,4,4
GEN24_1112684,4,4,4,4
GEN24_1112690,4,4,4,4
GEN24_1112709,4,4,4,4
GEN24_1112713,4,4,4,4
GEN24_1112714,3,4,4,4
GEN24_1112716,4,4,4,4
GEN24_1112722,4,4,4,4
GEN24_1112734,4,4,4,4
GEN24_1112735,4,4,4,4
GEN24_1112740,4,4,4,4
GEN24_1112745,4,4,4,4
GEN24_1112750,4,4,4,4
GEN24_1112755,4,4,4,4
GEN24_1112773,4,4,4,4
GEN24_1112774,4,4,4,3
GEN24_1112783,4,4,4,4
GEN24_1112789,4,4,4,3
GEN24_1112791,4,4,4,4
GEN24_1112805,4,4,4,4
GEN24_1112807,4,4,4,4
GEN24_1112811,4,3,4,4
GEN24_1112817,4,4,3,4
GEN24_1112838,4,4,4,4
GEN24_1112846,4,4,4,4
GEN24_1112850,4,4,4,4
GEN24_1112855,4,4,4,4
GEN24_1112862,4,4,4,4
GEN24_1112867,4,4,3,4
GEN24_1112876,4,4,4,4
GEN24_1112878,4,4,4,4
GEN24_1112879,4,4,4,4
GEN24_1112882,4,4,4,4
GEN24_1112887,4,4,4,3
GEN24_1112888,4,3,3,4
GEN24_1112890,4,4,4,4
GEN24_1112895,4,4,4,4
GEN24_1112899,4,4,4,4
GEN24_1112901,4,4,4,4
GEN24_1112904,4,4,4,4
GEN24_1112913,4,4,4,4
GEN24_1112914,4,4,4,4
GEN24_1112915,4,4,4,4
GEN24_1112920,4,4,4,4
GEN24_1112935,4,4,4,4
GEN24_1112940,4,4,4,4
GEN24_1112944,4,4,4,4
GEN24_1112945,4,4,4,4
GEN24_1112950,4,4,4,4
GEN24_1112953,4,4,3,3
GEN24_1112970,4,4,4,4
GEN24_1113011,4,4,3,3
GEN24_1113013,4,4,4,4
GEN24_1113015,4,4,4,4
GEN24_1113016,4,4,4,4
GEN24_1113019,4,4,4,4
GEN24_1113022,4,4,4,4
GEN24_1113023,4,4,4,4
GEN24_1113033,4,4,4,4
GEN24_1113035,4,4,4,4
GEN24_1113037,4,4,4,4
GEN24_1113048,4,4,4,4
GEN24_1113049,4,4,4,4
GEN24_1113053,4,4,4,3
GEN24_1113054,4,4,4,3
GEN24_1113056,4,4,4,4
GEN24_1113057,4,4,4,4
GEN24_1113067,4,4,4,4
GEN24_1113071,4,4,4,4
GEN24_1113075,4,4,4,4
GEN24_1113076,4,4,4,4
GEN24_1113083,4,4,4,4
GEN24_1113089,4,4,4,4
GEN24_1113097,4,4,4,4
GEN24_1113105,4,3,4,4
GEN24_1113109,4,4,4,4
GEN24_1113116,4,4,4,4
GEN24_1113131,4,4,4,4
GEN24_1113136,4,4,4,4
GEN24_1113143,3,4,3,4
GEN24_1113146,4,4,4,4
GEN24_1113148,4,4,4,4
GEN24_1113172,4,3,3,4
GEN24_1113175,4,4,4,4
GEN24_1113187,4,4,4,4
GEN24_1113189,4,4,4,4
GEN24_1113195,4,4,4,4
GEN24_1113202,4,4,3,1
GEN24_1113213,4,4,4,4
GEN24_1113214,4,4,4,4
GEN24_1113223,4,4,4,4
GEN24_1113236,4,4,4,4
GEN24_1113242,4,4,4,4
GEN24_1113245,4,3,3,4
GEN24_1113246,4,4,4,4
GEN24_1113249,4,4,4,4
GEN24_1113251,4,4,4,4
GEN24_1113256,4,4,4,4
GEN24_1113258,4,4,4,4
GEN24_1113261,4,4,4,4
GEN24_1113297,4,4,4,4
GEN24_1113328,4,4,4,4
GEN24_1113333,4,4,4,4
GEN24_1113334,4,4,3,3
GEN24_1113360,4,4,4,4
GEN24_1113362,4,4,4,4
GEN24_1113369,3,4,3,4
GEN24_1113375,4,4,4,4
GEN24_1113377,4,4,4,4
GEN24_1113378,4,4,4,4
GEN24_1113387,4,4,4,4
GEN24_1113389,4,4,4,4
GEN24_1113396,4,4,4,4
GEN24_1113410,3,4,4,3
GEN24_1113412,4,4,4,4
GEN24_1113417,4,4,4,4
GEN24_1113419,4,4,4,4
GEN24_1113422,4,4,4,4
GEN24_1113425,4,4,4,4
GEN24_1113428,4,4,4,4
GEN24_1113432,4,4,4,4
GEN24_1113433,3,4,4,4
GEN24_1113446,4,4,4,4
GEN24_1113462,4,4,4,4
GEN24_1113463,4,4,4,4
GEN24_1113474,4,4,4,4
GEN24_1113477,4,4,4,4
GEN24_1113480,4,4,4,4
GEN24_1113483,4,4,4,4
GEN24_1113486,4,4,4,4
GEN24_1113487,4,4,4,4
GEN24_1113491,4,4,4,4
GEN24_1113509,4,4,4,4
GEN24_1113512,4,4,3,4
GEN24_1113515,3,4,4,4
GEN24_1113516,4,4,4,4
GEN24_1113520,4,4,4,4
GEN24_1113528,4,4,4,4
GEN24_1113543,4,4,4,4
GEN24_1113547,4,4,4,4
GEN24_1113558,4,3,3,3
GEN24_1113572,4,4,4,4
GEN24_1113573,4,4,4,4
GEN24_1113576,4,4,4,1
GEN24_1113577,4,4,4,4
GEN24_1113591,4,4,4,4
GEN24_1113594,4,1,4,4
GEN24_1113603,4,4,4,4
GEN24_1113606,4,3,4,4
GEN24_1113607,4,4,4,4
GEN24_1113613,4,4,4,4
GEN24_1113614,4,4,3,4
GEN24_1113616,4,4,4,4
GEN24_1113621,4,4,4,4
GEN24_1113629,4,4,4,4
GEN24_1113631,4,4,3,4
GEN24_1113635,4,4,4,4
GEN24_1113649,4,4,4,4
GEN24_1113650,4,4,4,4
GEN24_1113664,4,4,4,4
GEN24_1113671,4,4,4,4
GEN24_1113693,4,4,4,4
GEN24_1113695,4,4,4,4
GEN24_1113696,4,4,4,4
GEN24_1113704,4,4,4,4
GEN24_1113710,4,4,4,4
GEN24_1113713,4,4,4,4
GEN24_1113726,4,4,4,4
GEN24_1113727,4,4,4,4
GEN24_1113730,3,4,4,4
GEN24_1113731,4,4,4,4
GEN24_1113734,4,3,4,4
GEN24_1113735,4,4,4,4
GEN24_1113737,4,4,4,4
GEN24_1113739,4,4,4,4
GEN24_1113768,4,4,4,4
GEN24_1113771,4,4,4,4
GEN24_1113774,3,4,3,4
GEN24_1113775,4,4,4,4
GEN24_1113781,4,4,3,3
GEN24_1113792,4,4,4,3
GEN24_1113794,4,4,4,4
GEN24_1113813,4,4,4,3
GEN24_1113814,4,4,4,4
GEN24_1113833,4,4,4,4
GEN24_1113834,4,4,4,4
GEN24_1113848,4,4,4,4
GEN24_1113854,3,4,4,4
GEN24_1113855,4,4,4,4
GEN24_1113864,4,4,4,4
GEN24_1113866,4,4,4,4
GEN24_1113878,4,4,4,4
GEN24_1113881,4,4,4,4
GEN24_1113896,4,4,4,4
GEN24_1113898,4,4,4,4
GEN24_1113905,4,4,4,4
GEN24_1113937,4,4,4,4
GEN24_1113938,4,4,4,4
GEN24_1113942,4,2,4,3
GEN24_1113944,4,4,3,3
GEN24_1113945,4,4,4,4
GEN24_1113951,4,4,4,4
GEN24_1113957,4,3,4,4
GEN24_1113969,4,4,4,4
GEN24_1113981,4,4,4,4
GEN24_1113983,4,4,4,4
GEN24_1114000,4,4,4,4
GEN24_1114003,4,4,4,4
GEN24_1114005,4,4,4,4
GEN24_1114013,4,4,4,4
GEN24_1114015,4,4,4,4
GEN24_1114019,4,4,4,4
GEN24_1114027,4,3,4,4
GEN24_1114028,4,4,4,4
GEN24_1114039,4,4,4,4
GEN24_1114040,4,4,4,4
GEN24_1114043,4,4,4,4
GEN24_1114053,4,4,4,4
GEN24_1114056,4,4,4,4
GEN24_1114057,4,4,4,4
GEN24_1114063,4,4,4,4
GEN24_1114066,4,4,4,4
GEN24_1114068,4,3,4,4
GEN24_1114075,4,2,3,4
GEN24_1114081,4,4,4,4
GEN24_1114113,4,4,4,4
GEN24_1114120,4,4,4,4
GEN24_1114138,4,4,4,4
GEN24_1114141,4,4,4,3
GEN24_1114142,4,4,4,3
GEN24_1114152,4,4,4,4
GEN24_1114156,4,2,4,3
GEN24_1114164,4,4,4,4
GEN24_1114165,4,3,4,4
GEN24_1114166,3,3,4,4
GEN24_1114167,4,4,4,2
GEN24_1114178,4,4,4,4
GEN24_1114182,4,4,4,4
GEN24_1114190,3,4,4,4
GEN24_1114206,4,4,4,4
GEN24_1114210,4,4,4,4
GEN24_1114225,4,4,4,4
GEN24_1114270,4,4,4,3
GEN24_1114271,3,4,3,3
GEN24_1114273,4,4,4,4
GEN24_1114283,4,4,4,4
GEN24_1114297,4,4,4,4
GEN24_1114302,4,4,4,4
GEN24_20002,4,4,3,4
GEN24_20009,4,4,4,4
GEN24_20011,4,4,3,4
GEN24_20024,4,4,4,4
GEN24_20027,4,4,4,4
GEN24_20031,4,4,4,4
GEN24_20043,4,4,4,4
GEN24_20045,4,4,4,4
GEN24_20053,4,4,3,4
GEN24_20058,4,4,4,4
GEN24_20060,4,4,4,4
GEN24_20061,4,4,3,3
GEN24_20070,4,4,3,4
GEN24_20078,4,4,4,4
GEN24_20081,4,4,4,4
GEN24_20083,4,3,3,4
GEN24_20097,4,3,4,4
GEN24_20099,4,4,4,4
GEN24_20100,4,4,4,4
GEN24_20101,4,4,4,4
GEN24_20120,4,4,4,4
GEN24_20122,3,3,3,3
GEN24_20123,4,4,4,4
GEN24_20125,4,4,4,4
GEN24_20129,4,4,4,4
GEN24_20131,4,4,4,4
GEN24_20132,4,4,4,4
GEN24_20139,4,4,4,4
GEN24_20141,4,4,4,4
GEN24_20142,4,4,4,4
GEN24_20150,4,4,4,4
GEN24_20152,4,4,4,4
GEN24_20154,4,4,4,4
GEN24_20158,4,4,4,4
GEN24_20159,4,4,4,4
GEN24_20160,4,4,3,4
GEN24_20170,4,4,4,4
GEN24_20179,4,4,4,4
GEN24_20181,4,4,4,4
GEN24_20198,4,4,4,4
GEN24_20205,4,4,4,4
GEN24_20209,4,4,4,4
GEN24_20214,4,4,4,4
GEN24_20219,4,4,4,4
GEN24_20223,4,4,4,4
GEN24_20225,4,4,4,4
GEN24_20228,4,4,4,4
GEN24_20230,4,4,4,4
GEN24_20239,4,4,4,4
GEN24_20240,4,4,4,4
GEN24_20241,4,4,4,4
GEN24_20248,4,4,4,4
GEN24_20250,4,4,4,4
GEN24_20259,4,4,4,4
GEN24_20260,4,4,4,4
GEN24_20272,4,4,4,4
GEN24_20273,4,4,4,4
GEN24_20281,4,4,4,4
GEN24_20285,4,4,4,4
GEN24_20298,4,4,4,4
GEN24_20302,4,4,4,4
GEN24_20305,4,4,4,4
GEN24_20307,4,3,4,4
GEN24_20316,4,4,4,4
GEN24_20324,4,4,4,4
GEN24_20327,4,4,4,4
GEN24_20328,4,4,4,4
GEN24_20333,4,4,4,4
GEN24_20339,4,4,4,4
GEN24_20340,4,4,4,4
GEN24_20341,4,4,4,4
GEN24_20342,4,4,4,4
GEN24_20343,4,4,4,4
GEN24_20347,4,4,4,4
GEN24_20354,4,4,4,4
GEN24_20356,4,4,3,4
GEN24_20364,4,4,4,4
GEN24_20379,4,4,4,4
GEN24_20387,4,4,3,4
GEN24_20390,4,4,4,4
GEN24_20394,4,4,4,4
GEN24_20397,4,4,4,3
GEN24_20399,4,4,4,4
GEN24_20400,4,4,4,4
GEN24_20414,4,4,4,4
GEN24_20415,4,4,4,4
GEN24_20416,4,4,4,4
GEN24_20419,4,3,4,4
GEN24_20423,4,4,4,4
GEN24_20428,4,4,4,4
GEN24_20435,4,4,4,4
GEN24_20437,4,3,3,4
GEN24_20440,4,4,3,4
GEN24_20443,4,4,4,4
GEN24_20453,4,4,4,4
GEN24_20456,4,4,4,4
GEN24_20457,4,4,4,4
GEN24_20460,4,4,4,4
GEN24_20465,4,4,4,4
GEN24_20468,4,4,4,4
GEN24_20470,4,3,3,4
GEN24_20477,4,4,4,4
GEN24_20480,4,4,4,4
GEN24_20481,4,3,3,2
GEN24_20485,4,4,4,4
GEN24_20486,4,4,3,4
GEN24_20487,4,4,4,4
GEN24_20488,4,4,4,4
GEN24_20491,4,4,4,4
GEN24_20493,4,4,4,4
GEN24_20494,4,4,4,4
GEN24_20509,4,4,3,4
GEN24_20510,4,4,4,4
GEN24_20513,4,3,4,4
GEN24_20519,4,4,4,4
GEN24_20533,4,4,4,3
GEN24_20537,4,4,4,4
GEN24_20539,4,4,4,4
GEN24_20545,4,4,4,4
GEN24_20546,4,4,4,2
GEN24_20548,4,4,4,4
GEN24_20552,4,4,4,4
GEN24_20558,4,4,4,4
GEN24_20571,4,4,4,4
GEN24_20574,4,4,4,4
GEN24_20585,4,4,4,4
GEN24_20586,4,4,4,4
GEN24_20589,4,4,4,4
GEN24_20591,4,4,4,4
GEN24_20592,4,4,4,4
GEN24_20600,4,4,4,4
GEN24_20616,4,4,4,4
GEN24_20617,4,4,4,4
GEN24_20618,4,4,4,4
GEN24_20632,4,4,4,4
GEN24_20633,4,4,4,4
GEN24_20647,4,4,4,4
GEN24_20659,4,4,4,4
GEN24_20660,4,4,4,4
GEN24_20668,4,4,4,4
GEN24_20693,4,4,4,4
GEN24_20698,4,4,4,4
GEN24_20707,4,4,4,4
GEN24_20713,4,4,4,4
GEN24_20715,4,4,4,4
GEN24_20718,4,4,4,4
GEN24_20721,4,4,4,4
GEN24_20722,4,4,4,4
GEN24_20724,4,4,4,4
GEN24_20725,4,4,4,4
GEN24_20727,4,4,4,4
GEN24_20729,4,4,3,4
GEN24_20731,3,4,4,4
GEN24_20733,4,3,4,4
GEN24_20740,4,3,4,4
GEN24_20742,4,4,4,4
GEN24_20756,4,4,4,4
GEN24_20759,4,4,4,4
GEN24_20769,4,3,4,4
GEN24_20771,4,4,4,4
GEN24_20776,4,4,4,4
GEN24_20778,4,4,4,4
GEN24_20779,4,2,4,4
GEN24_20782,4,4,4,4
GEN24_20789,4,4,4,4
GEN24_20796,1,1,1,1
GEN24_20799,4,4,4,4
GEN24_20801,4,4,4,4
GEN24_20817,4,4,4,4
GEN24_20824,4,4,4,4
GEN24_20825,4,3,4,4
GEN24_20827,4,4,3,4
GEN24_20830,4,4,4,4
GEN24_20833,4,4,4,3
GEN24_20840,4,4,4,4
GEN24_20845,4,4,4,4
GEN24_20851,4,4,4,4
GEN24_20852,4,4,4,4
GEN24_20862,4,4,4,4
GEN24_20865,4,4,4,4
GEN24_20873,4,1,4,4
GEN24_20876,4,4,4,4
GEN24_20877,4,4,4,4
GEN24_20881,4,4,4,4
GEN24_20883,4,4,4,4
GEN24_20884,4,4,4,4
GEN24_20904,4,4,4,4
GEN24_20917,4,4,4,4
GEN24_20923,4,4,4,4
GEN24_20924,4,4,4,4
GEN24_20929,4,4,4,4
GEN24_20938,4,4,4,4
GEN24_20942,4,4,4,4
GEN24_20944,4,4,4,4
GEN24_20948,4,4,4,4
GEN24_20954,4,4,4,4
GEN24_20973,4,4,4,3
GEN24_20974,4,4,4,4
GEN24_20985,4,4,4,4
GEN24_20992,4,4,4,4
GEN24_20994,4,4,4,4
GEN24_21025,4,4,4,4
GEN24_21103,4,4,4,4
GEN24_21142,4,4,4,4
GEN24_21418,4,4,4,4
GEN24_21636,4,4,4,4
GEN24_21665,4,4,3,4
GEN24_21694,4,4,4,4
GEN24_21742,4,3,4,4
GEN24_21765,4,4,4,4
GEN24_21839,4,4,4,4
GEN24_21880,4,3,4,4
GEN24_21927,4,4,4,4
GEN24_22070,4,4,4,4
GEN24_22075,4,4,4,3
GEN24_22076,4,3,4,3
GEN24_22084,4,4,4,4
GEN24_22088,4,4,4,4
GEN24_22094,4,4,4,4
GEN24_22101,4,3,4,3
GEN24_22113,4,3,4,3
GEN24_22114,4,4,4,4
GEN24_22120,4,4,4,4
GEN24_22131,4,4,4,4
GEN24_22134,4,4,4,4
GEN24_22166,4,4,4,4
GEN24_22173,4,4,4,4
GEN24_22182,4,4,3,4
GEN24_22183,4,4,4,4
GEN24_22193,4,4,4,4
GEN24_22202,4,4,4,4
GEN24_22203,4,4,4,4
GEN24_22209,4,4,4,4
GEN24_22210,4,4,4,4
GEN24_22213,4,3,4,4
GEN24_22223,4,4,3,4
GEN24_22225,4,4,4,4
GEN24_22262,4,4,4,4
GEN24_22282,4,4,4,4
GEN24_22291,4,4,4,4
GEN24_22298,4,4,4,4
GEN24_22306,4,4,4,4
GEN24_22326,4,3,3,4
GEN24_22333,4,4,4,4
GEN24_22335,4,4,4,4
GEN24_22346,4,4,4,4
GEN24_22348,4,4,4,4
GEN24_22354,4,4,4,4
GEN24_22364,4,4,4,4
GEN24_22366,4,4,4,4
GEN24_22375,4,4,4,4
GEN24_22376,4,4,4,4
GEN24_22396,4,4,4,4
GEN24_22406,4,4,4,4
GEN24_22430,4,4,4,4
GEN24_22444,4,4,4,3
GEN24_22474,4,4,3,4
GEN24_22496,4,4,4,4
GEN24_22503,4,4,4,4
GEN24_22507,4,4,4,4
GEN24_22516,4,4,4,4
GEN24_22523,4,4,4,4
GEN24_22524,3,4,4,2
GEN24_22526,4,4,4,4
GEN24_22538,4,4,4,4
GEN24_22547,4,4,4,4
GEN24_22550,4,4,4,4
GEN24_22556,4,4,3,4
GEN24_22563,4,4,4,4
GEN24_22574,4,4,4,4
GEN24_22590,4,4,4,4
GEN24_22595,4,4,4,4
GEN24_22601,4,4,4,4
GEN24_22607,4,4,4,4
GEN24_22615,4,4,4,4
GEN24_22625,4,4,4,4
GEN24_22630,4,4,4,4
GEN24_22652,4,4,4,4
GEN24_22663,4,4,4,4
GEN24_22665,4,4,4,4
GEN24_22680,4,4,4,4
GEN24_22698,4,4,4,3
GEN24_22706,4,4,4,4
GEN24_22711,4,4,4,4
GEN24_22718,4,4,4,4
GEN24_22726,4,3,3,4
GEN24_22734,4,4,4,4
GEN24_22741,4,4,4,4
GEN24_22749,4,4,4,4
GEN24_22757,4,4,4,4
GEN24_22767,4,4,4,4
GEN24_22770,4,4,4,4
GEN24_22776,4,4,4,4
GEN24_22813,4,4,4,4
GEN24_22819,4,4,4,4
GEN24_22823,4,4,4,4
GEN24_22864,4,4,4,4
GEN24_22870,4,4,4,4
GEN24_22873,4,4,4,4
GEN24_22895,4,4,4,3
GEN24_22914,4,4,4,4
GEN24_22926,4,4,1,4
GEN24_22931,4,4,4,3
GEN24_22932,4,4,4,4
GEN24_22954,4,4,4,4
GEN24_22963,4,4,4,4
GEN24_22970,4,4,4,4
GEN24_22981,4,4,4,4
GEN24_22982,4,4,4,4
GEN24_22987,4,4,4,4
GEN24_23005,4,4,4,4
GEN24_23020,4,4,4,4
GEN24_23023,4,4,4,4
GEN24_23029,4,4,4,4
GEN24_23033,4,4,4,4
GEN24_23035,4,4,4,4
GEN24_23043,4,4,4,4
GEN24_23045,4,3,4,3
GEN24_23061,4,4,4,3
GEN24_23069,4,4,4,4
GEN24_23077,4,4,4,4
GEN24_23082,4,4,4,4
GEN24_23084,4,4,4,4
GEN24_23102,4,4,3,4
GEN24_23107,4,4,4,4
GEN24_23109,4,4,4,4
GEN24_23135,4,4,2,4
GEN24_23146,4,4,4,4
GEN24_23148,3,4,4,4
GEN24_23152,4,4,4,4
GEN24_23154,4,3,4,4
GEN24_23155,1,1,1,1
GEN24_23170,4,4,4,4
GEN24_23184,4,4,4,4
GEN24_23192,4,4,4,4
GEN24_23213,4,4,4,4
GEN24_23223,4,4,4,4
GEN24_23227,4,4,3,4
GEN24_23231,4,4,4,4
GEN24_23240,4,4,4,4
GEN24_23246,4,4,3,4
GEN24_23249,4,4,4,4
GEN24_23250,4,4,4,4
GEN24_23251,4,4,4,4
GEN24_23253,4,4,4,4
GEN24_23254,4,4,3,3
GEN24_23257,4,4,4,4
GEN24_23260,4,4,4,4
GEN24_23269,4,4,4,3
GEN24_23272,4,4,4,4
GEN24_23273,4,4,4,4
GEN24_23274,4,4,4,4
GEN24_23275,4,4,4,4
GEN24_23277,3,3,3,2
GEN24_23278,4,4,4,4
GEN24_23283,4,4,4,4
GEN24_23284,4,4,4,4
GEN24_23286,4,4,4,4
GEN24_23291,4,4,4,4
GEN24_23298,4,4,4,4
GEN24_23307,4,4,4,4
GEN24_23309,3,4,4,4
GEN24_23311,4,4,4,4
GEN24_23316,4,4,3,4
GEN24_23326,4,4,4,4
GEN24_23327,4,4,4,4
GEN24_23330,4,4,4,4
GEN24_23332,4,4,4,4
GEN24_23336,4,4,4,4
GEN24_23337,4,4,4,4
GEN24_23338,4,4,4,4
GEN24_23347,4,4,4,4
GEN24_23354,4,4,4,4
GEN24_23365,4,4,3,4
GEN24_23374,4,4,4,4
GEN24_23385,4,4,4,4
GEN24_23387,4,4,4,4
GEN24_23397,4,4,4,4
GEN24_23402,4,4,4,4
GEN24_23404,4,4,4,4
GEN24_23417,4,4,4,4
GEN24_23420,4,4,4,4
GEN24_23458,4,4,4,4
GEN24_23459,4,4,4,4
GEN24_23464,3,3,3,4
GEN24_23470,4,4,4,4
GEN24_23473,4,4,4,4
GEN24_23488,4,4,3,4
GEN24_23491,4,4,4,4
GEN24_23498,4,4,4,4
GEN24_23505,4,4,4,4
GEN24_23509,3,4,4,4
GEN24_23512,4,4,3,4
GEN24_23531,4,4,4,3
GEN24_23532,4,4,4,4
GEN24_23534,4,4,4,4
GEN24_23535,4,4,3,4
GEN24_23536,4,4,4,3
GEN24_23538,4,3,3,4
GEN24_23541,3,4,3,4
GEN24_23543,4,4,3,4
GEN24_23544,4,4,4,4
GEN24_23545,4,4,4,4
GEN24_23548,4,4,4,4
GEN24_23550,4,4,4,4
GEN24_23551,4,4,4,4
GEN24_23555,4,4,4,4
GEN24_23560,4,4,3,4
GEN24_23561,4,4,4,4
GEN24_23566,4,4,4,4
GEN24_23567,4,4,4,4
GEN24_23568,4,4,4,4
GEN24_23571,4,4,4,4
GEN24_23574,4,4,4,4
GEN24_23575,4,4,4,4
GEN24_23581,4,4,4,4
GEN24_23582,4,4,4,4
GEN24_23585,4,4,4,4
GEN24_23586,4,4,4,4
GEN24_23587,4,4,4,4
GEN24_23589,4,4,4,4
GEN24_23591,4,4,4,4
GEN24_23593,3,3,3,4
GEN24_23594,4,4,4,4
GEN24_23595,1,4,4,4
GEN24_23596,4,4,4,4
GEN24_23597,3,4,3,4
GEN24_23599,4,4,4,4
GEN24_23600,4,4,4,4
GEN24_23601,4,4,4,4
GEN24_23602,4,4,4,4
GEN24_23603,4,4,3,4
GEN24_23604,4,4,4,4
GEN24_23605,4,4,4,4
GEN24_23606,4,4,4,4
GEN24_23607,4,4,4,3
GEN24_23608,4,4,4,4
GEN24_23609,4,4,4,4
GEN24_23611,4,3,4,3
GEN24_23616,4,4,4,4
GEN24_23618,4,4,4,4
GEN24_23619,4,4,4,4
GEN24_23621,4,4,4,4
GEN24_23622,4,4,4,4
GEN24_23623,4,4,4,4
GEN24_23624,4,4,4,4
GEN24_23625,4,4,4,2
GEN24_23626,4,4,4,4
GEN24_23630,4,4,4,4
GEN24_23632,4,3,4,4
GEN24_23635,4,4,4,4
GEN24_23650,4,4,4,4
GEN24_23659,4,4,4,4
GEN24_23660,4,4,4,4
GEN24_23661,4,4,4,3
GEN24_23665,4,4,4,4
GEN24_23667,4,4,4,4
GEN24_23671,4,4,4,4
GEN24_23676,4,4,4,4
GEN24_23679,4,3,4,4
GEN24_23689,4,4,4,4
GEN24_23695,4,4,4,4
GEN24_23700,4,4,4,4
GEN24_23704,4,4,4,4
GEN24_23708,4,4,4,4
GEN24_23710,4,4,4,4
GEN24_23712,4,4,4,4
GEN24_23716,4,4,4,4
GEN24_23719,4,4,4,4
GEN24_23720,4,4,3,4
GEN24_23721,4,4,4,4
GEN24_23728,4,4,4,4
GEN24_23729,4,4,4,4
GEN24_23731,4,4,4,4
GEN24_23733,4,4,4,4
GEN24_23746,4,4,4,4
GEN24_23757,4,4,4,4
GEN24_23760,4,4,4,4
GEN24_23782,4,4,4,4
GEN24_23785,4,4,4,4
GEN24_23787,4,4,4,4
GEN24_23790,4,4,4,4
GEN24_23792,4,4,4,4
GEN24_23793,4,4,4,4
GEN24_23795,4,4,4,4
GEN24_23797,4,4,4,4
GEN24_23798,4,4,4,3
GEN24_23799,4,4,4,4
GEN24_23800,4,4,4,4
GEN24_23801,4,4,4,4
GEN24_23804,4,4,4,4
GEN24_23810,4,4,4,4
GEN24_23813,4,4,4,4
GEN24_23814,4,4,4,4
GEN24_23815,4,4,4,4
GEN24_23816,4,4,4,4
GEN24_23817,4,4,4,4
GEN24_23818,4,4,4,4
GEN24_23819,4,4,4,4
GEN24_23820,4,4,4,4
GEN24_23827,4,4,4,4
GEN24_23832,4,4,4,4
GEN24_23843,4,4,4,4
GEN24_23863,4,4,4,4
GEN24_23886,4,4,4,4
GEN24_23892,4,4,4,4
GEN24_23894,4,4,4,4
GEN24_23897,4,3,4,3
GEN24_23902,4,4,4,4
GEN24_23908,4,4,4,4
GEN24_23963,4,4,4,4
GEN24_23987,4,4,4,4
GEN24_23991,4,4,4,4
GEN24_23992,4,4,4,4
GEN24_23994,4,4,4,4
GEN24_23995,4,4,4,4
GEN24_23996,4,4,4,4
GEN24_23997,4,4,4,4
GEN24_24001,4,4,3,4
GEN24_24002,4,3,4,4
GEN24_24004,4,4,3,4
GEN24_24005,4,4,3,4
GEN24_24007,4,4,4,4
GEN24_24008,4,3,4,4
GEN24_24009,4,4,4,4
GEN24_24011,4,4,4,4
GEN24_24013,4,4,4,4
GEN24_24015,4,4,4,4
GEN24_24018,4,4,4,4
GEN24_24019,4,4,4,4
GEN24_24029,3,4,4,4
GEN24_24031,4,4,4,4
GEN24_24032,4,4,4,4
GEN24_24037,4,4,4,3
GEN24_24038,3,4,3,4
GEN24_24040,4,4,4,4
GEN24_24042,3,4,4,2
GEN24_24044,4,4,3,4
GEN24_24050,4,4,4,4
GEN24_24051,3,4,3,4
GEN24_24053,4,4,3,4
GEN24_24054,4,4,4,4
GEN24_24056,4,4,4,4
GEN24_24058,4,4,4,4
GEN24_24059,4,4,4,4
GEN24_24061,4,4,4,4
GEN24_24063,4,4,4,4
GEN24_24064,4,3,3,4
GEN24_24066,4,4,4,4
GEN24_24067,4,4,4,4
GEN24_24068,4,4,4,4
GEN24_24069,4,4,4,4
GEN24_24070,4,3,3,4
GEN24_24071,3,4,3,3
GEN24_24073,4,4,4,3
GEN24_24074,4,4,4,4
GEN24_24081,4,4,4,4
GEN24_24086,4,3,4,4
GEN24_24087,4,4,4,4
GEN24_24088,4,4,4,4
GEN24_24092,4,4,4,4
GEN24_24093,4,4,4,4
GEN24_24094,4,4,4,4
GEN24_24095,4,4,4,4
GEN24_24100,4,4,4,4
GEN24_24101,4,4,4,4
GEN24_24115,4,4,4,4
GEN24_24126,4,4,4,4
GEN24_24131,4,4,4,4
GEN24_24139,4,4,4,4
GEN24_24150,4,3,4,4
GEN24_24151,4,4,4,4
GEN24_24154,4,4,4,4
GEN24_24166,4,4,4,4
GEN24_24168,4,4,4,4
GEN24_24176,4,3,4,4
GEN24_24179,4,4,4,4
GEN24_24188,4,4,4,4
GEN24_24189,4,4,4,4
GEN24_24197,4,4,4,4
GEN24_24208,4,4,4,4
GEN24_24212,4,4,4,4
GEN24_24213,4,4,4,4
GEN24_24214,4,4,3,4
GEN24_24224,4,4,4,4
GEN24_24234,4,4,4,4
GEN24_24237,4,4,4,4
GEN24_24244,4,4,4,4
GEN24_24245,4,4,4,4
GEN24_24249,4,4,4,4
GEN24_24250,4,4,4,4
GEN24_24251,4,4,4,4
GEN24_24255,3,3,3,4
GEN24_24269,4,4,4,4
GEN24_24273,4,4,4,4
GEN24_24275,4,4,4,4
GEN24_24278,4,4,4,4
GEN24_24284,3,4,3,4
GEN24_24285,4,4,4,4
GEN24_24288,4,4,4,4
GEN24_24290,4,4,4,4
GEN24_24291,4,4,4,4
GEN24_24295,4,3,4,4
GEN24_24297,4,4,4,4
GEN24_24301,4,4,4,4
GEN24_24302,4,4,4,4
GEN24_24310,4,4,4,4
GEN24_24315,4,4,4,4
GEN24_24318,4,4,4,4
GEN24_24330,4,4,4,4
GEN24_24335,4,4,4,4
GEN24_24363,4,4,4,4
GEN24_24376,4,4,4,4
GEN24_24378,4,4,4,4
GEN24_24381,4,4,4,4
GEN24_24388,4,3,4,4
GEN24_24409,4,4,4,4
GEN24_24412,4,4,4,4
GEN24_24413,4,4,4,4
GEN24_24416,4,4,4,4
GEN24_24419,4,4,4,4
GEN24_24420,4,4,4,4
GEN24_24421,4,4,4,4
GEN24_24422,4,4,4,4
GEN24_24424,4,4,4,4
GEN24_24430,4,4,4,3
GEN24_24432,4,4,4,4
GEN24_24436,4,4,4,4
GEN24_24438,4,4,4,4
GEN24_24439,4,4,4,4
GEN24_24441,4,4,3,4
GEN24_24444,4,4,4,4
GEN24_24445,4,4,4,4
GEN24_24452,4,4,4,4
GEN24_24453,4,4,4,4
GEN24_24454,4,4,4,3
GEN24_24458,4,4,4,4
GEN24_24464,4,4,4,4
GEN24_24466,4,3,4,4
GEN24_24468,4,4,4,4
GEN24_24472,4,4,4,4
GEN24_24473,1,4,4,4
GEN24_24476,4,4,4,4
GEN24_24480,4,3,4,4
GEN24_24481,4,4,4,4
GEN24_24482,4,4,4,4
GEN24_24484,4,4,4,4
GEN24_24485,4,4,4,4
GEN24_24487,4,4,4,4
GEN24_24489,4,4,4,4
GEN24_24504,4,4,4,4
GEN24_24505,4,4,3,4
GEN24_24509,4,4,4,4
GEN24_24512,4,4,4,4
GEN24_24516,4,4,4,4
GEN24_24523,4,4,4,4
GEN24_24526,4,4,4,4
GEN24_24527,4,4,4,4
GEN24_24533,4,4,4,4
GEN24_24542,4,4,4,4
GEN24_24605,4,3,3,4
GEN24_24606,4,4,4,4
GEN24_24616,4,3,4,4
GEN24_24624,4,4,4,4
GEN24_24629,4,4,4,4
GEN24_24630,4,4,4,4
GEN24_24631,4,4,4,4
GEN24_24632,4,4,3,4
GEN24_24633,4,4,4,4
GEN24_24636,4,4,4,4
GEN24_24637,4,4,4,4
GEN24_24639,4,4,4,4
GEN24_24640,4,4,4,4
GEN24_24641,4,4,4,4
GEN24_24643,4,4,4,4
GEN24_24647,4,4,4,3
GEN24_24649,4,4,4,4
GEN24_24650,4,4,4,4
GEN24_24653,4,4,4,4
GEN24_24654,4,4,4,4
GEN24_24656,4,4,4,4
GEN24_24659,4,4,4,4
GEN24_24661,4,4,4,4
GEN24_24748,4,4,4,4
GEN24_24762,3,4,4,4
GEN24_24764,4,4,4,4
GEN24_24765,4,4,4,4
GEN24_24767,4,4,4,4
GEN24_24775,4,4,4,4
GEN24_24794,4,3,4,4
GEN24_24797,4,4,4,4
GEN24_24801,4,4,4,4
GEN24_24803,4,3,4,4
GEN24_24804,4,4,4,4
GEN24_24811,4,4,4,4
GEN24_24813,4,4,4,4
GEN24_24814,4,4,4,4
GEN24_24822,4,4,4,4
GEN24_24824,4,4,4,4
GEN24_24825,4,4,4,4
GEN24_24827,4,4,4,3
GEN24_24828,4,4,4,4
GEN24_24850,4,3,4,4
GEN24_24853,4,4,4,4
GEN24_24856,4,4,4,4
GEN24_24857,4,4,4,4
GEN24_24859,4,4,4,4
GEN24_24860,4,4,3,4
GEN24_24864,4,4,4,4
GEN24_24865,4,4,4,4
GEN24_24866,4,4,3,3
GEN24_24867,4,4,4,4
GEN24_24870,4,4,4,4
GEN24_24873,4,4,4,4
GEN24_24874,4,4,4,4
GEN24_24876,4,4,4,4
GEN24_24878,4,4,4,4
GEN24_24883,4,4,4,4
GEN24_24887,4,4,4,4
GEN24_24888,4,4,4,4
GEN24_24889,4,3,2,4
GEN24_24891,4,4,3,4
GEN24_24896,4,4,4,2
GEN24_24897,4,4,4,3
GEN24_24898,4,4,4,4
GEN24_24899,4,4,4,4
GEN24_24900,4,4,4,4
GEN24_24901,4,4,4,4
GEN24_24903,4,4,4,4
GEN24_24905,4,4,4,4
GEN24_24907,4,4,4,4
GEN24_24908,4,4,3,4
GEN24_24909,4,4,4,4
GEN24_24910,4,4,4,4
GEN24_24913,4,4,4,4
GEN24_24938,4,4,4,4
GEN24_24941,4,4,4,4
GEN24_24945,4,4,4,4
GEN24_24947,4,4,4,4
GEN24_24951,4,4,4,4
GEN24_24964,4,4,4,4
GEN24_24966,4,4,4,4
GEN24_24968,4,4,4,4
GEN24_24970,4,4,4,4
GEN24_24976,4,4,4,4
GEN24_25002,4,4,3,4
GEN24_25030,4,4,4,4
GEN24_25040,4,4,4,4
GEN24_25046,4,4,4,4
GEN24_25064,4,4,4,4
GEN24_25067,4,4,4,4
GEN24_25076,4,4,4,3
GEN24_25092,4,4,4,4
GEN24_25095,4,4,4,4
GEN24_25097,4,4,4,4
GEN24_25105,3,4,4,4
GEN24_25110,4,4,4,3
GEN24_25112,4,4,4,3
GEN24_25113,4,4,4,4
GEN24_25121,4,4,3,4
GEN24_25123,4,4,4,4
GEN24_25131,4,4,4,4
GEN24_25140,4,4,4,4
GEN24_25144,4,3,4,4
GEN24_25150,4,4,4,4
GEN24_25163,4,4,4,4
GEN24_25169,4,4,4,4
GEN24_25173,4,3,4,3
GEN24_25177,4,4,4,4
GEN24_25181,4,4,4,3
GEN24_25182,4,3,4,4
GEN24_25185,4,4,4,4
GEN24_25199,4,4,4,4
GEN24_25205,4,4,4,4
GEN24_25207,4,4,4,4
GEN24_25210,4,4,4,4
GEN24_25220,4,4,4,4
GEN24_25233,4,4,4,4
GEN24_25235,4,4,3,4
GEN24_25241,4,4,4,4
GEN24_25247,4,4,4,4
GEN24_25255,4,4,4,4
GEN24_25259,4,3,3,2
GEN24_25262,4,4,4,4
GEN24_25269,3,4,3,4
GEN24_25276,4,4,4,4
GEN24_25289,4,4,4,4
GEN24_25290,4,4,4,4
GEN24_25297,4,4,4,4
GEN24_25304,4,3,4,4
GEN24_25305,4,4,4,4
GEN24_25318,4,4,4,4
GEN24_25325,4,4,3,4
GEN24_25333,4,4,4,4
GEN24_25357,4,4,4,4
GEN24_25358,4,4,4,3
GEN24_25367,4,4,4,4
GEN24_25372,4,4,4,4
GEN24_25374,4,4,4,4
GEN24_25383,4,4,4,4
GEN24_25384,4,4,3,4
GEN24_25390,4,4,4,4
GEN24_25391,4,4,4,4
GEN24_25394,4,4,4,4
GEN24_25395,4,4,4,4
GEN24_25397,3,4,3,4
GEN24_25405,4,4,4,4
GEN24_25407,4,4,3,3
GEN24_25408,4,4,4,4
GEN24_25411,4,4,4,4
GEN24_25412,4,4,4,4
GEN24_25420,4,4,4,4
GEN24_25436,4,4,4,4
GEN24_25439,4,4,4,4
GEN24_25441,4,4,4,4
GEN24_25451,4,4,4,4
GEN24_25469,4,4,4,4
GEN24_25483,4,4,4,4
GEN24_25484,4,4,3,3
GEN24_25497,3,4,4,4
GEN24_25523,4,4,4,4
GEN24_25538,4,4,4,4
GEN24_25542,4,4,4,4
GEN24_25558,4,4,4,4
GEN24_25567,4,4,4,4
GEN24_25590,4,4,4,4
GEN24_25593,4,4,4,4
GEN24_25610,4,4,4,4
GEN24_25614,4,4,4,4
GEN24_25631,4,4,4,4
GEN24_25637,4,4,4,4
GEN24_25654,4,4,4,4
GEN24_25659,4,4,4,4
GEN24_25665,4,3,4,2
GEN24_25666,4,4,4,4
GEN24_25669,4,4,4,3
GEN24_25680,4,4,4,4
GEN24_25685,4,4,4,4
GEN24_25686,4,4,4,4
GEN24_25696,4,4,4,4
GEN24_25710,4,4,4,4
GEN24_25742,4,4,4,4
GEN24_25764,4,4,4,4
GEN24_25770,4,4,4,4
GEN24_25779,4,4,4,4
GEN24_25780,4,4,4,4
GEN24_25782,4,4,4,4
GEN24_25784,4,4,4,4
GEN24_25795,4,4,4,4
GEN24_25802,4,4,4,4
GEN24_25803,4,4,4,4
GEN24_25809,4,4,4,4
GEN24_25811,4,4,4,4
GEN24_25827,4,4,3,4
GEN24_25834,4,3,3,4
GEN24_25835,4,4,4,4
GEN24_25836,4,4,4,4
GEN24_25840,4,4,4,4
GEN24_25854,4,4,4,4
GEN24_25863,4,4,4,4
GEN24_25865,4,4,4,4
GEN24_25868,4,4,4,4
GEN24_25882,4,4,3,4
GEN24_25891,4,4,4,4
GEN24_25896,4,4,4,4
GEN24_25898,4,4,4,4
GEN24_25909,4,4,3,4
GEN24_25916,4,4,4,4
GEN24_25925,4,4,4,4
GEN24_25931,4,4,4,4
GEN24_25940,4,4,4,3
GEN24_25942,4,4,4,4
GEN24_25949,4,4,4,4
GEN24_25956,4,4,4,4
GEN24_25961,4,4,4,4
GEN24_25964,4,4,4,4
GEN24_25979,4,4,4,4
GEN24_25985,4,4,4,4
GEN24_25986,4,4,4,4
GEN24_25993,4,4,4,4
GEN24_25997,4,4,4,4
GEN24_26036,4,3,4,3
GEN24_26037,4,4,4,4
GEN24_26038,4,4,4,4
GEN24_26040,4,4,4,4
GEN24_26043,3,4,4,4
GEN24_26049,4,4,4,4
GEN24_26060,4,4,4,4
GEN24_26061,4,4,4,4
GEN24_26066,4,4,4,4
GEN24_26070,4,4,4,4
GEN24_26080,4,4,4,4
GEN24_26089,4,4,4,4
GEN24_26092,4,4,4,4
GEN24_26094,4,4,4,4
GEN24_26097,4,4,4,4
GEN24_26104,4,4,4,4
GEN24_26113,4,4,4,4
GEN24_26118,4,4,4,4
GEN24_26119,4,4,4,4
GEN24_26136,4,4,4,4
GEN24_26145,3,4,3,4
GEN24_26163,4,4,4,4
GEN24_26174,4,4,4,4
GEN24_26177,3,4,4,3
GEN24_26184,4,4,4,4
GEN24_26193,4,4,3,4
GEN24_26196,4,4,4,4
GEN24_26204,4,4,4,4
GEN24_26219,4,4,4,4
GEN24_26220,4,4,3,4
GEN24_26225,4,4,4,4
GEN24_26228,4,4,4,4
GEN24_26243,4,4,4,4
GEN24_26255,4,4,4,4
GEN24_26256,4,4,4,3
GEN24_26266,4,4,4,4
GEN24_26272,4,4,4,4
GEN24_26281,4,4,4,4
GEN24_26285,4,4,4,4
GEN24_26295,4,4,4,4
GEN24_26311,3,4,3,4
GEN24_26325,4,4,4,4
GEN24_26327,4,4,4,4
GEN24_26336,4,4,4,4
GEN24_26347,4,4,4,4
GEN24_26368,4,4,4,4
GEN24_26388,3,4,4,3
GEN24_26390,4,4,4,3
GEN24_26397,4,4,4,4
GEN24_26401,4,4,4,4
GEN24_26406,4,4,4,4
GEN24_26418,4,4,4,4
GEN24_26420,4,4,4,4
GEN24_26436,4,4,4,4
GEN24_26446,4,4,4,4
GEN24_26450,4,4,4,4
GEN24_26453,4,4,4,4
GEN24_26456,4,4,4,4
GEN24_26457,4,4,4,4
GEN24_26474,3,3,3,3
GEN24_26477,4,4,4,4
GEN24_26484,4,4,4,4
GEN24_26492,4,4,4,4
GEN24_26493,4,4,4,4
GEN24_26502,4,4,4,4
GEN24_26503,4,4,4,4
GEN24_26504,4,4,4,4
GEN24_26506,4,4,4,4
GEN24_26507,4,4,4,4
GEN24_26508,4,4,4,4
GEN24_26519,4,4,4,2
GEN24_26531,4,4,4,4
GEN24_26551,4,4,3,4
GEN24_26552,4,4,4,4
GEN24_26559,4,4,4,4
GEN24_26569,4,4,3,3
GEN24_26580,4,4,4,4
GEN24_26581,4,4,4,4
GEN24_26588,4,4,4,3
GEN24_26590,4,4,4,4
GEN24_26599,4,4,4,4
GEN24_26604,4,4,4,4
GEN24_26609,4,4,4,4
GEN24_26627,4,4,4,4
GEN24_26633,4,4,4,4
GEN24_26634,4,4,4,4
GEN24_26639,4,3,4,4
GEN24_26650,4,3,3,4
GEN24_26658,4,3,3,4
GEN24_26660,4,4,4,4
GEN24_26663,4,4,4,4
GEN24_26665,4,4,4,4
GEN24_26698,4,4,4,3
GEN24_26703,4,4,4,4
GEN24_26711,4,4,3,4
GEN24_26719,4,4,4,3
GEN24_26728,4,4,4,3
GEN24_26733,4,4,4,4
GEN24_26743,4,4,4,4
GEN24_26757,4,4,4,4
GEN24_26771,4,4,3,4
GEN24_26782,4,4,4,4
GEN24_26784,4,4,4,4
GEN24_26785,4,4,4,4
GEN24_26804,4,4,4,4
GEN24_26806,4,4,4,4
GEN24_26810,4,4,4,4
GEN24_26813,4,4,4,4
GEN24_26817,4,3,4,4
GEN24_26826,4,4,4,3
GEN24_26829,4,4,4,4
GEN24_26831,4,3,4,4
GEN24_26836,4,4,4,4
GEN24_26841,4,4,4,4
GEN24_26842,4,4,4,4
GEN24_26852,4,4,4,4
GEN24_26854,4,4,4,4
GEN24_26858,4,4,4,4
GEN24_26867,4,4,4,4
GEN24_26885,4,4,4,4
GEN24_26887,4,4,4,4
GEN24_26891,4,4,4,4
GEN24_26902,4,4,4,4
GEN24_26906,4,4,3,4
GEN24_26924,4,4,4,4
GEN24_26931,4,4,4,4
GEN24_26946,3,3,4,3
GEN24_26954,4,4,4,4
GEN24_26961,4,4,4,4
GEN24_26964,4,4,4,4
GEN24_26970,4,4,4,4
GEN24_26973,4,4,4,4
GEN24_26975,4,4,4,4
GEN24_26979,4,4,3,4
GEN24_26983,4,4,4,4
GEN24_26984,4,3,4,4
GEN24_27000,4,4,4,4
GEN24_27007,4,4,4,4
GEN24_27013,4,4,4,3
GEN24_27015,4,4,4,4
GEN24_27024,4,4,4,4
GEN24_27025,4,4,4,4
GEN24_27027,4,4,4,4
GEN24_27034,4,3,4,4
GEN24_27035,4,4,4,4
GEN24_27039,4,4,4,4
GEN24_27040,4,3,3,3
GEN24_27042,4,4,4,4
GEN24_27043,4,4,4,4
GEN24_27053,4,3,4,4
GEN24_27056,4,4,4,4
GEN24_27060,4,4,4,4
GEN24_27081,4,4,4,4
GEN24_27086,4,4,4,4
GEN24_27087,4,3,4,4
GEN24_27088,4,4,4,4
GEN24_27094,4,4,3,4
GEN24_27110,4,4,4,4
GEN24_27111,4,4,4,4
GEN24_27131,3,4,4,4
GEN24_27132,4,4,4,4
GEN24_27136,4,4,4,4
GEN24_27140,4,4,4,4
GEN24_27147,4,4,4,4
GEN24_27155,4,4,3,4
GEN24_27158,4,4,4,3
GEN24_27159,4,4,4,4
GEN24_27162,4,3,4,4
GEN24_27168,3,4,4,3
GEN24_27169,4,4,4,4
GEN24_27171,4,3,4,3
GEN24_27173,4,4,4,4
GEN24_27175,4,4,4,4
GEN24_27186,4,4,4,4
GEN24_27188,4,4,4,4
GEN24_27191,4,4,4,4
GEN24_27192,4,4,4,4
GEN24_27193,4,3,4,4
GEN24_27194,4,4,4,4
GEN24_27195,4,4,4,4
GEN24_27198,4,4,3,4
GEN24_27206,4,4,4,4
GEN24_27207,4,4,4,4
GEN24_27218,4,4,4,4
GEN24_27236,4,4,4,4
GEN24_27240,2,4,3,3
GEN24_27243,4,4,4,4
GEN24_27260,4,4,4,4
GEN24_27266,4,4,4,4
GEN24_27279,4,4,4,4
GEN24_27280,4,4,4,4
GEN24_27282,4,4,4,4
GEN24_27284,4,4,4,4
GEN24_27292,4,4,4,4
GEN24_27295,4,4,4,4
GEN24_27297,4,4,3,4
GEN24_27314,4,4,4,4
GEN24_27315,4,4,4,4
GEN24_27319,4,4,4,4
GEN24_27327,4,4,4,4
GEN24_27328,4,3,3,4
GEN24_27334,4,4,4,4
GEN24_27339,4,4,4,4
GEN24_27341,4,4,4,4
GEN24_27345,4,4,4,4
GEN24_27352,4,4,4,4
GEN24_27357,4,4,4,4
GEN24_27360,4,4,4,4
GEN24_27364,4,4,4,4
GEN24_27374,4,2,3,1
GEN24_27380,4,4,4,4
GEN24_27383,4,4,4,4
GEN24_27399,4,4,4,4
GEN24_27404,4,4,4,4
GEN24_27414,4,4,4,4
GEN24_27416,4,3,4,4
GEN24_27434,4,4,3,4
GEN24_27443,4,3,4,3
GEN24_27458,4,4,4,4
GEN24_27470,4,4,4,4
GEN24_27473,4,4,4,4
GEN24_27474,4,4,4,4
GEN24_27475,4,4,4,4
GEN24_27478,4,4,4,4
GEN24_27480,3,4,4,4
GEN24_27481,4,4,4,4
GEN24_27484,4,4,4,4
GEN24_27486,4,4,4,4
GEN24_27496,4,4,4,4
GEN24_27507,3,4,4,4
GEN24_27511,4,4,4,4
GEN24_27518,4,4,4,4
GEN24_27525,4,4,4,4
GEN24_27528,4,3,3,4
GEN24_27544,4,4,4,4
GEN24_27546,4,4,4,4
GEN24_27551,4,4,4,4
GEN24_27556,4,4,4,4
GEN24_27570,4,4,4,4
GEN24_27571,4,4,4,4
GEN24_27573,4,4,4,4
GEN24_27588,4,4,4,4
GEN24_27589,4,4,4,4
GEN24_27609,4,4,4,3
GEN24_27610,4,4,4,4
GEN24_27611,4,3,3,4
GEN24_27613,4,4,4,4
GEN24_27621,4,4,4,4
GEN24_27629,4,4,4,4
GEN24_27632,4,4,4,4
GEN24_27637,4,4,4,4
GEN24_27639,4,4,4,4
GEN24_27650,4,4,4,4
GEN24_27663,4,4,4,4
GEN24_27665,4,4,3,3
GEN24_27666,4,4,4,4
GEN24_27670,4,4,4,4
GEN24_27676,4,4,4,4
GEN24_27678,4,4,4,4
GEN24_27679,4,4,4,4
GEN24_27687,4,4,4,4
GEN24_27690,4,4,4,4
GEN24_27697,4,4,4,4
GEN24_27707,4,4,4,4
GEN24_27716,4,4,3,4
GEN24_27725,4,4,4,4
GEN24_27732,4,4,4,4
GEN24_27736,4,3,4,3
GEN24_27740,4,4,4,4
GEN24_27742,4,4,3,3
GEN24_27749,4,4,4,4
GEN24_27753,4,4,3,4
GEN24_27757,4,4,4,4
GEN24_27758,4,4,4,4
GEN24_27762,4,4,4,4
GEN24_27765,4,4,4,4
GEN24_27766,4,4,4,4
GEN24_27770,4,4,4,4
GEN24_27771,4,4,4,4
GEN24_27779,4,4,4,4
GEN24_27782,4,4,4,4
GEN24_27786,4,4,4,4
GEN24_27790,4,4,4,4
GEN24_27791,4,4,4,4
GEN24_27799,4,4,4,4
GEN24_27800,4,4,4,3
GEN24_27806,4,4,4,4
GEN24_27809,1,4,4,4
GEN24_27817,4,4,3,4
GEN24_27820,4,4,4,4
GEN24_27827,4,4,4,4
GEN24_27837,4,4,4,4
GEN24_27841,4,4,4,4
GEN24_27842,4,4,4,4
GEN24_27843,4,4,4,4
GEN24_27844,4,4,4,4
GEN24_27846,4,4,4,4
GEN24_27850,4,4,4,4
GEN24_27857,4,4,4,4
GEN24_27859,4,4,4,4
GEN24_27865,4,4,4,4
GEN24_27870,4,4,4,4
GEN24_27871,4,4,4,4
GEN24_27876,4,4,4,4
GEN24_27892,4,4,4,3
GEN24_27898,4,4,4,4
GEN24_27900,4,4,4,4
GEN24_27908,4,4,4,4
GEN24_27909,4,4,4,4
GEN24_27912,4,4,4,4
GEN24_27913,4,4,4,4
GEN24_27925,4,4,4,4
GEN24_27928,4,4,4,4
GEN24_27950,4,4,4,4
GEN24_27954,4,4,4,4
GEN24_27968,4,3,4,4
GEN24_27969,4,4,4,4
GEN24_27974,4,4,4,4
GEN24_27976,4,4,4,4
GEN24_27982,4,4,3,4
GEN24_28003,4,4,4,4
GEN24_28009,4,4,4,4
GEN24_28024,4,4,4,4
GEN24_28028,4,4,4,4
GEN24_28033,4,4,4,4
GEN24_28034,4,4,4,4
GEN24_28036,4,4,4,4
GEN24_28039,4,4,4,4
GEN24_28041,4,4,4,4
GEN24_28053,4,4,4,4
GEN24_28065,4,4,4,4
GEN24_28066,4,4,4,4
GEN24_28072,4,4,3,3
GEN24_28082,4,4,4,4
GEN24_28085,4,3,3,4
GEN24_28109,4,4,3,4
GEN24_28116,4,4,4,4
GEN24_28127,4,4,4,4
GEN24_28128,4,4,4,4
GEN24_28133,4,4,3,4
GEN24_28145,4,4,4,4
GEN24_28147,4,4,4,4
GEN24_28150,4,4,4,4
GEN24_28153,4,4,4,4
GEN24_28154,4,4,4,4
GEN24_28157,4,4,4,4
GEN24_28161,4,3,4,4
GEN24_28164,4,4,4,4
GEN24_28171,4,4,4,3
GEN24_28222,4,4,4,4
GEN24_28226,1,1,4,1
GEN24_28228,4,4,4,4
GEN24_28231,4,4,4,4
GEN24_28232,4,4,4,4
GEN24_28233,4,4,4,4
GEN24_28238,4,4,4,4
GEN24_28245,4,4,4,4
GEN24_28247,4,4,4,4
GEN24_28250,1,4,4,3
GEN24_28251,4,4,4,4
GEN24_28261,4,4,4,4
GEN24_28268,4,4,4,4
GEN24_28305,4,4,4,4
GEN24_28319,4,4,4,4
GEN24_28327,3,4,4,3
GEN24_28330,4,4,4,4
GEN24_28351,3,3,4,4
GEN24_28387,4,4,4,4
GEN24_28400,4,4,4,4
GEN24_28409,4,4,4,4
GEN24_28413,4,4,4,4
GEN24_28418,4,4,4,4
GEN24_28419,4,4,4,4
GEN24_28421,4,4,4,4
GEN24_28423,4,4,4,4
GEN24_28425,4,4,4,4
GEN24_28427,4,4,4,4
GEN24_28429,4,4,4,4
GEN24_28434,4,4,4,4
GEN24_28439,4,4,4,2
GEN24_28477,4,4,4,4
GEN24_28484,3,4,3,4
GEN24_28493,4,4,4,4
GEN24_28495,4,4,4,4
GEN24_28496,4,4,4,4
GEN24_28502,3,4,4,4
GEN24_28505,4,4,4,4
GEN24_28514,4,4,4,4
GEN24_28521,4,4,4,4
GEN24_28523,4,4,4,4
GEN24_28526,4,4,4,4
GEN24_28528,4,4,4,4
GEN24_28529,4,4,4,4
GEN24_28532,4,4,4,4
GEN24_28557,4,4,4,4
GEN24_28558,4,4,4,4
GEN24_28560,4,4,4,3
GEN24_28561,4,4,4,4
GEN24_28563,4,4,4,4
GEN24_28565,4,4,4,4
GEN24_28566,4,4,4,4
GEN24_28574,4,4,4,4
GEN24_28576,4,4,4,4
GEN24_28580,4,3,3,4
GEN24_28614,4,4,4,4
GEN24_28617,4,4,4,4
GEN24_28670,4,4,4,4
GEN24_28682,4,4,4,4
GEN24_28691,4,4,4,4
GEN24_28702,4,2,4,3
GEN24_28703,4,4,4,4
GEN24_28707,4,4,4,2
GEN24_28709,4,3,4,3
GEN24_28713,4,3,4,4
GEN24_28722,4,4,4,4
GEN24_28727,4,4,4,4
GEN24_28728,4,4,4,4
GEN24_28735,4,3,4,4
GEN24_28736,4,4,4,4
GEN24_28743,4,4,4,4
GEN24_28744,4,4,4,4
GEN24_28747,4,4,4,3
GEN24_28750,4,4,4,4
GEN24_28752,4,4,4,4
GEN24_28753,4,4,4,4
GEN24_28754,4,3,4,4
GEN24_28755,4,4,4,4
GEN24_28760,4,4,4,4
GEN24_28761,4,4,4,4
GEN24_28763,4,4,4,4
GEN24_28764,4,3,4,3
GEN24_28765,4,4,4,4
GEN24_28769,4,4,4,4
GEN24_28772,4,4,4,4
GEN24_28774,4,4,4,4
GEN24_28793,4,4,4,4
GEN24_28796,4,4,4,4
GEN24_28821,4,4,4,4
GEN24_28827,4,4,4,2
GEN24_28850,4,4,4,4
GEN24_28853,4,4,4,4
GEN24_28855,4,4,4,4
GEN24_28860,4,4,4,4
GEN24_28862,4,4,4,4
GEN24_28866,4,4,4,4
GEN24_28867,4,4,4,4
GEN24_28896,4,4,4,4
GEN24_28900,4,4,4,4
GEN24_28903,4,4,4,4
GEN24_28904,4,4,4,4
GEN24_28907,4,4,4,4
GEN24_28922,4,4,4,4
GEN24_28937,4,4,4,4
GEN24_28940,4,4,4,4
GEN24_28941,4,4,4,4
GEN24_28942,4,4,4,4
GEN24_28945,4,4,4,4
GEN24_28956,3,4,4,4
GEN24_28958,4,4,4,4
GEN24_28960,4,4,4,3
GEN24_28965,4,4,4,4
GEN24_28976,4,4,4,3
GEN24_28978,4,4,4,4
GEN24_28990,3,4,3,3
GEN24_28996,4,4,4,4
GEN24_29009,4,4,4,4
GEN24_29014,4,4,4,4
GEN24_29015,4,4,4,4
GEN24_29017,4,4,4,4
GEN24_29018,4,4,4,4
GEN24_29021,4,4,3,4
GEN24_29022,4,4,4,4
GEN24_29026,4,4,4,4
GEN24_29032,4,4,4,4
GEN24_29035,4,4,4,4
GEN24_29037,4,4,4,4
GEN24_29038,4,4,4,4
GEN24_29040,3,3,4,4
GEN24_29041,4,4,4,4
GEN24_29042,4,4,4,4
GEN24_29047,4,4,4,4
GEN24_29049,4,4,4,4
GEN24_29055,4,4,4,4
GEN24_29058,4,4,2,3
GEN24_29063,4,4,4,4
GEN24_29065,4,4,4,4
GEN24_29072,4,4,4,4
GEN24_29079,4,4,4,4
GEN24_29086,4,4,4,4
GEN24_29088,4,3,4,4
GEN24_29093,4,4,4,4
GEN24_29094,4,4,4,4
GEN24_29096,4,4,4,4
GEN24_29097,4,4,4,4
GEN24_29102,4,3,4,4
GEN24_29103,4,4,4,4
GEN24_29111,4,4,4,4
GEN24_29112,4,4,4,4
GEN24_29119,4,4,4,4
GEN24_29131,4,4,4,4
GEN24_29148,4,4,4,4
GEN24_29149,4,4,3,4
GEN24_29157,4,2,4,4
GEN24_29163,3,4,3,4
GEN24_29170,4,4,4,4
GEN24_29176,4,4,4,4
GEN24_29190,4,4,4,4
GEN24_29191,4,4,4,4
GEN24_29196,4,4,4,4
GEN24_29202,4,4,4,4
GEN24_29217,4,4,4,4
GEN24_29219,4,4,4,4
GEN24_29225,4,4,3,3
GEN24_29230,4,4,4,4
GEN24_29235,4,4,4,4
GEN24_29236,4,4,4,4
GEN24_29238,3,4,4,4
GEN24_29242,4,4,4,4
GEN24_29260,4,4,4,4
GEN24_29262,4,4,4,4
GEN24_29265,4,4,4,4
GEN24_29269,4,4,3,4
GEN24_29275,4,4,4,4
GEN24_29278,4,4,4,4
GEN24_29279,4,4,4,4
GEN24_29280,4,4,4,4
GEN24_29284,4,4,4,4
GEN24_29286,4,4,4,3
GEN24_29295,4,4,4,4
GEN24_29309,4,4,4,4
GEN24_29313,4,4,4,4
GEN24_29318,4,3,4,4
GEN24_29342,3,3,4,4
GEN24_29350,4,4,4,4
GEN24_29358,4,4,4,4
GEN24_29360,3,4,4,4
GEN24_29371,4,4,4,4
GEN24_29374,4,4,4,4
GEN24_29375,4,4,4,4
GEN24_29381,4,4,4,4
GEN24_29389,4,4,4,4
GEN24_29394,4,4,4,4
GEN24_29395,4,4,4,4
GEN24_29404,4,4,4,4
GEN24_29406,4,4,4,4
GEN24_29414,4,4,4,4
GEN24_29415,4,4,4,4
GEN24_29447,4,4,4,3
GEN24_29448,4,4,4,4
GEN24_29460,4,4,4,4
GEN24_29466,4,4,4,4
GEN24_29478,4,4,4,4
GEN24_29483,4,4,4,4
GEN24_29485,4,4,4,4
GEN24_29493,4,4,4,4
GEN24_29497,4,3,4,4
GEN24_29499,4,4,4,4
GEN24_29501,4,4,4,4
GEN24_29505,4,4,4,4
GEN24_29507,3,3,3,4
GEN24_29508,4,3,4,4
GEN24_29518,3,4,4,3
GEN24_29542,4,4,4,4
GEN24_29543,4,4,4,4
GEN24_29555,4,4,4,4
GEN24_29560,4,4,4,4
GEN24_29563,4,4,4,4
GEN24_29565,4,4,4,4
GEN24_29566,4,4,4,4
GEN24_29577,4,4,4,4
GEN24_29581,4,4,4,4
GEN24_29586,4,4,4,4
GEN24_29588,4,4,4,4
GEN24_29595,4,4,4,4
GEN24_29605,4,4,4,3
GEN24_29607,4,4,4,4
GEN24_29622,4,4,4,4
GEN24_29625,4,4,4,4
GEN24_29637,4,4,4,4
GEN24_29639,4,4,4,4
GEN24_29641,4,4,4,4
GEN24_29642,4,4,3,4
GEN24_29658,4,4,4,4
GEN24_29660,3,3,3,4
GEN24_29677,4,4,4,4
GEN24_29685,4,4,4,4
GEN24_29686,4,4,4,4
GEN24_29687,4,4,3,3
GEN24_29695,4,4,4,4
GEN24_29697,4,4,4,4
GEN24_29700,4,4,4,4
GEN24_29701,4,4,3,4
GEN24_29702,4,3,4,3
GEN24_29703,4,4,4,4
GEN24_29718,4,4,4,4
GEN24_29722,4,4,4,4
GEN24_29726,4,3,4,3
GEN24_29749,4,4,4,3
GEN24_29751,4,4,4,4
GEN24_29756,4,4,4,4
GEN24_29759,4,4,4,4
GEN24_29764,4,4,4,4
GEN24_29765,4,4,4,4
GEN24_29772,4,4,4,4
GEN24_29774,4,4,4,4
GEN24_29776,4,3,4,3
GEN24_29795,4,4,4,4
GEN24_29799,4,4,4,4
GEN24_29819,4,4,4,4
GEN24_29823,4,4,4,4
GEN24_29827,4,4,4,4
GEN24_29830,4,4,4,4
GEN24_29840,4,4,4,4
GEN24_29845,4,4,4,4
GEN24_29859,4,3,4,4
GEN24_29863,4,4,4,4
GEN24_29869,4,4,4,4
GEN24_29873,4,4,4,4
GEN24_29875,4,4,4,4
GEN24_29886,4,4,4,4
GEN24_29892,4,4,4,4
GEN24_29907,4,4,4,4
GEN24_29909,4,4,4,4
GEN24_29918,4,4,4,4
GEN24_29928,4,4,4,4
GEN24_29933,4,4,4,4
GEN24_29935,4,4,4,4
GEN24_29941,4,4,3,3
GEN24_29951,4,3,3,3
GEN24_29956,4,4,4,4
GEN24_29964,4,4,4,4
GEN24_29977,4,3,4,4
GEN24_29982,4,4,4,4
GEN24_29983,4,4,4,4
GEN24_30003,4,4,4,4
GEN24_30005,4,4,4,4
GEN24_30011,4,4,4,4
GEN24_30020,4,4,4,4
GEN24_30026,4,4,4,4
GEN24_30038,4,4,4,4
GEN24_30040,4,4,4,4
GEN24_30049,4,4,4,4
GEN24_30051,4,4,3,3
GEN24_30059,4,4,4,4
GEN24_30060,4,4,4,4
GEN24_30065,3,3,4,4
GEN24_30069,4,4,4,4
GEN24_30070,4,4,4,4
GEN24_30083,4,4,4,4
GEN24_30087,4,4,4,4
GEN24_30088,4,4,4,4
GEN24_30091,4,4,4,4
GEN24_30096,4,4,4,4
GEN24_30099,2,4,3,4
GEN24_30107,4,4,4,4
GEN24_30130,4,4,4,4
GEN24_30144,4,4,4,4
GEN24_30150,4,4,3,4
GEN24_30152,4,4,4,4
GEN24_30156,4,4,4,4
GEN24_30184,4,4,4,3
GEN24_30193,4,4,4,4
GEN24_30199,4,3,3,4
GEN24_30204,4,4,4,4
GEN24_30219,4,4,4,4
GEN24_30224,3,3,4,3
GEN24_30228,4,4,4,4
GEN24_30246,4,4,4,4
GEN24_30248,4,4,3,4
GEN24_30257,4,4,4,4
GEN24_30266,4,4,4,4
GEN24_30269,4,4,4,4
GEN24_30274,4,4,4,4
GEN24_30284,4,4,4,3
GEN24_30294,4,4,4,4
GEN24_30295,4,4,4,4
GEN24_30296,4,4,4,4
GEN24_30298,4,4,4,4
GEN24_30307,4,4,4,4
GEN24_30308,4,4,4,4
GEN24_30314,4,4,4,4
GEN24_30319,4,4,4,4
GEN24_30330,4,4,4,4
GEN24_30331,4,4,4,4
GEN24_30334,4,4,4,4
GEN24_30338,4,4,4,4
GEN24_30346,4,4,4,4
GEN24_30347,4,4,4,4
GEN24_30348,4,4,4,4
GEN24_30352,4,4,4,4
GEN24_30354,4,4,4,3
GEN24_30371,4,4,4,4
GEN24_30375,4,4,4,4
GEN24_30376,3,4,4,4
GEN24_30381,4,4,4,4
GEN24_30382,4,3,4,4
GEN24_30385,4,4,4,4
GEN24_30398,4,3,4,4
GEN24_30405,4,4,4,4
GEN24_30415,4,4,4,4
GEN24_30425,4,4,4,4
GEN24_30429,4,4,4,4
GEN24_30432,4,4,4,4
GEN24_30433,4,4,4,4
GEN24_30437,4,4,4,4
GEN24_30438,4,4,4,4
GEN24_30439,4,4,4,3
GEN24_30464,4,4,4,3
GEN24_30465,4,4,4,4
GEN24_30475,4,4,4,4
GEN24_30478,4,4,4,4
GEN24_30488,4,4,4,4
GEN24_30489,4,4,4,4
GEN24_30500,4,4,4,3
GEN24_30505,4,4,4,3
GEN24_30511,4,4,4,4
GEN24_30515,4,4,4,4
GEN24_30516,4,3,4,4
GEN24_30518,4,4,4,4
GEN24_30529,4,4,3,4
GEN24_30530,4,4,4,4
GEN24_30533,4,4,4,4
GEN24_30535,4,4,4,4
GEN24_30537,4,4,4,4
GEN24_30540,4,4,4,4
GEN24_30541,4,4,4,4
GEN24_30542,4,4,4,4
GEN24_30547,4,4,3,4
GEN24_30550,4,4,4,4
GEN24_30567,4,4,4,4
GEN24_30584,4,4,4,4
GEN24_30587,4,4,4,4
GEN24_30594,4,4,4,4
GEN24_30610,4,4,4,4
GEN24_30615,4,4,2,4
GEN24_30624,4,4,4,4
GEN24_30638,3,4,4,4
GEN24_30640,4,4,4,4
GEN24_30646,4,4,4,4
GEN24_30651,4,4,4,4
GEN24_30655,4,4,4,4
GEN24_30661,4,4,4,4
GEN24_30669,4,4,4,4
GEN24_30678,4,4,4,4
GEN24_30700,4,4,4,4
GEN24_30711,4,4,4,4
GEN24_30717,4,4,2,4
GEN24_30720,4,2,4,4
GEN24_30721,4,4,4,4
GEN24_30730,4,3,4,4
GEN24_30733,4,4,4,4
GEN24_30735,4,3,4,3
GEN24_30738,4,4,4,4
GEN24_30740,4,4,4,4
GEN24_30747,4,4,4,4
GEN24_30755,4,4,4,4
GEN24_30762,4,4,4,4
GEN24_30764,4,4,4,4
GEN24_30765,4,4,4,4
GEN24_30773,4,4,4,4
GEN24_30777,4,4,4,4
GEN24_30781,4,4,4,4
GEN24_30783,4,4,4,4
GEN24_30787,4,4,4,4
GEN24_30788,4,4,4,4
GEN24_30796,4,4,4,4
GEN24_30803,4,4,4,4
GEN24_30805,4,3,4,4
GEN24_30807,4,4,4,4
GEN24_30813,4,4,4,4
GEN24_30815,4,4,4,4
GEN24_30820,4,4,4,4
GEN24_30821,4,4,4,4
GEN24_30825,4,4,4,4
GEN24_30832,4,3,4,4
GEN24_30837,4,4,4,4
GEN24_30839,4,4,4,4
GEN24_30848,4,4,4,3
GEN24_30882,4,4,4,3
GEN24_30884,4,4,4,4
GEN24_30907,4,4,4,3
GEN24_30910,4,4,4,4
GEN24_30912,4,4,4,4
GEN24_30922,4,4,4,4
GEN24_30923,4,4,4,4
GEN24_30927,4,4,4,4
GEN24_30931,4,4,4,4
GEN24_30943,4,4,4,4
GEN24_30951,4,4,4,4
GEN24_30952,3,4,4,4
GEN24_30953,4,4,4,4
GEN24_30965,4,4,4,4
GEN24_30970,4,4,4,4
GEN24_30977,4,4,4,4
GEN24_30988,4,4,4,4
GEN24_31007,4,4,4,4
GEN24_31013,4,4,4,4
GEN24_31016,4,4,4,4
GEN24_31022,3,3,4,4
GEN24_31023,4,4,4,4
GEN24_31032,4,4,4,4
GEN24_31047,4,4,3,4
GEN24_31049,4,4,4,2
GEN24_31053,4,4,4,4
GEN24_31062,4,4,3,3
GEN24_31064,4,4,4,4
GEN24_31065,4,4,4,4
GEN24_31076,4,4,4,4
GEN24_31077,4,4,3,4
GEN24_31086,4,4,4,4
GEN24_31088,4,4,3,3
GEN24_31095,4,4,4,4
GEN24_31101,4,4,4,4
GEN24_31105,4,3,4,3
GEN24_31113,4,4,4,4
GEN24_31116,4,4,4,4
GEN24_31131,4,4,3,4
GEN24_31151,4,4,4,4
GEN24_31153,4,4,4,4
GEN24_31154,4,4,4,4
GEN24_31155,4,4,4,3
GEN24_31158,4,4,4,4
GEN24_31167,4,4,4,4
GEN24_31171,4,4,4,4
GEN24_31173,4,4,4,4
GEN24_31181,4,4,4,4
GEN24_31184,4,4,4,4
GEN24_31189,4,4,4,4
GEN24_31193,4,4,4,3
GEN24_31201,4,4,4,4
GEN24_31206,4,4,4,4
GEN24_31207,4,4,3,4
GEN24_31209,4,4,4,4
GEN24_31210,4,4,4,4
GEN24_31213,4,4,4,4
GEN24_31219,4,4,4,3
GEN24_31223,4,4,4,4
GEN24_31225,4,4,4,4
GEN24_31226,4,3,3,4
GEN24_31227,4,4,4,4
GEN24_31239,4,4,3,4
GEN24_31241,4,4,4,4
GEN24_31252,4,4,4,4
GEN24_31261,4,4,4,3
GEN24_31264,4,2,3,3
GEN24_31268,4,4,4,4
GEN24_31276,4,4,4,4
GEN24_31282,4,3,3,2
GEN24_31298,4,4,4,4
GEN24_31300,4,4,4,4
GEN24_31307,4,4,4,4
GEN24_31321,4,4,4,4
GEN24_31323,4,4,4,4
GEN24_31344,4,4,4,4
GEN24_31350,4,4,4,4
GEN24_31353,4,4,4,4
GEN24_31355,4,4,4,4
GEN24_31358,4,4,4,4
GEN24_31366,4,4,4,4
GEN24_31367,4,4,4,4
GEN24_31377,4,4,4,4
GEN24_31385,4,4,3,4
GEN24_31388,4,4,4,4
GEN24_31400,4,4,4,4
GEN24_31401,4,4,4,4
GEN24_31414,3,3,3,3
GEN24_31415,4,4,4,4
GEN24_31427,4,4,4,4
GEN24_31438,4,4,4,4
GEN24_31443,4,4,4,4
GEN24_31468,4,3,4,4
GEN24_31476,4,4,4,4
GEN24_31477,4,4,4,4
GEN24_31482,4,4,4,4
GEN24_31483,4,4,4,4
GEN24_31485,4,4,4,4
GEN24_31488,4,4,4,4
GEN24_31489,4,4,4,4
GEN24_31496,4,4,4,4
GEN24_31509,4,4,4,4
GEN24_31510,4,4,4,4
GEN24_31515,4,4,4,4
GEN24_31519,3,4,4,4
GEN24_31522,4,4,4,4
GEN24_31536,4,4,4,4
GEN24_31543,4,3,4,3
GEN24_31560,4,4,4,4
GEN24_31573,4,4,4,4
GEN24_31576,4,4,3,4
GEN24_31581,4,4,4,4
GEN24_31596,4,4,4,4
GEN24_31603,4,4,4,4
GEN24_31610,4,4,4,4
GEN24_31612,4,3,3,3
GEN24_31622,4,4,4,4
GEN24_31626,4,4,4,4
GEN24_31631,4,4,4,4
GEN24_31644,4,3,4,4
GEN24_31649,4,4,3,4
GEN24_31661,4,4,4,4
GEN24_31670,4,4,4,3
GEN24_31672,4,4,4,4
GEN24_31675,4,4,4,4
GEN24_31677,4,4,4,4
GEN24_31680,4,4,4,4
GEN24_31688,4,4,4,4
GEN24_31691,4,4,4,4
GEN24_31697,4,4,4,4
GEN24_31708,4,4,4,4
GEN24_31715,4,4,4,4
GEN24_31716,4,4,4,3
GEN24_31717,4,4,4,4
GEN24_31730,3,4,4,3
GEN24_31739,4,4,4,4
GEN24_31742,4,4,4,4
GEN24_31749,4,4,4,4
GEN24_31751,4,4,4,4
GEN24_31754,4,4,4,4
GEN24_31772,4,4,4,4
GEN24_31773,4,4,4,4
GEN24_31775,4,4,4,3
GEN24_31794,4,4,4,4
GEN24_31795,4,4,3,4
GEN24_31805,4,4,4,4
GEN24_31814,4,4,4,4
GEN24_31816,4,3,4,4
GEN24_31825,4,4,4,4
GEN24_31854,4,4,4,3
GEN24_31886,4,4,4,4
GEN24_31901,4,4,4,4
GEN24_31903,4,4,4,4
GEN24_31906,4,4,4,4
GEN24_31915,4,4,4,4
GEN24_31919,3,4,3,3
GEN24_31933,4,4,4,4
GEN24_31936,4,4,4,4
GEN24_31940,4,4,4,4
GEN24_31943,4,3,4,4
GEN24_31945,4,4,4,4
GEN24_31955,4,2,4,3
GEN24_31958,4,4,4,4
GEN24_31979,4,4,4,4
GEN24_31980,4,4,4,4
GEN24_31992,4,4,4,4
GEN24_31998,4,4,4,4
GEN24_32003,4,4,4,4
GEN24_32005,4,4,4,4
GEN24_32007,4,4,4,4
GEN24_32008,4,4,4,4
GEN24_32010,4,4,4,4
GEN24_32012,4,4,4,4
GEN24_32015,4,4,4,4
GEN24_32017,4,4,4,3
GEN24_32026,4,4,4,4
GEN24_32027,4,4,4,4
GEN24_32034,4,4,4,4
GEN24_32035,4,3,4,4
GEN24_32051,4,4,4,4
GEN24_32058,4,4,4,4
GEN24_32062,1,1,1,1
GEN24_32063,4,4,4,4
GEN24_32064,4,4,4,4
GEN24_32066,4,4,4,4
GEN24_32068,4,4,3,4
GEN24_32073,4,4,4,4
GEN24_32074,4,4,4,4
GEN24_32082,4,4,4,4
GEN24_32086,4,4,4,3
GEN24_32088,4,4,4,4
GEN24_32109,4,3,4,4
GEN24_32114,4,4,4,4
GEN24_32118,4,4,4,4
GEN24_32124,4,4,4,4
GEN24_32135,4,4,4,4
GEN24_32140,4,4,4,4
GEN24_32142,4,4,4,4
GEN24_32148,4,4,4,4
GEN24_32163,3,4,3,3
GEN24_32167,4,1,4,4
GEN24_32169,4,4,4,4
GEN24_32175,4,4,4,4
GEN24_32184,4,4,4,4
GEN24_32186,4,4,4,4
GEN24_32189,4,4,4,4
GEN24_32191,4,4,4,4
GEN24_32205,4,4,4,4
GEN24_32247,4,4,4,1
GEN24_32257,4,4,4,4
GEN24_32280,3,4,4,3
GEN24_32290,4,4,4,4
GEN24_32309,4,4,4,4
GEN24_32332,2,3,3,3
GEN24_32342,4,4,4,4
GEN24_32344,4,4,3,4
GEN24_32383,4,4,4,4
GEN24_32396,4,4,4,4
GEN24_32404,4,4,4,4
GEN24_32427,4,4,4,4
GEN24_32452,4,4,4,4
GEN24_32468,4,4,4,4
GEN24_32490,4,4,4,4
GEN24_32551,4,4,4,4
GEN24_32556,4,4,4,4
GEN24_32580,4,4,4,4
GEN24_32596,4,4,4,4
GEN24_32654,4,3,4,4
GEN24_32680,4,4,4,4
GEN24_32685,4,4,4,4
GEN24_32687,4,4,4,4
GEN24_32708,4,4,4,4
GEN24_32773,4,4,2,4
GEN24_32823,4,4,4,4
GEN24_32841,4,4,3,4
GEN24_32842,4,4,4,4
GEN24_32867,4,3,4,4
GEN24_32874,4,4,4,4
GEN24_32902,4,4,4,4
GEN24_32910,4,4,4,4
GEN24_32923,4,4,4,4
GEN24_32935,4,4,4,4
GEN24_32947,4,4,4,4
GEN24_32949,4,4,4,3
GEN24_32974,4,4,4,4
GEN24_32979,4,4,4,4
GEN24_32980,4,4,4,4
GEN24_32985,4,4,4,4
GEN24_33022,4,4,4,4
GEN24_33048,2,4,4,4
GEN24_33067,4,4,4,4
GEN24_33078,4,3,4,3
GEN24_33084,4,4,4,4
GEN24_33115,4,4,4,4
Gen2_10067,4,3,4,4
Gen2_10070,4,4,4,4
Gen2_10077,4,4,4,4
Gen2_10078,4,4,3,4
Gen2_10081,3,4,4,2
Gen2_10085,4,4,4,4
Gen2_10106,4,4,4,4
Gen2_1012,4,4,4,4
Gen2_10122,4,4,4,4
Gen2_10127,4,4,4,4
Gen2_10129,4,4,2,4
Gen2_10137,4,4,4,4
Gen2_10143,4,4,4,4
Gen2_10145,4,4,4,4
Gen2_10150,4,4,4,4
Gen2_10159,4,4,4,4
Gen2_10166,4,3,2,3
Gen2_10175,4,4,4,4
Gen2_10180,4,3,3,4
Gen2_10183,4,4,4,4
Gen2_10184,4,4,4,4
Gen2_10186,4,4,4,4
Gen2_102,4,4,4,4
Gen2_10212,4,4,3,4
Gen2_10216,4,4,4,4
Gen2_10217,4,4,4,4
Gen2_10223,4,4,4,4
Gen2_10232,4,4,4,4
Gen2_10234,4,4,4,4
Gen2_10235,4,4,4,4
Gen2_10246,4,4,4,4
Gen2_10249,4,4,4,4
Gen2_10258,4,4,3,4
Gen2_10261,4,4,4,4
Gen2_10263,4,4,4,4
Gen2_10281,4,4,4,4
Gen2_10284,4,4,4,4
Gen2_10288,1,4,4,4
Gen2_10292,4,4,4,4
Gen2_10307,4,4,4,4
Gen2_10324,4,4,4,2
Gen2_10332,4,4,4,3
Gen2_10336,4,4,4,3
Gen2_10337,4,4,3,4
Gen2_10346,4,4,4,4
Gen2_10350,4,4,3,3
Gen2_10375,4,4,4,4
Gen2_10391,4,4,4,4
Gen2_10423,4,4,4,4
Gen2_10446,4,4,4,4
Gen2_10451,4,4,4,4
Gen2_10456,4,4,3,4
Gen2_10470,4,4,4,4
Gen2_10479,4,4,4,3
Gen2_10504,3,4,3,3
Gen2_10511,4,4,4,4
Gen2_10534,4,4,3,3
Gen2_10536,4,4,4,4
Gen2_10540,4,4,4,4
Gen2_10553,4,4,4,3
Gen2_10555,4,4,4,4
Gen2_10558,4,4,4,4
Gen2_10560,4,4,4,4
Gen2_10572,4,4,4,4
Gen2_10574,4,4,4,4
Gen2_10586,4,4,4,4
Gen2_10588,4,4,4,4
Gen2_10600,4,3,4,2
Gen2_10603,4,4,4,4
Gen2_10606,4,3,3,4
Gen2_10615,4,4,4,4
Gen2_10618,4,4,4,4
Gen2_10624,4,4,4,4
Gen2_10662,4,4,4,4
Gen2_10665,4,4,4,4
Gen2_10669,4,4,4,3
Gen2_10673,4,4,4,4
Gen2_10708,4,4,4,4
Gen2_10725,4,4,3,3
Gen2_10731,4,4,4,4
Gen2_10750,4,4,4,4
Gen2_10755,4,4,3,4
Gen2_10762,4,4,4,4
Gen2_10763,4,4,4,4
Gen2_10765,4,4,4,4
Gen2_10769,4,4,4,4
Gen2_10779,4,4,4,4
Gen2_10802,4,4,4,4
Gen2_10815,4,4,4,4
Gen2_10822,4,4,4,4
Gen2_10826,4,4,4,4
Gen2_10832,4,4,2,4
Gen2_10837,4,4,4,4
Gen2_10839,4,4,4,4
Gen2_10843,4,4,4,4
Gen2_10851,4,4,4,4
Gen2_10854,4,4,3,3
Gen2_10874,4,4,4,4
Gen2_10875,4,4,4,4
Gen2_10876,4,4,4,4
Gen2_10879,4,4,4,4
Gen2_10880,4,4,4,3
Gen2_10881,4,4,4,4
Gen2_10885,4,4,4,4
Gen2_10895,4,4,4,4
Gen2_10901,4,4,4,4
Gen2_10907,4,4,4,4
Gen2_10909,4,4,4,4
Gen2_10910,4,4,4,4
Gen2_10911,4,4,4,4
Gen2_10913,4,4,4,4
Gen2_10931,4,4,4,4
Gen2_10935,4,4,4,4
Gen2_10947,4,4,4,4
Gen2_10951,4,4,4,4
Gen2_10958,4,4,4,4
Gen2_10968,4,4,4,4
Gen2_10992,4,4,4,4
Gen2_10994,4,3,4,4
Gen2_11005,4,4,4,4
Gen2_11012,4,4,4,4
Gen2_11049,4,4,4,4
Gen2_11083,4,4,4,4
Gen2_11090,4,4,4,4
Gen2_11091,4,3,4,3
Gen2_11096,4,4,4,4
Gen2_11102,4,4,4,4
Gen2_1111,4,3,4,4
Gen2_11114,4,4,4,4
Gen2_11118,4,4,4,4
Gen2_11122,4,4,4,4
Gen2_11127,4,4,4,4
Gen2_11130,4,4,4,4
Gen2_11136,4,4,4,4
Gen2_11139,4,4,3,4
Gen2_11152,4,4,4,4
Gen2_11153,4,4,4,4
Gen2_11154,4,4,4,4
Gen2_11159,4,4,4,4
Gen2_11167,4,3,4,3
Gen2_11170,4,4,4,4
Gen2_11181,4,4,4,4
Gen2_11192,4,4,4,4
Gen2_11199,4,4,4,4
Gen2_11208,4,4,4,3
Gen2_11217,4,4,4,4
Gen2_11224,4,4,4,4
Gen2_11231,4,4,4,3
Gen2_11245,4,4,4,4
Gen2_11257,4,4,4,3
Gen2_11274,4,4,4,4
Gen2_11284,4,4,4,4
Gen2_113,4,4,4,4
Gen2_11319,4,4,4,4
Gen2_11327,3,4,4,4
Gen2_11331,4,4,3,3
Gen2_11333,4,4,4,4
Gen2_11337,4,4,4,4
Gen2_11338,4,4,4,4
Gen2_11346,4,4,4,4
Gen2_11348,4,3,3,4
Gen2_11359,4,4,4,4
Gen2_11362,4,4,4,4
Gen2_11387,4,4,4,4
Gen2_11402,4,4,4,4
Gen2_11412,4,4,4,4
Gen2_11416,4,4,4,4
Gen2_11421,4,4,4,4
Gen2_11428,4,4,4,4
Gen2_11429,4,4,4,4
Gen2_11430,4,4,4,4
Gen2_11437,4,4,4,4
Gen2_11450,4,4,4,4
Gen2_11501,4,4,4,4
Gen2_11521,4,3,4,4
Gen2_11534,4,4,4,4
Gen2_11539,4,4,4,4
Gen2_11542,4,4,4,4
Gen2_11543,4,4,4,4
Gen2_11545,4,4,4,4
Gen2_11554,4,4,4,4
Gen2_11556,4,4,4,4
Gen2_11573,4,4,4,4
Gen2_11592,4,4,4,4
Gen2_11601,4,4,4,4
Gen2_1161,4,4,4,4
Gen2_11622,4,4,4,4
Gen2_11626,4,4,4,4
Gen2_11632,4,3,4,4
Gen2_11633,4,4,4,4
Gen2_11637,2,4,4,4
Gen2_11638,4,4,4,4
Gen2_11643,4,4,4,4
Gen2_11645,4,4,3,4
Gen2_11649,4,4,4,4
Gen2_11650,4,4,4,4
Gen2_11656,4,4,4,4
Gen2_11659,4,4,4,3
Gen2_11672,4,4,4,4
Gen2_11678,4,4,4,4
Gen2_11680,4,4,4,4
Gen2_11684,4,4,4,4
Gen2_11692,4,4,4,4
Gen2_11707,4,4,4,4
Gen2_11718,4,4,4,4
Gen2_11723,4,4,4,4
Gen2_11725,4,4,4,4
Gen2_11735,3,4,4,4
Gen2_11736,3,4,4,3
Gen2_11742,4,4,4,4
Gen2_11744,4,4,3,4
Gen2_11753,4,4,4,4
Gen2_11760,4,4,3,4
Gen2_11761,4,3,3,3
Gen2_11762,4,4,4,4
Gen2_11771,4,4,4,4
Gen2_11772,4,4,4,4
Gen2_11782,4,4,4,4
Gen2_11788,4,4,4,4
Gen2_11791,4,4,4,4
Gen2_11796,4,4,4,4
Gen2_11798,4,4,3,4
Gen2_11812,4,4,4,4
Gen2_11822,4,4,4,4
Gen2_11825,4,4,4,3
Gen2_11826,4,4,4,4
Gen2_11840,4,4,4,4
Gen2_11847,4,4,4,4
Gen2_11878,4,3,4,3
Gen2_11886,4,4,4,4
Gen2_11888,4,4,4,4
Gen2_11895,4,4,4,4
Gen2_11896,4,4,4,4
Gen2_11898,4,4,4,4
Gen2_11903,4,4,4,4
Gen2_11905,4,4,4,4
Gen2_11908,4,4,4,4
Gen2_11909,4,4,4,4
Gen2_11919,4,4,4,4
Gen2_11927,4,4,4,4
Gen2_11928,4,4,4,4
Gen2_11930,4,4,4,4
Gen2_11935,4,4,4,4
Gen2_11939,4,4,4,4
Gen2_11965,4,4,4,2
Gen2_11968,4,4,4,4
Gen2_11970,4,4,4,4
Gen2_11979,4,4,4,4
Gen2_11990,4,4,4,3
Gen2_11993,4,4,4,4
Gen2_12003,4,4,4,4
Gen2_12013,4,4,4,4
Gen2_12015,4,4,4,4
Gen2_12016,4,4,4,4
Gen2_12022,4,4,3,4
Gen2_12024,4,4,4,4
Gen2_12031,4,4,4,4
Gen2_12033,4,4,4,4
Gen2_12040,4,4,4,4
Gen2_12043,4,4,4,4
Gen2_12045,4,4,4,4
Gen2_12052,4,4,4,4
Gen2_1266,4,4,4,3
Gen2_1268,4,4,4,4
Gen2_1299,4,4,4,4
Gen2_1355,4,4,4,4
Gen2_1370,4,4,4,4
Gen2_1409,4,3,4,4
Gen2_1468,4,4,4,4
Gen2_152,4,4,4,4
Gen2_1524,4,4,4,4
Gen2_1574,4,2,4,3
Gen2_1603,3,4,4,4
Gen2_1605,4,4,4,4
Gen2_1614,4,4,4,4
Gen2_1658,4,4,4,4
Gen2_1693,4,4,4,4
Gen2_1699,4,4,4,4
Gen2_1701,4,4,4,4
Gen2_1764,4,4,4,4
Gen2_1776,4,4,4,4
Gen2_1837,4,4,4,4
Gen2_1881,4,4,4,4
Gen2_1899,4,4,4,4
Gen2_1909,4,4,4,4
Gen2_1916,3,4,4,4
Gen2_1994,4,4,4,4
Gen2_1998,4,4,4,4
Gen2_2029,4,4,4,4
Gen2_220,4,4,4,4
Gen2_2275,4,4,4,4
Gen2_2390,4,4,4,4
Gen2_269,4,4,4,4
Gen2_45,4,4,4,4
Gen2_591,4,4,4,4
Gen2_663,4,4,4,3
Gen2_684,4,4,4,4
Gen2_78,4,4,4,4
Gen2_83,4,4,4,4
Gen2_85,4,4,4,4
Gen2_94,4,4,4,4
